address	type	name	full_name	namespace	source	primary	external	external_entry
EXTERNAL:00000001	Function	__dllonexit	MSVCRT.DLL::__dllonexit	MSVCRT.DLL	IMPORTED	true	true	false
EXTERNAL:00000002	Function	_wcsicmp	MSVCRT.DLL::_wcsicmp	MSVCRT.DLL	IMPORTED	true	true	false
EXTERNAL:00000003	Function	wcsncpy	MSVCRT.DLL::wcsncpy	MSVCRT.DLL	IMPORTED	true	true	false
EXTERNAL:00000004	Function	wcscmp	MSVCRT.DLL::wcscmp	MSVCRT.DLL	IMPORTED	true	true	false
EXTERNAL:00000005	Function	wcsncmp	MSVCRT.DLL::wcsncmp	MSVCRT.DLL	IMPORTED	true	true	false
EXTERNAL:00000006	Function	__CxxFrameHandler	MSVCRT.DLL::__CxxFrameHandler	MSVCRT.DLL	IMPORTED	true	true	false
EXTERNAL:00000007	Function	_wsplitpath	MSVCRT.DLL::_wsplitpath	MSVCRT.DLL	IMPORTED	true	true	false
EXTERNAL:00000008	Function	_wcsnicmp	MSVCRT.DLL::_wcsnicmp	MSVCRT.DLL	IMPORTED	true	true	false
EXTERNAL:00000009	Function	towlower	MSVCRT.DLL::towlower	MSVCRT.DLL	IMPORTED	true	true	false
EXTERNAL:0000000a	Function	__unDName	MSVCRT.DLL::__unDName	MSVCRT.DLL	IMPORTED	true	true	false
EXTERNAL:0000000b	Function	fclose	MSVCRT.DLL::fclose	MSVCRT.DLL	IMPORTED	true	true	false
EXTERNAL:0000000c	Function	wcstol	MSVCRT.DLL::wcstol	MSVCRT.DLL	IMPORTED	true	true	false
EXTERNAL:0000000d	Function	_CxxThrowException	MSVCRT.DLL::_CxxThrowException	MSVCRT.DLL	IMPORTED	true	true	false
EXTERNAL:0000000e	Function	bsearch	MSVCRT.DLL::bsearch	MSVCRT.DLL	IMPORTED	true	true	false
EXTERNAL:0000000f	Function	_snwprintf	MSVCRT.DLL::_snwprintf	MSVCRT.DLL	IMPORTED	true	true	false
EXTERNAL:00000010	Function	fread	MSVCRT.DLL::fread	MSVCRT.DLL	IMPORTED	true	true	false
EXTERNAL:00000011	Function	fseek	MSVCRT.DLL::fseek	MSVCRT.DLL	IMPORTED	true	true	false
EXTERNAL:00000012	Function	_wfopen	MSVCRT.DLL::_wfopen	MSVCRT.DLL	IMPORTED	true	true	false
EXTERNAL:00000013	Function	fopen	MSVCRT.DLL::fopen	MSVCRT.DLL	IMPORTED	true	true	false
EXTERNAL:00000014	Label	_osver	MSVCRT.DLL::_osver	MSVCRT.DLL	IMPORTED	true	true	false
EXTERNAL:00000015	Function	_mbsnbcpy	MSVCRT.DLL::_mbsnbcpy	MSVCRT.DLL	IMPORTED	true	true	false
EXTERNAL:00000016	Function	fflush	MSVCRT.DLL::fflush	MSVCRT.DLL	IMPORTED	true	true	false
EXTERNAL:00000017	Label	_iob	MSVCRT.DLL::_iob	MSVCRT.DLL	IMPORTED	true	true	false
EXTERNAL:00000018	Function	_wmakepath	MSVCRT.DLL::_wmakepath	MSVCRT.DLL	IMPORTED	true	true	false
EXTERNAL:00000019	Function	wcsrchr	MSVCRT.DLL::wcsrchr	MSVCRT.DLL	IMPORTED	true	true	false
EXTERNAL:0000001a	Function	wcscpy	MSVCRT.DLL::wcscpy	MSVCRT.DLL	IMPORTED	true	true	false
EXTERNAL:0000001b	Function	_wcsdup	MSVCRT.DLL::_wcsdup	MSVCRT.DLL	IMPORTED	true	true	false
EXTERNAL:0000001c	Function	ftell	MSVCRT.DLL::ftell	MSVCRT.DLL	IMPORTED	true	true	false
EXTERNAL:0000001d	Function	_wgetenv	MSVCRT.DLL::_wgetenv	MSVCRT.DLL	IMPORTED	true	true	false
EXTERNAL:0000001e	Function	_mbsicmp	MSVCRT.DLL::_mbsicmp	MSVCRT.DLL	IMPORTED	true	true	false
EXTERNAL:0000001f	Function	_access	MSVCRT.DLL::_access	MSVCRT.DLL	IMPORTED	true	true	false
EXTERNAL:00000020	Function	_fullpath	MSVCRT.DLL::_fullpath	MSVCRT.DLL	IMPORTED	true	true	false
EXTERNAL:00000021	Function	_fsopen	MSVCRT.DLL::_fsopen	MSVCRT.DLL	IMPORTED	true	true	false
EXTERNAL:00000022	Function	_wfsopen	MSVCRT.DLL::_wfsopen	MSVCRT.DLL	IMPORTED	true	true	false
EXTERNAL:00000023	Function	_sopen	MSVCRT.DLL::_sopen	MSVCRT.DLL	IMPORTED	true	true	false
EXTERNAL:00000024	Function	_wsopen	MSVCRT.DLL::_wsopen	MSVCRT.DLL	IMPORTED	true	true	false
EXTERNAL:00000025	Function	_wfullpath	MSVCRT.DLL::_wfullpath	MSVCRT.DLL	IMPORTED	true	true	false
EXTERNAL:00000026	Function	_read	MSVCRT.DLL::_read	MSVCRT.DLL	IMPORTED	true	true	false
EXTERNAL:00000027	Function	_write	MSVCRT.DLL::_write	MSVCRT.DLL	IMPORTED	true	true	false
EXTERNAL:00000028	Function	_onexit	MSVCRT.DLL::_onexit	MSVCRT.DLL	IMPORTED	true	true	false
EXTERNAL:00000029	Function	_chsize	MSVCRT.DLL::_chsize	MSVCRT.DLL	IMPORTED	true	true	false
EXTERNAL:0000002a	Function	_close	MSVCRT.DLL::_close	MSVCRT.DLL	IMPORTED	true	true	false
EXTERNAL:0000002b	Function	_get_osfhandle	MSVCRT.DLL::_get_osfhandle	MSVCRT.DLL	IMPORTED	true	true	false
EXTERNAL:0000002c	Function	_open_osfhandle	MSVCRT.DLL::_open_osfhandle	MSVCRT.DLL	IMPORTED	true	true	false
EXTERNAL:0000002d	Label	_winminor	MSVCRT.DLL::_winminor	MSVCRT.DLL	IMPORTED	true	true	false
EXTERNAL:0000002e	Label	_winmajor	MSVCRT.DLL::_winmajor	MSVCRT.DLL	IMPORTED	true	true	false
EXTERNAL:0000002f	Function	_mbscmp	MSVCRT.DLL::_mbscmp	MSVCRT.DLL	IMPORTED	true	true	false
EXTERNAL:00000030	Function	_memicmp	MSVCRT.DLL::_memicmp	MSVCRT.DLL	IMPORTED	true	true	false
EXTERNAL:00000031	Function	wcsncat	MSVCRT.DLL::wcsncat	MSVCRT.DLL	IMPORTED	true	true	false
EXTERNAL:00000032	Function	terminate	MSVCRT.DLL::terminate	MSVCRT.DLL	IMPORTED	true	true	false
EXTERNAL:00000033	Function	~type_info	MSVCRT.DLL::type_info::~type_info	MSVCRT.DLL::type_info	IMPORTED	true	true	false
EXTERNAL:00000034	Label	_adjust_fdiv	MSVCRT.DLL::_adjust_fdiv	MSVCRT.DLL	IMPORTED	true	true	false
EXTERNAL:00000035	Function	initterm	MSVCRT.DLL::initterm	MSVCRT.DLL	IMPORTED	true	true	false
EXTERNAL:00000036	Function	time	MSVCRT.DLL::time	MSVCRT.DLL	IMPORTED	true	true	false
EXTERNAL:00000037	Function	memmove	MSVCRT.DLL::memmove	MSVCRT.DLL	IMPORTED	true	true	false
EXTERNAL:00000038	Function	ftol	MSVCRT.DLL::ftol	MSVCRT.DLL	IMPORTED	true	true	false
EXTERNAL:00000039	Function	swprintf	MSVCRT.DLL::swprintf	MSVCRT.DLL	IMPORTED	true	true	false
EXTERNAL:0000003a	Function	calloc	MSVCRT.DLL::calloc	MSVCRT.DLL	IMPORTED	true	true	false
EXTERNAL:0000003b	Function	wcscat	MSVCRT.DLL::wcscat	MSVCRT.DLL	IMPORTED	true	true	false
EXTERNAL:0000003c	Function	_ltoa	MSVCRT.DLL::_ltoa	MSVCRT.DLL	IMPORTED	true	true	false
EXTERNAL:0000003d	Function	_itoa	MSVCRT.DLL::_itoa	MSVCRT.DLL	IMPORTED	true	true	false
EXTERNAL:0000003e	Function	printf	MSVCRT.DLL::printf	MSVCRT.DLL	IMPORTED	true	true	false
EXTERNAL:0000003f	Function	_vsnprintf	MSVCRT.DLL::_vsnprintf	MSVCRT.DLL	IMPORTED	true	true	false
EXTERNAL:00000040	Function	strncat	MSVCRT.DLL::strncat	MSVCRT.DLL	IMPORTED	true	true	false
EXTERNAL:00000041	Function	tolower	MSVCRT.DLL::tolower	MSVCRT.DLL	IMPORTED	true	true	false
EXTERNAL:00000042	Function	_strcmpi	MSVCRT.DLL::_strcmpi	MSVCRT.DLL	IMPORTED	true	true	false
EXTERNAL:00000043	Function	_makepath	MSVCRT.DLL::_makepath	MSVCRT.DLL	IMPORTED	true	true	false
EXTERNAL:00000044	Function	purecall	MSVCRT.DLL::purecall	MSVCRT.DLL	IMPORTED	true	true	false
EXTERNAL:00000045	Function	malloc	MSVCRT.DLL::malloc	MSVCRT.DLL	IMPORTED	true	true	false
EXTERNAL:00000046	Function	free	MSVCRT.DLL::free	MSVCRT.DLL	IMPORTED	true	true	false
EXTERNAL:00000047	Function	_strlwr	MSVCRT.DLL::_strlwr	MSVCRT.DLL	IMPORTED	true	true	false
EXTERNAL:00000048	Function	isspace	MSVCRT.DLL::isspace	MSVCRT.DLL	IMPORTED	true	true	false
EXTERNAL:00000049	Function	ctime	MSVCRT.DLL::ctime	MSVCRT.DLL	IMPORTED	true	true	false
EXTERNAL:0000004a	Function	strstr	MSVCRT.DLL::strstr	MSVCRT.DLL	IMPORTED	true	true	false
EXTERNAL:0000004b	Function	operator_new	MSVCRT.DLL::operator_new	MSVCRT.DLL	IMPORTED	true	true	false
EXTERNAL:0000004c	Function	operator_delete	MSVCRT.DLL::operator_delete	MSVCRT.DLL	IMPORTED	true	true	false
EXTERNAL:0000004d	Function	qsort	MSVCRT.DLL::qsort	MSVCRT.DLL	IMPORTED	true	true	false
EXTERNAL:0000004e	Function	strncmp	MSVCRT.DLL::strncmp	MSVCRT.DLL	IMPORTED	true	true	false
EXTERNAL:0000004f	Function	_strnicmp	MSVCRT.DLL::_strnicmp	MSVCRT.DLL	IMPORTED	true	true	false
EXTERNAL:00000050	Function	isxdigit	MSVCRT.DLL::isxdigit	MSVCRT.DLL	IMPORTED	true	true	false
EXTERNAL:00000051	Function	wcslen	MSVCRT.DLL::wcslen	MSVCRT.DLL	IMPORTED	true	true	false
EXTERNAL:00000052	Function	sprintf	MSVCRT.DLL::sprintf	MSVCRT.DLL	IMPORTED	true	true	false
EXTERNAL:00000053	Function	strrchr	MSVCRT.DLL::strrchr	MSVCRT.DLL	IMPORTED	true	true	false
EXTERNAL:00000054	Function	strncpy	MSVCRT.DLL::strncpy	MSVCRT.DLL	IMPORTED	true	true	false
EXTERNAL:00000055	Function	except_handler3	MSVCRT.DLL::except_handler3	MSVCRT.DLL	IMPORTED	true	true	false
EXTERNAL:00000056	Function	_splitpath	MSVCRT.DLL::_splitpath	MSVCRT.DLL	IMPORTED	true	true	false
EXTERNAL:00000057	Function	_stricmp	MSVCRT.DLL::_stricmp	MSVCRT.DLL	IMPORTED	true	true	false
EXTERNAL:00000058	Function	strchr	MSVCRT.DLL::strchr	MSVCRT.DLL	IMPORTED	true	true	false
EXTERNAL:00000059	Function	_lseeki64	MSVCRT.DLL::_lseeki64	MSVCRT.DLL	IMPORTED	true	true	false
EXTERNAL:0000005a	Function	wprintf	MSVCRT.DLL::wprintf	MSVCRT.DLL	IMPORTED	true	true	false
EXTERNAL:0000005b	Function	GetFileType	KERNEL32.DLL::GetFileType	KERNEL32.DLL	IMPORTED	true	true	false
EXTERNAL:0000005c	Function	Sleep	KERNEL32.DLL::Sleep	KERNEL32.DLL	IMPORTED	true	true	false
EXTERNAL:0000005d	Function	DeviceIoControl	KERNEL32.DLL::DeviceIoControl	KERNEL32.DLL	IMPORTED	true	true	false
EXTERNAL:0000005e	Function	ExpandEnvironmentStringsW	KERNEL32.DLL::ExpandEnvironmentStringsW	KERNEL32.DLL	IMPORTED	true	true	false
EXTERNAL:0000005f	Function	InitializeCriticalSectionAndSpinCount	KERNEL32.DLL::InitializeCriticalSectionAndSpinCount	KERNEL32.DLL	IMPORTED	true	true	false
EXTERNAL:00000060	Function	CopyFileA	KERNEL32.DLL::CopyFileA	KERNEL32.DLL	IMPORTED	true	true	false
EXTERNAL:00000061	Function	SetFileAttributesA	KERNEL32.DLL::SetFileAttributesA	KERNEL32.DLL	IMPORTED	true	true	false
EXTERNAL:00000062	Function	CopyFileW	KERNEL32.DLL::CopyFileW	KERNEL32.DLL	IMPORTED	true	true	false
EXTERNAL:00000063	Function	GetFileAttributesW	KERNEL32.DLL::GetFileAttributesW	KERNEL32.DLL	IMPORTED	true	true	false
EXTERNAL:00000064	Function	SetFileAttributesW	KERNEL32.DLL::SetFileAttributesW	KERNEL32.DLL	IMPORTED	true	true	false
EXTERNAL:00000065	Function	LeaveCriticalSection	KERNEL32.DLL::LeaveCriticalSection	KERNEL32.DLL	IMPORTED	true	true	false
EXTERNAL:00000066	Function	EnterCriticalSection	KERNEL32.DLL::EnterCriticalSection	KERNEL32.DLL	IMPORTED	true	true	false
EXTERNAL:00000067	Function	DeleteCriticalSection	KERNEL32.DLL::DeleteCriticalSection	KERNEL32.DLL	IMPORTED	true	true	false
EXTERNAL:00000068	Function	InitializeCriticalSection	KERNEL32.DLL::InitializeCriticalSection	KERNEL32.DLL	IMPORTED	true	true	false
EXTERNAL:00000069	Function	InterlockedIncrement	KERNEL32.DLL::InterlockedIncrement	KERNEL32.DLL	IMPORTED	true	true	false
EXTERNAL:0000006a	Function	InterlockedDecrement	KERNEL32.DLL::InterlockedDecrement	KERNEL32.DLL	IMPORTED	true	true	false
EXTERNAL:0000006b	Function	CreateFileMappingW	KERNEL32.DLL::CreateFileMappingW	KERNEL32.DLL	IMPORTED	true	true	false
EXTERNAL:0000006c	Function	LCMapStringW	KERNEL32.DLL::LCMapStringW	KERNEL32.DLL	IMPORTED	true	true	false
EXTERNAL:0000006d	Function	GetDriveTypeW	KERNEL32.DLL::GetDriveTypeW	KERNEL32.DLL	IMPORTED	true	true	false
EXTERNAL:0000006e	Function	GetCurrentProcess	KERNEL32.DLL::GetCurrentProcess	KERNEL32.DLL	IMPORTED	true	true	false
EXTERNAL:0000006f	Function	UnmapViewOfFile	KERNEL32.DLL::UnmapViewOfFile	KERNEL32.DLL	IMPORTED	true	true	false
EXTERNAL:00000070	Function	GetEnvironmentVariableA	KERNEL32.DLL::GetEnvironmentVariableA	KERNEL32.DLL	IMPORTED	true	true	false
EXTERNAL:00000071	Function	SetLastError	KERNEL32.DLL::SetLastError	KERNEL32.DLL	IMPORTED	true	true	false
EXTERNAL:00000072	Function	CloseHandle	KERNEL32.DLL::CloseHandle	KERNEL32.DLL	IMPORTED	true	true	false
EXTERNAL:00000073	Function	CreateFileA	KERNEL32.DLL::CreateFileA	KERNEL32.DLL	IMPORTED	true	true	false
EXTERNAL:00000074	Function	GetLastError	KERNEL32.DLL::GetLastError	KERNEL32.DLL	IMPORTED	true	true	false
EXTERNAL:00000075	Function	SetFilePointer	KERNEL32.DLL::SetFilePointer	KERNEL32.DLL	IMPORTED	true	true	false
EXTERNAL:00000076	Function	FindClose	KERNEL32.DLL::FindClose	KERNEL32.DLL	IMPORTED	true	true	false
EXTERNAL:00000077	Function	FindNextFileA	KERNEL32.DLL::FindNextFileA	KERNEL32.DLL	IMPORTED	true	true	false
EXTERNAL:00000078	Function	FindFirstFileA	KERNEL32.DLL::FindFirstFileA	KERNEL32.DLL	IMPORTED	true	true	false
EXTERNAL:00000079	Function	CreateDirectoryA	KERNEL32.DLL::CreateDirectoryA	KERNEL32.DLL	IMPORTED	true	true	false
EXTERNAL:0000007a	Function	GetFullPathNameA	KERNEL32.DLL::GetFullPathNameA	KERNEL32.DLL	IMPORTED	true	true	false
EXTERNAL:0000007b	Function	LocalAlloc	KERNEL32.DLL::LocalAlloc	KERNEL32.DLL	IMPORTED	true	true	false
EXTERNAL:0000007c	Function	LocalFree	KERNEL32.DLL::LocalFree	KERNEL32.DLL	IMPORTED	true	true	false
EXTERNAL:0000007d	Function	lstrcpyA	KERNEL32.DLL::lstrcpyA	KERNEL32.DLL	IMPORTED	true	true	false
EXTERNAL:0000007e	Function	GetDriveTypeA	KERNEL32.DLL::GetDriveTypeA	KERNEL32.DLL	IMPORTED	true	true	false
EXTERNAL:0000007f	Function	TlsGetValue	KERNEL32.DLL::TlsGetValue	KERNEL32.DLL	IMPORTED	true	true	false
EXTERNAL:00000080	Function	TlsAlloc	KERNEL32.DLL::TlsAlloc	KERNEL32.DLL	IMPORTED	true	true	false
EXTERNAL:00000081	Function	TlsFree	KERNEL32.DLL::TlsFree	KERNEL32.DLL	IMPORTED	true	true	false
EXTERNAL:00000082	Function	HeapReAlloc	KERNEL32.DLL::HeapReAlloc	KERNEL32.DLL	IMPORTED	true	true	false
EXTERNAL:00000083	Function	HeapAlloc	KERNEL32.DLL::HeapAlloc	KERNEL32.DLL	IMPORTED	true	true	false
EXTERNAL:00000084	Function	HeapFree	KERNEL32.DLL::HeapFree	KERNEL32.DLL	IMPORTED	true	true	false
EXTERNAL:00000085	Function	IsDBCSLeadByte	KERNEL32.DLL::IsDBCSLeadByte	KERNEL32.DLL	IMPORTED	true	true	false
EXTERNAL:00000086	Function	GetProcAddress	KERNEL32.DLL::GetProcAddress	KERNEL32.DLL	IMPORTED	true	true	false
EXTERNAL:00000087	Function	GetModuleHandleA	KERNEL32.DLL::GetModuleHandleA	KERNEL32.DLL	IMPORTED	true	true	false
EXTERNAL:00000088	Function	lstrlenA	KERNEL32.DLL::lstrlenA	KERNEL32.DLL	IMPORTED	true	true	false
EXTERNAL:00000089	Function	HeapDestroy	KERNEL32.DLL::HeapDestroy	KERNEL32.DLL	IMPORTED	true	true	false
EXTERNAL:0000008a	Function	HeapCreate	KERNEL32.DLL::HeapCreate	KERNEL32.DLL	IMPORTED	true	true	false
EXTERNAL:0000008b	Function	DisableThreadLibraryCalls	KERNEL32.DLL::DisableThreadLibraryCalls	KERNEL32.DLL	IMPORTED	true	true	false
EXTERNAL:0000008c	Function	GetVersionExA	KERNEL32.DLL::GetVersionExA	KERNEL32.DLL	IMPORTED	true	true	false
EXTERNAL:0000008d	Function	MapViewOfFile	KERNEL32.DLL::MapViewOfFile	KERNEL32.DLL	IMPORTED	true	true	false
EXTERNAL:0000008e	Function	CreateFileMappingA	KERNEL32.DLL::CreateFileMappingA	KERNEL32.DLL	IMPORTED	true	true	false
EXTERNAL:0000008f	Function	FreeLibrary	KERNEL32.DLL::FreeLibrary	KERNEL32.DLL	IMPORTED	true	true	false
EXTERNAL:00000090	Function	GetFileSize	KERNEL32.DLL::GetFileSize	KERNEL32.DLL	IMPORTED	true	true	false
EXTERNAL:00000091	Function	LoadLibraryA	KERNEL32.DLL::LoadLibraryA	KERNEL32.DLL	IMPORTED	true	true	false
EXTERNAL:00000092	Function	DuplicateHandle	KERNEL32.DLL::DuplicateHandle	KERNEL32.DLL	IMPORTED	true	true	false
EXTERNAL:00000093	Function	ExpandEnvironmentStringsA	KERNEL32.DLL::ExpandEnvironmentStringsA	KERNEL32.DLL	IMPORTED	true	true	false
EXTERNAL:00000094	Function	MultiByteToWideChar	KERNEL32.DLL::MultiByteToWideChar	KERNEL32.DLL	IMPORTED	true	true	false
EXTERNAL:00000095	Function	WideCharToMultiByte	KERNEL32.DLL::WideCharToMultiByte	KERNEL32.DLL	IMPORTED	true	true	false
EXTERNAL:00000096	Function	GetCurrentProcessId	KERNEL32.DLL::GetCurrentProcessId	KERNEL32.DLL	IMPORTED	true	true	false
EXTERNAL:00000097	Function	VirtualFree	KERNEL32.DLL::VirtualFree	KERNEL32.DLL	IMPORTED	true	true	false
EXTERNAL:00000098	Function	SetErrorMode	KERNEL32.DLL::SetErrorMode	KERNEL32.DLL	IMPORTED	true	true	false
EXTERNAL:00000099	Function	GetFileAttributesA	KERNEL32.DLL::GetFileAttributesA	KERNEL32.DLL	IMPORTED	true	true	false
EXTERNAL:0000009a	Function	ReadProcessMemory	KERNEL32.DLL::ReadProcessMemory	KERNEL32.DLL	IMPORTED	true	true	false
EXTERNAL:0000009b	Function	VirtualProtect	KERNEL32.DLL::VirtualProtect	KERNEL32.DLL	IMPORTED	true	true	false
EXTERNAL:0000009c	Function	VirtualAlloc	KERNEL32.DLL::VirtualAlloc	KERNEL32.DLL	IMPORTED	true	true	false
EXTERNAL:0000009d	Function	DeleteFileW	KERNEL32.DLL::DeleteFileW	KERNEL32.DLL	IMPORTED	true	true	false
EXTERNAL:0000009e	Function	WriteFile	KERNEL32.DLL::WriteFile	KERNEL32.DLL	IMPORTED	true	true	false
EXTERNAL:0000009f	Function	CreateFileW	KERNEL32.DLL::CreateFileW	KERNEL32.DLL	IMPORTED	true	true	false
EXTERNAL:000000a0	Function	OutputDebugStringA	KERNEL32.DLL::OutputDebugStringA	KERNEL32.DLL	IMPORTED	true	true	false
EXTERNAL:000000a1	Function	QueryPerformanceCounter	KERNEL32.DLL::QueryPerformanceCounter	KERNEL32.DLL	IMPORTED	true	true	false
EXTERNAL:000000a2	Function	GetTickCount	KERNEL32.DLL::GetTickCount	KERNEL32.DLL	IMPORTED	true	true	false
EXTERNAL:000000a3	Function	GetCurrentThreadId	KERNEL32.DLL::GetCurrentThreadId	KERNEL32.DLL	IMPORTED	true	true	false
EXTERNAL:000000a4	Function	GetSystemTimeAsFileTime	KERNEL32.DLL::GetSystemTimeAsFileTime	KERNEL32.DLL	IMPORTED	true	true	false
EXTERNAL:000000a5	Function	TerminateProcess	KERNEL32.DLL::TerminateProcess	KERNEL32.DLL	IMPORTED	true	true	false
EXTERNAL:000000a6	Function	UnhandledExceptionFilter	KERNEL32.DLL::UnhandledExceptionFilter	KERNEL32.DLL	IMPORTED	true	true	false
EXTERNAL:000000a7	Function	SetUnhandledExceptionFilter	KERNEL32.DLL::SetUnhandledExceptionFilter	KERNEL32.DLL	IMPORTED	true	true	false
EXTERNAL:000000a8	Function	GetSystemInfo	KERNEL32.DLL::GetSystemInfo	KERNEL32.DLL	IMPORTED	true	true	false
EXTERNAL:000000a9	Function	GetVersionExW	KERNEL32.DLL::GetVersionExW	KERNEL32.DLL	IMPORTED	true	true	false
EXTERNAL:000000aa	Function	GetProcessHeap	KERNEL32.DLL::GetProcessHeap	KERNEL32.DLL	IMPORTED	true	true	false
EXTERNAL:000000ab	Function	SuspendThread	KERNEL32.DLL::SuspendThread	KERNEL32.DLL	IMPORTED	true	true	false
EXTERNAL:000000ac	Function	ResumeThread	KERNEL32.DLL::ResumeThread	KERNEL32.DLL	IMPORTED	true	true	false
EXTERNAL:000000ad	Function	GetThreadContext	KERNEL32.DLL::GetThreadContext	KERNEL32.DLL	IMPORTED	true	true	false
EXTERNAL:000000ae	Function	VirtualQueryEx	KERNEL32.DLL::VirtualQueryEx	KERNEL32.DLL	IMPORTED	true	true	false
EXTERNAL:000000af	Function	LoadLibraryW	KERNEL32.DLL::LoadLibraryW	KERNEL32.DLL	IMPORTED	true	true	false
EXTERNAL:000000b0	Function	TerminateThread	KERNEL32.DLL::TerminateThread	KERNEL32.DLL	IMPORTED	true	true	false
EXTERNAL:000000b1	Function	SetEndOfFile	KERNEL32.DLL::SetEndOfFile	KERNEL32.DLL	IMPORTED	true	true	false
EXTERNAL:000000b2	Function	GetThreadSelectorEntry	KERNEL32.DLL::GetThreadSelectorEntry	KERNEL32.DLL	IMPORTED	true	true	false
EXTERNAL:000000b3	Function	MapViewOfFileEx	KERNEL32.DLL::MapViewOfFileEx	KERNEL32.DLL	IMPORTED	true	true	false
EXTERNAL:000000b4	Function	FlushViewOfFile	KERNEL32.DLL::FlushViewOfFile	KERNEL32.DLL	IMPORTED	true	true	false
EXTERNAL:000000b5	Function	TlsSetValue	KERNEL32.DLL::TlsSetValue	KERNEL32.DLL	IMPORTED	true	true	false
EXTERNAL:000000b6	Function	CreateThread	KERNEL32.DLL::CreateThread	KERNEL32.DLL	IMPORTED	true	true	false
EXTERNAL:000000b7	Function	GetFileVersionInfoW	VERSION.DLL::GetFileVersionInfoW	VERSION.DLL	IMPORTED	true	true	false
EXTERNAL:000000b8	Function	VerQueryValueA	VERSION.DLL::VerQueryValueA	VERSION.DLL	IMPORTED	true	true	false
EXTERNAL:000000b9	Function	GetFileVersionInfoA	VERSION.DLL::GetFileVersionInfoA	VERSION.DLL	IMPORTED	true	true	false
EXTERNAL:000000ba	Function	GetFileVersionInfoSizeW	VERSION.DLL::GetFileVersionInfoSizeW	VERSION.DLL	IMPORTED	true	true	false
EXTERNAL:000000bb	Function	GetFileVersionInfoSizeA	VERSION.DLL::GetFileVersionInfoSizeA	VERSION.DLL	IMPORTED	true	true	false
EXTERNAL:000000bc	Function	CryptAcquireContextA	ADVAPI32.DLL::CryptAcquireContextA	ADVAPI32.DLL	IMPORTED	true	true	false
EXTERNAL:000000bd	Function	CryptGenRandom	ADVAPI32.DLL::CryptGenRandom	ADVAPI32.DLL	IMPORTED	true	true	false
EXTERNAL:000000be	Function	CryptReleaseContext	ADVAPI32.DLL::CryptReleaseContext	ADVAPI32.DLL	IMPORTED	true	true	false
EXTERNAL:000000bf	Function	RegOpenKeyExA	ADVAPI32.DLL::RegOpenKeyExA	ADVAPI32.DLL	IMPORTED	true	true	false
EXTERNAL:000000c0	Function	RegQueryValueExA	ADVAPI32.DLL::RegQueryValueExA	ADVAPI32.DLL	IMPORTED	true	true	false
EXTERNAL:000000c1	Function	RegQueryValueExW	ADVAPI32.DLL::RegQueryValueExW	ADVAPI32.DLL	IMPORTED	true	true	false
EXTERNAL:000000c2	Function	RegEnumKeyExW	ADVAPI32.DLL::RegEnumKeyExW	ADVAPI32.DLL	IMPORTED	true	true	false
EXTERNAL:000000c3	Function	RegQueryInfoKeyW	ADVAPI32.DLL::RegQueryInfoKeyW	ADVAPI32.DLL	IMPORTED	true	true	false
EXTERNAL:000000c4	Function	RegOpenKeyExW	ADVAPI32.DLL::RegOpenKeyExW	ADVAPI32.DLL	IMPORTED	true	true	false
EXTERNAL:000000c5	Function	RegCloseKey	ADVAPI32.DLL::RegCloseKey	ADVAPI32.DLL	IMPORTED	true	true	false
EXTERNAL:000000c6	Function	SetSecurityDescriptorDacl	ADVAPI32.DLL::SetSecurityDescriptorDacl	ADVAPI32.DLL	IMPORTED	true	true	false
EXTERNAL:000000c7	Function	InitializeSecurityDescriptor	ADVAPI32.DLL::InitializeSecurityDescriptor	ADVAPI32.DLL	IMPORTED	true	true	false
EXTERNAL:000000c8	Function	UuidCreate	RPCRT4.DLL::UuidCreate	RPCRT4.DLL	IMPORTED	true	true	false
59a70030	Function	FUN_59a70030	FUN_59a70030	Global	DEFAULT	true	false	false
59a700c0	Function	FUN_59a700c0	FUN_59a700c0	Global	DEFAULT	true	false	false
59a7032c	Label	Ordinal_21	Ordinal_21	Global	IMPORTED	false	false	true
59a7032c	Function	MapDebugInformation	MapDebugInformation	Global	IMPORTED	true	false	true
59a7052c	Label	Ordinal_89	Ordinal_89	Global	IMPORTED	false	false	true
59a7052c	Function	UnmapDebugInformation	UnmapDebugInformation	Global	IMPORTED	true	false	true
59a7059a	Function	FUN_59a7059a	FUN_59a7059a	Global	DEFAULT	true	false	false
59a706f7	Label	Ordinal_38	Ordinal_38	Global	IMPORTED	false	false	true
59a706f7	Function	SymFindFileInPath	SymFindFileInPath	Global	IMPORTED	true	false	true
59a70985	Label	Ordinal_10	Ordinal_10	Global	IMPORTED	false	false	true
59a70985	Function	FindFileInPath	FindFileInPath	Global	IMPORTED	true	false	true
59a709b4	Label	Ordinal_11	Ordinal_11	Global	IMPORTED	false	false	true
59a709b4	Function	FindFileInSearchPath	FindFileInSearchPath	Global	IMPORTED	true	false	true
59a709de	Function	FUN_59a709de	FUN_59a709de	Global	DEFAULT	true	false	false
59a70ac8	Function	FUN_59a70ac8	FUN_59a70ac8	Global	DEFAULT	true	false	false
59a70af8	Function	FUN_59a70af8	FUN_59a70af8	Global	DEFAULT	true	false	false
59a7109f	Function	FUN_59a7109f	FUN_59a7109f	Global	DEFAULT	true	false	false
59a712e7	Label	Ordinal_24	Ordinal_24	Global	IMPORTED	false	false	true
59a712e7	Function	SearchTreeForFile	SearchTreeForFile	Global	IMPORTED	true	false	true
59a71307	Label	Ordinal_20	Ordinal_20	Global	IMPORTED	false	false	true
59a71307	Function	MakeSureDirectoryPathExists	MakeSureDirectoryPathExists	Global	IMPORTED	true	false	true
59a71453	Label	Ordinal_18	Ordinal_18	Global	IMPORTED	false	false	true
59a71453	Function	ImagehlpApiVersion	ImagehlpApiVersion	Global	IMPORTED	true	false	true
59a7145e	Label	Ordinal_19	Ordinal_19	Global	IMPORTED	false	false	true
59a7145e	Function	ImagehlpApiVersionEx	ImagehlpApiVersionEx	Global	IMPORTED	true	false	true
59a7149f	Function	FUN_59a7149f	FUN_59a7149f	Global	DEFAULT	true	false	false
59a716f4	Function	FUN_59a716f4	FUN_59a716f4	Global	DEFAULT	true	false	false
59a7181e	Label	Ordinal_9	Ordinal_9	Global	IMPORTED	false	false	true
59a7181e	Function	FindExecutableImageEx	FindExecutableImageEx	Global	IMPORTED	true	false	true
59a71865	Label	Ordinal_7	Ordinal_7	Global	IMPORTED	false	false	true
59a71865	Function	FindDebugInfoFileEx	FindDebugInfoFileEx	Global	IMPORTED	true	false	true
59a718b0	Label	Ordinal_8	Ordinal_8	Global	IMPORTED	false	false	true
59a718b0	Function	FindExecutableImage	FindExecutableImage	Global	IMPORTED	true	false	true
59a718d0	Label	Ordinal_6	Ordinal_6	Global	IMPORTED	false	false	true
59a718d0	Function	FindDebugInfoFile	FindDebugInfoFile	Global	IMPORTED	true	false	true
59a718f0	Function	QzAtlComPtrAssign	QzAtlComPtrAssign	Global	ANALYSIS	true	false	false
59a718f0	Label	?QzAtlComPtrAssign@@YGPAUIUnknown@@PAPAU1@PAU1@@Z	?QzAtlComPtrAssign@@YGPAUIUnknown@@PAPAU1@PAU1@@Z	Global	ANALYSIS	false	false	false
59a71922	Function	FUN_59a71922	FUN_59a71922	Global	DEFAULT	true	false	false
59a7195e	Function	FUN_59a7195e	FUN_59a7195e	Global	DEFAULT	true	false	false
59a71981	Function	FUN_59a71981	FUN_59a71981	Global	DEFAULT	true	false	false
59a719a8	Function	FUN_59a719a8	FUN_59a719a8	Global	DEFAULT	true	false	false
59a719ec	Function	FUN_59a719ec	FUN_59a719ec	Global	DEFAULT	true	false	false
59a719f7	Function	FUN_59a719f7	FUN_59a719f7	Global	DEFAULT	true	false	false
59a71a3b	Function	FUN_59a71a3b	FUN_59a71a3b	Global	DEFAULT	true	false	false
59a71a9a	Function	FUN_59a71a9a	FUN_59a71a9a	Global	DEFAULT	true	false	false
59a71ac4	Function	FUN_59a71ac4	FUN_59a71ac4	Global	DEFAULT	true	false	false
59a71af3	Function	FUN_59a71af3	FUN_59a71af3	Global	DEFAULT	true	false	false
59a71b28	Function	FUN_59a71b28	FUN_59a71b28	Global	DEFAULT	true	false	false
59a71b8d	Function	FUN_59a71b8d	FUN_59a71b8d	Global	DEFAULT	true	false	false
59a71bdc	Function	FUN_59a71bdc	FUN_59a71bdc	Global	DEFAULT	true	false	false
59a71bfd	Function	FUN_59a71bfd	FUN_59a71bfd	Global	DEFAULT	true	false	false
59a71c60	Function	FUN_59a71c60	FUN_59a71c60	Global	DEFAULT	true	false	false
59a71c7a	Function	FUN_59a71c7a	FUN_59a71c7a	Global	DEFAULT	true	false	false
59a71c94	Function	FUN_59a71c94	FUN_59a71c94	Global	DEFAULT	true	false	false
59a71cb1	Function	FUN_59a71cb1	FUN_59a71cb1	Global	DEFAULT	true	false	false
59a71ccb	Function	FUN_59a71ccb	FUN_59a71ccb	Global	DEFAULT	true	false	false
59a71ce5	Function	FUN_59a71ce5	FUN_59a71ce5	Global	DEFAULT	true	false	false
59a71cff	Function	FUN_59a71cff	FUN_59a71cff	Global	DEFAULT	true	false	false
59a71d1c	Function	FUN_59a71d1c	FUN_59a71d1c	Global	DEFAULT	true	false	false
59a71d39	Function	FUN_59a71d39	FUN_59a71d39	Global	DEFAULT	true	false	false
59a71d56	Function	FUN_59a71d56	FUN_59a71d56	Global	DEFAULT	true	false	false
59a71d70	Function	FUN_59a71d70	FUN_59a71d70	Global	DEFAULT	true	false	false
59a71d8a	Function	FUN_59a71d8a	FUN_59a71d8a	Global	DEFAULT	true	false	false
59a71da7	Function	FUN_59a71da7	FUN_59a71da7	Global	DEFAULT	true	false	false
59a71dc4	Function	FUN_59a71dc4	FUN_59a71dc4	Global	DEFAULT	true	false	false
59a71de1	Function	FUN_59a71de1	FUN_59a71de1	Global	DEFAULT	true	false	false
59a71dfe	Function	FUN_59a71dfe	FUN_59a71dfe	Global	DEFAULT	true	false	false
59a71e1b	Function	FUN_59a71e1b	FUN_59a71e1b	Global	DEFAULT	true	false	false
59a71e38	Function	FUN_59a71e38	FUN_59a71e38	Global	DEFAULT	true	false	false
59a71e55	Function	FUN_59a71e55	FUN_59a71e55	Global	DEFAULT	true	false	false
59a71e72	Function	FUN_59a71e72	FUN_59a71e72	Global	DEFAULT	true	false	false
59a71ea6	Function	FUN_59a71ea6	FUN_59a71ea6	Global	DEFAULT	true	false	false
59a71ec3	Function	FUN_59a71ec3	FUN_59a71ec3	Global	DEFAULT	true	false	false
59a71fae	Label	switchD	switchD_59a71fae::switchD	switchD_59a71fae	ANALYSIS	true	false	false
59a71fb5	Label	caseD_0	switchD_59a71fae::caseD_0	switchD_59a71fae	ANALYSIS	true	false	false
59a71fb5	Label	caseD_4	switchD_59a71fae::caseD_4	switchD_59a71fae	ANALYSIS	false	false	false
59a71fb5	Label	caseD_5	switchD_59a71fae::caseD_5	switchD_59a71fae	ANALYSIS	false	false	false
59a71fb5	Label	caseD_6	switchD_59a71fae::caseD_6	switchD_59a71fae	ANALYSIS	false	false	false
59a71fb5	Label	caseD_8	switchD_59a71fae::caseD_8	switchD_59a71fae	ANALYSIS	false	false	false
59a71fb5	Label	caseD_9	switchD_59a71fae::caseD_9	switchD_59a71fae	ANALYSIS	false	false	false
59a71fb5	Label	caseD_a	switchD_59a71fae::caseD_a	switchD_59a71fae	ANALYSIS	false	false	false
59a71fb5	Label	caseD_c	switchD_59a71fae::caseD_c	switchD_59a71fae	ANALYSIS	false	false	false
59a71fb5	Label	caseD_d	switchD_59a71fae::caseD_d	switchD_59a71fae	ANALYSIS	false	false	false
59a71fb5	Label	caseD_e	switchD_59a71fae::caseD_e	switchD_59a71fae	ANALYSIS	false	false	false
59a71fb5	Label	caseD_f	switchD_59a71fae::caseD_f	switchD_59a71fae	ANALYSIS	false	false	false
59a71fb5	Label	caseD_10	switchD_59a71fae::caseD_10	switchD_59a71fae	ANALYSIS	false	false	false
59a71fb5	Label	caseD_11	switchD_59a71fae::caseD_11	switchD_59a71fae	ANALYSIS	false	false	false
59a71fb5	Label	caseD_12	switchD_59a71fae::caseD_12	switchD_59a71fae	ANALYSIS	false	false	false
59a71fb5	Label	caseD_13	switchD_59a71fae::caseD_13	switchD_59a71fae	ANALYSIS	false	false	false
59a71fb5	Label	caseD_17	switchD_59a71fae::caseD_17	switchD_59a71fae	ANALYSIS	false	false	false
59a71fc5	Label	caseD_2	switchD_59a71fae::caseD_2	switchD_59a71fae	ANALYSIS	true	false	false
59a71fc5	Label	caseD_16	switchD_59a71fae::caseD_16	switchD_59a71fae	ANALYSIS	false	false	false
59a71fdf	Label	caseD_1	switchD_59a71fae::caseD_1	switchD_59a71fae	ANALYSIS	true	false	false
59a7200b	Label	caseD_7	switchD_59a71fae::caseD_7	switchD_59a71fae	ANALYSIS	true	false	false
59a72084	Label	caseD_3	switchD_59a71fae::caseD_3	switchD_59a71fae	ANALYSIS	true	false	false
59a72084	Label	caseD_b	switchD_59a71fae::caseD_b	switchD_59a71fae	ANALYSIS	false	false	false
59a72084	Label	caseD_14	switchD_59a71fae::caseD_14	switchD_59a71fae	ANALYSIS	false	false	false
59a72084	Label	caseD_15	switchD_59a71fae::caseD_15	switchD_59a71fae	ANALYSIS	false	false	false
59a72094	Label	switchdataD_59a72094	switchD_59a71fae::switchdataD_59a72094	switchD_59a71fae	ANALYSIS	true	false	false
59a720a8	Label	switchdataD_59a720a8	switchD_59a71fae::switchdataD_59a720a8	switchD_59a71fae	ANALYSIS	true	false	false
59a720c5	Function	FUN_59a720c5	FUN_59a720c5	Global	DEFAULT	true	false	false
59a721dc	Function	CComQIPtr<>	CComQIPtr<>	Global	ANALYSIS	true	false	false
59a72205	Function	FUN_59a72205	FUN_59a72205	Global	DEFAULT	true	false	false
59a72966	Function	FUN_59a72966	FUN_59a72966	Global	DEFAULT	true	false	false
59a72a80	Function	FUN_59a72a80	FUN_59a72a80	Global	DEFAULT	true	false	false
59a72bb1	Function	FUN_59a72bb1	FUN_59a72bb1	Global	DEFAULT	true	false	false
59a72d3c	Function	FUN_59a72d3c	FUN_59a72d3c	Global	DEFAULT	true	false	false
59a72f66	Function	FUN_59a72f66	FUN_59a72f66	Global	DEFAULT	true	false	false
59a72fbf	Function	FUN_59a72fbf	FUN_59a72fbf	Global	DEFAULT	true	false	false
59a7333e	Function	FUN_59a7333e	FUN_59a7333e	Global	DEFAULT	true	false	false
59a7340b	Function	FUN_59a7340b	FUN_59a7340b	Global	DEFAULT	true	false	false
59a737ac	Function	FUN_59a737ac	FUN_59a737ac	Global	DEFAULT	true	false	false
59a73dcc	Function	FUN_59a73dcc	FUN_59a73dcc	Global	DEFAULT	true	false	false
59a73e0e	Function	FUN_59a73e0e	FUN_59a73e0e	Global	DEFAULT	true	false	false
59a73e6c	Function	FUN_59a73e6c	FUN_59a73e6c	Global	DEFAULT	true	false	false
59a73e7c	Function	FUN_59a73e7c	FUN_59a73e7c	Global	DEFAULT	true	false	false
59a7401a	Function	FUN_59a7401a	FUN_59a7401a	Global	DEFAULT	true	false	false
59a74198	Function	FUN_59a74198	FUN_59a74198	Global	DEFAULT	true	false	false
59a74481	Function	FUN_59a74481	FUN_59a74481	Global	DEFAULT	true	false	false
59a74763	Function	FUN_59a74763	FUN_59a74763	Global	DEFAULT	true	false	false
59a74835	Function	FUN_59a74835	FUN_59a74835	Global	DEFAULT	true	false	false
59a749ce	Function	FUN_59a749ce	FUN_59a749ce	Global	DEFAULT	true	false	false
59a74ab1	Function	FUN_59a74ab1	FUN_59a74ab1	Global	DEFAULT	true	false	false
59a74bc5	Function	FUN_59a74bc5	FUN_59a74bc5	Global	DEFAULT	true	false	false
59a74c13	Function	FUN_59a74c13	FUN_59a74c13	Global	DEFAULT	true	false	false
59a74cfe	Function	FUN_59a74cfe	FUN_59a74cfe	Global	DEFAULT	true	false	false
59a74d4a	Function	FUN_59a74d4a	FUN_59a74d4a	Global	DEFAULT	true	false	false
59a74d7e	Label	switchD	switchD_59a74d7e::switchD	switchD_59a74d7e	ANALYSIS	true	false	false
59a74d85	Label	caseD_0	switchD_59a74d7e::caseD_0	switchD_59a74d7e	ANALYSIS	true	false	false
59a74da6	Label	caseD_1	switchD_59a74d7e::caseD_1	switchD_59a74d7e	ANALYSIS	true	false	false
59a74db3	Label	caseD_2	switchD_59a74d7e::caseD_2	switchD_59a74d7e	ANALYSIS	true	false	false
59a74dc0	Label	caseD_3	switchD_59a74d7e::caseD_3	switchD_59a74d7e	ANALYSIS	true	false	false
59a74dc0	Label	caseD_4	switchD_59a74d7e::caseD_4	switchD_59a74d7e	ANALYSIS	false	false	false
59a74dcd	Label	caseD_5	switchD_59a74d7e::caseD_5	switchD_59a74d7e	ANALYSIS	true	false	false
59a74dda	Label	caseD_6	switchD_59a74d7e::caseD_6	switchD_59a74d7e	ANALYSIS	true	false	false
59a74de7	Label	caseD_7	switchD_59a74d7e::caseD_7	switchD_59a74d7e	ANALYSIS	true	false	false
59a74df4	Label	caseD_8	switchD_59a74d7e::caseD_8	switchD_59a74d7e	ANALYSIS	true	false	false
59a74e01	Label	caseD_9	switchD_59a74d7e::caseD_9	switchD_59a74d7e	ANALYSIS	true	false	false
59a74e0e	Label	caseD_a	switchD_59a74d7e::caseD_a	switchD_59a74d7e	ANALYSIS	true	false	false
59a74e1e	Label	caseD_b	switchD_59a74d7e::caseD_b	switchD_59a74d7e	ANALYSIS	true	false	false
59a74e2e	Label	caseD_c	switchD_59a74d7e::caseD_c	switchD_59a74d7e	ANALYSIS	true	false	false
59a74e3e	Label	caseD_d	switchD_59a74d7e::caseD_d	switchD_59a74d7e	ANALYSIS	true	false	false
59a74e4e	Label	caseD_e	switchD_59a74d7e::caseD_e	switchD_59a74d7e	ANALYSIS	true	false	false
59a74e5e	Label	caseD_f	switchD_59a74d7e::caseD_f	switchD_59a74d7e	ANALYSIS	true	false	false
59a74e6e	Label	caseD_10	switchD_59a74d7e::caseD_10	switchD_59a74d7e	ANALYSIS	true	false	false
59a74e7e	Label	caseD_11	switchD_59a74d7e::caseD_11	switchD_59a74d7e	ANALYSIS	true	false	false
59a74e8e	Label	caseD_12	switchD_59a74d7e::caseD_12	switchD_59a74d7e	ANALYSIS	true	false	false
59a74e9e	Label	caseD_13	switchD_59a74d7e::caseD_13	switchD_59a74d7e	ANALYSIS	true	false	false
59a74eae	Label	caseD_14	switchD_59a74d7e::caseD_14	switchD_59a74d7e	ANALYSIS	true	false	false
59a74ebe	Label	caseD_15	switchD_59a74d7e::caseD_15	switchD_59a74d7e	ANALYSIS	true	false	false
59a74ece	Label	caseD_16	switchD_59a74d7e::caseD_16	switchD_59a74d7e	ANALYSIS	true	false	false
59a74ee4	Label	caseD_17	switchD_59a74d7e::caseD_17	switchD_59a74d7e	ANALYSIS	true	false	false
59a74ef4	Label	default	switchD_59a74d7e::default	switchD_59a74d7e	ANALYSIS	true	false	false
59a74f0b	Label	switchdataD_59a74f0b	switchD_59a74d7e::switchdataD_59a74f0b	switchD_59a74d7e	ANALYSIS	true	false	false
59a74f70	Function	FUN_59a74f70	FUN_59a74f70	Global	DEFAULT	true	false	false
59a74ff7	Function	FUN_59a74ff7	FUN_59a74ff7	Global	DEFAULT	true	false	false
59a750fb	Function	FUN_59a750fb	FUN_59a750fb	Global	DEFAULT	true	false	false
59a75309	Function	FUN_59a75309	FUN_59a75309	Global	DEFAULT	true	false	false
59a753fc	Function	FUN_59a753fc	FUN_59a753fc	Global	DEFAULT	true	false	false
59a75422	Function	FUN_59a75422	FUN_59a75422	Global	DEFAULT	true	false	false
59a7543e	Function	FUN_59a7543e	FUN_59a7543e	Global	DEFAULT	true	false	false
59a7581c	Function	FUN_59a7581c	FUN_59a7581c	Global	DEFAULT	true	false	false
59a75837	Function	FUN_59a75837	FUN_59a75837	Global	DEFAULT	true	false	false
59a75881	Label	Ordinal_5	Ordinal_5	Global	IMPORTED	false	false	true
59a75881	Function	ExtensionApiVersion	ExtensionApiVersion	Global	IMPORTED	true	false	true
59a7588c	Label	Ordinal_90	Ordinal_90	Global	IMPORTED	false	false	true
59a7588c	Function	WinDbgExtensionDllInit	WinDbgExtensionDllInit	Global	IMPORTED	true	false	true
59a758bf	Label	Ordinal_98	Ordinal_98	Global	IMPORTED	false	false	true
59a758bf	Function	vc7fpo	vc7fpo	Global	IMPORTED	true	false	true
59a758ed	Label	Ordinal_97	Ordinal_97	Global	IMPORTED	false	false	true
59a758ed	Function	sym	sym	Global	IMPORTED	true	false	true
59a7597a	Function	FUN_59a7597a	FUN_59a7597a	Global	DEFAULT	true	false	false
59a759b6	Function	FUN_59a759b6	FUN_59a759b6	Global	DEFAULT	true	false	false
59a75a15	Label	Ordinal_93	Ordinal_93	Global	IMPORTED	false	false	true
59a75a15	Function	lm	lm	Global	IMPORTED	true	false	true
59a75bb8	Function	FUN_59a75bb8	FUN_59a75bb8	Global	DEFAULT	true	false	false
59a75c04	Function	FUN_59a75c04	FUN_59a75c04	Global	DEFAULT	true	false	false
59a75fb6	Function	FUN_59a75fb6	FUN_59a75fb6	Global	DEFAULT	true	false	false
59a763a2	Function	FUN_59a763a2	FUN_59a763a2	Global	DEFAULT	true	false	false
59a765e3	Function	FUN_59a765e3	FUN_59a765e3	Global	DEFAULT	true	false	false
59a76614	Function	FUN_59a76614	FUN_59a76614	Global	DEFAULT	true	false	false
59a76739	Function	FUN_59a76739	FUN_59a76739	Global	DEFAULT	true	false	false
59a767cb	Function	FUN_59a767cb	FUN_59a767cb	Global	DEFAULT	true	false	false
59a76b72	Function	FUN_59a76b72	FUN_59a76b72	Global	DEFAULT	true	false	false
59a76f8f	Function	FUN_59a76f8f	FUN_59a76f8f	Global	DEFAULT	true	false	false
59a76fe6	Label	Ordinal_94	Ordinal_94	Global	IMPORTED	false	false	true
59a76fe6	Function	lmi	lmi	Global	IMPORTED	true	false	true
59a77147	Label	Ordinal_95	Ordinal_95	Global	IMPORTED	false	false	true
59a77147	Function	omap	omap	Global	IMPORTED	true	false	true
59a772a5	Label	Ordinal_96	Ordinal_96	Global	IMPORTED	false	false	true
59a772a5	Function	srcfiles	srcfiles	Global	IMPORTED	true	false	true
59a77382	Function	FUN_59a77382	FUN_59a77382	Global	DEFAULT	true	false	false
59a773ad	Label	switchD	switchD_59a773ad::switchD	switchD_59a773ad	ANALYSIS	true	false	false
59a773b4	Label	caseD_1	switchD_59a773ad::caseD_1	switchD_59a773ad	ANALYSIS	true	false	false
59a773bb	Label	caseD_2	switchD_59a773ad::caseD_2	switchD_59a773ad	ANALYSIS	true	false	false
59a773c2	Label	caseD_3	switchD_59a773ad::caseD_3	switchD_59a773ad	ANALYSIS	true	false	false
59a773c9	Label	caseD_4	switchD_59a773ad::caseD_4	switchD_59a773ad	ANALYSIS	true	false	false
59a773d0	Label	caseD_6	switchD_59a773ad::caseD_6	switchD_59a773ad	ANALYSIS	true	false	false
59a773d7	Label	caseD_7	switchD_59a773ad::caseD_7	switchD_59a773ad	ANALYSIS	true	false	false
59a773de	Label	caseD_8	switchD_59a773ad::caseD_8	switchD_59a773ad	ANALYSIS	true	false	false
59a773e5	Label	caseD_5	switchD_59a773ad::caseD_5	switchD_59a773ad	ANALYSIS	true	false	false
59a773f2	Label	default	switchD_59a773ad::default	switchD_59a773ad	ANALYSIS	true	false	false
59a775ad	Function	FUN_59a775ad	FUN_59a775ad	Global	DEFAULT	true	false	false
59a7763b	Label	switchdataD_59a7763b	switchD_59a773ad::switchdataD_59a7763b	switchD_59a773ad	ANALYSIS	true	false	false
59a77660	Function	FUN_59a77660	FUN_59a77660	Global	DEFAULT	true	false	false
59a77776	Function	FUN_59a77776	FUN_59a77776	Global	DEFAULT	true	false	false
59a77855	Function	FUN_59a77855	FUN_59a77855	Global	DEFAULT	true	false	false
59a77a47	Function	FUN_59a77a47	FUN_59a77a47	Global	DEFAULT	true	false	false
59a77a83	Function	FUN_59a77a83	FUN_59a77a83	Global	DEFAULT	true	false	false
59a77c16	Label	Ordinal_92	Ordinal_92	Global	IMPORTED	false	false	true
59a77c16	Function	dh	dh	Global	IMPORTED	true	false	true
59a77c2c	Function	FUN_59a77c2c	FUN_59a77c2c	Global	DEFAULT	true	false	false
59a77c48	Function	FUN_59a77c48	FUN_59a77c48	Global	DEFAULT	true	false	false
59a77c90	Function	FUN_59a77c90	FUN_59a77c90	Global	DEFAULT	true	false	false
59a77cd0	Function	FUN_59a77cd0	FUN_59a77cd0	Global	DEFAULT	true	false	false
59a77cfc	Function	~CMediaSample	CMediaSample::~CMediaSample	CMediaSample	ANALYSIS	true	false	false
59a77cfc	Label	??1CMediaSample@@UAE@XZ	??1CMediaSample@@UAE@XZ	Global	ANALYSIS	false	false	false
59a77d15	Function	FUN_59a77d15	FUN_59a77d15	Global	DEFAULT	true	false	false
59a77d5e	Function	FUN_59a77d5e	FUN_59a77d5e	Global	DEFAULT	true	false	false
59a77e49	Function	FUN_59a77e49	FUN_59a77e49	Global	DEFAULT	true	false	false
59a77eaa	Function	FUN_59a77eaa	FUN_59a77eaa	Global	DEFAULT	true	false	false
59a77f36	Function	FUN_59a77f36	FUN_59a77f36	Global	DEFAULT	true	false	false
59a77ff5	Function	FUN_59a77ff5	FUN_59a77ff5	Global	DEFAULT	true	false	false
59a78006	Function	FUN_59a78006	FUN_59a78006	Global	DEFAULT	true	false	false
59a7802b	Function	FUN_59a7802b	FUN_59a7802b	Global	DEFAULT	true	false	false
59a78047	Function	FUN_59a78047	FUN_59a78047	Global	DEFAULT	true	false	false
59a7806b	Function	FUN_59a7806b	FUN_59a7806b	Global	DEFAULT	true	false	false
59a780be	Function	FUN_59a780be	FUN_59a780be	Global	DEFAULT	true	false	false
59a78104	Function	FUN_59a78104	FUN_59a78104	Global	DEFAULT	true	false	false
59a78144	Function	FUN_59a78144	FUN_59a78144	Global	DEFAULT	true	false	false
59a78167	Function	FUN_59a78167	FUN_59a78167	Global	DEFAULT	true	false	false
59a78185	Function	FUN_59a78185	FUN_59a78185	Global	DEFAULT	true	false	false
59a781a3	Function	FUN_59a781a3	FUN_59a781a3	Global	DEFAULT	true	false	false
59a781c1	Function	FUN_59a781c1	FUN_59a781c1	Global	DEFAULT	true	false	false
59a782e5	Function	FUN_59a782e5	FUN_59a782e5	Global	DEFAULT	true	false	false
59a7830b	Function	FUN_59a7830b	FUN_59a7830b	Global	DEFAULT	true	false	false
59a78329	Function	FUN_59a78329	FUN_59a78329	Global	DEFAULT	true	false	false
59a7843c	Function	FUN_59a7843c	FUN_59a7843c	Global	DEFAULT	true	false	false
59a785b4	Function	FUN_59a785b4	FUN_59a785b4	Global	DEFAULT	true	false	false
59a785f5	Function	FUN_59a785f5	FUN_59a785f5	Global	DEFAULT	true	false	false
59a786a6	Function	FUN_59a786a6	FUN_59a786a6	Global	DEFAULT	true	false	false
59a7874e	Function	FUN_59a7874e	FUN_59a7874e	Global	DEFAULT	true	false	false
59a787df	Function	FUN_59a787df	FUN_59a787df	Global	DEFAULT	true	false	false
59a7883d	Label	Ordinal_15	Ordinal_15	Global	IMPORTED	false	false	true
59a7883d	Function	ImageNtHeader	ImageNtHeader	Global	IMPORTED	true	false	true
59a7884d	Function	FUN_59a7884d	FUN_59a7884d	Global	DEFAULT	true	false	false
59a788f1	Function	FUN_59a788f1	FUN_59a788f1	Global	DEFAULT	true	false	false
59a78992	Function	FUN_59a78992	FUN_59a78992	Global	DEFAULT	true	false	false
59a78a33	Label	Ordinal_14	Ordinal_14	Global	IMPORTED	false	false	true
59a78a33	Function	ImageDirectoryEntryToDataEx	ImageDirectoryEntryToDataEx	Global	IMPORTED	true	false	true
59a78acb	Label	Ordinal_13	Ordinal_13	Global	IMPORTED	false	false	true
59a78acb	Function	ImageDirectoryEntryToData	ImageDirectoryEntryToData	Global	IMPORTED	true	false	true
59a78aec	Label	Ordinal_16	Ordinal_16	Global	IMPORTED	false	false	true
59a78aec	Function	ImageRvaToSection	ImageRvaToSection	Global	IMPORTED	true	false	true
59a78b2f	Label	Ordinal_17	Ordinal_17	Global	IMPORTED	false	false	true
59a78b2f	Function	ImageRvaToVa	ImageRvaToVa	Global	IMPORTED	true	false	true
59a78b88	Function	FUN_59a78b88	FUN_59a78b88	Global	DEFAULT	true	false	false
59a78ba3	Function	FUN_59a78ba3	FUN_59a78ba3	Global	DEFAULT	true	false	false
59a78bba	Function	FUN_59a78bba	FUN_59a78bba	Global	DEFAULT	true	false	false
59a78bdc	Function	FUN_59a78bdc	FUN_59a78bdc	Global	DEFAULT	true	false	false
59a78bfb	Function	FUN_59a78bfb	FUN_59a78bfb	Global	DEFAULT	true	false	false
59a78c20	Function	FUN_59a78c20	FUN_59a78c20	Global	DEFAULT	true	false	false
59a78c3a	Function	FUN_59a78c3a	FUN_59a78c3a	Global	DEFAULT	true	false	false
59a78c65	Function	FUN_59a78c65	FUN_59a78c65	Global	DEFAULT	true	false	false
59a78cba	Function	FUN_59a78cba	FUN_59a78cba	Global	DEFAULT	true	false	false
59a78cce	Function	FUN_59a78cce	FUN_59a78cce	Global	DEFAULT	true	false	false
59a78ce2	Label	Ordinal_88	Ordinal_88	Global	IMPORTED	false	false	true
59a78ce2	Function	UnDecorateSymbolName	UnDecorateSymbolName	Global	IMPORTED	true	false	true
59a78de8	Label	Ordinal_12	Ordinal_12	Global	IMPORTED	false	false	true
59a78de8	Function	GetTimestampForLoadedLibrary	GetTimestampForLoadedLibrary	Global	IMPORTED	true	false	true
59a78e3e	Function	FUN_59a78e3e	FUN_59a78e3e	Global	DEFAULT	true	false	false
59a78e6b	Function	FUN_59a78e6b	FUN_59a78e6b	Global	DEFAULT	true	false	false
59a78e83	Function	FUN_59a78e83	FUN_59a78e83	Global	DEFAULT	true	false	false
59a78f16	Function	FUN_59a78f16	FUN_59a78f16	Global	DEFAULT	true	false	false
59a78f54	Function	FUN_59a78f54	FUN_59a78f54	Global	DEFAULT	true	false	false
59a78fe8	Function	FUN_59a78fe8	FUN_59a78fe8	Global	DEFAULT	true	false	false
59a7927d	Function	FUN_59a7927d	FUN_59a7927d	Global	DEFAULT	true	false	false
59a79495	Function	FUN_59a79495	FUN_59a79495	Global	DEFAULT	true	false	false
59a794c6	Function	FUN_59a794c6	FUN_59a794c6	Global	DEFAULT	true	false	false
59a79586	Function	FUN_59a79586	FUN_59a79586	Global	DEFAULT	true	false	false
59a795d2	Function	FUN_59a795d2	FUN_59a795d2	Global	DEFAULT	true	false	false
59a796df	Function	FUN_59a796df	FUN_59a796df	Global	DEFAULT	true	false	false
59a79724	Function	FUN_59a79724	FUN_59a79724	Global	DEFAULT	true	false	false
59a79865	Function	FUN_59a79865	FUN_59a79865	Global	DEFAULT	true	false	false
59a798f7	Label	Ordinal_43	Ordinal_43	Global	IMPORTED	false	false	true
59a798f7	Function	SymGetFileLineOffsets64	SymGetFileLineOffsets64	Global	IMPORTED	true	false	true
59a799ce	Function	FUN_59a799ce	FUN_59a799ce	Global	DEFAULT	true	false	false
59a79a09	Function	FUN_59a79a09	FUN_59a79a09	Global	DEFAULT	true	false	false
59a79a5d	Function	FUN_59a79a5d	FUN_59a79a5d	Global	DEFAULT	true	false	false
59a79a8d	Function	FUN_59a79a8d	FUN_59a79a8d	Global	DEFAULT	true	false	false
59a79af5	Function	FUN_59a79af5	FUN_59a79af5	Global	DEFAULT	true	false	false
59a79b3a	Function	FUN_59a79b3a	FUN_59a79b3a	Global	DEFAULT	true	false	false
59a79b89	Function	FUN_59a79b89	FUN_59a79b89	Global	DEFAULT	true	false	false
59a79c1f	Function	FUN_59a79c1f	FUN_59a79c1f	Global	DEFAULT	true	false	false
59a79c58	Function	FUN_59a79c58	FUN_59a79c58	Global	DEFAULT	true	false	false
59a79ca0	Function	FUN_59a79ca0	FUN_59a79ca0	Global	DEFAULT	true	false	false
59a79cc9	Function	FUN_59a79cc9	FUN_59a79cc9	Global	DEFAULT	true	false	false
59a79de0	Function	FUN_59a79de0	FUN_59a79de0	Global	DEFAULT	true	false	false
59a79e26	Function	FUN_59a79e26	FUN_59a79e26	Global	DEFAULT	true	false	false
59a79fc5	Function	FUN_59a79fc5	FUN_59a79fc5	Global	DEFAULT	true	false	false
59a7a057	Function	FUN_59a7a057	FUN_59a7a057	Global	DEFAULT	true	false	false
59a7a0b0	Function	FUN_59a7a0b0	FUN_59a7a0b0	Global	DEFAULT	true	false	false
59a7aa59	Function	FUN_59a7aa59	FUN_59a7aa59	Global	DEFAULT	true	false	false
59a7abe7	Function	FUN_59a7abe7	FUN_59a7abe7	Global	DEFAULT	true	false	false
59a7acb0	Function	FUN_59a7acb0	FUN_59a7acb0	Global	DEFAULT	true	false	false
59a7acfb	Function	FUN_59a7acfb	FUN_59a7acfb	Global	DEFAULT	true	false	false
59a7adca	Function	FUN_59a7adca	FUN_59a7adca	Global	DEFAULT	true	false	false
59a7ae47	Function	FUN_59a7ae47	FUN_59a7ae47	Global	DEFAULT	true	false	false
59a7afca	Function	FUN_59a7afca	FUN_59a7afca	Global	DEFAULT	true	false	false
59a7afe2	Function	FUN_59a7afe2	FUN_59a7afe2	Global	DEFAULT	true	false	false
59a7affa	Function	FUN_59a7affa	FUN_59a7affa	Global	DEFAULT	true	false	false
59a7b012	Function	FUN_59a7b012	FUN_59a7b012	Global	DEFAULT	true	false	false
59a7b0d1	Function	FUN_59a7b0d1	FUN_59a7b0d1	Global	DEFAULT	true	false	false
59a7b139	Function	FUN_59a7b139	FUN_59a7b139	Global	DEFAULT	true	false	false
59a7b2d1	Function	FUN_59a7b2d1	FUN_59a7b2d1	Global	DEFAULT	true	false	false
59a7b5d9	Function	FUN_59a7b5d9	FUN_59a7b5d9	Global	DEFAULT	true	false	false
59a7b5e9	Function	FUN_59a7b5e9	FUN_59a7b5e9	Global	DEFAULT	true	false	false
59a7b5f9	Function	FUN_59a7b5f9	FUN_59a7b5f9	Global	DEFAULT	true	false	false
59a7b643	Function	FUN_59a7b643	FUN_59a7b643	Global	DEFAULT	true	false	false
59a7b6ba	Label	Ordinal_27	Ordinal_27	Global	IMPORTED	false	false	true
59a7b6ba	Function	SymCleanup	SymCleanup	Global	IMPORTED	true	false	true
59a7b77b	Label	Ordinal_81	Ordinal_81	Global	IMPORTED	false	false	true
59a7b77b	Function	SymSetOptions	SymSetOptions	Global	IMPORTED	true	false	true
59a7b7ad	Label	Ordinal_58	Ordinal_58	Global	IMPORTED	false	false	true
59a7b7ad	Function	SymGetOptions	SymGetOptions	Global	IMPORTED	true	false	true
59a7b7b8	Label	Ordinal_80	Ordinal_80	Global	IMPORTED	false	false	true
59a7b7b8	Function	SymSetContext	SymSetContext	Global	IMPORTED	true	false	true
59a7b7f1	Function	FUN_59a7b7f1	FUN_59a7b7f1	Global	DEFAULT	true	false	false
59a7b88f	Function	FUN_59a7b88f	FUN_59a7b88f	Global	DEFAULT	true	false	false
59a7b932	Function	FUN_59a7b932	FUN_59a7b932	Global	DEFAULT	true	false	false
59a7b962	Label	Ordinal_91	Ordinal_91	Global	IMPORTED	false	false	true
59a7b962	Function	dbghelp	dbghelp	Global	IMPORTED	true	false	true
59a7b9dd	Label	Ordinal_33	Ordinal_33	Global	IMPORTED	false	false	true
59a7b9dd	Function	SymEnumerateModules	SymEnumerateModules	Global	IMPORTED	true	false	true
59a7b9fb	Label	Ordinal_32	Ordinal_32	Global	IMPORTED	false	false	true
59a7b9fb	Function	SymEnumerateModules64	SymEnumerateModules64	Global	IMPORTED	true	false	true
59a7ba19	Function	FUN_59a7ba19	FUN_59a7ba19	Global	DEFAULT	true	false	false
59a7bac7	Label	Ordinal_60	Ordinal_60	Global	IMPORTED	false	false	true
59a7bac7	Function	SymGetSymFromAddr64	SymGetSymFromAddr64	Global	IMPORTED	true	false	true
59a7bb04	Label	Ordinal_61	Ordinal_61	Global	IMPORTED	false	false	true
59a7bb04	Function	SymGetSymFromAddr	SymGetSymFromAddr	Global	IMPORTED	true	false	true
59a7bb4d	Label	Ordinal_83	Ordinal_83	Global	IMPORTED	false	false	true
59a7bb4d	Function	SymSetSymWithAddr64	SymSetSymWithAddr64	Global	IMPORTED	true	false	true
59a7bc68	Function	FUN_59a7bc68	FUN_59a7bc68	Global	DEFAULT	true	false	false
59a7be87	Label	Ordinal_62	Ordinal_62	Global	IMPORTED	false	false	true
59a7be87	Function	SymGetSymFromName64	SymGetSymFromName64	Global	IMPORTED	true	false	true
59a7bebe	Label	Ordinal_63	Ordinal_63	Global	IMPORTED	false	false	true
59a7bebe	Function	SymGetSymFromName	SymGetSymFromName	Global	IMPORTED	true	false	true
59a7bef5	Function	FUN_59a7bef5	FUN_59a7bef5	Global	DEFAULT	true	false	false
59a7c001	Label	Ordinal_44	Ordinal_44	Global	IMPORTED	false	false	true
59a7c001	Function	SymGetLineFromAddr64	SymGetLineFromAddr64	Global	IMPORTED	true	false	true
59a7c0af	Label	Ordinal_45	Ordinal_45	Global	IMPORTED	false	false	true
59a7c0af	Function	SymGetLineFromAddr	SymGetLineFromAddr	Global	IMPORTED	true	false	true
59a7c0f2	Label	Ordinal_46	Ordinal_46	Global	IMPORTED	false	false	true
59a7c0f2	Function	SymGetLineFromName64	SymGetLineFromName64	Global	IMPORTED	true	false	true
59a7c2f5	Label	Ordinal_47	Ordinal_47	Global	IMPORTED	false	false	true
59a7c2f5	Function	SymGetLineFromName	SymGetLineFromName	Global	IMPORTED	true	false	true
59a7c345	Label	Ordinal_48	Ordinal_48	Global	IMPORTED	false	false	true
59a7c345	Function	SymGetLineNext64	SymGetLineNext64	Global	IMPORTED	true	false	true
59a7c469	Label	Ordinal_49	Ordinal_49	Global	IMPORTED	false	false	true
59a7c469	Function	SymGetLineNext	SymGetLineNext	Global	IMPORTED	true	false	true
59a7c4ad	Label	Ordinal_50	Ordinal_50	Global	IMPORTED	false	false	true
59a7c4ad	Function	SymGetLinePrev64	SymGetLinePrev64	Global	IMPORTED	true	false	true
59a7c5c3	Label	Ordinal_51	Ordinal_51	Global	IMPORTED	false	false	true
59a7c5c3	Function	SymGetLinePrev	SymGetLinePrev	Global	IMPORTED	true	false	true
59a7c607	Label	Ordinal_74	Ordinal_74	Global	IMPORTED	false	false	true
59a7c607	Function	SymMatchFileName	SymMatchFileName	Global	IMPORTED	true	false	true
59a7c6a0	Label	Ordinal_79	Ordinal_79	Global	IMPORTED	false	false	true
59a7c6a0	Function	SymRegisterFunctionEntryCallback	SymRegisterFunctionEntryCallback	Global	IMPORTED	true	false	true
59a7c718	Label	Ordinal_78	Ordinal_78	Global	IMPORTED	false	false	true
59a7c718	Function	SymRegisterFunctionEntryCallback64	SymRegisterFunctionEntryCallback64	Global	IMPORTED	true	false	true
59a7c790	Label	Ordinal_41	Ordinal_41	Global	IMPORTED	false	false	true
59a7c790	Function	SymFunctionTableAccess64	SymFunctionTableAccess64	Global	IMPORTED	true	false	true
59a7c94e	Label	Ordinal_54	Ordinal_54	Global	IMPORTED	false	false	true
59a7c94e	Function	SymGetModuleInfo64	SymGetModuleInfo64	Global	IMPORTED	true	false	true
59a7ca70	Label	Ordinal_55	Ordinal_55	Global	IMPORTED	false	false	true
59a7ca70	Function	SymGetModuleInfo	SymGetModuleInfo	Global	IMPORTED	true	false	true
59a7cba8	Label	Ordinal_52	Ordinal_52	Global	IMPORTED	false	false	true
59a7cba8	Function	SymGetModuleBase64	SymGetModuleBase64	Global	IMPORTED	true	false	true
59a7cc18	Label	Ordinal_53	Ordinal_53	Global	IMPORTED	false	false	true
59a7cc18	Function	SymGetModuleBase	SymGetModuleBase	Global	IMPORTED	true	false	true
59a7cc33	Label	Ordinal_86	Ordinal_86	Global	IMPORTED	false	false	true
59a7cc33	Function	SymUnloadModule64	SymUnloadModule64	Global	IMPORTED	true	false	true
59a7cce4	Label	Ordinal_87	Ordinal_87	Global	IMPORTED	false	false	true
59a7cce4	Function	SymUnloadModule	SymUnloadModule	Global	IMPORTED	true	false	true
59a7ccff	Label	Ordinal_73	Ordinal_73	Global	IMPORTED	false	false	true
59a7ccff	Function	SymLoadModuleEx	SymLoadModuleEx	Global	IMPORTED	true	false	true
59a7cd63	Label	Ordinal_71	Ordinal_71	Global	IMPORTED	false	false	true
59a7cd63	Function	SymLoadModule64	SymLoadModule64	Global	IMPORTED	true	false	true
59a7cd8f	Label	Ordinal_72	Ordinal_72	Global	IMPORTED	false	false	true
59a7cd8f	Function	SymLoadModule	SymLoadModule	Global	IMPORTED	true	false	true
59a7cdb6	Label	Ordinal_85	Ordinal_85	Global	IMPORTED	false	false	true
59a7cdb6	Function	SymUnDName	SymUnDName	Global	IMPORTED	true	false	true
59a7ce2a	Label	Ordinal_84	Ordinal_84	Global	IMPORTED	false	false	true
59a7ce2a	Function	SymUnDName64	SymUnDName64	Global	IMPORTED	true	false	true
59a7ce9e	Label	Ordinal_59	Ordinal_59	Global	IMPORTED	false	false	true
59a7ce9e	Function	SymGetSearchPath	SymGetSearchPath	Global	IMPORTED	true	false	true
59a7cf08	Label	Ordinal_82	Ordinal_82	Global	IMPORTED	false	false	true
59a7cf08	Function	SymSetSearchPath	SymSetSearchPath	Global	IMPORTED	true	false	true
59a7d0ab	Label	Ordinal_4	Ordinal_4	Global	IMPORTED	false	false	true
59a7d0ab	Function	EnumerateLoadedModules	EnumerateLoadedModules	Global	IMPORTED	true	false	true
59a7d11a	Label	Ordinal_3	Ordinal_3	Global	IMPORTED	false	false	true
59a7d11a	Function	EnumerateLoadedModules64	EnumerateLoadedModules64	Global	IMPORTED	true	false	true
59a7d189	Label	Ordinal_77	Ordinal_77	Global	IMPORTED	false	false	true
59a7d189	Function	SymRegisterCallback	SymRegisterCallback	Global	IMPORTED	true	false	true
59a7d201	Label	Ordinal_76	Ordinal_76	Global	IMPORTED	false	false	true
59a7d201	Function	SymRegisterCallback64	SymRegisterCallback64	Global	IMPORTED	true	false	true
59a7d279	Function	FUN_59a7d279	FUN_59a7d279	Global	DEFAULT	true	false	false
59a7d2a1	Function	FUN_59a7d2a1	FUN_59a7d2a1	Global	DEFAULT	true	false	false
59a7d315	Label	Ordinal_39	Ordinal_39	Global	IMPORTED	false	false	true
59a7d315	Function	SymFromAddr	SymFromAddr	Global	IMPORTED	true	false	true
59a7d362	Label	Ordinal_40	Ordinal_40	Global	IMPORTED	false	false	true
59a7d362	Function	SymFromName	SymFromName	Global	IMPORTED	true	false	true
59a7d399	Label	Ordinal_31	Ordinal_31	Global	IMPORTED	false	false	true
59a7d399	Function	SymEnumTypes	SymEnumTypes	Global	IMPORTED	true	false	true
59a7d3ff	Label	Ordinal_68	Ordinal_68	Global	IMPORTED	false	false	true
59a7d3ff	Function	SymGetTypeFromName	SymGetTypeFromName	Global	IMPORTED	true	false	true
59a7d4f1	Function	FUN_59a7d4f1	FUN_59a7d4f1	Global	DEFAULT	true	false	false
59a7d579	Function	FUN_59a7d579	FUN_59a7d579	Global	DEFAULT	true	false	false
59a7d5cc	Function	FUN_59a7d5cc	FUN_59a7d5cc	Global	DEFAULT	true	false	false
59a7d61e	Label	Ordinal_69	Ordinal_69	Global	IMPORTED	false	false	true
59a7d61e	Function	SymGetTypeInfo	SymGetTypeInfo	Global	IMPORTED	true	false	true
59a7d655	Function	FUN_59a7d655	FUN_59a7d655	Global	DEFAULT	true	false	false
59a7d6fb	Label	Ordinal_70	Ordinal_70	Global	IMPORTED	false	false	true
59a7d6fb	Function	SymInitialize	SymInitialize	Global	IMPORTED	true	false	true
59a7d857	Label	Ordinal_65	Ordinal_65	Global	IMPORTED	false	false	true
59a7d857	Function	SymGetSymNext	SymGetSymNext	Global	IMPORTED	true	false	true
59a7d8a8	Label	Ordinal_64	Ordinal_64	Global	IMPORTED	false	false	true
59a7d8a8	Function	SymGetSymNext64	SymGetSymNext64	Global	IMPORTED	true	false	true
59a7d8c3	Label	Ordinal_67	Ordinal_67	Global	IMPORTED	false	false	true
59a7d8c3	Function	SymGetSymPrev	SymGetSymPrev	Global	IMPORTED	true	false	true
59a7d914	Label	Ordinal_66	Ordinal_66	Global	IMPORTED	false	false	true
59a7d914	Function	SymGetSymPrev64	SymGetSymPrev64	Global	IMPORTED	true	false	true
59a7d92f	Label	Ordinal_42	Ordinal_42	Global	IMPORTED	false	false	true
59a7d92f	Function	SymFunctionTableAccess	SymFunctionTableAccess	Global	IMPORTED	true	false	true
59a7d94b	Function	FUN_59a7d94b	FUN_59a7d94b	Global	DEFAULT	true	false	false
59a7d9e1	Function	FUN_59a7d9e1	FUN_59a7d9e1	Global	DEFAULT	true	false	false
59a7da74	Function	FUN_59a7da74	FUN_59a7da74	Global	DEFAULT	true	false	false
59a7db10	Function	FUN_59a7db10	FUN_59a7db10	Global	DEFAULT	true	false	false
59a7dba9	Function	FUN_59a7dba9	FUN_59a7dba9	Global	DEFAULT	true	false	false
59a7dc14	Label	Ordinal_75	Ordinal_75	Global	IMPORTED	false	false	true
59a7dc14	Function	SymMatchString	SymMatchString	Global	IMPORTED	true	false	true
59a7dc35	Function	FUN_59a7dc35	FUN_59a7dc35	Global	DEFAULT	true	false	false
59a7dc70	Function	FUN_59a7dc70	FUN_59a7dc70	Global	DEFAULT	true	false	false
59a7dfc8	Label	Ordinal_35	Ordinal_35	Global	IMPORTED	false	false	true
59a7dfc8	Label	SymEnumerateSymbolsW	SymEnumerateSymbolsW	Global	IMPORTED	false	false	true
59a7dfc8	Label	Ordinal_37	Ordinal_37	Global	IMPORTED	false	false	true
59a7dfc8	Function	SymEnumerateSymbols	SymEnumerateSymbols	Global	IMPORTED	true	false	true
59a7e007	Label	Ordinal_34	Ordinal_34	Global	IMPORTED	false	false	true
59a7e007	Label	SymEnumerateSymbolsW64	SymEnumerateSymbolsW64	Global	IMPORTED	false	false	true
59a7e007	Label	Ordinal_36	Ordinal_36	Global	IMPORTED	false	false	true
59a7e007	Function	SymEnumerateSymbols64	SymEnumerateSymbols64	Global	IMPORTED	true	false	true
59a7e04c	Label	Ordinal_57	Ordinal_57	Global	IMPORTED	false	false	true
59a7e04c	Function	SymGetModuleInfoW	SymGetModuleInfoW	Global	IMPORTED	true	false	true
59a7e0d6	Label	Ordinal_56	Ordinal_56	Global	IMPORTED	false	false	true
59a7e0d6	Function	SymGetModuleInfoW64	SymGetModuleInfoW64	Global	IMPORTED	true	false	true
59a7e143	Label	Ordinal_30	Ordinal_30	Global	IMPORTED	false	false	true
59a7e143	Function	SymEnumSymbols	SymEnumSymbols	Global	IMPORTED	true	false	true
59a7e16c	Label	Ordinal_29	Ordinal_29	Global	IMPORTED	false	false	true
59a7e16c	Function	SymEnumSym	SymEnumSym	Global	IMPORTED	true	false	true
59a7e190	Label	Ordinal_28	Ordinal_28	Global	IMPORTED	false	false	true
59a7e190	Function	SymEnumSourceFiles	SymEnumSourceFiles	Global	IMPORTED	true	false	true
59a7e379	Function	FUN_59a7e379	FUN_59a7e379	Global	DEFAULT	true	false	false
59a7e3cb	Function	FUN_59a7e3cb	FUN_59a7e3cb	Global	DEFAULT	true	false	false
59a7e3e4	Function	FUN_59a7e3e4	FUN_59a7e3e4	Global	DEFAULT	true	false	false
59a7e443	Function	FUN_59a7e443	FUN_59a7e443	Global	DEFAULT	true	false	false
59a7e493	Function	FUN_59a7e493	FUN_59a7e493	Global	DEFAULT	true	false	false
59a7e4fb	Function	FUN_59a7e4fb	FUN_59a7e4fb	Global	DEFAULT	true	false	false
59a7e619	Function	FUN_59a7e619	FUN_59a7e619	Global	DEFAULT	true	false	false
59a7e713	Function	FUN_59a7e713	FUN_59a7e713	Global	DEFAULT	true	false	false
59a7e887	Function	FUN_59a7e887	FUN_59a7e887	Global	DEFAULT	true	false	false
59a7e8e9	Function	FUN_59a7e8e9	FUN_59a7e8e9	Global	DEFAULT	true	false	false
59a7e92f	Function	FUN_59a7e92f	FUN_59a7e92f	Global	DEFAULT	true	false	false
59a7e9b9	Function	FUN_59a7e9b9	FUN_59a7e9b9	Global	DEFAULT	true	false	false
59a7eb27	Function	FUN_59a7eb27	FUN_59a7eb27	Global	DEFAULT	true	false	false
59a7ebdf	Function	FUN_59a7ebdf	FUN_59a7ebdf	Global	DEFAULT	true	false	false
59a7ec2e	Function	FUN_59a7ec2e	FUN_59a7ec2e	Global	DEFAULT	true	false	false
59a7eca1	Function	FUN_59a7eca1	FUN_59a7eca1	Global	DEFAULT	true	false	false
59a7ece5	Function	FUN_59a7ece5	FUN_59a7ece5	Global	DEFAULT	true	false	false
59a7edb0	Function	FUN_59a7edb0	FUN_59a7edb0	Global	DEFAULT	true	false	false
59a7ee12	Function	FUN_59a7ee12	FUN_59a7ee12	Global	DEFAULT	true	false	false
59a7eebd	Function	FUN_59a7eebd	FUN_59a7eebd	Global	DEFAULT	true	false	false
59a7eefd	Function	FUN_59a7eefd	FUN_59a7eefd	Global	DEFAULT	true	false	false
59a7ef3e	Function	FUN_59a7ef3e	FUN_59a7ef3e	Global	DEFAULT	true	false	false
59a7f0e7	Function	FUN_59a7f0e7	FUN_59a7f0e7	Global	DEFAULT	true	false	false
59a7f15a	Function	FUN_59a7f15a	FUN_59a7f15a	Global	DEFAULT	true	false	false
59a7f19d	Function	FUN_59a7f19d	FUN_59a7f19d	Global	DEFAULT	true	false	false
59a7f1e4	Function	FUN_59a7f1e4	FUN_59a7f1e4	Global	DEFAULT	true	false	false
59a7f230	Function	FUN_59a7f230	FUN_59a7f230	Global	DEFAULT	true	false	false
59a7f2da	Function	FUN_59a7f2da	FUN_59a7f2da	Global	DEFAULT	true	false	false
59a7f39d	Function	FUN_59a7f39d	FUN_59a7f39d	Global	DEFAULT	true	false	false
59a7f408	Function	FUN_59a7f408	FUN_59a7f408	Global	DEFAULT	true	false	false
59a7f443	Function	FUN_59a7f443	FUN_59a7f443	Global	DEFAULT	true	false	false
59a7f476	Function	FUN_59a7f476	FUN_59a7f476	Global	DEFAULT	true	false	false
59a7f4b5	Function	FUN_59a7f4b5	FUN_59a7f4b5	Global	DEFAULT	true	false	false
59a7f4e0	Function	FUN_59a7f4e0	FUN_59a7f4e0	Global	DEFAULT	true	false	false
59a7f6a9	Function	FUN_59a7f6a9	FUN_59a7f6a9	Global	DEFAULT	true	false	false
59a7f6e9	Function	FUN_59a7f6e9	FUN_59a7f6e9	Global	DEFAULT	true	false	false
59a7f72f	Function	FUN_59a7f72f	FUN_59a7f72f	Global	DEFAULT	true	false	false
59a7f784	Function	FUN_59a7f784	FUN_59a7f784	Global	DEFAULT	true	false	false
59a7f7ce	Function	FUN_59a7f7ce	FUN_59a7f7ce	Global	DEFAULT	true	false	false
59a7f80a	Function	FUN_59a7f80a	FUN_59a7f80a	Global	DEFAULT	true	false	false
59a7f83d	Function	FUN_59a7f83d	FUN_59a7f83d	Global	DEFAULT	true	false	false
59a7f908	Function	FUN_59a7f908	FUN_59a7f908	Global	DEFAULT	true	false	false
59a7f973	Function	FUN_59a7f973	FUN_59a7f973	Global	DEFAULT	true	false	false
59a7f9ed	Function	FUN_59a7f9ed	FUN_59a7f9ed	Global	DEFAULT	true	false	false
59a7facd	Label	default	switchD_59a7fb6e::default	switchD_59a7fb6e	ANALYSIS	true	false	false
59a7fb6e	Label	switchD	switchD_59a7fb6e::switchD	switchD_59a7fb6e	ANALYSIS	true	false	false
59a7fb75	Label	caseD_1001	switchD_59a7fb6e::caseD_1001	switchD_59a7fb6e	ANALYSIS	true	false	false
59a7fba1	Label	caseD_1002	switchD_59a7fb6e::caseD_1002	switchD_59a7fb6e	ANALYSIS	true	false	false
59a7fbb8	Label	caseD_1003	switchD_59a7fb6e::caseD_1003	switchD_59a7fb6e	ANALYSIS	true	false	false
59a7fbca	Label	caseD_1006	switchD_59a7fb6e::caseD_1006	switchD_59a7fb6e	ANALYSIS	true	false	false
59a7fbf0	Label	caseD_1007	switchD_59a7fb6e::caseD_1007	switchD_59a7fb6e	ANALYSIS	true	false	false
59a7fbf0	Label	caseD_1008	switchD_59a7fb6e::caseD_1008	switchD_59a7fb6e	ANALYSIS	false	false	false
59a7fbf0	Label	caseD_1009	switchD_59a7fb6e::caseD_1009	switchD_59a7fb6e	ANALYSIS	false	false	false
59a7fc0f	Label	caseD_100a	switchD_59a7fb6e::caseD_100a	switchD_59a7fb6e	ANALYSIS	true	false	false
59a7fc0f	Label	caseD_100b	switchD_59a7fb6e::caseD_100b	switchD_59a7fb6e	ANALYSIS	false	false	false
59a7fc56	Label	caseD_1000	switchD_59a7fb6e::caseD_1000	switchD_59a7fb6e	ANALYSIS	true	false	false
59a7fc56	Label	caseD_1004	switchD_59a7fb6e::caseD_1004	switchD_59a7fb6e	ANALYSIS	false	false	false
59a7fc56	Label	caseD_1005	switchD_59a7fb6e::caseD_1005	switchD_59a7fb6e	ANALYSIS	false	false	false
59a7fc56	Label	caseD_100c	switchD_59a7fb6e::caseD_100c	switchD_59a7fb6e	ANALYSIS	false	false	false
59a7fc75	Label	caseD_100d	switchD_59a7fb6e::caseD_100d	switchD_59a7fb6e	ANALYSIS	true	false	false
59a7fcae	Label	switchdataD_59a7fcae	switchD_59a7fb6e::switchdataD_59a7fcae	switchD_59a7fb6e	ANALYSIS	true	false	false
59a7fceb	Function	FUN_59a7fceb	FUN_59a7fceb	Global	DEFAULT	true	false	false
59a7fe23	Function	FUN_59a7fe23	FUN_59a7fe23	Global	DEFAULT	true	false	false
59a7fe85	Function	FUN_59a7fe85	FUN_59a7fe85	Global	DEFAULT	true	false	false
59a80218	Function	FUN_59a80218	FUN_59a80218	Global	DEFAULT	true	false	false
59a802bb	Function	FUN_59a802bb	FUN_59a802bb	Global	DEFAULT	true	false	false
59a80330	Function	FUN_59a80330	FUN_59a80330	Global	DEFAULT	true	false	false
59a803c0	Function	FUN_59a803c0	FUN_59a803c0	Global	DEFAULT	true	false	false
59a80419	Function	FUN_59a80419	FUN_59a80419	Global	DEFAULT	true	false	false
59a80472	Function	FUN_59a80472	FUN_59a80472	Global	DEFAULT	true	false	false
59a804f2	Function	FUN_59a804f2	FUN_59a804f2	Global	DEFAULT	true	false	false
59a80528	Function	FUN_59a80528	FUN_59a80528	Global	DEFAULT	true	false	false
59a8055d	Function	FUN_59a8055d	FUN_59a8055d	Global	DEFAULT	true	false	false
59a80591	Function	FUN_59a80591	FUN_59a80591	Global	DEFAULT	true	false	false
59a80609	Function	FUN_59a80609	FUN_59a80609	Global	DEFAULT	true	false	false
59a806f2	Function	FUN_59a806f2	FUN_59a806f2	Global	DEFAULT	true	false	false
59a80bb5	Function	FUN_59a80bb5	FUN_59a80bb5	Global	DEFAULT	true	false	false
59a80ed2	Function	FUN_59a80ed2	FUN_59a80ed2	Global	DEFAULT	true	false	false
59a81234	Function	FUN_59a81234	FUN_59a81234	Global	DEFAULT	true	false	false
59a81455	Function	FUN_59a81455	FUN_59a81455	Global	DEFAULT	true	false	false
59a81652	Function	FUN_59a81652	FUN_59a81652	Global	DEFAULT	true	false	false
59a81d2e	Function	FUN_59a81d2e	FUN_59a81d2e	Global	DEFAULT	true	false	false
59a82036	Function	FUN_59a82036	FUN_59a82036	Global	DEFAULT	true	false	false
59a82061	Function	FUN_59a82061	FUN_59a82061	Global	DEFAULT	true	false	false
59a820d5	Function	FUN_59a820d5	FUN_59a820d5	Global	DEFAULT	true	false	false
59a8214b	Function	FUN_59a8214b	FUN_59a8214b	Global	DEFAULT	true	false	false
59a821cb	Function	FUN_59a821cb	FUN_59a821cb	Global	DEFAULT	true	false	false
59a8265a	Function	FUN_59a8265a	FUN_59a8265a	Global	DEFAULT	true	false	false
59a826b1	Function	FUN_59a826b1	FUN_59a826b1	Global	DEFAULT	true	false	false
59a8271b	Function	FUN_59a8271b	FUN_59a8271b	Global	DEFAULT	true	false	false
59a82767	Function	FUN_59a82767	FUN_59a82767	Global	DEFAULT	true	false	false
59a827bd	Function	FUN_59a827bd	FUN_59a827bd	Global	DEFAULT	true	false	false
59a827da	Function	FUN_59a827da	FUN_59a827da	Global	DEFAULT	true	false	false
59a828f0	Label	Ordinal_2	Ordinal_2	Global	IMPORTED	false	false	true
59a828f0	Function	DbgHelpCreateUserDumpW	DbgHelpCreateUserDumpW	Global	IMPORTED	true	false	true
59a82fa5	Label	Ordinal_1	Ordinal_1	Global	IMPORTED	false	false	true
59a82fa5	Function	DbgHelpCreateUserDump	DbgHelpCreateUserDump	Global	IMPORTED	true	false	true
59a8302b	Function	FUN_59a8302b	FUN_59a8302b	Global	DEFAULT	true	false	false
59a83057	Function	FUN_59a83057	FUN_59a83057	Global	DEFAULT	true	false	false
59a8307d	Function	FUN_59a8307d	FUN_59a8307d	Global	DEFAULT	true	false	false
59a830c9	Function	FUN_59a830c9	FUN_59a830c9	Global	DEFAULT	true	false	false
59a830f0	Function	FUN_59a830f0	FUN_59a830f0	Global	DEFAULT	true	false	false
59a8310e	Function	FUN_59a8310e	FUN_59a8310e	Global	DEFAULT	true	false	false
59a8314f	Function	FUN_59a8314f	FUN_59a8314f	Global	DEFAULT	true	false	false
59a8317a	Function	FUN_59a8317a	FUN_59a8317a	Global	DEFAULT	true	false	false
59a83235	Function	FUN_59a83235	FUN_59a83235	Global	DEFAULT	true	false	false
59a832c0	Function	FUN_59a832c0	FUN_59a832c0	Global	DEFAULT	true	false	false
59a83330	Function	FUN_59a83330	FUN_59a83330	Global	DEFAULT	true	false	false
59a8334c	Label	Ordinal_26	Ordinal_26	Global	IMPORTED	false	false	true
59a8334c	Function	StackWalk	StackWalk	Global	IMPORTED	true	false	true
59a83492	Label	Ordinal_25	Ordinal_25	Global	IMPORTED	false	false	true
59a83492	Function	StackWalk64	StackWalk64	Global	IMPORTED	true	false	true
59a83579	Function	FUN_59a83579	FUN_59a83579	Global	DEFAULT	true	false	false
59a835b0	Function	FUN_59a835b0	FUN_59a835b0	Global	DEFAULT	true	false	false
59a835d3	Label	switchD	switchD_59a835d3::switchD	switchD_59a835d3	ANALYSIS	true	false	false
59a835da	Label	caseD_1e	switchD_59a835d3::caseD_1e	switchD_59a835d3	ANALYSIS	true	false	false
59a835eb	Label	caseD_1d	switchD_59a835d3::caseD_1d	switchD_59a835d3	ANALYSIS	true	false	false
59a835fc	Label	caseD_19	switchD_59a835d3::caseD_19	switchD_59a835d3	ANALYSIS	true	false	false
59a8360d	Label	caseD_1c	switchD_59a835d3::caseD_1c	switchD_59a835d3	ANALYSIS	true	false	false
59a8361e	Label	caseD_18	switchD_59a835d3::caseD_18	switchD_59a835d3	ANALYSIS	true	false	false
59a8362f	Label	caseD_17	switchD_59a835d3::caseD_17	switchD_59a835d3	ANALYSIS	true	false	false
59a83640	Label	caseD_14	switchD_59a835d3::caseD_14	switchD_59a835d3	ANALYSIS	true	false	false
59a8364e	Label	caseD_13	switchD_59a835d3::caseD_13	switchD_59a835d3	ANALYSIS	true	false	false
59a8365c	Label	caseD_12	switchD_59a835d3::caseD_12	switchD_59a835d3	ANALYSIS	true	false	false
59a8366a	Label	caseD_11	switchD_59a835d3::caseD_11	switchD_59a835d3	ANALYSIS	true	false	false
59a83678	Label	caseD_16	switchD_59a835d3::caseD_16	switchD_59a835d3	ANALYSIS	true	false	false
59a83686	Label	caseD_21	switchD_59a835d3::caseD_21	switchD_59a835d3	ANALYSIS	true	false	false
59a83694	Label	caseD_1a	switchD_59a835d3::caseD_1a	switchD_59a835d3	ANALYSIS	true	false	false
59a836a2	Label	caseD_22	switchD_59a835d3::caseD_22	switchD_59a835d3	ANALYSIS	true	false	false
59a836b0	Label	caseD_15	switchD_59a835d3::caseD_15	switchD_59a835d3	ANALYSIS	true	false	false
59a836be	Label	caseD_1b	switchD_59a835d3::caseD_1b	switchD_59a835d3	ANALYSIS	true	false	false
59a8373f	Label	caseD_1f	switchD_59a835d3::caseD_1f	switchD_59a835d3	ANALYSIS	true	false	false
59a8373f	Label	caseD_20	switchD_59a835d3::caseD_20	switchD_59a835d3	ANALYSIS	false	false	false
59a83787	Label	switchdataD_59a83787	switchD_59a835d3::switchdataD_59a83787	switchD_59a835d3	ANALYSIS	true	false	false
59a837d4	Function	FUN_59a837d4	FUN_59a837d4	Global	DEFAULT	true	false	false
59a837f7	Label	switchD	switchD_59a837f7::switchD	switchD_59a837f7	ANALYSIS	true	false	false
59a837fe	Label	caseD_1e	switchD_59a837f7::caseD_1e	switchD_59a837f7	ANALYSIS	true	false	false
59a83812	Label	caseD_1d	switchD_59a837f7::caseD_1d	switchD_59a837f7	ANALYSIS	true	false	false
59a83826	Label	caseD_19	switchD_59a837f7::caseD_19	switchD_59a837f7	ANALYSIS	true	false	false
59a8383a	Label	caseD_1c	switchD_59a837f7::caseD_1c	switchD_59a837f7	ANALYSIS	true	false	false
59a8384e	Label	caseD_18	switchD_59a837f7::caseD_18	switchD_59a837f7	ANALYSIS	true	false	false
59a83862	Label	caseD_17	switchD_59a837f7::caseD_17	switchD_59a837f7	ANALYSIS	true	false	false
59a83876	Label	caseD_14	switchD_59a837f7::caseD_14	switchD_59a837f7	ANALYSIS	true	false	false
59a8388a	Label	caseD_13	switchD_59a837f7::caseD_13	switchD_59a837f7	ANALYSIS	true	false	false
59a8389e	Label	caseD_12	switchD_59a837f7::caseD_12	switchD_59a837f7	ANALYSIS	true	false	false
59a838b2	Label	caseD_11	switchD_59a837f7::caseD_11	switchD_59a837f7	ANALYSIS	true	false	false
59a838c6	Label	caseD_16	switchD_59a837f7::caseD_16	switchD_59a837f7	ANALYSIS	true	false	false
59a838da	Label	caseD_21	switchD_59a837f7::caseD_21	switchD_59a837f7	ANALYSIS	true	false	false
59a838ee	Label	caseD_1a	switchD_59a837f7::caseD_1a	switchD_59a837f7	ANALYSIS	true	false	false
59a83902	Label	caseD_22	switchD_59a837f7::caseD_22	switchD_59a837f7	ANALYSIS	true	false	false
59a83916	Label	caseD_15	switchD_59a837f7::caseD_15	switchD_59a837f7	ANALYSIS	true	false	false
59a8392a	Label	caseD_1b	switchD_59a837f7::caseD_1b	switchD_59a837f7	ANALYSIS	true	false	false
59a839ba	Label	caseD_1f	switchD_59a837f7::caseD_1f	switchD_59a837f7	ANALYSIS	true	false	false
59a839ba	Label	caseD_20	switchD_59a837f7::caseD_20	switchD_59a837f7	ANALYSIS	false	false	false
59a839f2	Label	switchdataD_59a839f2	switchD_59a837f7::switchdataD_59a839f2	switchD_59a837f7	ANALYSIS	true	false	false
59a83a3f	Function	FUN_59a83a3f	FUN_59a83a3f	Global	DEFAULT	true	false	false
59a83a73	Function	FUN_59a83a73	FUN_59a83a73	Global	DEFAULT	true	false	false
59a83ac2	Function	FUN_59a83ac2	FUN_59a83ac2	Global	DEFAULT	true	false	false
59a83b09	Function	FUN_59a83b09	FUN_59a83b09	Global	DEFAULT	true	false	false
59a83d3c	Function	FUN_59a83d3c	FUN_59a83d3c	Global	DEFAULT	true	false	false
59a83e2e	Function	FUN_59a83e2e	FUN_59a83e2e	Global	DEFAULT	true	false	false
59a83e7f	Function	FUN_59a83e7f	FUN_59a83e7f	Global	DEFAULT	true	false	false
59a83f41	Function	FUN_59a83f41	FUN_59a83f41	Global	DEFAULT	true	false	false
59a8402e	Function	FUN_59a8402e	FUN_59a8402e	Global	DEFAULT	true	false	false
59a84152	Function	FUN_59a84152	FUN_59a84152	Global	DEFAULT	true	false	false
59a84235	Function	FUN_59a84235	FUN_59a84235	Global	DEFAULT	true	false	false
59a84334	Function	FUN_59a84334	FUN_59a84334	Global	DEFAULT	true	false	false
59a843a9	Function	FUN_59a843a9	FUN_59a843a9	Global	DEFAULT	true	false	false
59a84431	Function	FUN_59a84431	FUN_59a84431	Global	DEFAULT	true	false	false
59a84529	Function	FUN_59a84529	FUN_59a84529	Global	DEFAULT	true	false	false
59a845a1	Function	FUN_59a845a1	FUN_59a845a1	Global	DEFAULT	true	false	false
59a8466b	Function	FUN_59a8466b	FUN_59a8466b	Global	DEFAULT	true	false	false
59a84709	Function	FUN_59a84709	FUN_59a84709	Global	DEFAULT	true	false	false
59a84ade	Function	FUN_59a84ade	FUN_59a84ade	Global	DEFAULT	true	false	false
59a84b0b	Function	FUN_59a84b0b	FUN_59a84b0b	Global	DEFAULT	true	false	false
59a84b53	Function	FUN_59a84b53	FUN_59a84b53	Global	DEFAULT	true	false	false
59a84c5e	Function	FUN_59a84c5e	FUN_59a84c5e	Global	DEFAULT	true	false	false
59a84e03	Function	FUN_59a84e03	FUN_59a84e03	Global	DEFAULT	true	false	false
59a84f86	Function	FUN_59a84f86	FUN_59a84f86	Global	DEFAULT	true	false	false
59a852df	Function	FUN_59a852df	FUN_59a852df	Global	DEFAULT	true	false	false
59a85318	Function	FUN_59a85318	FUN_59a85318	Global	DEFAULT	true	false	false
59a858cb	Function	FUN_59a858cb	FUN_59a858cb	Global	DEFAULT	true	false	false
59a85ccf	Function	FUN_59a85ccf	FUN_59a85ccf	Global	DEFAULT	true	false	false
59a85f0c	Function	FUN_59a85f0c	FUN_59a85f0c	Global	DEFAULT	true	false	false
59a86032	Function	FUN_59a86032	FUN_59a86032	Global	DEFAULT	true	false	false
59a862ac	Function	FUN_59a862ac	FUN_59a862ac	Global	DEFAULT	true	false	false
59a862e2	Function	FUN_59a862e2	FUN_59a862e2	Global	DEFAULT	true	false	false
59a8638b	Function	FUN_59a8638b	FUN_59a8638b	Global	DEFAULT	true	false	false
59a86419	Label	switchD	switchD_59a86419::switchD	switchD_59a86419	ANALYSIS	true	false	false
59a86420	Label	caseD_0	switchD_59a86419::caseD_0	switchD_59a86419	ANALYSIS	true	false	false
59a86463	Label	caseD_1	switchD_59a86419::caseD_1	switchD_59a86419	ANALYSIS	true	false	false
59a8648e	Label	caseD_2	switchD_59a86419::caseD_2	switchD_59a86419	ANALYSIS	true	false	false
59a864a6	Label	caseD_3	switchD_59a86419::caseD_3	switchD_59a86419	ANALYSIS	true	false	false
59a864de	Label	caseD_4	switchD_59a86419::caseD_4	switchD_59a86419	ANALYSIS	true	false	false
59a864e9	Label	caseD_5	switchD_59a86419::caseD_5	switchD_59a86419	ANALYSIS	true	false	false
59a86515	Label	caseD_6	switchD_59a86419::caseD_6	switchD_59a86419	ANALYSIS	true	false	false
59a8652d	Label	caseD_7	switchD_59a86419::caseD_7	switchD_59a86419	ANALYSIS	true	false	false
59a86571	Label	caseD_8	switchD_59a86419::caseD_8	switchD_59a86419	ANALYSIS	true	false	false
59a86589	Label	caseD_9	switchD_59a86419::caseD_9	switchD_59a86419	ANALYSIS	true	false	false
59a865d5	Label	caseD_a	switchD_59a86419::caseD_a	switchD_59a86419	ANALYSIS	true	false	false
59a8667a	Label	default	switchD_59a86419::default	switchD_59a86419	ANALYSIS	true	false	false
59a86757	Label	switchdataD_59a86757	switchD_59a86419::switchdataD_59a86757	switchD_59a86419	ANALYSIS	true	false	false
59a86788	Function	FUN_59a86788	FUN_59a86788	Global	DEFAULT	true	false	false
59a86bc3	Function	FUN_59a86bc3	FUN_59a86bc3	Global	DEFAULT	true	false	false
59a86d7d	Function	FUN_59a86d7d	FUN_59a86d7d	Global	DEFAULT	true	false	false
59a86dda	Function	FUN_59a86dda	FUN_59a86dda	Global	DEFAULT	true	false	false
59a86fcb	Function	FUN_59a86fcb	FUN_59a86fcb	Global	DEFAULT	true	false	false
59a87251	Function	FUN_59a87251	FUN_59a87251	Global	DEFAULT	true	false	false
59a87284	Function	FUN_59a87284	FUN_59a87284	Global	DEFAULT	true	false	false
59a874df	Function	FUN_59a874df	FUN_59a874df	Global	DEFAULT	true	false	false
59a87566	Function	FUN_59a87566	FUN_59a87566	Global	DEFAULT	true	false	false
59a87731	Function	FUN_59a87731	FUN_59a87731	Global	DEFAULT	true	false	false
59a87926	Function	FUN_59a87926	FUN_59a87926	Global	DEFAULT	true	false	false
59a87959	Function	FUN_59a87959	FUN_59a87959	Global	DEFAULT	true	false	false
59a8798c	Function	FUN_59a8798c	FUN_59a8798c	Global	DEFAULT	true	false	false
59a87a65	Function	FUN_59a87a65	FUN_59a87a65	Global	DEFAULT	true	false	false
59a87aed	Function	FUN_59a87aed	FUN_59a87aed	Global	DEFAULT	true	false	false
59a87b57	Function	FUN_59a87b57	FUN_59a87b57	Global	DEFAULT	true	false	false
59a87b99	Function	FUN_59a87b99	FUN_59a87b99	Global	DEFAULT	true	false	false
59a87bc3	Function	FUN_59a87bc3	FUN_59a87bc3	Global	DEFAULT	true	false	false
59a87c58	Function	FUN_59a87c58	FUN_59a87c58	Global	DEFAULT	true	false	false
59a87c83	Function	FUN_59a87c83	FUN_59a87c83	Global	DEFAULT	true	false	false
59a87cf7	Function	FUN_59a87cf7	FUN_59a87cf7	Global	DEFAULT	true	false	false
59a87dcd	Function	FUN_59a87dcd	FUN_59a87dcd	Global	DEFAULT	true	false	false
59a87f39	Function	FUN_59a87f39	FUN_59a87f39	Global	DEFAULT	true	false	false
59a881c0	Function	FUN_59a881c0	FUN_59a881c0	Global	DEFAULT	true	false	false
59a881f6	Function	FUN_59a881f6	FUN_59a881f6	Global	DEFAULT	true	false	false
59a8832e	Function	FUN_59a8832e	FUN_59a8832e	Global	DEFAULT	true	false	false
59a883e1	Label	switchD	switchD_59a883e1::switchD	switchD_59a883e1	ANALYSIS	true	false	false
59a883e8	Label	caseD_0	switchD_59a883e1::caseD_0	switchD_59a883e1	ANALYSIS	true	false	false
59a88428	Label	caseD_2	switchD_59a883e1::caseD_2	switchD_59a883e1	ANALYSIS	true	false	false
59a8843a	Label	caseD_1	switchD_59a883e1::caseD_1	switchD_59a883e1	ANALYSIS	true	false	false
59a8843a	Label	caseD_4	switchD_59a883e1::caseD_4	switchD_59a883e1	ANALYSIS	false	false	false
59a8843a	Label	caseD_6	switchD_59a883e1::caseD_6	switchD_59a883e1	ANALYSIS	false	false	false
59a8843a	Label	caseD_8	switchD_59a883e1::caseD_8	switchD_59a883e1	ANALYSIS	false	false	false
59a8843a	Label	caseD_a	switchD_59a883e1::caseD_a	switchD_59a883e1	ANALYSIS	false	false	false
59a8843a	Label	caseD_c	switchD_59a883e1::caseD_c	switchD_59a883e1	ANALYSIS	false	false	false
59a8843a	Label	caseD_e	switchD_59a883e1::caseD_e	switchD_59a883e1	ANALYSIS	false	false	false
59a8843a	Label	caseD_7	switchD_59a884bb::caseD_7	switchD_59a884bb	ANALYSIS	false	false	false
59a8843a	Label	caseD_a	switchD_59a884bb::caseD_a	switchD_59a884bb	ANALYSIS	false	false	false
59a8843a	Label	caseD_d	switchD_59a884bb::caseD_d	switchD_59a884bb	ANALYSIS	false	false	false
59a8843a	Label	caseD_10	switchD_59a884bb::caseD_10	switchD_59a884bb	ANALYSIS	false	false	false
59a884bb	Label	switchD	switchD_59a884bb::switchD	switchD_59a884bb	ANALYSIS	true	false	false
59a884c2	Label	caseD_3	switchD_59a883e1::caseD_3	switchD_59a883e1	ANALYSIS	true	false	false
59a884c2	Label	caseD_5	switchD_59a883e1::caseD_5	switchD_59a883e1	ANALYSIS	false	false	false
59a884c2	Label	caseD_7	switchD_59a883e1::caseD_7	switchD_59a883e1	ANALYSIS	false	false	false
59a884c2	Label	caseD_9	switchD_59a883e1::caseD_9	switchD_59a883e1	ANALYSIS	false	false	false
59a884c2	Label	caseD_b	switchD_59a883e1::caseD_b	switchD_59a883e1	ANALYSIS	false	false	false
59a884c2	Label	caseD_d	switchD_59a883e1::caseD_d	switchD_59a883e1	ANALYSIS	false	false	false
59a884c2	Label	caseD_f	switchD_59a883e1::caseD_f	switchD_59a883e1	ANALYSIS	false	false	false
59a884c2	Label	caseD_0	switchD_59a884bb::caseD_0	switchD_59a884bb	ANALYSIS	false	false	false
59a884c2	Label	caseD_1	switchD_59a884bb::caseD_1	switchD_59a884bb	ANALYSIS	false	false	false
59a884c2	Label	caseD_2	switchD_59a884bb::caseD_2	switchD_59a884bb	ANALYSIS	false	false	false
59a884c2	Label	caseD_3	switchD_59a884bb::caseD_3	switchD_59a884bb	ANALYSIS	false	false	false
59a884c2	Label	caseD_4	switchD_59a884bb::caseD_4	switchD_59a884bb	ANALYSIS	false	false	false
59a884c2	Label	caseD_5	switchD_59a884bb::caseD_5	switchD_59a884bb	ANALYSIS	false	false	false
59a884c2	Label	caseD_6	switchD_59a884bb::caseD_6	switchD_59a884bb	ANALYSIS	false	false	false
59a884c2	Label	caseD_8	switchD_59a884bb::caseD_8	switchD_59a884bb	ANALYSIS	false	false	false
59a884c2	Label	caseD_9	switchD_59a884bb::caseD_9	switchD_59a884bb	ANALYSIS	false	false	false
59a884c2	Label	caseD_b	switchD_59a884bb::caseD_b	switchD_59a884bb	ANALYSIS	false	false	false
59a884c2	Label	caseD_c	switchD_59a884bb::caseD_c	switchD_59a884bb	ANALYSIS	false	false	false
59a884c2	Label	caseD_e	switchD_59a884bb::caseD_e	switchD_59a884bb	ANALYSIS	false	false	false
59a884c2	Label	caseD_f	switchD_59a884bb::caseD_f	switchD_59a884bb	ANALYSIS	false	false	false
59a884c2	Label	caseD_11	switchD_59a884bb::caseD_11	switchD_59a884bb	ANALYSIS	false	false	false
59a884c2	Label	caseD_12	switchD_59a884bb::caseD_12	switchD_59a884bb	ANALYSIS	false	false	false
59a88502	Label	default	switchD_59a883e1::default	switchD_59a883e1	ANALYSIS	true	false	false
59a88502	Label	default	switchD_59a884bb::default	switchD_59a884bb	ANALYSIS	false	false	false
59a88524	Label	switchdataD_59a88524	switchD_59a883e1::switchdataD_59a88524	switchD_59a883e1	ANALYSIS	true	false	false
59a88534	Label	switchdataD_59a88534	switchD_59a883e1::switchdataD_59a88534	switchD_59a883e1	ANALYSIS	true	false	false
59a88544	Label	switchdataD_59a88544	switchD_59a884bb::switchdataD_59a88544	switchD_59a884bb	ANALYSIS	true	false	false
59a8854c	Label	switchdataD_59a8854c	switchD_59a884bb::switchdataD_59a8854c	switchD_59a884bb	ANALYSIS	true	false	false
59a88564	Function	FUN_59a88564	FUN_59a88564	Global	DEFAULT	true	false	false
59a88617	Label	default	switchD_59a88836::default	switchD_59a88836	ANALYSIS	true	false	false
59a88617	Label	default	switchD_59a88909::default	switchD_59a88909	ANALYSIS	false	false	false
59a88836	Label	switchD	switchD_59a88836::switchD	switchD_59a88836	ANALYSIS	true	false	false
59a8883d	Label	caseD_3	switchD_59a88836::caseD_3	switchD_59a88836	ANALYSIS	true	false	false
59a88882	Label	caseD_5	switchD_59a88836::caseD_5	switchD_59a88836	ANALYSIS	true	false	false
59a88882	Label	caseD_7	switchD_59a88836::caseD_7	switchD_59a88836	ANALYSIS	false	false	false
59a88882	Label	caseD_9	switchD_59a88836::caseD_9	switchD_59a88836	ANALYSIS	false	false	false
59a88882	Label	caseD_b	switchD_59a88836::caseD_b	switchD_59a88836	ANALYSIS	false	false	false
59a88882	Label	caseD_d	switchD_59a88836::caseD_d	switchD_59a88836	ANALYSIS	false	false	false
59a88882	Label	caseD_f	switchD_59a88836::caseD_f	switchD_59a88836	ANALYSIS	false	false	false
59a888b2	Label	caseD_0	switchD_59a88836::caseD_0	switchD_59a88836	ANALYSIS	true	false	false
59a888be	Label	caseD_1	switchD_59a88836::caseD_1	switchD_59a88836	ANALYSIS	true	false	false
59a888be	Label	caseD_4	switchD_59a88836::caseD_4	switchD_59a88836	ANALYSIS	false	false	false
59a888be	Label	caseD_6	switchD_59a88836::caseD_6	switchD_59a88836	ANALYSIS	false	false	false
59a888be	Label	caseD_8	switchD_59a88836::caseD_8	switchD_59a88836	ANALYSIS	false	false	false
59a888be	Label	caseD_a	switchD_59a88836::caseD_a	switchD_59a88836	ANALYSIS	false	false	false
59a888be	Label	caseD_c	switchD_59a88836::caseD_c	switchD_59a88836	ANALYSIS	false	false	false
59a888be	Label	caseD_e	switchD_59a88836::caseD_e	switchD_59a88836	ANALYSIS	false	false	false
59a888be	Label	caseD_7	switchD_59a88909::caseD_7	switchD_59a88909	ANALYSIS	false	false	false
59a888be	Label	caseD_a	switchD_59a88909::caseD_a	switchD_59a88909	ANALYSIS	false	false	false
59a888be	Label	caseD_d	switchD_59a88909::caseD_d	switchD_59a88909	ANALYSIS	false	false	false
59a888be	Label	caseD_10	switchD_59a88909::caseD_10	switchD_59a88909	ANALYSIS	false	false	false
59a888cf	Label	caseD_2	switchD_59a88836::caseD_2	switchD_59a88836	ANALYSIS	true	false	false
59a88909	Label	switchD	switchD_59a88909::switchD	switchD_59a88909	ANALYSIS	true	false	false
59a88910	Label	caseD_0	switchD_59a88909::caseD_0	switchD_59a88909	ANALYSIS	true	false	false
59a8891a	Label	caseD_1	switchD_59a88909::caseD_1	switchD_59a88909	ANALYSIS	true	false	false
59a8891a	Label	caseD_2	switchD_59a88909::caseD_2	switchD_59a88909	ANALYSIS	false	false	false
59a8891a	Label	caseD_3	switchD_59a88909::caseD_3	switchD_59a88909	ANALYSIS	false	false	false
59a8891a	Label	caseD_4	switchD_59a88909::caseD_4	switchD_59a88909	ANALYSIS	false	false	false
59a8891a	Label	caseD_5	switchD_59a88909::caseD_5	switchD_59a88909	ANALYSIS	false	false	false
59a8891a	Label	caseD_6	switchD_59a88909::caseD_6	switchD_59a88909	ANALYSIS	false	false	false
59a8891a	Label	caseD_9	switchD_59a88909::caseD_9	switchD_59a88909	ANALYSIS	false	false	false
59a8891a	Label	caseD_c	switchD_59a88909::caseD_c	switchD_59a88909	ANALYSIS	false	false	false
59a8891a	Label	caseD_f	switchD_59a88909::caseD_f	switchD_59a88909	ANALYSIS	false	false	false
59a8891a	Label	caseD_12	switchD_59a88909::caseD_12	switchD_59a88909	ANALYSIS	false	false	false
59a88978	Label	caseD_8	switchD_59a88909::caseD_8	switchD_59a88909	ANALYSIS	true	false	false
59a88978	Label	caseD_b	switchD_59a88909::caseD_b	switchD_59a88909	ANALYSIS	false	false	false
59a88978	Label	caseD_e	switchD_59a88909::caseD_e	switchD_59a88909	ANALYSIS	false	false	false
59a88978	Label	caseD_11	switchD_59a88909::caseD_11	switchD_59a88909	ANALYSIS	false	false	false
59a88c19	Label	switchdataD_59a88c19	switchD_59a88836::switchdataD_59a88c19	switchD_59a88836	ANALYSIS	true	false	false
59a88c2d	Label	switchdataD_59a88c2d	switchD_59a88836::switchdataD_59a88c2d	switchD_59a88836	ANALYSIS	true	false	false
59a88c3d	Label	switchdataD_59a88c3d	switchD_59a88909::switchdataD_59a88c3d	switchD_59a88909	ANALYSIS	true	false	false
59a88c4d	Label	switchdataD_59a88c4d	switchD_59a88909::switchdataD_59a88c4d	switchD_59a88909	ANALYSIS	true	false	false
59a88c65	Function	FUN_59a88c65	FUN_59a88c65	Global	DEFAULT	true	false	false
59a894c5	Function	___security_init_cookie	___security_init_cookie	Global	ANALYSIS	true	false	false
59a89538	Function	FUN_59a89538	FUN_59a89538	Global	DEFAULT	true	false	false
59a89650	Function	FUN_59a89650	FUN_59a89650	Global	DEFAULT	true	false	false
59a896a9	Function	FUN_59a896a9	FUN_59a896a9	Global	DEFAULT	true	false	false
59a896df	Function	FUN_59a896df	FUN_59a896df	Global	DEFAULT	true	false	false
59a8974f	Function	FUN_59a8974f	FUN_59a8974f	Global	DEFAULT	true	false	false
59a89816	Function	FUN_59a89816	FUN_59a89816	Global	DEFAULT	true	false	false
59a8987c	Function	FUN_59a8987c	FUN_59a8987c	Global	DEFAULT	true	false	false
59a8990c	Function	FUN_59a8990c	FUN_59a8990c	Global	DEFAULT	true	false	false
59a8996f	Function	FUN_59a8996f	FUN_59a8996f	Global	DEFAULT	true	false	false
59a899d2	Function	FUN_59a899d2	FUN_59a899d2	Global	DEFAULT	true	false	false
59a89b54	Function	FUN_59a89b54	FUN_59a89b54	Global	DEFAULT	true	false	false
59a89c28	Function	FUN_59a89c28	FUN_59a89c28	Global	DEFAULT	true	false	false
59a89d74	Function	FUN_59a89d74	FUN_59a89d74	Global	DEFAULT	true	false	false
59a89e59	Function	FUN_59a89e59	FUN_59a89e59	Global	DEFAULT	true	false	false
59a89efe	Function	FUN_59a89efe	FUN_59a89efe	Global	DEFAULT	true	false	false
59a89f55	Function	FUN_59a89f55	FUN_59a89f55	Global	DEFAULT	true	false	false
59a89fa0	Function	FUN_59a89fa0	FUN_59a89fa0	Global	DEFAULT	true	false	false
59a89fe4	Function	FUN_59a89fe4	FUN_59a89fe4	Global	DEFAULT	true	false	false
59a8a037	Function	FUN_59a8a037	FUN_59a8a037	Global	DEFAULT	true	false	false
59a8a124	Function	FUN_59a8a124	FUN_59a8a124	Global	DEFAULT	true	false	false
59a8a186	Function	FUN_59a8a186	FUN_59a8a186	Global	DEFAULT	true	false	false
59a8a3a3	Function	FUN_59a8a3a3	FUN_59a8a3a3	Global	DEFAULT	true	false	false
59a8a4b6	Function	FUN_59a8a4b6	FUN_59a8a4b6	Global	DEFAULT	true	false	false
59a8a51c	Function	FUN_59a8a51c	FUN_59a8a51c	Global	DEFAULT	true	false	false
59a8a57a	Function	FUN_59a8a57a	FUN_59a8a57a	Global	DEFAULT	true	false	false
59a8a5cf	Function	FUN_59a8a5cf	FUN_59a8a5cf	Global	DEFAULT	true	false	false
59a8a7a2	Function	FUN_59a8a7a2	FUN_59a8a7a2	Global	DEFAULT	true	false	false
59a8a805	Function	FUN_59a8a805	FUN_59a8a805	Global	DEFAULT	true	false	false
59a8a94b	Function	FUN_59a8a94b	FUN_59a8a94b	Global	DEFAULT	true	false	false
59a8a9d0	Function	FUN_59a8a9d0	FUN_59a8a9d0	Global	DEFAULT	true	false	false
59a8aa19	Function	FUN_59a8aa19	FUN_59a8aa19	Global	DEFAULT	true	false	false
59a8aa51	Function	FUN_59a8aa51	FUN_59a8aa51	Global	DEFAULT	true	false	false
59a8acc2	Function	FUN_59a8acc2	FUN_59a8acc2	Global	DEFAULT	true	false	false
59a8ad64	Function	FUN_59a8ad64	FUN_59a8ad64	Global	DEFAULT	true	false	false
59a8ae44	Function	FUN_59a8ae44	FUN_59a8ae44	Global	DEFAULT	true	false	false
59a8ae5e	Function	FUN_59a8ae5e	FUN_59a8ae5e	Global	DEFAULT	true	false	false
59a8b019	Label	Ordinal_22	Ordinal_22	Global	IMPORTED	false	false	true
59a8b019	Function	MiniDumpReadDumpStream	MiniDumpReadDumpStream	Global	IMPORTED	true	false	true
59a8b09e	Function	FUN_59a8b09e	FUN_59a8b09e	Global	DEFAULT	true	false	false
59a8b25e	Function	FUN_59a8b25e	FUN_59a8b25e	Global	DEFAULT	true	false	false
59a8b2e4	Function	FUN_59a8b2e4	FUN_59a8b2e4	Global	DEFAULT	true	false	false
59a8b482	Function	FUN_59a8b482	FUN_59a8b482	Global	DEFAULT	true	false	false
59a8b4cb	Function	FUN_59a8b4cb	FUN_59a8b4cb	Global	DEFAULT	true	false	false
59a8b679	Function	FUN_59a8b679	FUN_59a8b679	Global	DEFAULT	true	false	false
59a8b6db	Function	FUN_59a8b6db	FUN_59a8b6db	Global	DEFAULT	true	false	false
59a8b80a	Function	FUN_59a8b80a	FUN_59a8b80a	Global	DEFAULT	true	false	false
59a8b9b0	Label	Ordinal_23	Ordinal_23	Global	IMPORTED	false	false	true
59a8b9b0	Function	MiniDumpWriteDump	MiniDumpWriteDump	Global	IMPORTED	true	false	true
59a8bab8	Function	FUN_59a8bab8	FUN_59a8bab8	Global	DEFAULT	true	false	false
59a8bad4	Function	FUN_59a8bad4	FUN_59a8bad4	Global	DEFAULT	true	false	false
59a8bb24	Function	FUN_59a8bb24	FUN_59a8bb24	Global	DEFAULT	true	false	false
59a8bb97	Function	FUN_59a8bb97	FUN_59a8bb97	Global	DEFAULT	true	false	false
59a8bc18	Function	FUN_59a8bc18	FUN_59a8bc18	Global	DEFAULT	true	false	false
59a8bc67	Function	FUN_59a8bc67	FUN_59a8bc67	Global	DEFAULT	true	false	false
59a8bca1	Function	FUN_59a8bca1	FUN_59a8bca1	Global	DEFAULT	true	false	false
59a8bccd	Function	FUN_59a8bccd	FUN_59a8bccd	Global	DEFAULT	true	false	false
59a8bd70	Function	FUN_59a8bd70	FUN_59a8bd70	Global	DEFAULT	true	false	false
59a8bd98	Function	FUN_59a8bd98	FUN_59a8bd98	Global	DEFAULT	true	false	false
59a8bded	Function	FUN_59a8bded	FUN_59a8bded	Global	DEFAULT	true	false	false
59a8be37	Function	FUN_59a8be37	FUN_59a8be37	Global	DEFAULT	true	false	false
59a8be58	Function	FUN_59a8be58	FUN_59a8be58	Global	DEFAULT	true	false	false
59a8be98	Function	FUN_59a8be98	FUN_59a8be98	Global	DEFAULT	true	false	false
59a8beee	Function	FUN_59a8beee	FUN_59a8beee	Global	DEFAULT	true	false	false
59a8bf18	Function	FUN_59a8bf18	FUN_59a8bf18	Global	DEFAULT	true	false	false
59a8bf3e	Function	FUN_59a8bf3e	FUN_59a8bf3e	Global	DEFAULT	true	false	false
59a8bffe	Function	FUN_59a8bffe	FUN_59a8bffe	Global	DEFAULT	true	false	false
59a8c194	Function	FUN_59a8c194	FUN_59a8c194	Global	DEFAULT	true	false	false
59a8c1d2	Function	FUN_59a8c1d2	FUN_59a8c1d2	Global	DEFAULT	true	false	false
59a8c4a8	Function	FUN_59a8c4a8	FUN_59a8c4a8	Global	DEFAULT	true	false	false
59a8c507	Function	FUN_59a8c507	FUN_59a8c507	Global	DEFAULT	true	false	false
59a8c5a4	Function	FUN_59a8c5a4	FUN_59a8c5a4	Global	DEFAULT	true	false	false
59a8c6b2	Function	FUN_59a8c6b2	FUN_59a8c6b2	Global	DEFAULT	true	false	false
59a8c93d	Function	FUN_59a8c93d	FUN_59a8c93d	Global	DEFAULT	true	false	false
59a8ca17	Function	FUN_59a8ca17	FUN_59a8ca17	Global	DEFAULT	true	false	false
59a8ca8c	Function	FUN_59a8ca8c	FUN_59a8ca8c	Global	DEFAULT	true	false	false
59a8cb0c	Function	FUN_59a8cb0c	FUN_59a8cb0c	Global	DEFAULT	true	false	false
59a8cc12	Function	FUN_59a8cc12	FUN_59a8cc12	Global	DEFAULT	true	false	false
59a8ce97	Function	FUN_59a8ce97	FUN_59a8ce97	Global	DEFAULT	true	false	false
59a8cebc	Function	FUN_59a8cebc	FUN_59a8cebc	Global	DEFAULT	true	false	false
59a8cf03	Function	FUN_59a8cf03	FUN_59a8cf03	Global	DEFAULT	true	false	false
59a8d14e	Function	FUN_59a8d14e	FUN_59a8d14e	Global	DEFAULT	true	false	false
59a8d249	Function	FUN_59a8d249	FUN_59a8d249	Global	DEFAULT	true	false	false
59a8d2b7	Function	FUN_59a8d2b7	FUN_59a8d2b7	Global	DEFAULT	true	false	false
59a8d6e5	Function	FUN_59a8d6e5	FUN_59a8d6e5	Global	DEFAULT	true	false	false
59a8d713	Function	FUN_59a8d713	FUN_59a8d713	Global	DEFAULT	true	false	false
59a8d7f6	Function	FUN_59a8d7f6	FUN_59a8d7f6	Global	DEFAULT	true	false	false
59a8d81c	Function	FUN_59a8d81c	FUN_59a8d81c	Global	DEFAULT	true	false	false
59a8d859	Function	FUN_59a8d859	FUN_59a8d859	Global	DEFAULT	true	false	false
59a8d8cc	Function	_GetCpuInformation@4	_GetCpuInformation@4	Global	ANALYSIS	true	false	false
59a8d94b	Function	FUN_59a8d94b	FUN_59a8d94b	Global	DEFAULT	true	false	false
59a8d996	Function	FUN_59a8d996	FUN_59a8d996	Global	DEFAULT	true	false	false
59a8d9dc	Function	FUN_59a8d9dc	FUN_59a8d9dc	Global	DEFAULT	true	false	false
59a8d9f3	Function	FUN_59a8d9f3	FUN_59a8d9f3	Global	DEFAULT	true	false	false
59a8da0a	Function	FUN_59a8da0a	FUN_59a8da0a	Global	DEFAULT	true	false	false
59a8da24	Function	FUN_59a8da24	FUN_59a8da24	Global	DEFAULT	true	false	false
59a8da38	Function	FUN_59a8da38	FUN_59a8da38	Global	DEFAULT	true	false	false
59a8db41	Function	FUN_59a8db41	FUN_59a8db41	Global	DEFAULT	true	false	false
59a8dbf8	Function	FUN_59a8dbf8	FUN_59a8dbf8	Global	DEFAULT	true	false	false
59a8de29	Function	FUN_59a8de29	FUN_59a8de29	Global	DEFAULT	true	false	false
59a8de3a	Function	FUN_59a8de3a	FUN_59a8de3a	Global	DEFAULT	true	false	false
59a8df10	Function	FUN_59a8df10	FUN_59a8df10	Global	DEFAULT	true	false	false
59a8e0c8	Function	FUN_59a8e0c8	FUN_59a8e0c8	Global	DEFAULT	true	false	false
59a8e127	Function	FUN_59a8e127	FUN_59a8e127	Global	DEFAULT	true	false	false
59a8e143	Function	FUN_59a8e143	FUN_59a8e143	Global	DEFAULT	true	false	false
59a8e154	Function	FUN_59a8e154	FUN_59a8e154	Global	DEFAULT	true	false	false
59a8e165	Function	FUN_59a8e165	FUN_59a8e165	Global	DEFAULT	true	false	false
59a8e232	Function	FUN_59a8e232	FUN_59a8e232	Global	DEFAULT	true	false	false
59a8e295	Function	FUN_59a8e295	FUN_59a8e295	Global	DEFAULT	true	false	false
59a8e331	Function	FUN_59a8e331	FUN_59a8e331	Global	DEFAULT	true	false	false
59a8e36a	Function	FUN_59a8e36a	FUN_59a8e36a	Global	DEFAULT	true	false	false
59a8e3f0	Function	FUN_59a8e3f0	FUN_59a8e3f0	Global	DEFAULT	true	false	false
59a8e483	Function	FUN_59a8e483	FUN_59a8e483	Global	DEFAULT	true	false	false
59a8e62a	Function	FUN_59a8e62a	FUN_59a8e62a	Global	DEFAULT	true	false	false
59a8e639	Function	FUN_59a8e639	FUN_59a8e639	Global	DEFAULT	true	false	false
59a8e66e	Function	FUN_59a8e66e	FUN_59a8e66e	Global	DEFAULT	true	false	false
59a8e783	Function	FUN_59a8e783	FUN_59a8e783	Global	DEFAULT	true	false	false
59a8e7a7	Function	FUN_59a8e7a7	FUN_59a8e7a7	Global	DEFAULT	true	false	false
59a8e811	Function	FUN_59a8e811	FUN_59a8e811	Global	DEFAULT	true	false	false
59a8e892	Function	FUN_59a8e892	FUN_59a8e892	Global	DEFAULT	true	false	false
59a8e921	Function	FUN_59a8e921	FUN_59a8e921	Global	DEFAULT	true	false	false
59a8e9fa	Function	FUN_59a8e9fa	FUN_59a8e9fa	Global	DEFAULT	true	false	false
59a8ea7d	Function	FUN_59a8ea7d	FUN_59a8ea7d	Global	DEFAULT	true	false	false
59a8eae0	Function	FUN_59a8eae0	FUN_59a8eae0	Global	DEFAULT	true	false	false
59a8eb1c	Function	FUN_59a8eb1c	FUN_59a8eb1c	Global	DEFAULT	true	false	false
59a8eb3c	Function	FUN_59a8eb3c	FUN_59a8eb3c	Global	DEFAULT	true	false	false
59a8eb5f	Function	FUN_59a8eb5f	FUN_59a8eb5f	Global	DEFAULT	true	false	false
59a8eb85	Function	FUN_59a8eb85	FUN_59a8eb85	Global	DEFAULT	true	false	false
59a8ebe7	Function	FUN_59a8ebe7	FUN_59a8ebe7	Global	DEFAULT	true	false	false
59a8ec21	Function	FUN_59a8ec21	FUN_59a8ec21	Global	DEFAULT	true	false	false
59a8ec6f	Function	FUN_59a8ec6f	FUN_59a8ec6f	Global	DEFAULT	true	false	false
59a8eca5	Function	FUN_59a8eca5	FUN_59a8eca5	Global	DEFAULT	true	false	false
59a8edc8	Function	FUN_59a8edc8	FUN_59a8edc8	Global	DEFAULT	true	false	false
59a8ee4e	Function	xxxAddressInSectionTable	xxxAddressInSectionTable	Global	ANALYSIS	true	false	false
59a8ee4e	Label	_xxxAddressInSectionTable@12	_xxxAddressInSectionTable@12	Global	ANALYSIS	false	false	false
59a8ee80	Function	xxxpImageDirectoryEntryToData32	xxxpImageDirectoryEntryToData32	Global	ANALYSIS	true	false	false
59a8ee80	Label	_xxxpImageDirectoryEntryToData32@20	_xxxpImageDirectoryEntryToData32@20	Global	ANALYSIS	false	false	false
59a8eecd	Function	xxxpImageDirectoryEntryToData64	xxxpImageDirectoryEntryToData64	Global	ANALYSIS	true	false	false
59a8eecd	Label	_xxxpImageDirectoryEntryToData64@20	_xxxpImageDirectoryEntryToData64@20	Global	ANALYSIS	false	false	false
59a8ef23	Function	FUN_59a8ef23	FUN_59a8ef23	Global	DEFAULT	true	false	false
59a8ef86	Function	_WinpGetAllocHandleFromStream@20	_WinpGetAllocHandleFromStream@20	Global	ANALYSIS	true	false	false
59a8efd2	Function	FUN_59a8efd2	FUN_59a8efd2	Global	DEFAULT	true	false	false
59a8eff5	Function	FUN_59a8eff5	FUN_59a8eff5	Global	DEFAULT	true	false	false
59a8f0f5	Function	FUN_59a8f0f5	FUN_59a8f0f5	Global	DEFAULT	true	false	false
59a8f131	Function	FUN_59a8f131	FUN_59a8f131	Global	DEFAULT	true	false	false
59a8f14a	Function	FUN_59a8f14a	FUN_59a8f14a	Global	DEFAULT	true	false	false
59a8f16c	Function	FUN_59a8f16c	FUN_59a8f16c	Global	DEFAULT	true	false	false
59a8f1c4	Function	FUN_59a8f1c4	FUN_59a8f1c4	Global	DEFAULT	true	false	false
59a8f1cd	Function	FUN_59a8f1cd	FUN_59a8f1cd	Global	DEFAULT	true	false	false
59a8f31b	Function	FUN_59a8f31b	FUN_59a8f31b	Global	DEFAULT	true	false	false
59a8f356	Function	FUN_59a8f356	FUN_59a8f356	Global	DEFAULT	true	false	false
59a8f380	Function	FUN_59a8f380	FUN_59a8f380	Global	DEFAULT	true	false	false
59a8f3a8	Function	FUN_59a8f3a8	FUN_59a8f3a8	Global	DEFAULT	true	false	false
59a8f3c9	Function	FUN_59a8f3c9	FUN_59a8f3c9	Global	DEFAULT	true	false	false
59a8f3ef	Function	FUN_59a8f3ef	FUN_59a8f3ef	Global	DEFAULT	true	false	false
59a8f468	Function	FUN_59a8f468	FUN_59a8f468	Global	DEFAULT	true	false	false
59a8f527	Function	FUN_59a8f527	FUN_59a8f527	Global	DEFAULT	true	false	false
59a8f569	Function	FUN_59a8f569	FUN_59a8f569	Global	DEFAULT	true	false	false
59a8f588	Function	FUN_59a8f588	FUN_59a8f588	Global	DEFAULT	true	false	false
59a8f5c8	Function	FUN_59a8f5c8	FUN_59a8f5c8	Global	DEFAULT	true	false	false
59a8f5f8	Function	FUN_59a8f5f8	FUN_59a8f5f8	Global	DEFAULT	true	false	false
59a8f648	Function	FUN_59a8f648	FUN_59a8f648	Global	DEFAULT	true	false	false
59a8f72c	Function	FUN_59a8f72c	FUN_59a8f72c	Global	DEFAULT	true	false	false
59a8f752	Function	FUN_59a8f752	FUN_59a8f752	Global	DEFAULT	true	false	false
59a8f7da	Function	FUN_59a8f7da	FUN_59a8f7da	Global	DEFAULT	true	false	false
59a8f836	Function	FUN_59a8f836	FUN_59a8f836	Global	DEFAULT	true	false	false
59a8f892	Function	FUN_59a8f892	FUN_59a8f892	Global	DEFAULT	true	false	false
59a8f9b9	Function	FUN_59a8f9b9	FUN_59a8f9b9	Global	DEFAULT	true	false	false
59a8fa62	Function	FUN_59a8fa62	FUN_59a8fa62	Global	DEFAULT	true	false	false
59a8fa95	Function	FUN_59a8fa95	FUN_59a8fa95	Global	DEFAULT	true	false	false
59a8fae6	Function	FUN_59a8fae6	FUN_59a8fae6	Global	DEFAULT	true	false	false
59a8fc5c	Function	FUN_59a8fc5c	FUN_59a8fc5c	Global	DEFAULT	true	false	false
59a8fd7e	Function	FUN_59a8fd7e	FUN_59a8fd7e	Global	DEFAULT	true	false	false
59a8fdf7	Function	FUN_59a8fdf7	FUN_59a8fdf7	Global	DEFAULT	true	false	false
59a8fe69	Function	FUN_59a8fe69	FUN_59a8fe69	Global	DEFAULT	true	false	false
59a8fe99	Function	FUN_59a8fe99	FUN_59a8fe99	Global	DEFAULT	true	false	false
59a8fecb	Function	FUN_59a8fecb	FUN_59a8fecb	Global	DEFAULT	true	false	false
59a8fef1	Function	FUN_59a8fef1	FUN_59a8fef1	Global	DEFAULT	true	false	false
59a8ffd3	Function	FUN_59a8ffd3	FUN_59a8ffd3	Global	DEFAULT	true	false	false
59a9008b	Function	FUN_59a9008b	FUN_59a9008b	Global	DEFAULT	true	false	false
59a900b4	Function	FUN_59a900b4	FUN_59a900b4	Global	DEFAULT	true	false	false
59a900e6	Function	FUN_59a900e6	FUN_59a900e6	Global	DEFAULT	true	false	false
59a9010c	Function	FUN_59a9010c	FUN_59a9010c	Global	DEFAULT	true	false	false
59a90301	Function	FUN_59a90301	FUN_59a90301	Global	DEFAULT	true	false	false
59a9033a	Function	FUN_59a9033a	FUN_59a9033a	Global	DEFAULT	true	false	false
59a90448	Function	FUN_59a90448	FUN_59a90448	Global	DEFAULT	true	false	false
59a904c9	Function	FUN_59a904c9	FUN_59a904c9	Global	DEFAULT	true	false	false
59a9051b	Function	FUN_59a9051b	FUN_59a9051b	Global	DEFAULT	true	false	false
59a9053f	Function	FUN_59a9053f	FUN_59a9053f	Global	DEFAULT	true	false	false
59a9056b	Function	FUN_59a9056b	FUN_59a9056b	Global	DEFAULT	true	false	false
59a90588	Function	FUN_59a90588	FUN_59a90588	Global	DEFAULT	true	false	false
59a905c7	Function	FUN_59a905c7	FUN_59a905c7	Global	DEFAULT	true	false	false
59a905fc	Function	__SEH_prolog	__SEH_prolog	Global	ANALYSIS	true	false	false
59a90637	Function	__SEH_epilog	__SEH_epilog	Global	ANALYSIS	true	false	false
59a90650	Function	__allmul	__allmul	Global	ANALYSIS	true	false	false
59a90690	Function	__aullshr	__aullshr	Global	ANALYSIS	true	false	false
59a906c0	Function	__aulldiv	__aulldiv	Global	ANALYSIS	true	false	false
59a9072d	Function	FUN_59a9072d	FUN_59a9072d	Global	DEFAULT	true	false	false
59a907e4	Function	entry	entry	Global	IMPORTED	true	false	true
59a908a0	Function	__chkstk	__chkstk	Global	ANALYSIS	true	false	false
59a908e2	Function	operator_delete	MSVCRT.DLL::operator_delete	MSVCRT.DLL	DEFAULT	true	false	false
59a908ee	Function	operator_new	MSVCRT.DLL::operator_new	MSVCRT.DLL	DEFAULT	true	false	false
59a90906	Function	ftol	MSVCRT.DLL::ftol	MSVCRT.DLL	DEFAULT	true	false	false
59a90912	Function	memmove	MSVCRT.DLL::memmove	MSVCRT.DLL	DEFAULT	true	false	false
59a9091e	Function	time	MSVCRT.DLL::time	MSVCRT.DLL	DEFAULT	true	false	false
59a9092a	Function	initterm	MSVCRT.DLL::initterm	MSVCRT.DLL	DEFAULT	true	false	false
59a90935	Function	FUN_59a90935	FUN_59a90935	Global	DEFAULT	true	false	false
59a90966	Function	FUN_59a90966	FUN_59a90966	Global	DEFAULT	true	false	false
59a90982	Function	__dllonexit	MSVCRT.DLL::__dllonexit	MSVCRT.DLL	DEFAULT	true	false	false
59a9098e	Function	VerQueryValueA	VERSION.DLL::VerQueryValueA	VERSION.DLL	DEFAULT	true	false	false
59a9099a	Function	GetFileVersionInfoW	VERSION.DLL::GetFileVersionInfoW	VERSION.DLL	DEFAULT	true	false	false
59a909a6	Function	GetFileVersionInfoA	VERSION.DLL::GetFileVersionInfoA	VERSION.DLL	DEFAULT	true	false	false
59a909b2	Function	GetFileVersionInfoSizeA	VERSION.DLL::GetFileVersionInfoSizeA	VERSION.DLL	DEFAULT	true	false	false
59a909be	Function	GetFileVersionInfoSizeW	VERSION.DLL::GetFileVersionInfoSizeW	VERSION.DLL	DEFAULT	true	false	false
59a909c9	Function	FUN_59a909c9	FUN_59a909c9	Global	DEFAULT	true	false	false
59a909ed	Function	FUN_59a909ed	FUN_59a909ed	Global	DEFAULT	true	false	false
59a90a22	Function	FUN_59a90a22	FUN_59a90a22	Global	DEFAULT	true	false	false
59a90a42	Function	FUN_59a90a42	FUN_59a90a42	Global	DEFAULT	true	false	false
59a90adb	Function	FUN_59a90adb	FUN_59a90adb	Global	DEFAULT	true	false	false
59a90b1e	Function	FUN_59a90b1e	FUN_59a90b1e	Global	DEFAULT	true	false	false
59a90b67	Function	FUN_59a90b67	FUN_59a90b67	Global	DEFAULT	true	false	false
59a90bce	Function	FUN_59a90bce	FUN_59a90bce	Global	DEFAULT	true	false	false
59a90c52	Function	FUN_59a90c52	FUN_59a90c52	Global	DEFAULT	true	false	false
59a90c96	Function	FUN_59a90c96	FUN_59a90c96	Global	DEFAULT	true	false	false
59a90cc7	Function	FUN_59a90cc7	FUN_59a90cc7	Global	DEFAULT	true	false	false
59a90cf2	Function	FUN_59a90cf2	FUN_59a90cf2	Global	DEFAULT	true	false	false
59a90d25	Function	FUN_59a90d25	FUN_59a90d25	Global	DEFAULT	true	false	false
59a90d72	Function	FUN_59a90d72	FUN_59a90d72	Global	DEFAULT	true	false	false
59a90d95	Function	FUN_59a90d95	FUN_59a90d95	Global	DEFAULT	true	false	false
59a90dba	Function	FUN_59a90dba	FUN_59a90dba	Global	DEFAULT	true	false	false
59a90e40	Function	FUN_59a90e40	FUN_59a90e40	Global	DEFAULT	true	false	false
59a90e7a	Function	FUN_59a90e7a	FUN_59a90e7a	Global	DEFAULT	true	false	false
59a90f19	Function	FUN_59a90f19	FUN_59a90f19	Global	DEFAULT	true	false	false
59a90f3e	Function	FUN_59a90f3e	FUN_59a90f3e	Global	DEFAULT	true	false	false
59a91082	Function	FUN_59a91082	FUN_59a91082	Global	DEFAULT	true	false	false
59a910b0	Function	FUN_59a910b0	FUN_59a910b0	Global	DEFAULT	true	false	false
59a91212	Function	FUN_59a91212	FUN_59a91212	Global	DEFAULT	true	false	false
59a91257	Function	FUN_59a91257	FUN_59a91257	Global	DEFAULT	true	false	false
59a91301	Function	FUN_59a91301	FUN_59a91301	Global	DEFAULT	true	false	false
59a91373	Function	FUN_59a91373	FUN_59a91373	Global	DEFAULT	true	false	false
59a913cb	Function	FUN_59a913cb	FUN_59a913cb	Global	DEFAULT	true	false	false
59a91597	Function	FUN_59a91597	FUN_59a91597	Global	DEFAULT	true	false	false
59a915f3	Function	FUN_59a915f3	FUN_59a915f3	Global	DEFAULT	true	false	false
59a916f5	Function	FUN_59a916f5	FUN_59a916f5	Global	DEFAULT	true	false	false
59a917d3	Function	FUN_59a917d3	FUN_59a917d3	Global	DEFAULT	true	false	false
59a9180d	Function	thunk_FUN_59a915f3	thunk_FUN_59a915f3	Global	DEFAULT	true	false	false
59a91817	Function	FUN_59a91817	FUN_59a91817	Global	DEFAULT	true	false	false
59a9189a	Function	FUN_59a9189a	FUN_59a9189a	Global	DEFAULT	true	false	false
59a918da	Function	FUN_59a918da	FUN_59a918da	Global	DEFAULT	true	false	false
59a91901	Function	FUN_59a91901	FUN_59a91901	Global	DEFAULT	true	false	false
59a91938	Function	FUN_59a91938	FUN_59a91938	Global	DEFAULT	true	false	false
59a91969	Function	FUN_59a91969	FUN_59a91969	Global	DEFAULT	true	false	false
59a9199e	Function	FUN_59a9199e	FUN_59a9199e	Global	DEFAULT	true	false	false
59a919ed	Function	FUN_59a919ed	FUN_59a919ed	Global	DEFAULT	true	false	false
59a91a26	Function	FUN_59a91a26	FUN_59a91a26	Global	DEFAULT	true	false	false
59a91abe	Function	FUN_59a91abe	FUN_59a91abe	Global	DEFAULT	true	false	false
59a91af3	Function	FUN_59a91af3	FUN_59a91af3	Global	DEFAULT	true	false	false
59a91b18	Function	FUN_59a91b18	FUN_59a91b18	Global	DEFAULT	true	false	false
59a91bab	Function	FUN_59a91bab	FUN_59a91bab	Global	DEFAULT	true	false	false
59a91bfa	Function	FUN_59a91bfa	FUN_59a91bfa	Global	DEFAULT	true	false	false
59a91c39	Function	FUN_59a91c39	FUN_59a91c39	Global	DEFAULT	true	false	false
59a91c65	Function	FUN_59a91c65	FUN_59a91c65	Global	DEFAULT	true	false	false
59a91c91	Function	thunk_FUN_59a91969	thunk_FUN_59a91969	Global	DEFAULT	true	false	false
59a91c9b	Function	FUN_59a91c9b	FUN_59a91c9b	Global	DEFAULT	true	false	false
59a91e63	Function	FUN_59a91e63	FUN_59a91e63	Global	DEFAULT	true	false	false
59a91e89	Function	FUN_59a91e89	FUN_59a91e89	Global	DEFAULT	true	false	false
59a91ee9	Function	FUN_59a91ee9	FUN_59a91ee9	Global	DEFAULT	true	false	false
59a91f0b	Function	FUN_59a91f0b	FUN_59a91f0b	Global	DEFAULT	true	false	false
59a91f36	Function	FUN_59a91f36	FUN_59a91f36	Global	DEFAULT	true	false	false
59a91f44	Function	FUN_59a91f44	FUN_59a91f44	Global	DEFAULT	true	false	false
59a91f52	Function	FUN_59a91f52	FUN_59a91f52	Global	DEFAULT	true	false	false
59a91f60	Function	FUN_59a91f60	FUN_59a91f60	Global	DEFAULT	true	false	false
59a91f6e	Function	FUN_59a91f6e	FUN_59a91f6e	Global	DEFAULT	true	false	false
59a91f7c	Function	FUN_59a91f7c	FUN_59a91f7c	Global	DEFAULT	true	false	false
59a91f8a	Function	FUN_59a91f8a	FUN_59a91f8a	Global	DEFAULT	true	false	false
59a91f98	Function	FUN_59a91f98	FUN_59a91f98	Global	DEFAULT	true	false	false
59a91fa6	Function	FUN_59a91fa6	FUN_59a91fa6	Global	DEFAULT	true	false	false
59a91fb4	Function	FUN_59a91fb4	FUN_59a91fb4	Global	DEFAULT	true	false	false
59a91fc2	Function	FUN_59a91fc2	FUN_59a91fc2	Global	DEFAULT	true	false	false
59a91fd0	Function	FUN_59a91fd0	FUN_59a91fd0	Global	DEFAULT	true	false	false
59a91fde	Function	FUN_59a91fde	FUN_59a91fde	Global	DEFAULT	true	false	false
59a91fec	Function	FUN_59a91fec	FUN_59a91fec	Global	DEFAULT	true	false	false
59a91ffa	Function	FUN_59a91ffa	FUN_59a91ffa	Global	DEFAULT	true	false	false
59a92008	Function	FUN_59a92008	FUN_59a92008	Global	DEFAULT	true	false	false
59a92016	Function	FUN_59a92016	FUN_59a92016	Global	DEFAULT	true	false	false
59a92024	Function	FUN_59a92024	FUN_59a92024	Global	DEFAULT	true	false	false
59a92032	Function	FUN_59a92032	FUN_59a92032	Global	DEFAULT	true	false	false
59a92040	Function	FUN_59a92040	FUN_59a92040	Global	DEFAULT	true	false	false
59a9204e	Function	FUN_59a9204e	FUN_59a9204e	Global	DEFAULT	true	false	false
59a92174	Function	FUN_59a92174	FUN_59a92174	Global	DEFAULT	true	false	false
59a921f1	Function	FUN_59a921f1	FUN_59a921f1	Global	DEFAULT	true	false	false
59a9223a	Function	FUN_59a9223a	FUN_59a9223a	Global	DEFAULT	true	false	false
59a922bd	Function	FUN_59a922bd	FUN_59a922bd	Global	DEFAULT	true	false	false
59a922e5	Function	thunk_FUN_59a90bce	thunk_FUN_59a90bce	Global	DEFAULT	true	false	false
59a92302	Function	FUN_59a92302	FUN_59a92302	Global	DEFAULT	true	false	false
59a92361	Function	FUN_59a92361	FUN_59a92361	Global	DEFAULT	true	false	false
59a923e5	Function	FUN_59a923e5	FUN_59a923e5	Global	DEFAULT	true	false	false
59a92429	Function	FUN_59a92429	FUN_59a92429	Global	DEFAULT	true	false	false
59a92466	Function	FUN_59a92466	FUN_59a92466	Global	DEFAULT	true	false	false
59a924c6	Function	FUN_59a924c6	FUN_59a924c6	Global	DEFAULT	true	false	false
59a9254e	Function	FUN_59a9254e	FUN_59a9254e	Global	DEFAULT	true	false	false
59a9257a	Function	FUN_59a9257a	FUN_59a9257a	Global	DEFAULT	true	false	false
59a925fe	Function	FUN_59a925fe	FUN_59a925fe	Global	DEFAULT	true	false	false
59a92651	Function	FUN_59a92651	FUN_59a92651	Global	DEFAULT	true	false	false
59a92675	Function	FUN_59a92675	FUN_59a92675	Global	DEFAULT	true	false	false
59a92699	Function	FUN_59a92699	FUN_59a92699	Global	DEFAULT	true	false	false
59a926cb	Function	FUN_59a926cb	FUN_59a926cb	Global	DEFAULT	true	false	false
59a92711	Function	FUN_59a92711	FUN_59a92711	Global	DEFAULT	true	false	false
59a92730	Function	FUN_59a92730	FUN_59a92730	Global	DEFAULT	true	false	false
59a9281d	Function	FUN_59a9281d	FUN_59a9281d	Global	DEFAULT	true	false	false
59a92880	Function	FUN_59a92880	FUN_59a92880	Global	DEFAULT	true	false	false
59a92945	Function	FUN_59a92945	FUN_59a92945	Global	DEFAULT	true	false	false
59a92958	Function	FUN_59a92958	FUN_59a92958	Global	DEFAULT	true	false	false
59a929d0	Function	FUN_59a929d0	FUN_59a929d0	Global	DEFAULT	true	false	false
59a92c42	Function	FUN_59a92c42	FUN_59a92c42	Global	DEFAULT	true	false	false
59a92c8f	Function	FUN_59a92c8f	FUN_59a92c8f	Global	DEFAULT	true	false	false
59a92ce4	Function	FUN_59a92ce4	FUN_59a92ce4	Global	DEFAULT	true	false	false
59a92d33	Function	FUN_59a92d33	FUN_59a92d33	Global	DEFAULT	true	false	false
59a92d88	Function	FUN_59a92d88	FUN_59a92d88	Global	DEFAULT	true	false	false
59a92ddd	Function	FUN_59a92ddd	FUN_59a92ddd	Global	DEFAULT	true	false	false
59a92e2c	Function	FUN_59a92e2c	FUN_59a92e2c	Global	DEFAULT	true	false	false
59a92e7b	Function	FUN_59a92e7b	FUN_59a92e7b	Global	DEFAULT	true	false	false
59a92eca	Function	FUN_59a92eca	FUN_59a92eca	Global	DEFAULT	true	false	false
59a92f19	Function	FUN_59a92f19	FUN_59a92f19	Global	DEFAULT	true	false	false
59a92f68	Function	FUN_59a92f68	FUN_59a92f68	Global	DEFAULT	true	false	false
59a92fb7	Function	FUN_59a92fb7	FUN_59a92fb7	Global	DEFAULT	true	false	false
59a93006	Function	FUN_59a93006	FUN_59a93006	Global	DEFAULT	true	false	false
59a93055	Function	FUN_59a93055	FUN_59a93055	Global	DEFAULT	true	false	false
59a930da	Function	FUN_59a930da	FUN_59a930da	Global	DEFAULT	true	false	false
59a9314d	Function	FUN_59a9314d	FUN_59a9314d	Global	DEFAULT	true	false	false
59a93170	Function	FUN_59a93170	FUN_59a93170	Global	DEFAULT	true	false	false
59a93193	Function	FUN_59a93193	FUN_59a93193	Global	DEFAULT	true	false	false
59a931de	Function	FUN_59a931de	FUN_59a931de	Global	DEFAULT	true	false	false
59a93247	Function	FUN_59a93247	FUN_59a93247	Global	DEFAULT	true	false	false
59a93280	Function	FUN_59a93280	FUN_59a93280	Global	DEFAULT	true	false	false
59a932c3	Function	FUN_59a932c3	FUN_59a932c3	Global	DEFAULT	true	false	false
59a93496	Function	FUN_59a93496	FUN_59a93496	Global	DEFAULT	true	false	false
59a9350a	Function	FUN_59a9350a	FUN_59a9350a	Global	DEFAULT	true	false	false
59a93587	Function	FUN_59a93587	FUN_59a93587	Global	DEFAULT	true	false	false
59a9362c	Function	FUN_59a9362c	FUN_59a9362c	Global	DEFAULT	true	false	false
59a936c4	Function	FUN_59a936c4	FUN_59a936c4	Global	DEFAULT	true	false	false
59a936eb	Function	FUN_59a936eb	FUN_59a936eb	Global	DEFAULT	true	false	false
59a9370e	Function	FUN_59a9370e	FUN_59a9370e	Global	DEFAULT	true	false	false
59a9376b	Function	FUN_59a9376b	FUN_59a9376b	Global	DEFAULT	true	false	false
59a9384a	Function	FUN_59a9384a	FUN_59a9384a	Global	DEFAULT	true	false	false
59a93914	Function	FUN_59a93914	FUN_59a93914	Global	DEFAULT	true	false	false
59a93a84	Function	FUN_59a93a84	FUN_59a93a84	Global	DEFAULT	true	false	false
59a93ae5	Function	FUN_59a93ae5	FUN_59a93ae5	Global	DEFAULT	true	false	false
59a93b08	Function	FUN_59a93b08	FUN_59a93b08	Global	DEFAULT	true	false	false
59a93bb7	Function	FUN_59a93bb7	FUN_59a93bb7	Global	DEFAULT	true	false	false
59a93cd7	Function	FUN_59a93cd7	FUN_59a93cd7	Global	DEFAULT	true	false	false
59a93e31	Function	FUN_59a93e31	FUN_59a93e31	Global	DEFAULT	true	false	false
59a940ac	Function	FUN_59a940ac	FUN_59a940ac	Global	DEFAULT	true	false	false
59a9411a	Function	FUN_59a9411a	FUN_59a9411a	Global	DEFAULT	true	false	false
59a941aa	Function	FUN_59a941aa	FUN_59a941aa	Global	DEFAULT	true	false	false
59a941d6	Function	FUN_59a941d6	FUN_59a941d6	Global	DEFAULT	true	false	false
59a941fd	Function	FUN_59a941fd	FUN_59a941fd	Global	DEFAULT	true	false	false
59a94220	Function	FUN_59a94220	FUN_59a94220	Global	DEFAULT	true	false	false
59a9423e	Function	FUN_59a9423e	FUN_59a9423e	Global	DEFAULT	true	false	false
59a94262	Function	FUN_59a94262	FUN_59a94262	Global	DEFAULT	true	false	false
59a94270	Function	FUN_59a94270	FUN_59a94270	Global	DEFAULT	true	false	false
59a9427f	Function	FUN_59a9427f	FUN_59a9427f	Global	DEFAULT	true	false	false
59a9429f	Function	FUN_59a9429f	FUN_59a9429f	Global	DEFAULT	true	false	false
59a94324	Function	FUN_59a94324	FUN_59a94324	Global	DEFAULT	true	false	false
59a945a7	Function	FUN_59a945a7	FUN_59a945a7	Global	DEFAULT	true	false	false
59a945f8	Function	FUN_59a945f8	FUN_59a945f8	Global	DEFAULT	true	false	false
59a94624	Function	FUN_59a94624	FUN_59a94624	Global	DEFAULT	true	false	false
59a9464e	Function	FUN_59a9464e	FUN_59a9464e	Global	DEFAULT	true	false	false
59a946af	Function	FUN_59a946af	FUN_59a946af	Global	DEFAULT	true	false	false
59a946f0	Function	FUN_59a946f0	FUN_59a946f0	Global	DEFAULT	true	false	false
59a947c3	Function	FUN_59a947c3	FUN_59a947c3	Global	DEFAULT	true	false	false
59a9483e	Function	FUN_59a9483e	FUN_59a9483e	Global	DEFAULT	true	false	false
59a94885	Function	FUN_59a94885	FUN_59a94885	Global	DEFAULT	true	false	false
59a94a0a	Function	FUN_59a94a0a	FUN_59a94a0a	Global	DEFAULT	true	false	false
59a94b00	Function	FUN_59a94b00	FUN_59a94b00	Global	DEFAULT	true	false	false
59a94bdf	Function	FUN_59a94bdf	FUN_59a94bdf	Global	DEFAULT	true	false	false
59a94c05	Function	FUN_59a94c05	FUN_59a94c05	Global	DEFAULT	true	false	false
59a94e4c	Function	FUN_59a94e4c	FUN_59a94e4c	Global	DEFAULT	true	false	false
59a94e6a	Function	FUN_59a94e6a	FUN_59a94e6a	Global	DEFAULT	true	false	false
59a94e86	Function	FUN_59a94e86	FUN_59a94e86	Global	DEFAULT	true	false	false
59a94eb6	Function	FUN_59a94eb6	FUN_59a94eb6	Global	DEFAULT	true	false	false
59a94ee6	Function	FUN_59a94ee6	FUN_59a94ee6	Global	DEFAULT	true	false	false
59a94f6a	Function	FUN_59a94f6a	FUN_59a94f6a	Global	DEFAULT	true	false	false
59a94f8b	Function	FUN_59a94f8b	FUN_59a94f8b	Global	DEFAULT	true	false	false
59a94ff2	Function	FUN_59a94ff2	FUN_59a94ff2	Global	DEFAULT	true	false	false
59a9501f	Function	FUN_59a9501f	FUN_59a9501f	Global	DEFAULT	true	false	false
59a9504c	Function	FUN_59a9504c	FUN_59a9504c	Global	DEFAULT	true	false	false
59a95186	Function	FUN_59a95186	FUN_59a95186	Global	DEFAULT	true	false	false
59a9530e	Function	FUN_59a9530e	FUN_59a9530e	Global	DEFAULT	true	false	false
59a95350	Function	FUN_59a95350	FUN_59a95350	Global	DEFAULT	true	false	false
59a953b1	Function	FUN_59a953b1	FUN_59a953b1	Global	DEFAULT	true	false	false
59a95518	Function	FUN_59a95518	FUN_59a95518	Global	DEFAULT	true	false	false
59a955a8	Function	FUN_59a955a8	FUN_59a955a8	Global	DEFAULT	true	false	false
59a9583c	Function	FUN_59a9583c	FUN_59a9583c	Global	DEFAULT	true	false	false
59a95887	Function	FUN_59a95887	FUN_59a95887	Global	DEFAULT	true	false	false
59a95a43	Function	FUN_59a95a43	FUN_59a95a43	Global	DEFAULT	true	false	false
59a95c12	Function	FUN_59a95c12	FUN_59a95c12	Global	DEFAULT	true	false	false
59a95c85	Function	FUN_59a95c85	FUN_59a95c85	Global	DEFAULT	true	false	false
59a95cb5	Function	FUN_59a95cb5	FUN_59a95cb5	Global	DEFAULT	true	false	false
59a95ce5	Function	FUN_59a95ce5	FUN_59a95ce5	Global	DEFAULT	true	false	false
59a95d2d	Function	FUN_59a95d2d	FUN_59a95d2d	Global	DEFAULT	true	false	false
59a95d84	Function	FUN_59a95d84	FUN_59a95d84	Global	DEFAULT	true	false	false
59a95e51	Function	FUN_59a95e51	FUN_59a95e51	Global	DEFAULT	true	false	false
59a95e9f	Function	FUN_59a95e9f	FUN_59a95e9f	Global	DEFAULT	true	false	false
59a95eee	Function	FUN_59a95eee	FUN_59a95eee	Global	DEFAULT	true	false	false
59a95f3d	Function	FUN_59a95f3d	FUN_59a95f3d	Global	DEFAULT	true	false	false
59a95f8c	Function	FUN_59a95f8c	FUN_59a95f8c	Global	DEFAULT	true	false	false
59a95fdb	Function	FUN_59a95fdb	FUN_59a95fdb	Global	DEFAULT	true	false	false
59a9602b	Function	FUN_59a9602b	FUN_59a9602b	Global	DEFAULT	true	false	false
59a9607b	Function	FUN_59a9607b	FUN_59a9607b	Global	DEFAULT	true	false	false
59a960cd	Function	FUN_59a960cd	FUN_59a960cd	Global	DEFAULT	true	false	false
59a96121	Function	FUN_59a96121	FUN_59a96121	Global	DEFAULT	true	false	false
59a96176	Function	FUN_59a96176	FUN_59a96176	Global	DEFAULT	true	false	false
59a9619b	Function	FUN_59a9619b	FUN_59a9619b	Global	DEFAULT	true	false	false
59a961e8	Function	FUN_59a961e8	FUN_59a961e8	Global	DEFAULT	true	false	false
59a96236	Function	FUN_59a96236	FUN_59a96236	Global	DEFAULT	true	false	false
59a96285	Function	FUN_59a96285	FUN_59a96285	Global	DEFAULT	true	false	false
59a962d4	Function	FUN_59a962d4	FUN_59a962d4	Global	DEFAULT	true	false	false
59a96329	Function	FUN_59a96329	FUN_59a96329	Global	DEFAULT	true	false	false
59a9634d	Function	FUN_59a9634d	FUN_59a9634d	Global	DEFAULT	true	false	false
59a96370	Function	FUN_59a96370	FUN_59a96370	Global	DEFAULT	true	false	false
59a963bc	Function	thunk_FUN_59a92429	thunk_FUN_59a92429	Global	DEFAULT	true	false	false
59a963c6	Function	FUN_59a963c6	FUN_59a963c6	Global	DEFAULT	true	false	false
59a9642b	Function	FUN_59a9642b	FUN_59a9642b	Global	DEFAULT	true	false	false
59a964f7	Function	FUN_59a964f7	FUN_59a964f7	Global	DEFAULT	true	false	false
59a9692c	Function	FUN_59a9692c	FUN_59a9692c	Global	DEFAULT	true	false	false
59a969b9	Function	FUN_59a969b9	FUN_59a969b9	Global	DEFAULT	true	false	false
59a96a22	Function	FUN_59a96a22	FUN_59a96a22	Global	DEFAULT	true	false	false
59a96a5b	Function	FUN_59a96a5b	FUN_59a96a5b	Global	DEFAULT	true	false	false
59a96a9e	Function	FUN_59a96a9e	FUN_59a96a9e	Global	DEFAULT	true	false	false
59a96c71	Function	FUN_59a96c71	FUN_59a96c71	Global	DEFAULT	true	false	false
59a96d41	Function	FUN_59a96d41	FUN_59a96d41	Global	DEFAULT	true	false	false
59a96d68	Function	FUN_59a96d68	FUN_59a96d68	Global	DEFAULT	true	false	false
59a96e1d	Function	FUN_59a96e1d	FUN_59a96e1d	Global	DEFAULT	true	false	false
59a96e4e	Function	FUN_59a96e4e	FUN_59a96e4e	Global	DEFAULT	true	false	false
59a96e7f	Function	FUN_59a96e7f	FUN_59a96e7f	Global	DEFAULT	true	false	false
59a96eb6	Function	FUN_59a96eb6	FUN_59a96eb6	Global	DEFAULT	true	false	false
59a96ed4	Function	FUN_59a96ed4	FUN_59a96ed4	Global	DEFAULT	true	false	false
59a972f7	Function	FUN_59a972f7	FUN_59a972f7	Global	DEFAULT	true	false	false
59a9736b	Function	FUN_59a9736b	FUN_59a9736b	Global	DEFAULT	true	false	false
59a97403	Function	FUN_59a97403	FUN_59a97403	Global	DEFAULT	true	false	false
59a974ff	Function	FUN_59a974ff	FUN_59a974ff	Global	DEFAULT	true	false	false
59a9755d	Function	FUN_59a9755d	FUN_59a9755d	Global	DEFAULT	true	false	false
59a97585	Function	FUN_59a97585	FUN_59a97585	Global	DEFAULT	true	false	false
59a97654	Function	FUN_59a97654	FUN_59a97654	Global	DEFAULT	true	false	false
59a97688	Function	FUN_59a97688	FUN_59a97688	Global	DEFAULT	true	false	false
59a976cc	Function	FUN_59a976cc	FUN_59a976cc	Global	DEFAULT	true	false	false
59a976fc	Function	FUN_59a976fc	FUN_59a976fc	Global	DEFAULT	true	false	false
59a9772b	Function	FUN_59a9772b	FUN_59a9772b	Global	DEFAULT	true	false	false
59a97757	Function	FUN_59a97757	FUN_59a97757	Global	DEFAULT	true	false	false
59a977ba	Function	FUN_59a977ba	FUN_59a977ba	Global	DEFAULT	true	false	false
59a97849	Function	FUN_59a97849	FUN_59a97849	Global	DEFAULT	true	false	false
59a978a4	Function	FUN_59a978a4	FUN_59a978a4	Global	DEFAULT	true	false	false
59a978ec	Function	FUN_59a978ec	FUN_59a978ec	Global	DEFAULT	true	false	false
59a9793b	Function	FUN_59a9793b	FUN_59a9793b	Global	DEFAULT	true	false	false
59a97984	Function	FUN_59a97984	FUN_59a97984	Global	DEFAULT	true	false	false
59a97acc	Function	FUN_59a97acc	FUN_59a97acc	Global	DEFAULT	true	false	false
59a97b04	Function	FUN_59a97b04	FUN_59a97b04	Global	DEFAULT	true	false	false
59a97b41	Function	FUN_59a97b41	FUN_59a97b41	Global	DEFAULT	true	false	false
59a97bd4	Function	FUN_59a97bd4	FUN_59a97bd4	Global	DEFAULT	true	false	false
59a97bf1	Function	FUN_59a97bf1	FUN_59a97bf1	Global	DEFAULT	true	false	false
59a97c7b	Function	FUN_59a97c7b	FUN_59a97c7b	Global	DEFAULT	true	false	false
59a97cb3	Function	FUN_59a97cb3	FUN_59a97cb3	Global	DEFAULT	true	false	false
59a97d1d	Function	FUN_59a97d1d	FUN_59a97d1d	Global	DEFAULT	true	false	false
59a97d53	Function	FUN_59a97d53	FUN_59a97d53	Global	DEFAULT	true	false	false
59a97d80	Function	FUN_59a97d80	FUN_59a97d80	Global	DEFAULT	true	false	false
59a97d97	Function	FUN_59a97d97	FUN_59a97d97	Global	DEFAULT	true	false	false
59a97de4	Function	FUN_59a97de4	FUN_59a97de4	Global	DEFAULT	true	false	false
59a97dee	Function	FUN_59a97dee	FUN_59a97dee	Global	DEFAULT	true	false	false
59a97e5b	Function	FUN_59a97e5b	FUN_59a97e5b	Global	DEFAULT	true	false	false
59a97e95	Function	FUN_59a97e95	FUN_59a97e95	Global	DEFAULT	true	false	false
59a97ec7	Function	FUN_59a97ec7	FUN_59a97ec7	Global	DEFAULT	true	false	false
59a97ef9	Function	FUN_59a97ef9	FUN_59a97ef9	Global	DEFAULT	true	false	false
59a97f42	Function	FUN_59a97f42	FUN_59a97f42	Global	DEFAULT	true	false	false
59a97fa7	Function	FUN_59a97fa7	FUN_59a97fa7	Global	DEFAULT	true	false	false
59a980a5	Function	FUN_59a980a5	FUN_59a980a5	Global	DEFAULT	true	false	false
59a98167	Function	FUN_59a98167	FUN_59a98167	Global	DEFAULT	true	false	false
59a981e1	Function	FUN_59a981e1	FUN_59a981e1	Global	DEFAULT	true	false	false
59a982f6	Function	FUN_59a982f6	FUN_59a982f6	Global	DEFAULT	true	false	false
59a98313	Function	FUN_59a98313	FUN_59a98313	Global	DEFAULT	true	false	false
59a98342	Function	FUN_59a98342	FUN_59a98342	Global	DEFAULT	true	false	false
59a98399	Function	FUN_59a98399	FUN_59a98399	Global	DEFAULT	true	false	false
59a98456	Function	FUN_59a98456	FUN_59a98456	Global	DEFAULT	true	false	false
59a984c1	Function	FUN_59a984c1	FUN_59a984c1	Global	DEFAULT	true	false	false
59a984f6	Function	FUN_59a984f6	FUN_59a984f6	Global	DEFAULT	true	false	false
59a98527	Function	FUN_59a98527	FUN_59a98527	Global	DEFAULT	true	false	false
59a98564	Function	FUN_59a98564	FUN_59a98564	Global	DEFAULT	true	false	false
59a985df	Function	FUN_59a985df	FUN_59a985df	Global	DEFAULT	true	false	false
59a98616	Function	FUN_59a98616	FUN_59a98616	Global	DEFAULT	true	false	false
59a9867d	Function	FUN_59a9867d	FUN_59a9867d	Global	DEFAULT	true	false	false
59a986b4	Function	FUN_59a986b4	FUN_59a986b4	Global	DEFAULT	true	false	false
59a98700	Function	FUN_59a98700	FUN_59a98700	Global	DEFAULT	true	false	false
59a9872f	Function	FUN_59a9872f	FUN_59a9872f	Global	DEFAULT	true	false	false
59a987fb	Function	FUN_59a987fb	FUN_59a987fb	Global	DEFAULT	true	false	false
59a98dd2	Function	FUN_59a98dd2	FUN_59a98dd2	Global	DEFAULT	true	false	false
59a98f91	Function	FUN_59a98f91	FUN_59a98f91	Global	DEFAULT	true	false	false
59a991bb	Function	FUN_59a991bb	FUN_59a991bb	Global	DEFAULT	true	false	false
59a99250	Function	FUN_59a99250	FUN_59a99250	Global	DEFAULT	true	false	false
59a992ca	Function	FUN_59a992ca	FUN_59a992ca	Global	DEFAULT	true	false	false
59a99324	Function	FUN_59a99324	FUN_59a99324	Global	DEFAULT	true	false	false
59a993b8	Function	FUN_59a993b8	FUN_59a993b8	Global	DEFAULT	true	false	false
59a99418	Function	FUN_59a99418	FUN_59a99418	Global	DEFAULT	true	false	false
59a99487	Function	FUN_59a99487	FUN_59a99487	Global	DEFAULT	true	false	false
59a9952c	Function	FUN_59a9952c	FUN_59a9952c	Global	DEFAULT	true	false	false
59a995e4	Function	FUN_59a995e4	FUN_59a995e4	Global	DEFAULT	true	false	false
59a9961f	Function	FUN_59a9961f	FUN_59a9961f	Global	DEFAULT	true	false	false
59a99642	Function	FUN_59a99642	FUN_59a99642	Global	DEFAULT	true	false	false
59a99670	Function	FUN_59a99670	FUN_59a99670	Global	DEFAULT	true	false	false
59a9969e	Function	FUN_59a9969e	FUN_59a9969e	Global	DEFAULT	true	false	false
59a996cc	Function	FUN_59a996cc	FUN_59a996cc	Global	DEFAULT	true	false	false
59a996f8	Function	FUN_59a996f8	FUN_59a996f8	Global	DEFAULT	true	false	false
59a99713	Function	FUN_59a99713	FUN_59a99713	Global	DEFAULT	true	false	false
59a997ab	Function	FUN_59a997ab	FUN_59a997ab	Global	DEFAULT	true	false	false
59a997cc	Function	FUN_59a997cc	FUN_59a997cc	Global	DEFAULT	true	false	false
59a997f3	Function	FUN_59a997f3	FUN_59a997f3	Global	DEFAULT	true	false	false
59a99824	Function	FUN_59a99824	FUN_59a99824	Global	DEFAULT	true	false	false
59a99841	Function	FUN_59a99841	FUN_59a99841	Global	DEFAULT	true	false	false
59a99896	Function	FUN_59a99896	FUN_59a99896	Global	DEFAULT	true	false	false
59a998d9	Function	FUN_59a998d9	FUN_59a998d9	Global	DEFAULT	true	false	false
59a9991d	Function	FUN_59a9991d	FUN_59a9991d	Global	DEFAULT	true	false	false
59a9995b	Function	FUN_59a9995b	FUN_59a9995b	Global	DEFAULT	true	false	false
59a99970	Label	switchD	switchD_59a99970::switchD	switchD_59a99970	ANALYSIS	true	false	false
59a99977	Label	caseD_1102	switchD_59a99970::caseD_1102	switchD_59a99970	ANALYSIS	true	false	false
59a99977	Label	caseD_1103	switchD_59a99970::caseD_1103	switchD_59a99970	ANALYSIS	false	false	false
59a99977	Label	caseD_1104	switchD_59a99970::caseD_1104	switchD_59a99970	ANALYSIS	false	false	false
59a99977	Label	caseD_110f	switchD_59a99970::caseD_110f	switchD_59a99970	ANALYSIS	false	false	false
59a99977	Label	caseD_1110	switchD_59a99970::caseD_1110	switchD_59a99970	ANALYSIS	false	false	false
59a99977	Label	caseD_1114	switchD_59a99970::caseD_1114	switchD_59a99970	ANALYSIS	false	false	false
59a99977	Label	caseD_1115	switchD_59a99970::caseD_1115	switchD_59a99970	ANALYSIS	false	false	false
59a99977	Label	caseD_1118	switchD_59a99970::caseD_1118	switchD_59a99970	ANALYSIS	false	false	false
59a99977	Label	caseD_1119	switchD_59a99970::caseD_1119	switchD_59a99970	ANALYSIS	false	false	false
59a99977	Label	caseD_112a	switchD_59a99970::caseD_112a	switchD_59a99970	ANALYSIS	false	false	false
59a99977	Label	caseD_112b	switchD_59a99970::caseD_112b	switchD_59a99970	ANALYSIS	false	false	false
59a99977	Label	caseD_112c	switchD_59a99970::caseD_112c	switchD_59a99970	ANALYSIS	false	false	false
59a99977	Label	caseD_1132	switchD_59a99970::caseD_1132	switchD_59a99970	ANALYSIS	false	false	false
59a9997a	Label	caseD_1105	switchD_59a99970::caseD_1105	switchD_59a99970	ANALYSIS	true	false	false
59a9997a	Label	caseD_1106	switchD_59a99970::caseD_1106	switchD_59a99970	ANALYSIS	false	false	false
59a9997a	Label	caseD_1107	switchD_59a99970::caseD_1107	switchD_59a99970	ANALYSIS	false	false	false
59a9997a	Label	caseD_1108	switchD_59a99970::caseD_1108	switchD_59a99970	ANALYSIS	false	false	false
59a9997a	Label	caseD_1109	switchD_59a99970::caseD_1109	switchD_59a99970	ANALYSIS	false	false	false
59a9997a	Label	caseD_110a	switchD_59a99970::caseD_110a	switchD_59a99970	ANALYSIS	false	false	false
59a9997a	Label	caseD_110b	switchD_59a99970::caseD_110b	switchD_59a99970	ANALYSIS	false	false	false
59a9997a	Label	caseD_110c	switchD_59a99970::caseD_110c	switchD_59a99970	ANALYSIS	false	false	false
59a9997a	Label	caseD_110d	switchD_59a99970::caseD_110d	switchD_59a99970	ANALYSIS	false	false	false
59a9997a	Label	caseD_110e	switchD_59a99970::caseD_110e	switchD_59a99970	ANALYSIS	false	false	false
59a9997a	Label	caseD_1111	switchD_59a99970::caseD_1111	switchD_59a99970	ANALYSIS	false	false	false
59a9997a	Label	caseD_1112	switchD_59a99970::caseD_1112	switchD_59a99970	ANALYSIS	false	false	false
59a9997a	Label	caseD_1113	switchD_59a99970::caseD_1113	switchD_59a99970	ANALYSIS	false	false	false
59a9997a	Label	caseD_1116	switchD_59a99970::caseD_1116	switchD_59a99970	ANALYSIS	false	false	false
59a9997a	Label	caseD_1117	switchD_59a99970::caseD_1117	switchD_59a99970	ANALYSIS	false	false	false
59a9997a	Label	caseD_111a	switchD_59a99970::caseD_111a	switchD_59a99970	ANALYSIS	false	false	false
59a9997a	Label	caseD_111b	switchD_59a99970::caseD_111b	switchD_59a99970	ANALYSIS	false	false	false
59a9997a	Label	caseD_111c	switchD_59a99970::caseD_111c	switchD_59a99970	ANALYSIS	false	false	false
59a9997a	Label	caseD_111d	switchD_59a99970::caseD_111d	switchD_59a99970	ANALYSIS	false	false	false
59a9997a	Label	caseD_111e	switchD_59a99970::caseD_111e	switchD_59a99970	ANALYSIS	false	false	false
59a9997a	Label	caseD_111f	switchD_59a99970::caseD_111f	switchD_59a99970	ANALYSIS	false	false	false
59a9997a	Label	caseD_1120	switchD_59a99970::caseD_1120	switchD_59a99970	ANALYSIS	false	false	false
59a9997a	Label	caseD_1121	switchD_59a99970::caseD_1121	switchD_59a99970	ANALYSIS	false	false	false
59a9997a	Label	caseD_1122	switchD_59a99970::caseD_1122	switchD_59a99970	ANALYSIS	false	false	false
59a9997a	Label	caseD_1123	switchD_59a99970::caseD_1123	switchD_59a99970	ANALYSIS	false	false	false
59a9997a	Label	caseD_1124	switchD_59a99970::caseD_1124	switchD_59a99970	ANALYSIS	false	false	false
59a9997a	Label	caseD_1125	switchD_59a99970::caseD_1125	switchD_59a99970	ANALYSIS	false	false	false
59a9997a	Label	caseD_1126	switchD_59a99970::caseD_1126	switchD_59a99970	ANALYSIS	false	false	false
59a9997a	Label	caseD_1127	switchD_59a99970::caseD_1127	switchD_59a99970	ANALYSIS	false	false	false
59a9997a	Label	caseD_1128	switchD_59a99970::caseD_1128	switchD_59a99970	ANALYSIS	false	false	false
59a9997a	Label	caseD_1129	switchD_59a99970::caseD_1129	switchD_59a99970	ANALYSIS	false	false	false
59a9997a	Label	caseD_112d	switchD_59a99970::caseD_112d	switchD_59a99970	ANALYSIS	false	false	false
59a9997a	Label	caseD_112e	switchD_59a99970::caseD_112e	switchD_59a99970	ANALYSIS	false	false	false
59a9997a	Label	caseD_112f	switchD_59a99970::caseD_112f	switchD_59a99970	ANALYSIS	false	false	false
59a9997a	Label	caseD_1130	switchD_59a99970::caseD_1130	switchD_59a99970	ANALYSIS	false	false	false
59a9997a	Label	caseD_1131	switchD_59a99970::caseD_1131	switchD_59a99970	ANALYSIS	false	false	false
59a9997d	Label	switchdataD_59a9997d	switchD_59a99970::switchdataD_59a9997d	switchD_59a99970	ANALYSIS	true	false	false
59a99985	Label	switchdataD_59a99985	switchD_59a99970::switchdataD_59a99985	switchD_59a99970	ANALYSIS	true	false	false
59a999c5	Function	FUN_59a999c5	FUN_59a999c5	Global	DEFAULT	true	false	false
59a99a08	Function	FUN_59a99a08	FUN_59a99a08	Global	DEFAULT	true	false	false
59a99b25	Function	FUN_59a99b25	FUN_59a99b25	Global	DEFAULT	true	false	false
59a99b39	Function	FUN_59a99b39	FUN_59a99b39	Global	DEFAULT	true	false	false
59a99b6c	Function	FUN_59a99b6c	FUN_59a99b6c	Global	DEFAULT	true	false	false
59a99c05	Function	FUN_59a99c05	FUN_59a99c05	Global	DEFAULT	true	false	false
59a99c0e	Function	`vector_constructor_iterator'	`vector_constructor_iterator'	Global	ANALYSIS	true	false	false
59a99c0e	Label	??_H@YGXPAXIHP6EPAX0@Z@Z	??_H@YGXPAXIHP6EPAX0@Z@Z	Global	ANALYSIS	false	false	false
59a99c35	Function	FUN_59a99c35	FUN_59a99c35	Global	DEFAULT	true	false	false
59a99c9b	Function	FUN_59a99c9b	FUN_59a99c9b	Global	DEFAULT	true	false	false
59a99e67	Function	FUN_59a99e67	FUN_59a99e67	Global	DEFAULT	true	false	false
59a99fe0	Function	FUN_59a99fe0	FUN_59a99fe0	Global	DEFAULT	true	false	false
59a99ff0	Function	FUN_59a99ff0	FUN_59a99ff0	Global	DEFAULT	true	false	false
59a9a072	Function	FUN_59a9a072	FUN_59a9a072	Global	DEFAULT	true	false	false
59a9a0c3	Function	FUN_59a9a0c3	FUN_59a9a0c3	Global	DEFAULT	true	false	false
59a9a136	Function	FUN_59a9a136	FUN_59a9a136	Global	DEFAULT	true	false	false
59a9a18f	Function	FUN_59a9a18f	FUN_59a9a18f	Global	DEFAULT	true	false	false
59a9a20a	Function	FUN_59a9a20a	FUN_59a9a20a	Global	DEFAULT	true	false	false
59a9a27d	Function	FUN_59a9a27d	FUN_59a9a27d	Global	DEFAULT	true	false	false
59a9a2b7	Function	FUN_59a9a2b7	FUN_59a9a2b7	Global	DEFAULT	true	false	false
59a9a2e0	Function	FUN_59a9a2e0	FUN_59a9a2e0	Global	DEFAULT	true	false	false
59a9a311	Function	FUN_59a9a311	FUN_59a9a311	Global	DEFAULT	true	false	false
59a9a338	Function	FUN_59a9a338	FUN_59a9a338	Global	DEFAULT	true	false	false
59a9a366	Function	FUN_59a9a366	FUN_59a9a366	Global	DEFAULT	true	false	false
59a9a3b1	Function	FUN_59a9a3b1	FUN_59a9a3b1	Global	DEFAULT	true	false	false
59a9a3c4	Function	FUN_59a9a3c4	FUN_59a9a3c4	Global	DEFAULT	true	false	false
59a9a41c	Function	FUN_59a9a41c	FUN_59a9a41c	Global	DEFAULT	true	false	false
59a9a4c1	Function	FUN_59a9a4c1	FUN_59a9a4c1	Global	DEFAULT	true	false	false
59a9a508	Function	FUN_59a9a508	FUN_59a9a508	Global	DEFAULT	true	false	false
59a9a56d	Function	FUN_59a9a56d	FUN_59a9a56d	Global	DEFAULT	true	false	false
59a9a5e2	Function	FUN_59a9a5e2	FUN_59a9a5e2	Global	DEFAULT	true	false	false
59a9a62b	Function	FUN_59a9a62b	FUN_59a9a62b	Global	DEFAULT	true	false	false
59a9a6b3	Function	FUN_59a9a6b3	FUN_59a9a6b3	Global	DEFAULT	true	false	false
59a9a702	Function	FUN_59a9a702	FUN_59a9a702	Global	DEFAULT	true	false	false
59a9a824	Function	FUN_59a9a824	FUN_59a9a824	Global	DEFAULT	true	false	false
59a9a869	Function	FUN_59a9a869	FUN_59a9a869	Global	DEFAULT	true	false	false
59a9a8b5	Function	FUN_59a9a8b5	FUN_59a9a8b5	Global	DEFAULT	true	false	false
59a9a8f3	Function	FUN_59a9a8f3	FUN_59a9a8f3	Global	DEFAULT	true	false	false
59a9a938	Function	FUN_59a9a938	FUN_59a9a938	Global	DEFAULT	true	false	false
59a9a984	Function	FUN_59a9a984	FUN_59a9a984	Global	DEFAULT	true	false	false
59a9a9c9	Function	FUN_59a9a9c9	FUN_59a9a9c9	Global	DEFAULT	true	false	false
59a9aa15	Function	FUN_59a9aa15	FUN_59a9aa15	Global	DEFAULT	true	false	false
59a9aa5a	Function	FUN_59a9aa5a	FUN_59a9aa5a	Global	DEFAULT	true	false	false
59a9aaa6	Function	FUN_59a9aaa6	FUN_59a9aaa6	Global	DEFAULT	true	false	false
59a9aaeb	Function	FUN_59a9aaeb	FUN_59a9aaeb	Global	DEFAULT	true	false	false
59a9ab37	Function	FUN_59a9ab37	FUN_59a9ab37	Global	DEFAULT	true	false	false
59a9ab55	Function	FUN_59a9ab55	FUN_59a9ab55	Global	DEFAULT	true	false	false
59a9abbd	Function	FUN_59a9abbd	FUN_59a9abbd	Global	DEFAULT	true	false	false
59a9abdb	Function	FUN_59a9abdb	FUN_59a9abdb	Global	DEFAULT	true	false	false
59a9ac44	Function	FUN_59a9ac44	FUN_59a9ac44	Global	DEFAULT	true	false	false
59a9acac	Function	FUN_59a9acac	FUN_59a9acac	Global	DEFAULT	true	false	false
59a9ad24	Function	FUN_59a9ad24	FUN_59a9ad24	Global	DEFAULT	true	false	false
59a9ad5b	Function	FUN_59a9ad5b	FUN_59a9ad5b	Global	DEFAULT	true	false	false
59a9adc9	Function	FUN_59a9adc9	FUN_59a9adc9	Global	DEFAULT	true	false	false
59a9aed4	Function	FUN_59a9aed4	FUN_59a9aed4	Global	DEFAULT	true	false	false
59a9afa8	Function	FUN_59a9afa8	FUN_59a9afa8	Global	DEFAULT	true	false	false
59a9b0de	Function	FUN_59a9b0de	FUN_59a9b0de	Global	DEFAULT	true	false	false
59a9b1ca	Function	FUN_59a9b1ca	FUN_59a9b1ca	Global	DEFAULT	true	false	false
59a9b26d	Function	FUN_59a9b26d	FUN_59a9b26d	Global	DEFAULT	true	false	false
59a9b291	Function	FUN_59a9b291	FUN_59a9b291	Global	DEFAULT	true	false	false
59a9b2ba	Function	FUN_59a9b2ba	FUN_59a9b2ba	Global	DEFAULT	true	false	false
59a9b317	Function	FUN_59a9b317	FUN_59a9b317	Global	DEFAULT	true	false	false
59a9b3ed	Function	FUN_59a9b3ed	FUN_59a9b3ed	Global	DEFAULT	true	false	false
59a9b4ac	Function	FUN_59a9b4ac	FUN_59a9b4ac	Global	DEFAULT	true	false	false
59a9b5d9	Function	FUN_59a9b5d9	FUN_59a9b5d9	Global	DEFAULT	true	false	false
59a9b6c8	Function	FUN_59a9b6c8	FUN_59a9b6c8	Global	DEFAULT	true	false	false
59a9b75d	Function	FUN_59a9b75d	FUN_59a9b75d	Global	DEFAULT	true	false	false
59a9b7ab	Function	FUN_59a9b7ab	FUN_59a9b7ab	Global	DEFAULT	true	false	false
59a9b800	Function	FUN_59a9b800	FUN_59a9b800	Global	DEFAULT	true	false	false
59a9b923	Function	FUN_59a9b923	FUN_59a9b923	Global	DEFAULT	true	false	false
59a9b933	Function	FUN_59a9b933	FUN_59a9b933	Global	DEFAULT	true	false	false
59a9b9fe	Function	FUN_59a9b9fe	FUN_59a9b9fe	Global	DEFAULT	true	false	false
59a9ba36	Function	FUN_59a9ba36	FUN_59a9ba36	Global	DEFAULT	true	false	false
59a9bc16	Function	FUN_59a9bc16	FUN_59a9bc16	Global	DEFAULT	true	false	false
59a9bd0b	Function	FUN_59a9bd0b	FUN_59a9bd0b	Global	DEFAULT	true	false	false
59a9bdcd	Function	FUN_59a9bdcd	FUN_59a9bdcd	Global	DEFAULT	true	false	false
59a9be6f	Function	FUN_59a9be6f	FUN_59a9be6f	Global	DEFAULT	true	false	false
59a9c08c	Function	FUN_59a9c08c	FUN_59a9c08c	Global	DEFAULT	true	false	false
59a9c1e9	Function	FUN_59a9c1e9	FUN_59a9c1e9	Global	DEFAULT	true	false	false
59a9c27e	Function	FUN_59a9c27e	FUN_59a9c27e	Global	DEFAULT	true	false	false
59a9c2ab	Function	FUN_59a9c2ab	FUN_59a9c2ab	Global	DEFAULT	true	false	false
59a9c31c	Function	FUN_59a9c31c	FUN_59a9c31c	Global	DEFAULT	true	false	false
59a9c3d6	Function	FUN_59a9c3d6	FUN_59a9c3d6	Global	DEFAULT	true	false	false
59a9c41d	Function	FUN_59a9c41d	FUN_59a9c41d	Global	DEFAULT	true	false	false
59a9c54b	Function	FUN_59a9c54b	FUN_59a9c54b	Global	DEFAULT	true	false	false
59a9c57f	Function	FUN_59a9c57f	FUN_59a9c57f	Global	DEFAULT	true	false	false
59a9c5a0	Function	FUN_59a9c5a0	FUN_59a9c5a0	Global	DEFAULT	true	false	false
59a9c63d	Function	FUN_59a9c63d	FUN_59a9c63d	Global	DEFAULT	true	false	false
59a9c71e	Function	FUN_59a9c71e	FUN_59a9c71e	Global	DEFAULT	true	false	false
59a9c781	Function	FUN_59a9c781	FUN_59a9c781	Global	DEFAULT	true	false	false
59a9c884	Function	FUN_59a9c884	FUN_59a9c884	Global	DEFAULT	true	false	false
59a9c8f9	Function	FUN_59a9c8f9	FUN_59a9c8f9	Global	DEFAULT	true	false	false
59a9c96e	Function	FUN_59a9c96e	FUN_59a9c96e	Global	DEFAULT	true	false	false
59a9c990	Function	FUN_59a9c990	FUN_59a9c990	Global	DEFAULT	true	false	false
59a9c9da	Function	FUN_59a9c9da	FUN_59a9c9da	Global	DEFAULT	true	false	false
59a9ca24	Function	FUN_59a9ca24	FUN_59a9ca24	Global	DEFAULT	true	false	false
59a9ca6b	Function	FUN_59a9ca6b	FUN_59a9ca6b	Global	DEFAULT	true	false	false
59a9cab2	Function	FUN_59a9cab2	FUN_59a9cab2	Global	DEFAULT	true	false	false
59a9cb1c	Function	thunk_FUN_59a9acac	thunk_FUN_59a9acac	Global	DEFAULT	true	false	false
59a9cb26	Function	FUN_59a9cb26	FUN_59a9cb26	Global	DEFAULT	true	false	false
59a9cb8a	Function	FUN_59a9cb8a	FUN_59a9cb8a	Global	DEFAULT	true	false	false
59a9cc02	Function	FUN_59a9cc02	FUN_59a9cc02	Global	DEFAULT	true	false	false
59a9cc82	Function	FUN_59a9cc82	FUN_59a9cc82	Global	DEFAULT	true	false	false
59a9cca0	Function	FUN_59a9cca0	FUN_59a9cca0	Global	DEFAULT	true	false	false
59a9cd35	Function	FUN_59a9cd35	FUN_59a9cd35	Global	DEFAULT	true	false	false
59a9cdb8	Function	FUN_59a9cdb8	FUN_59a9cdb8	Global	DEFAULT	true	false	false
59a9cf4e	Function	FUN_59a9cf4e	FUN_59a9cf4e	Global	DEFAULT	true	false	false
59a9d0d0	Function	FUN_59a9d0d0	FUN_59a9d0d0	Global	DEFAULT	true	false	false
59a9d142	Function	FUN_59a9d142	FUN_59a9d142	Global	DEFAULT	true	false	false
59a9d208	Function	FUN_59a9d208	FUN_59a9d208	Global	DEFAULT	true	false	false
59a9d3c0	Function	FUN_59a9d3c0	FUN_59a9d3c0	Global	DEFAULT	true	false	false
59a9d55f	Function	FUN_59a9d55f	FUN_59a9d55f	Global	DEFAULT	true	false	false
59a9d6df	Function	FUN_59a9d6df	FUN_59a9d6df	Global	DEFAULT	true	false	false
59a9d817	Function	FUN_59a9d817	FUN_59a9d817	Global	DEFAULT	true	false	false
59a9d84f	Function	FUN_59a9d84f	FUN_59a9d84f	Global	DEFAULT	true	false	false
59a9d8a4	Function	FUN_59a9d8a4	FUN_59a9d8a4	Global	DEFAULT	true	false	false
59a9d8ca	Function	FUN_59a9d8ca	FUN_59a9d8ca	Global	DEFAULT	true	false	false
59a9d909	Function	FUN_59a9d909	FUN_59a9d909	Global	DEFAULT	true	false	false
59a9d95c	Function	FUN_59a9d95c	FUN_59a9d95c	Global	DEFAULT	true	false	false
59a9d97f	Function	FUN_59a9d97f	FUN_59a9d97f	Global	DEFAULT	true	false	false
59a9d9a8	Function	FUN_59a9d9a8	FUN_59a9d9a8	Global	DEFAULT	true	false	false
59a9d9ea	Function	FUN_59a9d9ea	FUN_59a9d9ea	Global	DEFAULT	true	false	false
59a9da14	Function	FUN_59a9da14	FUN_59a9da14	Global	DEFAULT	true	false	false
59a9da90	Function	FUN_59a9da90	FUN_59a9da90	Global	DEFAULT	true	false	false
59a9db13	Function	FUN_59a9db13	FUN_59a9db13	Global	DEFAULT	true	false	false
59a9db5e	Function	FUN_59a9db5e	FUN_59a9db5e	Global	DEFAULT	true	false	false
59a9dbde	Function	FUN_59a9dbde	FUN_59a9dbde	Global	DEFAULT	true	false	false
59a9dbf0	Function	FUN_59a9dbf0	FUN_59a9dbf0	Global	DEFAULT	true	false	false
59a9dc0b	Function	FUN_59a9dc0b	FUN_59a9dc0b	Global	DEFAULT	true	false	false
59a9dc2b	Function	FUN_59a9dc2b	FUN_59a9dc2b	Global	DEFAULT	true	false	false
59a9dc39	Function	FUN_59a9dc39	FUN_59a9dc39	Global	DEFAULT	true	false	false
59a9dc91	Function	FUN_59a9dc91	FUN_59a9dc91	Global	DEFAULT	true	false	false
59a9dceb	Function	FUN_59a9dceb	FUN_59a9dceb	Global	DEFAULT	true	false	false
59a9dd7a	Function	FUN_59a9dd7a	FUN_59a9dd7a	Global	DEFAULT	true	false	false
59a9ddc5	Function	FUN_59a9ddc5	FUN_59a9ddc5	Global	DEFAULT	true	false	false
59a9ddf6	Function	FUN_59a9ddf6	FUN_59a9ddf6	Global	DEFAULT	true	false	false
59a9de29	Function	FUN_59a9de29	FUN_59a9de29	Global	DEFAULT	true	false	false
59a9de40	Function	FUN_59a9de40	FUN_59a9de40	Global	DEFAULT	true	false	false
59a9de77	Function	FUN_59a9de77	FUN_59a9de77	Global	DEFAULT	true	false	false
59a9df3e	Function	FUN_59a9df3e	FUN_59a9df3e	Global	DEFAULT	true	false	false
59a9df7d	Function	FUN_59a9df7d	FUN_59a9df7d	Global	DEFAULT	true	false	false
59a9df96	Function	FUN_59a9df96	FUN_59a9df96	Global	DEFAULT	true	false	false
59a9dfa0	Function	FUN_59a9dfa0	FUN_59a9dfa0	Global	DEFAULT	true	false	false
59a9e02e	Function	FUN_59a9e02e	FUN_59a9e02e	Global	DEFAULT	true	false	false
59a9e0db	Function	FUN_59a9e0db	FUN_59a9e0db	Global	DEFAULT	true	false	false
59a9e570	Function	FUN_59a9e570	FUN_59a9e570	Global	DEFAULT	true	false	false
59a9e5fd	Function	thunk_FUN_59abb194	thunk_FUN_59abb194	Global	DEFAULT	true	false	false
59a9e607	Function	FUN_59a9e607	FUN_59a9e607	Global	DEFAULT	true	false	false
59a9e625	Function	FUN_59a9e625	FUN_59a9e625	Global	DEFAULT	true	false	false
59a9e655	Function	FUN_59a9e655	FUN_59a9e655	Global	DEFAULT	true	false	false
59a9e697	Function	FUN_59a9e697	FUN_59a9e697	Global	DEFAULT	true	false	false
59a9e92b	Function	FUN_59a9e92b	FUN_59a9e92b	Global	DEFAULT	true	false	false
59a9e9a4	Function	FUN_59a9e9a4	FUN_59a9e9a4	Global	DEFAULT	true	false	false
59a9ea20	Function	FUN_59a9ea20	FUN_59a9ea20	Global	DEFAULT	true	false	false
59a9ea90	Function	FUN_59a9ea90	FUN_59a9ea90	Global	DEFAULT	true	false	false
59a9eac8	Function	FUN_59a9eac8	FUN_59a9eac8	Global	DEFAULT	true	false	false
59a9eb35	Function	FUN_59a9eb35	FUN_59a9eb35	Global	DEFAULT	true	false	false
59a9eb7a	Function	FUN_59a9eb7a	FUN_59a9eb7a	Global	DEFAULT	true	false	false
59a9ebcb	Function	FUN_59a9ebcb	FUN_59a9ebcb	Global	DEFAULT	true	false	false
59a9ec45	Function	FUN_59a9ec45	FUN_59a9ec45	Global	DEFAULT	true	false	false
59a9ecb2	Function	FUN_59a9ecb2	FUN_59a9ecb2	Global	DEFAULT	true	false	false
59a9ece0	Function	FUN_59a9ece0	FUN_59a9ece0	Global	DEFAULT	true	false	false
59a9ed06	Function	FUN_59a9ed06	FUN_59a9ed06	Global	DEFAULT	true	false	false
59a9ef4d	Function	FUN_59a9ef4d	FUN_59a9ef4d	Global	DEFAULT	true	false	false
59a9ef85	Function	FUN_59a9ef85	FUN_59a9ef85	Global	DEFAULT	true	false	false
59a9f016	Function	FUN_59a9f016	FUN_59a9f016	Global	DEFAULT	true	false	false
59a9f05b	Function	FUN_59a9f05b	FUN_59a9f05b	Global	DEFAULT	true	false	false
59a9f089	Function	FUN_59a9f089	FUN_59a9f089	Global	DEFAULT	true	false	false
59a9f0af	Function	FUN_59a9f0af	FUN_59a9f0af	Global	DEFAULT	true	false	false
59a9f2f6	Function	FUN_59a9f2f6	FUN_59a9f2f6	Global	DEFAULT	true	false	false
59a9f348	Function	FUN_59a9f348	FUN_59a9f348	Global	DEFAULT	true	false	false
59a9f39a	Function	FUN_59a9f39a	FUN_59a9f39a	Global	DEFAULT	true	false	false
59a9f3e6	Function	FUN_59a9f3e6	FUN_59a9f3e6	Global	DEFAULT	true	false	false
59a9f440	Function	FUN_59a9f440	FUN_59a9f440	Global	DEFAULT	true	false	false
59a9f4a6	Function	FUN_59a9f4a6	FUN_59a9f4a6	Global	DEFAULT	true	false	false
59a9f4ef	Function	FUN_59a9f4ef	FUN_59a9f4ef	Global	DEFAULT	true	false	false
59a9f551	Function	FUN_59a9f551	FUN_59a9f551	Global	DEFAULT	true	false	false
59a9f5a8	Function	FUN_59a9f5a8	FUN_59a9f5a8	Global	DEFAULT	true	false	false
59a9f627	Function	FUN_59a9f627	FUN_59a9f627	Global	DEFAULT	true	false	false
59a9f670	Function	FUN_59a9f670	FUN_59a9f670	Global	DEFAULT	true	false	false
59a9f6d2	Function	FUN_59a9f6d2	FUN_59a9f6d2	Global	DEFAULT	true	false	false
59a9f729	Function	FUN_59a9f729	FUN_59a9f729	Global	DEFAULT	true	false	false
59a9f77b	Function	FUN_59a9f77b	FUN_59a9f77b	Global	DEFAULT	true	false	false
59a9f7d6	Function	FUN_59a9f7d6	FUN_59a9f7d6	Global	DEFAULT	true	false	false
59a9f828	Function	FUN_59a9f828	FUN_59a9f828	Global	DEFAULT	true	false	false
59a9f86d	Function	FUN_59a9f86d	FUN_59a9f86d	Global	DEFAULT	true	false	false
59a9f9df	Function	FUN_59a9f9df	FUN_59a9f9df	Global	DEFAULT	true	false	false
59a9fa09	Function	FUN_59a9fa09	FUN_59a9fa09	Global	DEFAULT	true	false	false
59a9fa33	Function	FUN_59a9fa33	FUN_59a9fa33	Global	DEFAULT	true	false	false
59a9fa5d	Function	FUN_59a9fa5d	FUN_59a9fa5d	Global	DEFAULT	true	false	false
59a9fa87	Function	FUN_59a9fa87	FUN_59a9fa87	Global	DEFAULT	true	false	false
59a9fab1	Function	FUN_59a9fab1	FUN_59a9fab1	Global	DEFAULT	true	false	false
59a9fadb	Function	FUN_59a9fadb	FUN_59a9fadb	Global	DEFAULT	true	false	false
59a9fb05	Function	FUN_59a9fb05	FUN_59a9fb05	Global	DEFAULT	true	false	false
59a9fb2f	Function	FUN_59a9fb2f	FUN_59a9fb2f	Global	DEFAULT	true	false	false
59a9fb5c	Function	FUN_59a9fb5c	FUN_59a9fb5c	Global	DEFAULT	true	false	false
59a9fb89	Function	FUN_59a9fb89	FUN_59a9fb89	Global	DEFAULT	true	false	false
59a9fbb6	Function	FUN_59a9fbb6	FUN_59a9fbb6	Global	DEFAULT	true	false	false
59a9fbe3	Function	FUN_59a9fbe3	FUN_59a9fbe3	Global	DEFAULT	true	false	false
59a9fc10	Function	FUN_59a9fc10	FUN_59a9fc10	Global	DEFAULT	true	false	false
59a9fc3d	Function	FUN_59a9fc3d	FUN_59a9fc3d	Global	DEFAULT	true	false	false
59a9fc6a	Function	FUN_59a9fc6a	FUN_59a9fc6a	Global	DEFAULT	true	false	false
59a9fc97	Function	FUN_59a9fc97	FUN_59a9fc97	Global	DEFAULT	true	false	false
59a9fcc4	Function	FUN_59a9fcc4	FUN_59a9fcc4	Global	DEFAULT	true	false	false
59a9fcf1	Function	FUN_59a9fcf1	FUN_59a9fcf1	Global	DEFAULT	true	false	false
59a9fd1e	Function	FUN_59a9fd1e	FUN_59a9fd1e	Global	DEFAULT	true	false	false
59a9fd4b	Function	FUN_59a9fd4b	FUN_59a9fd4b	Global	DEFAULT	true	false	false
59a9fd78	Function	FUN_59a9fd78	FUN_59a9fd78	Global	DEFAULT	true	false	false
59a9fda5	Function	FUN_59a9fda5	FUN_59a9fda5	Global	DEFAULT	true	false	false
59a9fdd2	Function	FUN_59a9fdd2	FUN_59a9fdd2	Global	DEFAULT	true	false	false
59a9fdff	Function	FUN_59a9fdff	FUN_59a9fdff	Global	DEFAULT	true	false	false
59a9fe2c	Function	FUN_59a9fe2c	FUN_59a9fe2c	Global	DEFAULT	true	false	false
59a9fe59	Function	FUN_59a9fe59	FUN_59a9fe59	Global	DEFAULT	true	false	false
59a9fe86	Function	FUN_59a9fe86	FUN_59a9fe86	Global	DEFAULT	true	false	false
59a9feb3	Function	FUN_59a9feb3	FUN_59a9feb3	Global	DEFAULT	true	false	false
59a9fee0	Function	FUN_59a9fee0	FUN_59a9fee0	Global	DEFAULT	true	false	false
59a9ff0d	Function	FUN_59a9ff0d	FUN_59a9ff0d	Global	DEFAULT	true	false	false
59a9ff3a	Function	FUN_59a9ff3a	FUN_59a9ff3a	Global	DEFAULT	true	false	false
59a9ff67	Function	FUN_59a9ff67	FUN_59a9ff67	Global	DEFAULT	true	false	false
59a9ff94	Function	FUN_59a9ff94	FUN_59a9ff94	Global	DEFAULT	true	false	false
59a9ffc1	Function	FUN_59a9ffc1	FUN_59a9ffc1	Global	DEFAULT	true	false	false
59a9ffee	Function	FUN_59a9ffee	FUN_59a9ffee	Global	DEFAULT	true	false	false
59aa001b	Function	FUN_59aa001b	FUN_59aa001b	Global	DEFAULT	true	false	false
59aa0048	Function	FUN_59aa0048	FUN_59aa0048	Global	DEFAULT	true	false	false
59aa0075	Function	FUN_59aa0075	FUN_59aa0075	Global	DEFAULT	true	false	false
59aa00a2	Function	FUN_59aa00a2	FUN_59aa00a2	Global	DEFAULT	true	false	false
59aa00cf	Function	FUN_59aa00cf	FUN_59aa00cf	Global	DEFAULT	true	false	false
59aa00fc	Function	FUN_59aa00fc	FUN_59aa00fc	Global	DEFAULT	true	false	false
59aa0129	Function	FUN_59aa0129	FUN_59aa0129	Global	DEFAULT	true	false	false
59aa0156	Function	FUN_59aa0156	FUN_59aa0156	Global	DEFAULT	true	false	false
59aa0183	Function	FUN_59aa0183	FUN_59aa0183	Global	DEFAULT	true	false	false
59aa01b0	Function	FUN_59aa01b0	FUN_59aa01b0	Global	DEFAULT	true	false	false
59aa01dd	Function	FUN_59aa01dd	FUN_59aa01dd	Global	DEFAULT	true	false	false
59aa020a	Function	FUN_59aa020a	FUN_59aa020a	Global	DEFAULT	true	false	false
59aa0237	Function	FUN_59aa0237	FUN_59aa0237	Global	DEFAULT	true	false	false
59aa0264	Function	FUN_59aa0264	FUN_59aa0264	Global	DEFAULT	true	false	false
59aa0291	Function	FUN_59aa0291	FUN_59aa0291	Global	DEFAULT	true	false	false
59aa02be	Function	FUN_59aa02be	FUN_59aa02be	Global	DEFAULT	true	false	false
59aa02eb	Function	FUN_59aa02eb	FUN_59aa02eb	Global	DEFAULT	true	false	false
59aa0318	Function	FUN_59aa0318	FUN_59aa0318	Global	DEFAULT	true	false	false
59aa0345	Function	FUN_59aa0345	FUN_59aa0345	Global	DEFAULT	true	false	false
59aa0372	Function	FUN_59aa0372	FUN_59aa0372	Global	DEFAULT	true	false	false
59aa039f	Function	FUN_59aa039f	FUN_59aa039f	Global	DEFAULT	true	false	false
59aa03cc	Function	FUN_59aa03cc	FUN_59aa03cc	Global	DEFAULT	true	false	false
59aa03f9	Function	FUN_59aa03f9	FUN_59aa03f9	Global	DEFAULT	true	false	false
59aa0426	Function	FUN_59aa0426	FUN_59aa0426	Global	DEFAULT	true	false	false
59aa0453	Function	FUN_59aa0453	FUN_59aa0453	Global	DEFAULT	true	false	false
59aa0480	Function	FUN_59aa0480	FUN_59aa0480	Global	DEFAULT	true	false	false
59aa04ad	Function	FUN_59aa04ad	FUN_59aa04ad	Global	DEFAULT	true	false	false
59aa04da	Function	FUN_59aa04da	FUN_59aa04da	Global	DEFAULT	true	false	false
59aa0507	Function	FUN_59aa0507	FUN_59aa0507	Global	DEFAULT	true	false	false
59aa0534	Function	FUN_59aa0534	FUN_59aa0534	Global	DEFAULT	true	false	false
59aa0561	Function	FUN_59aa0561	FUN_59aa0561	Global	DEFAULT	true	false	false
59aa058e	Function	FUN_59aa058e	FUN_59aa058e	Global	DEFAULT	true	false	false
59aa05bb	Function	FUN_59aa05bb	FUN_59aa05bb	Global	DEFAULT	true	false	false
59aa05cc	Function	FUN_59aa05cc	FUN_59aa05cc	Global	DEFAULT	true	false	false
59aa05f3	Function	FUN_59aa05f3	FUN_59aa05f3	Global	DEFAULT	true	false	false
59aa061a	Function	FUN_59aa061a	FUN_59aa061a	Global	DEFAULT	true	false	false
59aa063d	Function	FUN_59aa063d	FUN_59aa063d	Global	DEFAULT	true	false	false
59aa0660	Function	FUN_59aa0660	FUN_59aa0660	Global	DEFAULT	true	false	false
59aa0683	Function	FUN_59aa0683	FUN_59aa0683	Global	DEFAULT	true	false	false
59aa06a6	Function	FUN_59aa06a6	FUN_59aa06a6	Global	DEFAULT	true	false	false
59aa06c9	Function	FUN_59aa06c9	FUN_59aa06c9	Global	DEFAULT	true	false	false
59aa06ec	Function	FUN_59aa06ec	FUN_59aa06ec	Global	DEFAULT	true	false	false
59aa071b	Function	FUN_59aa071b	FUN_59aa071b	Global	DEFAULT	true	false	false
59aa07a9	Function	FUN_59aa07a9	FUN_59aa07a9	Global	DEFAULT	true	false	false
59aa080d	Function	FUN_59aa080d	FUN_59aa080d	Global	DEFAULT	true	false	false
59aa0856	Function	FUN_59aa0856	FUN_59aa0856	Global	DEFAULT	true	false	false
59aa08b9	Function	FUN_59aa08b9	FUN_59aa08b9	Global	DEFAULT	true	false	false
59aa0902	Function	FUN_59aa0902	FUN_59aa0902	Global	DEFAULT	true	false	false
59aa094e	Function	FUN_59aa094e	FUN_59aa094e	Global	DEFAULT	true	false	false
59aa0997	Function	FUN_59aa0997	FUN_59aa0997	Global	DEFAULT	true	false	false
59aa0a08	Function	FUN_59aa0a08	FUN_59aa0a08	Global	DEFAULT	true	false	false
59aa0a51	Function	FUN_59aa0a51	FUN_59aa0a51	Global	DEFAULT	true	false	false
59aa0ab7	Function	FUN_59aa0ab7	FUN_59aa0ab7	Global	DEFAULT	true	false	false
59aa0b00	Function	FUN_59aa0b00	FUN_59aa0b00	Global	DEFAULT	true	false	false
59aa0b29	Function	FUN_59aa0b29	FUN_59aa0b29	Global	DEFAULT	true	false	false
59aa0b7f	Function	FUN_59aa0b7f	FUN_59aa0b7f	Global	DEFAULT	true	false	false
59aa0bc8	Function	FUN_59aa0bc8	FUN_59aa0bc8	Global	DEFAULT	true	false	false
59aa0bea	Function	FUN_59aa0bea	FUN_59aa0bea	Global	DEFAULT	true	false	false
59aa0bf7	Function	FUN_59aa0bf7	FUN_59aa0bf7	Global	DEFAULT	true	false	false
59aa0c20	Function	FUN_59aa0c20	FUN_59aa0c20	Global	DEFAULT	true	false	false
59aa0c49	Function	FUN_59aa0c49	FUN_59aa0c49	Global	DEFAULT	true	false	false
59aa0c8a	Function	FUN_59aa0c8a	FUN_59aa0c8a	Global	DEFAULT	true	false	false
59aa0cab	Function	FUN_59aa0cab	FUN_59aa0cab	Global	DEFAULT	true	false	false
59aa0d11	Function	FUN_59aa0d11	FUN_59aa0d11	Global	DEFAULT	true	false	false
59aa0d42	Function	FUN_59aa0d42	FUN_59aa0d42	Global	DEFAULT	true	false	false
59aa0db0	Function	FUN_59aa0db0	FUN_59aa0db0	Global	DEFAULT	true	false	false
59aa0e0f	Function	FUN_59aa0e0f	FUN_59aa0e0f	Global	DEFAULT	true	false	false
59aa0e39	Function	FUN_59aa0e39	FUN_59aa0e39	Global	DEFAULT	true	false	false
59aa0e6d	Function	FUN_59aa0e6d	FUN_59aa0e6d	Global	DEFAULT	true	false	false
59aa0ea7	Function	FUN_59aa0ea7	FUN_59aa0ea7	Global	DEFAULT	true	false	false
59aa0edf	Function	FUN_59aa0edf	FUN_59aa0edf	Global	DEFAULT	true	false	false
59aa0f18	Function	FUN_59aa0f18	FUN_59aa0f18	Global	DEFAULT	true	false	false
59aa0f50	Function	FUN_59aa0f50	FUN_59aa0f50	Global	DEFAULT	true	false	false
59aa0f88	Function	FUN_59aa0f88	FUN_59aa0f88	Global	DEFAULT	true	false	false
59aa1081	Function	FUN_59aa1081	FUN_59aa1081	Global	DEFAULT	true	false	false
59aa108b	Function	FUN_59aa108b	FUN_59aa108b	Global	DEFAULT	true	false	false
59aa115b	Function	FUN_59aa115b	FUN_59aa115b	Global	DEFAULT	true	false	false
59aa1199	Function	FUN_59aa1199	FUN_59aa1199	Global	DEFAULT	true	false	false
59aa11cb	Function	FUN_59aa11cb	FUN_59aa11cb	Global	DEFAULT	true	false	false
59aa11fc	Function	FUN_59aa11fc	FUN_59aa11fc	Global	DEFAULT	true	false	false
59aa126c	Function	FUN_59aa126c	FUN_59aa126c	Global	DEFAULT	true	false	false
59aa128b	Function	FUN_59aa128b	FUN_59aa128b	Global	DEFAULT	true	false	false
59aa1298	Function	FUN_59aa1298	FUN_59aa1298	Global	DEFAULT	true	false	false
59aa12ca	Function	FUN_59aa12ca	FUN_59aa12ca	Global	DEFAULT	true	false	false
59aa1390	Function	FUN_59aa1390	FUN_59aa1390	Global	DEFAULT	true	false	false
59aa13d6	Function	FUN_59aa13d6	FUN_59aa13d6	Global	DEFAULT	true	false	false
59aa141f	Function	FUN_59aa141f	FUN_59aa141f	Global	DEFAULT	true	false	false
59aa1442	Function	FUN_59aa1442	FUN_59aa1442	Global	DEFAULT	true	false	false
59aa14da	Function	FUN_59aa14da	FUN_59aa14da	Global	DEFAULT	true	false	false
59aa156f	Function	FUN_59aa156f	FUN_59aa156f	Global	DEFAULT	true	false	false
59aa15c1	Function	FUN_59aa15c1	FUN_59aa15c1	Global	DEFAULT	true	false	false
59aa15e5	Function	FUN_59aa15e5	FUN_59aa15e5	Global	DEFAULT	true	false	false
59aa16ce	Function	FUN_59aa16ce	FUN_59aa16ce	Global	DEFAULT	true	false	false
59aa1706	Function	FUN_59aa1706	FUN_59aa1706	Global	DEFAULT	true	false	false
59aa1729	Function	FUN_59aa1729	FUN_59aa1729	Global	DEFAULT	true	false	false
59aa1766	Function	FUN_59aa1766	FUN_59aa1766	Global	DEFAULT	true	false	false
59aa1800	Function	FUN_59aa1800	FUN_59aa1800	Global	DEFAULT	true	false	false
59aa194b	Function	FUN_59aa194b	FUN_59aa194b	Global	DEFAULT	true	false	false
59aa1aa4	Function	FUN_59aa1aa4	FUN_59aa1aa4	Global	DEFAULT	true	false	false
59aa1adc	Function	FUN_59aa1adc	FUN_59aa1adc	Global	DEFAULT	true	false	false
59aa1aff	Function	FUN_59aa1aff	FUN_59aa1aff	Global	DEFAULT	true	false	false
59aa1b3c	Function	FUN_59aa1b3c	FUN_59aa1b3c	Global	DEFAULT	true	false	false
59aa1c83	Function	FUN_59aa1c83	FUN_59aa1c83	Global	DEFAULT	true	false	false
59aa1de1	Function	FUN_59aa1de1	FUN_59aa1de1	Global	DEFAULT	true	false	false
59aa1e2d	Function	FUN_59aa1e2d	FUN_59aa1e2d	Global	DEFAULT	true	false	false
59aa1e8d	Function	FUN_59aa1e8d	FUN_59aa1e8d	Global	DEFAULT	true	false	false
59aa1eb0	Function	FUN_59aa1eb0	FUN_59aa1eb0	Global	DEFAULT	true	false	false
59aa1ef2	Function	FUN_59aa1ef2	FUN_59aa1ef2	Global	DEFAULT	true	false	false
59aa1f33	Function	FUN_59aa1f33	FUN_59aa1f33	Global	DEFAULT	true	false	false
59aa1fcf	Function	FUN_59aa1fcf	FUN_59aa1fcf	Global	DEFAULT	true	false	false
59aa207b	Function	FUN_59aa207b	FUN_59aa207b	Global	DEFAULT	true	false	false
59aa20df	Function	FUN_59aa20df	FUN_59aa20df	Global	DEFAULT	true	false	false
59aa21ab	Function	FUN_59aa21ab	FUN_59aa21ab	Global	DEFAULT	true	false	false
59aa221e	Function	FUN_59aa221e	FUN_59aa221e	Global	DEFAULT	true	false	false
59aa2289	Function	FUN_59aa2289	FUN_59aa2289	Global	DEFAULT	true	false	false
59aa22bd	Function	FUN_59aa22bd	FUN_59aa22bd	Global	DEFAULT	true	false	false
59aa2360	Function	FUN_59aa2360	FUN_59aa2360	Global	DEFAULT	true	false	false
59aa249e	Function	FUN_59aa249e	FUN_59aa249e	Global	DEFAULT	true	false	false
59aa2511	Function	FUN_59aa2511	FUN_59aa2511	Global	DEFAULT	true	false	false
59aa2549	Function	FUN_59aa2549	FUN_59aa2549	Global	DEFAULT	true	false	false
59aa25b4	Function	FUN_59aa25b4	FUN_59aa25b4	Global	DEFAULT	true	false	false
59aa25e8	Function	FUN_59aa25e8	FUN_59aa25e8	Global	DEFAULT	true	false	false
59aa268b	Function	FUN_59aa268b	FUN_59aa268b	Global	DEFAULT	true	false	false
59aa26c3	Function	FUN_59aa26c3	FUN_59aa26c3	Global	DEFAULT	true	false	false
59aa2705	Function	FUN_59aa2705	FUN_59aa2705	Global	DEFAULT	true	false	false
59aa2747	Function	FUN_59aa2747	FUN_59aa2747	Global	DEFAULT	true	false	false
59aa277f	Function	FUN_59aa277f	FUN_59aa277f	Global	DEFAULT	true	false	false
59aa27ea	Function	FUN_59aa27ea	FUN_59aa27ea	Global	DEFAULT	true	false	false
59aa282d	Function	FUN_59aa282d	FUN_59aa282d	Global	DEFAULT	true	false	false
59aa28d0	Function	FUN_59aa28d0	FUN_59aa28d0	Global	DEFAULT	true	false	false
59aa2950	Function	FUN_59aa2950	FUN_59aa2950	Global	DEFAULT	true	false	false
59aa2988	Function	FUN_59aa2988	FUN_59aa2988	Global	DEFAULT	true	false	false
59aa29f3	Function	FUN_59aa29f3	FUN_59aa29f3	Global	DEFAULT	true	false	false
59aa2a27	Function	FUN_59aa2a27	FUN_59aa2a27	Global	DEFAULT	true	false	false
59aa2aca	Function	FUN_59aa2aca	FUN_59aa2aca	Global	DEFAULT	true	false	false
59aa2b02	Function	FUN_59aa2b02	FUN_59aa2b02	Global	DEFAULT	true	false	false
59aa2b6d	Function	FUN_59aa2b6d	FUN_59aa2b6d	Global	DEFAULT	true	false	false
59aa2bb6	Function	FUN_59aa2bb6	FUN_59aa2bb6	Global	DEFAULT	true	false	false
59aa2c59	Function	FUN_59aa2c59	FUN_59aa2c59	Global	DEFAULT	true	false	false
59aa2c91	Function	FUN_59aa2c91	FUN_59aa2c91	Global	DEFAULT	true	false	false
59aa2d04	Function	FUN_59aa2d04	FUN_59aa2d04	Global	DEFAULT	true	false	false
59aa2d49	Function	FUN_59aa2d49	FUN_59aa2d49	Global	DEFAULT	true	false	false
59aa2db4	Function	FUN_59aa2db4	FUN_59aa2db4	Global	DEFAULT	true	false	false
59aa2de8	Function	FUN_59aa2de8	FUN_59aa2de8	Global	DEFAULT	true	false	false
59aa2e8b	Function	FUN_59aa2e8b	FUN_59aa2e8b	Global	DEFAULT	true	false	false
59aa2ebf	Function	FUN_59aa2ebf	FUN_59aa2ebf	Global	DEFAULT	true	false	false
59aa2f10	Function	FUN_59aa2f10	FUN_59aa2f10	Global	DEFAULT	true	false	false
59aa2fb3	Function	FUN_59aa2fb3	FUN_59aa2fb3	Global	DEFAULT	true	false	false
59aa2ff5	Function	FUN_59aa2ff5	FUN_59aa2ff5	Global	DEFAULT	true	false	false
59aa3057	Function	FUN_59aa3057	FUN_59aa3057	Global	DEFAULT	true	false	false
59aa30ae	Function	FUN_59aa30ae	FUN_59aa30ae	Global	DEFAULT	true	false	false
59aa30f0	Function	FUN_59aa30f0	FUN_59aa30f0	Global	DEFAULT	true	false	false
59aa3152	Function	FUN_59aa3152	FUN_59aa3152	Global	DEFAULT	true	false	false
59aa31a9	Function	FUN_59aa31a9	FUN_59aa31a9	Global	DEFAULT	true	false	false
59aa31eb	Function	FUN_59aa31eb	FUN_59aa31eb	Global	DEFAULT	true	false	false
59aa324d	Function	FUN_59aa324d	FUN_59aa324d	Global	DEFAULT	true	false	false
59aa32a4	Function	FUN_59aa32a4	FUN_59aa32a4	Global	DEFAULT	true	false	false
59aa32e6	Function	FUN_59aa32e6	FUN_59aa32e6	Global	DEFAULT	true	false	false
59aa3348	Function	FUN_59aa3348	FUN_59aa3348	Global	DEFAULT	true	false	false
59aa339f	Function	FUN_59aa339f	FUN_59aa339f	Global	DEFAULT	true	false	false
59aa3401	Function	FUN_59aa3401	FUN_59aa3401	Global	DEFAULT	true	false	false
59aa3458	Function	FUN_59aa3458	FUN_59aa3458	Global	DEFAULT	true	false	false
59aa34ba	Function	FUN_59aa34ba	FUN_59aa34ba	Global	DEFAULT	true	false	false
59aa3511	Function	FUN_59aa3511	FUN_59aa3511	Global	DEFAULT	true	false	false
59aa3553	Function	FUN_59aa3553	FUN_59aa3553	Global	DEFAULT	true	false	false
59aa35b5	Function	FUN_59aa35b5	FUN_59aa35b5	Global	DEFAULT	true	false	false
59aa360c	Function	FUN_59aa360c	FUN_59aa360c	Global	DEFAULT	true	false	false
59aa364e	Function	FUN_59aa364e	FUN_59aa364e	Global	DEFAULT	true	false	false
59aa36b0	Function	FUN_59aa36b0	FUN_59aa36b0	Global	DEFAULT	true	false	false
59aa3707	Function	FUN_59aa3707	FUN_59aa3707	Global	DEFAULT	true	false	false
59aa373b	Function	FUN_59aa373b	FUN_59aa373b	Global	DEFAULT	true	false	false
59aa37f5	Function	FUN_59aa37f5	FUN_59aa37f5	Global	DEFAULT	true	false	false
59aa3898	Function	FUN_59aa3898	FUN_59aa3898	Global	DEFAULT	true	false	false
59aa38f5	Function	FUN_59aa38f5	FUN_59aa38f5	Global	DEFAULT	true	false	false
59aa3918	Function	FUN_59aa3918	FUN_59aa3918	Global	DEFAULT	true	false	false
59aa39d3	Function	FUN_59aa39d3	FUN_59aa39d3	Global	DEFAULT	true	false	false
59aa3a3d	Function	FUN_59aa3a3d	FUN_59aa3a3d	Global	DEFAULT	true	false	false
59aa3a4f	Function	FUN_59aa3a4f	FUN_59aa3a4f	Global	DEFAULT	true	false	false
59aa3b0a	Function	FUN_59aa3b0a	FUN_59aa3b0a	Global	DEFAULT	true	false	false
59aa3b74	Function	FUN_59aa3b74	FUN_59aa3b74	Global	DEFAULT	true	false	false
59aa3bda	Function	FUN_59aa3bda	FUN_59aa3bda	Global	DEFAULT	true	false	false
59aa3c95	Function	FUN_59aa3c95	FUN_59aa3c95	Global	DEFAULT	true	false	false
59aa3d37	Function	FUN_59aa3d37	FUN_59aa3d37	Global	DEFAULT	true	false	false
59aa3df2	Function	FUN_59aa3df2	FUN_59aa3df2	Global	DEFAULT	true	false	false
59aa3e75	Function	FUN_59aa3e75	FUN_59aa3e75	Global	DEFAULT	true	false	false
59aa3f30	Function	FUN_59aa3f30	FUN_59aa3f30	Global	DEFAULT	true	false	false
59aa3fcc	Function	FUN_59aa3fcc	FUN_59aa3fcc	Global	DEFAULT	true	false	false
59aa408f	Function	FUN_59aa408f	FUN_59aa408f	Global	DEFAULT	true	false	false
59aa414a	Function	FUN_59aa414a	FUN_59aa414a	Global	DEFAULT	true	false	false
59aa4224	Function	FUN_59aa4224	FUN_59aa4224	Global	DEFAULT	true	false	false
59aa4247	Function	FUN_59aa4247	FUN_59aa4247	Global	DEFAULT	true	false	false
59aa427c	Function	FUN_59aa427c	FUN_59aa427c	Global	DEFAULT	true	false	false
59aa429f	Function	FUN_59aa429f	FUN_59aa429f	Global	DEFAULT	true	false	false
59aa42e0	Function	FUN_59aa42e0	FUN_59aa42e0	Global	DEFAULT	true	false	false
59aa4303	Function	FUN_59aa4303	FUN_59aa4303	Global	DEFAULT	true	false	false
59aa4344	Function	FUN_59aa4344	FUN_59aa4344	Global	DEFAULT	true	false	false
59aa4367	Function	FUN_59aa4367	FUN_59aa4367	Global	DEFAULT	true	false	false
59aa43a8	Function	FUN_59aa43a8	FUN_59aa43a8	Global	DEFAULT	true	false	false
59aa43cb	Function	FUN_59aa43cb	FUN_59aa43cb	Global	DEFAULT	true	false	false
59aa440c	Function	FUN_59aa440c	FUN_59aa440c	Global	DEFAULT	true	false	false
59aa442f	Function	FUN_59aa442f	FUN_59aa442f	Global	DEFAULT	true	false	false
59aa4470	Function	FUN_59aa4470	FUN_59aa4470	Global	DEFAULT	true	false	false
59aa4493	Function	FUN_59aa4493	FUN_59aa4493	Global	DEFAULT	true	false	false
59aa44d4	Function	FUN_59aa44d4	FUN_59aa44d4	Global	DEFAULT	true	false	false
59aa4540	Function	FUN_59aa4540	FUN_59aa4540	Global	DEFAULT	true	false	false
59aa4594	Function	FUN_59aa4594	FUN_59aa4594	Global	DEFAULT	true	false	false
59aa45e9	Function	FUN_59aa45e9	FUN_59aa45e9	Global	DEFAULT	true	false	false
59aa4612	Function	FUN_59aa4612	FUN_59aa4612	Global	DEFAULT	true	false	false
59aa46a0	Function	thunk_FUN_59a9dc91	thunk_FUN_59a9dc91	Global	DEFAULT	true	false	false
59aa46aa	Function	FUN_59aa46aa	FUN_59aa46aa	Global	DEFAULT	true	false	false
59aa46ed	Function	FUN_59aa46ed	FUN_59aa46ed	Global	DEFAULT	true	false	false
59aa4754	Function	thunk_FUN_59a9dceb	thunk_FUN_59a9dceb	Global	DEFAULT	true	false	false
59aa475e	Function	FUN_59aa475e	FUN_59aa475e	Global	DEFAULT	true	false	false
59aa47b4	Function	FUN_59aa47b4	FUN_59aa47b4	Global	DEFAULT	true	false	false
59aa4831	Function	FUN_59aa4831	FUN_59aa4831	Global	DEFAULT	true	false	false
59aa48df	Function	FUN_59aa48df	FUN_59aa48df	Global	DEFAULT	true	false	false
59aa4914	Function	FUN_59aa4914	FUN_59aa4914	Global	DEFAULT	true	false	false
59aa4951	Function	FUN_59aa4951	FUN_59aa4951	Global	DEFAULT	true	false	false
59aa4974	Function	thunk_FUN_59a9f016	thunk_FUN_59a9f016	Global	DEFAULT	true	false	false
59aa49a1	Function	FUN_59aa49a1	FUN_59aa49a1	Global	DEFAULT	true	false	false
59aa49e1	Function	FUN_59aa49e1	FUN_59aa49e1	Global	DEFAULT	true	false	false
59aa4a42	Function	thunk_FUN_59a9f2f6	thunk_FUN_59a9f2f6	Global	DEFAULT	true	false	false
59aa4a4c	Function	FUN_59aa4a4c	FUN_59aa4a4c	Global	DEFAULT	true	false	false
59aa4aad	Function	thunk_FUN_59a9f348	thunk_FUN_59a9f348	Global	DEFAULT	true	false	false
59aa4ab7	Function	FUN_59aa4ab7	FUN_59aa4ab7	Global	DEFAULT	true	false	false
59aa4b56	Function	FUN_59aa4b56	FUN_59aa4b56	Global	DEFAULT	true	false	false
59aa4bcc	Function	FUN_59aa4bcc	FUN_59aa4bcc	Global	DEFAULT	true	false	false
59aa4c2d	Function	thunk_FUN_59a9f729	thunk_FUN_59a9f729	Global	DEFAULT	true	false	false
59aa4c37	Function	FUN_59aa4c37	FUN_59aa4c37	Global	DEFAULT	true	false	false
59aa4c98	Function	thunk_FUN_59a9f7d6	thunk_FUN_59a9f7d6	Global	DEFAULT	true	false	false
59aa4ca2	Function	FUN_59aa4ca2	FUN_59aa4ca2	Global	DEFAULT	true	false	false
59aa4d03	Function	thunk_FUN_59a9f828	thunk_FUN_59a9f828	Global	DEFAULT	true	false	false
59aa4d0d	Function	FUN_59aa4d0d	FUN_59aa4d0d	Global	DEFAULT	true	false	false
59aa4d4b	Function	FUN_59aa4d4b	FUN_59aa4d4b	Global	DEFAULT	true	false	false
59aa4dc8	Function	FUN_59aa4dc8	FUN_59aa4dc8	Global	DEFAULT	true	false	false
59aa4deb	Function	FUN_59aa4deb	FUN_59aa4deb	Global	DEFAULT	true	false	false
59aa4ec3	Function	FUN_59aa4ec3	FUN_59aa4ec3	Global	DEFAULT	true	false	false
59aa4fa0	Function	FUN_59aa4fa0	FUN_59aa4fa0	Global	DEFAULT	true	false	false
59aa503d	Function	FUN_59aa503d	FUN_59aa503d	Global	DEFAULT	true	false	false
59aa50da	Function	FUN_59aa50da	FUN_59aa50da	Global	DEFAULT	true	false	false
59aa5218	Function	FUN_59aa5218	FUN_59aa5218	Global	DEFAULT	true	false	false
59aa5342	Function	FUN_59aa5342	FUN_59aa5342	Global	DEFAULT	true	false	false
59aa5468	Function	FUN_59aa5468	FUN_59aa5468	Global	DEFAULT	true	false	false
59aa558e	Function	FUN_59aa558e	FUN_59aa558e	Global	DEFAULT	true	false	false
59aa56b4	Function	FUN_59aa56b4	FUN_59aa56b4	Global	DEFAULT	true	false	false
59aa5835	Function	FUN_59aa5835	FUN_59aa5835	Global	DEFAULT	true	false	false
59aa58eb	Function	FUN_59aa58eb	FUN_59aa58eb	Global	DEFAULT	true	false	false
59aa599f	Function	FUN_59aa599f	FUN_59aa599f	Global	DEFAULT	true	false	false
59aa5a54	Function	FUN_59aa5a54	FUN_59aa5a54	Global	DEFAULT	true	false	false
59aa5abd	Function	FUN_59aa5abd	FUN_59aa5abd	Global	DEFAULT	true	false	false
59aa5af6	Function	FUN_59aa5af6	FUN_59aa5af6	Global	DEFAULT	true	false	false
59aa5b39	Function	FUN_59aa5b39	FUN_59aa5b39	Global	DEFAULT	true	false	false
59aa5ba2	Function	FUN_59aa5ba2	FUN_59aa5ba2	Global	DEFAULT	true	false	false
59aa5bdb	Function	FUN_59aa5bdb	FUN_59aa5bdb	Global	DEFAULT	true	false	false
59aa5c1e	Function	FUN_59aa5c1e	FUN_59aa5c1e	Global	DEFAULT	true	false	false
59aa5ce9	Function	FUN_59aa5ce9	FUN_59aa5ce9	Global	DEFAULT	true	false	false
59aa5d54	Function	FUN_59aa5d54	FUN_59aa5d54	Global	DEFAULT	true	false	false
59aa5d9a	Function	FUN_59aa5d9a	FUN_59aa5d9a	Global	DEFAULT	true	false	false
59aa5e4b	Function	FUN_59aa5e4b	FUN_59aa5e4b	Global	DEFAULT	true	false	false
59aa5f16	Function	FUN_59aa5f16	FUN_59aa5f16	Global	DEFAULT	true	false	false
59aa5fe0	Function	FUN_59aa5fe0	FUN_59aa5fe0	Global	DEFAULT	true	false	false
59aa60cc	Function	FUN_59aa60cc	FUN_59aa60cc	Global	DEFAULT	true	false	false
59aa61b8	Function	FUN_59aa61b8	FUN_59aa61b8	Global	DEFAULT	true	false	false
59aa6283	Function	FUN_59aa6283	FUN_59aa6283	Global	DEFAULT	true	false	false
59aa63c3	Function	FUN_59aa63c3	FUN_59aa63c3	Global	DEFAULT	true	false	false
59aa64b7	Function	FUN_59aa64b7	FUN_59aa64b7	Global	DEFAULT	true	false	false
59aa65a3	Function	FUN_59aa65a3	FUN_59aa65a3	Global	DEFAULT	true	false	false
59aa6623	Function	FUN_59aa6623	FUN_59aa6623	Global	DEFAULT	true	false	false
59aa66d9	Function	FUN_59aa66d9	FUN_59aa66d9	Global	DEFAULT	true	false	false
59aa6737	Function	FUN_59aa6737	FUN_59aa6737	Global	DEFAULT	true	false	false
59aa6783	Function	FUN_59aa6783	FUN_59aa6783	Global	DEFAULT	true	false	false
59aa67a6	Function	FUN_59aa67a6	FUN_59aa67a6	Global	DEFAULT	true	false	false
59aa6819	Function	FUN_59aa6819	FUN_59aa6819	Global	DEFAULT	true	false	false
59aa690c	Function	FUN_59aa690c	FUN_59aa690c	Global	DEFAULT	true	false	false
59aa6a09	Function	FUN_59aa6a09	FUN_59aa6a09	Global	DEFAULT	true	false	false
59aa6a89	Function	FUN_59aa6a89	FUN_59aa6a89	Global	DEFAULT	true	false	false
59aa6b69	Function	FUN_59aa6b69	FUN_59aa6b69	Global	DEFAULT	true	false	false
59aa6be2	Function	FUN_59aa6be2	FUN_59aa6be2	Global	DEFAULT	true	false	false
59aa6c05	Function	FUN_59aa6c05	FUN_59aa6c05	Global	DEFAULT	true	false	false
59aa6c78	Function	FUN_59aa6c78	FUN_59aa6c78	Global	DEFAULT	true	false	false
59aa6d6b	Function	FUN_59aa6d6b	FUN_59aa6d6b	Global	DEFAULT	true	false	false
59aa6eaf	Function	FUN_59aa6eaf	FUN_59aa6eaf	Global	DEFAULT	true	false	false
59aa6f5a	Function	FUN_59aa6f5a	FUN_59aa6f5a	Global	DEFAULT	true	false	false
59aa7014	Function	FUN_59aa7014	FUN_59aa7014	Global	DEFAULT	true	false	false
59aa7072	Function	FUN_59aa7072	FUN_59aa7072	Global	DEFAULT	true	false	false
59aa70be	Function	FUN_59aa70be	FUN_59aa70be	Global	DEFAULT	true	false	false
59aa70e1	Function	FUN_59aa70e1	FUN_59aa70e1	Global	DEFAULT	true	false	false
59aa7154	Function	FUN_59aa7154	FUN_59aa7154	Global	DEFAULT	true	false	false
59aa7246	Function	FUN_59aa7246	FUN_59aa7246	Global	DEFAULT	true	false	false
59aa7343	Function	FUN_59aa7343	FUN_59aa7343	Global	DEFAULT	true	false	false
59aa73c3	Function	FUN_59aa73c3	FUN_59aa73c3	Global	DEFAULT	true	false	false
59aa74a7	Function	FUN_59aa74a7	FUN_59aa74a7	Global	DEFAULT	true	false	false
59aa7525	Function	FUN_59aa7525	FUN_59aa7525	Global	DEFAULT	true	false	false
59aa7548	Function	FUN_59aa7548	FUN_59aa7548	Global	DEFAULT	true	false	false
59aa75bb	Function	FUN_59aa75bb	FUN_59aa75bb	Global	DEFAULT	true	false	false
59aa76ad	Function	FUN_59aa76ad	FUN_59aa76ad	Global	DEFAULT	true	false	false
59aa77f1	Function	FUN_59aa77f1	FUN_59aa77f1	Global	DEFAULT	true	false	false
59aa78a2	Function	FUN_59aa78a2	FUN_59aa78a2	Global	DEFAULT	true	false	false
59aa7959	Function	FUN_59aa7959	FUN_59aa7959	Global	DEFAULT	true	false	false
59aa79b7	Function	FUN_59aa79b7	FUN_59aa79b7	Global	DEFAULT	true	false	false
59aa7a03	Function	FUN_59aa7a03	FUN_59aa7a03	Global	DEFAULT	true	false	false
59aa7a26	Function	FUN_59aa7a26	FUN_59aa7a26	Global	DEFAULT	true	false	false
59aa7a99	Function	FUN_59aa7a99	FUN_59aa7a99	Global	DEFAULT	true	false	false
59aa7b8e	Function	FUN_59aa7b8e	FUN_59aa7b8e	Global	DEFAULT	true	false	false
59aa7c8b	Function	FUN_59aa7c8b	FUN_59aa7c8b	Global	DEFAULT	true	false	false
59aa7d0b	Function	FUN_59aa7d0b	FUN_59aa7d0b	Global	DEFAULT	true	false	false
59aa7d84	Function	FUN_59aa7d84	FUN_59aa7d84	Global	DEFAULT	true	false	false
59aa7da7	Function	FUN_59aa7da7	FUN_59aa7da7	Global	DEFAULT	true	false	false
59aa7e1a	Function	FUN_59aa7e1a	FUN_59aa7e1a	Global	DEFAULT	true	false	false
59aa7f0f	Function	FUN_59aa7f0f	FUN_59aa7f0f	Global	DEFAULT	true	false	false
59aa8053	Function	FUN_59aa8053	FUN_59aa8053	Global	DEFAULT	true	false	false
59aa80c6	Function	FUN_59aa80c6	FUN_59aa80c6	Global	DEFAULT	true	false	false
59aa814d	Function	FUN_59aa814d	FUN_59aa814d	Global	DEFAULT	true	false	false
59aa81c0	Function	FUN_59aa81c0	FUN_59aa81c0	Global	DEFAULT	true	false	false
59aa82bd	Function	FUN_59aa82bd	FUN_59aa82bd	Global	DEFAULT	true	false	false
59aa8348	Function	FUN_59aa8348	FUN_59aa8348	Global	DEFAULT	true	false	false
59aa8428	Function	FUN_59aa8428	FUN_59aa8428	Global	DEFAULT	true	false	false
59aa844b	Function	FUN_59aa844b	FUN_59aa844b	Global	DEFAULT	true	false	false
59aa84be	Function	FUN_59aa84be	FUN_59aa84be	Global	DEFAULT	true	false	false
59aa85bb	Function	FUN_59aa85bb	FUN_59aa85bb	Global	DEFAULT	true	false	false
59aa8627	Function	FUN_59aa8627	FUN_59aa8627	Global	DEFAULT	true	false	false
59aa86a7	Function	FUN_59aa86a7	FUN_59aa86a7	Global	DEFAULT	true	false	false
59aa875e	Function	FUN_59aa875e	FUN_59aa875e	Global	DEFAULT	true	false	false
59aa87bc	Function	FUN_59aa87bc	FUN_59aa87bc	Global	DEFAULT	true	false	false
59aa8808	Function	FUN_59aa8808	FUN_59aa8808	Global	DEFAULT	true	false	false
59aa882b	Function	FUN_59aa882b	FUN_59aa882b	Global	DEFAULT	true	false	false
59aa889e	Function	FUN_59aa889e	FUN_59aa889e	Global	DEFAULT	true	false	false
59aa898d	Function	FUN_59aa898d	FUN_59aa898d	Global	DEFAULT	true	false	false
59aa8a8a	Function	FUN_59aa8a8a	FUN_59aa8a8a	Global	DEFAULT	true	false	false
59aa8b04	Function	FUN_59aa8b04	FUN_59aa8b04	Global	DEFAULT	true	false	false
59aa8b1a	Function	FUN_59aa8b1a	FUN_59aa8b1a	Global	DEFAULT	true	false	false
59aa8bf1	Function	FUN_59aa8bf1	FUN_59aa8bf1	Global	DEFAULT	true	false	false
59aa8c96	Function	FUN_59aa8c96	FUN_59aa8c96	Global	DEFAULT	true	false	false
59aa8cf4	Function	FUN_59aa8cf4	FUN_59aa8cf4	Global	DEFAULT	true	false	false
59aa8dca	Function	FUN_59aa8dca	FUN_59aa8dca	Global	DEFAULT	true	false	false
59aa8ded	Function	FUN_59aa8ded	FUN_59aa8ded	Global	DEFAULT	true	false	false
59aa8e67	Function	FUN_59aa8e67	FUN_59aa8e67	Global	DEFAULT	true	false	false
59aa8f64	Function	FUN_59aa8f64	FUN_59aa8f64	Global	DEFAULT	true	false	false
59aa8fe2	Function	FUN_59aa8fe2	FUN_59aa8fe2	Global	DEFAULT	true	false	false
59aa90c7	Function	FUN_59aa90c7	FUN_59aa90c7	Global	DEFAULT	true	false	false
59aa911e	Function	FUN_59aa911e	FUN_59aa911e	Global	DEFAULT	true	false	false
59aa9141	Function	FUN_59aa9141	FUN_59aa9141	Global	DEFAULT	true	false	false
59aa91bb	Function	FUN_59aa91bb	FUN_59aa91bb	Global	DEFAULT	true	false	false
59aa92a6	Function	FUN_59aa92a6	FUN_59aa92a6	Global	DEFAULT	true	false	false
59aa93a3	Function	FUN_59aa93a3	FUN_59aa93a3	Global	DEFAULT	true	false	false
59aa9421	Function	FUN_59aa9421	FUN_59aa9421	Global	DEFAULT	true	false	false
59aa94a1	Function	FUN_59aa94a1	FUN_59aa94a1	Global	DEFAULT	true	false	false
59aa9557	Function	FUN_59aa9557	FUN_59aa9557	Global	DEFAULT	true	false	false
59aa95b5	Function	FUN_59aa95b5	FUN_59aa95b5	Global	DEFAULT	true	false	false
59aa9601	Function	FUN_59aa9601	FUN_59aa9601	Global	DEFAULT	true	false	false
59aa9624	Function	FUN_59aa9624	FUN_59aa9624	Global	DEFAULT	true	false	false
59aa9697	Function	FUN_59aa9697	FUN_59aa9697	Global	DEFAULT	true	false	false
59aa978b	Function	FUN_59aa978b	FUN_59aa978b	Global	DEFAULT	true	false	false
59aa9888	Function	FUN_59aa9888	FUN_59aa9888	Global	DEFAULT	true	false	false
59aa9908	Function	FUN_59aa9908	FUN_59aa9908	Global	DEFAULT	true	false	false
59aa9954	Function	FUN_59aa9954	FUN_59aa9954	Global	DEFAULT	true	false	false
59aa9977	Function	FUN_59aa9977	FUN_59aa9977	Global	DEFAULT	true	false	false
59aa99ea	Function	FUN_59aa99ea	FUN_59aa99ea	Global	DEFAULT	true	false	false
59aa9ae7	Function	FUN_59aa9ae7	FUN_59aa9ae7	Global	DEFAULT	true	false	false
59aa9b67	Function	FUN_59aa9b67	FUN_59aa9b67	Global	DEFAULT	true	false	false
59aa9c4b	Function	FUN_59aa9c4b	FUN_59aa9c4b	Global	DEFAULT	true	false	false
59aa9cc9	Function	FUN_59aa9cc9	FUN_59aa9cc9	Global	DEFAULT	true	false	false
59aa9cec	Function	FUN_59aa9cec	FUN_59aa9cec	Global	DEFAULT	true	false	false
59aa9d5f	Function	FUN_59aa9d5f	FUN_59aa9d5f	Global	DEFAULT	true	false	false
59aa9e68	Function	FUN_59aa9e68	FUN_59aa9e68	Global	DEFAULT	true	false	false
59aa9fac	Function	FUN_59aa9fac	FUN_59aa9fac	Global	DEFAULT	true	false	false
59aaa03b	Function	FUN_59aaa03b	FUN_59aaa03b	Global	DEFAULT	true	false	false
59aaa0f5	Function	FUN_59aaa0f5	FUN_59aaa0f5	Global	DEFAULT	true	false	false
59aaa153	Function	FUN_59aaa153	FUN_59aaa153	Global	DEFAULT	true	false	false
59aaa176	Function	FUN_59aaa176	FUN_59aaa176	Global	DEFAULT	true	false	false
59aaa1e9	Function	FUN_59aaa1e9	FUN_59aaa1e9	Global	DEFAULT	true	false	false
59aaa2f2	Function	FUN_59aaa2f2	FUN_59aaa2f2	Global	DEFAULT	true	false	false
59aaa435	Function	FUN_59aaa435	FUN_59aaa435	Global	DEFAULT	true	false	false
59aaa45e	Function	FUN_59aaa45e	FUN_59aaa45e	Global	DEFAULT	true	false	false
59aaa487	Function	FUN_59aaa487	FUN_59aaa487	Global	DEFAULT	true	false	false
59aaa4b0	Function	FUN_59aaa4b0	FUN_59aaa4b0	Global	DEFAULT	true	false	false
59aaa4d9	Function	FUN_59aaa4d9	FUN_59aaa4d9	Global	DEFAULT	true	false	false
59aaa555	Function	FUN_59aaa555	FUN_59aaa555	Global	DEFAULT	true	false	false
59aaa5d2	Function	FUN_59aaa5d2	FUN_59aaa5d2	Global	DEFAULT	true	false	false
59aaa64f	Function	FUN_59aaa64f	FUN_59aaa64f	Global	DEFAULT	true	false	false
59aaa6cc	Function	FUN_59aaa6cc	FUN_59aaa6cc	Global	DEFAULT	true	false	false
59aaa713	Function	FUN_59aaa713	FUN_59aaa713	Global	DEFAULT	true	false	false
59aaa7b4	Function	FUN_59aaa7b4	FUN_59aaa7b4	Global	DEFAULT	true	false	false
59aaa856	Function	FUN_59aaa856	FUN_59aaa856	Global	DEFAULT	true	false	false
59aaaae9	Function	FUN_59aaaae9	FUN_59aaaae9	Global	DEFAULT	true	false	false
59aaabf0	Function	FUN_59aaabf0	FUN_59aaabf0	Global	DEFAULT	true	false	false
59aab276	Function	FUN_59aab276	FUN_59aab276	Global	DEFAULT	true	false	false
59aab34b	Function	FUN_59aab34b	FUN_59aab34b	Global	DEFAULT	true	false	false
59aab82a	Function	FUN_59aab82a	FUN_59aab82a	Global	DEFAULT	true	false	false
59aabd0f	Function	FUN_59aabd0f	FUN_59aabd0f	Global	DEFAULT	true	false	false
59aabe35	Function	FUN_59aabe35	FUN_59aabe35	Global	DEFAULT	true	false	false
59aabe7d	Function	FUN_59aabe7d	FUN_59aabe7d	Global	DEFAULT	true	false	false
59aabec4	Function	FUN_59aabec4	FUN_59aabec4	Global	DEFAULT	true	false	false
59aabef6	Function	FUN_59aabef6	FUN_59aabef6	Global	DEFAULT	true	false	false
59aabf19	Function	FUN_59aabf19	FUN_59aabf19	Global	DEFAULT	true	false	false
59aabf68	Function	FUN_59aabf68	FUN_59aabf68	Global	DEFAULT	true	false	false
59aabfbf	Function	FUN_59aabfbf	FUN_59aabfbf	Global	DEFAULT	true	false	false
59aac09f	Function	FUN_59aac09f	FUN_59aac09f	Global	DEFAULT	true	false	false
59aac12a	Function	FUN_59aac12a	FUN_59aac12a	Global	DEFAULT	true	false	false
59aac1a4	Function	FUN_59aac1a4	FUN_59aac1a4	Global	DEFAULT	true	false	false
59aac27c	Function	FUN_59aac27c	FUN_59aac27c	Global	DEFAULT	true	false	false
59aac29f	Function	FUN_59aac29f	FUN_59aac29f	Global	DEFAULT	true	false	false
59aac2eb	Function	FUN_59aac2eb	FUN_59aac2eb	Global	DEFAULT	true	false	false
59aac30e	Function	thunk_FUN_59aa2d04	thunk_FUN_59aa2d04	Global	DEFAULT	true	false	false
59aac318	Function	FUN_59aac318	FUN_59aac318	Global	DEFAULT	true	false	false
59aac4b5	Function	FUN_59aac4b5	FUN_59aac4b5	Global	DEFAULT	true	false	false
59aac5a3	Function	FUN_59aac5a3	FUN_59aac5a3	Global	DEFAULT	true	false	false
59aac6aa	Function	FUN_59aac6aa	FUN_59aac6aa	Global	DEFAULT	true	false	false
59aac772	Function	FUN_59aac772	FUN_59aac772	Global	DEFAULT	true	false	false
59aac833	Function	FUN_59aac833	FUN_59aac833	Global	DEFAULT	true	false	false
59aac938	Function	FUN_59aac938	FUN_59aac938	Global	DEFAULT	true	false	false
59aaca00	Function	FUN_59aaca00	FUN_59aaca00	Global	DEFAULT	true	false	false
59aacacd	Function	FUN_59aacacd	FUN_59aacacd	Global	DEFAULT	true	false	false
59aacb9a	Function	FUN_59aacb9a	FUN_59aacb9a	Global	DEFAULT	true	false	false
59aacc67	Function	FUN_59aacc67	FUN_59aacc67	Global	DEFAULT	true	false	false
59aacd34	Function	FUN_59aacd34	FUN_59aacd34	Global	DEFAULT	true	false	false
59aace01	Function	FUN_59aace01	FUN_59aace01	Global	DEFAULT	true	false	false
59aacece	Function	FUN_59aacece	FUN_59aacece	Global	DEFAULT	true	false	false
59aacf9b	Function	FUN_59aacf9b	FUN_59aacf9b	Global	DEFAULT	true	false	false
59aad068	Function	FUN_59aad068	FUN_59aad068	Global	DEFAULT	true	false	false
59aad135	Function	FUN_59aad135	FUN_59aad135	Global	DEFAULT	true	false	false
59aad202	Function	FUN_59aad202	FUN_59aad202	Global	DEFAULT	true	false	false
59aad2cf	Function	FUN_59aad2cf	FUN_59aad2cf	Global	DEFAULT	true	false	false
59aad2fa	Function	FUN_59aad2fa	FUN_59aad2fa	Global	DEFAULT	true	false	false
59aad38f	Function	FUN_59aad38f	FUN_59aad38f	Global	DEFAULT	true	false	false
59aad3cd	Function	FUN_59aad3cd	FUN_59aad3cd	Global	DEFAULT	true	false	false
59aad51b	Function	FUN_59aad51b	FUN_59aad51b	Global	DEFAULT	true	false	false
59aad621	Function	FUN_59aad621	FUN_59aad621	Global	DEFAULT	true	false	false
59aad728	Function	FUN_59aad728	FUN_59aad728	Global	DEFAULT	true	false	false
59aad807	Function	FUN_59aad807	FUN_59aad807	Global	DEFAULT	true	false	false
59aad952	Function	FUN_59aad952	FUN_59aad952	Global	DEFAULT	true	false	false
59aad9ce	Function	FUN_59aad9ce	FUN_59aad9ce	Global	DEFAULT	true	false	false
59aada00	Function	FUN_59aada00	FUN_59aada00	Global	DEFAULT	true	false	false
59aada24	Function	FUN_59aada24	FUN_59aada24	Global	DEFAULT	true	false	false
59aadaaf	Function	FUN_59aadaaf	FUN_59aadaaf	Global	DEFAULT	true	false	false
59aadb51	Function	FUN_59aadb51	FUN_59aadb51	Global	DEFAULT	true	false	false
59aadbba	Function	FUN_59aadbba	FUN_59aadbba	Global	DEFAULT	true	false	false
59aade2c	Function	FUN_59aade2c	FUN_59aade2c	Global	DEFAULT	true	false	false
59aaded1	Function	FUN_59aaded1	FUN_59aaded1	Global	DEFAULT	true	false	false
59aadf20	Function	FUN_59aadf20	FUN_59aadf20	Global	DEFAULT	true	false	false
59aadf75	Function	FUN_59aadf75	FUN_59aadf75	Global	DEFAULT	true	false	false
59aadfc4	Function	FUN_59aadfc4	FUN_59aadfc4	Global	DEFAULT	true	false	false
59aadfe9	Function	FUN_59aadfe9	FUN_59aadfe9	Global	DEFAULT	true	false	false
59aae020	Function	FUN_59aae020	FUN_59aae020	Global	DEFAULT	true	false	false
59aae0d4	Function	FUN_59aae0d4	FUN_59aae0d4	Global	DEFAULT	true	false	false
59aae147	Function	FUN_59aae147	FUN_59aae147	Global	DEFAULT	true	false	false
59aae1b0	Function	FUN_59aae1b0	FUN_59aae1b0	Global	DEFAULT	true	false	false
59aae1e9	Function	FUN_59aae1e9	FUN_59aae1e9	Global	DEFAULT	true	false	false
59aae22c	Function	FUN_59aae22c	FUN_59aae22c	Global	DEFAULT	true	false	false
59aae32b	Function	FUN_59aae32b	FUN_59aae32b	Global	DEFAULT	true	false	false
59aae356	Function	FUN_59aae356	FUN_59aae356	Global	DEFAULT	true	false	false
59aae3eb	Function	FUN_59aae3eb	FUN_59aae3eb	Global	DEFAULT	true	false	false
59aae536	Function	FUN_59aae536	FUN_59aae536	Global	DEFAULT	true	false	false
59aae5b2	Function	FUN_59aae5b2	FUN_59aae5b2	Global	DEFAULT	true	false	false
59aae5e4	Function	FUN_59aae5e4	FUN_59aae5e4	Global	DEFAULT	true	false	false
59aae608	Function	FUN_59aae608	FUN_59aae608	Global	DEFAULT	true	false	false
59aae62c	Function	FUN_59aae62c	FUN_59aae62c	Global	DEFAULT	true	false	false
59aae6b7	Function	FUN_59aae6b7	FUN_59aae6b7	Global	DEFAULT	true	false	false
59aae74c	Function	FUN_59aae74c	FUN_59aae74c	Global	DEFAULT	true	false	false
59aae7f1	Function	FUN_59aae7f1	FUN_59aae7f1	Global	DEFAULT	true	false	false
59aaea8e	Function	FUN_59aaea8e	FUN_59aaea8e	Global	DEFAULT	true	false	false
59aaeadd	Function	FUN_59aaeadd	FUN_59aaeadd	Global	DEFAULT	true	false	false
59aaeb32	Function	FUN_59aaeb32	FUN_59aaeb32	Global	DEFAULT	true	false	false
59aaeb82	Function	FUN_59aaeb82	FUN_59aaeb82	Global	DEFAULT	true	false	false
59aaebd2	Function	FUN_59aaebd2	FUN_59aaebd2	Global	DEFAULT	true	false	false
59aaec22	Function	FUN_59aaec22	FUN_59aaec22	Global	DEFAULT	true	false	false
59aaec72	Function	FUN_59aaec72	FUN_59aaec72	Global	DEFAULT	true	false	false
59aaecc2	Function	FUN_59aaecc2	FUN_59aaecc2	Global	DEFAULT	true	false	false
59aaed12	Function	FUN_59aaed12	FUN_59aaed12	Global	DEFAULT	true	false	false
59aaed62	Function	FUN_59aaed62	FUN_59aaed62	Global	DEFAULT	true	false	false
59aaedb2	Function	FUN_59aaedb2	FUN_59aaedb2	Global	DEFAULT	true	false	false
59aaee02	Function	FUN_59aaee02	FUN_59aaee02	Global	DEFAULT	true	false	false
59aaee52	Function	FUN_59aaee52	FUN_59aaee52	Global	DEFAULT	true	false	false
59aaeea2	Function	FUN_59aaeea2	FUN_59aaeea2	Global	DEFAULT	true	false	false
59aaeef2	Function	FUN_59aaeef2	FUN_59aaeef2	Global	DEFAULT	true	false	false
59aaef42	Function	FUN_59aaef42	FUN_59aaef42	Global	DEFAULT	true	false	false
59aaef92	Function	FUN_59aaef92	FUN_59aaef92	Global	DEFAULT	true	false	false
59aaefe1	Function	FUN_59aaefe1	FUN_59aaefe1	Global	DEFAULT	true	false	false
59aaf005	Function	FUN_59aaf005	FUN_59aaf005	Global	DEFAULT	true	false	false
59aaf089	Function	FUN_59aaf089	FUN_59aaf089	Global	DEFAULT	true	false	false
59aaf0fc	Function	FUN_59aaf0fc	FUN_59aaf0fc	Global	DEFAULT	true	false	false
59aaf165	Function	FUN_59aaf165	FUN_59aaf165	Global	DEFAULT	true	false	false
59aaf19e	Function	FUN_59aaf19e	FUN_59aaf19e	Global	DEFAULT	true	false	false
59aaf1e1	Function	FUN_59aaf1e1	FUN_59aaf1e1	Global	DEFAULT	true	false	false
59aaf3b4	Function	FUN_59aaf3b4	FUN_59aaf3b4	Global	DEFAULT	true	false	false
59aaf4b3	Function	FUN_59aaf4b3	FUN_59aaf4b3	Global	DEFAULT	true	false	false
59aaf5fe	Function	FUN_59aaf5fe	FUN_59aaf5fe	Global	DEFAULT	true	false	false
59aaf67a	Function	FUN_59aaf67a	FUN_59aaf67a	Global	DEFAULT	true	false	false
59aaf6ac	Function	FUN_59aaf6ac	FUN_59aaf6ac	Global	DEFAULT	true	false	false
59aaf6ce	Function	FUN_59aaf6ce	FUN_59aaf6ce	Global	DEFAULT	true	false	false
59aaf6f2	Function	FUN_59aaf6f2	FUN_59aaf6f2	Global	DEFAULT	true	false	false
59aaf774	Function	FUN_59aaf774	FUN_59aaf774	Global	DEFAULT	true	false	false
59aaf816	Function	FUN_59aaf816	FUN_59aaf816	Global	DEFAULT	true	false	false
59aaf870	Function	FUN_59aaf870	FUN_59aaf870	Global	DEFAULT	true	false	false
59aafae2	Function	FUN_59aafae2	FUN_59aafae2	Global	DEFAULT	true	false	false
59aafb5c	Function	FUN_59aafb5c	FUN_59aafb5c	Global	DEFAULT	true	false	false
59aafbab	Function	FUN_59aafbab	FUN_59aafbab	Global	DEFAULT	true	false	false
59aafbfb	Function	FUN_59aafbfb	FUN_59aafbfb	Global	DEFAULT	true	false	false
59aafc4b	Function	FUN_59aafc4b	FUN_59aafc4b	Global	DEFAULT	true	false	false
59aafcc6	Function	FUN_59aafcc6	FUN_59aafcc6	Global	DEFAULT	true	false	false
59aafd15	Function	FUN_59aafd15	FUN_59aafd15	Global	DEFAULT	true	false	false
59aafd3f	Function	FUN_59aafd3f	FUN_59aafd3f	Global	DEFAULT	true	false	false
59aafd62	Function	FUN_59aafd62	FUN_59aafd62	Global	DEFAULT	true	false	false
59aafdeb	Function	FUN_59aafdeb	FUN_59aafdeb	Global	DEFAULT	true	false	false
59aafe3c	Function	FUN_59aafe3c	FUN_59aafe3c	Global	DEFAULT	true	false	false
59aafede	Function	FUN_59aafede	FUN_59aafede	Global	DEFAULT	true	false	false
59aaff51	Function	FUN_59aaff51	FUN_59aaff51	Global	DEFAULT	true	false	false
59aaffba	Function	FUN_59aaffba	FUN_59aaffba	Global	DEFAULT	true	false	false
59aafff3	Function	FUN_59aafff3	FUN_59aafff3	Global	DEFAULT	true	false	false
59ab0036	Function	FUN_59ab0036	FUN_59ab0036	Global	DEFAULT	true	false	false
59ab0135	Function	FUN_59ab0135	FUN_59ab0135	Global	DEFAULT	true	false	false
59ab024b	Function	FUN_59ab024b	FUN_59ab024b	Global	DEFAULT	true	false	false
59ab02ed	Function	FUN_59ab02ed	FUN_59ab02ed	Global	DEFAULT	true	false	false
59ab0302	Function	FUN_59ab0302	FUN_59ab0302	Global	DEFAULT	true	false	false
59ab03a4	Function	FUN_59ab03a4	FUN_59ab03a4	Global	DEFAULT	true	false	false
59ab0616	Function	FUN_59ab0616	FUN_59ab0616	Global	DEFAULT	true	false	false
59ab0638	Function	FUN_59ab0638	FUN_59ab0638	Global	DEFAULT	true	false	false
59ab0679	Function	FUN_59ab0679	FUN_59ab0679	Global	DEFAULT	true	false	false
59ab069d	Function	FUN_59ab069d	FUN_59ab069d	Global	DEFAULT	true	false	false
59ab06ea	Function	FUN_59ab06ea	FUN_59ab06ea	Global	DEFAULT	true	false	false
59ab070e	Function	FUN_59ab070e	FUN_59ab070e	Global	DEFAULT	true	false	false
59ab075b	Function	FUN_59ab075b	FUN_59ab075b	Global	DEFAULT	true	false	false
59ab077f	Function	FUN_59ab077f	FUN_59ab077f	Global	DEFAULT	true	false	false
59ab07cc	Function	FUN_59ab07cc	FUN_59ab07cc	Global	DEFAULT	true	false	false
59ab081b	Function	FUN_59ab081b	FUN_59ab081b	Global	DEFAULT	true	false	false
59ab0840	Function	FUN_59ab0840	FUN_59ab0840	Global	DEFAULT	true	false	false
59ab08bd	Function	FUN_59ab08bd	FUN_59ab08bd	Global	DEFAULT	true	false	false
59ab08e1	Function	FUN_59ab08e1	FUN_59ab08e1	Global	DEFAULT	true	false	false
59ab096b	Function	FUN_59ab096b	FUN_59ab096b	Global	DEFAULT	true	false	false
59ab09de	Function	FUN_59ab09de	FUN_59ab09de	Global	DEFAULT	true	false	false
59ab0a01	Function	FUN_59ab0a01	FUN_59ab0a01	Global	DEFAULT	true	false	false
59ab0a4d	Function	FUN_59ab0a4d	FUN_59ab0a4d	Global	DEFAULT	true	false	false
59ab0aa6	Function	FUN_59ab0aa6	FUN_59ab0aa6	Global	DEFAULT	true	false	false
59ab0b0f	Function	FUN_59ab0b0f	FUN_59ab0b0f	Global	DEFAULT	true	false	false
59ab0b48	Function	FUN_59ab0b48	FUN_59ab0b48	Global	DEFAULT	true	false	false
59ab0b8b	Function	FUN_59ab0b8b	FUN_59ab0b8b	Global	DEFAULT	true	false	false
59ab0c75	Function	FUN_59ab0c75	FUN_59ab0c75	Global	DEFAULT	true	false	false
59ab0ce1	Function	FUN_59ab0ce1	FUN_59ab0ce1	Global	DEFAULT	true	false	false
59ab0d4d	Function	FUN_59ab0d4d	FUN_59ab0d4d	Global	DEFAULT	true	false	false
59ab0d8a	Function	FUN_59ab0d8a	FUN_59ab0d8a	Global	DEFAULT	true	false	false
59ab0dfa	Function	FUN_59ab0dfa	FUN_59ab0dfa	Global	DEFAULT	true	false	false
59ab0e66	Function	FUN_59ab0e66	FUN_59ab0e66	Global	DEFAULT	true	false	false
59ab0ea3	Function	FUN_59ab0ea3	FUN_59ab0ea3	Global	DEFAULT	true	false	false
59ab0f0f	Function	FUN_59ab0f0f	FUN_59ab0f0f	Global	DEFAULT	true	false	false
59ab0f7b	Function	FUN_59ab0f7b	FUN_59ab0f7b	Global	DEFAULT	true	false	false
59ab1007	Function	FUN_59ab1007	FUN_59ab1007	Global	DEFAULT	true	false	false
59ab1077	Function	FUN_59ab1077	FUN_59ab1077	Global	DEFAULT	true	false	false
59ab10e3	Function	FUN_59ab10e3	FUN_59ab10e3	Global	DEFAULT	true	false	false
59ab1120	Function	FUN_59ab1120	FUN_59ab1120	Global	DEFAULT	true	false	false
59ab1161	Function	FUN_59ab1161	FUN_59ab1161	Global	DEFAULT	true	false	false
59ab1216	Function	FUN_59ab1216	FUN_59ab1216	Global	DEFAULT	true	false	false
59ab12c1	Function	FUN_59ab12c1	FUN_59ab12c1	Global	DEFAULT	true	false	false
59ab13ab	Function	FUN_59ab13ab	FUN_59ab13ab	Global	DEFAULT	true	false	false
59ab13ca	Function	thunk_FUN_59aa599f	thunk_FUN_59aa599f	Global	DEFAULT	true	false	false
59ab13f7	Function	FUN_59ab13f7	FUN_59ab13f7	Global	DEFAULT	true	false	false
59ab1439	Function	thunk_FUN_59aa5f16	thunk_FUN_59aa5f16	Global	DEFAULT	true	false	false
59ab1443	Function	FUN_59ab1443	FUN_59ab1443	Global	DEFAULT	true	false	false
59ab14ef	Function	FUN_59ab14ef	FUN_59ab14ef	Global	DEFAULT	true	false	false
59ab1542	Label	switchD	switchD_59ab1542::switchD	switchD_59ab1542	ANALYSIS	true	false	false
59ab1549	Label	caseD_1	switchD_59ab1542::caseD_1	switchD_59ab1542	ANALYSIS	true	false	false
59ab1572	Label	caseD_2	switchD_59ab1542::caseD_2	switchD_59ab1542	ANALYSIS	true	false	false
59ab15a1	Label	caseD_3	switchD_59ab1542::caseD_3	switchD_59ab1542	ANALYSIS	true	false	false
59ab15c8	Label	caseD_6	switchD_59ab1542::caseD_6	switchD_59ab1542	ANALYSIS	true	false	false
59ab15f1	Label	caseD_8	switchD_59ab1542::caseD_8	switchD_59ab1542	ANALYSIS	true	false	false
59ab1617	Label	caseD_5	switchD_59ab1542::caseD_5	switchD_59ab1542	ANALYSIS	true	false	false
59ab164a	Label	caseD_7	switchD_59ab1542::caseD_7	switchD_59ab1542	ANALYSIS	true	false	false
59ab167d	Label	caseD_9	switchD_59ab1542::caseD_9	switchD_59ab1542	ANALYSIS	true	false	false
59ab16e1	Label	caseD_4	switchD_59ab1542::caseD_4	switchD_59ab1542	ANALYSIS	true	false	false
59ab1702	Label	switchdataD_59ab1702	switchD_59ab1542::switchdataD_59ab1702	switchD_59ab1542	ANALYSIS	true	false	false
59ab172b	Function	FUN_59ab172b	FUN_59ab172b	Global	DEFAULT	true	false	false
59ab17f0	Function	FUN_59ab17f0	FUN_59ab17f0	Global	DEFAULT	true	false	false
59ab1cf7	Function	FUN_59ab1cf7	FUN_59ab1cf7	Global	DEFAULT	true	false	false
59ab1eeb	Function	FUN_59ab1eeb	FUN_59ab1eeb	Global	DEFAULT	true	false	false
59ab2028	Function	FUN_59ab2028	FUN_59ab2028	Global	DEFAULT	true	false	false
59ab2071	Function	FUN_59ab2071	FUN_59ab2071	Global	DEFAULT	true	false	false
59ab213e	Function	FUN_59ab213e	FUN_59ab213e	Global	DEFAULT	true	false	false
59ab220b	Function	FUN_59ab220b	FUN_59ab220b	Global	DEFAULT	true	false	false
59ab22d8	Function	FUN_59ab22d8	FUN_59ab22d8	Global	DEFAULT	true	false	false
59ab23a5	Function	FUN_59ab23a5	FUN_59ab23a5	Global	DEFAULT	true	false	false
59ab251e	Function	FUN_59ab251e	FUN_59ab251e	Global	DEFAULT	true	false	false
59ab2665	Function	FUN_59ab2665	FUN_59ab2665	Global	DEFAULT	true	false	false
59ab275a	Function	FUN_59ab275a	FUN_59ab275a	Global	DEFAULT	true	false	false
59ab28a3	Function	FUN_59ab28a3	FUN_59ab28a3	Global	DEFAULT	true	false	false
59ab298a	Function	FUN_59ab298a	FUN_59ab298a	Global	DEFAULT	true	false	false
59ab2a71	Function	FUN_59ab2a71	FUN_59ab2a71	Global	DEFAULT	true	false	false
59ab2ac7	Function	FUN_59ab2ac7	FUN_59ab2ac7	Global	DEFAULT	true	false	false
59ab2b14	Function	FUN_59ab2b14	FUN_59ab2b14	Global	DEFAULT	true	false	false
59ab2b4b	Function	FUN_59ab2b4b	FUN_59ab2b4b	Global	DEFAULT	true	false	false
59ab2b98	Function	FUN_59ab2b98	FUN_59ab2b98	Global	DEFAULT	true	false	false
59ab2bcf	Function	FUN_59ab2bcf	FUN_59ab2bcf	Global	DEFAULT	true	false	false
59ab2c1c	Function	FUN_59ab2c1c	FUN_59ab2c1c	Global	DEFAULT	true	false	false
59ab2c53	Function	FUN_59ab2c53	FUN_59ab2c53	Global	DEFAULT	true	false	false
59ab2ca9	Function	FUN_59ab2ca9	FUN_59ab2ca9	Global	DEFAULT	true	false	false
59ab2cff	Function	FUN_59ab2cff	FUN_59ab2cff	Global	DEFAULT	true	false	false
59ab2d55	Function	FUN_59ab2d55	FUN_59ab2d55	Global	DEFAULT	true	false	false
59ab2dab	Function	FUN_59ab2dab	FUN_59ab2dab	Global	DEFAULT	true	false	false
59ab2de5	Function	FUN_59ab2de5	FUN_59ab2de5	Global	DEFAULT	true	false	false
59ab2e32	Function	FUN_59ab2e32	FUN_59ab2e32	Global	DEFAULT	true	false	false
59ab2e88	Function	FUN_59ab2e88	FUN_59ab2e88	Global	DEFAULT	true	false	false
59ab2ec2	Function	FUN_59ab2ec2	FUN_59ab2ec2	Global	DEFAULT	true	false	false
59ab2f0f	Function	FUN_59ab2f0f	FUN_59ab2f0f	Global	DEFAULT	true	false	false
59ab2f65	Function	FUN_59ab2f65	FUN_59ab2f65	Global	DEFAULT	true	false	false
59ab2f9f	Function	FUN_59ab2f9f	FUN_59ab2f9f	Global	DEFAULT	true	false	false
59ab2fec	Function	FUN_59ab2fec	FUN_59ab2fec	Global	DEFAULT	true	false	false
59ab3042	Function	FUN_59ab3042	FUN_59ab3042	Global	DEFAULT	true	false	false
59ab307c	Function	FUN_59ab307c	FUN_59ab307c	Global	DEFAULT	true	false	false
59ab30c9	Function	FUN_59ab30c9	FUN_59ab30c9	Global	DEFAULT	true	false	false
59ab318e	Function	FUN_59ab318e	FUN_59ab318e	Global	DEFAULT	true	false	false
59ab323b	Function	FUN_59ab323b	FUN_59ab323b	Global	DEFAULT	true	false	false
59ab3288	Function	FUN_59ab3288	FUN_59ab3288	Global	DEFAULT	true	false	false
59ab32c2	Function	FUN_59ab32c2	FUN_59ab32c2	Global	DEFAULT	true	false	false
59ab32ea	Function	FUN_59ab32ea	FUN_59ab32ea	Global	DEFAULT	true	false	false
59ab333d	Function	FUN_59ab333d	FUN_59ab333d	Global	DEFAULT	true	false	false
59ab3387	Function	FUN_59ab3387	FUN_59ab3387	Global	DEFAULT	true	false	false
59ab347a	Function	FUN_59ab347a	FUN_59ab347a	Global	DEFAULT	true	false	false
59ab34a7	Function	FUN_59ab34a7	FUN_59ab34a7	Global	DEFAULT	true	false	false
59ab34d1	Function	FUN_59ab34d1	FUN_59ab34d1	Global	DEFAULT	true	false	false
59ab34f2	Function	FUN_59ab34f2	FUN_59ab34f2	Global	DEFAULT	true	false	false
59ab35b5	Function	FUN_59ab35b5	FUN_59ab35b5	Global	DEFAULT	true	false	false
59ab3651	Function	FUN_59ab3651	FUN_59ab3651	Global	DEFAULT	true	false	false
59ab3711	Function	FUN_59ab3711	FUN_59ab3711	Global	DEFAULT	true	false	false
59ab3756	Function	FUN_59ab3756	FUN_59ab3756	Global	DEFAULT	true	false	false
59ab37a2	Function	FUN_59ab37a2	FUN_59ab37a2	Global	DEFAULT	true	false	false
59ab3864	Function	FUN_59ab3864	FUN_59ab3864	Global	DEFAULT	true	false	false
59ab38bb	Function	FUN_59ab38bb	FUN_59ab38bb	Global	DEFAULT	true	false	false
59ab38e7	Function	FUN_59ab38e7	FUN_59ab38e7	Global	DEFAULT	true	false	false
59ab3972	Function	FUN_59ab3972	FUN_59ab3972	Global	DEFAULT	true	false	false
59ab39b7	Function	FUN_59ab39b7	FUN_59ab39b7	Global	DEFAULT	true	false	false
59ab39ec	Function	FUN_59ab39ec	FUN_59ab39ec	Global	DEFAULT	true	false	false
59ab3afc	Function	FUN_59ab3afc	FUN_59ab3afc	Global	DEFAULT	true	false	false
59ab3be8	Function	FUN_59ab3be8	FUN_59ab3be8	Global	DEFAULT	true	false	false
59ab3c1c	Function	FUN_59ab3c1c	FUN_59ab3c1c	Global	DEFAULT	true	false	false
59ab3c4d	Function	FUN_59ab3c4d	FUN_59ab3c4d	Global	DEFAULT	true	false	false
59ab3c63	Function	FUN_59ab3c63	FUN_59ab3c63	Global	DEFAULT	true	false	false
59ab3c78	Function	FUN_59ab3c78	FUN_59ab3c78	Global	DEFAULT	true	false	false
59ab3dbe	Function	FUN_59ab3dbe	FUN_59ab3dbe	Global	DEFAULT	true	false	false
59ab3de1	Function	FUN_59ab3de1	FUN_59ab3de1	Global	DEFAULT	true	false	false
59ab3e21	Function	FUN_59ab3e21	FUN_59ab3e21	Global	DEFAULT	true	false	false
59ab3ecf	Function	FUN_59ab3ecf	FUN_59ab3ecf	Global	DEFAULT	true	false	false
59ab3f87	Function	FUN_59ab3f87	FUN_59ab3f87	Global	DEFAULT	true	false	false
59ab4015	Function	FUN_59ab4015	FUN_59ab4015	Global	DEFAULT	true	false	false
59ab41a8	Function	FUN_59ab41a8	FUN_59ab41a8	Global	DEFAULT	true	false	false
59ab41e4	Function	FUN_59ab41e4	FUN_59ab41e4	Global	DEFAULT	true	false	false
59ab4210	Function	FUN_59ab4210	FUN_59ab4210	Global	DEFAULT	true	false	false
59ab43a3	Function	FUN_59ab43a3	FUN_59ab43a3	Global	DEFAULT	true	false	false
59ab43f6	Function	FUN_59ab43f6	FUN_59ab43f6	Global	DEFAULT	true	false	false
59ab4449	Function	FUN_59ab4449	FUN_59ab4449	Global	DEFAULT	true	false	false
59ab447a	Function	FUN_59ab447a	FUN_59ab447a	Global	DEFAULT	true	false	false
59ab4489	Function	FUN_59ab4489	FUN_59ab4489	Global	DEFAULT	true	false	false
59ab44a3	Function	FUN_59ab44a3	FUN_59ab44a3	Global	DEFAULT	true	false	false
59ab44e6	Function	FUN_59ab44e6	FUN_59ab44e6	Global	DEFAULT	true	false	false
59ab451d	Function	FUN_59ab451d	FUN_59ab451d	Global	DEFAULT	true	false	false
59ab4551	Function	FUN_59ab4551	FUN_59ab4551	Global	DEFAULT	true	false	false
59ab4594	Function	FUN_59ab4594	FUN_59ab4594	Global	DEFAULT	true	false	false
59ab45c3	Function	FUN_59ab45c3	FUN_59ab45c3	Global	DEFAULT	true	false	false
59ab45e5	Function	FUN_59ab45e5	FUN_59ab45e5	Global	DEFAULT	true	false	false
59ab4602	Function	FUN_59ab4602	FUN_59ab4602	Global	DEFAULT	true	false	false
59ab4693	Function	FUN_59ab4693	FUN_59ab4693	Global	DEFAULT	true	false	false
59ab4790	Function	FUN_59ab4790	FUN_59ab4790	Global	DEFAULT	true	false	false
59ab4822	Function	FUN_59ab4822	FUN_59ab4822	Global	DEFAULT	true	false	false
59ab487d	Function	FUN_59ab487d	FUN_59ab487d	Global	DEFAULT	true	false	false
59ab48d1	Function	FUN_59ab48d1	FUN_59ab48d1	Global	DEFAULT	true	false	false
59ab490f	Function	FUN_59ab490f	FUN_59ab490f	Global	DEFAULT	true	false	false
59ab4953	Function	FUN_59ab4953	FUN_59ab4953	Global	DEFAULT	true	false	false
59ab4994	Function	FUN_59ab4994	FUN_59ab4994	Global	DEFAULT	true	false	false
59ab49e5	Function	FUN_59ab49e5	FUN_59ab49e5	Global	DEFAULT	true	false	false
59ab4a3b	Function	FUN_59ab4a3b	FUN_59ab4a3b	Global	DEFAULT	true	false	false
59ab4a68	Function	FUN_59ab4a68	FUN_59ab4a68	Global	DEFAULT	true	false	false
59ab4aa2	Function	FUN_59ab4aa2	FUN_59ab4aa2	Global	DEFAULT	true	false	false
59ab4b98	Function	FUN_59ab4b98	FUN_59ab4b98	Global	DEFAULT	true	false	false
59ab4c3e	Function	FUN_59ab4c3e	FUN_59ab4c3e	Global	DEFAULT	true	false	false
59ab4c8e	Function	FUN_59ab4c8e	FUN_59ab4c8e	Global	DEFAULT	true	false	false
59ab4d1a	Function	FUN_59ab4d1a	FUN_59ab4d1a	Global	DEFAULT	true	false	false
59ab4da8	Function	FUN_59ab4da8	FUN_59ab4da8	Global	DEFAULT	true	false	false
59ab4e1a	Function	FUN_59ab4e1a	FUN_59ab4e1a	Global	DEFAULT	true	false	false
59ab4e3b	Function	FUN_59ab4e3b	FUN_59ab4e3b	Global	DEFAULT	true	false	false
59ab4e5c	Function	FUN_59ab4e5c	FUN_59ab4e5c	Global	DEFAULT	true	false	false
59ab4e7d	Function	FUN_59ab4e7d	FUN_59ab4e7d	Global	DEFAULT	true	false	false
59ab4eb3	Function	FUN_59ab4eb3	FUN_59ab4eb3	Global	DEFAULT	true	false	false
59ab4ed0	Function	FUN_59ab4ed0	FUN_59ab4ed0	Global	DEFAULT	true	false	false
59ab4f0d	Function	FUN_59ab4f0d	FUN_59ab4f0d	Global	DEFAULT	true	false	false
59ab4f47	Function	FUN_59ab4f47	FUN_59ab4f47	Global	DEFAULT	true	false	false
59ab4f71	Function	FUN_59ab4f71	FUN_59ab4f71	Global	DEFAULT	true	false	false
59ab4fb2	Function	FUN_59ab4fb2	FUN_59ab4fb2	Global	DEFAULT	true	false	false
59ab5000	Function	FUN_59ab5000	FUN_59ab5000	Global	DEFAULT	true	false	false
59ab5087	Function	FUN_59ab5087	FUN_59ab5087	Global	DEFAULT	true	false	false
59ab5bc7	Function	FUN_59ab5bc7	FUN_59ab5bc7	Global	DEFAULT	true	false	false
59ab5d0f	Function	FUN_59ab5d0f	FUN_59ab5d0f	Global	DEFAULT	true	false	false
59ab5d6d	Function	FUN_59ab5d6d	FUN_59ab5d6d	Global	DEFAULT	true	false	false
59ab5d7d	Function	FUN_59ab5d7d	FUN_59ab5d7d	Global	DEFAULT	true	false	false
59ab5db4	Function	FUN_59ab5db4	FUN_59ab5db4	Global	DEFAULT	true	false	false
59ab5de5	Function	FUN_59ab5de5	FUN_59ab5de5	Global	DEFAULT	true	false	false
59ab5df5	Function	FUN_59ab5df5	FUN_59ab5df5	Global	DEFAULT	true	false	false
59ab5e2c	Function	FUN_59ab5e2c	FUN_59ab5e2c	Global	DEFAULT	true	false	false
59ab5e5d	Function	FUN_59ab5e5d	FUN_59ab5e5d	Global	DEFAULT	true	false	false
59ab5e6d	Function	FUN_59ab5e6d	FUN_59ab5e6d	Global	DEFAULT	true	false	false
59ab5ea4	Function	FUN_59ab5ea4	FUN_59ab5ea4	Global	DEFAULT	true	false	false
59ab5ed5	Function	FUN_59ab5ed5	FUN_59ab5ed5	Global	DEFAULT	true	false	false
59ab5f10	Function	FUN_59ab5f10	FUN_59ab5f10	Global	DEFAULT	true	false	false
59ab5f54	Function	FUN_59ab5f54	FUN_59ab5f54	Global	DEFAULT	true	false	false
59ab5f7a	Function	FUN_59ab5f7a	FUN_59ab5f7a	Global	DEFAULT	true	false	false
59ab5fa0	Function	FUN_59ab5fa0	FUN_59ab5fa0	Global	DEFAULT	true	false	false
59ab5fc6	Function	FUN_59ab5fc6	FUN_59ab5fc6	Global	DEFAULT	true	false	false
59ab5fec	Function	FUN_59ab5fec	FUN_59ab5fec	Global	DEFAULT	true	false	false
59ab6012	Function	FUN_59ab6012	FUN_59ab6012	Global	DEFAULT	true	false	false
59ab6036	Function	FUN_59ab6036	FUN_59ab6036	Global	DEFAULT	true	false	false
59ab606e	Function	FUN_59ab606e	FUN_59ab606e	Global	DEFAULT	true	false	false
59ab6092	Function	FUN_59ab6092	FUN_59ab6092	Global	DEFAULT	true	false	false
59ab60b6	Function	FUN_59ab60b6	FUN_59ab60b6	Global	DEFAULT	true	false	false
59ab60ef	Function	FUN_59ab60ef	FUN_59ab60ef	Global	DEFAULT	true	false	false
59ab6128	Function	FUN_59ab6128	FUN_59ab6128	Global	DEFAULT	true	false	false
59ab6161	Function	FUN_59ab6161	FUN_59ab6161	Global	DEFAULT	true	false	false
59ab61f0	Function	FUN_59ab61f0	FUN_59ab61f0	Global	DEFAULT	true	false	false
59ab6229	Function	FUN_59ab6229	FUN_59ab6229	Global	DEFAULT	true	false	false
59ab626e	Function	FUN_59ab626e	FUN_59ab626e	Global	DEFAULT	true	false	false
59ab6316	Function	FUN_59ab6316	FUN_59ab6316	Global	DEFAULT	true	false	false
59ab633c	Function	FUN_59ab633c	FUN_59ab633c	Global	DEFAULT	true	false	false
59ab635a	Function	FUN_59ab635a	FUN_59ab635a	Global	DEFAULT	true	false	false
59ab6378	Function	FUN_59ab6378	FUN_59ab6378	Global	DEFAULT	true	false	false
59ab6423	Function	FUN_59ab6423	FUN_59ab6423	Global	DEFAULT	true	false	false
59ab6488	Label	switchD	switchD_59ab6488::switchD	switchD_59ab6488	ANALYSIS	true	false	false
59ab648f	Label	caseD_8000	switchD_59ab6488::caseD_8000	switchD_59ab6488	ANALYSIS	true	false	false
59ab649e	Label	caseD_8001	switchD_59ab6488::caseD_8001	switchD_59ab6488	ANALYSIS	true	false	false
59ab64a8	Label	caseD_8002	switchD_59ab6488::caseD_8002	switchD_59ab6488	ANALYSIS	true	false	false
59ab64b9	Label	caseD_8003	switchD_59ab6488::caseD_8003	switchD_59ab6488	ANALYSIS	true	false	false
59ab64c2	Label	caseD_8004	switchD_59ab6488::caseD_8004	switchD_59ab6488	ANALYSIS	true	false	false
59ab64d1	Label	caseD_8009	switchD_59ab6488::caseD_8009	switchD_59ab6488	ANALYSIS	true	false	false
59ab64dd	Label	caseD_800a	switchD_59ab6488::caseD_800a	switchD_59ab6488	ANALYSIS	true	false	false
59ab64f2	Label	caseD_8005	switchD_59ab6488::caseD_8005	switchD_59ab6488	ANALYSIS	true	false	false
59ab6501	Label	caseD_800c	switchD_59ab6488::caseD_800c	switchD_59ab6488	ANALYSIS	true	false	false
59ab6514	Label	caseD_800d	switchD_59ab6488::caseD_800d	switchD_59ab6488	ANALYSIS	true	false	false
59ab6514	Label	caseD_800e	switchD_59ab6488::caseD_800e	switchD_59ab6488	ANALYSIS	false	false	false
59ab6514	Label	caseD_800f	switchD_59ab6488::caseD_800f	switchD_59ab6488	ANALYSIS	false	false	false
59ab6527	Label	caseD_8010	switchD_59ab6488::caseD_8010	switchD_59ab6488	ANALYSIS	true	false	false
59ab65c3	Label	caseD_8019	switchD_59ab6488::caseD_8019	switchD_59ab6488	ANALYSIS	true	false	false
59ab65cf	Label	caseD_8006	switchD_59ab6488::caseD_8006	switchD_59ab6488	ANALYSIS	true	false	false
59ab65cf	Label	caseD_8007	switchD_59ab6488::caseD_8007	switchD_59ab6488	ANALYSIS	false	false	false
59ab65cf	Label	caseD_8008	switchD_59ab6488::caseD_8008	switchD_59ab6488	ANALYSIS	false	false	false
59ab65cf	Label	caseD_801a	switchD_59ab6488::caseD_801a	switchD_59ab6488	ANALYSIS	false	false	false
59ab65db	Label	caseD_801b	switchD_59ab6488::caseD_801b	switchD_59ab6488	ANALYSIS	true	false	false
59ab65fe	Label	caseD_800b	switchD_59ab6488::caseD_800b	switchD_59ab6488	ANALYSIS	true	false	false
59ab65fe	Label	caseD_8011	switchD_59ab6488::caseD_8011	switchD_59ab6488	ANALYSIS	false	false	false
59ab65fe	Label	caseD_8012	switchD_59ab6488::caseD_8012	switchD_59ab6488	ANALYSIS	false	false	false
59ab65fe	Label	caseD_8013	switchD_59ab6488::caseD_8013	switchD_59ab6488	ANALYSIS	false	false	false
59ab65fe	Label	caseD_8014	switchD_59ab6488::caseD_8014	switchD_59ab6488	ANALYSIS	false	false	false
59ab65fe	Label	caseD_8015	switchD_59ab6488::caseD_8015	switchD_59ab6488	ANALYSIS	false	false	false
59ab65fe	Label	caseD_8016	switchD_59ab6488::caseD_8016	switchD_59ab6488	ANALYSIS	false	false	false
59ab65fe	Label	caseD_8017	switchD_59ab6488::caseD_8017	switchD_59ab6488	ANALYSIS	false	false	false
59ab65fe	Label	caseD_8018	switchD_59ab6488::caseD_8018	switchD_59ab6488	ANALYSIS	false	false	false
59ab663c	Label	switchdataD_59ab663c	switchD_59ab6488::switchdataD_59ab663c	switchD_59ab6488	ANALYSIS	true	false	false
59ab66b1	Function	FUN_59ab66b1	FUN_59ab66b1	Global	DEFAULT	true	false	false
59ab66e6	Function	FUN_59ab66e6	FUN_59ab66e6	Global	DEFAULT	true	false	false
59ab671b	Function	FUN_59ab671b	FUN_59ab671b	Global	DEFAULT	true	false	false
59ab6755	Function	FUN_59ab6755	FUN_59ab6755	Global	DEFAULT	true	false	false
59ab677e	Function	FUN_59ab677e	FUN_59ab677e	Global	DEFAULT	true	false	false
59ab67a7	Function	FUN_59ab67a7	FUN_59ab67a7	Global	DEFAULT	true	false	false
59ab67dc	Function	FUN_59ab67dc	FUN_59ab67dc	Global	DEFAULT	true	false	false
59ab686a	Function	FUN_59ab686a	FUN_59ab686a	Global	DEFAULT	true	false	false
59ab68a7	Function	FUN_59ab68a7	FUN_59ab68a7	Global	DEFAULT	true	false	false
59ab68eb	Function	FUN_59ab68eb	FUN_59ab68eb	Global	DEFAULT	true	false	false
59ab692c	Function	FUN_59ab692c	FUN_59ab692c	Global	DEFAULT	true	false	false
59ab6a03	Function	FUN_59ab6a03	FUN_59ab6a03	Global	DEFAULT	true	false	false
59ab6b0b	Function	FUN_59ab6b0b	FUN_59ab6b0b	Global	DEFAULT	true	false	false
59ab6b91	Function	FUN_59ab6b91	FUN_59ab6b91	Global	DEFAULT	true	false	false
59ab6cd9	Function	FUN_59ab6cd9	FUN_59ab6cd9	Global	DEFAULT	true	false	false
59ab6d83	Function	FUN_59ab6d83	FUN_59ab6d83	Global	DEFAULT	true	false	false
59ab6deb	Function	FUN_59ab6deb	FUN_59ab6deb	Global	DEFAULT	true	false	false
59ab6ef2	Function	FUN_59ab6ef2	FUN_59ab6ef2	Global	DEFAULT	true	false	false
59ab6f68	Function	FUN_59ab6f68	FUN_59ab6f68	Global	DEFAULT	true	false	false
59ab7049	Function	FUN_59ab7049	FUN_59ab7049	Global	DEFAULT	true	false	false
59ab70e7	Function	FUN_59ab70e7	FUN_59ab70e7	Global	DEFAULT	true	false	false
59ab719d	Function	FUN_59ab719d	FUN_59ab719d	Global	DEFAULT	true	false	false
59ab7230	Function	FUN_59ab7230	FUN_59ab7230	Global	DEFAULT	true	false	false
59ab7411	Function	FUN_59ab7411	FUN_59ab7411	Global	DEFAULT	true	false	false
59ab7472	Function	FUN_59ab7472	FUN_59ab7472	Global	DEFAULT	true	false	false
59ab7541	Function	FUN_59ab7541	FUN_59ab7541	Global	DEFAULT	true	false	false
59ab7588	Function	FUN_59ab7588	FUN_59ab7588	Global	DEFAULT	true	false	false
59ab78cc	Function	FUN_59ab78cc	FUN_59ab78cc	Global	DEFAULT	true	false	false
59ab7932	Function	FUN_59ab7932	FUN_59ab7932	Global	DEFAULT	true	false	false
59ab7a00	Function	FUN_59ab7a00	FUN_59ab7a00	Global	DEFAULT	true	false	false
59ab7a19	Function	FUN_59ab7a19	FUN_59ab7a19	Global	DEFAULT	true	false	false
59ab7aa2	Function	FUN_59ab7aa2	FUN_59ab7aa2	Global	DEFAULT	true	false	false
59ab7b06	Function	FUN_59ab7b06	FUN_59ab7b06	Global	DEFAULT	true	false	false
59ab7c86	Function	FUN_59ab7c86	FUN_59ab7c86	Global	DEFAULT	true	false	false
59ab7dfc	Function	FUN_59ab7dfc	FUN_59ab7dfc	Global	DEFAULT	true	false	false
59ab7e57	Function	FUN_59ab7e57	FUN_59ab7e57	Global	DEFAULT	true	false	false
59ab7efb	Function	FUN_59ab7efb	FUN_59ab7efb	Global	DEFAULT	true	false	false
59ab811e	Function	FUN_59ab811e	FUN_59ab811e	Global	DEFAULT	true	false	false
59ab826c	Function	FUN_59ab826c	FUN_59ab826c	Global	DEFAULT	true	false	false
59ab851c	Function	FUN_59ab851c	FUN_59ab851c	Global	DEFAULT	true	false	false
59ab857f	Function	FUN_59ab857f	FUN_59ab857f	Global	DEFAULT	true	false	false
59ab85e6	Function	FUN_59ab85e6	FUN_59ab85e6	Global	DEFAULT	true	false	false
59ab8674	Function	FUN_59ab8674	FUN_59ab8674	Global	DEFAULT	true	false	false
59ab8698	Function	FUN_59ab8698	FUN_59ab8698	Global	DEFAULT	true	false	false
59ab86b5	Function	FUN_59ab86b5	FUN_59ab86b5	Global	DEFAULT	true	false	false
59ab87f4	Function	FUN_59ab87f4	FUN_59ab87f4	Global	DEFAULT	true	false	false
59ab8886	Function	FUN_59ab8886	FUN_59ab8886	Global	DEFAULT	true	false	false
59ab890e	Function	FUN_59ab890e	FUN_59ab890e	Global	DEFAULT	true	false	false
59ab89a9	Function	FUN_59ab89a9	FUN_59ab89a9	Global	DEFAULT	true	false	false
59ab8a02	Function	FUN_59ab8a02	FUN_59ab8a02	Global	DEFAULT	true	false	false
59ab8a4b	Function	FUN_59ab8a4b	FUN_59ab8a4b	Global	DEFAULT	true	false	false
59ab8b0e	Function	FUN_59ab8b0e	FUN_59ab8b0e	Global	DEFAULT	true	false	false
59ab8ba0	Function	FUN_59ab8ba0	FUN_59ab8ba0	Global	DEFAULT	true	false	false
59ab8c33	Function	FUN_59ab8c33	FUN_59ab8c33	Global	DEFAULT	true	false	false
59ab8c72	Function	FUN_59ab8c72	FUN_59ab8c72	Global	DEFAULT	true	false	false
59ab8c8b	Function	FUN_59ab8c8b	FUN_59ab8c8b	Global	DEFAULT	true	false	false
59ab8cc6	Function	FUN_59ab8cc6	FUN_59ab8cc6	Global	DEFAULT	true	false	false
59ab8f0e	Function	FUN_59ab8f0e	FUN_59ab8f0e	Global	DEFAULT	true	false	false
59ab9015	Function	FUN_59ab9015	FUN_59ab9015	Global	DEFAULT	true	false	false
59ab92b4	Function	FUN_59ab92b4	FUN_59ab92b4	Global	DEFAULT	true	false	false
59ab92e8	Function	FUN_59ab92e8	FUN_59ab92e8	Global	DEFAULT	true	false	false
59ab9309	Function	FUN_59ab9309	FUN_59ab9309	Global	DEFAULT	true	false	false
59ab932a	Function	FUN_59ab932a	FUN_59ab932a	Global	DEFAULT	true	false	false
59ab93d7	Function	FUN_59ab93d7	FUN_59ab93d7	Global	DEFAULT	true	false	false
59ab9558	Function	FUN_59ab9558	FUN_59ab9558	Global	DEFAULT	true	false	false
59ab95a3	Function	FUN_59ab95a3	FUN_59ab95a3	Global	DEFAULT	true	false	false
59ab96d2	Function	FUN_59ab96d2	FUN_59ab96d2	Global	DEFAULT	true	false	false
59ab9710	Function	FUN_59ab9710	FUN_59ab9710	Global	DEFAULT	true	false	false
59ab974e	Function	FUN_59ab974e	FUN_59ab974e	Global	DEFAULT	true	false	false
59ab978c	Function	FUN_59ab978c	FUN_59ab978c	Global	DEFAULT	true	false	false
59ab97c9	Function	FUN_59ab97c9	FUN_59ab97c9	Global	DEFAULT	true	false	false
59ab9818	Function	FUN_59ab9818	FUN_59ab9818	Global	DEFAULT	true	false	false
59ab9867	Function	FUN_59ab9867	FUN_59ab9867	Global	DEFAULT	true	false	false
59ab99e5	Function	FUN_59ab99e5	FUN_59ab99e5	Global	DEFAULT	true	false	false
59ab9a5f	Function	FUN_59ab9a5f	FUN_59ab9a5f	Global	DEFAULT	true	false	false
59ab9bc3	Function	FUN_59ab9bc3	FUN_59ab9bc3	Global	DEFAULT	true	false	false
59ab9d1c	Function	FUN_59ab9d1c	FUN_59ab9d1c	Global	DEFAULT	true	false	false
59ab9d91	Function	FUN_59ab9d91	FUN_59ab9d91	Global	DEFAULT	true	false	false
59ab9e27	Function	FUN_59ab9e27	FUN_59ab9e27	Global	DEFAULT	true	false	false
59ab9e98	Function	FUN_59ab9e98	FUN_59ab9e98	Global	DEFAULT	true	false	false
59ab9fdd	Function	FUN_59ab9fdd	FUN_59ab9fdd	Global	DEFAULT	true	false	false
59aba090	Function	FUN_59aba090	FUN_59aba090	Global	DEFAULT	true	false	false
59aba189	Label	switchD	switchD_59aba189::switchD	switchD_59aba189	ANALYSIS	true	false	false
59aba190	Label	caseD_102	switchD_59aba189::caseD_102	switchD_59aba189	ANALYSIS	true	false	false
59aba19b	Label	caseD_103	switchD_59aba189::caseD_103	switchD_59aba189	ANALYSIS	true	false	false
59aba1a6	Label	caseD_104	switchD_59aba189::caseD_104	switchD_59aba189	ANALYSIS	true	false	false
59aba1b1	Label	caseD_105	switchD_59aba189::caseD_105	switchD_59aba189	ANALYSIS	true	false	false
59aba1bc	Label	caseD_106	switchD_59aba189::caseD_106	switchD_59aba189	ANALYSIS	true	false	false
59aba1c7	Label	caseD_107	switchD_59aba189::caseD_107	switchD_59aba189	ANALYSIS	true	false	false
59aba1d2	Label	caseD_108	switchD_59aba189::caseD_108	switchD_59aba189	ANALYSIS	true	false	false
59aba1dd	Label	caseD_109	switchD_59aba189::caseD_109	switchD_59aba189	ANALYSIS	true	false	false
59aba2c4	Label	switchD	switchD_59aba2c4::switchD	switchD_59aba2c4	ANALYSIS	true	false	false
59aba2cb	Label	caseD_1101	switchD_59aba2c4::caseD_1101	switchD_59aba2c4	ANALYSIS	true	false	false
59aba2d6	Label	caseD_1102	switchD_59aba2c4::caseD_1102	switchD_59aba2c4	ANALYSIS	true	false	false
59aba2e1	Label	caseD_1103	switchD_59aba2c4::caseD_1103	switchD_59aba2c4	ANALYSIS	true	false	false
59aba2ec	Label	caseD_1104	switchD_59aba2c4::caseD_1104	switchD_59aba2c4	ANALYSIS	true	false	false
59aba2f7	Label	caseD_1105	switchD_59aba2c4::caseD_1105	switchD_59aba2c4	ANALYSIS	true	false	false
59aba302	Label	caseD_1106	switchD_59aba2c4::caseD_1106	switchD_59aba2c4	ANALYSIS	true	false	false
59aba310	Label	caseD_1107	switchD_59aba2c4::caseD_1107	switchD_59aba2c4	ANALYSIS	true	false	false
59aba31e	Label	caseD_1108	switchD_59aba2c4::caseD_1108	switchD_59aba2c4	ANALYSIS	true	false	false
59aba349	Label	switchD	switchD_59aba349::switchD	switchD_59aba349	ANALYSIS	true	false	false
59aba350	Label	caseD_112c	switchD_59aba349::caseD_112c	switchD_59aba349	ANALYSIS	true	false	false
59aba35b	Label	caseD_1125	switchD_59aba349::caseD_1125	switchD_59aba349	ANALYSIS	true	false	false
59aba366	Label	caseD_1126	switchD_59aba349::caseD_1126	switchD_59aba349	ANALYSIS	true	false	false
59aba371	Label	caseD_1127	switchD_59aba349::caseD_1127	switchD_59aba349	ANALYSIS	true	false	false
59aba37f	Label	caseD_112d	switchD_59aba349::caseD_112d	switchD_59aba349	ANALYSIS	true	false	false
59aba38d	Label	caseD_110a	switchD_59aba349::caseD_110a	switchD_59aba349	ANALYSIS	true	false	false
59aba39b	Label	caseD_110b	switchD_59aba349::caseD_110b	switchD_59aba349	ANALYSIS	true	false	false
59aba3a9	Label	caseD_111a	switchD_59aba349::caseD_111a	switchD_59aba349	ANALYSIS	true	false	false
59aba3b7	Label	caseD_111b	switchD_59aba349::caseD_111b	switchD_59aba349	ANALYSIS	true	false	false
59aba3c5	Label	caseD_110c	switchD_59aba349::caseD_110c	switchD_59aba349	ANALYSIS	true	false	false
59aba3d3	Label	caseD_110d	switchD_59aba349::caseD_110d	switchD_59aba349	ANALYSIS	true	false	false
59aba3e1	Label	caseD_110e	switchD_59aba349::caseD_110e	switchD_59aba349	ANALYSIS	true	false	false
59aba3ef	Label	caseD_110f	switchD_59aba349::caseD_110f	switchD_59aba349	ANALYSIS	true	false	false
59aba3fd	Label	caseD_1110	switchD_59aba349::caseD_1110	switchD_59aba349	ANALYSIS	true	false	false
59aba40b	Label	caseD_1111	switchD_59aba349::caseD_1111	switchD_59aba349	ANALYSIS	true	false	false
59aba419	Label	caseD_1112	switchD_59aba349::caseD_1112	switchD_59aba349	ANALYSIS	true	false	false
59aba427	Label	caseD_1113	switchD_59aba349::caseD_1113	switchD_59aba349	ANALYSIS	true	false	false
59aba435	Label	caseD_1114	switchD_59aba349::caseD_1114	switchD_59aba349	ANALYSIS	true	false	false
59aba443	Label	caseD_1115	switchD_59aba349::caseD_1115	switchD_59aba349	ANALYSIS	true	false	false
59aba451	Label	caseD_1116	switchD_59aba349::caseD_1116	switchD_59aba349	ANALYSIS	true	false	false
59aba45f	Label	caseD_1117	switchD_59aba349::caseD_1117	switchD_59aba349	ANALYSIS	true	false	false
59aba46d	Label	caseD_1118	switchD_59aba349::caseD_1118	switchD_59aba349	ANALYSIS	true	false	false
59aba47b	Label	caseD_1119	switchD_59aba349::caseD_1119	switchD_59aba349	ANALYSIS	true	false	false
59aba489	Label	caseD_112a	switchD_59aba349::caseD_112a	switchD_59aba349	ANALYSIS	true	false	false
59aba497	Label	caseD_112b	switchD_59aba349::caseD_112b	switchD_59aba349	ANALYSIS	true	false	false
59aba4a5	Label	caseD_111c	switchD_59aba349::caseD_111c	switchD_59aba349	ANALYSIS	true	false	false
59aba4b3	Label	caseD_111d	switchD_59aba349::caseD_111d	switchD_59aba349	ANALYSIS	true	false	false
59aba4c1	Label	caseD_111e	switchD_59aba349::caseD_111e	switchD_59aba349	ANALYSIS	true	false	false
59aba4cf	Label	caseD_111f	switchD_59aba349::caseD_111f	switchD_59aba349	ANALYSIS	true	false	false
59aba4dd	Label	caseD_1120	switchD_59aba349::caseD_1120	switchD_59aba349	ANALYSIS	true	false	false
59aba4eb	Label	caseD_1121	switchD_59aba349::caseD_1121	switchD_59aba349	ANALYSIS	true	false	false
59aba4f9	Label	caseD_1122	switchD_59aba349::caseD_1122	switchD_59aba349	ANALYSIS	true	false	false
59aba507	Label	caseD_1123	switchD_59aba349::caseD_1123	switchD_59aba349	ANALYSIS	true	false	false
59aba515	Label	caseD_1124	switchD_59aba349::caseD_1124	switchD_59aba349	ANALYSIS	true	false	false
59aba523	Label	caseD_1132	switchD_59aba349::caseD_1132	switchD_59aba349	ANALYSIS	true	false	false
59aba531	Label	default	switchD_59aba189::default	switchD_59aba189	ANALYSIS	true	false	false
59aba531	Label	default	switchD_59aba2c4::default	switchD_59aba2c4	ANALYSIS	false	false	false
59aba531	Label	caseD_1128	switchD_59aba349::caseD_1128	switchD_59aba349	ANALYSIS	false	false	false
59aba531	Label	caseD_1129	switchD_59aba349::caseD_1129	switchD_59aba349	ANALYSIS	false	false	false
59aba531	Label	caseD_112e	switchD_59aba349::caseD_112e	switchD_59aba349	ANALYSIS	false	false	false
59aba531	Label	caseD_112f	switchD_59aba349::caseD_112f	switchD_59aba349	ANALYSIS	false	false	false
59aba531	Label	caseD_1130	switchD_59aba349::caseD_1130	switchD_59aba349	ANALYSIS	false	false	false
59aba531	Label	caseD_1131	switchD_59aba349::caseD_1131	switchD_59aba349	ANALYSIS	false	false	false
59aba535	Label	switchdataD_59aba535	switchD_59aba189::switchdataD_59aba535	switchD_59aba189	ANALYSIS	true	false	false
59aba555	Label	switchdataD_59aba555	switchD_59aba2c4::switchdataD_59aba555	switchD_59aba2c4	ANALYSIS	true	false	false
59aba575	Label	switchdataD_59aba575	switchD_59aba349::switchdataD_59aba575	switchD_59aba349	ANALYSIS	true	false	false
59aba61e	Function	FUN_59aba61e	FUN_59aba61e	Global	DEFAULT	true	false	false
59aba67b	Label	caseD_102	switchD_59aba68d::caseD_102	switchD_59aba68d	ANALYSIS	true	false	false
59aba67b	Label	caseD_1106	switchD_59aba6e4::caseD_1106	switchD_59aba6e4	ANALYSIS	false	false	false
59aba67b	Label	caseD_1107	switchD_59aba6e4::caseD_1107	switchD_59aba6e4	ANALYSIS	false	false	false
59aba67b	Label	caseD_110a	switchD_59aba701::caseD_110a	switchD_59aba701	ANALYSIS	false	false	false
59aba67b	Label	caseD_110b	switchD_59aba701::caseD_110b	switchD_59aba701	ANALYSIS	false	false	false
59aba67b	Label	caseD_110c	switchD_59aba701::caseD_110c	switchD_59aba701	ANALYSIS	false	false	false
59aba67b	Label	caseD_110d	switchD_59aba701::caseD_110d	switchD_59aba701	ANALYSIS	false	false	false
59aba67b	Label	caseD_1111	switchD_59aba701::caseD_1111	switchD_59aba701	ANALYSIS	false	false	false
59aba67b	Label	caseD_1112	switchD_59aba701::caseD_1112	switchD_59aba701	ANALYSIS	false	false	false
59aba67b	Label	caseD_1113	switchD_59aba701::caseD_1113	switchD_59aba701	ANALYSIS	false	false	false
59aba67b	Label	caseD_1117	switchD_59aba701::caseD_1117	switchD_59aba701	ANALYSIS	false	false	false
59aba67b	Label	caseD_111a	switchD_59aba701::caseD_111a	switchD_59aba701	ANALYSIS	false	false	false
59aba67b	Label	caseD_111b	switchD_59aba701::caseD_111b	switchD_59aba701	ANALYSIS	false	false	false
59aba67b	Label	caseD_111c	switchD_59aba701::caseD_111c	switchD_59aba701	ANALYSIS	false	false	false
59aba67b	Label	caseD_111d	switchD_59aba701::caseD_111d	switchD_59aba701	ANALYSIS	false	false	false
59aba67b	Label	caseD_111e	switchD_59aba701::caseD_111e	switchD_59aba701	ANALYSIS	false	false	false
59aba67b	Label	caseD_111f	switchD_59aba701::caseD_111f	switchD_59aba701	ANALYSIS	false	false	false
59aba67b	Label	caseD_1120	switchD_59aba701::caseD_1120	switchD_59aba701	ANALYSIS	false	false	false
59aba67b	Label	caseD_1121	switchD_59aba701::caseD_1121	switchD_59aba701	ANALYSIS	false	false	false
59aba67b	Label	caseD_1122	switchD_59aba701::caseD_1122	switchD_59aba701	ANALYSIS	false	false	false
59aba67b	Label	caseD_1123	switchD_59aba701::caseD_1123	switchD_59aba701	ANALYSIS	false	false	false
59aba67b	Label	caseD_112d	switchD_59aba701::caseD_112d	switchD_59aba701	ANALYSIS	false	false	false
59aba68d	Label	switchD	switchD_59aba68d::switchD	switchD_59aba68d	ANALYSIS	true	false	false
59aba6d3	Label	caseD_106	switchD_59aba68d::caseD_106	switchD_59aba68d	ANALYSIS	true	false	false
59aba6d3	Label	caseD_1101	switchD_59aba6e4::caseD_1101	switchD_59aba6e4	ANALYSIS	false	false	false
59aba6d3	Label	caseD_1116	switchD_59aba701::caseD_1116	switchD_59aba701	ANALYSIS	false	false	false
59aba6d3	Label	caseD_1126	switchD_59aba701::caseD_1126	switchD_59aba701	ANALYSIS	false	false	false
59aba6e4	Label	switchD	switchD_59aba6e4::switchD	switchD_59aba6e4	ANALYSIS	true	false	false
59aba6eb	Label	caseD_109	switchD_59aba68d::caseD_109	switchD_59aba68d	ANALYSIS	true	false	false
59aba6eb	Label	caseD_1105	switchD_59aba6e4::caseD_1105	switchD_59aba6e4	ANALYSIS	false	false	false
59aba6ef	Label	caseD_1108	switchD_59aba6e4::caseD_1108	switchD_59aba6e4	ANALYSIS	true	false	false
59aba701	Label	switchD	switchD_59aba701::switchD	switchD_59aba701	ANALYSIS	true	false	false
59aba708	Label	caseD_1102	switchD_59aba6e4::caseD_1102	switchD_59aba6e4	ANALYSIS	true	false	false
59aba708	Label	caseD_112c	switchD_59aba701::caseD_112c	switchD_59aba701	ANALYSIS	false	false	false
59aba70c	Label	caseD_103	switchD_59aba68d::caseD_103	switchD_59aba68d	ANALYSIS	true	false	false
59aba70c	Label	caseD_110e	switchD_59aba701::caseD_110e	switchD_59aba701	ANALYSIS	false	false	false
59aba710	Label	caseD_104	switchD_59aba68d::caseD_104	switchD_59aba68d	ANALYSIS	true	false	false
59aba710	Label	caseD_105	switchD_59aba68d::caseD_105	switchD_59aba68d	ANALYSIS	false	false	false
59aba710	Label	caseD_110f	switchD_59aba701::caseD_110f	switchD_59aba701	ANALYSIS	false	false	false
59aba710	Label	caseD_1110	switchD_59aba701::caseD_1110	switchD_59aba701	ANALYSIS	false	false	false
59aba710	Label	caseD_1114	switchD_59aba701::caseD_1114	switchD_59aba701	ANALYSIS	false	false	false
59aba710	Label	caseD_1115	switchD_59aba701::caseD_1115	switchD_59aba701	ANALYSIS	false	false	false
59aba710	Label	caseD_1118	switchD_59aba701::caseD_1118	switchD_59aba701	ANALYSIS	false	false	false
59aba710	Label	caseD_1119	switchD_59aba701::caseD_1119	switchD_59aba701	ANALYSIS	false	false	false
59aba710	Label	caseD_1125	switchD_59aba701::caseD_1125	switchD_59aba701	ANALYSIS	false	false	false
59aba710	Label	caseD_1127	switchD_59aba701::caseD_1127	switchD_59aba701	ANALYSIS	false	false	false
59aba710	Label	caseD_112a	switchD_59aba701::caseD_112a	switchD_59aba701	ANALYSIS	false	false	false
59aba710	Label	caseD_112b	switchD_59aba701::caseD_112b	switchD_59aba701	ANALYSIS	false	false	false
59aba714	Label	caseD_1124	switchD_59aba701::caseD_1124	switchD_59aba701	ANALYSIS	true	false	false
59aba718	Label	caseD_107	switchD_59aba68d::caseD_107	switchD_59aba68d	ANALYSIS	true	false	false
59aba718	Label	caseD_108	switchD_59aba68d::caseD_108	switchD_59aba68d	ANALYSIS	false	false	false
59aba718	Label	caseD_1103	switchD_59aba6e4::caseD_1103	switchD_59aba6e4	ANALYSIS	false	false	false
59aba718	Label	caseD_1104	switchD_59aba6e4::caseD_1104	switchD_59aba6e4	ANALYSIS	false	false	false
59aba718	Label	caseD_1132	switchD_59aba701::caseD_1132	switchD_59aba701	ANALYSIS	false	false	false
59aba71c	Label	default	switchD_59aba68d::default	switchD_59aba68d	ANALYSIS	true	false	false
59aba71c	Label	default	switchD_59aba6e4::default	switchD_59aba6e4	ANALYSIS	false	false	false
59aba71c	Label	caseD_1128	switchD_59aba701::caseD_1128	switchD_59aba701	ANALYSIS	false	false	false
59aba71c	Label	caseD_1129	switchD_59aba701::caseD_1129	switchD_59aba701	ANALYSIS	false	false	false
59aba71c	Label	caseD_112e	switchD_59aba701::caseD_112e	switchD_59aba701	ANALYSIS	false	false	false
59aba71c	Label	caseD_112f	switchD_59aba701::caseD_112f	switchD_59aba701	ANALYSIS	false	false	false
59aba71c	Label	caseD_1130	switchD_59aba701::caseD_1130	switchD_59aba701	ANALYSIS	false	false	false
59aba71c	Label	caseD_1131	switchD_59aba701::caseD_1131	switchD_59aba701	ANALYSIS	false	false	false
59aba720	Label	switchdataD_59aba720	switchD_59aba68d::switchdataD_59aba720	switchD_59aba68d	ANALYSIS	true	false	false
59aba740	Label	switchdataD_59aba740	switchD_59aba6e4::switchdataD_59aba740	switchD_59aba6e4	ANALYSIS	true	false	false
59aba760	Label	switchdataD_59aba760	switchD_59aba701::switchdataD_59aba760	switchD_59aba701	ANALYSIS	true	false	false
59aba809	Function	FUN_59aba809	FUN_59aba809	Global	DEFAULT	true	false	false
59abab0f	Label	switchD	switchD_59abab0f::switchD	switchD_59abab0f	ANALYSIS	true	false	false
59abab16	Label	caseD_1505	switchD_59abab0f::caseD_1505	switchD_59abab0f	ANALYSIS	true	false	false
59abab21	Label	caseD_1506	switchD_59abab0f::caseD_1506	switchD_59abab0f	ANALYSIS	true	false	false
59abab2c	Label	caseD_1507	switchD_59abab0f::caseD_1507	switchD_59abab0f	ANALYSIS	true	false	false
59abab37	Label	caseD_1508	switchD_59abab0f::caseD_1508	switchD_59abab0f	ANALYSIS	true	false	false
59abab42	Label	caseD_1509	switchD_59abab0f::caseD_1509	switchD_59abab0f	ANALYSIS	true	false	false
59abab4d	Label	caseD_150a	switchD_59abab0f::caseD_150a	switchD_59abab0f	ANALYSIS	true	false	false
59abab58	Label	caseD_150b	switchD_59abab0f::caseD_150b	switchD_59abab0f	ANALYSIS	true	false	false
59abab63	Label	caseD_150c	switchD_59abab0f::caseD_150c	switchD_59abab0f	ANALYSIS	true	false	false
59abab71	Label	caseD_150d	switchD_59abab0f::caseD_150d	switchD_59abab0f	ANALYSIS	true	false	false
59abab7f	Label	caseD_150e	switchD_59abab0f::caseD_150e	switchD_59abab0f	ANALYSIS	true	false	false
59abab8d	Label	caseD_150f	switchD_59abab0f::caseD_150f	switchD_59abab0f	ANALYSIS	true	false	false
59abab9b	Label	caseD_1510	switchD_59abab0f::caseD_1510	switchD_59abab0f	ANALYSIS	true	false	false
59ababa9	Label	caseD_1511	switchD_59abab0f::caseD_1511	switchD_59abab0f	ANALYSIS	true	false	false
59ababb7	Label	caseD_1512	switchD_59abab0f::caseD_1512	switchD_59abab0f	ANALYSIS	true	false	false
59ababc5	Label	caseD_1513	switchD_59abab0f::caseD_1513	switchD_59abab0f	ANALYSIS	true	false	false
59ababd3	Label	caseD_1514	switchD_59abab0f::caseD_1514	switchD_59abab0f	ANALYSIS	true	false	false
59ababfe	Label	switchD	switchD_59ababfe::switchD	switchD_59ababfe	ANALYSIS	true	false	false
59abac05	Label	caseD_8001	switchD_59ababfe::caseD_8001	switchD_59ababfe	ANALYSIS	true	false	false
59abac13	Label	caseD_8002	switchD_59ababfe::caseD_8002	switchD_59ababfe	ANALYSIS	true	false	false
59abac21	Label	caseD_8003	switchD_59ababfe::caseD_8003	switchD_59ababfe	ANALYSIS	true	false	false
59abac2f	Label	caseD_8004	switchD_59ababfe::caseD_8004	switchD_59ababfe	ANALYSIS	true	false	false
59abac3d	Label	caseD_8005	switchD_59ababfe::caseD_8005	switchD_59ababfe	ANALYSIS	true	false	false
59abac4b	Label	caseD_8006	switchD_59ababfe::caseD_8006	switchD_59ababfe	ANALYSIS	true	false	false
59abac59	Label	caseD_8007	switchD_59ababfe::caseD_8007	switchD_59ababfe	ANALYSIS	true	false	false
59abac67	Label	caseD_8008	switchD_59ababfe::caseD_8008	switchD_59ababfe	ANALYSIS	true	false	false
59abac75	Label	caseD_8009	switchD_59ababfe::caseD_8009	switchD_59ababfe	ANALYSIS	true	false	false
59abac83	Label	caseD_800a	switchD_59ababfe::caseD_800a	switchD_59ababfe	ANALYSIS	true	false	false
59abac91	Label	caseD_800b	switchD_59ababfe::caseD_800b	switchD_59ababfe	ANALYSIS	true	false	false
59abac9f	Label	caseD_800c	switchD_59ababfe::caseD_800c	switchD_59ababfe	ANALYSIS	true	false	false
59abacad	Label	caseD_800d	switchD_59ababfe::caseD_800d	switchD_59ababfe	ANALYSIS	true	false	false
59abacbb	Label	caseD_800e	switchD_59ababfe::caseD_800e	switchD_59ababfe	ANALYSIS	true	false	false
59abacc9	Label	caseD_800f	switchD_59ababfe::caseD_800f	switchD_59ababfe	ANALYSIS	true	false	false
59abacd7	Label	caseD_8010	switchD_59ababfe::caseD_8010	switchD_59ababfe	ANALYSIS	true	false	false
59abace5	Label	caseD_8017	switchD_59ababfe::caseD_8017	switchD_59ababfe	ANALYSIS	true	false	false
59abacf3	Label	caseD_8018	switchD_59ababfe::caseD_8018	switchD_59ababfe	ANALYSIS	true	false	false
59abad01	Label	default	switchD_59abab0f::default	switchD_59abab0f	ANALYSIS	true	false	false
59abad01	Label	caseD_8011	switchD_59ababfe::caseD_8011	switchD_59ababfe	ANALYSIS	false	false	false
59abad01	Label	caseD_8012	switchD_59ababfe::caseD_8012	switchD_59ababfe	ANALYSIS	false	false	false
59abad01	Label	caseD_8013	switchD_59ababfe::caseD_8013	switchD_59ababfe	ANALYSIS	false	false	false
59abad01	Label	caseD_8014	switchD_59ababfe::caseD_8014	switchD_59ababfe	ANALYSIS	false	false	false
59abad01	Label	caseD_8015	switchD_59ababfe::caseD_8015	switchD_59ababfe	ANALYSIS	false	false	false
59abad01	Label	caseD_8016	switchD_59ababfe::caseD_8016	switchD_59ababfe	ANALYSIS	false	false	false
59abad0f	Label	switchdataD_59abad0f	switchD_59abab0f::switchdataD_59abad0f	switchD_59abab0f	ANALYSIS	true	false	false
59abad4f	Label	switchdataD_59abad4f	switchD_59ababfe::switchdataD_59abad4f	switchD_59ababfe	ANALYSIS	true	false	false
59abadd2	Function	FUN_59abadd2	FUN_59abadd2	Global	DEFAULT	true	false	false
59abae2d	Function	FUN_59abae2d	FUN_59abae2d	Global	DEFAULT	true	false	false
59abae57	Function	FUN_59abae57	FUN_59abae57	Global	DEFAULT	true	false	false
59abae84	Function	FUN_59abae84	FUN_59abae84	Global	DEFAULT	true	false	false
59abaead	Function	FUN_59abaead	FUN_59abaead	Global	DEFAULT	true	false	false
59abaf0f	Function	FUN_59abaf0f	FUN_59abaf0f	Global	DEFAULT	true	false	false
59abaf62	Function	FUN_59abaf62	FUN_59abaf62	Global	DEFAULT	true	false	false
59abb011	Function	FUN_59abb011	FUN_59abb011	Global	DEFAULT	true	false	false
59abb037	Function	FUN_59abb037	FUN_59abb037	Global	DEFAULT	true	false	false
59abb05d	Function	FUN_59abb05d	FUN_59abb05d	Global	DEFAULT	true	false	false
59abb090	Function	FUN_59abb090	FUN_59abb090	Global	DEFAULT	true	false	false
59abb0b8	Function	FUN_59abb0b8	FUN_59abb0b8	Global	DEFAULT	true	false	false
59abb151	Function	FUN_59abb151	FUN_59abb151	Global	DEFAULT	true	false	false
59abb194	Function	FUN_59abb194	FUN_59abb194	Global	DEFAULT	true	false	false
59abb1d7	Function	FUN_59abb1d7	FUN_59abb1d7	Global	DEFAULT	true	false	false
59abb22d	Function	FUN_59abb22d	FUN_59abb22d	Global	DEFAULT	true	false	false
59abb264	Function	FUN_59abb264	FUN_59abb264	Global	DEFAULT	true	false	false
59abb44d	Function	FUN_59abb44d	FUN_59abb44d	Global	DEFAULT	true	false	false
59abb5c3	Function	FUN_59abb5c3	FUN_59abb5c3	Global	DEFAULT	true	false	false
59abb5eb	Function	FUN_59abb5eb	FUN_59abb5eb	Global	DEFAULT	true	false	false
59abb615	Function	FUN_59abb615	FUN_59abb615	Global	DEFAULT	true	false	false
59abb643	Function	FUN_59abb643	FUN_59abb643	Global	DEFAULT	true	false	false
59abb668	Function	FUN_59abb668	FUN_59abb668	Global	DEFAULT	true	false	false
59abb699	Function	FUN_59abb699	FUN_59abb699	Global	DEFAULT	true	false	false
59abb6db	Function	FUN_59abb6db	FUN_59abb6db	Global	DEFAULT	true	false	false
59abb704	Function	FUN_59abb704	FUN_59abb704	Global	DEFAULT	true	false	false
59abb735	Function	FUN_59abb735	FUN_59abb735	Global	DEFAULT	true	false	false
59abb769	Function	FUN_59abb769	FUN_59abb769	Global	DEFAULT	true	false	false
59abb7a9	Function	FUN_59abb7a9	FUN_59abb7a9	Global	DEFAULT	true	false	false
59abb7d1	Function	FUN_59abb7d1	FUN_59abb7d1	Global	DEFAULT	true	false	false
59abb84e	Function	FUN_59abb84e	FUN_59abb84e	Global	DEFAULT	true	false	false
59abb8c9	Function	FUN_59abb8c9	FUN_59abb8c9	Global	DEFAULT	true	false	false
59abb9b5	Function	FUN_59abb9b5	FUN_59abb9b5	Global	DEFAULT	true	false	false
59abb9d9	Function	FUN_59abb9d9	FUN_59abb9d9	Global	DEFAULT	true	false	false
59abbabb	Function	FUN_59abbabb	FUN_59abbabb	Global	DEFAULT	true	false	false
59abbb7c	Function	FUN_59abbb7c	FUN_59abbb7c	Global	DEFAULT	true	false	false
59abbd29	Function	FUN_59abbd29	FUN_59abbd29	Global	DEFAULT	true	false	false
59abbdee	Function	FUN_59abbdee	FUN_59abbdee	Global	DEFAULT	true	false	false
59abbe18	Function	FUN_59abbe18	FUN_59abbe18	Global	DEFAULT	true	false	false
59abbeb8	Function	FUN_59abbeb8	FUN_59abbeb8	Global	DEFAULT	true	false	false
59abbf12	Function	FUN_59abbf12	FUN_59abbf12	Global	DEFAULT	true	false	false
59abbf6c	Function	FUN_59abbf6c	FUN_59abbf6c	Global	DEFAULT	true	false	false
59abbf94	Function	FUN_59abbf94	FUN_59abbf94	Global	DEFAULT	true	false	false
59abbff1	Function	FUN_59abbff1	FUN_59abbff1	Global	DEFAULT	true	false	false
59abc03c	Function	thunk_FUN_59abb769	thunk_FUN_59abb769	Global	DEFAULT	true	false	false
59abc046	Function	FUN_59abc046	FUN_59abc046	Global	DEFAULT	true	false	false
59abc0c2	Function	FUN_59abc0c2	FUN_59abc0c2	Global	DEFAULT	true	false	false
59abc106	Function	FUN_59abc106	FUN_59abc106	Global	DEFAULT	true	false	false
59abc14c	Function	FUN_59abc14c	FUN_59abc14c	Global	DEFAULT	true	false	false
59abc255	Function	FUN_59abc255	FUN_59abc255	Global	DEFAULT	true	false	false
59abc2af	Function	FUN_59abc2af	FUN_59abc2af	Global	DEFAULT	true	false	false
59abc2d8	Function	FUN_59abc2d8	FUN_59abc2d8	Global	DEFAULT	true	false	false
59abc2f6	Function	FUN_59abc2f6	FUN_59abc2f6	Global	DEFAULT	true	false	false
59abc33a	Function	FUN_59abc33a	FUN_59abc33a	Global	DEFAULT	true	false	false
59abc36b	Function	FUN_59abc36b	FUN_59abc36b	Global	DEFAULT	true	false	false
59abc39a	Function	FUN_59abc39a	FUN_59abc39a	Global	DEFAULT	true	false	false
59abc3c1	Function	FUN_59abc3c1	FUN_59abc3c1	Global	DEFAULT	true	false	false
59abc3e7	Function	FUN_59abc3e7	FUN_59abc3e7	Global	DEFAULT	true	false	false
59abc3fc	Label	switchD	switchD_59abc3fc::switchD	switchD_59abc3fc	ANALYSIS	true	false	false
59abc403	Label	caseD_110f	switchD_59abc3fc::caseD_110f	switchD_59abc3fc	ANALYSIS	true	false	false
59abc403	Label	caseD_1110	switchD_59abc3fc::caseD_1110	switchD_59abc3fc	ANALYSIS	false	false	false
59abc403	Label	caseD_1114	switchD_59abc3fc::caseD_1114	switchD_59abc3fc	ANALYSIS	false	false	false
59abc403	Label	caseD_1115	switchD_59abc3fc::caseD_1115	switchD_59abc3fc	ANALYSIS	false	false	false
59abc403	Label	caseD_1118	switchD_59abc3fc::caseD_1118	switchD_59abc3fc	ANALYSIS	false	false	false
59abc403	Label	caseD_1119	switchD_59abc3fc::caseD_1119	switchD_59abc3fc	ANALYSIS	false	false	false
59abc403	Label	caseD_112a	switchD_59abc3fc::caseD_112a	switchD_59abc3fc	ANALYSIS	false	false	false
59abc403	Label	caseD_112b	switchD_59abc3fc::caseD_112b	switchD_59abc3fc	ANALYSIS	false	false	false
59abc406	Label	caseD_1111	switchD_59abc3fc::caseD_1111	switchD_59abc3fc	ANALYSIS	true	false	false
59abc406	Label	caseD_1112	switchD_59abc3fc::caseD_1112	switchD_59abc3fc	ANALYSIS	false	false	false
59abc406	Label	caseD_1113	switchD_59abc3fc::caseD_1113	switchD_59abc3fc	ANALYSIS	false	false	false
59abc406	Label	caseD_1116	switchD_59abc3fc::caseD_1116	switchD_59abc3fc	ANALYSIS	false	false	false
59abc406	Label	caseD_1117	switchD_59abc3fc::caseD_1117	switchD_59abc3fc	ANALYSIS	false	false	false
59abc406	Label	caseD_111a	switchD_59abc3fc::caseD_111a	switchD_59abc3fc	ANALYSIS	false	false	false
59abc406	Label	caseD_111b	switchD_59abc3fc::caseD_111b	switchD_59abc3fc	ANALYSIS	false	false	false
59abc406	Label	caseD_111c	switchD_59abc3fc::caseD_111c	switchD_59abc3fc	ANALYSIS	false	false	false
59abc406	Label	caseD_111d	switchD_59abc3fc::caseD_111d	switchD_59abc3fc	ANALYSIS	false	false	false
59abc406	Label	caseD_111e	switchD_59abc3fc::caseD_111e	switchD_59abc3fc	ANALYSIS	false	false	false
59abc406	Label	caseD_111f	switchD_59abc3fc::caseD_111f	switchD_59abc3fc	ANALYSIS	false	false	false
59abc406	Label	caseD_1120	switchD_59abc3fc::caseD_1120	switchD_59abc3fc	ANALYSIS	false	false	false
59abc406	Label	caseD_1121	switchD_59abc3fc::caseD_1121	switchD_59abc3fc	ANALYSIS	false	false	false
59abc406	Label	caseD_1122	switchD_59abc3fc::caseD_1122	switchD_59abc3fc	ANALYSIS	false	false	false
59abc406	Label	caseD_1123	switchD_59abc3fc::caseD_1123	switchD_59abc3fc	ANALYSIS	false	false	false
59abc406	Label	caseD_1124	switchD_59abc3fc::caseD_1124	switchD_59abc3fc	ANALYSIS	false	false	false
59abc406	Label	caseD_1125	switchD_59abc3fc::caseD_1125	switchD_59abc3fc	ANALYSIS	false	false	false
59abc406	Label	caseD_1126	switchD_59abc3fc::caseD_1126	switchD_59abc3fc	ANALYSIS	false	false	false
59abc406	Label	caseD_1127	switchD_59abc3fc::caseD_1127	switchD_59abc3fc	ANALYSIS	false	false	false
59abc406	Label	caseD_1128	switchD_59abc3fc::caseD_1128	switchD_59abc3fc	ANALYSIS	false	false	false
59abc406	Label	caseD_1129	switchD_59abc3fc::caseD_1129	switchD_59abc3fc	ANALYSIS	false	false	false
59abc409	Label	switchdataD_59abc409	switchD_59abc3fc::switchdataD_59abc409	switchD_59abc3fc	ANALYSIS	true	false	false
59abc411	Label	switchdataD_59abc411	switchD_59abc3fc::switchdataD_59abc411	switchD_59abc3fc	ANALYSIS	true	false	false
59abc433	Function	FUN_59abc433	FUN_59abc433	Global	DEFAULT	true	false	false
59abc477	Function	FUN_59abc477	FUN_59abc477	Global	DEFAULT	true	false	false
59abc4b5	Function	FUN_59abc4b5	FUN_59abc4b5	Global	DEFAULT	true	false	false
59abc4f9	Function	FUN_59abc4f9	FUN_59abc4f9	Global	DEFAULT	true	false	false
59abc531	Function	FUN_59abc531	FUN_59abc531	Global	DEFAULT	true	false	false
59abc58d	Function	FUN_59abc58d	FUN_59abc58d	Global	DEFAULT	true	false	false
59abc5ca	Function	FUN_59abc5ca	FUN_59abc5ca	Global	DEFAULT	true	false	false
59abc5f9	Function	FUN_59abc5f9	FUN_59abc5f9	Global	DEFAULT	true	false	false
59abc632	Function	FUN_59abc632	FUN_59abc632	Global	DEFAULT	true	false	false
59abc661	Function	FUN_59abc661	FUN_59abc661	Global	DEFAULT	true	false	false
59abc6c3	Function	FUN_59abc6c3	FUN_59abc6c3	Global	DEFAULT	true	false	false
59abc77a	Function	FUN_59abc77a	FUN_59abc77a	Global	DEFAULT	true	false	false
59abc7b6	Function	FUN_59abc7b6	FUN_59abc7b6	Global	DEFAULT	true	false	false
59abc7e9	Function	FUN_59abc7e9	FUN_59abc7e9	Global	DEFAULT	true	false	false
59abc852	Function	FUN_59abc852	FUN_59abc852	Global	DEFAULT	true	false	false
59abc90c	Function	FUN_59abc90c	FUN_59abc90c	Global	DEFAULT	true	false	false
59abc9a4	Function	FUN_59abc9a4	FUN_59abc9a4	Global	DEFAULT	true	false	false
59abca33	Function	FUN_59abca33	FUN_59abca33	Global	DEFAULT	true	false	false
59abca71	Function	FUN_59abca71	FUN_59abca71	Global	DEFAULT	true	false	false
59abcb67	Function	FUN_59abcb67	FUN_59abcb67	Global	DEFAULT	true	false	false
59abcc3b	Function	FUN_59abcc3b	FUN_59abcc3b	Global	DEFAULT	true	false	false
59abcc90	Function	FUN_59abcc90	FUN_59abcc90	Global	DEFAULT	true	false	false
59abccae	Function	FUN_59abccae	FUN_59abccae	Global	DEFAULT	true	false	false
59abcd06	Function	FUN_59abcd06	FUN_59abcd06	Global	DEFAULT	true	false	false
59abcd2e	Function	FUN_59abcd2e	FUN_59abcd2e	Global	DEFAULT	true	false	false
59abcd72	Function	FUN_59abcd72	FUN_59abcd72	Global	DEFAULT	true	false	false
59abcdb3	Function	FUN_59abcdb3	FUN_59abcdb3	Global	DEFAULT	true	false	false
59abcdfe	Function	FUN_59abcdfe	FUN_59abcdfe	Global	DEFAULT	true	false	false
59abce24	Function	FUN_59abce24	FUN_59abce24	Global	DEFAULT	true	false	false
59abceb3	Function	FUN_59abceb3	FUN_59abceb3	Global	DEFAULT	true	false	false
59abcee7	Function	FUN_59abcee7	FUN_59abcee7	Global	DEFAULT	true	false	false
59abcfac	Function	FUN_59abcfac	FUN_59abcfac	Global	DEFAULT	true	false	false
59abd06f	Function	FUN_59abd06f	FUN_59abd06f	Global	DEFAULT	true	false	false
59abd117	Function	FUN_59abd117	FUN_59abd117	Global	DEFAULT	true	false	false
59abd1b9	Function	FUN_59abd1b9	FUN_59abd1b9	Global	DEFAULT	true	false	false
59abd253	Function	FUN_59abd253	FUN_59abd253	Global	DEFAULT	true	false	false
59abd325	Function	FUN_59abd325	FUN_59abd325	Global	DEFAULT	true	false	false
59abd4b9	Function	FUN_59abd4b9	FUN_59abd4b9	Global	DEFAULT	true	false	false
59abd552	Function	FUN_59abd552	FUN_59abd552	Global	DEFAULT	true	false	false
59abd670	Function	FUN_59abd670	FUN_59abd670	Global	DEFAULT	true	false	false
59abd730	Function	FUN_59abd730	FUN_59abd730	Global	DEFAULT	true	false	false
59abd746	Function	FUN_59abd746	FUN_59abd746	Global	DEFAULT	true	false	false
59abd848	Function	FUN_59abd848	FUN_59abd848	Global	DEFAULT	true	false	false
59abd8cc	Function	FUN_59abd8cc	FUN_59abd8cc	Global	DEFAULT	true	false	false
59abd902	Function	FUN_59abd902	FUN_59abd902	Global	DEFAULT	true	false	false
59abd9d5	Function	FUN_59abd9d5	FUN_59abd9d5	Global	DEFAULT	true	false	false
59abd9fb	Function	FUN_59abd9fb	FUN_59abd9fb	Global	DEFAULT	true	false	false
59abda7a	Function	FUN_59abda7a	FUN_59abda7a	Global	DEFAULT	true	false	false
59abda9e	Function	FUN_59abda9e	FUN_59abda9e	Global	DEFAULT	true	false	false
59abdad6	Function	FUN_59abdad6	FUN_59abdad6	Global	DEFAULT	true	false	false
59abdb08	Function	FUN_59abdb08	FUN_59abdb08	Global	DEFAULT	true	false	false
59abdb2b	Function	FUN_59abdb2b	FUN_59abdb2b	Global	DEFAULT	true	false	false
59abdb53	Function	FUN_59abdb53	FUN_59abdb53	Global	DEFAULT	true	false	false
59abdb72	Function	FUN_59abdb72	FUN_59abdb72	Global	DEFAULT	true	false	false
59abdccc	Function	FUN_59abdccc	FUN_59abdccc	Global	DEFAULT	true	false	false
59abdcfd	Function	FUN_59abdcfd	FUN_59abdcfd	Global	DEFAULT	true	false	false
59abdd31	Function	FUN_59abdd31	FUN_59abdd31	Global	DEFAULT	true	false	false
59abdd89	Function	FUN_59abdd89	FUN_59abdd89	Global	DEFAULT	true	false	false
59abddac	Function	FUN_59abddac	FUN_59abddac	Global	DEFAULT	true	false	false
59abddcb	Function	FUN_59abddcb	FUN_59abddcb	Global	DEFAULT	true	false	false
59abde03	Function	FUN_59abde03	FUN_59abde03	Global	DEFAULT	true	false	false
59abde43	Function	FUN_59abde43	FUN_59abde43	Global	DEFAULT	true	false	false
59abde7d	Function	FUN_59abde7d	FUN_59abde7d	Global	DEFAULT	true	false	false
59abdf15	Function	FUN_59abdf15	FUN_59abdf15	Global	DEFAULT	true	false	false
59abdf3c	Function	FUN_59abdf3c	FUN_59abdf3c	Global	DEFAULT	true	false	false
59abdf5b	Function	FUN_59abdf5b	FUN_59abdf5b	Global	DEFAULT	true	false	false
59abdf85	Function	FUN_59abdf85	FUN_59abdf85	Global	DEFAULT	true	false	false
59abdfb3	Function	FUN_59abdfb3	FUN_59abdfb3	Global	DEFAULT	true	false	false
59abe07f	Function	FUN_59abe07f	FUN_59abe07f	Global	DEFAULT	true	false	false
59abe1ce	Function	FUN_59abe1ce	FUN_59abe1ce	Global	DEFAULT	true	false	false
59abe245	Function	FUN_59abe245	FUN_59abe245	Global	DEFAULT	true	false	false
59abe2bc	Function	FUN_59abe2bc	FUN_59abe2bc	Global	DEFAULT	true	false	false
59abe337	Function	FUN_59abe337	FUN_59abe337	Global	DEFAULT	true	false	false
59abe377	Function	FUN_59abe377	FUN_59abe377	Global	DEFAULT	true	false	false
59abe3cf	Function	FUN_59abe3cf	FUN_59abe3cf	Global	DEFAULT	true	false	false
59abe479	Function	FUN_59abe479	FUN_59abe479	Global	DEFAULT	true	false	false
59abe4a2	Function	FUN_59abe4a2	FUN_59abe4a2	Global	DEFAULT	true	false	false
59abe4ca	Function	FUN_59abe4ca	FUN_59abe4ca	Global	DEFAULT	true	false	false
59abe4fb	Function	FUN_59abe4fb	FUN_59abe4fb	Global	DEFAULT	true	false	false
59abe52f	Function	FUN_59abe52f	FUN_59abe52f	Global	DEFAULT	true	false	false
59abe589	Function	FUN_59abe589	FUN_59abe589	Global	DEFAULT	true	false	false
59abe5ba	Function	FUN_59abe5ba	FUN_59abe5ba	Global	DEFAULT	true	false	false
59abe5f8	Function	FUN_59abe5f8	FUN_59abe5f8	Global	DEFAULT	true	false	false
59abe652	Function	FUN_59abe652	FUN_59abe652	Global	DEFAULT	true	false	false
59abe683	Function	FUN_59abe683	FUN_59abe683	Global	DEFAULT	true	false	false
59abe6c1	Function	FUN_59abe6c1	FUN_59abe6c1	Global	DEFAULT	true	false	false
59abe719	Function	FUN_59abe719	FUN_59abe719	Global	DEFAULT	true	false	false
59abe778	Function	FUN_59abe778	FUN_59abe778	Global	DEFAULT	true	false	false
59abe7a0	Function	FUN_59abe7a0	FUN_59abe7a0	Global	DEFAULT	true	false	false
59abe7cc	Function	FUN_59abe7cc	FUN_59abe7cc	Global	DEFAULT	true	false	false
59abe837	Function	FUN_59abe837	FUN_59abe837	Global	DEFAULT	true	false	false
59abe8a1	Function	FUN_59abe8a1	FUN_59abe8a1	Global	DEFAULT	true	false	false
59abe8d6	Function	FUN_59abe8d6	FUN_59abe8d6	Global	DEFAULT	true	false	false
59abe91a	Function	FUN_59abe91a	FUN_59abe91a	Global	DEFAULT	true	false	false
59abe976	Function	FUN_59abe976	FUN_59abe976	Global	DEFAULT	true	false	false
59abe9ab	Function	FUN_59abe9ab	FUN_59abe9ab	Global	DEFAULT	true	false	false
59abe9f6	Function	FUN_59abe9f6	FUN_59abe9f6	Global	DEFAULT	true	false	false
59abea40	Function	thunk_FUN_59abce24	thunk_FUN_59abce24	Global	DEFAULT	true	false	false
59abea4a	Function	FUN_59abea4a	FUN_59abea4a	Global	DEFAULT	true	false	false
59abea9b	Function	FUN_59abea9b	FUN_59abea9b	Global	DEFAULT	true	false	false
59abead0	Function	FUN_59abead0	FUN_59abead0	Global	DEFAULT	true	false	false
59abeb0a	Function	FUN_59abeb0a	FUN_59abeb0a	Global	DEFAULT	true	false	false
59abeb68	Function	FUN_59abeb68	FUN_59abeb68	Global	DEFAULT	true	false	false
59abebb1	Function	FUN_59abebb1	FUN_59abebb1	Global	DEFAULT	true	false	false
59abec49	Function	FUN_59abec49	FUN_59abec49	Global	DEFAULT	true	false	false
59abecb2	Function	FUN_59abecb2	FUN_59abecb2	Global	DEFAULT	true	false	false
59abed82	Function	FUN_59abed82	FUN_59abed82	Global	DEFAULT	true	false	false
59abedf7	Function	FUN_59abedf7	FUN_59abedf7	Global	DEFAULT	true	false	false
59abee31	Function	FUN_59abee31	FUN_59abee31	Global	DEFAULT	true	false	false
59abeeea	Function	FUN_59abeeea	FUN_59abeeea	Global	DEFAULT	true	false	false
59abef01	Function	FUN_59abef01	FUN_59abef01	Global	DEFAULT	true	false	false
59abef73	Function	FUN_59abef73	FUN_59abef73	Global	DEFAULT	true	false	false
59abefad	Function	FUN_59abefad	FUN_59abefad	Global	DEFAULT	true	false	false
59abf089	Function	FUN_59abf089	FUN_59abf089	Global	DEFAULT	true	false	false
59abf0ee	Function	FUN_59abf0ee	FUN_59abf0ee	Global	DEFAULT	true	false	false
59abf12e	Function	FUN_59abf12e	FUN_59abf12e	Global	DEFAULT	true	false	false
59abf1b6	Function	FUN_59abf1b6	FUN_59abf1b6	Global	DEFAULT	true	false	false
59abf20a	Function	FUN_59abf20a	FUN_59abf20a	Global	DEFAULT	true	false	false
59abf214	Function	FUN_59abf214	FUN_59abf214	Global	DEFAULT	true	false	false
59abf2a0	Function	FUN_59abf2a0	FUN_59abf2a0	Global	DEFAULT	true	false	false
59abf2f5	Function	FUN_59abf2f5	FUN_59abf2f5	Global	DEFAULT	true	false	false
59abf478	Function	FUN_59abf478	FUN_59abf478	Global	DEFAULT	true	false	false
59abf4f9	Function	FUN_59abf4f9	FUN_59abf4f9	Global	DEFAULT	true	false	false
59abf51f	Function	FUN_59abf51f	FUN_59abf51f	Global	DEFAULT	true	false	false
59abf547	Function	FUN_59abf547	FUN_59abf547	Global	DEFAULT	true	false	false
59abf5a1	Function	FUN_59abf5a1	FUN_59abf5a1	Global	DEFAULT	true	false	false
59abf5f2	Function	FUN_59abf5f2	FUN_59abf5f2	Global	DEFAULT	true	false	false
59abf648	Function	FUN_59abf648	FUN_59abf648	Global	DEFAULT	true	false	false
59abf6c3	Function	FUN_59abf6c3	FUN_59abf6c3	Global	DEFAULT	true	false	false
59abf703	Function	FUN_59abf703	FUN_59abf703	Global	DEFAULT	true	false	false
59abf7c6	Function	FUN_59abf7c6	FUN_59abf7c6	Global	DEFAULT	true	false	false
59abf889	Function	FUN_59abf889	FUN_59abf889	Global	DEFAULT	true	false	false
59abf8af	Function	FUN_59abf8af	FUN_59abf8af	Global	DEFAULT	true	false	false
59abf8d7	Function	FUN_59abf8d7	FUN_59abf8d7	Global	DEFAULT	true	false	false
59abf8fd	Function	FUN_59abf8fd	FUN_59abf8fd	Global	DEFAULT	true	false	false
59abf925	Function	FUN_59abf925	FUN_59abf925	Global	DEFAULT	true	false	false
59abf9bd	Function	FUN_59abf9bd	FUN_59abf9bd	Global	DEFAULT	true	false	false
59abf9e3	Function	FUN_59abf9e3	FUN_59abf9e3	Global	DEFAULT	true	false	false
59abfa0b	Function	FUN_59abfa0b	FUN_59abfa0b	Global	DEFAULT	true	false	false
59abfa43	Function	FUN_59abfa43	FUN_59abfa43	Global	DEFAULT	true	false	false
59abfa7d	Function	FUN_59abfa7d	FUN_59abfa7d	Global	DEFAULT	true	false	false
59abfbc9	Function	FUN_59abfbc9	FUN_59abfbc9	Global	DEFAULT	true	false	false
59abfc2e	Function	FUN_59abfc2e	FUN_59abfc2e	Global	DEFAULT	true	false	false
59abff0c	Function	FUN_59abff0c	FUN_59abff0c	Global	DEFAULT	true	false	false
59abff50	Function	FUN_59abff50	FUN_59abff50	Global	DEFAULT	true	false	false
59ac0067	Function	FUN_59ac0067	FUN_59ac0067	Global	DEFAULT	true	false	false
59ac014c	Function	FUN_59ac014c	FUN_59ac014c	Global	DEFAULT	true	false	false
59ac01a6	Function	FUN_59ac01a6	FUN_59ac01a6	Global	DEFAULT	true	false	false
59ac050f	Function	thunk_FUN_59abde03	thunk_FUN_59abde03	Global	DEFAULT	true	false	false
59ac0519	Function	FUN_59ac0519	FUN_59ac0519	Global	DEFAULT	true	false	false
59ac05a5	Function	FUN_59ac05a5	FUN_59ac05a5	Global	DEFAULT	true	false	false
59ac062b	Function	thunk_FUN_59abe337	thunk_FUN_59abe337	Global	DEFAULT	true	false	false
59ac0658	Function	FUN_59ac0658	FUN_59ac0658	Global	DEFAULT	true	false	false
59ac0689	Function	FUN_59ac0689	FUN_59ac0689	Global	DEFAULT	true	false	false
59ac06bd	Function	FUN_59ac06bd	FUN_59ac06bd	Global	DEFAULT	true	false	false
59ac0708	Function	FUN_59ac0708	FUN_59ac0708	Global	DEFAULT	true	false	false
59ac0733	Function	FUN_59ac0733	FUN_59ac0733	Global	DEFAULT	true	false	false
59ac0765	Function	FUN_59ac0765	FUN_59ac0765	Global	DEFAULT	true	false	false
59ac078d	Function	FUN_59ac078d	FUN_59ac078d	Global	DEFAULT	true	false	false
59ac07c5	Function	FUN_59ac07c5	FUN_59ac07c5	Global	DEFAULT	true	false	false
59ac0816	Function	FUN_59ac0816	FUN_59ac0816	Global	DEFAULT	true	false	false
59ac0879	Function	FUN_59ac0879	FUN_59ac0879	Global	DEFAULT	true	false	false
59ac0a1d	Function	FUN_59ac0a1d	FUN_59ac0a1d	Global	DEFAULT	true	false	false
59ac0a68	Function	FUN_59ac0a68	FUN_59ac0a68	Global	DEFAULT	true	false	false
59ac0b09	Function	FUN_59ac0b09	FUN_59ac0b09	Global	DEFAULT	true	false	false
59ac0b69	Function	FUN_59ac0b69	FUN_59ac0b69	Global	DEFAULT	true	false	false
59ac0c07	Function	FUN_59ac0c07	FUN_59ac0c07	Global	DEFAULT	true	false	false
59ac0c56	Function	FUN_59ac0c56	FUN_59ac0c56	Global	DEFAULT	true	false	false
59ac0dfa	Function	FUN_59ac0dfa	FUN_59ac0dfa	Global	DEFAULT	true	false	false
59ac0e47	Function	FUN_59ac0e47	FUN_59ac0e47	Global	DEFAULT	true	false	false
59ac0f00	Function	FUN_59ac0f00	FUN_59ac0f00	Global	DEFAULT	true	false	false
59ac106d	Function	FUN_59ac106d	FUN_59ac106d	Global	DEFAULT	true	false	false
59ac10c7	Function	FUN_59ac10c7	FUN_59ac10c7	Global	DEFAULT	true	false	false
59ac1121	Function	FUN_59ac1121	FUN_59ac1121	Global	DEFAULT	true	false	false
59ac1252	Function	FUN_59ac1252	FUN_59ac1252	Global	DEFAULT	true	false	false
59ac1321	Function	FUN_59ac1321	FUN_59ac1321	Global	DEFAULT	true	false	false
59ac14c7	Function	FUN_59ac14c7	FUN_59ac14c7	Global	DEFAULT	true	false	false
59ac1699	Function	FUN_59ac1699	FUN_59ac1699	Global	DEFAULT	true	false	false
59ac1717	Function	FUN_59ac1717	FUN_59ac1717	Global	DEFAULT	true	false	false
59ac1750	Function	FUN_59ac1750	FUN_59ac1750	Global	DEFAULT	true	false	false
59ac17b9	Function	FUN_59ac17b9	FUN_59ac17b9	Global	DEFAULT	true	false	false
59ac17e7	Function	FUN_59ac17e7	FUN_59ac17e7	Global	DEFAULT	true	false	false
59ac185d	Function	FUN_59ac185d	FUN_59ac185d	Global	DEFAULT	true	false	false
59ac1936	Function	FUN_59ac1936	FUN_59ac1936	Global	DEFAULT	true	false	false
59ac1a6e	Function	FUN_59ac1a6e	FUN_59ac1a6e	Global	DEFAULT	true	false	false
59ac1b43	Function	FUN_59ac1b43	FUN_59ac1b43	Global	DEFAULT	true	false	false
59ac1b8e	Function	FUN_59ac1b8e	FUN_59ac1b8e	Global	DEFAULT	true	false	false
59ac1c97	Function	FUN_59ac1c97	FUN_59ac1c97	Global	DEFAULT	true	false	false
59ac1d54	Function	FUN_59ac1d54	FUN_59ac1d54	Global	DEFAULT	true	false	false
59ac1dac	Function	FUN_59ac1dac	FUN_59ac1dac	Global	DEFAULT	true	false	false
59ac1f39	Function	FUN_59ac1f39	FUN_59ac1f39	Global	DEFAULT	true	false	false
59ac1f5e	Function	FUN_59ac1f5e	FUN_59ac1f5e	Global	DEFAULT	true	false	false
59ac1fe2	Function	FUN_59ac1fe2	FUN_59ac1fe2	Global	DEFAULT	true	false	false
59ac2000	Function	FUN_59ac2000	FUN_59ac2000	Global	DEFAULT	true	false	false
59ac201e	Function	FUN_59ac201e	FUN_59ac201e	Global	DEFAULT	true	false	false
59ac203c	Function	FUN_59ac203c	FUN_59ac203c	Global	DEFAULT	true	false	false
59ac209c	Function	FUN_59ac209c	FUN_59ac209c	Global	DEFAULT	true	false	false
59ac20f6	Function	FUN_59ac20f6	FUN_59ac20f6	Global	DEFAULT	true	false	false
59ac2151	Function	FUN_59ac2151	FUN_59ac2151	Global	DEFAULT	true	false	false
59ac2174	Function	FUN_59ac2174	FUN_59ac2174	Global	DEFAULT	true	false	false
59ac21ba	Function	FUN_59ac21ba	FUN_59ac21ba	Global	DEFAULT	true	false	false
59ac2234	Function	FUN_59ac2234	FUN_59ac2234	Global	DEFAULT	true	false	false
59ac228e	Function	FUN_59ac228e	FUN_59ac228e	Global	DEFAULT	true	false	false
59ac22e9	Function	FUN_59ac22e9	FUN_59ac22e9	Global	DEFAULT	true	false	false
59ac230c	Function	FUN_59ac230c	FUN_59ac230c	Global	DEFAULT	true	false	false
59ac2352	Function	FUN_59ac2352	FUN_59ac2352	Global	DEFAULT	true	false	false
59ac23c3	Function	FUN_59ac23c3	FUN_59ac23c3	Global	DEFAULT	true	false	false
59ac23eb	Function	FUN_59ac23eb	FUN_59ac23eb	Global	DEFAULT	true	false	false
59ac2437	Function	FUN_59ac2437	FUN_59ac2437	Global	DEFAULT	true	false	false
59ac259a	Function	FUN_59ac259a	FUN_59ac259a	Global	DEFAULT	true	false	false
59ac25bd	Function	FUN_59ac25bd	FUN_59ac25bd	Global	DEFAULT	true	false	false
59ac267e	Function	FUN_59ac267e	FUN_59ac267e	Global	DEFAULT	true	false	false
59ac26d5	Function	FUN_59ac26d5	FUN_59ac26d5	Global	DEFAULT	true	false	false
59ac272a	Function	FUN_59ac272a	FUN_59ac272a	Global	DEFAULT	true	false	false
59ac2810	Function	FUN_59ac2810	FUN_59ac2810	Global	DEFAULT	true	false	false
59ac288a	Function	FUN_59ac288a	FUN_59ac288a	Global	DEFAULT	true	false	false
59ac28bf	Function	FUN_59ac28bf	FUN_59ac28bf	Global	DEFAULT	true	false	false
59ac28f5	Function	FUN_59ac28f5	FUN_59ac28f5	Global	DEFAULT	true	false	false
59ac2988	Function	FUN_59ac2988	FUN_59ac2988	Global	DEFAULT	true	false	false
59ac2a2a	Function	FUN_59ac2a2a	FUN_59ac2a2a	Global	DEFAULT	true	false	false
59ac2ac0	Function	FUN_59ac2ac0	FUN_59ac2ac0	Global	DEFAULT	true	false	false
59ac2b79	Function	FUN_59ac2b79	FUN_59ac2b79	Global	DEFAULT	true	false	false
59ac2cf3	Function	FUN_59ac2cf3	FUN_59ac2cf3	Global	DEFAULT	true	false	false
59ac2e46	Function	FUN_59ac2e46	FUN_59ac2e46	Global	DEFAULT	true	false	false
59ac2e80	Function	FUN_59ac2e80	FUN_59ac2e80	Global	DEFAULT	true	false	false
59ac2eb2	Function	FUN_59ac2eb2	FUN_59ac2eb2	Global	DEFAULT	true	false	false
59ac2ef0	Function	FUN_59ac2ef0	FUN_59ac2ef0	Global	DEFAULT	true	false	false
59ac2f98	Function	FUN_59ac2f98	FUN_59ac2f98	Global	DEFAULT	true	false	false
59ac2fde	Function	FUN_59ac2fde	FUN_59ac2fde	Global	DEFAULT	true	false	false
59ac3024	Function	FUN_59ac3024	FUN_59ac3024	Global	DEFAULT	true	false	false
59ac3072	Function	FUN_59ac3072	FUN_59ac3072	Global	DEFAULT	true	false	false
59ac3081	Function	FUN_59ac3081	FUN_59ac3081	Global	DEFAULT	true	false	false
59ac3090	Function	FUN_59ac3090	FUN_59ac3090	Global	DEFAULT	true	false	false
59ac30a4	Function	FUN_59ac30a4	FUN_59ac30a4	Global	DEFAULT	true	false	false
59ac30f1	Function	thunk_FUN_59ac3090	thunk_FUN_59ac3090	Global	DEFAULT	true	false	false
59ac3242	Function	FUN_59ac3242	FUN_59ac3242	Global	DEFAULT	true	false	false
59ac32a5	Function	FUN_59ac32a5	FUN_59ac32a5	Global	DEFAULT	true	false	false
59ac32e4	Function	FUN_59ac32e4	FUN_59ac32e4	Global	DEFAULT	true	false	false
59ac32ef	Label	switchD	switchD_59ac32ef::switchD	switchD_59ac32ef	ANALYSIS	true	false	false
59ac32f6	Label	caseD_0	switchD_59ac32ef::caseD_0	switchD_59ac32ef	ANALYSIS	true	false	false
59ac32fa	Label	caseD_1	switchD_59ac32ef::caseD_1	switchD_59ac32ef	ANALYSIS	true	false	false
59ac32fa	Label	caseD_2	switchD_59ac32ef::caseD_2	switchD_59ac32ef	ANALYSIS	false	false	false
59ac32fe	Label	caseD_3	switchD_59ac32ef::caseD_3	switchD_59ac32ef	ANALYSIS	true	false	false
59ac32fe	Label	caseD_4	switchD_59ac32ef::caseD_4	switchD_59ac32ef	ANALYSIS	false	false	false
59ac3302	Label	caseD_5	switchD_59ac32ef::caseD_5	switchD_59ac32ef	ANALYSIS	true	false	false
59ac3302	Label	caseD_a	switchD_59ac32ef::caseD_a	switchD_59ac32ef	ANALYSIS	false	false	false
59ac3306	Label	caseD_6	switchD_59ac32ef::caseD_6	switchD_59ac32ef	ANALYSIS	true	false	false
59ac330a	Label	caseD_7	switchD_59ac32ef::caseD_7	switchD_59ac32ef	ANALYSIS	true	false	false
59ac330a	Label	caseD_8	switchD_59ac32ef::caseD_8	switchD_59ac32ef	ANALYSIS	false	false	false
59ac330e	Label	caseD_9	switchD_59ac32ef::caseD_9	switchD_59ac32ef	ANALYSIS	true	false	false
59ac3311	Label	default	switchD_59ac32ef::default	switchD_59ac32ef	ANALYSIS	true	false	false
59ac3312	Label	switchdataD_59ac3312	switchD_59ac32ef::switchdataD_59ac3312	switchD_59ac32ef	ANALYSIS	true	false	false
59ac3343	Function	FUN_59ac3343	FUN_59ac3343	Global	DEFAULT	true	false	false
59ac338e	Function	FUN_59ac338e	FUN_59ac338e	Global	DEFAULT	true	false	false
59ac33c7	Function	FUN_59ac33c7	FUN_59ac33c7	Global	DEFAULT	true	false	false
59ac33fd	Function	FUN_59ac33fd	FUN_59ac33fd	Global	DEFAULT	true	false	false
59ac3680	Function	FUN_59ac3680	FUN_59ac3680	Global	DEFAULT	true	false	false
59ac3706	Function	FUN_59ac3706	FUN_59ac3706	Global	DEFAULT	true	false	false
59ac374e	Function	FUN_59ac374e	FUN_59ac374e	Global	DEFAULT	true	false	false
59ac37c5	Function	FUN_59ac37c5	FUN_59ac37c5	Global	DEFAULT	true	false	false
59ac3805	Function	FUN_59ac3805	FUN_59ac3805	Global	DEFAULT	true	false	false
59ac386b	Function	FUN_59ac386b	FUN_59ac386b	Global	DEFAULT	true	false	false
59ac38d1	Function	FUN_59ac38d1	FUN_59ac38d1	Global	DEFAULT	true	false	false
59ac38f5	Function	FUN_59ac38f5	FUN_59ac38f5	Global	DEFAULT	true	false	false
59ac391d	Function	FUN_59ac391d	FUN_59ac391d	Global	DEFAULT	true	false	false
59ac3958	Function	FUN_59ac3958	FUN_59ac3958	Global	DEFAULT	true	false	false
59ac3976	Function	FUN_59ac3976	FUN_59ac3976	Global	DEFAULT	true	false	false
59ac39bf	Function	FUN_59ac39bf	FUN_59ac39bf	Global	DEFAULT	true	false	false
59ac3a33	Function	FUN_59ac3a33	FUN_59ac3a33	Global	DEFAULT	true	false	false
59ac3a57	Function	FUN_59ac3a57	FUN_59ac3a57	Global	DEFAULT	true	false	false
59ac3b6c	Function	FUN_59ac3b6c	FUN_59ac3b6c	Global	DEFAULT	true	false	false
59ac3bbb	Function	FUN_59ac3bbb	FUN_59ac3bbb	Global	DEFAULT	true	false	false
59ac3c01	Function	FUN_59ac3c01	FUN_59ac3c01	Global	DEFAULT	true	false	false
59ac3cef	Function	FUN_59ac3cef	FUN_59ac3cef	Global	DEFAULT	true	false	false
59ac3d29	Function	FUN_59ac3d29	FUN_59ac3d29	Global	DEFAULT	true	false	false
59ac3d54	Function	FUN_59ac3d54	FUN_59ac3d54	Global	DEFAULT	true	false	false
59ac3d7f	Function	FUN_59ac3d7f	FUN_59ac3d7f	Global	DEFAULT	true	false	false
59ac3d8f	Function	FUN_59ac3d8f	FUN_59ac3d8f	Global	DEFAULT	true	false	false
59ac3e87	Function	FUN_59ac3e87	FUN_59ac3e87	Global	DEFAULT	true	false	false
59ac40c1	Function	FUN_59ac40c1	FUN_59ac40c1	Global	DEFAULT	true	false	false
59ac42a5	Function	FUN_59ac42a5	FUN_59ac42a5	Global	DEFAULT	true	false	false
59ac42d3	Function	FUN_59ac42d3	FUN_59ac42d3	Global	DEFAULT	true	false	false
59ac42fe	Function	FUN_59ac42fe	FUN_59ac42fe	Global	DEFAULT	true	false	false
59ac4378	Function	FUN_59ac4378	FUN_59ac4378	Global	DEFAULT	true	false	false
59ac43b5	Function	FUN_59ac43b5	FUN_59ac43b5	Global	DEFAULT	true	false	false
59ac440d	Function	FUN_59ac440d	FUN_59ac440d	Global	DEFAULT	true	false	false
59ac443f	Function	FUN_59ac443f	FUN_59ac443f	Global	DEFAULT	true	false	false
59ac446e	Function	FUN_59ac446e	FUN_59ac446e	Global	DEFAULT	true	false	false
59ac4495	Function	FUN_59ac4495	FUN_59ac4495	Global	DEFAULT	true	false	false
59ac45b1	Function	FUN_59ac45b1	FUN_59ac45b1	Global	DEFAULT	true	false	false
59ac45e6	Function	FUN_59ac45e6	FUN_59ac45e6	Global	DEFAULT	true	false	false
59ac46ad	Function	FUN_59ac46ad	FUN_59ac46ad	Global	DEFAULT	true	false	false
59ac46e4	Function	FUN_59ac46e4	FUN_59ac46e4	Global	DEFAULT	true	false	false
59ac4707	Function	FUN_59ac4707	FUN_59ac4707	Global	DEFAULT	true	false	false
59ac479a	Function	FUN_59ac479a	FUN_59ac479a	Global	DEFAULT	true	false	false
59ac47cd	Function	FUN_59ac47cd	FUN_59ac47cd	Global	DEFAULT	true	false	false
59ac4884	Function	FUN_59ac4884	FUN_59ac4884	Global	DEFAULT	true	false	false
59ac48cd	Function	FUN_59ac48cd	FUN_59ac48cd	Global	DEFAULT	true	false	false
59ac496c	Function	FUN_59ac496c	FUN_59ac496c	Global	DEFAULT	true	false	false
59ac49d5	Function	FUN_59ac49d5	FUN_59ac49d5	Global	DEFAULT	true	false	false
59ac4b12	Function	FUN_59ac4b12	FUN_59ac4b12	Global	DEFAULT	true	false	false
59ac4b38	Function	FUN_59ac4b38	FUN_59ac4b38	Global	DEFAULT	true	false	false
59ac4b75	Function	FUN_59ac4b75	FUN_59ac4b75	Global	DEFAULT	true	false	false
59ac4c17	Function	FUN_59ac4c17	FUN_59ac4c17	Global	DEFAULT	true	false	false
59ac4d77	Function	FUN_59ac4d77	FUN_59ac4d77	Global	DEFAULT	true	false	false
59ac4fe1	Function	FUN_59ac4fe1	FUN_59ac4fe1	Global	DEFAULT	true	false	false
59ac51f2	Function	FUN_59ac51f2	FUN_59ac51f2	Global	DEFAULT	true	false	false
59ac533a	Function	FUN_59ac533a	FUN_59ac533a	Global	DEFAULT	true	false	false
59ac555d	Function	FUN_59ac555d	FUN_59ac555d	Global	DEFAULT	true	false	false
59ac5669	Function	FUN_59ac5669	FUN_59ac5669	Global	DEFAULT	true	false	false
59ac5696	Function	FUN_59ac5696	FUN_59ac5696	Global	DEFAULT	true	false	false
59ac56a6	Function	OpenInStream	PDB::OpenInStream	PDB	ANALYSIS	true	false	false
59ac56a6	Label	?OpenInStream@PDB@@SAHPAUIStream@@PBDPAJPAGIPAPAU1@@Z	?OpenInStream@PDB@@SAHPAUIStream@@PBDPAJPAGIPAPAU1@@Z	Global	ANALYSIS	false	false	false
59ac59f1	Function	FUN_59ac59f1	FUN_59ac59f1	Global	DEFAULT	true	false	false
59ac5a19	Function	FUN_59ac5a19	FUN_59ac5a19	Global	DEFAULT	true	false	false
59ac5a3b	Function	FUN_59ac5a3b	FUN_59ac5a3b	Global	DEFAULT	true	false	false
59ac5a56	Label	caseD_800b	switchD_59ac5a6c::caseD_800b	switchD_59ac5a6c	ANALYSIS	true	false	false
59ac5a56	Label	caseD_8011	switchD_59ac5a6c::caseD_8011	switchD_59ac5a6c	ANALYSIS	false	false	false
59ac5a56	Label	caseD_8012	switchD_59ac5a6c::caseD_8012	switchD_59ac5a6c	ANALYSIS	false	false	false
59ac5a56	Label	caseD_8013	switchD_59ac5a6c::caseD_8013	switchD_59ac5a6c	ANALYSIS	false	false	false
59ac5a56	Label	caseD_8014	switchD_59ac5a6c::caseD_8014	switchD_59ac5a6c	ANALYSIS	false	false	false
59ac5a56	Label	caseD_8015	switchD_59ac5a6c::caseD_8015	switchD_59ac5a6c	ANALYSIS	false	false	false
59ac5a56	Label	caseD_8016	switchD_59ac5a6c::caseD_8016	switchD_59ac5a6c	ANALYSIS	false	false	false
59ac5a56	Label	caseD_8017	switchD_59ac5a6c::caseD_8017	switchD_59ac5a6c	ANALYSIS	false	false	false
59ac5a56	Label	caseD_8018	switchD_59ac5a6c::caseD_8018	switchD_59ac5a6c	ANALYSIS	false	false	false
59ac5a6c	Label	switchD	switchD_59ac5a6c::switchD	switchD_59ac5a6c	ANALYSIS	true	false	false
59ac5a73	Label	caseD_8000	switchD_59ac5a6c::caseD_8000	switchD_59ac5a6c	ANALYSIS	true	false	false
59ac5a7c	Label	caseD_8001	switchD_59ac5a6c::caseD_8001	switchD_59ac5a6c	ANALYSIS	true	false	false
59ac5a81	Label	caseD_8002	switchD_59ac5a6c::caseD_8002	switchD_59ac5a6c	ANALYSIS	true	false	false
59ac5a8a	Label	caseD_8003	switchD_59ac5a6c::caseD_8003	switchD_59ac5a6c	ANALYSIS	true	false	false
59ac5a8a	Label	caseD_8004	switchD_59ac5a6c::caseD_8004	switchD_59ac5a6c	ANALYSIS	false	false	false
59ac5a8e	Label	caseD_8005	switchD_59ac5a6c::caseD_8005	switchD_59ac5a6c	ANALYSIS	true	false	false
59ac5a92	Label	caseD_8007	switchD_59ac5a6c::caseD_8007	switchD_59ac5a6c	ANALYSIS	true	false	false
59ac5a96	Label	caseD_800e	switchD_59ac5a6c::caseD_800e	switchD_59ac5a6c	ANALYSIS	true	false	false
59ac5a9a	Label	caseD_800f	switchD_59ac5a6c::caseD_800f	switchD_59ac5a6c	ANALYSIS	true	false	false
59ac5a9e	Label	caseD_8010	switchD_59ac5a6c::caseD_8010	switchD_59ac5a6c	ANALYSIS	true	false	false
59ac5aa5	Label	caseD_8008	switchD_59ac5a6c::caseD_8008	switchD_59ac5a6c	ANALYSIS	true	false	false
59ac5aa5	Label	caseD_800d	switchD_59ac5a6c::caseD_800d	switchD_59ac5a6c	ANALYSIS	false	false	false
59ac5aa5	Label	caseD_8019	switchD_59ac5a6c::caseD_8019	switchD_59ac5a6c	ANALYSIS	false	false	false
59ac5aa9	Label	caseD_8006	switchD_59ac5a6c::caseD_8006	switchD_59ac5a6c	ANALYSIS	true	false	false
59ac5aa9	Label	caseD_8009	switchD_59ac5a6c::caseD_8009	switchD_59ac5a6c	ANALYSIS	false	false	false
59ac5aa9	Label	caseD_800a	switchD_59ac5a6c::caseD_800a	switchD_59ac5a6c	ANALYSIS	false	false	false
59ac5aa9	Label	caseD_800c	switchD_59ac5a6c::caseD_800c	switchD_59ac5a6c	ANALYSIS	false	false	false
59ac5aa9	Label	caseD_801a	switchD_59ac5a6c::caseD_801a	switchD_59ac5a6c	ANALYSIS	false	false	false
59ac5aad	Label	caseD_801b	switchD_59ac5a6c::caseD_801b	switchD_59ac5a6c	ANALYSIS	true	false	false
59ac5abd	Label	switchdataD_59ac5abd	switchD_59ac5a6c::switchdataD_59ac5abd	switchD_59ac5a6c	ANALYSIS	true	false	false
59ac5af1	Label	switchdataD_59ac5af1	switchD_59ac5a6c::switchdataD_59ac5af1	switchD_59ac5a6c	ANALYSIS	true	false	false
59ac5b12	Function	FUN_59ac5b12	FUN_59ac5b12	Global	DEFAULT	true	false	false
59ac5bcb	Function	FUN_59ac5bcb	FUN_59ac5bcb	Global	DEFAULT	true	false	false
59ac5c88	Label	switchD	switchD_59ac5c88::switchD	switchD_59ac5c88	ANALYSIS	true	false	false
59ac5c8f	Label	caseD_1005	switchD_59ac5c88::caseD_1005	switchD_59ac5c88	ANALYSIS	true	false	false
59ac5c8f	Label	caseD_1014	switchD_59ac5cd6::caseD_1014	switchD_59ac5cd6	ANALYSIS	false	false	false
59ac5c95	Label	caseD_1004	switchD_59ac5c88::caseD_1004	switchD_59ac5c88	ANALYSIS	true	false	false
59ac5c9b	Label	caseD_1006	switchD_59ac5c88::caseD_1006	switchD_59ac5c88	ANALYSIS	true	false	false
59ac5ca1	Label	caseD_1007	switchD_59ac5c88::caseD_1007	switchD_59ac5c88	ANALYSIS	true	false	false
59ac5ca7	Label	caseD_1008	switchD_59ac5c88::caseD_1008	switchD_59ac5c88	ANALYSIS	true	false	false
59ac5cad	Label	caseD_1009	switchD_59ac5c88::caseD_1009	switchD_59ac5c88	ANALYSIS	true	false	false
59ac5cb3	Label	caseD_100b	switchD_59ac5c88::caseD_100b	switchD_59ac5c88	ANALYSIS	true	false	false
59ac5cb9	Label	caseD_100a	switchD_59ac5c88::caseD_100a	switchD_59ac5c88	ANALYSIS	true	false	false
59ac5cbf	Label	caseD_100d	switchD_59ac5c88::caseD_100d	switchD_59ac5c88	ANALYSIS	true	false	false
59ac5cd6	Label	switchD	switchD_59ac5cd6::switchD	switchD_59ac5cd6	ANALYSIS	true	false	false
59ac5cdd	Label	caseD_1013	switchD_59ac5cd6::caseD_1013	switchD_59ac5cd6	ANALYSIS	true	false	false
59ac5ce3	Label	caseD_100f	switchD_59ac5cd6::caseD_100f	switchD_59ac5cd6	ANALYSIS	true	false	false
59ac5ce9	Label	caseD_1011	switchD_59ac5cd6::caseD_1011	switchD_59ac5cd6	ANALYSIS	true	false	false
59ac5cef	Label	caseD_1010	switchD_59ac5cd6::caseD_1010	switchD_59ac5cd6	ANALYSIS	true	false	false
59ac5cf5	Label	caseD_1017	switchD_59ac5cd6::caseD_1017	switchD_59ac5cd6	ANALYSIS	true	false	false
59ac5cfb	Label	caseD_1018	switchD_59ac5cd6::caseD_1018	switchD_59ac5cd6	ANALYSIS	true	false	false
59ac5d01	Label	caseD_1016	switchD_59ac5cd6::caseD_1016	switchD_59ac5cd6	ANALYSIS	true	false	false
59ac5d07	Label	caseD_1015	switchD_59ac5cd6::caseD_1015	switchD_59ac5cd6	ANALYSIS	true	false	false
59ac5d0d	Label	caseD_101a	switchD_59ac5cd6::caseD_101a	switchD_59ac5cd6	ANALYSIS	true	false	false
59ac5d13	Label	caseD_101b	switchD_59ac5cd6::caseD_101b	switchD_59ac5cd6	ANALYSIS	true	false	false
59ac5d19	Label	caseD_1020	switchD_59ac5cd6::caseD_1020	switchD_59ac5cd6	ANALYSIS	true	false	false
59ac5d1f	Label	caseD_1021	switchD_59ac5cd6::caseD_1021	switchD_59ac5cd6	ANALYSIS	true	false	false
59ac5d25	Label	caseD_1022	switchD_59ac5cd6::caseD_1022	switchD_59ac5cd6	ANALYSIS	true	false	false
59ac5d2b	Label	caseD_1023	switchD_59ac5cd6::caseD_1023	switchD_59ac5cd6	ANALYSIS	true	false	false
59ac5d31	Label	caseD_1024	switchD_59ac5cd6::caseD_1024	switchD_59ac5cd6	ANALYSIS	true	false	false
59ac5d37	Label	caseD_1025	switchD_59ac5cd6::caseD_1025	switchD_59ac5cd6	ANALYSIS	true	false	false
59ac5d3d	Label	caseD_1026	switchD_59ac5cd6::caseD_1026	switchD_59ac5cd6	ANALYSIS	true	false	false
59ac5d43	Label	caseD_1027	switchD_59ac5cd6::caseD_1027	switchD_59ac5cd6	ANALYSIS	true	false	false
59ac5d49	Label	caseD_1029	switchD_59ac5cd6::caseD_1029	switchD_59ac5cd6	ANALYSIS	true	false	false
59ac5d4e	Label	caseD_100c	switchD_59ac5c88::caseD_100c	switchD_59ac5c88	ANALYSIS	true	false	false
59ac5d4e	Label	caseD_1012	switchD_59ac5cd6::caseD_1012	switchD_59ac5cd6	ANALYSIS	false	false	false
59ac5d4e	Label	caseD_1019	switchD_59ac5cd6::caseD_1019	switchD_59ac5cd6	ANALYSIS	false	false	false
59ac5d4e	Label	caseD_101c	switchD_59ac5cd6::caseD_101c	switchD_59ac5cd6	ANALYSIS	false	false	false
59ac5d4e	Label	caseD_101d	switchD_59ac5cd6::caseD_101d	switchD_59ac5cd6	ANALYSIS	false	false	false
59ac5d4e	Label	caseD_101e	switchD_59ac5cd6::caseD_101e	switchD_59ac5cd6	ANALYSIS	false	false	false
59ac5d4e	Label	caseD_101f	switchD_59ac5cd6::caseD_101f	switchD_59ac5cd6	ANALYSIS	false	false	false
59ac5d4e	Label	caseD_1028	switchD_59ac5cd6::caseD_1028	switchD_59ac5cd6	ANALYSIS	false	false	false
59ac5d4f	Label	switchdataD_59ac5d4f	switchD_59ac5c88::switchdataD_59ac5d4f	switchD_59ac5c88	ANALYSIS	true	false	false
59ac5d77	Label	switchdataD_59ac5d77	switchD_59ac5cd6::switchdataD_59ac5d77	switchD_59ac5cd6	ANALYSIS	true	false	false
59ac5de8	Function	FUN_59ac5de8	FUN_59ac5de8	Global	DEFAULT	true	false	false
59ac5e18	Function	FUN_59ac5e18	FUN_59ac5e18	Global	DEFAULT	true	false	false
59ac5e40	Function	FUN_59ac5e40	FUN_59ac5e40	Global	DEFAULT	true	false	false
59ac5e61	Function	FUN_59ac5e61	FUN_59ac5e61	Global	DEFAULT	true	false	false
59ac5e7f	Function	FUN_59ac5e7f	FUN_59ac5e7f	Global	DEFAULT	true	false	false
59ac5f27	Function	FUN_59ac5f27	FUN_59ac5f27	Global	DEFAULT	true	false	false
59ac6071	Function	FUN_59ac6071	FUN_59ac6071	Global	DEFAULT	true	false	false
59ac6101	Function	FUN_59ac6101	FUN_59ac6101	Global	DEFAULT	true	false	false
59ac61dc	Function	FUN_59ac61dc	FUN_59ac61dc	Global	DEFAULT	true	false	false
59ac6213	Function	FUN_59ac6213	FUN_59ac6213	Global	DEFAULT	true	false	false
59ac6244	Function	FUN_59ac6244	FUN_59ac6244	Global	DEFAULT	true	false	false
59ac6305	Function	FUN_59ac6305	FUN_59ac6305	Global	DEFAULT	true	false	false
59ac634e	Function	FUN_59ac634e	FUN_59ac634e	Global	DEFAULT	true	false	false
59ac654b	Function	FUN_59ac654b	FUN_59ac654b	Global	DEFAULT	true	false	false
59ac65d5	Function	FUN_59ac65d5	FUN_59ac65d5	Global	DEFAULT	true	false	false
59ac66af	Function	FUN_59ac66af	FUN_59ac66af	Global	DEFAULT	true	false	false
59ac6751	Function	FUN_59ac6751	FUN_59ac6751	Global	DEFAULT	true	false	false
59ac67bd	Function	FUN_59ac67bd	FUN_59ac67bd	Global	DEFAULT	true	false	false
59ac67eb	Function	FUN_59ac67eb	FUN_59ac67eb	Global	DEFAULT	true	false	false
59ac680b	Function	FUN_59ac680b	FUN_59ac680b	Global	DEFAULT	true	false	false
59ac683e	Function	FUN_59ac683e	FUN_59ac683e	Global	DEFAULT	true	false	false
59ac685a	Label	switchD	switchD_59ac685a::switchD	switchD_59ac685a	ANALYSIS	true	false	false
59ac6861	Label	caseD_0	switchD_59ac685a::caseD_0	switchD_59ac685a	ANALYSIS	true	false	false
59ac686e	Label	caseD_7	switchD_59ac685a::caseD_7	switchD_59ac685a	ANALYSIS	true	false	false
59ac6871	Label	caseD_6	switchD_59ac685a::caseD_6	switchD_59ac685a	ANALYSIS	true	false	false
59ac6874	Label	caseD_5	switchD_59ac685a::caseD_5	switchD_59ac685a	ANALYSIS	true	false	false
59ac6877	Label	caseD_4	switchD_59ac685a::caseD_4	switchD_59ac685a	ANALYSIS	true	false	false
59ac687a	Label	caseD_3	switchD_59ac685a::caseD_3	switchD_59ac685a	ANALYSIS	true	false	false
59ac687d	Label	caseD_2	switchD_59ac685a::caseD_2	switchD_59ac685a	ANALYSIS	true	false	false
59ac6880	Label	caseD_1	switchD_59ac685a::caseD_1	switchD_59ac685a	ANALYSIS	true	false	false
59ac6884	Label	default	switchD_59ac685a::default	switchD_59ac685a	ANALYSIS	true	false	false
59ac68bd	Label	switchdataD_59ac68bd	switchD_59ac685a::switchdataD_59ac68bd	switchD_59ac685a	ANALYSIS	true	false	false
59ac68e2	Function	FUN_59ac68e2	FUN_59ac68e2	Global	DEFAULT	true	false	false
59ac691a	Function	FUN_59ac691a	FUN_59ac691a	Global	DEFAULT	true	false	false
59ac694c	Function	FUN_59ac694c	FUN_59ac694c	Global	DEFAULT	true	false	false
59ac6a59	Function	FUN_59ac6a59	FUN_59ac6a59	Global	DEFAULT	true	false	false
59ac6aa5	Function	FUN_59ac6aa5	FUN_59ac6aa5	Global	DEFAULT	true	false	false
59ac6aca	Function	FUN_59ac6aca	FUN_59ac6aca	Global	DEFAULT	true	false	false
59ac6b17	Function	FUN_59ac6b17	FUN_59ac6b17	Global	DEFAULT	true	false	false
59ac6b91	Function	FUN_59ac6b91	FUN_59ac6b91	Global	DEFAULT	true	false	false
59ac6c0b	Function	FUN_59ac6c0b	FUN_59ac6c0b	Global	DEFAULT	true	false	false
59ac6c60	Function	FUN_59ac6c60	FUN_59ac6c60	Global	DEFAULT	true	false	false
59ac6ca3	Function	FUN_59ac6ca3	FUN_59ac6ca3	Global	DEFAULT	true	false	false
59ac6ce4	Function	FUN_59ac6ce4	FUN_59ac6ce4	Global	DEFAULT	true	false	false
59ac6d74	Function	FUN_59ac6d74	FUN_59ac6d74	Global	DEFAULT	true	false	false
59ac6de1	Function	FUN_59ac6de1	FUN_59ac6de1	Global	DEFAULT	true	false	false
59ac6e17	Function	FUN_59ac6e17	FUN_59ac6e17	Global	DEFAULT	true	false	false
59ac6e53	Function	FUN_59ac6e53	FUN_59ac6e53	Global	DEFAULT	true	false	false
59ac6ecb	Function	FUN_59ac6ecb	FUN_59ac6ecb	Global	DEFAULT	true	false	false
59ac6ef8	Function	FUN_59ac6ef8	FUN_59ac6ef8	Global	DEFAULT	true	false	false
59ac6f3d	Function	FUN_59ac6f3d	FUN_59ac6f3d	Global	DEFAULT	true	false	false
59ac6f64	Function	FUN_59ac6f64	FUN_59ac6f64	Global	DEFAULT	true	false	false
59ac6f86	Function	FUN_59ac6f86	FUN_59ac6f86	Global	DEFAULT	true	false	false
59ac7003	Function	FUN_59ac7003	FUN_59ac7003	Global	DEFAULT	true	false	false
59ac7058	Function	FUN_59ac7058	FUN_59ac7058	Global	DEFAULT	true	false	false
59ac71cb	Function	FUN_59ac71cb	FUN_59ac71cb	Global	DEFAULT	true	false	false
59ac7203	Function	FUN_59ac7203	FUN_59ac7203	Global	DEFAULT	true	false	false
59ac7247	Function	FUN_59ac7247	FUN_59ac7247	Global	DEFAULT	true	false	false
59ac72c1	Function	FUN_59ac72c1	FUN_59ac72c1	Global	DEFAULT	true	false	false
59ac73ae	Function	FUN_59ac73ae	FUN_59ac73ae	Global	DEFAULT	true	false	false
59ac73d9	Function	FUN_59ac73d9	FUN_59ac73d9	Global	DEFAULT	true	false	false
59ac740d	Function	FUN_59ac740d	FUN_59ac740d	Global	DEFAULT	true	false	false
59ac7465	Function	FUN_59ac7465	FUN_59ac7465	Global	DEFAULT	true	false	false
59ac74ce	Function	FUN_59ac74ce	FUN_59ac74ce	Global	DEFAULT	true	false	false
59ac74e8	Function	FUN_59ac74e8	FUN_59ac74e8	Global	DEFAULT	true	false	false
59ac7551	Function	FUN_59ac7551	FUN_59ac7551	Global	DEFAULT	true	false	false
59ac75ba	Function	FUN_59ac75ba	FUN_59ac75ba	Global	DEFAULT	true	false	false
59ac7671	Function	FUN_59ac7671	FUN_59ac7671	Global	DEFAULT	true	false	false
59ac7728	Function	FUN_59ac7728	FUN_59ac7728	Global	DEFAULT	true	false	false
59ac775f	Function	FUN_59ac775f	FUN_59ac775f	Global	DEFAULT	true	false	false
59ac7816	Function	FUN_59ac7816	FUN_59ac7816	Global	DEFAULT	true	false	false
59ac78a0	Function	FUN_59ac78a0	FUN_59ac78a0	Global	DEFAULT	true	false	false
59ac7902	Function	FUN_59ac7902	FUN_59ac7902	Global	DEFAULT	true	false	false
59ac7931	Function	FUN_59ac7931	FUN_59ac7931	Global	DEFAULT	true	false	false
59ac7959	Function	FUN_59ac7959	FUN_59ac7959	Global	DEFAULT	true	false	false
59ac7990	Function	FUN_59ac7990	FUN_59ac7990	Global	DEFAULT	true	false	false
59ac79c7	Function	FUN_59ac79c7	FUN_59ac79c7	Global	DEFAULT	true	false	false
59ac7a11	Function	FUN_59ac7a11	FUN_59ac7a11	Global	DEFAULT	true	false	false
59ac7aae	Function	FUN_59ac7aae	FUN_59ac7aae	Global	DEFAULT	true	false	false
59ac7b69	Function	FUN_59ac7b69	FUN_59ac7b69	Global	DEFAULT	true	false	false
59ac7bbd	Function	FUN_59ac7bbd	FUN_59ac7bbd	Global	DEFAULT	true	false	false
59ac7be0	Function	FUN_59ac7be0	FUN_59ac7be0	Global	DEFAULT	true	false	false
59ac7cad	Function	FUN_59ac7cad	FUN_59ac7cad	Global	DEFAULT	true	false	false
59ac7d02	Function	FUN_59ac7d02	FUN_59ac7d02	Global	DEFAULT	true	false	false
59ac7f15	Function	FUN_59ac7f15	FUN_59ac7f15	Global	DEFAULT	true	false	false
59ac7f9c	Function	FUN_59ac7f9c	FUN_59ac7f9c	Global	DEFAULT	true	false	false
59ac8262	Function	FUN_59ac8262	FUN_59ac8262	Global	DEFAULT	true	false	false
59ac82f3	Function	FUN_59ac82f3	FUN_59ac82f3	Global	DEFAULT	true	false	false
59ac83c1	Function	FUN_59ac83c1	FUN_59ac83c1	Global	DEFAULT	true	false	false
59ac842b	Function	FUN_59ac842b	FUN_59ac842b	Global	DEFAULT	true	false	false
59ac8475	Function	FUN_59ac8475	FUN_59ac8475	Global	DEFAULT	true	false	false
59ac84e3	Function	FUN_59ac84e3	FUN_59ac84e3	Global	DEFAULT	true	false	false
59ac852c	Function	FUN_59ac852c	FUN_59ac852c	Global	DEFAULT	true	false	false
59ac8534	Function	FUN_59ac8534	FUN_59ac8534	Global	DEFAULT	true	false	false
59ac8540	Function	FUN_59ac8540	FUN_59ac8540	Global	DEFAULT	true	false	false
59ac8552	Function	FUN_59ac8552	FUN_59ac8552	Global	DEFAULT	true	false	false
59ac8564	Function	FUN_59ac8564	FUN_59ac8564	Global	DEFAULT	true	false	false
59ac856d	Function	FUN_59ac856d	FUN_59ac856d	Global	DEFAULT	true	false	false
59ac8580	Function	FUN_59ac8580	FUN_59ac8580	Global	DEFAULT	true	false	false
59ac861d	Function	FUN_59ac861d	FUN_59ac861d	Global	DEFAULT	true	false	false
59ac8641	Function	FUN_59ac8641	FUN_59ac8641	Global	DEFAULT	true	false	false
59ac8661	Function	FUN_59ac8661	FUN_59ac8661	Global	DEFAULT	true	false	false
59ac86bc	Function	FUN_59ac86bc	FUN_59ac86bc	Global	DEFAULT	true	false	false
59ac8909	Function	FUN_59ac8909	FUN_59ac8909	Global	DEFAULT	true	false	false
59ac891d	Function	FUN_59ac891d	FUN_59ac891d	Global	DEFAULT	true	false	false
59ac8931	Function	FUN_59ac8931	FUN_59ac8931	Global	DEFAULT	true	false	false
59ac8996	Function	FUN_59ac8996	FUN_59ac8996	Global	DEFAULT	true	false	false
59ac8b1b	Function	FUN_59ac8b1b	FUN_59ac8b1b	Global	DEFAULT	true	false	false
59ac8be0	Function	FUN_59ac8be0	FUN_59ac8be0	Global	DEFAULT	true	false	false
59ac8c33	Function	FUN_59ac8c33	FUN_59ac8c33	Global	DEFAULT	true	false	false
59ac8d92	Function	FUN_59ac8d92	FUN_59ac8d92	Global	DEFAULT	true	false	false
59ac8dd6	Function	FUN_59ac8dd6	FUN_59ac8dd6	Global	DEFAULT	true	false	false
59ac8e1a	Function	FUN_59ac8e1a	FUN_59ac8e1a	Global	DEFAULT	true	false	false
59ac8e5e	Function	FUN_59ac8e5e	FUN_59ac8e5e	Global	DEFAULT	true	false	false
59ac8ea2	Function	FUN_59ac8ea2	FUN_59ac8ea2	Global	DEFAULT	true	false	false
59ac8ee6	Function	FUN_59ac8ee6	FUN_59ac8ee6	Global	DEFAULT	true	false	false
59ac8f2a	Function	FUN_59ac8f2a	FUN_59ac8f2a	Global	DEFAULT	true	false	false
59ac8f9b	Function	FUN_59ac8f9b	FUN_59ac8f9b	Global	DEFAULT	true	false	false
59ac8fe1	Function	FUN_59ac8fe1	FUN_59ac8fe1	Global	DEFAULT	true	false	false
59ac9022	Function	FUN_59ac9022	FUN_59ac9022	Global	DEFAULT	true	false	false
59ac906c	Function	FUN_59ac906c	FUN_59ac906c	Global	DEFAULT	true	false	false
59ac90b6	Function	FUN_59ac90b6	FUN_59ac90b6	Global	DEFAULT	true	false	false
59ac9245	Function	FUN_59ac9245	FUN_59ac9245	Global	DEFAULT	true	false	false
59ac93dc	Function	FUN_59ac93dc	FUN_59ac93dc	Global	DEFAULT	true	false	false
59ac945b	Function	FUN_59ac945b	FUN_59ac945b	Global	DEFAULT	true	false	false
59ac954a	Function	FUN_59ac954a	FUN_59ac954a	Global	DEFAULT	true	false	false
59ac98d6	Function	FUN_59ac98d6	FUN_59ac98d6	Global	DEFAULT	true	false	false
59ac9959	Function	FUN_59ac9959	FUN_59ac9959	Global	DEFAULT	true	false	false
59ac9a04	Function	FUN_59ac9a04	FUN_59ac9a04	Global	DEFAULT	true	false	false
59ac9aef	Function	FUN_59ac9aef	FUN_59ac9aef	Global	DEFAULT	true	false	false
59ac9b75	Function	FUN_59ac9b75	FUN_59ac9b75	Global	DEFAULT	true	false	false
59ac9cd7	Function	FUN_59ac9cd7	FUN_59ac9cd7	Global	DEFAULT	true	false	false
59ac9e39	Function	FUN_59ac9e39	FUN_59ac9e39	Global	DEFAULT	true	false	false
59ac9f3c	Function	FUN_59ac9f3c	FUN_59ac9f3c	Global	DEFAULT	true	false	false
59ac9f86	Function	FUN_59ac9f86	FUN_59ac9f86	Global	DEFAULT	true	false	false
59aca076	Function	FUN_59aca076	FUN_59aca076	Global	DEFAULT	true	false	false
59aca0c0	Function	FUN_59aca0c0	FUN_59aca0c0	Global	DEFAULT	true	false	false
59aca164	Function	FUN_59aca164	FUN_59aca164	Global	DEFAULT	true	false	false
59aca373	Function	FUN_59aca373	FUN_59aca373	Global	DEFAULT	true	false	false
59aca3a2	Function	FUN_59aca3a2	FUN_59aca3a2	Global	DEFAULT	true	false	false
59aca3d0	Function	FUN_59aca3d0	FUN_59aca3d0	Global	DEFAULT	true	false	false
59aca3ec	Function	FUN_59aca3ec	FUN_59aca3ec	Global	DEFAULT	true	false	false
59aca43c	Function	FUN_59aca43c	FUN_59aca43c	Global	DEFAULT	true	false	false
59aca525	Function	FUN_59aca525	FUN_59aca525	Global	DEFAULT	true	false	false
59aca53e	Function	FUN_59aca53e	FUN_59aca53e	Global	DEFAULT	true	false	false
59aca56c	Function	FUN_59aca56c	FUN_59aca56c	Global	DEFAULT	true	false	false
59aca5a7	Function	FUN_59aca5a7	FUN_59aca5a7	Global	DEFAULT	true	false	false
59aca5ca	Function	FUN_59aca5ca	FUN_59aca5ca	Global	DEFAULT	true	false	false
59aca679	Function	FUN_59aca679	FUN_59aca679	Global	DEFAULT	true	false	false
59aca7ae	Function	FUN_59aca7ae	FUN_59aca7ae	Global	DEFAULT	true	false	false
59aca7d8	Function	FUN_59aca7d8	FUN_59aca7d8	Global	DEFAULT	true	false	false
59aca812	Function	FUN_59aca812	FUN_59aca812	Global	DEFAULT	true	false	false
59aca835	Function	FUN_59aca835	FUN_59aca835	Global	DEFAULT	true	false	false
59aca88c	Function	FUN_59aca88c	FUN_59aca88c	Global	DEFAULT	true	false	false
59aca8c7	Function	FUN_59aca8c7	FUN_59aca8c7	Global	DEFAULT	true	false	false
59aca908	Function	FUN_59aca908	FUN_59aca908	Global	DEFAULT	true	false	false
59aca943	Function	FUN_59aca943	FUN_59aca943	Global	DEFAULT	true	false	false
59aca966	Function	FUN_59aca966	FUN_59aca966	Global	DEFAULT	true	false	false
59aca988	Function	FUN_59aca988	FUN_59aca988	Global	DEFAULT	true	false	false
59acaa27	Function	FUN_59acaa27	FUN_59acaa27	Global	DEFAULT	true	false	false
59acab4d	Function	FUN_59acab4d	FUN_59acab4d	Global	DEFAULT	true	false	false
59acab6a	Function	FUN_59acab6a	FUN_59acab6a	Global	DEFAULT	true	false	false
59acabde	Function	FUN_59acabde	FUN_59acabde	Global	DEFAULT	true	false	false
59acac3f	Function	FUN_59acac3f	FUN_59acac3f	Global	DEFAULT	true	false	false
59acac9c	Function	FUN_59acac9c	FUN_59acac9c	Global	DEFAULT	true	false	false
59acacd2	Function	FUN_59acacd2	FUN_59acacd2	Global	DEFAULT	true	false	false
59acad0c	Function	FUN_59acad0c	FUN_59acad0c	Global	DEFAULT	true	false	false
59acad26	Function	FUN_59acad26	FUN_59acad26	Global	DEFAULT	true	false	false
59acad54	Function	FUN_59acad54	FUN_59acad54	Global	DEFAULT	true	false	false
59acad7e	Function	FUN_59acad7e	FUN_59acad7e	Global	DEFAULT	true	false	false
59acadaa	Function	FUN_59acadaa	FUN_59acadaa	Global	DEFAULT	true	false	false
59acadd1	Function	FUN_59acadd1	FUN_59acadd1	Global	DEFAULT	true	false	false
59acae12	Function	FUN_59acae12	FUN_59acae12	Global	DEFAULT	true	false	false
59acae35	Function	FUN_59acae35	FUN_59acae35	Global	DEFAULT	true	false	false
59acae64	Function	FUN_59acae64	FUN_59acae64	Global	DEFAULT	true	false	false
59acae89	Function	FUN_59acae89	FUN_59acae89	Global	DEFAULT	true	false	false
59acaeab	Function	FUN_59acaeab	FUN_59acaeab	Global	DEFAULT	true	false	false
59acaf1e	Function	FUN_59acaf1e	FUN_59acaf1e	Global	DEFAULT	true	false	false
59acaf46	Function	FUN_59acaf46	FUN_59acaf46	Global	DEFAULT	true	false	false
59acaf69	Function	FUN_59acaf69	FUN_59acaf69	Global	DEFAULT	true	false	false
59acafac	Function	FUN_59acafac	FUN_59acafac	Global	DEFAULT	true	false	false
59acafcf	Function	FUN_59acafcf	FUN_59acafcf	Global	DEFAULT	true	false	false
59acafff	Function	FUN_59acafff	FUN_59acafff	Global	DEFAULT	true	false	false
59acb02f	Function	FUN_59acb02f	FUN_59acb02f	Global	DEFAULT	true	false	false
59acb0ce	Function	FUN_59acb0ce	FUN_59acb0ce	Global	DEFAULT	true	false	false
59acb106	Function	FUN_59acb106	FUN_59acb106	Global	DEFAULT	true	false	false
59acb127	Function	FUN_59acb127	FUN_59acb127	Global	DEFAULT	true	false	false
59acb188	Function	FUN_59acb188	FUN_59acb188	Global	DEFAULT	true	false	false
59acb1ff	Function	FUN_59acb1ff	FUN_59acb1ff	Global	DEFAULT	true	false	false
59acb281	Function	FUN_59acb281	FUN_59acb281	Global	DEFAULT	true	false	false
59acb30b	Function	FUN_59acb30b	FUN_59acb30b	Global	DEFAULT	true	false	false
59acb359	Function	FUN_59acb359	FUN_59acb359	Global	DEFAULT	true	false	false
59acb3f6	Function	FUN_59acb3f6	FUN_59acb3f6	Global	DEFAULT	true	false	false
59acb427	Function	FUN_59acb427	FUN_59acb427	Global	DEFAULT	true	false	false
59acb453	Function	FUN_59acb453	FUN_59acb453	Global	DEFAULT	true	false	false
59acb597	Function	FUN_59acb597	FUN_59acb597	Global	DEFAULT	true	false	false
59acb615	Function	FUN_59acb615	FUN_59acb615	Global	DEFAULT	true	false	false
59acb6b1	Function	FUN_59acb6b1	FUN_59acb6b1	Global	DEFAULT	true	false	false
59acb720	Function	FUN_59acb720	FUN_59acb720	Global	DEFAULT	true	false	false
59acb86c	Function	FUN_59acb86c	FUN_59acb86c	Global	DEFAULT	true	false	false
59acb920	Function	FUN_59acb920	FUN_59acb920	Global	DEFAULT	true	false	false
59acb94b	Function	FUN_59acb94b	FUN_59acb94b	Global	DEFAULT	true	false	false
59acb9a7	Function	FUN_59acb9a7	FUN_59acb9a7	Global	DEFAULT	true	false	false
59acbae0	Function	FUN_59acbae0	FUN_59acbae0	Global	DEFAULT	true	false	false
59acbb36	Function	FUN_59acbb36	FUN_59acbb36	Global	DEFAULT	true	false	false
59acbb87	Function	FUN_59acbb87	FUN_59acbb87	Global	DEFAULT	true	false	false
59acbc24	Function	FUN_59acbc24	FUN_59acbc24	Global	DEFAULT	true	false	false
59acbc80	Function	FUN_59acbc80	FUN_59acbc80	Global	DEFAULT	true	false	false
59acbdf0	Function	FUN_59acbdf0	FUN_59acbdf0	Global	DEFAULT	true	false	false
59acbe94	Function	FUN_59acbe94	FUN_59acbe94	Global	DEFAULT	true	false	false
59acbeb7	Function	FUN_59acbeb7	FUN_59acbeb7	Global	DEFAULT	true	false	false
59acbf3a	Function	FUN_59acbf3a	FUN_59acbf3a	Global	DEFAULT	true	false	false
59acc0dc	Function	FUN_59acc0dc	FUN_59acc0dc	Global	DEFAULT	true	false	false
59acc0fc	Function	FUN_59acc0fc	FUN_59acc0fc	Global	DEFAULT	true	false	false
59acc138	Function	FUN_59acc138	FUN_59acc138	Global	DEFAULT	true	false	false
59acc173	Function	FUN_59acc173	FUN_59acc173	Global	DEFAULT	true	false	false
59acc20d	Function	FUN_59acc20d	FUN_59acc20d	Global	DEFAULT	true	false	false
59acc305	Function	FUN_59acc305	FUN_59acc305	Global	DEFAULT	true	false	false
59acc35a	Function	FUN_59acc35a	FUN_59acc35a	Global	DEFAULT	true	false	false
59acc382	Function	FUN_59acc382	FUN_59acc382	Global	DEFAULT	true	false	false
59acc3bb	Function	FUN_59acc3bb	FUN_59acc3bb	Global	DEFAULT	true	false	false
59acc3ed	Function	FUN_59acc3ed	FUN_59acc3ed	Global	DEFAULT	true	false	false
59acc424	Function	FUN_59acc424	FUN_59acc424	Global	DEFAULT	true	false	false
59acc455	Function	FUN_59acc455	FUN_59acc455	Global	DEFAULT	true	false	false
59acc487	Function	FUN_59acc487	FUN_59acc487	Global	DEFAULT	true	false	false
59acc4e7	Function	FUN_59acc4e7	FUN_59acc4e7	Global	DEFAULT	true	false	false
59acc66a	Function	FUN_59acc66a	FUN_59acc66a	Global	DEFAULT	true	false	false
59acc949	Function	FUN_59acc949	FUN_59acc949	Global	DEFAULT	true	false	false
59accb89	Function	FUN_59accb89	FUN_59accb89	Global	DEFAULT	true	false	false
59accc34	Function	FUN_59accc34	FUN_59accc34	Global	DEFAULT	true	false	false
59acce2c	Function	FUN_59acce2c	FUN_59acce2c	Global	DEFAULT	true	false	false
59acd264	Function	FUN_59acd264	FUN_59acd264	Global	DEFAULT	true	false	false
59acd32a	Function	FUN_59acd32a	FUN_59acd32a	Global	DEFAULT	true	false	false
59acd3fa	Function	FUN_59acd3fa	FUN_59acd3fa	Global	DEFAULT	true	false	false
59acd504	Function	FUN_59acd504	FUN_59acd504	Global	DEFAULT	true	false	false
59acd68f	Function	FUN_59acd68f	FUN_59acd68f	Global	DEFAULT	true	false	false
59acd897	Function	FUN_59acd897	FUN_59acd897	Global	DEFAULT	true	false	false
59acd9c6	Function	FUN_59acd9c6	FUN_59acd9c6	Global	DEFAULT	true	false	false
59acdaeb	Function	FUN_59acdaeb	FUN_59acdaeb	Global	DEFAULT	true	false	false
59acdc62	Function	FUN_59acdc62	FUN_59acdc62	Global	DEFAULT	true	false	false
59acdcca	Function	FUN_59acdcca	FUN_59acdcca	Global	DEFAULT	true	false	false
59acdd6e	Function	FUN_59acdd6e	FUN_59acdd6e	Global	DEFAULT	true	false	false
59acdff5	Function	FUN_59acdff5	FUN_59acdff5	Global	DEFAULT	true	false	false
59ace032	Function	FUN_59ace032	FUN_59ace032	Global	DEFAULT	true	false	false
59ace179	Function	FUN_59ace179	FUN_59ace179	Global	DEFAULT	true	false	false
59ace2c8	Function	FUN_59ace2c8	FUN_59ace2c8	Global	DEFAULT	true	false	false
59ace324	Function	FUN_59ace324	FUN_59ace324	Global	DEFAULT	true	false	false
59ace37f	Function	FUN_59ace37f	FUN_59ace37f	Global	DEFAULT	true	false	false
59ace5b5	Function	FUN_59ace5b5	FUN_59ace5b5	Global	DEFAULT	true	false	false
59ace635	Function	FUN_59ace635	FUN_59ace635	Global	DEFAULT	true	false	false
59ace6af	Function	FUN_59ace6af	FUN_59ace6af	Global	DEFAULT	true	false	false
59ace6da	Function	FUN_59ace6da	FUN_59ace6da	Global	DEFAULT	true	false	false
59ace7a9	Function	FUN_59ace7a9	FUN_59ace7a9	Global	DEFAULT	true	false	false
59ace80d	Function	FUN_59ace80d	FUN_59ace80d	Global	DEFAULT	true	false	false
59ace836	Function	FUN_59ace836	FUN_59ace836	Global	DEFAULT	true	false	false
59ace86d	Function	FUN_59ace86d	FUN_59ace86d	Global	DEFAULT	true	false	false
59acea0d	Function	FUN_59acea0d	FUN_59acea0d	Global	DEFAULT	true	false	false
59acea45	Function	FUN_59acea45	FUN_59acea45	Global	DEFAULT	true	false	false
59aceaf9	Function	FUN_59aceaf9	FUN_59aceaf9	Global	DEFAULT	true	false	false
59aceb20	Function	FUN_59aceb20	FUN_59aceb20	Global	DEFAULT	true	false	false
59aceb46	Function	FUN_59aceb46	FUN_59aceb46	Global	DEFAULT	true	false	false
59acec86	Function	FUN_59acec86	FUN_59acec86	Global	DEFAULT	true	false	false
59aced2f	Function	FUN_59aced2f	FUN_59aced2f	Global	DEFAULT	true	false	false
59aceec2	Function	FUN_59aceec2	FUN_59aceec2	Global	DEFAULT	true	false	false
59aceeef	Function	FUN_59aceeef	FUN_59aceeef	Global	DEFAULT	true	false	false
59acef98	Function	FUN_59acef98	FUN_59acef98	Global	DEFAULT	true	false	false
59acefbe	Function	FUN_59acefbe	FUN_59acefbe	Global	DEFAULT	true	false	false
59acf028	Function	FUN_59acf028	FUN_59acf028	Global	DEFAULT	true	false	false
59acf05a	Function	FUN_59acf05a	FUN_59acf05a	Global	DEFAULT	true	false	false
59acf0a2	Function	FUN_59acf0a2	FUN_59acf0a2	Global	DEFAULT	true	false	false
59acf132	Function	FUN_59acf132	FUN_59acf132	Global	DEFAULT	true	false	false
59acf1ab	Function	FUN_59acf1ab	FUN_59acf1ab	Global	DEFAULT	true	false	false
59acf1d3	Function	FUN_59acf1d3	FUN_59acf1d3	Global	DEFAULT	true	false	false
59acf1fb	Function	FUN_59acf1fb	FUN_59acf1fb	Global	DEFAULT	true	false	false
59acf220	Function	FUN_59acf220	FUN_59acf220	Global	DEFAULT	true	false	false
59acf250	Function	FUN_59acf250	FUN_59acf250	Global	DEFAULT	true	false	false
59acf275	Function	FUN_59acf275	FUN_59acf275	Global	DEFAULT	true	false	false
59acf29a	Function	FUN_59acf29a	FUN_59acf29a	Global	DEFAULT	true	false	false
59acf2bf	Function	FUN_59acf2bf	FUN_59acf2bf	Global	DEFAULT	true	false	false
59acf2e4	Function	FUN_59acf2e4	FUN_59acf2e4	Global	DEFAULT	true	false	false
59acf30c	Function	FUN_59acf30c	FUN_59acf30c	Global	DEFAULT	true	false	false
59acf331	Function	FUN_59acf331	FUN_59acf331	Global	DEFAULT	true	false	false
59acf3aa	Function	FUN_59acf3aa	FUN_59acf3aa	Global	DEFAULT	true	false	false
59acf3ef	Function	FUN_59acf3ef	FUN_59acf3ef	Global	DEFAULT	true	false	false
59acf4b7	Function	FUN_59acf4b7	FUN_59acf4b7	Global	DEFAULT	true	false	false
59acf6bf	Function	FUN_59acf6bf	FUN_59acf6bf	Global	DEFAULT	true	false	false
59acf75c	Function	FUN_59acf75c	FUN_59acf75c	Global	DEFAULT	true	false	false
59acf8dd	Label	switchD	switchD_59acf8dd::switchD	switchD_59acf8dd	ANALYSIS	true	false	false
59acf8e4	Label	caseD_0	switchD_59acf8dd::caseD_0	switchD_59acf8dd	ANALYSIS	true	false	false
59acf901	Label	caseD_1	switchD_59acf8dd::caseD_1	switchD_59acf8dd	ANALYSIS	true	false	false
59acf91e	Label	caseD_2	switchD_59acf8dd::caseD_2	switchD_59acf8dd	ANALYSIS	true	false	false
59acf93b	Label	caseD_3	switchD_59acf8dd::caseD_3	switchD_59acf8dd	ANALYSIS	true	false	false
59acf94f	Label	caseD_4	switchD_59acf8dd::caseD_4	switchD_59acf8dd	ANALYSIS	true	false	false
59acf96e	Label	caseD_5	switchD_59acf8dd::caseD_5	switchD_59acf8dd	ANALYSIS	true	false	false
59acf984	Label	caseD_6	switchD_59acf8dd::caseD_6	switchD_59acf8dd	ANALYSIS	true	false	false
59acf99a	Label	caseD_7	switchD_59acf8dd::caseD_7	switchD_59acf8dd	ANALYSIS	true	false	false
59acf9b0	Label	caseD_8	switchD_59acf8dd::caseD_8	switchD_59acf8dd	ANALYSIS	true	false	false
59acf9c6	Label	caseD_9	switchD_59acf8dd::caseD_9	switchD_59acf8dd	ANALYSIS	true	false	false
59acf9dc	Label	caseD_a	switchD_59acf8dd::caseD_a	switchD_59acf8dd	ANALYSIS	true	false	false
59acfa16	Label	default	switchD_59acf8dd::default	switchD_59acf8dd	ANALYSIS	true	false	false
59acfa1c	Label	switchdataD_59acfa1c	switchD_59acf8dd::switchdataD_59acfa1c	switchD_59acf8dd	ANALYSIS	true	false	false
59acfaa6	Function	FUN_59acfaa6	FUN_59acfaa6	Global	DEFAULT	true	false	false
59acfae3	Function	FUN_59acfae3	FUN_59acfae3	Global	DEFAULT	true	false	false
59acfcdc	Function	FUN_59acfcdc	FUN_59acfcdc	Global	DEFAULT	true	false	false
59acfe1a	Function	FUN_59acfe1a	FUN_59acfe1a	Global	DEFAULT	true	false	false
59acfe3d	Function	FUN_59acfe3d	FUN_59acfe3d	Global	DEFAULT	true	false	false
59acfead	Function	FUN_59acfead	FUN_59acfead	Global	DEFAULT	true	false	false
59acff71	Function	FUN_59acff71	FUN_59acff71	Global	DEFAULT	true	false	false
59acff94	Function	FUN_59acff94	FUN_59acff94	Global	DEFAULT	true	false	false
59ad0052	Function	FUN_59ad0052	FUN_59ad0052	Global	DEFAULT	true	false	false
59ad01ad	Function	FUN_59ad01ad	FUN_59ad01ad	Global	DEFAULT	true	false	false
59ad0244	Function	FUN_59ad0244	FUN_59ad0244	Global	DEFAULT	true	false	false
59ad02db	Function	FUN_59ad02db	FUN_59ad02db	Global	DEFAULT	true	false	false
59ad0323	Function	FUN_59ad0323	FUN_59ad0323	Global	DEFAULT	true	false	false
59ad04e6	Function	FUN_59ad04e6	FUN_59ad04e6	Global	DEFAULT	true	false	false
59ad0aa1	Function	FUN_59ad0aa1	FUN_59ad0aa1	Global	DEFAULT	true	false	false
59ad0b12	Function	FUN_59ad0b12	FUN_59ad0b12	Global	DEFAULT	true	false	false
59ad0b81	Function	FUN_59ad0b81	FUN_59ad0b81	Global	DEFAULT	true	false	false
59ad0bda	Function	FUN_59ad0bda	FUN_59ad0bda	Global	DEFAULT	true	false	false
59ad0c26	Function	FUN_59ad0c26	FUN_59ad0c26	Global	DEFAULT	true	false	false
59ad0c89	Function	FUN_59ad0c89	FUN_59ad0c89	Global	DEFAULT	true	false	false
59ad0cad	Function	FUN_59ad0cad	FUN_59ad0cad	Global	DEFAULT	true	false	false
59ad0cd2	Function	FUN_59ad0cd2	FUN_59ad0cd2	Global	DEFAULT	true	false	false
59ad0cf5	Function	FUN_59ad0cf5	FUN_59ad0cf5	Global	DEFAULT	true	false	false
59ad0d18	Function	FUN_59ad0d18	FUN_59ad0d18	Global	DEFAULT	true	false	false
59ad0d3f	Function	FUN_59ad0d3f	FUN_59ad0d3f	Global	DEFAULT	true	false	false
59ad0d60	Function	FUN_59ad0d60	FUN_59ad0d60	Global	DEFAULT	true	false	false
59ad0e2c	Function	FUN_59ad0e2c	FUN_59ad0e2c	Global	DEFAULT	true	false	false
59ad0f2c	Function	FUN_59ad0f2c	FUN_59ad0f2c	Global	DEFAULT	true	false	false
59ad10af	Function	FUN_59ad10af	FUN_59ad10af	Global	DEFAULT	true	false	false
59ad10e4	Function	FUN_59ad10e4	FUN_59ad10e4	Global	DEFAULT	true	false	false
59ad1148	Function	FUN_59ad1148	FUN_59ad1148	Global	DEFAULT	true	false	false
59ad1239	Function	FUN_59ad1239	FUN_59ad1239	Global	DEFAULT	true	false	false
59ad1264	Function	FUN_59ad1264	FUN_59ad1264	Global	DEFAULT	true	false	false
59ad12c2	Function	FUN_59ad12c2	FUN_59ad12c2	Global	DEFAULT	true	false	false
59ad1337	Function	FUN_59ad1337	FUN_59ad1337	Global	DEFAULT	true	false	false
59ad1363	Function	FUN_59ad1363	FUN_59ad1363	Global	DEFAULT	true	false	false
59ad1395	Function	FUN_59ad1395	FUN_59ad1395	Global	DEFAULT	true	false	false
59ad13b7	Function	FUN_59ad13b7	FUN_59ad13b7	Global	DEFAULT	true	false	false
59ad13e3	Function	FUN_59ad13e3	FUN_59ad13e3	Global	DEFAULT	true	false	false
59ad1408	Function	FUN_59ad1408	FUN_59ad1408	Global	DEFAULT	true	false	false
59ad1442	Function	FUN_59ad1442	FUN_59ad1442	Global	DEFAULT	true	false	false
59ad1465	Function	FUN_59ad1465	FUN_59ad1465	Global	DEFAULT	true	false	false
59ad148d	Function	FUN_59ad148d	FUN_59ad148d	Global	DEFAULT	true	false	false
59ad14c8	Function	FUN_59ad14c8	FUN_59ad14c8	Global	DEFAULT	true	false	false
59ad1529	Function	FUN_59ad1529	FUN_59ad1529	Global	DEFAULT	true	false	false
59ad156a	Function	FUN_59ad156a	FUN_59ad156a	Global	DEFAULT	true	false	false
59ad15f9	Function	FUN_59ad15f9	FUN_59ad15f9	Global	DEFAULT	true	false	false
59ad1651	Function	FUN_59ad1651	FUN_59ad1651	Global	DEFAULT	true	false	false
59ad1691	Function	FUN_59ad1691	FUN_59ad1691	Global	DEFAULT	true	false	false
59ad170e	Function	FUN_59ad170e	FUN_59ad170e	Global	DEFAULT	true	false	false
59ad180b	Function	FUN_59ad180b	FUN_59ad180b	Global	DEFAULT	true	false	false
59ad1839	Function	FUN_59ad1839	FUN_59ad1839	Global	DEFAULT	true	false	false
59ad18e9	Function	FUN_59ad18e9	FUN_59ad18e9	Global	DEFAULT	true	false	false
59ad19a8	Function	FUN_59ad19a8	FUN_59ad19a8	Global	DEFAULT	true	false	false
59ad1a9a	Function	FUN_59ad1a9a	FUN_59ad1a9a	Global	DEFAULT	true	false	false
59ad1d6d	Function	FUN_59ad1d6d	FUN_59ad1d6d	Global	DEFAULT	true	false	false
59ad1dab	Function	FUN_59ad1dab	FUN_59ad1dab	Global	DEFAULT	true	false	false
59ad2095	Function	FUN_59ad2095	FUN_59ad2095	Global	DEFAULT	true	false	false
59ad211b	Function	FUN_59ad211b	FUN_59ad211b	Global	DEFAULT	true	false	false
59ad221e	Function	FUN_59ad221e	FUN_59ad221e	Global	DEFAULT	true	false	false
59ad2250	Function	FUN_59ad2250	FUN_59ad2250	Global	DEFAULT	true	false	false
59ad24ff	Function	FUN_59ad24ff	FUN_59ad24ff	Global	DEFAULT	true	false	false
59ad26fb	Function	FUN_59ad26fb	FUN_59ad26fb	Global	DEFAULT	true	false	false
59ad2774	Function	FUN_59ad2774	FUN_59ad2774	Global	DEFAULT	true	false	false
59ad283a	Function	FUN_59ad283a	FUN_59ad283a	Global	DEFAULT	true	false	false
59ad2a1e	Function	FUN_59ad2a1e	FUN_59ad2a1e	Global	DEFAULT	true	false	false
59ad2a65	Function	FUN_59ad2a65	FUN_59ad2a65	Global	DEFAULT	true	false	false
59ad2b0a	Function	FUN_59ad2b0a	FUN_59ad2b0a	Global	DEFAULT	true	false	false
59ad2bb0	Function	FUN_59ad2bb0	FUN_59ad2bb0	Global	DEFAULT	true	false	false
59ad2c30	Function	FUN_59ad2c30	FUN_59ad2c30	Global	DEFAULT	true	false	false
59ad2f36	Function	FUN_59ad2f36	FUN_59ad2f36	Global	DEFAULT	true	false	false
59ad2f89	Function	FUN_59ad2f89	FUN_59ad2f89	Global	DEFAULT	true	false	false
59ad2fd0	Function	FUN_59ad2fd0	FUN_59ad2fd0	Global	DEFAULT	true	false	false
59ad302a	Function	FUN_59ad302a	FUN_59ad302a	Global	DEFAULT	true	false	false
59ad3157	Function	FUN_59ad3157	FUN_59ad3157	Global	DEFAULT	true	false	false
59ad31e8	Function	FUN_59ad31e8	FUN_59ad31e8	Global	DEFAULT	true	false	false
59ad321f	Function	FUN_59ad321f	FUN_59ad321f	Global	DEFAULT	true	false	false
59ad32d6	Function	FUN_59ad32d6	FUN_59ad32d6	Global	DEFAULT	true	false	false
59ad3305	Function	FUN_59ad3305	FUN_59ad3305	Global	DEFAULT	true	false	false
59ad336e	Function	FUN_59ad336e	FUN_59ad336e	Global	DEFAULT	true	false	false
59ad33f2	Function	FUN_59ad33f2	FUN_59ad33f2	Global	DEFAULT	true	false	false
59ad344a	Function	FUN_59ad344a	FUN_59ad344a	Global	DEFAULT	true	false	false
59ad34e9	Function	FUN_59ad34e9	FUN_59ad34e9	Global	DEFAULT	true	false	false
59ad358f	Function	FUN_59ad358f	FUN_59ad358f	Global	DEFAULT	true	false	false
59ad35fc	Function	FUN_59ad35fc	FUN_59ad35fc	Global	DEFAULT	true	false	false
59ad370f	Function	FUN_59ad370f	FUN_59ad370f	Global	DEFAULT	true	false	false
59ad371e	Function	FUN_59ad371e	FUN_59ad371e	Global	DEFAULT	true	false	false
59ad3742	Function	FUN_59ad3742	FUN_59ad3742	Global	DEFAULT	true	false	false
59ad3769	Function	FUN_59ad3769	FUN_59ad3769	Global	DEFAULT	true	false	false
59ad37cb	Function	FUN_59ad37cb	FUN_59ad37cb	Global	DEFAULT	true	false	false
59ad381f	Function	FUN_59ad381f	FUN_59ad381f	Global	DEFAULT	true	false	false
59ad3878	Function	FUN_59ad3878	FUN_59ad3878	Global	DEFAULT	true	false	false
59ad3893	Function	FUN_59ad3893	FUN_59ad3893	Global	DEFAULT	true	false	false
59ad38e7	Function	FUN_59ad38e7	FUN_59ad38e7	Global	DEFAULT	true	false	false
59ad3916	Function	FUN_59ad3916	FUN_59ad3916	Global	DEFAULT	true	false	false
59ad394d	Function	FUN_59ad394d	FUN_59ad394d	Global	DEFAULT	true	false	false
59ad3a37	Function	FUN_59ad3a37	FUN_59ad3a37	Global	DEFAULT	true	false	false
59ad3aa5	Function	FUN_59ad3aa5	FUN_59ad3aa5	Global	DEFAULT	true	false	false
59ad3af7	Function	FUN_59ad3af7	FUN_59ad3af7	Global	DEFAULT	true	false	false
59ad3b12	Function	FUN_59ad3b12	FUN_59ad3b12	Global	DEFAULT	true	false	false
59ad3b61	Function	FUN_59ad3b61	FUN_59ad3b61	Global	DEFAULT	true	false	false
59ad3b83	Function	FUN_59ad3b83	FUN_59ad3b83	Global	DEFAULT	true	false	false
59ad3bcb	Function	FUN_59ad3bcb	FUN_59ad3bcb	Global	DEFAULT	true	false	false
59ad3bf0	Function	FUN_59ad3bf0	FUN_59ad3bf0	Global	DEFAULT	true	false	false
59ad3c1e	Function	FUN_59ad3c1e	FUN_59ad3c1e	Global	DEFAULT	true	false	false
59ad3c3d	Function	FUN_59ad3c3d	FUN_59ad3c3d	Global	DEFAULT	true	false	false
59ad3c5c	Function	FUN_59ad3c5c	FUN_59ad3c5c	Global	DEFAULT	true	false	false
59ad3d21	Function	FUN_59ad3d21	FUN_59ad3d21	Global	DEFAULT	true	false	false
59ad3d81	Function	FUN_59ad3d81	FUN_59ad3d81	Global	DEFAULT	true	false	false
59ad3ddb	Function	FUN_59ad3ddb	FUN_59ad3ddb	Global	DEFAULT	true	false	false
59ad3dfc	Function	FUN_59ad3dfc	FUN_59ad3dfc	Global	DEFAULT	true	false	false
59ad3e2a	Function	FUN_59ad3e2a	FUN_59ad3e2a	Global	DEFAULT	true	false	false
59ad3e6f	Function	FUN_59ad3e6f	FUN_59ad3e6f	Global	DEFAULT	true	false	false
59ad3ecc	Function	FUN_59ad3ecc	FUN_59ad3ecc	Global	DEFAULT	true	false	false
59ad3f33	Function	FUN_59ad3f33	FUN_59ad3f33	Global	DEFAULT	true	false	false
59ad3fcc	Function	FUN_59ad3fcc	FUN_59ad3fcc	Global	DEFAULT	true	false	false
59ad406d	Function	FUN_59ad406d	FUN_59ad406d	Global	DEFAULT	true	false	false
59ad4092	Function	FUN_59ad4092	FUN_59ad4092	Global	DEFAULT	true	false	false
59ad4154	Function	FUN_59ad4154	FUN_59ad4154	Global	DEFAULT	true	false	false
59ad419a	Function	FUN_59ad419a	FUN_59ad419a	Global	DEFAULT	true	false	false
59ad4278	Function	FUN_59ad4278	FUN_59ad4278	Global	DEFAULT	true	false	false
59ad42be	Function	FUN_59ad42be	FUN_59ad42be	Global	DEFAULT	true	false	false
59ad436e	Function	FUN_59ad436e	FUN_59ad436e	Global	DEFAULT	true	false	false
59ad43b6	Function	FUN_59ad43b6	FUN_59ad43b6	Global	DEFAULT	true	false	false
59ad4485	Function	FUN_59ad4485	FUN_59ad4485	Global	DEFAULT	true	false	false
59ad44b5	Function	FUN_59ad44b5	FUN_59ad44b5	Global	DEFAULT	true	false	false
59ad44dd	Function	FUN_59ad44dd	FUN_59ad44dd	Global	DEFAULT	true	false	false
59ad450d	Function	FUN_59ad450d	FUN_59ad450d	Global	DEFAULT	true	false	false
59ad4554	Function	FUN_59ad4554	FUN_59ad4554	Global	DEFAULT	true	false	false
59ad459b	Function	FUN_59ad459b	FUN_59ad459b	Global	DEFAULT	true	false	false
59ad4638	Function	FUN_59ad4638	FUN_59ad4638	Global	DEFAULT	true	false	false
59ad4670	Function	FUN_59ad4670	FUN_59ad4670	Global	DEFAULT	true	false	false
59ad4745	Function	FUN_59ad4745	FUN_59ad4745	Global	DEFAULT	true	false	false
59ad477c	Function	FUN_59ad477c	FUN_59ad477c	Global	DEFAULT	true	false	false
59ad47a9	Function	FUN_59ad47a9	FUN_59ad47a9	Global	DEFAULT	true	false	false
59ad4990	Function	FUN_59ad4990	FUN_59ad4990	Global	DEFAULT	true	false	false
59ad4bae	Function	FUN_59ad4bae	FUN_59ad4bae	Global	DEFAULT	true	false	false
59ad4bfb	Function	FUN_59ad4bfb	FUN_59ad4bfb	Global	DEFAULT	true	false	false
59ad4c48	Function	FUN_59ad4c48	FUN_59ad4c48	Global	DEFAULT	true	false	false
59ad4d64	Function	FUN_59ad4d64	FUN_59ad4d64	Global	DEFAULT	true	false	false
59ad4ebe	Function	FUN_59ad4ebe	FUN_59ad4ebe	Global	DEFAULT	true	false	false
59ad4ef7	Function	FUN_59ad4ef7	FUN_59ad4ef7	Global	DEFAULT	true	false	false
59ad4f71	Function	FUN_59ad4f71	FUN_59ad4f71	Global	DEFAULT	true	false	false
59ad4fcd	Function	FUN_59ad4fcd	FUN_59ad4fcd	Global	DEFAULT	true	false	false
59ad500b	Function	FUN_59ad500b	FUN_59ad500b	Global	DEFAULT	true	false	false
59ad5034	Function	FUN_59ad5034	FUN_59ad5034	Global	DEFAULT	true	false	false
59ad50a6	Function	FUN_59ad50a6	FUN_59ad50a6	Global	DEFAULT	true	false	false
59ad50cf	Function	FUN_59ad50cf	FUN_59ad50cf	Global	DEFAULT	true	false	false
59ad513e	Function	FUN_59ad513e	FUN_59ad513e	Global	DEFAULT	true	false	false
59ad52ba	Function	FUN_59ad52ba	FUN_59ad52ba	Global	DEFAULT	true	false	false
59ad52f5	Function	FUN_59ad52f5	FUN_59ad52f5	Global	DEFAULT	true	false	false
59ad5314	Function	FUN_59ad5314	FUN_59ad5314	Global	DEFAULT	true	false	false
59ad53ab	Function	FUN_59ad53ab	FUN_59ad53ab	Global	DEFAULT	true	false	false
59ad5406	Function	FUN_59ad5406	FUN_59ad5406	Global	DEFAULT	true	false	false
59ad5424	Function	FUN_59ad5424	FUN_59ad5424	Global	DEFAULT	true	false	false
59ad54d8	Function	FUN_59ad54d8	FUN_59ad54d8	Global	DEFAULT	true	false	false
59ad552e	Function	FUN_59ad552e	FUN_59ad552e	Global	DEFAULT	true	false	false
59ad5583	Function	FUN_59ad5583	FUN_59ad5583	Global	DEFAULT	true	false	false
59ad55a6	Function	FUN_59ad55a6	FUN_59ad55a6	Global	DEFAULT	true	false	false
59ad5690	Function	FUN_59ad5690	FUN_59ad5690	Global	DEFAULT	true	false	false
59ad56bc	Function	FUN_59ad56bc	FUN_59ad56bc	Global	DEFAULT	true	false	false
59ad56dc	Function	FUN_59ad56dc	FUN_59ad56dc	Global	DEFAULT	true	false	false
59ad573a	Function	FUN_59ad573a	FUN_59ad573a	Global	DEFAULT	true	false	false
59ad57f8	Function	FUN_59ad57f8	FUN_59ad57f8	Global	DEFAULT	true	false	false
59ad58a9	Function	FUN_59ad58a9	FUN_59ad58a9	Global	DEFAULT	true	false	false
59ad593c	Function	FUN_59ad593c	FUN_59ad593c	Global	DEFAULT	true	false	false
59ad59c3	Function	FUN_59ad59c3	FUN_59ad59c3	Global	DEFAULT	true	false	false
59ad5ba0	Function	FUN_59ad5ba0	FUN_59ad5ba0	Global	DEFAULT	true	false	false
59ad5ca7	Function	FUN_59ad5ca7	FUN_59ad5ca7	Global	DEFAULT	true	false	false
59ad5ce8	Function	FUN_59ad5ce8	FUN_59ad5ce8	Global	DEFAULT	true	false	false
59ad5d37	Function	FUN_59ad5d37	FUN_59ad5d37	Global	DEFAULT	true	false	false
59ad5dc7	Function	FUN_59ad5dc7	FUN_59ad5dc7	Global	DEFAULT	true	false	false
59ad5f34	Function	FUN_59ad5f34	FUN_59ad5f34	Global	DEFAULT	true	false	false
59ad6080	Function	FUN_59ad6080	FUN_59ad6080	Global	DEFAULT	true	false	false
59ad61f0	Function	FUN_59ad61f0	FUN_59ad61f0	Global	DEFAULT	true	false	false
59ad6440	Function	FUN_59ad6440	FUN_59ad6440	Global	DEFAULT	true	false	false
59ad64b0	Function	FUN_59ad64b0	FUN_59ad64b0	Global	DEFAULT	true	false	false
59ad64ef	Function	FUN_59ad64ef	FUN_59ad64ef	Global	DEFAULT	true	false	false
59ad65a0	Function	FUN_59ad65a0	FUN_59ad65a0	Global	DEFAULT	true	false	false
59ad6637	Function	FUN_59ad6637	FUN_59ad6637	Global	DEFAULT	true	false	false
59ad6696	Function	FUN_59ad6696	FUN_59ad6696	Global	DEFAULT	true	false	false
59ad66f5	Function	FUN_59ad66f5	FUN_59ad66f5	Global	DEFAULT	true	false	false
59ad6764	Function	FUN_59ad6764	FUN_59ad6764	Global	DEFAULT	true	false	false
59ad6812	Function	FUN_59ad6812	FUN_59ad6812	Global	DEFAULT	true	false	false
59ad687f	Function	FUN_59ad687f	FUN_59ad687f	Global	DEFAULT	true	false	false
59ad693a	Function	FUN_59ad693a	FUN_59ad693a	Global	DEFAULT	true	false	false
59ad69ac	Function	FUN_59ad69ac	FUN_59ad69ac	Global	DEFAULT	true	false	false
59ad6a83	Function	FUN_59ad6a83	FUN_59ad6a83	Global	DEFAULT	true	false	false
59ad6ac1	Function	FUN_59ad6ac1	FUN_59ad6ac1	Global	DEFAULT	true	false	false
59ad6add	Function	FUN_59ad6add	FUN_59ad6add	Global	DEFAULT	true	false	false
59ad6b3e	Function	FUN_59ad6b3e	FUN_59ad6b3e	Global	DEFAULT	true	false	false
59ad6bbb	Function	FUN_59ad6bbb	FUN_59ad6bbb	Global	DEFAULT	true	false	false
59ad6be2	Function	FUN_59ad6be2	FUN_59ad6be2	Global	DEFAULT	true	false	false
59ad6c1c	Function	FUN_59ad6c1c	FUN_59ad6c1c	Global	DEFAULT	true	false	false
59ad6c43	Function	FUN_59ad6c43	FUN_59ad6c43	Global	DEFAULT	true	false	false
59ad6c66	Function	FUN_59ad6c66	FUN_59ad6c66	Global	DEFAULT	true	false	false
59ad6c98	Function	FUN_59ad6c98	FUN_59ad6c98	Global	DEFAULT	true	false	false
59ad6cbd	Function	FUN_59ad6cbd	FUN_59ad6cbd	Global	DEFAULT	true	false	false
59ad6cf9	Function	FUN_59ad6cf9	FUN_59ad6cf9	Global	DEFAULT	true	false	false
59ad6d17	Function	FUN_59ad6d17	FUN_59ad6d17	Global	DEFAULT	true	false	false
59ad6d34	Function	FUN_59ad6d34	FUN_59ad6d34	Global	DEFAULT	true	false	false
59ad6d6a	Function	FUN_59ad6d6a	FUN_59ad6d6a	Global	DEFAULT	true	false	false
59ad6dd4	Function	FUN_59ad6dd4	FUN_59ad6dd4	Global	DEFAULT	true	false	false
59ad6def	Function	FUN_59ad6def	FUN_59ad6def	Global	DEFAULT	true	false	false
59ad6e19	Function	FUN_59ad6e19	FUN_59ad6e19	Global	DEFAULT	true	false	false
59ad6e31	Function	FUN_59ad6e31	FUN_59ad6e31	Global	DEFAULT	true	false	false
59ad6e49	Function	FUN_59ad6e49	FUN_59ad6e49	Global	DEFAULT	true	false	false
59ad6e61	Function	FUN_59ad6e61	FUN_59ad6e61	Global	DEFAULT	true	false	false
59ad6e79	Function	FUN_59ad6e79	FUN_59ad6e79	Global	DEFAULT	true	false	false
59ad6e98	Function	FUN_59ad6e98	FUN_59ad6e98	Global	DEFAULT	true	false	false
59ad6f5b	Function	FUN_59ad6f5b	FUN_59ad6f5b	Global	DEFAULT	true	false	false
59ad7052	Function	FUN_59ad7052	FUN_59ad7052	Global	DEFAULT	true	false	false
59ad70c4	Function	FUN_59ad70c4	FUN_59ad70c4	Global	DEFAULT	true	false	false
59ad71cf	Function	FUN_59ad71cf	FUN_59ad71cf	Global	DEFAULT	true	false	false
59ad7222	Function	FUN_59ad7222	FUN_59ad7222	Global	DEFAULT	true	false	false
59ad72a3	Function	FUN_59ad72a3	FUN_59ad72a3	Global	DEFAULT	true	false	false
59ad732b	Function	FUN_59ad732b	FUN_59ad732b	Global	DEFAULT	true	false	false
59ad7408	Function	FUN_59ad7408	FUN_59ad7408	Global	DEFAULT	true	false	false
59ad7543	Function	FUN_59ad7543	FUN_59ad7543	Global	DEFAULT	true	false	false
59ad756d	Function	FUN_59ad756d	FUN_59ad756d	Global	DEFAULT	true	false	false
59ad7599	Function	FUN_59ad7599	FUN_59ad7599	Global	DEFAULT	true	false	false
59ad7640	Function	FUN_59ad7640	FUN_59ad7640	Global	DEFAULT	true	false	false
59ad7725	Function	FUN_59ad7725	FUN_59ad7725	Global	DEFAULT	true	false	false
59ad7831	Function	FUN_59ad7831	FUN_59ad7831	Global	DEFAULT	true	false	false
59ad7885	Function	FUN_59ad7885	FUN_59ad7885	Global	DEFAULT	true	false	false
59ad78af	Function	FUN_59ad78af	FUN_59ad78af	Global	DEFAULT	true	false	false
59ad78e3	Function	FUN_59ad78e3	FUN_59ad78e3	Global	DEFAULT	true	false	false
59ad7917	Function	FUN_59ad7917	FUN_59ad7917	Global	DEFAULT	true	false	false
59ad796c	Function	FUN_59ad796c	FUN_59ad796c	Global	DEFAULT	true	false	false
59ad79b3	Function	FUN_59ad79b3	FUN_59ad79b3	Global	DEFAULT	true	false	false
59ad7a18	Function	FUN_59ad7a18	FUN_59ad7a18	Global	DEFAULT	true	false	false
59ad7adf	Function	FUN_59ad7adf	FUN_59ad7adf	Global	DEFAULT	true	false	false
59ad7b3b	Function	FUN_59ad7b3b	FUN_59ad7b3b	Global	DEFAULT	true	false	false
59ad7b92	Function	FUN_59ad7b92	FUN_59ad7b92	Global	DEFAULT	true	false	false
59ad7d41	Function	FUN_59ad7d41	FUN_59ad7d41	Global	DEFAULT	true	false	false
59ad7d97	Function	FUN_59ad7d97	FUN_59ad7d97	Global	DEFAULT	true	false	false
59ad7e0f	Function	FUN_59ad7e0f	FUN_59ad7e0f	Global	DEFAULT	true	false	false
59ad7e35	Function	FUN_59ad7e35	FUN_59ad7e35	Global	DEFAULT	true	false	false
59ad7e5b	Function	FUN_59ad7e5b	FUN_59ad7e5b	Global	DEFAULT	true	false	false
59ad7e79	Function	FUN_59ad7e79	FUN_59ad7e79	Global	DEFAULT	true	false	false
59ad7f0f	Function	FUN_59ad7f0f	FUN_59ad7f0f	Global	DEFAULT	true	false	false
59ad7f34	Function	FUN_59ad7f34	FUN_59ad7f34	Global	DEFAULT	true	false	false
59ad7fc1	Function	FUN_59ad7fc1	FUN_59ad7fc1	Global	DEFAULT	true	false	false
59ad7fef	Function	FUN_59ad7fef	FUN_59ad7fef	Global	DEFAULT	true	false	false
59ad810f	Function	FUN_59ad810f	FUN_59ad810f	Global	DEFAULT	true	false	false
59ad81a0	Function	FUN_59ad81a0	FUN_59ad81a0	Global	DEFAULT	true	false	false
59ad81c6	Function	FUN_59ad81c6	FUN_59ad81c6	Global	DEFAULT	true	false	false
59ad821c	Function	FUN_59ad821c	FUN_59ad821c	Global	DEFAULT	true	false	false
59ad8259	Function	FUN_59ad8259	FUN_59ad8259	Global	DEFAULT	true	false	false
59ad82d9	Function	FUN_59ad82d9	FUN_59ad82d9	Global	DEFAULT	true	false	false
59ad83f0	Function	FUN_59ad83f0	FUN_59ad83f0	Global	DEFAULT	true	false	false
59ad849d	Function	FUN_59ad849d	FUN_59ad849d	Global	DEFAULT	true	false	false
59ad854a	Function	FUN_59ad854a	FUN_59ad854a	Global	DEFAULT	true	false	false
59ad864e	Function	FUN_59ad864e	FUN_59ad864e	Global	DEFAULT	true	false	false
59ad8752	Function	FUN_59ad8752	FUN_59ad8752	Global	DEFAULT	true	false	false
59ad8e6e	Function	FUN_59ad8e6e	FUN_59ad8e6e	Global	DEFAULT	true	false	false
59ad8e94	Function	FUN_59ad8e94	FUN_59ad8e94	Global	DEFAULT	true	false	false
59ad9079	Function	FUN_59ad9079	FUN_59ad9079	Global	DEFAULT	true	false	false
59ad90ef	Function	FUN_59ad90ef	FUN_59ad90ef	Global	DEFAULT	true	false	false
59ad91b7	Function	FUN_59ad91b7	FUN_59ad91b7	Global	DEFAULT	true	false	false
59ad927f	Function	FUN_59ad927f	FUN_59ad927f	Global	DEFAULT	true	false	false
59ad935a	Function	FUN_59ad935a	FUN_59ad935a	Global	DEFAULT	true	false	false
59ad9661	Function	FUN_59ad9661	FUN_59ad9661	Global	DEFAULT	true	false	false
59ad9782	Function	FUN_59ad9782	FUN_59ad9782	Global	DEFAULT	true	false	false
59ad97be	Function	FUN_59ad97be	FUN_59ad97be	Global	DEFAULT	true	false	false
59ad9978	Function	FUN_59ad9978	FUN_59ad9978	Global	DEFAULT	true	false	false
59ad9a1d	Function	FUN_59ad9a1d	FUN_59ad9a1d	Global	DEFAULT	true	false	false
59ad9afc	Function	FUN_59ad9afc	FUN_59ad9afc	Global	DEFAULT	true	false	false
59ad9d18	Function	FUN_59ad9d18	FUN_59ad9d18	Global	DEFAULT	true	false	false
59ad9d8e	Function	FUN_59ad9d8e	FUN_59ad9d8e	Global	DEFAULT	true	false	false
59ad9fc6	Function	FUN_59ad9fc6	FUN_59ad9fc6	Global	DEFAULT	true	false	false
59ada4c7	Function	FUN_59ada4c7	FUN_59ada4c7	Global	DEFAULT	true	false	false
59ada510	Function	FUN_59ada510	FUN_59ada510	Global	DEFAULT	true	false	false
59adaad5	Function	FUN_59adaad5	FUN_59adaad5	Global	DEFAULT	true	false	false
59adab89	Function	FUN_59adab89	FUN_59adab89	Global	DEFAULT	true	false	false
59adacd9	Function	FUN_59adacd9	FUN_59adacd9	Global	DEFAULT	true	false	false
59adae63	Function	FUN_59adae63	FUN_59adae63	Global	DEFAULT	true	false	false
59adaf3a	Label	caseD_110e	switchD_59adb183::caseD_110e	switchD_59adb183	ANALYSIS	true	false	false
59adaf3a	Label	caseD_1111	switchD_59adb183::caseD_1111	switchD_59adb183	ANALYSIS	false	false	false
59adaf3a	Label	caseD_1117	switchD_59adb183::caseD_1117	switchD_59adb183	ANALYSIS	false	false	false
59adaf3a	Label	caseD_111a	switchD_59adb183::caseD_111a	switchD_59adb183	ANALYSIS	false	false	false
59adaf3a	Label	caseD_111b	switchD_59adb183::caseD_111b	switchD_59adb183	ANALYSIS	false	false	false
59adaf3a	Label	caseD_111e	switchD_59adb183::caseD_111e	switchD_59adb183	ANALYSIS	false	false	false
59adaf3a	Label	caseD_111f	switchD_59adb183::caseD_111f	switchD_59adb183	ANALYSIS	false	false	false
59adaf3a	Label	caseD_1120	switchD_59adb183::caseD_1120	switchD_59adb183	ANALYSIS	false	false	false
59adaf3a	Label	caseD_1121	switchD_59adb183::caseD_1121	switchD_59adb183	ANALYSIS	false	false	false
59adaf3a	Label	caseD_1122	switchD_59adb183::caseD_1122	switchD_59adb183	ANALYSIS	false	false	false
59adaf3a	Label	caseD_1123	switchD_59adb183::caseD_1123	switchD_59adb183	ANALYSIS	false	false	false
59adaf3a	Label	caseD_1124	switchD_59adb183::caseD_1124	switchD_59adb183	ANALYSIS	false	false	false
59adaf3a	Label	caseD_1125	switchD_59adb183::caseD_1125	switchD_59adb183	ANALYSIS	false	false	false
59adaf3a	Label	caseD_1126	switchD_59adb183::caseD_1126	switchD_59adb183	ANALYSIS	false	false	false
59adaf3a	Label	caseD_1127	switchD_59adb183::caseD_1127	switchD_59adb183	ANALYSIS	false	false	false
59adaf3a	Label	caseD_1128	switchD_59adb183::caseD_1128	switchD_59adb183	ANALYSIS	false	false	false
59adaf3a	Label	caseD_1129	switchD_59adb183::caseD_1129	switchD_59adb183	ANALYSIS	false	false	false
59adaf3a	Label	caseD_112c	switchD_59adb183::caseD_112c	switchD_59adb183	ANALYSIS	false	false	false
59adaf3a	Label	caseD_112d	switchD_59adb183::caseD_112d	switchD_59adb183	ANALYSIS	false	false	false
59adaf3a	Label	caseD_112e	switchD_59adb183::caseD_112e	switchD_59adb183	ANALYSIS	false	false	false
59adaf3a	Label	caseD_112f	switchD_59adb183::caseD_112f	switchD_59adb183	ANALYSIS	false	false	false
59adaf3a	Label	caseD_1130	switchD_59adb183::caseD_1130	switchD_59adb183	ANALYSIS	false	false	false
59adaf3a	Label	caseD_1131	switchD_59adb183::caseD_1131	switchD_59adb183	ANALYSIS	false	false	false
59adb110	Label	caseD_1132	switchD_59adb183::caseD_1132	switchD_59adb183	ANALYSIS	true	false	false
59adb183	Label	switchD	switchD_59adb183::switchD	switchD_59adb183	ANALYSIS	true	false	false
59adb18a	Label	caseD_110f	switchD_59adb183::caseD_110f	switchD_59adb183	ANALYSIS	true	false	false
59adb18a	Label	caseD_1110	switchD_59adb183::caseD_1110	switchD_59adb183	ANALYSIS	false	false	false
59adb18a	Label	caseD_1114	switchD_59adb183::caseD_1114	switchD_59adb183	ANALYSIS	false	false	false
59adb18a	Label	caseD_1115	switchD_59adb183::caseD_1115	switchD_59adb183	ANALYSIS	false	false	false
59adb18a	Label	caseD_1118	switchD_59adb183::caseD_1118	switchD_59adb183	ANALYSIS	false	false	false
59adb18a	Label	caseD_1119	switchD_59adb183::caseD_1119	switchD_59adb183	ANALYSIS	false	false	false
59adb1eb	Label	caseD_112a	switchD_59adb183::caseD_112a	switchD_59adb183	ANALYSIS	true	false	false
59adb1eb	Label	caseD_112b	switchD_59adb183::caseD_112b	switchD_59adb183	ANALYSIS	false	false	false
59adb275	Label	caseD_1112	switchD_59adb183::caseD_1112	switchD_59adb183	ANALYSIS	true	false	false
59adb275	Label	caseD_111c	switchD_59adb183::caseD_111c	switchD_59adb183	ANALYSIS	false	false	false
59adb2c4	Label	caseD_110d	switchD_59adb183::caseD_110d	switchD_59adb183	ANALYSIS	true	false	false
59adb2c4	Label	caseD_1113	switchD_59adb183::caseD_1113	switchD_59adb183	ANALYSIS	false	false	false
59adb2c4	Label	caseD_111d	switchD_59adb183::caseD_111d	switchD_59adb183	ANALYSIS	false	false	false
59adb2fe	Label	caseD_1116	switchD_59adb183::caseD_1116	switchD_59adb183	ANALYSIS	true	false	false
59adb3b7	Label	switchdataD_59adb3b7	switchD_59adb183::switchdataD_59adb3b7	switchD_59adb183	ANALYSIS	true	false	false
59adb3d3	Label	switchdataD_59adb3d3	switchD_59adb183::switchdataD_59adb3d3	switchD_59adb183	ANALYSIS	true	false	false
59adb3fe	Function	FUN_59adb3fe	FUN_59adb3fe	Global	DEFAULT	true	false	false
59adb49d	Function	FUN_59adb49d	FUN_59adb49d	Global	DEFAULT	true	false	false
59adb4c1	Function	FUN_59adb4c1	FUN_59adb4c1	Global	DEFAULT	true	false	false
59adb4f9	Function	FUN_59adb4f9	FUN_59adb4f9	Global	DEFAULT	true	false	false
59adb520	Function	FUN_59adb520	FUN_59adb520	Global	DEFAULT	true	false	false
59adb548	Function	FUN_59adb548	FUN_59adb548	Global	DEFAULT	true	false	false
59adb56f	Function	FUN_59adb56f	FUN_59adb56f	Global	DEFAULT	true	false	false
59adb591	Function	FUN_59adb591	FUN_59adb591	Global	DEFAULT	true	false	false
59adb5b3	Function	FUN_59adb5b3	FUN_59adb5b3	Global	DEFAULT	true	false	false
59adb5f1	Function	FUN_59adb5f1	FUN_59adb5f1	Global	DEFAULT	true	false	false
59adb62f	Function	FUN_59adb62f	FUN_59adb62f	Global	DEFAULT	true	false	false
59adb67c	Function	FUN_59adb67c	FUN_59adb67c	Global	DEFAULT	true	false	false
59adb69c	Function	FUN_59adb69c	FUN_59adb69c	Global	DEFAULT	true	false	false
59adb6d3	Function	FUN_59adb6d3	FUN_59adb6d3	Global	DEFAULT	true	false	false
59adb6f5	Function	FUN_59adb6f5	FUN_59adb6f5	Global	DEFAULT	true	false	false
59adb7b5	Function	FUN_59adb7b5	FUN_59adb7b5	Global	DEFAULT	true	false	false
59adb8d6	Function	FUN_59adb8d6	FUN_59adb8d6	Global	DEFAULT	true	false	false
59adb902	Function	FUN_59adb902	FUN_59adb902	Global	DEFAULT	true	false	false
59adb93b	Function	FUN_59adb93b	FUN_59adb93b	Global	DEFAULT	true	false	false
59adb967	Function	FUN_59adb967	FUN_59adb967	Global	DEFAULT	true	false	false
59adb9d1	Function	FUN_59adb9d1	FUN_59adb9d1	Global	DEFAULT	true	false	false
59adb9f1	Function	FUN_59adb9f1	FUN_59adb9f1	Global	DEFAULT	true	false	false
59adba85	Function	FUN_59adba85	FUN_59adba85	Global	DEFAULT	true	false	false
59adbab8	Function	FUN_59adbab8	FUN_59adbab8	Global	DEFAULT	true	false	false
59adbb49	Function	FUN_59adbb49	FUN_59adbb49	Global	DEFAULT	true	false	false
59adbcf5	Function	FUN_59adbcf5	FUN_59adbcf5	Global	DEFAULT	true	false	false
59adbd44	Function	FUN_59adbd44	FUN_59adbd44	Global	DEFAULT	true	false	false
59adbdca	Function	FUN_59adbdca	FUN_59adbdca	Global	DEFAULT	true	false	false
59adbe08	Function	FUN_59adbe08	FUN_59adbe08	Global	DEFAULT	true	false	false
59adbe38	Function	FUN_59adbe38	FUN_59adbe38	Global	DEFAULT	true	false	false
59adbe62	Function	FUN_59adbe62	FUN_59adbe62	Global	DEFAULT	true	false	false
59adbe95	Function	FUN_59adbe95	FUN_59adbe95	Global	DEFAULT	true	false	false
59adbef3	Function	FUN_59adbef3	FUN_59adbef3	Global	DEFAULT	true	false	false
59adbf09	Function	FUN_59adbf09	FUN_59adbf09	Global	DEFAULT	true	false	false
59adbf6a	Function	FUN_59adbf6a	FUN_59adbf6a	Global	DEFAULT	true	false	false
59adbfe4	Function	FUN_59adbfe4	FUN_59adbfe4	Global	DEFAULT	true	false	false
59adc09a	Function	FUN_59adc09a	FUN_59adc09a	Global	DEFAULT	true	false	false
59adc0c4	Function	FUN_59adc0c4	FUN_59adc0c4	Global	DEFAULT	true	false	false
59adc16b	Function	FUN_59adc16b	FUN_59adc16b	Global	DEFAULT	true	false	false
59adc1f0	Function	FUN_59adc1f0	FUN_59adc1f0	Global	DEFAULT	true	false	false
59adc228	Function	FUN_59adc228	FUN_59adc228	Global	DEFAULT	true	false	false
59adc2fa	Function	FUN_59adc2fa	FUN_59adc2fa	Global	DEFAULT	true	false	false
59adc37d	Function	FUN_59adc37d	FUN_59adc37d	Global	DEFAULT	true	false	false
59adc3b9	Function	FUN_59adc3b9	FUN_59adc3b9	Global	DEFAULT	true	false	false
59adc550	Function	FUN_59adc550	FUN_59adc550	Global	DEFAULT	true	false	false
59adc59b	Function	FUN_59adc59b	FUN_59adc59b	Global	DEFAULT	true	false	false
59adc5be	Function	FUN_59adc5be	FUN_59adc5be	Global	DEFAULT	true	false	false
59adc655	Function	FUN_59adc655	FUN_59adc655	Global	DEFAULT	true	false	false
59adc72a	Function	FUN_59adc72a	FUN_59adc72a	Global	DEFAULT	true	false	false
59adc917	Function	FUN_59adc917	FUN_59adc917	Global	DEFAULT	true	false	false
59adca1b	Function	FUN_59adca1b	FUN_59adca1b	Global	DEFAULT	true	false	false
59adcada	Function	FUN_59adcada	FUN_59adcada	Global	DEFAULT	true	false	false
59adcb90	Function	FUN_59adcb90	FUN_59adcb90	Global	DEFAULT	true	false	false
59adcc57	Function	FUN_59adcc57	FUN_59adcc57	Global	DEFAULT	true	false	false
59adcd61	Function	FUN_59adcd61	FUN_59adcd61	Global	DEFAULT	true	false	false
59adce47	Function	FUN_59adce47	FUN_59adce47	Global	DEFAULT	true	false	false
59adce6a	Function	FUN_59adce6a	FUN_59adce6a	Global	DEFAULT	true	false	false
59adcfba	Function	FUN_59adcfba	FUN_59adcfba	Global	DEFAULT	true	false	false
59add1bc	Function	FUN_59add1bc	FUN_59add1bc	Global	DEFAULT	true	false	false
59add330	Function	FUN_59add330	FUN_59add330	Global	DEFAULT	true	false	false
59add36c	Function	FUN_59add36c	FUN_59add36c	Global	DEFAULT	true	false	false
59add3f4	Function	FUN_59add3f4	FUN_59add3f4	Global	DEFAULT	true	false	false
59add54b	Function	FUN_59add54b	FUN_59add54b	Global	DEFAULT	true	false	false
59add5c5	Function	FUN_59add5c5	FUN_59add5c5	Global	DEFAULT	true	false	false
59add674	Function	FUN_59add674	FUN_59add674	Global	DEFAULT	true	false	false
59add6db	Function	FUN_59add6db	FUN_59add6db	Global	DEFAULT	true	false	false
59add700	Function	thunk_FUN_59add36c	thunk_FUN_59add36c	Global	DEFAULT	true	false	false
59add70a	Function	FUN_59add70a	FUN_59add70a	Global	DEFAULT	true	false	false
59add737	Function	FUN_59add737	FUN_59add737	Global	DEFAULT	true	false	false
59add764	Function	FUN_59add764	FUN_59add764	Global	DEFAULT	true	false	false
59add77e	Function	FUN_59add77e	FUN_59add77e	Global	DEFAULT	true	false	false
59add7a1	Function	FUN_59add7a1	FUN_59add7a1	Global	DEFAULT	true	false	false
59add7cf	Function	FUN_59add7cf	FUN_59add7cf	Global	DEFAULT	true	false	false
59add816	Function	FUN_59add816	FUN_59add816	Global	DEFAULT	true	false	false
59add850	Function	FUN_59add850	FUN_59add850	Global	DEFAULT	true	false	false
59add89d	Function	FUN_59add89d	FUN_59add89d	Global	DEFAULT	true	false	false
59add8d5	Function	FUN_59add8d5	FUN_59add8d5	Global	DEFAULT	true	false	false
59add8e9	Function	FUN_59add8e9	FUN_59add8e9	Global	DEFAULT	true	false	false
59add909	Function	FUN_59add909	FUN_59add909	Global	DEFAULT	true	false	false
59add929	Function	FUN_59add929	FUN_59add929	Global	DEFAULT	true	false	false
59add96d	Function	FUN_59add96d	FUN_59add96d	Global	DEFAULT	true	false	false
59add992	Function	FUN_59add992	FUN_59add992	Global	DEFAULT	true	false	false
59add9d1	Function	FUN_59add9d1	FUN_59add9d1	Global	DEFAULT	true	false	false
59adda2a	Function	FUN_59adda2a	FUN_59adda2a	Global	DEFAULT	true	false	false
59adda80	Function	FUN_59adda80	FUN_59adda80	Global	DEFAULT	true	false	false
59addac3	Function	FUN_59addac3	FUN_59addac3	Global	DEFAULT	true	false	false
59addb17	Function	FUN_59addb17	FUN_59addb17	Global	DEFAULT	true	false	false
59addb7e	Function	FUN_59addb7e	FUN_59addb7e	Global	DEFAULT	true	false	false
59addbca	Function	FUN_59addbca	FUN_59addbca	Global	DEFAULT	true	false	false
59addc31	Function	FUN_59addc31	FUN_59addc31	Global	DEFAULT	true	false	false
59addffb	Function	FUN_59addffb	FUN_59addffb	Global	DEFAULT	true	false	false
59ade079	Function	FUN_59ade079	FUN_59ade079	Global	DEFAULT	true	false	false
59ade0e5	Function	FUN_59ade0e5	FUN_59ade0e5	Global	DEFAULT	true	false	false
59ade1f3	Function	FUN_59ade1f3	FUN_59ade1f3	Global	DEFAULT	true	false	false
59ade2ee	Function	FUN_59ade2ee	FUN_59ade2ee	Global	DEFAULT	true	false	false
59ade44f	Function	FUN_59ade44f	FUN_59ade44f	Global	DEFAULT	true	false	false
59ade605	Function	FUN_59ade605	FUN_59ade605	Global	DEFAULT	true	false	false
59ade61c	Function	FUN_59ade61c	FUN_59ade61c	Global	DEFAULT	true	false	false
59ade6e9	Function	FUN_59ade6e9	FUN_59ade6e9	Global	DEFAULT	true	false	false
59ade76d	Function	FUN_59ade76d	FUN_59ade76d	Global	DEFAULT	true	false	false
59ade7b6	Function	FUN_59ade7b6	FUN_59ade7b6	Global	DEFAULT	true	false	false
59ade905	Function	FUN_59ade905	FUN_59ade905	Global	DEFAULT	true	false	false
59ade9ae	Function	FUN_59ade9ae	FUN_59ade9ae	Global	DEFAULT	true	false	false
59ade9e0	Function	FUN_59ade9e0	FUN_59ade9e0	Global	DEFAULT	true	false	false
59adea3a	Function	FUN_59adea3a	FUN_59adea3a	Global	DEFAULT	true	false	false
59adea4b	Function	FUN_59adea4b	FUN_59adea4b	Global	DEFAULT	true	false	false
59adeb57	Function	FUN_59adeb57	FUN_59adeb57	Global	DEFAULT	true	false	false
59adebaa	Function	FUN_59adebaa	FUN_59adebaa	Global	DEFAULT	true	false	false
59adec0d	Function	FUN_59adec0d	FUN_59adec0d	Global	DEFAULT	true	false	false
59aded08	Function	FUN_59aded08	FUN_59aded08	Global	DEFAULT	true	false	false
59aded42	Function	FUN_59aded42	FUN_59aded42	Global	DEFAULT	true	false	false
59aded76	Function	FUN_59aded76	FUN_59aded76	Global	DEFAULT	true	false	false
59aded92	Function	FUN_59aded92	FUN_59aded92	Global	DEFAULT	true	false	false
59adedf0	Function	FUN_59adedf0	FUN_59adedf0	Global	DEFAULT	true	false	false
59adee85	Function	FUN_59adee85	FUN_59adee85	Global	DEFAULT	true	false	false
59adeecf	Function	FUN_59adeecf	FUN_59adeecf	Global	DEFAULT	true	false	false
59adefac	Function	FUN_59adefac	FUN_59adefac	Global	DEFAULT	true	false	false
59adefed	Function	FUN_59adefed	FUN_59adefed	Global	DEFAULT	true	false	false
59adf08c	Function	FUN_59adf08c	FUN_59adf08c	Global	DEFAULT	true	false	false
59adf0f7	Function	FUN_59adf0f7	FUN_59adf0f7	Global	DEFAULT	true	false	false
59adf141	Function	FUN_59adf141	FUN_59adf141	Global	DEFAULT	true	false	false
59adf1f0	Function	FUN_59adf1f0	FUN_59adf1f0	Global	DEFAULT	true	false	false
59adf306	Function	FUN_59adf306	FUN_59adf306	Global	DEFAULT	true	false	false
59adf3ad	Function	FUN_59adf3ad	FUN_59adf3ad	Global	DEFAULT	true	false	false
59adf42b	Function	FUN_59adf42b	FUN_59adf42b	Global	DEFAULT	true	false	false
59adf4d0	Function	FUN_59adf4d0	FUN_59adf4d0	Global	DEFAULT	true	false	false
59adf592	Function	FUN_59adf592	FUN_59adf592	Global	DEFAULT	true	false	false
59adf6a8	Function	FUN_59adf6a8	FUN_59adf6a8	Global	DEFAULT	true	false	false
59adf6d7	Function	FUN_59adf6d7	FUN_59adf6d7	Global	DEFAULT	true	false	false
59adf7bd	Function	FUN_59adf7bd	FUN_59adf7bd	Global	DEFAULT	true	false	false
59adf852	Function	__CxxFrameHandler	MSVCRT.DLL::__CxxFrameHandler	MSVCRT.DLL	DEFAULT	true	false	false
59adf860	Function	FUN_59adf860	FUN_59adf860	Global	DEFAULT	true	false	false
59adf884	Function	__ArrayUnwind	__ArrayUnwind	Global	ANALYSIS	true	false	false
59adf884	Label	?__ArrayUnwind@@YGXPAXIHP6EX0@Z@Z	?__ArrayUnwind@@YGXPAXIHP6EX0@Z@Z	Global	ANALYSIS	false	false	false
59adf8e7	Function	`eh_vector_destructor_iterator'	`eh_vector_destructor_iterator'	Global	ANALYSIS	true	false	false
59adf8e7	Label	??_M@YGXPAXIHP6EX0@Z@Z	??_M@YGXPAXIHP6EX0@Z@Z	Global	ANALYSIS	false	false	false
59adf92f	Function	FUN_59adf92f	FUN_59adf92f	Global	DEFAULT	true	false	false
59adf94c	Function	FUN_59adf94c	FUN_59adf94c	Global	DEFAULT	true	false	false
59adf9a0	Function	_CxxThrowException	MSVCRT.DLL::_CxxThrowException	MSVCRT.DLL	DEFAULT	true	false	false
59adf9b8	Function	~type_info	MSVCRT.DLL::type_info::~type_info	MSVCRT.DLL::type_info	DEFAULT	true	false	false
59adf9c3	Function	FUN_59adf9c3	FUN_59adf9c3	Global	DEFAULT	true	false	false
59adf9ec	Function	FUN_59adf9ec	FUN_59adf9ec	Global	DEFAULT	true	false	false
59adfa3d	Function	FUN_59adfa3d	FUN_59adfa3d	Global	DEFAULT	true	false	false
59adfad6	Function	FUN_59adfad6	FUN_59adfad6	Global	DEFAULT	true	false	false
59adfb15	Function	FUN_59adfb15	FUN_59adfb15	Global	DEFAULT	true	false	false
59adfb66	Function	FUN_59adfb66	FUN_59adfb66	Global	DEFAULT	true	false	false
59adfb9d	Function	FUN_59adfb9d	FUN_59adfb9d	Global	DEFAULT	true	false	false
59adfbbc	Function	FUN_59adfbbc	FUN_59adfbbc	Global	DEFAULT	true	false	false
59adfc05	Function	FUN_59adfc05	FUN_59adfc05	Global	DEFAULT	true	false	false
59adfc44	Function	FUN_59adfc44	FUN_59adfc44	Global	DEFAULT	true	false	false
59adfcd4	Function	FUN_59adfcd4	FUN_59adfcd4	Global	DEFAULT	true	false	false
59adfd79	Function	FUN_59adfd79	FUN_59adfd79	Global	DEFAULT	true	false	false
59adfd9f	Function	FUN_59adfd9f	FUN_59adfd9f	Global	DEFAULT	true	false	false
59adfdd7	Function	FUN_59adfdd7	FUN_59adfdd7	Global	DEFAULT	true	false	false
59adfe0d	Function	FUN_59adfe0d	FUN_59adfe0d	Global	DEFAULT	true	false	false
59adfe5b	Function	FUN_59adfe5b	FUN_59adfe5b	Global	DEFAULT	true	false	false
59adfeb8	Function	FUN_59adfeb8	FUN_59adfeb8	Global	DEFAULT	true	false	false
59adff24	Function	FUN_59adff24	FUN_59adff24	Global	DEFAULT	true	false	false
59adff5b	Function	FUN_59adff5b	FUN_59adff5b	Global	DEFAULT	true	false	false
59adffe7	Function	FUN_59adffe7	FUN_59adffe7	Global	DEFAULT	true	false	false
59ae011c	Function	FUN_59ae011c	FUN_59ae011c	Global	DEFAULT	true	false	false
59ae0170	Function	assign	std::basic_string<char,std::char_traits<char>,std::allocator<char>_>::assign	std::basic_string<char,std::char_traits<char>,std::allocator<char>_>	ANALYSIS	true	false	false
59ae0170	Label	?assign@?$basic_string@DU?$char_traits@D@std@@V?$allocator@D@2@@std@@QAEAAV12@PBD@Z	?assign@?$basic_string@DU?$char_traits@D@std@@V?$allocator@D@2@@std@@QAEAAV12@PBD@Z	Global	ANALYSIS	false	false	false
59ae02b2	Function	FUN_59ae02b2	FUN_59ae02b2	Global	DEFAULT	true	false	false
59ae0401	Function	FUN_59ae0401	FUN_59ae0401	Global	DEFAULT	true	false	false
59ae044c	Function	FUN_59ae044c	FUN_59ae044c	Global	DEFAULT	true	false	false
59ae04a5	Function	FUN_59ae04a5	FUN_59ae04a5	Global	DEFAULT	true	false	false
59ae04ff	Function	FUN_59ae04ff	FUN_59ae04ff	Global	DEFAULT	true	false	false
59ae05c7	Function	FUN_59ae05c7	FUN_59ae05c7	Global	DEFAULT	true	false	false
59ae06f6	Function	FUN_59ae06f6	FUN_59ae06f6	Global	DEFAULT	true	false	false
59ae070f	Function	FUN_59ae070f	FUN_59ae070f	Global	DEFAULT	true	false	false
59ae0795	Function	FUN_59ae0795	FUN_59ae0795	Global	DEFAULT	true	false	false
59ae07af	Function	FUN_59ae07af	FUN_59ae07af	Global	DEFAULT	true	false	false
59ae0820	Function	FUN_59ae0820	FUN_59ae0820	Global	DEFAULT	true	false	false
59ae0972	Function	FUN_59ae0972	FUN_59ae0972	Global	DEFAULT	true	false	false
59ae09bc	Function	FUN_59ae09bc	FUN_59ae09bc	Global	DEFAULT	true	false	false
59ae0aa0	Function	FUN_59ae0aa0	FUN_59ae0aa0	Global	DEFAULT	true	false	false
59ae0b5a	Function	FUN_59ae0b5a	FUN_59ae0b5a	Global	DEFAULT	true	false	false
59ae0bff	Function	FUN_59ae0bff	FUN_59ae0bff	Global	DEFAULT	true	false	false
59ae0cfa	Function	FUN_59ae0cfa	FUN_59ae0cfa	Global	DEFAULT	true	false	false
59ae0e35	Function	FUN_59ae0e35	FUN_59ae0e35	Global	DEFAULT	true	false	false
59ae0e65	Function	FUN_59ae0e65	FUN_59ae0e65	Global	DEFAULT	true	false	false
59ae0ef9	Function	FUN_59ae0ef9	FUN_59ae0ef9	Global	DEFAULT	true	false	false
59ae0f9e	Function	FUN_59ae0f9e	FUN_59ae0f9e	Global	DEFAULT	true	false	false
59ae1048	Function	FUN_59ae1048	FUN_59ae1048	Global	DEFAULT	true	false	false
59ae1417	Function	FUN_59ae1417	FUN_59ae1417	Global	DEFAULT	true	false	false
59ae14be	Function	FUN_59ae14be	FUN_59ae14be	Global	DEFAULT	true	false	false
59ae14d4	Function	FUN_59ae14d4	FUN_59ae14d4	Global	DEFAULT	true	false	false
59ae154e	Function	FUN_59ae154e	FUN_59ae154e	Global	DEFAULT	true	false	false
59ae156c	Function	FUN_59ae156c	FUN_59ae156c	Global	DEFAULT	true	false	false
59ae158b	Function	FUN_59ae158b	FUN_59ae158b	Global	DEFAULT	true	false	false
59ae1622	Function	FUN_59ae1622	FUN_59ae1622	Global	DEFAULT	true	false	false
59ae16cb	Function	FUN_59ae16cb	FUN_59ae16cb	Global	DEFAULT	true	false	false
59ae1709	Function	FUN_59ae1709	FUN_59ae1709	Global	DEFAULT	true	false	false
59ae1744	Function	FUN_59ae1744	FUN_59ae1744	Global	DEFAULT	true	false	false
59ae17c0	Function	FUN_59ae17c0	FUN_59ae17c0	Global	DEFAULT	true	false	false
59ae1823	Function	FUN_59ae1823	FUN_59ae1823	Global	DEFAULT	true	false	false
59ae18a3	Function	FUN_59ae18a3	FUN_59ae18a3	Global	DEFAULT	true	false	false
59ae19a5	Function	FUN_59ae19a5	FUN_59ae19a5	Global	DEFAULT	true	false	false
59ae1a10	Function	FUN_59ae1a10	FUN_59ae1a10	Global	DEFAULT	true	false	false
59ae1a4b	Function	FUN_59ae1a4b	FUN_59ae1a4b	Global	DEFAULT	true	false	false
59ae1a9d	Function	FUN_59ae1a9d	FUN_59ae1a9d	Global	DEFAULT	true	false	false
59ae1aff	Function	FUN_59ae1aff	FUN_59ae1aff	Global	DEFAULT	true	false	false
59ae1b7c	Function	FUN_59ae1b7c	FUN_59ae1b7c	Global	DEFAULT	true	false	false
59ae1bd6	Function	FUN_59ae1bd6	FUN_59ae1bd6	Global	DEFAULT	true	false	false
59ae1c41	Function	FUN_59ae1c41	FUN_59ae1c41	Global	DEFAULT	true	false	false
59ae1cc5	Function	FUN_59ae1cc5	FUN_59ae1cc5	Global	DEFAULT	true	false	false
59ae1d34	Function	FUN_59ae1d34	FUN_59ae1d34	Global	DEFAULT	true	false	false
59ae1d9a	Function	FUN_59ae1d9a	FUN_59ae1d9a	Global	DEFAULT	true	false	false
59ae1e79	Function	FUN_59ae1e79	FUN_59ae1e79	Global	DEFAULT	true	false	false
59ae1f2c	Function	FUN_59ae1f2c	FUN_59ae1f2c	Global	DEFAULT	true	false	false
59ae1fc4	Function	FUN_59ae1fc4	FUN_59ae1fc4	Global	DEFAULT	true	false	false
59ae203e	Function	FUN_59ae203e	FUN_59ae203e	Global	DEFAULT	true	false	false
59ae2079	Function	FUN_59ae2079	FUN_59ae2079	Global	DEFAULT	true	false	false
59ae2126	Function	FUN_59ae2126	FUN_59ae2126	Global	DEFAULT	true	false	false
59ae217d	Function	FUN_59ae217d	FUN_59ae217d	Global	DEFAULT	true	false	false
59ae2204	Function	FUN_59ae2204	FUN_59ae2204	Global	DEFAULT	true	false	false
59ae22dd	Function	FUN_59ae22dd	FUN_59ae22dd	Global	DEFAULT	true	false	false
59ae2397	Function	FUN_59ae2397	FUN_59ae2397	Global	DEFAULT	true	false	false
59ae260d	Function	FUN_59ae260d	FUN_59ae260d	Global	DEFAULT	true	false	false
59ae26d2	Function	FUN_59ae26d2	FUN_59ae26d2	Global	DEFAULT	true	false	false
59ae2744	Function	FUN_59ae2744	FUN_59ae2744	Global	DEFAULT	true	false	false
59ae2801	Function	FUN_59ae2801	FUN_59ae2801	Global	DEFAULT	true	false	false
59ae2917	Function	FUN_59ae2917	FUN_59ae2917	Global	DEFAULT	true	false	false
59ae2b80	Function	FUN_59ae2b80	FUN_59ae2b80	Global	DEFAULT	true	false	false
59ae2c66	Function	FUN_59ae2c66	FUN_59ae2c66	Global	DEFAULT	true	false	false
59ae2cc4	Function	FUN_59ae2cc4	FUN_59ae2cc4	Global	DEFAULT	true	false	false
59ae2d7b	Function	FUN_59ae2d7b	FUN_59ae2d7b	Global	DEFAULT	true	false	false
59ae2dd7	Function	FUN_59ae2dd7	FUN_59ae2dd7	Global	DEFAULT	true	false	false
59ae2e1e	Function	FUN_59ae2e1e	FUN_59ae2e1e	Global	DEFAULT	true	false	false
59ae2e85	Function	FUN_59ae2e85	FUN_59ae2e85	Global	DEFAULT	true	false	false
59ae2ebe	Function	FUN_59ae2ebe	FUN_59ae2ebe	Global	DEFAULT	true	false	false
59ae3047	Function	FUN_59ae3047	FUN_59ae3047	Global	DEFAULT	true	false	false
59ae3096	Function	FUN_59ae3096	FUN_59ae3096	Global	DEFAULT	true	false	false
59ae30b5	Function	FUN_59ae30b5	FUN_59ae30b5	Global	DEFAULT	true	false	false
59ae30d4	Function	FUN_59ae30d4	FUN_59ae30d4	Global	DEFAULT	true	false	false
59ae3149	Function	FUN_59ae3149	FUN_59ae3149	Global	DEFAULT	true	false	false
59ae317f	Function	FUN_59ae317f	FUN_59ae317f	Global	DEFAULT	true	false	false
59ae31fe	Function	FUN_59ae31fe	FUN_59ae31fe	Global	DEFAULT	true	false	false
59ae3361	Function	FUN_59ae3361	FUN_59ae3361	Global	DEFAULT	true	false	false
59ae33a4	Function	FUN_59ae33a4	FUN_59ae33a4	Global	DEFAULT	true	false	false
59ae33d2	Function	FUN_59ae33d2	FUN_59ae33d2	Global	DEFAULT	true	false	false
59ae3423	Function	FUN_59ae3423	FUN_59ae3423	Global	DEFAULT	true	false	false
59ae3455	Function	FUN_59ae3455	FUN_59ae3455	Global	DEFAULT	true	false	false
59ae3483	Function	FUN_59ae3483	FUN_59ae3483	Global	DEFAULT	true	false	false
59ae34a5	Function	FUN_59ae34a5	FUN_59ae34a5	Global	DEFAULT	true	false	false
59ae34cd	Function	FUN_59ae34cd	FUN_59ae34cd	Global	DEFAULT	true	false	false
59ae3522	Function	FUN_59ae3522	FUN_59ae3522	Global	DEFAULT	true	false	false
59ae3557	Function	FUN_59ae3557	FUN_59ae3557	Global	DEFAULT	true	false	false
59ae3609	Function	FUN_59ae3609	FUN_59ae3609	Global	DEFAULT	true	false	false
59ae36f1	Function	FUN_59ae36f1	FUN_59ae36f1	Global	DEFAULT	true	false	false
59ae376e	Function	FUN_59ae376e	FUN_59ae376e	Global	DEFAULT	true	false	false
59ae37f2	Function	FUN_59ae37f2	FUN_59ae37f2	Global	DEFAULT	true	false	false
59ae3824	Function	FUN_59ae3824	FUN_59ae3824	Global	DEFAULT	true	false	false
59ae396a	Function	FUN_59ae396a	FUN_59ae396a	Global	DEFAULT	true	false	false
59ae3a96	Function	FUN_59ae3a96	FUN_59ae3a96	Global	DEFAULT	true	false	false
59ae3ad0	Function	FUN_59ae3ad0	FUN_59ae3ad0	Global	DEFAULT	true	false	false
59ae3b44	Function	FUN_59ae3b44	FUN_59ae3b44	Global	DEFAULT	true	false	false
59ae3e88	Function	FUN_59ae3e88	FUN_59ae3e88	Global	DEFAULT	true	false	false
59ae3ea8	Function	FUN_59ae3ea8	FUN_59ae3ea8	Global	DEFAULT	true	false	false
59ae40bf	Function	FUN_59ae40bf	FUN_59ae40bf	Global	DEFAULT	true	false	false
59ae412a	Function	FUN_59ae412a	FUN_59ae412a	Global	DEFAULT	true	false	false
59ae4192	Function	FUN_59ae4192	FUN_59ae4192	Global	DEFAULT	true	false	false
59ae425a	Function	FUN_59ae425a	FUN_59ae425a	Global	DEFAULT	true	false	false
59ae4276	Function	FUN_59ae4276	FUN_59ae4276	Global	DEFAULT	true	false	false
59ae4298	Function	FUN_59ae4298	FUN_59ae4298	Global	DEFAULT	true	false	false
59ae42bb	Function	FUN_59ae42bb	FUN_59ae42bb	Global	DEFAULT	true	false	false
59ae432a	Function	FUN_59ae432a	FUN_59ae432a	Global	DEFAULT	true	false	false
59ae4380	Function	FUN_59ae4380	FUN_59ae4380	Global	DEFAULT	true	false	false
59ae43a3	Function	FUN_59ae43a3	FUN_59ae43a3	Global	DEFAULT	true	false	false
59ae43d0	Function	FUN_59ae43d0	FUN_59ae43d0	Global	DEFAULT	true	false	false
59ae43f0	Function	FUN_59ae43f0	FUN_59ae43f0	Global	DEFAULT	true	false	false
59ae463c	Function	FUN_59ae463c	FUN_59ae463c	Global	DEFAULT	true	false	false
59ae467e	Function	FUN_59ae467e	FUN_59ae467e	Global	DEFAULT	true	false	false
59ae479d	Function	FUN_59ae479d	FUN_59ae479d	Global	DEFAULT	true	false	false
59ae47b1	Function	FUN_59ae47b1	FUN_59ae47b1	Global	DEFAULT	true	false	false
59ae4af0	Function	FUN_59ae4af0	FUN_59ae4af0	Global	DEFAULT	true	false	false
59ae4c55	Function	FUN_59ae4c55	FUN_59ae4c55	Global	DEFAULT	true	false	false
59ae4c81	Function	FUN_59ae4c81	FUN_59ae4c81	Global	DEFAULT	true	false	false
59ae4cbf	Function	FUN_59ae4cbf	FUN_59ae4cbf	Global	DEFAULT	true	false	false
59ae4cfe	Function	FUN_59ae4cfe	FUN_59ae4cfe	Global	DEFAULT	true	false	false
59ae4d32	Function	FUN_59ae4d32	FUN_59ae4d32	Global	DEFAULT	true	false	false
59ae4d75	Function	FUN_59ae4d75	FUN_59ae4d75	Global	DEFAULT	true	false	false
59ae4df6	Function	FUN_59ae4df6	FUN_59ae4df6	Global	DEFAULT	true	false	false
59ae4e5e	Function	FUN_59ae4e5e	FUN_59ae4e5e	Global	DEFAULT	true	false	false
59ae4e85	Label	switchD	switchD_59ae4e85::switchD	switchD_59ae4e85	ANALYSIS	true	false	false
59ae4e8c	Label	caseD_405	switchD_59ae4e85::caseD_405	switchD_59ae4e85	ANALYSIS	true	false	false
59ae4e98	Label	caseD_400	switchD_59ae4e85::caseD_400	switchD_59ae4e85	ANALYSIS	true	false	false
59ae4ec6	Label	caseD_401	switchD_59ae4e85::caseD_401	switchD_59ae4e85	ANALYSIS	true	false	false
59ae4ec6	Label	caseD_402	switchD_59ae4e85::caseD_402	switchD_59ae4e85	ANALYSIS	false	false	false
59ae4f04	Label	caseD_40b	switchD_59ae4e85::caseD_40b	switchD_59ae4e85	ANALYSIS	true	false	false
59ae4f0d	Label	caseD_404	switchD_59ae4e85::caseD_404	switchD_59ae4e85	ANALYSIS	true	false	false
59ae4f19	Label	caseD_406	switchD_59ae4e85::caseD_406	switchD_59ae4e85	ANALYSIS	true	false	false
59ae4f47	Label	caseD_407	switchD_59ae4e85::caseD_407	switchD_59ae4e85	ANALYSIS	true	false	false
59ae4f66	Label	caseD_40a	switchD_59ae4e85::caseD_40a	switchD_59ae4e85	ANALYSIS	true	false	false
59ae4f84	Label	caseD_40d	switchD_59ae4e85::caseD_40d	switchD_59ae4e85	ANALYSIS	true	false	false
59ae4faa	Label	caseD_408	switchD_59ae4e85::caseD_408	switchD_59ae4e85	ANALYSIS	true	false	false
59ae4fc1	Label	caseD_40c	switchD_59ae4e85::caseD_40c	switchD_59ae4e85	ANALYSIS	true	false	false
59ae5011	Label	caseD_403	switchD_59ae4e85::caseD_403	switchD_59ae4e85	ANALYSIS	true	false	false
59ae502b	Label	caseD_409	switchD_59ae4e85::caseD_409	switchD_59ae4e85	ANALYSIS	true	false	false
59ae5096	Label	default	switchD_59ae4e85::default	switchD_59ae4e85	ANALYSIS	true	false	false
59ae5099	Label	switchdataD_59ae5099	switchD_59ae4e85::switchdataD_59ae5099	switchD_59ae4e85	ANALYSIS	true	false	false
59ae50d6	Function	FUN_59ae50d6	FUN_59ae50d6	Global	DEFAULT	true	false	false
59ae523f	Function	FUN_59ae523f	FUN_59ae523f	Global	DEFAULT	true	false	false
59ae5352	Function	FUN_59ae5352	FUN_59ae5352	Global	DEFAULT	true	false	false
59ae54b7	Function	FUN_59ae54b7	FUN_59ae54b7	Global	DEFAULT	true	false	false
59ae54e8	Function	FUN_59ae54e8	FUN_59ae54e8	Global	DEFAULT	true	false	false
59ae5520	Function	FUN_59ae5520	FUN_59ae5520	Global	DEFAULT	true	false	false
59ae55a6	Function	FUN_59ae55a6	FUN_59ae55a6	Global	DEFAULT	true	false	false
59ae5610	Function	FUN_59ae5610	FUN_59ae5610	Global	DEFAULT	true	false	false
59ae5637	Function	FUN_59ae5637	FUN_59ae5637	Global	DEFAULT	true	false	false
59ae5671	Function	FUN_59ae5671	FUN_59ae5671	Global	DEFAULT	true	false	false
59ae5835	Function	FUN_59ae5835	FUN_59ae5835	Global	DEFAULT	true	false	false
59ae588d	Function	FUN_59ae588d	FUN_59ae588d	Global	DEFAULT	true	false	false
59ae5926	Function	FUN_59ae5926	FUN_59ae5926	Global	DEFAULT	true	false	false
59ae5987	Function	FUN_59ae5987	FUN_59ae5987	Global	DEFAULT	true	false	false
59ae59dc	Function	FUN_59ae59dc	FUN_59ae59dc	Global	DEFAULT	true	false	false
59ae5a1f	Function	FUN_59ae5a1f	FUN_59ae5a1f	Global	DEFAULT	true	false	false
59ae5a60	Function	FUN_59ae5a60	FUN_59ae5a60	Global	DEFAULT	true	false	false
59ae5a8e	Function	FUN_59ae5a8e	FUN_59ae5a8e	Global	DEFAULT	true	false	false
59ae5acc	Function	FUN_59ae5acc	FUN_59ae5acc	Global	DEFAULT	true	false	false
59ae5b00	Function	FUN_59ae5b00	FUN_59ae5b00	Global	DEFAULT	true	false	false
59ae5d79	Label	switchD	switchD_59ae5d79::switchD	switchD_59ae5d79	ANALYSIS	true	false	false
59ae5d80	Label	caseD_204	switchD_59ae5d79::caseD_204	switchD_59ae5d79	ANALYSIS	true	false	false
59ae5de2	Label	caseD_207	switchD_59ae5d79::caseD_207	switchD_59ae5d79	ANALYSIS	true	false	false
59ae5e3b	Label	caseD_205	switchD_59ae5d79::caseD_205	switchD_59ae5d79	ANALYSIS	true	false	false
59ae5e65	Label	caseD_206	switchD_59ae5d79::caseD_206	switchD_59ae5d79	ANALYSIS	true	false	false
59ae5e82	Label	caseD_208	switchD_59ae5d79::caseD_208	switchD_59ae5d79	ANALYSIS	true	false	false
59ae5e82	Label	caseD_209	switchD_59ae5d79::caseD_209	switchD_59ae5d79	ANALYSIS	false	false	false
59ae5eb2	Label	caseD_20a	switchD_59ae5d79::caseD_20a	switchD_59ae5d79	ANALYSIS	true	false	false
59ae5eb2	Label	caseD_20b	switchD_59ae5d79::caseD_20b	switchD_59ae5d79	ANALYSIS	false	false	false
59ae5ef7	Label	caseD_20c	switchD_59ae5d79::caseD_20c	switchD_59ae5d79	ANALYSIS	true	false	false
59ae5f18	Label	default	switchD_59ae5d79::default	switchD_59ae5d79	ANALYSIS	true	false	false
59ae5f26	Label	switchdataD_59ae5f26	switchD_59ae5d79::switchdataD_59ae5f26	switchD_59ae5d79	ANALYSIS	true	false	false
59ae5f4f	Function	FUN_59ae5f4f	FUN_59ae5f4f	Global	DEFAULT	true	false	false
59ae6021	Function	FUN_59ae6021	FUN_59ae6021	Global	DEFAULT	true	false	false
59ae6090	Function	FUN_59ae6090	FUN_59ae6090	Global	DEFAULT	true	false	false
59ae610d	Function	FUN_59ae610d	FUN_59ae610d	Global	DEFAULT	true	false	false
59ae6142	Function	FUN_59ae6142	FUN_59ae6142	Global	DEFAULT	true	false	false
59ae618e	Function	FUN_59ae618e	FUN_59ae618e	Global	DEFAULT	true	false	false
59ae61f7	Function	FUN_59ae61f7	FUN_59ae61f7	Global	DEFAULT	true	false	false
59ae622e	Function	FUN_59ae622e	FUN_59ae622e	Global	DEFAULT	true	false	false
59ae62f6	Function	FUN_59ae62f6	FUN_59ae62f6	Global	DEFAULT	true	false	false
59ae6324	Function	FUN_59ae6324	FUN_59ae6324	Global	DEFAULT	true	false	false
59ae6353	Function	FUN_59ae6353	FUN_59ae6353	Global	DEFAULT	true	false	false
59ae63df	Function	FUN_59ae63df	FUN_59ae63df	Global	DEFAULT	true	false	false
59ae6469	Function	Unwind@59ae6469	Unwind@59ae6469	Global	ANALYSIS	true	false	false
59ae6471	Function	Unwind@59ae6471	Unwind@59ae6471	Global	ANALYSIS	true	false	false
59ae647b	Function	Unwind@59ae647b	Unwind@59ae647b	Global	ANALYSIS	true	false	false
59ae6494	Function	Unwind@59ae6494	Unwind@59ae6494	Global	ANALYSIS	true	false	false
59ae64ab	Function	Unwind@59ae64ab	Unwind@59ae64ab	Global	ANALYSIS	true	false	false
59ae64c5	Function	Unwind@59ae64c5	Unwind@59ae64c5	Global	ANALYSIS	true	false	false
59ae64dc	Function	Unwind@59ae64dc	Unwind@59ae64dc	Global	ANALYSIS	true	false	false
59ae64e4	Function	Unwind@59ae64e4	Unwind@59ae64e4	Global	ANALYSIS	true	false	false
59ae64fe	Function	Unwind@59ae64fe	Unwind@59ae64fe	Global	ANALYSIS	true	false	false
59ae6508	Function	Unwind@59ae6508	Unwind@59ae6508	Global	ANALYSIS	true	false	false
59ae6512	Function	Unwind@59ae6512	Unwind@59ae6512	Global	ANALYSIS	true	false	false
59ae651c	Function	Unwind@59ae651c	Unwind@59ae651c	Global	ANALYSIS	true	false	false
59ae6526	Function	Unwind@59ae6526	Unwind@59ae6526	Global	ANALYSIS	true	false	false
59ae6530	Function	Unwind@59ae6530	Unwind@59ae6530	Global	ANALYSIS	true	false	false
59ae653a	Function	Unwind@59ae653a	Unwind@59ae653a	Global	ANALYSIS	true	false	false
59ae6553	Function	Unwind@59ae6553	Unwind@59ae6553	Global	ANALYSIS	true	false	false
59ae656c	Function	Unwind@59ae656c	Unwind@59ae656c	Global	ANALYSIS	true	false	false
59ae6586	Function	Unwind@59ae6586	Unwind@59ae6586	Global	ANALYSIS	true	false	false
59ae65a0	Function	Unwind@59ae65a0	Unwind@59ae65a0	Global	ANALYSIS	true	false	false
59ae65b9	Function	Unwind@59ae65b9	Unwind@59ae65b9	Global	ANALYSIS	true	false	false
59ae65c3	Function	Unwind@59ae65c3	Unwind@59ae65c3	Global	ANALYSIS	true	false	false
59ae65da	Function	Unwind@59ae65da	Unwind@59ae65da	Global	ANALYSIS	true	false	false
59ae65f4	Function	Unwind@59ae65f4	Unwind@59ae65f4	Global	ANALYSIS	true	false	false
59ae6617	Function	Unwind@59ae6617	Unwind@59ae6617	Global	ANALYSIS	true	false	false
59ae662e	Function	Unwind@59ae662e	Unwind@59ae662e	Global	ANALYSIS	true	false	false
59ae6638	Function	Unwind@59ae6638	Unwind@59ae6638	Global	ANALYSIS	true	false	false
59ae6642	Function	Unwind@59ae6642	Unwind@59ae6642	Global	ANALYSIS	true	false	false
59ae664c	Function	Unwind@59ae664c	Unwind@59ae664c	Global	ANALYSIS	true	false	false
59ae6656	Function	Unwind@59ae6656	Unwind@59ae6656	Global	ANALYSIS	true	false	false
59ae6660	Function	Unwind@59ae6660	Unwind@59ae6660	Global	ANALYSIS	true	false	false
59ae666a	Function	Unwind@59ae666a	Unwind@59ae666a	Global	ANALYSIS	true	false	false
59ae6674	Function	Unwind@59ae6674	Unwind@59ae6674	Global	ANALYSIS	true	false	false
59ae667e	Function	Unwind@59ae667e	Unwind@59ae667e	Global	ANALYSIS	true	false	false
59ae6688	Function	Unwind@59ae6688	Unwind@59ae6688	Global	ANALYSIS	true	false	false
59ae6692	Function	Unwind@59ae6692	Unwind@59ae6692	Global	ANALYSIS	true	false	false
59ae669c	Function	Unwind@59ae669c	Unwind@59ae669c	Global	ANALYSIS	true	false	false
59ae66a6	Function	Unwind@59ae66a6	Unwind@59ae66a6	Global	ANALYSIS	true	false	false
59ae66b0	Function	Unwind@59ae66b0	Unwind@59ae66b0	Global	ANALYSIS	true	false	false
59ae66ba	Function	Unwind@59ae66ba	Unwind@59ae66ba	Global	ANALYSIS	true	false	false
59ae66c4	Function	Unwind@59ae66c4	Unwind@59ae66c4	Global	ANALYSIS	true	false	false
59ae66ce	Function	Unwind@59ae66ce	Unwind@59ae66ce	Global	ANALYSIS	true	false	false
59ae66d8	Function	Unwind@59ae66d8	Unwind@59ae66d8	Global	ANALYSIS	true	false	false
59ae66e2	Function	Unwind@59ae66e2	Unwind@59ae66e2	Global	ANALYSIS	true	false	false
59ae66ec	Function	Unwind@59ae66ec	Unwind@59ae66ec	Global	ANALYSIS	true	false	false
59ae66f6	Function	Unwind@59ae66f6	Unwind@59ae66f6	Global	ANALYSIS	true	false	false
59ae6700	Function	Unwind@59ae6700	Unwind@59ae6700	Global	ANALYSIS	true	false	false
59ae6719	Function	Unwind@59ae6719	Unwind@59ae6719	Global	ANALYSIS	true	false	false
59ae6723	Function	Unwind@59ae6723	Unwind@59ae6723	Global	ANALYSIS	true	false	false
59ae672d	Function	Unwind@59ae672d	Unwind@59ae672d	Global	ANALYSIS	true	false	false
59ae6737	Function	Unwind@59ae6737	Unwind@59ae6737	Global	ANALYSIS	true	false	false
59ae6741	Function	Unwind@59ae6741	Unwind@59ae6741	Global	ANALYSIS	true	false	false
59ae674b	Function	Unwind@59ae674b	Unwind@59ae674b	Global	ANALYSIS	true	false	false
59ae6755	Function	Unwind@59ae6755	Unwind@59ae6755	Global	ANALYSIS	true	false	false
59ae675f	Function	Unwind@59ae675f	Unwind@59ae675f	Global	ANALYSIS	true	false	false
59ae6769	Function	Unwind@59ae6769	Unwind@59ae6769	Global	ANALYSIS	true	false	false
59ae6782	Function	Unwind@59ae6782	Unwind@59ae6782	Global	ANALYSIS	true	false	false
59ae678c	Function	Unwind@59ae678c	Unwind@59ae678c	Global	ANALYSIS	true	false	false
59ae6796	Function	Unwind@59ae6796	Unwind@59ae6796	Global	ANALYSIS	true	false	false
59ae67a0	Function	Unwind@59ae67a0	Unwind@59ae67a0	Global	ANALYSIS	true	false	false
59ae67aa	Function	Unwind@59ae67aa	Unwind@59ae67aa	Global	ANALYSIS	true	false	false
59ae67b4	Function	Unwind@59ae67b4	Unwind@59ae67b4	Global	ANALYSIS	true	false	false
59ae67cd	Function	Unwind@59ae67cd	Unwind@59ae67cd	Global	ANALYSIS	true	false	false
59ae67d7	Function	Unwind@59ae67d7	Unwind@59ae67d7	Global	ANALYSIS	true	false	false
59ae67e1	Function	Unwind@59ae67e1	Unwind@59ae67e1	Global	ANALYSIS	true	false	false
59ae67eb	Function	Unwind@59ae67eb	Unwind@59ae67eb	Global	ANALYSIS	true	false	false
59ae67f5	Function	Unwind@59ae67f5	Unwind@59ae67f5	Global	ANALYSIS	true	false	false
59ae67ff	Function	Unwind@59ae67ff	Unwind@59ae67ff	Global	ANALYSIS	true	false	false
59ae6809	Function	Unwind@59ae6809	Unwind@59ae6809	Global	ANALYSIS	true	false	false
59ae6813	Function	Unwind@59ae6813	Unwind@59ae6813	Global	ANALYSIS	true	false	false
59ae681d	Function	Unwind@59ae681d	Unwind@59ae681d	Global	ANALYSIS	true	false	false
59ae6827	Function	Unwind@59ae6827	Unwind@59ae6827	Global	ANALYSIS	true	false	false
59ae6831	Function	Unwind@59ae6831	Unwind@59ae6831	Global	ANALYSIS	true	false	false
59ae683b	Function	Unwind@59ae683b	Unwind@59ae683b	Global	ANALYSIS	true	false	false
59ae6845	Function	Unwind@59ae6845	Unwind@59ae6845	Global	ANALYSIS	true	false	false
59ae684f	Function	Unwind@59ae684f	Unwind@59ae684f	Global	ANALYSIS	true	false	false
59ae6859	Function	Unwind@59ae6859	Unwind@59ae6859	Global	ANALYSIS	true	false	false
59ae6863	Function	Unwind@59ae6863	Unwind@59ae6863	Global	ANALYSIS	true	false	false
59ae686d	Function	Unwind@59ae686d	Unwind@59ae686d	Global	ANALYSIS	true	false	false
59ae6877	Function	Unwind@59ae6877	Unwind@59ae6877	Global	ANALYSIS	true	false	false
59ae6890	Function	Unwind@59ae6890	Unwind@59ae6890	Global	ANALYSIS	true	false	false
59ae689a	Function	Unwind@59ae689a	Unwind@59ae689a	Global	ANALYSIS	true	false	false
59ae68a4	Function	Unwind@59ae68a4	Unwind@59ae68a4	Global	ANALYSIS	true	false	false
59ae68ae	Function	Unwind@59ae68ae	Unwind@59ae68ae	Global	ANALYSIS	true	false	false
59ae68b8	Function	Unwind@59ae68b8	Unwind@59ae68b8	Global	ANALYSIS	true	false	false
59ae68c2	Function	Unwind@59ae68c2	Unwind@59ae68c2	Global	ANALYSIS	true	false	false
59ae68cc	Function	Unwind@59ae68cc	Unwind@59ae68cc	Global	ANALYSIS	true	false	false
59ae68d6	Function	Unwind@59ae68d6	Unwind@59ae68d6	Global	ANALYSIS	true	false	false
59ae68e0	Function	Unwind@59ae68e0	Unwind@59ae68e0	Global	ANALYSIS	true	false	false
59ae68ea	Function	Unwind@59ae68ea	Unwind@59ae68ea	Global	ANALYSIS	true	false	false
59ae68f4	Function	Unwind@59ae68f4	Unwind@59ae68f4	Global	ANALYSIS	true	false	false
59ae68fe	Function	Unwind@59ae68fe	Unwind@59ae68fe	Global	ANALYSIS	true	false	false
59ae6908	Function	Unwind@59ae6908	Unwind@59ae6908	Global	ANALYSIS	true	false	false
59ae6912	Function	Unwind@59ae6912	Unwind@59ae6912	Global	ANALYSIS	true	false	false
59ae692b	Function	Unwind@59ae692b	Unwind@59ae692b	Global	ANALYSIS	true	false	false
59ae6944	Function	Unwind@59ae6944	Unwind@59ae6944	Global	ANALYSIS	true	false	false
59ae6958	Function	Unwind@59ae6958	Unwind@59ae6958	Global	ANALYSIS	true	false	false
59ae6966	Function	Unwind@59ae6966	Unwind@59ae6966	Global	ANALYSIS	true	false	false
59ae6974	Function	Unwind@59ae6974	Unwind@59ae6974	Global	ANALYSIS	true	false	false
59ae6982	Function	Unwind@59ae6982	Unwind@59ae6982	Global	ANALYSIS	true	false	false
59ae6990	Function	Unwind@59ae6990	Unwind@59ae6990	Global	ANALYSIS	true	false	false
59ae69ad	Function	Unwind@59ae69ad	Unwind@59ae69ad	Global	ANALYSIS	true	false	false
59ae69c6	Function	Unwind@59ae69c6	Unwind@59ae69c6	Global	ANALYSIS	true	false	false
59ae69da	Function	Unwind@59ae69da	Unwind@59ae69da	Global	ANALYSIS	true	false	false
59ae69e5	Function	Unwind@59ae69e5	Unwind@59ae69e5	Global	ANALYSIS	true	false	false
59ae69f0	Function	Unwind@59ae69f0	Unwind@59ae69f0	Global	ANALYSIS	true	false	false
59ae69fb	Function	Unwind@59ae69fb	Unwind@59ae69fb	Global	ANALYSIS	true	false	false
59ae6a06	Function	Unwind@59ae6a06	Unwind@59ae6a06	Global	ANALYSIS	true	false	false
59ae6a11	Function	Unwind@59ae6a11	Unwind@59ae6a11	Global	ANALYSIS	true	false	false
59ae6a2b	Function	Unwind@59ae6a2b	Unwind@59ae6a2b	Global	ANALYSIS	true	false	false
59ae6a45	Function	Unwind@59ae6a45	Unwind@59ae6a45	Global	ANALYSIS	true	false	false
59ae6a5c	Function	Unwind@59ae6a5c	Unwind@59ae6a5c	Global	ANALYSIS	true	false	false
59ae6a64	Function	Unwind@59ae6a64	Unwind@59ae6a64	Global	ANALYSIS	true	false	false
59ae6a7e	Function	Unwind@59ae6a7e	Unwind@59ae6a7e	Global	ANALYSIS	true	false	false
59ae6a95	Function	Unwind@59ae6a95	Unwind@59ae6a95	Global	ANALYSIS	true	false	false
59ae6a9d	Function	Unwind@59ae6a9d	Unwind@59ae6a9d	Global	ANALYSIS	true	false	false
59ae6aa5	Function	Unwind@59ae6aa5	Unwind@59ae6aa5	Global	ANALYSIS	true	false	false
59ae6aad	Function	Unwind@59ae6aad	Unwind@59ae6aad	Global	ANALYSIS	true	false	false
59ae6ac4	Function	Unwind@59ae6ac4	Unwind@59ae6ac4	Global	ANALYSIS	true	false	false
59ae6acc	Function	Unwind@59ae6acc	Unwind@59ae6acc	Global	ANALYSIS	true	false	false
59ae6ae3	Function	Unwind@59ae6ae3	Unwind@59ae6ae3	Global	ANALYSIS	true	false	false
59ae6aeb	Function	Unwind@59ae6aeb	Unwind@59ae6aeb	Global	ANALYSIS	true	false	false
59ae6b02	Function	Unwind@59ae6b02	Unwind@59ae6b02	Global	ANALYSIS	true	false	false
59ae6b0a	Function	Unwind@59ae6b0a	Unwind@59ae6b0a	Global	ANALYSIS	true	false	false
59ae6b21	Function	Unwind@59ae6b21	Unwind@59ae6b21	Global	ANALYSIS	true	false	false
59ae6b29	Function	Unwind@59ae6b29	Unwind@59ae6b29	Global	ANALYSIS	true	false	false
59ae6b40	Function	Unwind@59ae6b40	Unwind@59ae6b40	Global	ANALYSIS	true	false	false
59ae6b48	Function	Unwind@59ae6b48	Unwind@59ae6b48	Global	ANALYSIS	true	false	false
59ae6b52	Function	Unwind@59ae6b52	Unwind@59ae6b52	Global	ANALYSIS	true	false	false
59ae6b6b	Function	Unwind@59ae6b6b	Unwind@59ae6b6b	Global	ANALYSIS	true	false	false
59ae6b82	Function	Unwind@59ae6b82	Unwind@59ae6b82	Global	ANALYSIS	true	false	false
59ae6b99	Function	Unwind@59ae6b99	Unwind@59ae6b99	Global	ANALYSIS	true	false	false
59ae6bb0	Function	Unwind@59ae6bb0	Unwind@59ae6bb0	Global	ANALYSIS	true	false	false
59ae6bb8	Function	Unwind@59ae6bb8	Unwind@59ae6bb8	Global	ANALYSIS	true	false	false
59ae6bc3	Function	Unwind@59ae6bc3	Unwind@59ae6bc3	Global	ANALYSIS	true	false	false
59ae6bdd	Function	Unwind@59ae6bdd	Unwind@59ae6bdd	Global	ANALYSIS	true	false	false
59ae6be5	Function	Unwind@59ae6be5	Unwind@59ae6be5	Global	ANALYSIS	true	false	false
59ae6bed	Function	Unwind@59ae6bed	Unwind@59ae6bed	Global	ANALYSIS	true	false	false
59ae6c04	Function	Unwind@59ae6c04	Unwind@59ae6c04	Global	ANALYSIS	true	false	false
59ae6c1b	Function	Unwind@59ae6c1b	Unwind@59ae6c1b	Global	ANALYSIS	true	false	false
59ae6c32	Function	Unwind@59ae6c32	Unwind@59ae6c32	Global	ANALYSIS	true	false	false
59ae6c49	Function	Unwind@59ae6c49	Unwind@59ae6c49	Global	ANALYSIS	true	false	false
59ae6c54	Function	Unwind@59ae6c54	Unwind@59ae6c54	Global	ANALYSIS	true	false	false
59ae6c6e	Function	Unwind@59ae6c6e	Unwind@59ae6c6e	Global	ANALYSIS	true	false	false
59ae6c88	Function	Unwind@59ae6c88	Unwind@59ae6c88	Global	ANALYSIS	true	false	false
59ae6c9c	Function	Unwind@59ae6c9c	Unwind@59ae6c9c	Global	ANALYSIS	true	false	false
59ae6cb6	Function	Unwind@59ae6cb6	Unwind@59ae6cb6	Global	ANALYSIS	true	false	false
59ae6ccd	Function	Unwind@59ae6ccd	Unwind@59ae6ccd	Global	ANALYSIS	true	false	false
59ae6ce4	Function	Unwind@59ae6ce4	Unwind@59ae6ce4	Global	ANALYSIS	true	false	false
59ae6cfb	Function	Unwind@59ae6cfb	Unwind@59ae6cfb	Global	ANALYSIS	true	false	false
59ae6d15	Function	Unwind@59ae6d15	Unwind@59ae6d15	Global	ANALYSIS	true	false	false
59ae6d29	Function	Unwind@59ae6d29	Unwind@59ae6d29	Global	ANALYSIS	true	false	false
59ae6d3d	Function	Unwind@59ae6d3d	Unwind@59ae6d3d	Global	ANALYSIS	true	false	false
59ae6d48	Function	Unwind@59ae6d48	Unwind@59ae6d48	Global	ANALYSIS	true	false	false
59ae6d62	Function	Unwind@59ae6d62	Unwind@59ae6d62	Global	ANALYSIS	true	false	false
59ae6d6a	Function	Unwind@59ae6d6a	Unwind@59ae6d6a	Global	ANALYSIS	true	false	false
59ae6d87	Function	Unwind@59ae6d87	Unwind@59ae6d87	Global	ANALYSIS	true	false	false
59ae6d8f	Function	Unwind@59ae6d8f	Unwind@59ae6d8f	Global	ANALYSIS	true	false	false
59ae6d9a	Function	Unwind@59ae6d9a	Unwind@59ae6d9a	Global	ANALYSIS	true	false	false
59ae6db4	Function	Unwind@59ae6db4	Unwind@59ae6db4	Global	ANALYSIS	true	false	false
59ae6dbc	Function	Unwind@59ae6dbc	Unwind@59ae6dbc	Global	ANALYSIS	true	false	false
59ae6dc7	Function	Unwind@59ae6dc7	Unwind@59ae6dc7	Global	ANALYSIS	true	false	false
59ae6dd2	Function	Unwind@59ae6dd2	Unwind@59ae6dd2	Global	ANALYSIS	true	false	false
59ae6dec	Function	Unwind@59ae6dec	Unwind@59ae6dec	Global	ANALYSIS	true	false	false
59ae6e03	Function	Unwind@59ae6e03	Unwind@59ae6e03	Global	ANALYSIS	true	false	false
59ae6e1c	Function	Unwind@59ae6e1c	Unwind@59ae6e1c	Global	ANALYSIS	true	false	false
59ae6e27	Function	Unwind@59ae6e27	Unwind@59ae6e27	Global	ANALYSIS	true	false	false
59ae6e32	Function	Unwind@59ae6e32	Unwind@59ae6e32	Global	ANALYSIS	true	false	false
59ae6e4c	Function	Unwind@59ae6e4c	Unwind@59ae6e4c	Global	ANALYSIS	true	false	false
59ae6e65	Function	Unwind@59ae6e65	Unwind@59ae6e65	Global	ANALYSIS	true	false	false
59ae6e7e	Function	Unwind@59ae6e7e	Unwind@59ae6e7e	Global	ANALYSIS	true	false	false
59ae6e97	Function	Unwind@59ae6e97	Unwind@59ae6e97	Global	ANALYSIS	true	false	false
59ae6ea1	Function	Unwind@59ae6ea1	Unwind@59ae6ea1	Global	ANALYSIS	true	false	false
59ae6eba	Function	Unwind@59ae6eba	Unwind@59ae6eba	Global	ANALYSIS	true	false	false
59ae6ed1	Function	Unwind@59ae6ed1	Unwind@59ae6ed1	Global	ANALYSIS	true	false	false
59ae6edc	Function	Unwind@59ae6edc	Unwind@59ae6edc	Global	ANALYSIS	true	false	false
59ae6eea	Function	Unwind@59ae6eea	Unwind@59ae6eea	Global	ANALYSIS	true	false	false
59ae6ef8	Function	Unwind@59ae6ef8	Unwind@59ae6ef8	Global	ANALYSIS	true	false	false
59ae6f06	Function	Unwind@59ae6f06	Unwind@59ae6f06	Global	ANALYSIS	true	false	false
59ae6f14	Function	Unwind@59ae6f14	Unwind@59ae6f14	Global	ANALYSIS	true	false	false
59ae6f22	Function	Unwind@59ae6f22	Unwind@59ae6f22	Global	ANALYSIS	true	false	false
59ae6f30	Function	Unwind@59ae6f30	Unwind@59ae6f30	Global	ANALYSIS	true	false	false
59ae6f4d	Function	Unwind@59ae6f4d	Unwind@59ae6f4d	Global	ANALYSIS	true	false	false
59ae6f64	Function	Unwind@59ae6f64	Unwind@59ae6f64	Global	ANALYSIS	true	false	false
59ae6f6c	Function	Unwind@59ae6f6c	Unwind@59ae6f6c	Global	ANALYSIS	true	false	false
59ae6f77	Function	Unwind@59ae6f77	Unwind@59ae6f77	Global	ANALYSIS	true	false	false
59ae6f91	Function	Unwind@59ae6f91	Unwind@59ae6f91	Global	ANALYSIS	true	false	false
59ae6fa8	Function	Unwind@59ae6fa8	Unwind@59ae6fa8	Global	ANALYSIS	true	false	false
59ae6fc1	Function	Unwind@59ae6fc1	Unwind@59ae6fc1	Global	ANALYSIS	true	false	false
59ae6fd5	Function	Unwind@59ae6fd5	Unwind@59ae6fd5	Global	ANALYSIS	true	false	false
59ae6fe0	Function	Unwind@59ae6fe0	Unwind@59ae6fe0	Global	ANALYSIS	true	false	false
59ae6feb	Function	Unwind@59ae6feb	Unwind@59ae6feb	Global	ANALYSIS	true	false	false
59ae7005	Function	Unwind@59ae7005	Unwind@59ae7005	Global	ANALYSIS	true	false	false
59ae700d	Function	Unwind@59ae700d	Unwind@59ae700d	Global	ANALYSIS	true	false	false
59ae7024	Function	Unwind@59ae7024	Unwind@59ae7024	Global	ANALYSIS	true	false	false
59ae702c	Function	Unwind@59ae702c	Unwind@59ae702c	Global	ANALYSIS	true	false	false
59ae7043	Function	Unwind@59ae7043	Unwind@59ae7043	Global	ANALYSIS	true	false	false
59ae705a	Function	Unwind@59ae705a	Unwind@59ae705a	Global	ANALYSIS	true	false	false
59ae7073	Function	Unwind@59ae7073	Unwind@59ae7073	Global	ANALYSIS	true	false	false
59ae708c	Function	Unwind@59ae708c	Unwind@59ae708c	Global	ANALYSIS	true	false	false
59ae7097	Function	Unwind@59ae7097	Unwind@59ae7097	Global	ANALYSIS	true	false	false
59ae70b1	Function	Unwind@59ae70b1	Unwind@59ae70b1	Global	ANALYSIS	true	false	false
59ae70c8	Function	Unwind@59ae70c8	Unwind@59ae70c8	Global	ANALYSIS	true	false	false
59ae70df	Function	Unwind@59ae70df	Unwind@59ae70df	Global	ANALYSIS	true	false	false
59ae70ea	Function	Unwind@59ae70ea	Unwind@59ae70ea	Global	ANALYSIS	true	false	false
59ae70f5	Function	Unwind@59ae70f5	Unwind@59ae70f5	Global	ANALYSIS	true	false	false
59ae710f	Function	Unwind@59ae710f	Unwind@59ae710f	Global	ANALYSIS	true	false	false
59ae7117	Function	Unwind@59ae7117	Unwind@59ae7117	Global	ANALYSIS	true	false	false
59ae712e	Function	Unwind@59ae712e	Unwind@59ae712e	Global	ANALYSIS	true	false	false
59ae7138	Function	Unwind@59ae7138	Unwind@59ae7138	Global	ANALYSIS	true	false	false
59ae7140	Function	Unwind@59ae7140	Unwind@59ae7140	Global	ANALYSIS	true	false	false
59ae7148	Function	Unwind@59ae7148	Unwind@59ae7148	Global	ANALYSIS	true	false	false
59ae7152	Function	Unwind@59ae7152	Unwind@59ae7152	Global	ANALYSIS	true	false	false
59ae7169	Function	Unwind@59ae7169	Unwind@59ae7169	Global	ANALYSIS	true	false	false
59ae7173	Function	Unwind@59ae7173	Unwind@59ae7173	Global	ANALYSIS	true	false	false
59ae717b	Function	Unwind@59ae717b	Unwind@59ae717b	Global	ANALYSIS	true	false	false
59ae7183	Function	Unwind@59ae7183	Unwind@59ae7183	Global	ANALYSIS	true	false	false
59ae718d	Function	Unwind@59ae718d	Unwind@59ae718d	Global	ANALYSIS	true	false	false
59ae71a4	Function	Unwind@59ae71a4	Unwind@59ae71a4	Global	ANALYSIS	true	false	false
59ae71ac	Function	Unwind@59ae71ac	Unwind@59ae71ac	Global	ANALYSIS	true	false	false
59ae71b4	Function	Unwind@59ae71b4	Unwind@59ae71b4	Global	ANALYSIS	true	false	false
59ae71cb	Function	Unwind@59ae71cb	Unwind@59ae71cb	Global	ANALYSIS	true	false	false
59ae71d3	Function	Unwind@59ae71d3	Unwind@59ae71d3	Global	ANALYSIS	true	false	false
59ae71ea	Function	Unwind@59ae71ea	Unwind@59ae71ea	Global	ANALYSIS	true	false	false
59ae7201	Function	Unwind@59ae7201	Unwind@59ae7201	Global	ANALYSIS	true	false	false
59ae7209	Function	Unwind@59ae7209	Unwind@59ae7209	Global	ANALYSIS	true	false	false
59ae7223	Function	Unwind@59ae7223	Unwind@59ae7223	Global	ANALYSIS	true	false	false
59ae722b	Function	Unwind@59ae722b	Unwind@59ae722b	Global	ANALYSIS	true	false	false
59ae7244	Function	Unwind@59ae7244	Unwind@59ae7244	Global	ANALYSIS	true	false	false
59ae724c	Function	Unwind@59ae724c	Unwind@59ae724c	Global	ANALYSIS	true	false	false
59ae7263	Function	Unwind@59ae7263	Unwind@59ae7263	Global	ANALYSIS	true	false	false
59ae7277	Function	Unwind@59ae7277	Unwind@59ae7277	Global	ANALYSIS	true	false	false
59ae7282	Function	Unwind@59ae7282	Unwind@59ae7282	Global	ANALYSIS	true	false	false
59ae729c	Function	Unwind@59ae729c	Unwind@59ae729c	Global	ANALYSIS	true	false	false
59ae72b3	Function	Unwind@59ae72b3	Unwind@59ae72b3	Global	ANALYSIS	true	false	false
59ae72bb	Function	Unwind@59ae72bb	Unwind@59ae72bb	Global	ANALYSIS	true	false	false
59ae72d2	Function	Unwind@59ae72d2	Unwind@59ae72d2	Global	ANALYSIS	true	false	false
59ae72e6	Function	Unwind@59ae72e6	Unwind@59ae72e6	Global	ANALYSIS	true	false	false
59ae72f1	Function	Unwind@59ae72f1	Unwind@59ae72f1	Global	ANALYSIS	true	false	false
59ae730b	Function	Unwind@59ae730b	Unwind@59ae730b	Global	ANALYSIS	true	false	false
59ae7313	Function	Unwind@59ae7313	Unwind@59ae7313	Global	ANALYSIS	true	false	false
59ae732a	Function	Unwind@59ae732a	Unwind@59ae732a	Global	ANALYSIS	true	false	false
59ae7335	Function	Unwind@59ae7335	Unwind@59ae7335	Global	ANALYSIS	true	false	false
59ae7340	Function	Unwind@59ae7340	Unwind@59ae7340	Global	ANALYSIS	true	false	false
59ae734b	Function	Unwind@59ae734b	Unwind@59ae734b	Global	ANALYSIS	true	false	false
59ae7365	Function	Unwind@59ae7365	Unwind@59ae7365	Global	ANALYSIS	true	false	false
59ae7370	Function	Unwind@59ae7370	Unwind@59ae7370	Global	ANALYSIS	true	false	false
59ae737b	Function	Unwind@59ae737b	Unwind@59ae737b	Global	ANALYSIS	true	false	false
59ae7386	Function	Unwind@59ae7386	Unwind@59ae7386	Global	ANALYSIS	true	false	false
59ae73a0	Function	Unwind@59ae73a0	Unwind@59ae73a0	Global	ANALYSIS	true	false	false
59ae73a8	Function	Unwind@59ae73a8	Unwind@59ae73a8	Global	ANALYSIS	true	false	false
59ae73bf	Function	Unwind@59ae73bf	Unwind@59ae73bf	Global	ANALYSIS	true	false	false
59ae73d6	Function	Unwind@59ae73d6	Unwind@59ae73d6	Global	ANALYSIS	true	false	false
59ae73ed	Function	Unwind@59ae73ed	Unwind@59ae73ed	Global	ANALYSIS	true	false	false
59ae7404	Function	Unwind@59ae7404	Unwind@59ae7404	Global	ANALYSIS	true	false	false
59ae740f	Function	Unwind@59ae740f	Unwind@59ae740f	Global	ANALYSIS	true	false	false
59ae741a	Function	Unwind@59ae741a	Unwind@59ae741a	Global	ANALYSIS	true	false	false
59ae7437	Function	Unwind@59ae7437	Unwind@59ae7437	Global	ANALYSIS	true	false	false
59ae7451	Function	Unwind@59ae7451	Unwind@59ae7451	Global	ANALYSIS	true	false	false
59ae7459	Function	Unwind@59ae7459	Unwind@59ae7459	Global	ANALYSIS	true	false	false
59ae7461	Function	Unwind@59ae7461	Unwind@59ae7461	Global	ANALYSIS	true	false	false
59ae747a	Function	Unwind@59ae747a	Unwind@59ae747a	Global	ANALYSIS	true	false	false
59ae7482	Function	Unwind@59ae7482	Unwind@59ae7482	Global	ANALYSIS	true	false	false
59ae748a	Function	Unwind@59ae748a	Unwind@59ae748a	Global	ANALYSIS	true	false	false
59ae7492	Function	Unwind@59ae7492	Unwind@59ae7492	Global	ANALYSIS	true	false	false
59ae749c	Function	Unwind@59ae749c	Unwind@59ae749c	Global	ANALYSIS	true	false	false
59ae74a6	Function	Unwind@59ae74a6	Unwind@59ae74a6	Global	ANALYSIS	true	false	false
59ae74bf	Function	Unwind@59ae74bf	Unwind@59ae74bf	Global	ANALYSIS	true	false	false
59ae74c7	Function	Unwind@59ae74c7	Unwind@59ae74c7	Global	ANALYSIS	true	false	false
59ae74de	Function	Unwind@59ae74de	Unwind@59ae74de	Global	ANALYSIS	true	false	false
59ae74e6	Function	Unwind@59ae74e6	Unwind@59ae74e6	Global	ANALYSIS	true	false	false
59ae74ee	Function	Unwind@59ae74ee	Unwind@59ae74ee	Global	ANALYSIS	true	false	false
59ae7507	Function	Unwind@59ae7507	Unwind@59ae7507	Global	ANALYSIS	true	false	false
59ae750f	Function	Unwind@59ae750f	Unwind@59ae750f	Global	ANALYSIS	true	false	false
59ae7519	Function	Unwind@59ae7519	Unwind@59ae7519	Global	ANALYSIS	true	false	false
59ae7530	Function	Unwind@59ae7530	Unwind@59ae7530	Global	ANALYSIS	true	false	false
59ae7538	Function	Unwind@59ae7538	Unwind@59ae7538	Global	ANALYSIS	true	false	false
59ae7540	Function	Unwind@59ae7540	Unwind@59ae7540	Global	ANALYSIS	true	false	false
59ae7559	Function	Unwind@59ae7559	Unwind@59ae7559	Global	ANALYSIS	true	false	false
59ae7561	Function	Unwind@59ae7561	Unwind@59ae7561	Global	ANALYSIS	true	false	false
59ae756b	Function	Unwind@59ae756b	Unwind@59ae756b	Global	ANALYSIS	true	false	false
59ae7582	Function	Unwind@59ae7582	Unwind@59ae7582	Global	ANALYSIS	true	false	false
59ae758d	Function	Unwind@59ae758d	Unwind@59ae758d	Global	ANALYSIS	true	false	false
59ae75a7	Function	Unwind@59ae75a7	Unwind@59ae75a7	Global	ANALYSIS	true	false	false
59ae75af	Function	Unwind@59ae75af	Unwind@59ae75af	Global	ANALYSIS	true	false	false
59ae75c8	Function	Unwind@59ae75c8	Unwind@59ae75c8	Global	ANALYSIS	true	false	false
59ae75d0	Function	Unwind@59ae75d0	Unwind@59ae75d0	Global	ANALYSIS	true	false	false
59ae75d8	Function	Unwind@59ae75d8	Unwind@59ae75d8	Global	ANALYSIS	true	false	false
59ae75f1	Function	Unwind@59ae75f1	Unwind@59ae75f1	Global	ANALYSIS	true	false	false
59ae75fc	Function	Unwind@59ae75fc	Unwind@59ae75fc	Global	ANALYSIS	true	false	false
59ae7616	Function	Unwind@59ae7616	Unwind@59ae7616	Global	ANALYSIS	true	false	false
59ae761e	Function	Unwind@59ae761e	Unwind@59ae761e	Global	ANALYSIS	true	false	false
59ae7626	Function	Unwind@59ae7626	Unwind@59ae7626	Global	ANALYSIS	true	false	false
59ae763f	Function	Unwind@59ae763f	Unwind@59ae763f	Global	ANALYSIS	true	false	false
59ae7659	Function	Unwind@59ae7659	Unwind@59ae7659	Global	ANALYSIS	true	false	false
59ae767c	Function	Unwind@59ae767c	Unwind@59ae767c	Global	ANALYSIS	true	false	false
59ae7687	Function	Unwind@59ae7687	Unwind@59ae7687	Global	ANALYSIS	true	false	false
59ae7692	Function	Unwind@59ae7692	Unwind@59ae7692	Global	ANALYSIS	true	false	false
59ae76ac	Function	Unwind@59ae76ac	Unwind@59ae76ac	Global	ANALYSIS	true	false	false
59ae76b6	Function	Unwind@59ae76b6	Unwind@59ae76b6	Global	ANALYSIS	true	false	false
59ae76cd	Function	Unwind@59ae76cd	Unwind@59ae76cd	Global	ANALYSIS	true	false	false
59ae76e4	Function	Unwind@59ae76e4	Unwind@59ae76e4	Global	ANALYSIS	true	false	false
59ae76ec	Function	Unwind@59ae76ec	Unwind@59ae76ec	Global	ANALYSIS	true	false	false
59ae76f4	Function	Unwind@59ae76f4	Unwind@59ae76f4	Global	ANALYSIS	true	false	false
59ae770d	Function	Unwind@59ae770d	Unwind@59ae770d	Global	ANALYSIS	true	false	false
59ae7715	Function	Unwind@59ae7715	Unwind@59ae7715	Global	ANALYSIS	true	false	false
59ae771d	Function	Unwind@59ae771d	Unwind@59ae771d	Global	ANALYSIS	true	false	false
59ae7727	Function	Unwind@59ae7727	Unwind@59ae7727	Global	ANALYSIS	true	false	false
59ae7731	Function	Unwind@59ae7731	Unwind@59ae7731	Global	ANALYSIS	true	false	false
59ae773b	Function	Unwind@59ae773b	Unwind@59ae773b	Global	ANALYSIS	true	false	false
59ae7745	Function	Unwind@59ae7745	Unwind@59ae7745	Global	ANALYSIS	true	false	false
59ae774f	Function	Unwind@59ae774f	Unwind@59ae774f	Global	ANALYSIS	true	false	false
59ae7759	Function	Unwind@59ae7759	Unwind@59ae7759	Global	ANALYSIS	true	false	false
59ae7763	Function	Unwind@59ae7763	Unwind@59ae7763	Global	ANALYSIS	true	false	false
59ae777c	Function	Unwind@59ae777c	Unwind@59ae777c	Global	ANALYSIS	true	false	false
59ae7793	Function	Unwind@59ae7793	Unwind@59ae7793	Global	ANALYSIS	true	false	false
59ae779b	Function	Unwind@59ae779b	Unwind@59ae779b	Global	ANALYSIS	true	false	false
59ae77a3	Function	Unwind@59ae77a3	Unwind@59ae77a3	Global	ANALYSIS	true	false	false
59ae77ab	Function	Unwind@59ae77ab	Unwind@59ae77ab	Global	ANALYSIS	true	false	false
59ae77b5	Function	Unwind@59ae77b5	Unwind@59ae77b5	Global	ANALYSIS	true	false	false
59ae77bf	Function	Unwind@59ae77bf	Unwind@59ae77bf	Global	ANALYSIS	true	false	false
59ae77c9	Function	Unwind@59ae77c9	Unwind@59ae77c9	Global	ANALYSIS	true	false	false
59ae77d3	Function	Unwind@59ae77d3	Unwind@59ae77d3	Global	ANALYSIS	true	false	false
59ae77dd	Function	Unwind@59ae77dd	Unwind@59ae77dd	Global	ANALYSIS	true	false	false
59ae77e7	Function	Unwind@59ae77e7	Unwind@59ae77e7	Global	ANALYSIS	true	false	false
59ae77f1	Function	Unwind@59ae77f1	Unwind@59ae77f1	Global	ANALYSIS	true	false	false
59ae77fb	Function	Unwind@59ae77fb	Unwind@59ae77fb	Global	ANALYSIS	true	false	false
59ae7805	Function	Unwind@59ae7805	Unwind@59ae7805	Global	ANALYSIS	true	false	false
59ae780f	Function	Unwind@59ae780f	Unwind@59ae780f	Global	ANALYSIS	true	false	false
59ae7819	Function	Unwind@59ae7819	Unwind@59ae7819	Global	ANALYSIS	true	false	false
59ae7821	Function	Unwind@59ae7821	Unwind@59ae7821	Global	ANALYSIS	true	false	false
59ae7829	Function	Unwind@59ae7829	Unwind@59ae7829	Global	ANALYSIS	true	false	false
59ae7831	Function	Unwind@59ae7831	Unwind@59ae7831	Global	ANALYSIS	true	false	false
59ae783b	Function	Unwind@59ae783b	Unwind@59ae783b	Global	ANALYSIS	true	false	false
59ae7845	Function	Unwind@59ae7845	Unwind@59ae7845	Global	ANALYSIS	true	false	false
59ae784f	Function	Unwind@59ae784f	Unwind@59ae784f	Global	ANALYSIS	true	false	false
59ae7868	Function	Unwind@59ae7868	Unwind@59ae7868	Global	ANALYSIS	true	false	false
59ae7870	Function	Unwind@59ae7870	Unwind@59ae7870	Global	ANALYSIS	true	false	false
59ae7878	Function	Unwind@59ae7878	Unwind@59ae7878	Global	ANALYSIS	true	false	false
59ae7882	Function	Unwind@59ae7882	Unwind@59ae7882	Global	ANALYSIS	true	false	false
59ae788c	Function	Unwind@59ae788c	Unwind@59ae788c	Global	ANALYSIS	true	false	false
59ae7896	Function	Unwind@59ae7896	Unwind@59ae7896	Global	ANALYSIS	true	false	false
59ae78a0	Function	Unwind@59ae78a0	Unwind@59ae78a0	Global	ANALYSIS	true	false	false
59ae78aa	Function	Unwind@59ae78aa	Unwind@59ae78aa	Global	ANALYSIS	true	false	false
59ae78b4	Function	Unwind@59ae78b4	Unwind@59ae78b4	Global	ANALYSIS	true	false	false
59ae78cb	Function	Unwind@59ae78cb	Unwind@59ae78cb	Global	ANALYSIS	true	false	false
59ae78d3	Function	Unwind@59ae78d3	Unwind@59ae78d3	Global	ANALYSIS	true	false	false
59ae78db	Function	Unwind@59ae78db	Unwind@59ae78db	Global	ANALYSIS	true	false	false
59ae78e3	Function	Unwind@59ae78e3	Unwind@59ae78e3	Global	ANALYSIS	true	false	false
59ae78fc	Function	Unwind@59ae78fc	Unwind@59ae78fc	Global	ANALYSIS	true	false	false
59ae7904	Function	Unwind@59ae7904	Unwind@59ae7904	Global	ANALYSIS	true	false	false
59ae790c	Function	Unwind@59ae790c	Unwind@59ae790c	Global	ANALYSIS	true	false	false
59ae7914	Function	Unwind@59ae7914	Unwind@59ae7914	Global	ANALYSIS	true	false	false
59ae791e	Function	Unwind@59ae791e	Unwind@59ae791e	Global	ANALYSIS	true	false	false
59ae7935	Function	Unwind@59ae7935	Unwind@59ae7935	Global	ANALYSIS	true	false	false
59ae793d	Function	Unwind@59ae793d	Unwind@59ae793d	Global	ANALYSIS	true	false	false
59ae7945	Function	Unwind@59ae7945	Unwind@59ae7945	Global	ANALYSIS	true	false	false
59ae794f	Function	Unwind@59ae794f	Unwind@59ae794f	Global	ANALYSIS	true	false	false
59ae7966	Function	Unwind@59ae7966	Unwind@59ae7966	Global	ANALYSIS	true	false	false
59ae796e	Function	Unwind@59ae796e	Unwind@59ae796e	Global	ANALYSIS	true	false	false
59ae7978	Function	Unwind@59ae7978	Unwind@59ae7978	Global	ANALYSIS	true	false	false
59ae7980	Function	Unwind@59ae7980	Unwind@59ae7980	Global	ANALYSIS	true	false	false
59ae7997	Function	Unwind@59ae7997	Unwind@59ae7997	Global	ANALYSIS	true	false	false
59ae79a1	Function	Unwind@59ae79a1	Unwind@59ae79a1	Global	ANALYSIS	true	false	false
59ae79ab	Function	Unwind@59ae79ab	Unwind@59ae79ab	Global	ANALYSIS	true	false	false
59ae79b5	Function	Unwind@59ae79b5	Unwind@59ae79b5	Global	ANALYSIS	true	false	false
59ae79bf	Function	Unwind@59ae79bf	Unwind@59ae79bf	Global	ANALYSIS	true	false	false
59ae79d8	Function	Unwind@59ae79d8	Unwind@59ae79d8	Global	ANALYSIS	true	false	false
59ae79e2	Function	Unwind@59ae79e2	Unwind@59ae79e2	Global	ANALYSIS	true	false	false
59ae79ec	Function	Unwind@59ae79ec	Unwind@59ae79ec	Global	ANALYSIS	true	false	false
59ae79f6	Function	Unwind@59ae79f6	Unwind@59ae79f6	Global	ANALYSIS	true	false	false
59ae7a00	Function	Unwind@59ae7a00	Unwind@59ae7a00	Global	ANALYSIS	true	false	false
59ae7a0a	Function	Unwind@59ae7a0a	Unwind@59ae7a0a	Global	ANALYSIS	true	false	false
59ae7a14	Function	Unwind@59ae7a14	Unwind@59ae7a14	Global	ANALYSIS	true	false	false
59ae7a1e	Function	Unwind@59ae7a1e	Unwind@59ae7a1e	Global	ANALYSIS	true	false	false
59ae7a28	Function	Unwind@59ae7a28	Unwind@59ae7a28	Global	ANALYSIS	true	false	false
59ae7a32	Function	Unwind@59ae7a32	Unwind@59ae7a32	Global	ANALYSIS	true	false	false
59ae7a3c	Function	Unwind@59ae7a3c	Unwind@59ae7a3c	Global	ANALYSIS	true	false	false
59ae7a46	Function	Unwind@59ae7a46	Unwind@59ae7a46	Global	ANALYSIS	true	false	false
59ae7a50	Function	Unwind@59ae7a50	Unwind@59ae7a50	Global	ANALYSIS	true	false	false
59ae7a5a	Function	Unwind@59ae7a5a	Unwind@59ae7a5a	Global	ANALYSIS	true	false	false
59ae7a73	Function	Unwind@59ae7a73	Unwind@59ae7a73	Global	ANALYSIS	true	false	false
59ae7a7d	Function	Unwind@59ae7a7d	Unwind@59ae7a7d	Global	ANALYSIS	true	false	false
59ae7a87	Function	Unwind@59ae7a87	Unwind@59ae7a87	Global	ANALYSIS	true	false	false
59ae7a91	Function	Unwind@59ae7a91	Unwind@59ae7a91	Global	ANALYSIS	true	false	false
59ae7a9b	Function	Unwind@59ae7a9b	Unwind@59ae7a9b	Global	ANALYSIS	true	false	false
59ae7aa5	Function	Unwind@59ae7aa5	Unwind@59ae7aa5	Global	ANALYSIS	true	false	false
59ae7aaf	Function	Unwind@59ae7aaf	Unwind@59ae7aaf	Global	ANALYSIS	true	false	false
59ae7ab9	Function	Unwind@59ae7ab9	Unwind@59ae7ab9	Global	ANALYSIS	true	false	false
59ae7ac3	Function	Unwind@59ae7ac3	Unwind@59ae7ac3	Global	ANALYSIS	true	false	false
59ae7acd	Function	Unwind@59ae7acd	Unwind@59ae7acd	Global	ANALYSIS	true	false	false
59ae7ad7	Function	Unwind@59ae7ad7	Unwind@59ae7ad7	Global	ANALYSIS	true	false	false
59ae7ae1	Function	Unwind@59ae7ae1	Unwind@59ae7ae1	Global	ANALYSIS	true	false	false
59ae7aeb	Function	Unwind@59ae7aeb	Unwind@59ae7aeb	Global	ANALYSIS	true	false	false
59ae7af5	Function	Unwind@59ae7af5	Unwind@59ae7af5	Global	ANALYSIS	true	false	false
59ae7aff	Function	Unwind@59ae7aff	Unwind@59ae7aff	Global	ANALYSIS	true	false	false
59ae7b09	Function	Unwind@59ae7b09	Unwind@59ae7b09	Global	ANALYSIS	true	false	false
59ae7b13	Function	Unwind@59ae7b13	Unwind@59ae7b13	Global	ANALYSIS	true	false	false
59ae7b1d	Function	Unwind@59ae7b1d	Unwind@59ae7b1d	Global	ANALYSIS	true	false	false
59ae7b27	Function	Unwind@59ae7b27	Unwind@59ae7b27	Global	ANALYSIS	true	false	false
59ae7b31	Function	Unwind@59ae7b31	Unwind@59ae7b31	Global	ANALYSIS	true	false	false
59ae7b3b	Function	Unwind@59ae7b3b	Unwind@59ae7b3b	Global	ANALYSIS	true	false	false
59ae7b45	Function	Unwind@59ae7b45	Unwind@59ae7b45	Global	ANALYSIS	true	false	false
59ae7b4f	Function	Unwind@59ae7b4f	Unwind@59ae7b4f	Global	ANALYSIS	true	false	false
59ae7b59	Function	Unwind@59ae7b59	Unwind@59ae7b59	Global	ANALYSIS	true	false	false
59ae7b63	Function	Unwind@59ae7b63	Unwind@59ae7b63	Global	ANALYSIS	true	false	false
59ae7b6d	Function	Unwind@59ae7b6d	Unwind@59ae7b6d	Global	ANALYSIS	true	false	false
59ae7b77	Function	Unwind@59ae7b77	Unwind@59ae7b77	Global	ANALYSIS	true	false	false
59ae7b81	Function	Unwind@59ae7b81	Unwind@59ae7b81	Global	ANALYSIS	true	false	false
59ae7b8b	Function	Unwind@59ae7b8b	Unwind@59ae7b8b	Global	ANALYSIS	true	false	false
59ae7b95	Function	Unwind@59ae7b95	Unwind@59ae7b95	Global	ANALYSIS	true	false	false
59ae7b9f	Function	Unwind@59ae7b9f	Unwind@59ae7b9f	Global	ANALYSIS	true	false	false
59ae7ba9	Function	Unwind@59ae7ba9	Unwind@59ae7ba9	Global	ANALYSIS	true	false	false
59ae7bb3	Function	Unwind@59ae7bb3	Unwind@59ae7bb3	Global	ANALYSIS	true	false	false
59ae7bbd	Function	Unwind@59ae7bbd	Unwind@59ae7bbd	Global	ANALYSIS	true	false	false
59ae7bc7	Function	Unwind@59ae7bc7	Unwind@59ae7bc7	Global	ANALYSIS	true	false	false
59ae7bd1	Function	Unwind@59ae7bd1	Unwind@59ae7bd1	Global	ANALYSIS	true	false	false
59ae7bdb	Function	Unwind@59ae7bdb	Unwind@59ae7bdb	Global	ANALYSIS	true	false	false
59ae7be5	Function	Unwind@59ae7be5	Unwind@59ae7be5	Global	ANALYSIS	true	false	false
59ae7bef	Function	Unwind@59ae7bef	Unwind@59ae7bef	Global	ANALYSIS	true	false	false
59ae7bf9	Function	Unwind@59ae7bf9	Unwind@59ae7bf9	Global	ANALYSIS	true	false	false
59ae7c03	Function	Unwind@59ae7c03	Unwind@59ae7c03	Global	ANALYSIS	true	false	false
59ae7c0d	Function	Unwind@59ae7c0d	Unwind@59ae7c0d	Global	ANALYSIS	true	false	false
59ae7c17	Function	Unwind@59ae7c17	Unwind@59ae7c17	Global	ANALYSIS	true	false	false
59ae7c21	Function	Unwind@59ae7c21	Unwind@59ae7c21	Global	ANALYSIS	true	false	false
59ae7c2b	Function	Unwind@59ae7c2b	Unwind@59ae7c2b	Global	ANALYSIS	true	false	false
59ae7c35	Function	Unwind@59ae7c35	Unwind@59ae7c35	Global	ANALYSIS	true	false	false
59ae7c3f	Function	Unwind@59ae7c3f	Unwind@59ae7c3f	Global	ANALYSIS	true	false	false
59ae7c49	Function	Unwind@59ae7c49	Unwind@59ae7c49	Global	ANALYSIS	true	false	false
59ae7c53	Function	Unwind@59ae7c53	Unwind@59ae7c53	Global	ANALYSIS	true	false	false
59ae7c5d	Function	Unwind@59ae7c5d	Unwind@59ae7c5d	Global	ANALYSIS	true	false	false
59ae7c67	Function	Unwind@59ae7c67	Unwind@59ae7c67	Global	ANALYSIS	true	false	false
59ae7c71	Function	Unwind@59ae7c71	Unwind@59ae7c71	Global	ANALYSIS	true	false	false
59ae7c7b	Function	Unwind@59ae7c7b	Unwind@59ae7c7b	Global	ANALYSIS	true	false	false
59ae7c85	Function	Unwind@59ae7c85	Unwind@59ae7c85	Global	ANALYSIS	true	false	false
59ae7c8f	Function	Unwind@59ae7c8f	Unwind@59ae7c8f	Global	ANALYSIS	true	false	false
59ae7c99	Function	Unwind@59ae7c99	Unwind@59ae7c99	Global	ANALYSIS	true	false	false
59ae7ca3	Function	Unwind@59ae7ca3	Unwind@59ae7ca3	Global	ANALYSIS	true	false	false
59ae7cad	Function	Unwind@59ae7cad	Unwind@59ae7cad	Global	ANALYSIS	true	false	false
59ae7cb7	Function	Unwind@59ae7cb7	Unwind@59ae7cb7	Global	ANALYSIS	true	false	false
59ae7cc1	Function	Unwind@59ae7cc1	Unwind@59ae7cc1	Global	ANALYSIS	true	false	false
59ae7ccb	Function	Unwind@59ae7ccb	Unwind@59ae7ccb	Global	ANALYSIS	true	false	false
59ae7cd5	Function	Unwind@59ae7cd5	Unwind@59ae7cd5	Global	ANALYSIS	true	false	false
59ae7cdf	Function	Unwind@59ae7cdf	Unwind@59ae7cdf	Global	ANALYSIS	true	false	false
59ae7ce9	Function	Unwind@59ae7ce9	Unwind@59ae7ce9	Global	ANALYSIS	true	false	false
59ae7cf3	Function	Unwind@59ae7cf3	Unwind@59ae7cf3	Global	ANALYSIS	true	false	false
59ae7cfd	Function	Unwind@59ae7cfd	Unwind@59ae7cfd	Global	ANALYSIS	true	false	false
59ae7d07	Function	Unwind@59ae7d07	Unwind@59ae7d07	Global	ANALYSIS	true	false	false
59ae7d11	Function	Unwind@59ae7d11	Unwind@59ae7d11	Global	ANALYSIS	true	false	false
59ae7d1b	Function	Unwind@59ae7d1b	Unwind@59ae7d1b	Global	ANALYSIS	true	false	false
59ae7d25	Function	Unwind@59ae7d25	Unwind@59ae7d25	Global	ANALYSIS	true	false	false
59ae7d2f	Function	Unwind@59ae7d2f	Unwind@59ae7d2f	Global	ANALYSIS	true	false	false
59ae7d39	Function	Unwind@59ae7d39	Unwind@59ae7d39	Global	ANALYSIS	true	false	false
59ae7d43	Function	Unwind@59ae7d43	Unwind@59ae7d43	Global	ANALYSIS	true	false	false
59ae7d4d	Function	Unwind@59ae7d4d	Unwind@59ae7d4d	Global	ANALYSIS	true	false	false
59ae7d57	Function	Unwind@59ae7d57	Unwind@59ae7d57	Global	ANALYSIS	true	false	false
59ae7d61	Function	Unwind@59ae7d61	Unwind@59ae7d61	Global	ANALYSIS	true	false	false
59ae7d6b	Function	Unwind@59ae7d6b	Unwind@59ae7d6b	Global	ANALYSIS	true	false	false
59ae7d75	Function	Unwind@59ae7d75	Unwind@59ae7d75	Global	ANALYSIS	true	false	false
59ae7d7f	Function	Unwind@59ae7d7f	Unwind@59ae7d7f	Global	ANALYSIS	true	false	false
59ae7d89	Function	Unwind@59ae7d89	Unwind@59ae7d89	Global	ANALYSIS	true	false	false
59ae7d93	Function	Unwind@59ae7d93	Unwind@59ae7d93	Global	ANALYSIS	true	false	false
59ae7d9d	Function	Unwind@59ae7d9d	Unwind@59ae7d9d	Global	ANALYSIS	true	false	false
59ae7da7	Function	Unwind@59ae7da7	Unwind@59ae7da7	Global	ANALYSIS	true	false	false
59ae7db1	Function	Unwind@59ae7db1	Unwind@59ae7db1	Global	ANALYSIS	true	false	false
59ae7dbb	Function	Unwind@59ae7dbb	Unwind@59ae7dbb	Global	ANALYSIS	true	false	false
59ae7dc5	Function	Unwind@59ae7dc5	Unwind@59ae7dc5	Global	ANALYSIS	true	false	false
59ae7dcf	Function	Unwind@59ae7dcf	Unwind@59ae7dcf	Global	ANALYSIS	true	false	false
59ae7dd9	Function	Unwind@59ae7dd9	Unwind@59ae7dd9	Global	ANALYSIS	true	false	false
59ae7de3	Function	Unwind@59ae7de3	Unwind@59ae7de3	Global	ANALYSIS	true	false	false
59ae7ded	Function	Unwind@59ae7ded	Unwind@59ae7ded	Global	ANALYSIS	true	false	false
59ae7df7	Function	Unwind@59ae7df7	Unwind@59ae7df7	Global	ANALYSIS	true	false	false
59ae7e01	Function	Unwind@59ae7e01	Unwind@59ae7e01	Global	ANALYSIS	true	false	false
59ae7e1a	Function	Unwind@59ae7e1a	Unwind@59ae7e1a	Global	ANALYSIS	true	false	false
59ae7e31	Function	Unwind@59ae7e31	Unwind@59ae7e31	Global	ANALYSIS	true	false	false
59ae7e4b	Function	Unwind@59ae7e4b	Unwind@59ae7e4b	Global	ANALYSIS	true	false	false
59ae7e56	Function	Unwind@59ae7e56	Unwind@59ae7e56	Global	ANALYSIS	true	false	false
59ae7e61	Function	Unwind@59ae7e61	Unwind@59ae7e61	Global	ANALYSIS	true	false	false
59ae7e6c	Function	Unwind@59ae7e6c	Unwind@59ae7e6c	Global	ANALYSIS	true	false	false
59ae7e77	Function	Unwind@59ae7e77	Unwind@59ae7e77	Global	ANALYSIS	true	false	false
59ae7e82	Function	Unwind@59ae7e82	Unwind@59ae7e82	Global	ANALYSIS	true	false	false
59ae7e8d	Function	Unwind@59ae7e8d	Unwind@59ae7e8d	Global	ANALYSIS	true	false	false
59ae7e98	Function	Unwind@59ae7e98	Unwind@59ae7e98	Global	ANALYSIS	true	false	false
59ae7eb2	Function	Unwind@59ae7eb2	Unwind@59ae7eb2	Global	ANALYSIS	true	false	false
59ae7ecc	Function	Unwind@59ae7ecc	Unwind@59ae7ecc	Global	ANALYSIS	true	false	false
59ae7ee3	Function	Unwind@59ae7ee3	Unwind@59ae7ee3	Global	ANALYSIS	true	false	false
59ae7eee	Function	Unwind@59ae7eee	Unwind@59ae7eee	Global	ANALYSIS	true	false	false
59ae7f08	Function	Unwind@59ae7f08	Unwind@59ae7f08	Global	ANALYSIS	true	false	false
59ae7f22	Function	Unwind@59ae7f22	Unwind@59ae7f22	Global	ANALYSIS	true	false	false
59ae7f3c	Function	Unwind@59ae7f3c	Unwind@59ae7f3c	Global	ANALYSIS	true	false	false
59ae7f55	Function	Unwind@59ae7f55	Unwind@59ae7f55	Global	ANALYSIS	true	false	false
59ae7f6f	Function	Unwind@59ae7f6f	Unwind@59ae7f6f	Global	ANALYSIS	true	false	false
59ae7f86	Function	Unwind@59ae7f86	Unwind@59ae7f86	Global	ANALYSIS	true	false	false
59ae7f9d	Function	Unwind@59ae7f9d	Unwind@59ae7f9d	Global	ANALYSIS	true	false	false
59ae7fb6	Function	Unwind@59ae7fb6	Unwind@59ae7fb6	Global	ANALYSIS	true	false	false
59ae7fcd	Function	Unwind@59ae7fcd	Unwind@59ae7fcd	Global	ANALYSIS	true	false	false
59ae7fe6	Function	Unwind@59ae7fe6	Unwind@59ae7fe6	Global	ANALYSIS	true	false	false
59ae7fee	Function	Unwind@59ae7fee	Unwind@59ae7fee	Global	ANALYSIS	true	false	false
59ae7ff9	Function	Unwind@59ae7ff9	Unwind@59ae7ff9	Global	ANALYSIS	true	false	false
59ae8013	Function	Unwind@59ae8013	Unwind@59ae8013	Global	ANALYSIS	true	false	false
59ae802a	Function	Unwind@59ae802a	Unwind@59ae802a	Global	ANALYSIS	true	false	false
59ae8044	Function	Unwind@59ae8044	Unwind@59ae8044	Global	ANALYSIS	true	false	false
59ae804c	Function	Unwind@59ae804c	Unwind@59ae804c	Global	ANALYSIS	true	false	false
59ae8066	Function	Unwind@59ae8066	Unwind@59ae8066	Global	ANALYSIS	true	false	false
59ae806e	Function	Unwind@59ae806e	Unwind@59ae806e	Global	ANALYSIS	true	false	false
59ae8088	Function	Unwind@59ae8088	Unwind@59ae8088	Global	ANALYSIS	true	false	false
59ae8090	Function	Unwind@59ae8090	Unwind@59ae8090	Global	ANALYSIS	true	false	false
59ae809b	Function	Unwind@59ae809b	Unwind@59ae809b	Global	ANALYSIS	true	false	false
59ae80b4	Function	Unwind@59ae80b4	Unwind@59ae80b4	Global	ANALYSIS	true	false	false
59ae80bc	Function	Unwind@59ae80bc	Unwind@59ae80bc	Global	ANALYSIS	true	false	false
59ae80d6	Function	Unwind@59ae80d6	Unwind@59ae80d6	Global	ANALYSIS	true	false	false
59ae80de	Function	Unwind@59ae80de	Unwind@59ae80de	Global	ANALYSIS	true	false	false
59ae80f8	Function	Unwind@59ae80f8	Unwind@59ae80f8	Global	ANALYSIS	true	false	false
59ae8100	Function	Unwind@59ae8100	Unwind@59ae8100	Global	ANALYSIS	true	false	false
59ae810b	Function	Unwind@59ae810b	Unwind@59ae810b	Global	ANALYSIS	true	false	false
59ae8125	Function	Unwind@59ae8125	Unwind@59ae8125	Global	ANALYSIS	true	false	false
59ae812f	Function	Unwind@59ae812f	Unwind@59ae812f	Global	ANALYSIS	true	false	false
59ae8148	Function	Unwind@59ae8148	Unwind@59ae8148	Global	ANALYSIS	true	false	false
59ae8161	Function	Unwind@59ae8161	Unwind@59ae8161	Global	ANALYSIS	true	false	false
59ae817a	Function	Unwind@59ae817a	Unwind@59ae817a	Global	ANALYSIS	true	false	false
59ae8182	Function	Unwind@59ae8182	Unwind@59ae8182	Global	ANALYSIS	true	false	false
59ae819c	Function	Unwind@59ae819c	Unwind@59ae819c	Global	ANALYSIS	true	false	false
59ae81b3	Function	Unwind@59ae81b3	Unwind@59ae81b3	Global	ANALYSIS	true	false	false
59ae81cd	Function	Unwind@59ae81cd	Unwind@59ae81cd	Global	ANALYSIS	true	false	false
59ae81d5	Function	Unwind@59ae81d5	Unwind@59ae81d5	Global	ANALYSIS	true	false	false
59ae81ec	Function	Unwind@59ae81ec	Unwind@59ae81ec	Global	ANALYSIS	true	false	false
59ae81f4	Function	Unwind@59ae81f4	Unwind@59ae81f4	Global	ANALYSIS	true	false	false
59ae81ff	Function	Unwind@59ae81ff	Unwind@59ae81ff	Global	ANALYSIS	true	false	false
59ae820a	Function	Unwind@59ae820a	Unwind@59ae820a	Global	ANALYSIS	true	false	false
59ae8221	Function	Unwind@59ae8221	Unwind@59ae8221	Global	ANALYSIS	true	false	false
59ae8229	Function	Unwind@59ae8229	Unwind@59ae8229	Global	ANALYSIS	true	false	false
59ae8234	Function	Unwind@59ae8234	Unwind@59ae8234	Global	ANALYSIS	true	false	false
59ae824e	Function	Unwind@59ae824e	Unwind@59ae824e	Global	ANALYSIS	true	false	false
59ae8258	Function	Unwind@59ae8258	Unwind@59ae8258	Global	ANALYSIS	true	false	false
59ae8271	Function	Unwind@59ae8271	Unwind@59ae8271	Global	ANALYSIS	true	false	false
59ae828a	Function	Unwind@59ae828a	Unwind@59ae828a	Global	ANALYSIS	true	false	false
59ae8292	Function	Unwind@59ae8292	Unwind@59ae8292	Global	ANALYSIS	true	false	false
59ae82ac	Function	Unwind@59ae82ac	Unwind@59ae82ac	Global	ANALYSIS	true	false	false
59ae82c3	Function	Unwind@59ae82c3	Unwind@59ae82c3	Global	ANALYSIS	true	false	false
59ae82cb	Function	Unwind@59ae82cb	Unwind@59ae82cb	Global	ANALYSIS	true	false	false
59ae82e5	Function	Unwind@59ae82e5	Unwind@59ae82e5	Global	ANALYSIS	true	false	false
59ae82ff	Function	Unwind@59ae82ff	Unwind@59ae82ff	Global	ANALYSIS	true	false	false
59ae8327	Function	FUN_59ae8327	FUN_59ae8327	Global	DEFAULT	true	false	false
59ae88dd	Function	FUN_59ae88dd	FUN_59ae88dd	Global	DEFAULT	true	false	false
59ae8b56	Function	FUN_59ae8b56	FUN_59ae8b56	Global	DEFAULT	true	false	false
59ae8cff	Function	FUN_59ae8cff	FUN_59ae8cff	Global	DEFAULT	true	false	false
59ae9190	Function	FUN_59ae9190	FUN_59ae9190	Global	DEFAULT	true	false	false
59ae9554	Function	FUN_59ae9554	FUN_59ae9554	Global	DEFAULT	true	false	false
59ae967c	Function	FUN_59ae967c	FUN_59ae967c	Global	DEFAULT	true	false	false
59ae9a42	Function	FUN_59ae9a42	FUN_59ae9a42	Global	DEFAULT	true	false	false
59aeb32b	Function	FUN_59aeb32b	FUN_59aeb32b	Global	DEFAULT	true	false	false
59aeb344	Function	FUN_59aeb344	FUN_59aeb344	Global	DEFAULT	true	false	false
59aeb35d	Function	FUN_59aeb35d	FUN_59aeb35d	Global	DEFAULT	true	false	false
59aeb376	Function	FUN_59aeb376	FUN_59aeb376	Global	DEFAULT	true	false	false
59aeb38f	Function	FUN_59aeb38f	FUN_59aeb38f	Global	DEFAULT	true	false	false
59aeb3a8	Function	FUN_59aeb3a8	FUN_59aeb3a8	Global	DEFAULT	true	false	false
59aeb3c1	Function	FUN_59aeb3c1	FUN_59aeb3c1	Global	DEFAULT	true	false	false
59aeb3da	Function	FUN_59aeb3da	FUN_59aeb3da	Global	DEFAULT	true	false	false
59aeb3f3	Function	FUN_59aeb3f3	FUN_59aeb3f3	Global	DEFAULT	true	false	false
59aeb404	Function	FUN_59aeb404	FUN_59aeb404	Global	DEFAULT	true	false	false
59aeb415	Function	FUN_59aeb415	FUN_59aeb415	Global	DEFAULT	true	false	false
59aeb427	Function	FUN_59aeb427	FUN_59aeb427	Global	DEFAULT	true	false	false
59aeb439	Function	FUN_59aeb439	FUN_59aeb439	Global	DEFAULT	true	false	false
59aeb448	Function	FUN_59aeb448	FUN_59aeb448	Global	DEFAULT	true	false	false
59af5060	Label	Rsrc_Version_1_409	Rsrc_Version_1_409	Global	IMPORTED	true	false	false
ffdff000	Label	ExceptionList	ExceptionList	Global	ANALYSIS	true	false	false
ffdff004	Label	StackBase	StackBase	Global	ANALYSIS	true	false	false
ffdff008	Label	StackLimit	StackLimit	Global	ANALYSIS	true	false	false
ffdff00c	Label	SubSystemTib	SubSystemTib	Global	ANALYSIS	true	false	false
ffdff010	Label	FiberData	FiberData	Global	ANALYSIS	true	false	false
ffdff014	Label	ArbitraryUserPointer	ArbitraryUserPointer	Global	ANALYSIS	true	false	false
ffdff018	Label	Self	Self	Global	ANALYSIS	true	false	false
ffdff01c	Label	EnvironmentPointer	EnvironmentPointer	Global	ANALYSIS	true	false	false
ffdff020	Label	ClientId	ClientId	Global	ANALYSIS	true	false	false
ffdff028	Label	ActiveRpcHandle	ActiveRpcHandle	Global	ANALYSIS	true	false	false
ffdff02c	Label	ThreadLocalStoragePointer	ThreadLocalStoragePointer	Global	ANALYSIS	true	false	false
ffdff030	Label	ProcessEnvironmentBlock	ProcessEnvironmentBlock	Global	ANALYSIS	true	false	false
ffdff034	Label	LastErrorValue	LastErrorValue	Global	ANALYSIS	true	false	false
ffdff038	Label	CountOfOwnedCriticalSections	CountOfOwnedCriticalSections	Global	ANALYSIS	true	false	false
ffdff03c	Label	CsrClientThread	CsrClientThread	Global	ANALYSIS	true	false	false
ffdff040	Label	Win32ThreadInfo	Win32ThreadInfo	Global	ANALYSIS	true	false	false
ffdff044	Label	User32Reserved	User32Reserved	Global	ANALYSIS	true	false	false
ffdff0ac	Label	UserReserved	UserReserved	Global	ANALYSIS	true	false	false
ffdff0c0	Label	WOW32Reserved	WOW32Reserved	Global	ANALYSIS	true	false	false
ffdff0c4	Label	CurrentLocale	CurrentLocale	Global	ANALYSIS	true	false	false
ffdff0c8	Label	FpSoftwareStatusRegister	FpSoftwareStatusRegister	Global	ANALYSIS	true	false	false
ffdff0cc	Label	SystemReserved1	SystemReserved1	Global	ANALYSIS	true	false	false
ffdff1a4	Label	ExceptionCode	ExceptionCode	Global	ANALYSIS	true	false	false
ffdff1a8	Label	ActivationContextStackPointer	ActivationContextStackPointer	Global	ANALYSIS	true	false	false
ffdff1ac	Label	SpareBytes	SpareBytes	Global	ANALYSIS	true	false	false
ffdff1d0	Label	TxFsContext	TxFsContext	Global	ANALYSIS	true	false	false
ffdff1d4	Label	GdiTebBatch	GdiTebBatch	Global	ANALYSIS	true	false	false
ffdff6b4	Label	RealClientId	RealClientId	Global	ANALYSIS	true	false	false
ffdff6bc	Label	GdiCachedProcessHandle	GdiCachedProcessHandle	Global	ANALYSIS	true	false	false
ffdff6c0	Label	GdiClientPID	GdiClientPID	Global	ANALYSIS	true	false	false
ffdff6c4	Label	GdiCLientTID	GdiCLientTID	Global	ANALYSIS	true	false	false
ffdff6c8	Label	GdiThreadLocalInfo	GdiThreadLocalInfo	Global	ANALYSIS	true	false	false
ffdff6cc	Label	Win32ClientInfo	Win32ClientInfo	Global	ANALYSIS	true	false	false
ffdff7c4	Label	glDispatchTable	glDispatchTable	Global	ANALYSIS	true	false	false
ffdffb68	Label	glReserved1	glReserved1	Global	ANALYSIS	true	false	false
ffdffbdc	Label	glReserved2	glReserved2	Global	ANALYSIS	true	false	false
ffdffbe0	Label	glSectionInfo	glSectionInfo	Global	ANALYSIS	true	false	false
ffdffbe4	Label	glSection	glSection	Global	ANALYSIS	true	false	false
ffdffbe8	Label	glTable	glTable	Global	ANALYSIS	true	false	false
ffdffbec	Label	glCurrentRC	glCurrentRC	Global	ANALYSIS	true	false	false
ffdffbf0	Label	glContext	glContext	Global	ANALYSIS	true	false	false
ffdffbf4	Label	LastStatusValue	LastStatusValue	Global	ANALYSIS	true	false	false
ffdffc00	Label	StaticUnicodeBuffer	StaticUnicodeBuffer	Global	ANALYSIS	true	false	false
ffdffe0c	Label	DeallocationStack	DeallocationStack	Global	ANALYSIS	true	false	false
ffdffe10	Label	TlsSlots	TlsSlots	Global	ANALYSIS	true	false	false
ffdfff10	Label	TlsLinks.Flink	TlsLinks.Flink	Global	ANALYSIS	true	false	false
ffdfff14	Label	TlsLinks.Blink	TlsLinks.Blink	Global	ANALYSIS	true	false	false
ffdfff18	Label	Vdm	Vdm	Global	ANALYSIS	true	false	false
ffdfff1c	Label	ReservedForNtRpc	ReservedForNtRpc	Global	ANALYSIS	true	false	false
ffdfff20	Label	DbgSsReserved	DbgSsReserved	Global	ANALYSIS	true	false	false
ffdfff28	Label	HardErrorMode	HardErrorMode	Global	ANALYSIS	true	false	false
ffdfff2c	Label	Instrumentation	Instrumentation	Global	ANALYSIS	true	false	false
ffdfff50	Label	ActivityId	ActivityId	Global	ANALYSIS	true	false	false
ffdfff60	Label	SubProcessTag	SubProcessTag	Global	ANALYSIS	true	false	false
ffdfff64	Label	EtwLocalData	EtwLocalData	Global	ANALYSIS	true	false	false
ffdfff68	Label	EtwTraceData	EtwTraceData	Global	ANALYSIS	true	false	false
ffdfff6c	Label	WinSockData	WinSockData	Global	ANALYSIS	true	false	false
ffdfff70	Label	GdiBatchCount	GdiBatchCount	Global	ANALYSIS	true	false	false
ffdfff74	Label	IdealProcessorValue	IdealProcessorValue	Global	ANALYSIS	true	false	false
ffdfff78	Label	GuaranteedStackBytes	GuaranteedStackBytes	Global	ANALYSIS	true	false	false
ffdfff7c	Label	ReservedForPerf	ReservedForPerf	Global	ANALYSIS	true	false	false
ffdfff80	Label	ReservedForOle	ReservedForOle	Global	ANALYSIS	true	false	false
ffdfff84	Label	WaitingOnLoaderLock	WaitingOnLoaderLock	Global	ANALYSIS	true	false	false
ffdfff88	Label	SavedPriorityState	SavedPriorityState	Global	ANALYSIS	true	false	false
ffdfff8c	Label	SoftPatchPtr1	SoftPatchPtr1	Global	ANALYSIS	true	false	false
ffdfff90	Label	ThreadPoolData	ThreadPoolData	Global	ANALYSIS	true	false	false
ffdfff94	Label	TlsExpansionSlots	TlsExpansionSlots	Global	ANALYSIS	true	false	false
ffdfff98	Label	MuiGeneration	MuiGeneration	Global	ANALYSIS	true	false	false
ffdfff9c	Label	IsImpersonating	IsImpersonating	Global	ANALYSIS	true	false	false
ffdfffa0	Label	NlsCache	NlsCache	Global	ANALYSIS	true	false	false
ffdfffa4	Label	pShimData	pShimData	Global	ANALYSIS	true	false	false
ffdfffa8	Label	HeapVirtualAffinity	HeapVirtualAffinity	Global	ANALYSIS	true	false	false
ffdfffac	Label	CurrentTransactionHandle	CurrentTransactionHandle	Global	ANALYSIS	true	false	false
ffdfffb0	Label	ActiveFrame	ActiveFrame	Global	ANALYSIS	true	false	false
ffdfffb4	Label	FlsData	FlsData	Global	ANALYSIS	true	false	false
ffdfffb8	Label	PreferredLanguages	PreferredLanguages	Global	ANALYSIS	true	false	false
ffdfffbc	Label	UserPrefLanguages	UserPrefLanguages	Global	ANALYSIS	true	false	false
ffdfffc0	Label	MergedPrefLanguages	MergedPrefLanguages	Global	ANALYSIS	true	false	false
ffdfffc4	Label	MuiImpersonation	MuiImpersonation	Global	ANALYSIS	true	false	false
ffdfffc8	Label	CrossTebFlags	CrossTebFlags	Global	ANALYSIS	true	false	false
ffdfffca	Label	SameTebFlags	SameTebFlags	Global	ANALYSIS	true	false	false
ffdfffcc	Label	TxnScopeEnterCallback	TxnScopeEnterCallback	Global	ANALYSIS	true	false	false
ffdfffd0	Label	TxnScopeExitCallback	TxnScopeExitCallback	Global	ANALYSIS	true	false	false
ffdfffd4	Label	TxnScopeContext	TxnScopeContext	Global	ANALYSIS	true	false	false
ffdfffd8	Label	LockCount	LockCount	Global	ANALYSIS	true	false	false
ffdfffe0	Label	ResourceRetValue	ResourceRetValue	Global	ANALYSIS	true	false	false
