entry	name	full_name	namespace	name_source	signature_source	calling_convention	return_type	parameter_count	is_thunk	thunk_target	is_external	body_ranges	comment	repeatable_comment	prototype
59a70030	FUN_59a70030	FUN_59a70030	Global	DEFAULT	ANALYSIS	__cdecl	undefined	3	false	\N	false	59a70030-59a7004c;59a70050-59a700b0	\N	\N	undefined __cdecl FUN_59a70030(undefined1 * param_1, int param_2, undefined * param_3)
59a700c0	FUN_59a700c0	FUN_59a700c0	Global	DEFAULT	ANALYSIS	__cdecl	undefined	4	false	\N	false	59a700c0-59a700fc;59a70100-59a701ec;59a701f0-59a70326	\N	\N	undefined __cdecl FUN_59a700c0(undefined1 * param_1, uint param_2, uint param_3, undefined * param_4)
59a7032c	MapDebugInformation	MapDebugInformation	Global	IMPORTED	ANALYSIS	__stdcall	undefined	4	false	\N	false	59a7032c-59a70526	\N	\N	undefined __stdcall MapDebugInformation(HANDLE param_1, BYTE * param_2, char * param_3, undefined4 param_4)
59a7052c	UnmapDebugInformation	UnmapDebugInformation	Global	IMPORTED	ANALYSIS	__stdcall	undefined4	1	false	\N	false	59a7052c-59a70594	\N	\N	undefined4 __stdcall UnmapDebugInformation(int param_1)
59a7059a	FUN_59a7059a	FUN_59a7059a	Global	DEFAULT	ANALYSIS	__stdcall	undefined	1	false	\N	false	59a7059a-59a706f1	\N	\N	undefined __stdcall FUN_59a7059a(char * param_1)
59a706f7	SymFindFileInPath	SymFindFileInPath	Global	IMPORTED	ANALYSIS	__stdcall	undefined	10	false	\N	false	59a706f7-59a7097f	\N	\N	undefined __stdcall SymFindFileInPath(int param_1, char * param_2, char * param_3, int * * * * param_4, undefined4 param_5, undefined4 param_6, uint param_7, char * param_8, undefined * param_9, undefined4 param_10)
59a70985	FindFileInPath	FindFileInPath	Global	IMPORTED	ANALYSIS	__stdcall	undefined	8	false	\N	false	59a70985-59a709ae	\N	\N	undefined __stdcall FindFileInPath(int param_1, char * param_2, char * param_3, int * * * * param_4, undefined4 param_5, undefined4 param_6, uint param_7, char * param_8)
59a709b4	FindFileInSearchPath	FindFileInSearchPath	Global	IMPORTED	ANALYSIS	__stdcall	undefined	7	false	\N	false	59a709b4-59a709d8	\N	\N	undefined __stdcall FindFileInSearchPath(int param_1, char * param_2, char * param_3, int * * * * param_4, undefined4 param_5, undefined4 param_6, char * param_7)
59a709de	FUN_59a709de	FUN_59a709de	Global	DEFAULT	ANALYSIS	__stdcall	typedef HANDLE void *	4	false	\N	false	59a709de-59a70ac2	\N	\N	HANDLE __stdcall FUN_59a709de(LPCSTR param_1, undefined * param_2, undefined4 param_3, byte param_4)
59a70ac8	FUN_59a70ac8	FUN_59a70ac8	Global	DEFAULT	ANALYSIS	__stdcall	bool	2	false	\N	false	59a70ac8-59a70af2	\N	\N	bool __stdcall FUN_59a70ac8(LPCSTR param_1, undefined4 * param_2)
59a70af8	FUN_59a70af8	FUN_59a70af8	Global	DEFAULT	ANALYSIS	__stdcall	undefined	6	false	\N	false	59a70af8-59a70fad;59a70fda-59a71099	\N	\N	undefined __stdcall FUN_59a70af8(char * param_1, char * param_2, BYTE * param_3, undefined * param_4, int param_5, uint param_6)
59a7109f	FUN_59a7109f	FUN_59a7109f	Global	DEFAULT	ANALYSIS	__stdcall	undefined	5	false	\N	false	59a7109f-59a712e1	\N	\N	undefined __stdcall FUN_59a7109f(char * param_1, BYTE * param_2, int param_3, undefined * param_4, undefined4 param_5)
59a712e7	SearchTreeForFile	SearchTreeForFile	Global	IMPORTED	ANALYSIS	__stdcall	undefined	3	false	\N	false	59a712e7-59a71301	\N	\N	undefined __stdcall SearchTreeForFile(char * param_1, BYTE * param_2, int param_3)
59a71307	MakeSureDirectoryPathExists	MakeSureDirectoryPathExists	Global	IMPORTED	ANALYSIS	__stdcall	undefined4	1	false	\N	false	59a71307-59a7141e;59a71440-59a7144d	\N	\N	undefined4 __stdcall MakeSureDirectoryPathExists(BYTE * param_1)
59a71453	ImagehlpApiVersion	ImagehlpApiVersion	Global	IMPORTED	ANALYSIS	__stdcall	undefined *	0	false	\N	false	59a71453-59a71458	\N	\N	undefined * __stdcall ImagehlpApiVersion(void)
59a7145e	ImagehlpApiVersionEx	ImagehlpApiVersionEx	Global	IMPORTED	ANALYSIS	__stdcall	undefined *	1	false	\N	false	59a7145e-59a71475;59a71482-59a71499	\N	\N	undefined * __stdcall ImagehlpApiVersionEx(undefined * param_1)
59a7149f	FUN_59a7149f	FUN_59a7149f	Global	DEFAULT	ANALYSIS	__stdcall	undefined	6	false	\N	false	59a7149f-59a71682;59a71692-59a716a0;59a716b0-59a716ee	\N	\N	undefined __stdcall FUN_59a7149f(BYTE * param_1, char * param_2, LPSTR param_3, undefined * param_4, undefined4 param_5, undefined4 param_6)
59a716f4	FUN_59a716f4	FUN_59a716f4	Global	DEFAULT	ANALYSIS	__stdcall	typedef HANDLE void *	6	false	\N	false	59a716f4-59a71799;59a717ab-59a71818	\N	\N	HANDLE __stdcall FUN_59a716f4(BYTE * param_1, char * param_2, BYTE * param_3, undefined * param_4, undefined4 param_5, undefined4 param_6)
59a7181e	FindExecutableImageEx	FindExecutableImageEx	Global	IMPORTED	ANALYSIS	__stdcall	undefined	5	false	\N	false	59a7181e-59a7185f	\N	\N	undefined __stdcall FindExecutableImageEx(BYTE * param_1, char * param_2, BYTE * param_3, undefined * param_4, undefined4 param_5)
59a71865	FindDebugInfoFileEx	FindDebugInfoFileEx	Global	IMPORTED	ANALYSIS	__stdcall	undefined	5	false	\N	false	59a71865-59a718aa	\N	\N	undefined __stdcall FindDebugInfoFileEx(char * param_1, char * param_2, BYTE * param_3, undefined * param_4, int param_5)
59a718b0	FindExecutableImage	FindExecutableImage	Global	IMPORTED	ANALYSIS	__stdcall	undefined	3	false	\N	false	59a718b0-59a718ca	\N	\N	undefined __stdcall FindExecutableImage(BYTE * param_1, char * param_2, BYTE * param_3)
59a718d0	FindDebugInfoFile	FindDebugInfoFile	Global	IMPORTED	ANALYSIS	__stdcall	undefined	3	false	\N	false	59a718d0-59a718ea	\N	\N	undefined __stdcall FindDebugInfoFile(char * param_1, char * param_2, BYTE * param_3)
59a718f0	QzAtlComPtrAssign	QzAtlComPtrAssign	Global	ANALYSIS	IMPORTED	__stdcall	IUnknown *	2	false	\N	false	59a718f0-59a7191c	Library Function - Single Match\n struct IUnknown * __stdcall QzAtlComPtrAssign(struct IUnknown * *,struct IUnknown *)\n\nLibrary: Visual Studio 2019 Release	\N	IUnknown * __stdcall QzAtlComPtrAssign(IUnknown * * param_1, IUnknown * param_2)
59a71922	FUN_59a71922	FUN_59a71922	Global	DEFAULT	ANALYSIS	__stdcall	undefined4	1	false	\N	false	59a71922-59a71958	\N	\N	undefined4 __stdcall FUN_59a71922(int * param_1)
59a7195e	FUN_59a7195e	FUN_59a7195e	Global	DEFAULT	ANALYSIS	__stdcall	int	2	false	\N	false	59a7195e-59a7197b	\N	\N	int __stdcall FUN_59a7195e(int param_1, int param_2)
59a71981	FUN_59a71981	FUN_59a71981	Global	DEFAULT	ANALYSIS	__stdcall	bool	2	false	\N	false	59a71981-59a719a2	\N	\N	bool __stdcall FUN_59a71981(int param_1, int * param_2)
59a719a8	FUN_59a719a8	FUN_59a719a8	Global	DEFAULT	ANALYSIS	__stdcall	undefined *	1	false	\N	false	59a719a8-59a719e6	\N	\N	undefined * __stdcall FUN_59a719a8(int param_1)
59a719ec	FUN_59a719ec	FUN_59a719ec	Global	DEFAULT	ANALYSIS	__stdcall	undefined4	0	false	\N	false	59a719ec-59a719f1	\N	\N	undefined4 __stdcall FUN_59a719ec(void)
59a719f7	FUN_59a719f7	FUN_59a719f7	Global	DEFAULT	ANALYSIS	__stdcall	char *	3	false	\N	false	59a719f7-59a71a35	\N	\N	char * __stdcall FUN_59a719f7(char * param_1, int param_2, char * param_3)
59a71a3b	FUN_59a71a3b	FUN_59a71a3b	Global	DEFAULT	ANALYSIS	__stdcall	char *	3	false	\N	false	59a71a3b-59a71a94	\N	\N	char * __stdcall FUN_59a71a3b(char * param_1, int param_2, char * param_3)
59a71a9a	FUN_59a71a9a	FUN_59a71a9a	Global	DEFAULT	ANALYSIS	__stdcall	undefined8	2	false	\N	false	59a71a9a-59a71abe	\N	\N	undefined8 __stdcall FUN_59a71a9a(int param_1, uint param_2)
59a71ac4	FUN_59a71ac4	FUN_59a71ac4	Global	DEFAULT	ANALYSIS	__stdcall	typedef LPWSTR WCHAR *	2	false	\N	false	59a71ac4-59a71aed	\N	\N	LPWSTR __stdcall FUN_59a71ac4(LPCSTR param_1, LPWSTR param_2)
59a71af3	FUN_59a71af3	FUN_59a71af3	Global	DEFAULT	ANALYSIS	__stdcall	undefined	2	false	\N	false	59a71af3-59a71b22	\N	\N	undefined __stdcall FUN_59a71af3(char * param_1, char * param_2)
59a71b28	FUN_59a71b28	FUN_59a71b28	Global	DEFAULT	ANALYSIS	__stdcall	undefined4	2	false	\N	false	59a71b28-59a71b87	\N	\N	undefined4 __stdcall FUN_59a71b28(char * param_1, char * param_2)
59a71b8d	FUN_59a71b8d	FUN_59a71b8d	Global	DEFAULT	ANALYSIS	__stdcall	int	2	false	\N	false	59a71b8d-59a71bd6	\N	\N	int __stdcall FUN_59a71b8d(int param_1, int param_2)
59a71bdc	FUN_59a71bdc	FUN_59a71bdc	Global	DEFAULT	ANALYSIS	__stdcall	undefined	0	false	\N	false	59a71bdc-59a71bf7	\N	\N	undefined __stdcall FUN_59a71bdc(void)
59a71bfd	FUN_59a71bfd	FUN_59a71bfd	Global	DEFAULT	ANALYSIS	__stdcall	bool	2	false	\N	false	59a71bfd-59a71c5a	\N	\N	bool __stdcall FUN_59a71bfd(LPWSTR param_1, LPWSTR param_2)
59a71c60	FUN_59a71c60	FUN_59a71c60	Global	DEFAULT	ANALYSIS	__stdcall	undefined	2	false	\N	false	59a71c60-59a71c74	\N	\N	undefined __stdcall FUN_59a71c60(int * param_1, undefined4 param_2)
59a71c7a	FUN_59a71c7a	FUN_59a71c7a	Global	DEFAULT	ANALYSIS	__stdcall	undefined	2	false	\N	false	59a71c7a-59a71c8e	\N	\N	undefined __stdcall FUN_59a71c7a(int * param_1, undefined4 param_2)
59a71c94	FUN_59a71c94	FUN_59a71c94	Global	DEFAULT	ANALYSIS	__stdcall	undefined	2	false	\N	false	59a71c94-59a71cab	\N	\N	undefined __stdcall FUN_59a71c94(int * param_1, undefined4 param_2)
59a71cb1	FUN_59a71cb1	FUN_59a71cb1	Global	DEFAULT	ANALYSIS	__stdcall	undefined	2	false	\N	false	59a71cb1-59a71cc5	\N	\N	undefined __stdcall FUN_59a71cb1(int * param_1, undefined4 param_2)
59a71ccb	FUN_59a71ccb	FUN_59a71ccb	Global	DEFAULT	ANALYSIS	__stdcall	undefined	2	false	\N	false	59a71ccb-59a71cdf	\N	\N	undefined __stdcall FUN_59a71ccb(int * param_1, undefined4 param_2)
59a71ce5	FUN_59a71ce5	FUN_59a71ce5	Global	DEFAULT	ANALYSIS	__stdcall	undefined	2	false	\N	false	59a71ce5-59a71cf9	\N	\N	undefined __stdcall FUN_59a71ce5(int * param_1, undefined4 param_2)
59a71cff	FUN_59a71cff	FUN_59a71cff	Global	DEFAULT	ANALYSIS	__stdcall	undefined	2	false	\N	false	59a71cff-59a71d16	\N	\N	undefined __stdcall FUN_59a71cff(int * param_1, undefined4 param_2)
59a71d1c	FUN_59a71d1c	FUN_59a71d1c	Global	DEFAULT	ANALYSIS	__stdcall	undefined	2	false	\N	false	59a71d1c-59a71d33	\N	\N	undefined __stdcall FUN_59a71d1c(int * param_1, undefined4 param_2)
59a71d39	FUN_59a71d39	FUN_59a71d39	Global	DEFAULT	ANALYSIS	__stdcall	undefined	2	false	\N	false	59a71d39-59a71d50	\N	\N	undefined __stdcall FUN_59a71d39(int * param_1, undefined4 param_2)
59a71d56	FUN_59a71d56	FUN_59a71d56	Global	DEFAULT	ANALYSIS	__stdcall	undefined	2	false	\N	false	59a71d56-59a71d6a	\N	\N	undefined __stdcall FUN_59a71d56(int * param_1, undefined4 param_2)
59a71d70	FUN_59a71d70	FUN_59a71d70	Global	DEFAULT	ANALYSIS	__stdcall	undefined	2	false	\N	false	59a71d70-59a71d84	\N	\N	undefined __stdcall FUN_59a71d70(int * param_1, undefined4 param_2)
59a71d8a	FUN_59a71d8a	FUN_59a71d8a	Global	DEFAULT	ANALYSIS	__stdcall	undefined	2	false	\N	false	59a71d8a-59a71da1	\N	\N	undefined __stdcall FUN_59a71d8a(int * param_1, undefined4 param_2)
59a71da7	FUN_59a71da7	FUN_59a71da7	Global	DEFAULT	ANALYSIS	__stdcall	undefined	2	false	\N	false	59a71da7-59a71dbe	\N	\N	undefined __stdcall FUN_59a71da7(int * param_1, undefined4 param_2)
59a71dc4	FUN_59a71dc4	FUN_59a71dc4	Global	DEFAULT	ANALYSIS	__stdcall	undefined	2	false	\N	false	59a71dc4-59a71ddb	\N	\N	undefined __stdcall FUN_59a71dc4(int * param_1, undefined4 param_2)
59a71de1	FUN_59a71de1	FUN_59a71de1	Global	DEFAULT	ANALYSIS	__stdcall	undefined	2	false	\N	false	59a71de1-59a71df8	\N	\N	undefined __stdcall FUN_59a71de1(int * param_1, undefined4 param_2)
59a71dfe	FUN_59a71dfe	FUN_59a71dfe	Global	DEFAULT	ANALYSIS	__stdcall	undefined	2	false	\N	false	59a71dfe-59a71e15	\N	\N	undefined __stdcall FUN_59a71dfe(int * param_1, undefined4 param_2)
59a71e1b	FUN_59a71e1b	FUN_59a71e1b	Global	DEFAULT	ANALYSIS	__stdcall	undefined	2	false	\N	false	59a71e1b-59a71e32	\N	\N	undefined __stdcall FUN_59a71e1b(int * param_1, undefined4 param_2)
59a71e38	FUN_59a71e38	FUN_59a71e38	Global	DEFAULT	ANALYSIS	__stdcall	undefined	2	false	\N	false	59a71e38-59a71e4f	\N	\N	undefined __stdcall FUN_59a71e38(int * param_1, undefined4 param_2)
59a71e55	FUN_59a71e55	FUN_59a71e55	Global	DEFAULT	ANALYSIS	__stdcall	undefined	2	false	\N	false	59a71e55-59a71e6c	\N	\N	undefined __stdcall FUN_59a71e55(int * param_1, undefined4 param_2)
59a71e72	FUN_59a71e72	FUN_59a71e72	Global	DEFAULT	ANALYSIS	__stdcall	undefined	4	false	\N	false	59a71e72-59a71ea0	\N	\N	undefined __stdcall FUN_59a71e72(int * param_1, uint param_2, int param_3, int * param_4)
59a71ea6	FUN_59a71ea6	FUN_59a71ea6	Global	DEFAULT	ANALYSIS	__stdcall	undefined	2	false	\N	false	59a71ea6-59a71ebd	\N	\N	undefined __stdcall FUN_59a71ea6(int * param_1, undefined4 param_2)
59a71ec3	FUN_59a71ec3	FUN_59a71ec3	Global	DEFAULT	ANALYSIS	__stdcall	undefined	7	false	\N	false	59a71ec3-59a72093	\N	\N	undefined __stdcall FUN_59a71ec3(int param_1, int * param_2, undefined4 param_3, undefined4 param_4, uint param_5, int param_6, int * param_7)
59a720c5	FUN_59a720c5	FUN_59a720c5	Global	DEFAULT	ANALYSIS	__stdcall	undefined4	6	false	\N	false	59a720c5-59a721d6	\N	\N	undefined4 __stdcall FUN_59a720c5(int param_1, int param_2, int param_3, uint param_4, uint param_5, int * param_6)
59a721dc	CComQIPtr<>	CComQIPtr<>	Global	ANALYSIS	ANALYSIS	__thiscall	void *	2	false	\N	false	59a721dc-59a721ff	Library Function - Multiple Matches With Same Base Name\n public: __thiscall ATL::CComQIPtr<struct IChapteredRowset,&struct __s_GUID const _GUID_0c733a93_2a1c_11ce_ade5_00aa0044773d>::CComQIPtr<struct IChapteredRowset,&struct __s_GUID const _GUID_0c733a93_2a1c_11ce_ade5_00aa0044773d>(struct IUnknown *)\n public: __thiscall ATL::CComQIPtr<struct IHTMLDocument2,&struct __s_GUID const _GUID_332c4425_26cb_11d0_b483_00c04fd90119>::CComQIPtr<struct IHTMLDocument2,&struct __s_GUID const _GUID_332c4425_26cb_11d0_b483_00c04fd90119>(struct IUnknown *)\n public: __thiscall ATL::CComQIPtr<struct IOleCommandTarget,&struct __s_GUID const _GUID_b722bccb_4e68_101b_a2bc_00aa00404770>::CComQIPtr<struct IOleCommandTarget,&struct __s_GUID const _GUID_b722bccb_4e68_101b_a2bc_00aa00404770>(struct IUnknown *)\n public: __thiscall ATL::CComQIPtr<struct IOleInPlaceActiveObject,&struct __s_GUID const _GUID_00000117_0000_0000_c000_000000000046>::CComQIPtr<struct IOleInPlaceActiveObject,&struct __s_GUID const _GUID_00000117_0000_0000_c000_000000000046>(struct IUnknown *)\n  10 names - too many to list\n\nLibraries: Visual Studio 2008 Release, Visual Studio 2010 Release	\N	void * __thiscall CComQIPtr<>(undefined4 * param_1)
59a72205	FUN_59a72205	FUN_59a72205	Global	DEFAULT	ANALYSIS	__stdcall	undefined	8	false	\N	false	59a72205-59a72960	\N	\N	undefined __stdcall FUN_59a72205(int param_1, char * param_2, int * param_3, int param_4, undefined4 param_5, char * param_6, char * param_7, int param_8)
59a72966	FUN_59a72966	FUN_59a72966	Global	DEFAULT	ANALYSIS	__stdcall	undefined4	1	false	\N	false	59a72966-59a72a7a	\N	\N	undefined4 __stdcall FUN_59a72966(SIZE_T param_1)
59a72a80	FUN_59a72a80	FUN_59a72a80	Global	DEFAULT	ANALYSIS	__stdcall	undefined4	1	false	\N	false	59a72a80-59a72bab	\N	\N	undefined4 __stdcall FUN_59a72a80(SIZE_T param_1)
59a72bb1	FUN_59a72bb1	FUN_59a72bb1	Global	DEFAULT	ANALYSIS	__stdcall	undefined4	1	false	\N	false	59a72bb1-59a72d36	\N	\N	undefined4 __stdcall FUN_59a72bb1(int param_1)
59a72d3c	FUN_59a72d3c	FUN_59a72d3c	Global	DEFAULT	ANALYSIS	__stdcall	undefined4	1	false	\N	false	59a72d3c-59a72f60	\N	\N	undefined4 __stdcall FUN_59a72d3c(SIZE_T param_1)
59a72f66	FUN_59a72f66	FUN_59a72f66	Global	DEFAULT	ANALYSIS	__fastcall	undefined	1	false	\N	false	59a72f66-59a72fb9	\N	\N	undefined __fastcall FUN_59a72f66(int * param_1)
59a72fbf	FUN_59a72fbf	FUN_59a72fbf	Global	DEFAULT	ANALYSIS	__stdcall	undefined	3	false	\N	false	59a72fbf-59a73338	\N	\N	undefined __stdcall FUN_59a72fbf(undefined4 * param_1, IUnknown * param_2, int * param_3)
59a7333e	FUN_59a7333e	FUN_59a7333e	Global	DEFAULT	ANALYSIS	__stdcall	undefined4	1	false	\N	false	59a7333e-59a73405	\N	\N	undefined4 __stdcall FUN_59a7333e(IUnknown * param_1)
59a7340b	FUN_59a7340b	FUN_59a7340b	Global	DEFAULT	ANALYSIS	__stdcall	undefined	6	false	\N	false	59a7340b-59a737a6	\N	\N	undefined __stdcall FUN_59a7340b(int param_1, char * param_2, undefined * param_3, undefined4 param_4, int param_5, int param_6)
59a737ac	FUN_59a737ac	FUN_59a737ac	Global	DEFAULT	ANALYSIS	__stdcall	undefined	7	false	\N	false	59a737ac-59a73dc6	\N	\N	undefined __stdcall FUN_59a737ac(undefined4 param_1, IUnknown * param_2, LPWSTR param_3, undefined * param_4, undefined4 param_5, int param_6, int param_7)
59a73dcc	FUN_59a73dcc	FUN_59a73dcc	Global	DEFAULT	ANALYSIS	__stdcall	undefined	7	false	\N	false	59a73dcc-59a73e08	\N	\N	undefined __stdcall FUN_59a73dcc(int param_1, IUnknown * param_2, LPWSTR param_3, undefined * param_4, undefined4 param_5, int param_6, int param_7)
59a73e0e	FUN_59a73e0e	FUN_59a73e0e	Global	DEFAULT	ANALYSIS	__stdcall	undefined	3	false	\N	false	59a73e0e-59a73e66	\N	\N	undefined __stdcall FUN_59a73e0e(int param_1, IUnknown * param_2, LPWSTR param_3)
59a73e6c	FUN_59a73e6c	FUN_59a73e6c	Global	DEFAULT	ANALYSIS	__stdcall	undefined	7	false	\N	false	59a73e6c-59a73e76	\N	\N	undefined __stdcall FUN_59a73e6c(int param_1, IUnknown * param_2, LPWSTR param_3, undefined * param_4, undefined4 param_5, int param_6, int param_7)
59a73e7c	FUN_59a73e7c	FUN_59a73e7c	Global	DEFAULT	ANALYSIS	__stdcall	IUnknown *	4	false	\N	false	59a73e7c-59a74014	\N	\N	IUnknown * __stdcall FUN_59a73e7c(uint param_1, int param_2, IUnknown * param_3, int * param_4)
59a7401a	FUN_59a7401a	FUN_59a7401a	Global	DEFAULT	ANALYSIS	__stdcall	undefined4	5	false	\N	false	59a7401a-59a74192	\N	\N	undefined4 __stdcall FUN_59a7401a(int * param_1, int param_2, uint param_3, int * param_4, int * param_5)
59a74198	FUN_59a74198	FUN_59a74198	Global	DEFAULT	ANALYSIS	__stdcall	undefined	3	false	\N	false	59a74198-59a7447b	\N	\N	undefined __stdcall FUN_59a74198(int param_1, int * param_2, int param_3)
59a74481	FUN_59a74481	FUN_59a74481	Global	DEFAULT	ANALYSIS	__stdcall	undefined	3	false	\N	false	59a74481-59a7475d	\N	\N	undefined __stdcall FUN_59a74481(int param_1, int * param_2, int * param_3)
59a74763	FUN_59a74763	FUN_59a74763	Global	DEFAULT	ANALYSIS	__stdcall	undefined4	2	false	\N	false	59a74763-59a7482f	\N	\N	undefined4 __stdcall FUN_59a74763(int param_1, int * param_2)
59a74835	FUN_59a74835	FUN_59a74835	Global	DEFAULT	ANALYSIS	__stdcall	undefined	4	false	\N	false	59a74835-59a749c8	\N	\N	undefined __stdcall FUN_59a74835(int param_1, LPWSTR param_2, undefined * param_3, undefined4 param_4)
59a749ce	FUN_59a749ce	FUN_59a749ce	Global	DEFAULT	ANALYSIS	__stdcall	int	1	false	\N	false	59a749ce-59a74aab	\N	\N	int __stdcall FUN_59a749ce(int param_1)
59a74ab1	FUN_59a74ab1	FUN_59a74ab1	Global	DEFAULT	ANALYSIS	__stdcall	IUnknown *	4	false	\N	false	59a74ab1-59a74bbf	\N	\N	IUnknown * __stdcall FUN_59a74ab1(IUnknown * param_1, int param_2, int param_3, int param_4)
59a74bc5	FUN_59a74bc5	FUN_59a74bc5	Global	DEFAULT	ANALYSIS	__stdcall	int	2	false	\N	false	59a74bc5-59a74c0d	\N	\N	int __stdcall FUN_59a74bc5(int * param_1, undefined4 param_2)
59a74c13	FUN_59a74c13	FUN_59a74c13	Global	DEFAULT	ANALYSIS	__stdcall	int	2	false	\N	false	59a74c13-59a74cf8	\N	\N	int __stdcall FUN_59a74c13(int * param_1, int * param_2)
59a74cfe	FUN_59a74cfe	FUN_59a74cfe	Global	DEFAULT	ANALYSIS	__stdcall	bool	5	false	\N	false	59a74cfe-59a74d44	\N	\N	bool __stdcall FUN_59a74cfe(int param_1, uint param_2, uint param_3, undefined4 param_4, undefined4 param_5)
59a74d4a	FUN_59a74d4a	FUN_59a74d4a	Global	DEFAULT	ANALYSIS	__stdcall	int	6	false	\N	false	59a74d4a-59a74f0a	\N	\N	int __stdcall FUN_59a74d4a(int param_1, uint param_2, uint param_3, undefined4 param_4, undefined4 param_5, int * param_6)
59a74f70	FUN_59a74f70	FUN_59a74f70	Global	DEFAULT	ANALYSIS	__stdcall	int	6	false	\N	false	59a74f70-59a74ff1	\N	\N	int __stdcall FUN_59a74f70(int param_1, uint param_2, uint param_3, uint param_4, uint param_5, int * param_6)
59a74ff7	FUN_59a74ff7	FUN_59a74ff7	Global	DEFAULT	ANALYSIS	__stdcall	bool	3	false	\N	false	59a74ff7-59a750f5	\N	\N	bool __stdcall FUN_59a74ff7(IUnknown * param_1, IUnknown * param_2, undefined4 * param_3)
59a750fb	FUN_59a750fb	FUN_59a750fb	Global	DEFAULT	ANALYSIS	__stdcall	undefined	4	false	\N	false	59a750fb-59a75303	\N	\N	undefined __stdcall FUN_59a750fb(IUnknown * param_1, LPWSTR param_2, undefined * param_3, undefined4 param_4)
59a75309	FUN_59a75309	FUN_59a75309	Global	DEFAULT	ANALYSIS	__stdcall	bool	4	false	\N	false	59a75309-59a753f6	\N	\N	bool __stdcall FUN_59a75309(int * param_1, uint param_2, uint param_3, undefined4 param_4)
59a753fc	FUN_59a753fc	FUN_59a753fc	Global	DEFAULT	ANALYSIS	__thiscall	void *	2	false	\N	false	59a753fc-59a7541c	\N	\N	void * __thiscall FUN_59a753fc(byte param_1)
59a75422	FUN_59a75422	FUN_59a75422	Global	DEFAULT	ANALYSIS	__stdcall	undefined	1	false	\N	false	59a75422-59a75438	\N	\N	undefined __stdcall FUN_59a75422(void * param_1)
59a7543e	FUN_59a7543e	FUN_59a7543e	Global	DEFAULT	ANALYSIS	__stdcall	undefined	1	false	\N	false	59a7543e-59a75816	\N	\N	undefined __stdcall FUN_59a7543e(int * param_1)
59a7581c	FUN_59a7581c	FUN_59a7581c	Global	DEFAULT	ANALYSIS	__stdcall	undefined	1	false	\N	false	59a7581c-59a75831	\N	\N	undefined __stdcall FUN_59a7581c(undefined4 param_1)
59a75837	FUN_59a75837	FUN_59a75837	Global	DEFAULT	ANALYSIS	__stdcall	undefined4	3	false	\N	false	59a75837-59a7587b	\N	\N	undefined4 __stdcall FUN_59a75837(undefined4 param_1, undefined4 * param_2, undefined4 * param_3)
59a75881	ExtensionApiVersion	ExtensionApiVersion	Global	IMPORTED	ANALYSIS	__stdcall	undefined *	0	false	\N	false	59a75881-59a75886	\N	\N	undefined * __stdcall ExtensionApiVersion(void)
59a7588c	WinDbgExtensionDllInit	WinDbgExtensionDllInit	Global	IMPORTED	ANALYSIS	__stdcall	undefined	3	false	\N	false	59a7588c-59a758b9	\N	\N	undefined __stdcall WinDbgExtensionDllInit(undefined4 * param_1, undefined2 param_2, undefined2 param_3)
59a758bf	vc7fpo	vc7fpo	Global	IMPORTED	ANALYSIS	__stdcall	undefined	0	false	\N	false	59a758bf-59a758e7	\N	\N	undefined __stdcall vc7fpo(void)
59a758ed	sym	sym	Global	IMPORTED	ANALYSIS	__stdcall	undefined	0	false	\N	false	59a758ed-59a75974	\N	\N	undefined __stdcall sym(void)
59a7597a	FUN_59a7597a	FUN_59a7597a	Global	DEFAULT	ANALYSIS	__cdecl	undefined4	2	false	\N	false	59a7597a-59a759b0	\N	\N	undefined4 __cdecl FUN_59a7597a(uint * param_1, uint * param_2)
59a759b6	FUN_59a759b6	FUN_59a759b6	Global	DEFAULT	ANALYSIS	__stdcall	char *	3	false	\N	false	59a759b6-59a75a0f	\N	\N	char * __stdcall FUN_59a759b6(undefined4 param_1, undefined4 param_2, int param_3)
59a75a15	lm	lm	Global	IMPORTED	ANALYSIS	__stdcall	undefined	0	false	\N	false	59a75a15-59a75bb2	\N	\N	undefined __stdcall lm(void)
59a75bb8	FUN_59a75bb8	FUN_59a75bb8	Global	DEFAULT	ANALYSIS	__stdcall	undefined4	2	false	\N	false	59a75bb8-59a75bfe	\N	\N	undefined4 __stdcall FUN_59a75bb8(uint * param_1, int param_2)
59a75c04	FUN_59a75c04	FUN_59a75c04	Global	DEFAULT	ANALYSIS	__stdcall	undefined	3	false	\N	false	59a75c04-59a75fb0	\N	\N	undefined __stdcall FUN_59a75c04(undefined4 param_1, int param_2, undefined4 * param_3)
59a75fb6	FUN_59a75fb6	FUN_59a75fb6	Global	DEFAULT	ANALYSIS	__stdcall	undefined	2	false	\N	false	59a75fb6-59a7639c	\N	\N	undefined __stdcall FUN_59a75fb6(undefined4 param_1, int param_2)
59a763a2	FUN_59a763a2	FUN_59a763a2	Global	DEFAULT	ANALYSIS	__stdcall	undefined	2	false	\N	false	59a763a2-59a765dd	\N	\N	undefined __stdcall FUN_59a763a2(undefined4 param_1, int param_2)
59a765e3	FUN_59a765e3	FUN_59a765e3	Global	DEFAULT	ANALYSIS	__stdcall	undefined	1	false	\N	false	59a765e3-59a7660e	\N	\N	undefined __stdcall FUN_59a765e3(char * param_1)
59a76614	FUN_59a76614	FUN_59a76614	Global	DEFAULT	ANALYSIS	__stdcall	undefined	2	false	\N	false	59a76614-59a76733	\N	\N	undefined __stdcall FUN_59a76614(undefined4 * param_1, undefined4 * param_2)
59a76739	FUN_59a76739	FUN_59a76739	Global	DEFAULT	ANALYSIS	__stdcall	undefined4	3	false	\N	false	59a76739-59a767c5	\N	\N	undefined4 __stdcall FUN_59a76739(undefined4 param_1, undefined4 param_2, undefined4 * param_3)
59a767cb	FUN_59a767cb	FUN_59a767cb	Global	DEFAULT	ANALYSIS	__stdcall	undefined	0	false	\N	false	59a767cb-59a76b6c	\N	\N	undefined __stdcall FUN_59a767cb(void)
59a76b72	FUN_59a76b72	FUN_59a76b72	Global	DEFAULT	ANALYSIS	__stdcall	undefined	2	false	\N	false	59a76b72-59a76f89	\N	\N	undefined __stdcall FUN_59a76b72(undefined4 param_1, int param_2)
59a76f8f	FUN_59a76f8f	FUN_59a76f8f	Global	DEFAULT	ANALYSIS	__stdcall	undefined4	2	false	\N	false	59a76f8f-59a76fe0	\N	\N	undefined4 __stdcall FUN_59a76f8f(uint param_1, int * param_2)
59a76fe6	lmi	lmi	Global	IMPORTED	ANALYSIS	__stdcall	undefined	0	false	\N	false	59a76fe6-59a77141	\N	\N	undefined __stdcall lmi(void)
59a77147	omap	omap	Global	IMPORTED	ANALYSIS	__stdcall	undefined	0	false	\N	false	59a77147-59a7729f	\N	\N	undefined __stdcall omap(void)
59a772a5	srcfiles	srcfiles	Global	IMPORTED	ANALYSIS	__stdcall	undefined	0	false	\N	false	59a772a5-59a7737c	\N	\N	undefined __stdcall srcfiles(void)
59a77382	FUN_59a77382	FUN_59a77382	Global	DEFAULT	ANALYSIS	__stdcall	undefined	1	false	\N	false	59a77382-59a775a0;59a775ba-59a7763a	\N	\N	undefined __stdcall FUN_59a77382(int param_1)
59a775ad	FUN_59a775ad	FUN_59a775ad	Global	DEFAULT	ANALYSIS	__stdcall	undefined	0	false	\N	false	59a775ad-59a775b9	\N	\N	undefined __stdcall FUN_59a775ad(void)
59a77660	FUN_59a77660	FUN_59a77660	Global	DEFAULT	ANALYSIS	__stdcall	undefined	1	false	\N	false	59a77660-59a77770	\N	\N	undefined __stdcall FUN_59a77660(int param_1)
59a77776	FUN_59a77776	FUN_59a77776	Global	DEFAULT	ANALYSIS	__stdcall	undefined	0	false	\N	false	59a77776-59a7784f	\N	\N	undefined __stdcall FUN_59a77776(void)
59a77855	FUN_59a77855	FUN_59a77855	Global	DEFAULT	ANALYSIS	__stdcall	undefined	4	false	\N	false	59a77855-59a77a46;59a77a62-59a77a7d	\N	\N	undefined __stdcall FUN_59a77855(uint param_1, int param_2, int param_3, int param_4)
59a77a47	FUN_59a77a47	FUN_59a77a47	Global	DEFAULT	ANALYSIS	__stdcall	undefined	0	false	\N	false	59a77a47-59a77a5f	\N	\N	undefined __stdcall FUN_59a77a47(void)
59a77a83	FUN_59a77a83	FUN_59a77a83	Global	DEFAULT	ANALYSIS	__stdcall	undefined	1	false	\N	false	59a77a83-59a77c10	\N	\N	undefined __stdcall FUN_59a77a83(char * param_1)
59a77c16	dh	dh	Global	IMPORTED	ANALYSIS	__stdcall	undefined	0	false	\N	false	59a77c16-59a77c26	\N	\N	undefined __stdcall dh(void)
59a77c2c	FUN_59a77c2c	FUN_59a77c2c	Global	DEFAULT	ANALYSIS	__stdcall	undefined	1	false	\N	false	59a77c2c-59a77c42	\N	\N	undefined __stdcall FUN_59a77c2c(undefined4 * param_1)
59a77c48	FUN_59a77c48	FUN_59a77c48	Global	DEFAULT	ANALYSIS	__stdcall	undefined4 *	0	false	\N	false	59a77c48-59a77c8a	\N	\N	undefined4 * __stdcall FUN_59a77c48(void)
59a77c90	FUN_59a77c90	FUN_59a77c90	Global	DEFAULT	ANALYSIS	__thiscall	undefined4 *	3	false	\N	false	59a77c90-59a77cca	\N	\N	undefined4 * __thiscall FUN_59a77c90(undefined4 param_1, undefined4 * param_2)
59a77cd0	FUN_59a77cd0	FUN_59a77cd0	Global	DEFAULT	ANALYSIS	__thiscall	undefined	4	false	\N	false	59a77cd0-59a77cf6	\N	\N	undefined __thiscall FUN_59a77cd0(undefined4 param_1, undefined4 param_2, undefined4 param_3)
59a77cfc	~CMediaSample	CMediaSample::~CMediaSample	CMediaSample	ANALYSIS	IMPORTED	__thiscall	void	1	false	\N	false	59a77cfc-59a77d0f	Library Function - Single Match\n public: virtual __thiscall CMediaSample::~CMediaSample(void)\n\nLibrary: Visual Studio 2019 Release	\N	void __thiscall ~CMediaSample(void)
59a77d15	FUN_59a77d15	FUN_59a77d15	Global	DEFAULT	ANALYSIS	__thiscall	bool	3	false	\N	false	59a77d15-59a77d58	\N	\N	bool __thiscall FUN_59a77d15(int param_1, undefined4 param_2)
59a77d5e	FUN_59a77d5e	FUN_59a77d5e	Global	DEFAULT	ANALYSIS	__thiscall	undefined	6	false	\N	false	59a77d5e-59a77e43	\N	\N	undefined __thiscall FUN_59a77d5e(int param_1, int param_2, int param_3, undefined * param_4, undefined * param_5)
59a77e49	FUN_59a77e49	FUN_59a77e49	Global	DEFAULT	ANALYSIS	__thiscall	undefined	4	false	\N	false	59a77e49-59a77ea4	\N	\N	undefined __thiscall FUN_59a77e49(int param_1, int param_2, int param_3)
59a77eaa	FUN_59a77eaa	FUN_59a77eaa	Global	DEFAULT	ANALYSIS	__thiscall	undefined	2	false	\N	false	59a77eaa-59a77f30	\N	\N	undefined __thiscall FUN_59a77eaa(undefined4 * param_1)
59a77f36	FUN_59a77f36	FUN_59a77f36	Global	DEFAULT	ANALYSIS	__stdcall	undefined	5	false	\N	false	59a77f36-59a77fef	\N	\N	undefined __stdcall FUN_59a77f36(undefined4 param_1, undefined * param_2, uint param_3, int param_4, undefined4 * param_5)
59a77ff5	FUN_59a77ff5	FUN_59a77ff5	Global	DEFAULT	ANALYSIS	__stdcall	undefined4	1	false	\N	false	59a77ff5-59a78000	\N	\N	undefined4 __stdcall FUN_59a77ff5(undefined4 param_1)
59a78006	FUN_59a78006	FUN_59a78006	Global	DEFAULT	ANALYSIS	__stdcall	undefined	1	false	\N	false	59a78006-59a78025	\N	\N	undefined __stdcall FUN_59a78006(uint * param_1)
59a7802b	FUN_59a7802b	FUN_59a7802b	Global	DEFAULT	ANALYSIS	__stdcall	undefined	1	false	\N	false	59a7802b-59a78041	\N	\N	undefined __stdcall FUN_59a7802b(undefined4 * param_1)
59a78047	FUN_59a78047	FUN_59a78047	Global	DEFAULT	ANALYSIS	__stdcall	undefined	4	false	\N	false	59a78047-59a78065	\N	\N	undefined __stdcall FUN_59a78047(undefined4 * param_1, undefined4 param_2, undefined4 param_3, undefined4 * param_4)
59a7806b	FUN_59a7806b	FUN_59a7806b	Global	DEFAULT	ANALYSIS	__stdcall	undefined	4	false	\N	false	59a7806b-59a780b8	\N	\N	undefined __stdcall FUN_59a7806b(uint * param_1, uint param_2, int param_3, int * param_4)
59a780be	FUN_59a780be	FUN_59a780be	Global	DEFAULT	ANALYSIS	__stdcall	undefined	2	false	\N	false	59a780be-59a780fe	\N	\N	undefined __stdcall FUN_59a780be(int * param_1, int * param_2)
59a78104	FUN_59a78104	FUN_59a78104	Global	DEFAULT	ANALYSIS	__stdcall	undefined	1	false	\N	false	59a78104-59a7813e	\N	\N	undefined __stdcall FUN_59a78104(int * param_1)
59a78144	FUN_59a78144	FUN_59a78144	Global	DEFAULT	ANALYSIS	__stdcall	undefined	1	false	\N	false	59a78144-59a78161	\N	\N	undefined __stdcall FUN_59a78144(int * param_1)
59a78167	FUN_59a78167	FUN_59a78167	Global	DEFAULT	ANALYSIS	__fastcall	undefined4 *	1	false	\N	false	59a78167-59a7817f	\N	\N	undefined4 * __fastcall FUN_59a78167(void * param_1)
59a78185	FUN_59a78185	FUN_59a78185	Global	DEFAULT	ANALYSIS	__fastcall	undefined4 *	1	false	\N	false	59a78185-59a7819d	\N	\N	undefined4 * __fastcall FUN_59a78185(void * param_1)
59a781a3	FUN_59a781a3	FUN_59a781a3	Global	DEFAULT	ANALYSIS	__fastcall	undefined4 *	1	false	\N	false	59a781a3-59a781bb	\N	\N	undefined4 * __fastcall FUN_59a781a3(void * param_1)
59a781c1	FUN_59a781c1	FUN_59a781c1	Global	DEFAULT	ANALYSIS	__thiscall	int	8	false	\N	false	59a781c1-59a782df	\N	\N	int __thiscall FUN_59a781c1(int param_1, uint param_2, uint param_3, undefined * param_4, undefined * param_5, undefined4 param_6, undefined8 * param_7)
59a782e5	FUN_59a782e5	FUN_59a782e5	Global	DEFAULT	ANALYSIS	__thiscall	void *	2	false	\N	false	59a782e5-59a78305	\N	\N	void * __thiscall FUN_59a782e5(byte param_1)
59a7830b	FUN_59a7830b	FUN_59a7830b	Global	DEFAULT	ANALYSIS	__fastcall	undefined4 *	1	false	\N	false	59a7830b-59a78323	\N	\N	undefined4 * __fastcall FUN_59a7830b(void * param_1)
59a78329	FUN_59a78329	FUN_59a78329	Global	DEFAULT	ANALYSIS	__thiscall	undefined	7	false	\N	false	59a78329-59a78436	\N	\N	undefined __thiscall FUN_59a78329(int param_1, uint param_2, uint param_3, undefined * param_4, undefined * param_5, undefined * param_6)
59a7843c	FUN_59a7843c	FUN_59a7843c	Global	DEFAULT	ANALYSIS	__stdcall	void *	2	false	\N	false	59a7843c-59a785ae	\N	\N	void * __stdcall FUN_59a7843c(int param_1, int param_2)
59a785b4	FUN_59a785b4	FUN_59a785b4	Global	DEFAULT	ANALYSIS	__thiscall	undefined	7	false	\N	false	59a785b4-59a785ef	\N	\N	undefined __thiscall FUN_59a785b4(int param_1, uint param_2, uint param_3, undefined * param_4, undefined * param_5, undefined * param_6)
59a785f5	FUN_59a785f5	FUN_59a785f5	Global	DEFAULT	ANALYSIS	__thiscall	undefined	6	false	\N	false	59a785f5-59a786a0	\N	\N	undefined __thiscall FUN_59a785f5(uint * param_1, int param_2, undefined * param_3, undefined * param_4, undefined * param_5)
59a786a6	FUN_59a786a6	FUN_59a786a6	Global	DEFAULT	ANALYSIS	__stdcall	undefined	0	false	\N	false	59a786a6-59a78748	\N	\N	undefined __stdcall FUN_59a786a6(void)
59a7874e	FUN_59a7874e	FUN_59a7874e	Global	DEFAULT	ANALYSIS	__stdcall	int	3	false	\N	false	59a7874e-59a787d9	\N	\N	int __stdcall FUN_59a7874e(uint param_1, int param_2, uint * param_3)
59a787df	FUN_59a787df	FUN_59a787df	Global	DEFAULT	ANALYSIS	__stdcall	undefined	0	false	\N	false	59a787df-59a78822;59a7882c-59a78837	\N	\N	undefined __stdcall FUN_59a787df(void)
59a7883d	ImageNtHeader	ImageNtHeader	Global	IMPORTED	ANALYSIS	__stdcall	undefined	0	false	\N	false	59a7883d-59a78847	\N	\N	undefined __stdcall ImageNtHeader(void)
59a7884d	FUN_59a7884d	FUN_59a7884d	Global	DEFAULT	ANALYSIS	__stdcall	int	7	false	\N	false	59a7884d-59a788eb	\N	\N	int __stdcall FUN_59a7884d(int param_1, undefined4 param_2, short param_3, int * param_4, undefined4 * param_5, uint param_6, int param_7)
59a788f1	FUN_59a788f1	FUN_59a788f1	Global	DEFAULT	ANALYSIS	__stdcall	int	7	false	\N	false	59a788f1-59a7898c	\N	\N	int __stdcall FUN_59a788f1(int param_1, char param_2, ushort param_3, undefined4 * param_4, int * param_5, int param_6, int param_7)
59a78992	FUN_59a78992	FUN_59a78992	Global	DEFAULT	ANALYSIS	__stdcall	int	7	false	\N	false	59a78992-59a78a2d	\N	\N	int __stdcall FUN_59a78992(int param_1, char param_2, ushort param_3, undefined4 * param_4, int * param_5, int param_6, int param_7)
59a78a33	ImageDirectoryEntryToDataEx	ImageDirectoryEntryToDataEx	Global	IMPORTED	ANALYSIS	__stdcall	int	5	false	\N	false	59a78a33-59a78ac5	\N	\N	int __stdcall ImageDirectoryEntryToDataEx(uint param_1, uint param_2, ushort param_3, int * param_4, int * param_5)
59a78acb	ImageDirectoryEntryToData	ImageDirectoryEntryToData	Global	IMPORTED	ANALYSIS	__stdcall	undefined	4	false	\N	false	59a78acb-59a78ae6	\N	\N	undefined __stdcall ImageDirectoryEntryToData(uint param_1, uint param_2, ushort param_3, int * param_4)
59a78aec	ImageRvaToSection	ImageRvaToSection	Global	IMPORTED	ANALYSIS	__stdcall	int	3	false	\N	false	59a78aec-59a78b29	\N	\N	int __stdcall ImageRvaToSection(int param_1, undefined4 param_2, uint param_3)
59a78b2f	ImageRvaToVa	ImageRvaToVa	Global	IMPORTED	ANALYSIS	__stdcall	int	4	false	\N	false	59a78b2f-59a78b82	\N	\N	int __stdcall ImageRvaToVa(int param_1, int param_2, uint param_3, int * param_4)
59a78b88	FUN_59a78b88	FUN_59a78b88	Global	DEFAULT	ANALYSIS	__stdcall	bool	0	false	\N	false	59a78b88-59a78b9d	\N	\N	bool __stdcall FUN_59a78b88(void)
59a78ba3	FUN_59a78ba3	FUN_59a78ba3	Global	DEFAULT	ANALYSIS	__stdcall	undefined	0	false	\N	false	59a78ba3-59a78bb4	\N	\N	undefined __stdcall FUN_59a78ba3(void)
59a78bba	FUN_59a78bba	FUN_59a78bba	Global	DEFAULT	ANALYSIS	__stdcall	undefined	2	false	\N	false	59a78bba-59a78bd6	\N	\N	undefined __stdcall FUN_59a78bba(LPVOID param_1, SIZE_T param_2)
59a78bdc	FUN_59a78bdc	FUN_59a78bdc	Global	DEFAULT	ANALYSIS	__stdcall	undefined	1	false	\N	false	59a78bdc-59a78bf5	\N	\N	undefined __stdcall FUN_59a78bdc(SIZE_T param_1)
59a78bfb	FUN_59a78bfb	FUN_59a78bfb	Global	DEFAULT	ANALYSIS	__stdcall	undefined	1	false	\N	false	59a78bfb-59a78c1a	\N	\N	undefined __stdcall FUN_59a78bfb(LPVOID param_1)
59a78c20	FUN_59a78c20	FUN_59a78c20	Global	DEFAULT	ANALYSIS	__stdcall	typedef DWORD ulong	1	false	\N	false	59a78c20-59a78c34	\N	\N	DWORD __stdcall FUN_59a78c20(DWORD param_1)
59a78c3a	FUN_59a78c3a	FUN_59a78c3a	Global	DEFAULT	ANALYSIS	__stdcall	BYTE *	1	false	\N	false	59a78c3a-59a78c5f	\N	\N	BYTE * __stdcall FUN_59a78c3a(BYTE * param_1)
59a78c65	FUN_59a78c65	FUN_59a78c65	Global	DEFAULT	ANALYSIS	__stdcall	BYTE *	2	false	\N	false	59a78c65-59a78cb4	\N	\N	BYTE * __stdcall FUN_59a78c65(BYTE * param_1, BYTE * param_2)
59a78cba	FUN_59a78cba	FUN_59a78cba	Global	DEFAULT	ANALYSIS	__cdecl	undefined	1	false	\N	false	59a78cba-59a78cc8	\N	\N	undefined __cdecl FUN_59a78cba(SIZE_T param_1)
59a78cce	FUN_59a78cce	FUN_59a78cce	Global	DEFAULT	ANALYSIS	__cdecl	undefined	1	false	\N	false	59a78cce-59a78cdc	\N	\N	undefined __cdecl FUN_59a78cce(LPVOID param_1)
59a78ce2	UnDecorateSymbolName	UnDecorateSymbolName	Global	IMPORTED	ANALYSIS	__stdcall	int	4	false	\N	false	59a78ce2-59a78dbd;59a78dcb-59a78de2	\N	\N	int __stdcall UnDecorateSymbolName(int param_1, char * param_2, uint param_3, uint param_4)
59a78de8	GetTimestampForLoadedLibrary	GetTimestampForLoadedLibrary	Global	IMPORTED	ANALYSIS	__stdcall	undefined	0	false	\N	false	59a78de8-59a78e23;59a78e2d-59a78e38	\N	\N	undefined __stdcall GetTimestampForLoadedLibrary(void)
59a78e3e	FUN_59a78e3e	FUN_59a78e3e	Global	DEFAULT	ANALYSIS	__stdcall	undefined	1	false	\N	false	59a78e3e-59a78e65	\N	\N	undefined __stdcall FUN_59a78e3e(LPCSTR param_1)
59a78e6b	FUN_59a78e6b	FUN_59a78e6b	Global	DEFAULT	ANALYSIS	__stdcall	undefined	0	false	\N	false	59a78e6b-59a78e7d	\N	\N	undefined __stdcall FUN_59a78e6b(void)
59a78e83	FUN_59a78e83	FUN_59a78e83	Global	DEFAULT	ANALYSIS	__stdcall	bool	3	false	\N	false	59a78e83-59a78f10	\N	\N	bool __stdcall FUN_59a78e83(HMODULE param_1, int param_2, int param_3)
59a78f16	FUN_59a78f16	FUN_59a78f16	Global	DEFAULT	ANALYSIS	__cdecl	undefined4	2	false	\N	false	59a78f16-59a78f4e	\N	\N	undefined4 __cdecl FUN_59a78f16(uint * param_1, uint * param_2)
59a78f54	FUN_59a78f54	FUN_59a78f54	Global	DEFAULT	ANALYSIS	__stdcall	undefined	2	false	\N	false	59a78f54-59a78fe2	\N	\N	undefined __stdcall FUN_59a78f54(int param_1, undefined4 * param_2)
59a78fe8	FUN_59a78fe8	FUN_59a78fe8	Global	DEFAULT	ANALYSIS	__stdcall	undefined4	4	false	\N	false	59a78fe8-59a79277	\N	\N	undefined4 __stdcall FUN_59a78fe8(int param_1, int param_2, uint param_3, uint param_4)
59a7927d	FUN_59a7927d	FUN_59a7927d	Global	DEFAULT	ANALYSIS	__stdcall	undefined4	4	false	\N	false	59a7927d-59a7948f	\N	\N	undefined4 __stdcall FUN_59a7927d(int param_1, int param_2, ushort * param_3, undefined4 param_4)
59a79495	FUN_59a79495	FUN_59a79495	Global	DEFAULT	ANALYSIS	__stdcall	undefined	3	false	\N	false	59a79495-59a794c0	\N	\N	undefined __stdcall FUN_59a79495(int param_1, undefined4 * param_2, int param_3)
59a794c6	FUN_59a794c6	FUN_59a794c6	Global	DEFAULT	ANALYSIS	__stdcall	uint *	3	false	\N	false	59a794c6-59a79580	\N	\N	uint * __stdcall FUN_59a794c6(int param_1, uint param_2, uint param_3)
59a79586	FUN_59a79586	FUN_59a79586	Global	DEFAULT	ANALYSIS	__stdcall	undefined4 *	4	false	\N	false	59a79586-59a795cc	\N	\N	undefined4 * __stdcall FUN_59a79586(int param_1, uint param_2, uint param_3, undefined4 * param_4)
59a795d2	FUN_59a795d2	FUN_59a795d2	Global	DEFAULT	ANALYSIS	__stdcall	undefined4	5	false	\N	false	59a795d2-59a796d9	\N	\N	undefined4 __stdcall FUN_59a795d2(int * param_1, uint param_2, uint * param_3, int * param_4, int * param_5)
59a796df	FUN_59a796df	FUN_59a796df	Global	DEFAULT	ANALYSIS	__stdcall	undefined4 *	3	false	\N	false	59a796df-59a7971e	\N	\N	undefined4 * __stdcall FUN_59a796df(int param_1, char * param_2, undefined4 * param_3)
59a79724	FUN_59a79724	FUN_59a79724	Global	DEFAULT	ANALYSIS	__stdcall	undefined4	5	false	\N	false	59a79724-59a7985f	\N	\N	undefined4 __stdcall FUN_59a79724(int param_1, char * param_2, uint param_3, int * param_4, int param_5)
59a79865	FUN_59a79865	FUN_59a79865	Global	DEFAULT	ANALYSIS	__stdcall	uint	4	false	\N	false	59a79865-59a798f1	\N	\N	uint __stdcall FUN_59a79865(int param_1, char * param_2, int param_3, uint param_4)
59a798f7	SymGetFileLineOffsets64	SymGetFileLineOffsets64	Global	IMPORTED	ANALYSIS	__stdcall	uint	5	false	\N	false	59a798f7-59a799a1;59a799c1-59a799c8	\N	\N	uint __stdcall SymGetFileLineOffsets64(ushort * param_1, char * param_2, char * param_3, int param_4, uint param_5)
59a799ce	FUN_59a799ce	FUN_59a799ce	Global	DEFAULT	ANALYSIS	__stdcall	uint	4	false	\N	false	59a799ce-59a79a03	\N	\N	uint __stdcall FUN_59a799ce(int * param_1, int param_2, int param_3, int param_4)
59a79a09	FUN_59a79a09	FUN_59a79a09	Global	DEFAULT	ANALYSIS	__stdcall	undefined4	1	false	\N	false	59a79a09-59a79a57	\N	\N	undefined4 __stdcall FUN_59a79a09(uint param_1)
59a79a5d	FUN_59a79a5d	FUN_59a79a5d	Global	DEFAULT	ANALYSIS	__stdcall	undefined4	1	false	\N	false	59a79a5d-59a79a87	\N	\N	undefined4 __stdcall FUN_59a79a5d(int param_1)
59a79a8d	FUN_59a79a8d	FUN_59a79a8d	Global	DEFAULT	ANALYSIS	__stdcall	typedef HANDLE void *	7	false	\N	false	59a79a8d-59a79aef	\N	\N	HANDLE __stdcall FUN_59a79a8d(HANDLE param_1, uint param_2, int param_3, uint param_4, int param_5, undefined4 * param_6, HANDLE param_7)
59a79af5	FUN_59a79af5	FUN_59a79af5	Global	DEFAULT	ANALYSIS	__stdcall	typedef LPVOID void *	1	false	\N	false	59a79af5-59a79b34	\N	\N	LPVOID __stdcall FUN_59a79af5(HANDLE param_1)
59a79b3a	FUN_59a79b3a	FUN_59a79b3a	Global	DEFAULT	ANALYSIS	__stdcall	undefined	0	false	\N	false	59a79b3a-59a79b83	\N	\N	undefined __stdcall FUN_59a79b3a(void)
59a79b89	FUN_59a79b89	FUN_59a79b89	Global	DEFAULT	ANALYSIS	__stdcall	typedef DWORD ulong	1	false	\N	false	59a79b89-59a79c19	\N	\N	DWORD __stdcall FUN_59a79b89(int param_1)
59a79c1f	FUN_59a79c1f	FUN_59a79c1f	Global	DEFAULT	ANALYSIS	__stdcall	undefined4	2	false	\N	false	59a79c1f-59a79c52	\N	\N	undefined4 __stdcall FUN_59a79c1f(int param_1, char * param_2)
59a79c58	FUN_59a79c58	FUN_59a79c58	Global	DEFAULT	ANALYSIS	__stdcall	undefined	3	false	\N	false	59a79c58-59a79c9a	\N	\N	undefined __stdcall FUN_59a79c58(int param_1, undefined4 param_2, undefined4 param_3)
59a79ca0	FUN_59a79ca0	FUN_59a79ca0	Global	DEFAULT	ANALYSIS	__stdcall	undefined	1	false	\N	false	59a79ca0-59a79cc3	\N	\N	undefined __stdcall FUN_59a79ca0(int param_1)
59a79cc9	FUN_59a79cc9	FUN_59a79cc9	Global	DEFAULT	ANALYSIS	__stdcall	undefined4	1	false	\N	false	59a79cc9-59a79dda	\N	\N	undefined4 __stdcall FUN_59a79cc9(ushort * param_1)
59a79de0	FUN_59a79de0	FUN_59a79de0	Global	DEFAULT	ANALYSIS	__stdcall	uint	3	false	\N	false	59a79de0-59a79e20	\N	\N	uint __stdcall FUN_59a79de0(int param_1, int param_2, uint * param_3)
59a79e26	FUN_59a79e26	FUN_59a79e26	Global	DEFAULT	ANALYSIS	__stdcall	undefined	2	false	\N	false	59a79e26-59a79fbf	\N	\N	undefined __stdcall FUN_59a79e26(int param_1, char * param_2)
59a79fc5	FUN_59a79fc5	FUN_59a79fc5	Global	DEFAULT	ANALYSIS	__stdcall	undefined	1	false	\N	false	59a79fc5-59a7a051	\N	\N	undefined __stdcall FUN_59a79fc5(int param_1)
59a7a057	FUN_59a7a057	FUN_59a7a057	Global	DEFAULT	ANALYSIS	__stdcall	bool	3	false	\N	false	59a7a057-59a7a0aa	\N	\N	bool __stdcall FUN_59a7a057(HANDLE param_1, undefined4 param_2, int param_3)
59a7a0b0	FUN_59a7a0b0	FUN_59a7a0b0	Global	DEFAULT	ANALYSIS	__stdcall	undefined	2	false	\N	false	59a7a0b0-59a7aa32;59a7aa3a-59a7aa53	\N	\N	undefined __stdcall FUN_59a7a0b0(int param_1, int param_2)
59a7aa59	FUN_59a7aa59	FUN_59a7aa59	Global	DEFAULT	ANALYSIS	__stdcall	undefined	1	false	\N	false	59a7aa59-59a7abe1	\N	\N	undefined __stdcall FUN_59a7aa59(int param_1)
59a7abe7	FUN_59a7abe7	FUN_59a7abe7	Global	DEFAULT	ANALYSIS	__stdcall	undefined4	3	false	\N	false	59a7abe7-59a7acaa	\N	\N	undefined4 __stdcall FUN_59a7abe7(HANDLE param_1, undefined4 param_2, int param_3)
59a7acb0	FUN_59a7acb0	FUN_59a7acb0	Global	DEFAULT	ANALYSIS	__stdcall	bool	1	false	\N	false	59a7acb0-59a7acf5	\N	\N	bool __stdcall FUN_59a7acb0(int param_1)
59a7acfb	FUN_59a7acfb	FUN_59a7acfb	Global	DEFAULT	ANALYSIS	__stdcall	undefined	2	false	\N	false	59a7acfb-59a7adc4	\N	\N	undefined __stdcall FUN_59a7acfb(int param_1, char * param_2)
59a7adca	FUN_59a7adca	FUN_59a7adca	Global	DEFAULT	ANALYSIS	__stdcall	undefined4 *	0	false	\N	false	59a7adca-59a7ae41	\N	\N	undefined4 * __stdcall FUN_59a7adca(void)
59a7ae47	FUN_59a7ae47	FUN_59a7ae47	Global	DEFAULT	ANALYSIS	__stdcall	undefined	2	false	\N	false	59a7ae47-59a7afc4	\N	\N	undefined __stdcall FUN_59a7ae47(undefined4 * param_1, uint param_2)
59a7afca	FUN_59a7afca	FUN_59a7afca	Global	DEFAULT	ANALYSIS	__stdcall	undefined	1	false	\N	false	59a7afca-59a7afdc	\N	\N	undefined __stdcall FUN_59a7afca(int param_1)
59a7afe2	FUN_59a7afe2	FUN_59a7afe2	Global	DEFAULT	ANALYSIS	__stdcall	undefined	1	false	\N	false	59a7afe2-59a7aff4	\N	\N	undefined __stdcall FUN_59a7afe2(int param_1)
59a7affa	FUN_59a7affa	FUN_59a7affa	Global	DEFAULT	ANALYSIS	__stdcall	undefined	1	false	\N	false	59a7affa-59a7b00c	\N	\N	undefined __stdcall FUN_59a7affa(int param_1)
59a7b012	FUN_59a7b012	FUN_59a7b012	Global	DEFAULT	ANALYSIS	__stdcall	undefined4	1	false	\N	false	59a7b012-59a7b0cb	\N	\N	undefined4 __stdcall FUN_59a7b012(int param_1)
59a7b0d1	FUN_59a7b0d1	FUN_59a7b0d1	Global	DEFAULT	ANALYSIS	__stdcall	undefined4	1	false	\N	false	59a7b0d1-59a7b133	\N	\N	undefined4 __stdcall FUN_59a7b0d1(undefined4 * param_1)
59a7b139	FUN_59a7b139	FUN_59a7b139	Global	DEFAULT	ANALYSIS	__stdcall	int	6	false	\N	false	59a7b139-59a7b2cb	\N	\N	int __stdcall FUN_59a7b139(char * param_1, char * param_2, undefined4 param_3, undefined4 param_4, undefined4 param_5, undefined4 param_6)
59a7b2d1	FUN_59a7b2d1	FUN_59a7b2d1	Global	DEFAULT	ANALYSIS	__stdcall	ushort *	8	false	\N	false	59a7b2d1-59a7b5b2;59a7b5c6-59a7b5d3	\N	\N	ushort * __stdcall FUN_59a7b2d1(undefined4 param_1, HANDLE param_2, BYTE * param_3, char * param_4, undefined4 param_5, undefined4 param_6, undefined4 param_7, undefined4 param_8)
59a7b5d9	FUN_59a7b5d9	FUN_59a7b5d9	Global	DEFAULT	ANALYSIS	__cdecl	undefined	1	false	\N	false	59a7b5d9-59a7b5e3	\N	\N	undefined __cdecl FUN_59a7b5d9(void * param_1)
59a7b5e9	FUN_59a7b5e9	FUN_59a7b5e9	Global	DEFAULT	ANALYSIS	__cdecl	undefined	1	false	\N	false	59a7b5e9-59a7b5f3	\N	\N	undefined __cdecl FUN_59a7b5e9(uint param_1)
59a7b5f9	FUN_59a7b5f9	FUN_59a7b5f9	Global	DEFAULT	ANALYSIS	__stdcall	undefined	3	false	\N	false	59a7b5f9-59a7b63d	\N	\N	undefined __stdcall FUN_59a7b5f9(int param_1, undefined4 param_2, int * param_3)
59a7b643	FUN_59a7b643	FUN_59a7b643	Global	DEFAULT	ANALYSIS	__stdcall	undefined	2	false	\N	false	59a7b643-59a7b6b4	\N	\N	undefined __stdcall FUN_59a7b643(int param_1, int param_2)
59a7b6ba	SymCleanup	SymCleanup	Global	IMPORTED	ANALYSIS	__stdcall	undefined4	1	false	\N	false	59a7b6ba-59a7b749;59a7b767-59a7b775	\N	\N	undefined4 __stdcall SymCleanup(int param_1)
59a7b77b	SymSetOptions	SymSetOptions	Global	IMPORTED	ANALYSIS	__stdcall	uint	1	false	\N	false	59a7b77b-59a7b7a7	\N	\N	uint __stdcall SymSetOptions(uint param_1)
59a7b7ad	SymGetOptions	SymGetOptions	Global	IMPORTED	ANALYSIS	__stdcall	undefined4	0	false	\N	false	59a7b7ad-59a7b7b2	\N	\N	undefined4 __stdcall SymGetOptions(void)
59a7b7b8	SymSetContext	SymSetContext	Global	IMPORTED	ANALYSIS	__stdcall	undefined4	3	false	\N	false	59a7b7b8-59a7b7eb	\N	\N	undefined4 __stdcall SymSetContext(int param_1, undefined4 * param_2, undefined4 param_3)
59a7b7f1	FUN_59a7b7f1	FUN_59a7b7f1	Global	DEFAULT	ANALYSIS	__stdcall	undefined4	4	false	\N	false	59a7b7f1-59a7b862;59a7b87c-59a7b889	\N	\N	undefined4 __stdcall FUN_59a7b7f1(int param_1, undefined * param_2, undefined4 param_3, int param_4)
59a7b88f	FUN_59a7b88f	FUN_59a7b88f	Global	DEFAULT	ANALYSIS	__stdcall	undefined4	2	false	\N	false	59a7b88f-59a7b92c	\N	\N	undefined4 __stdcall FUN_59a7b88f(int param_1, int param_2)
59a7b932	FUN_59a7b932	FUN_59a7b932	Global	DEFAULT	ANALYSIS	__stdcall	bool	1	false	\N	false	59a7b932-59a7b95c	\N	\N	bool __stdcall FUN_59a7b932(int param_1)
59a7b962	dbghelp	dbghelp	Global	IMPORTED	ANALYSIS	__stdcall	uint	2	false	\N	false	59a7b962-59a7b9b0;59a7b9ce-59a7b9d7	\N	\N	uint __stdcall dbghelp(int param_1, int * param_2)
59a7b9dd	SymEnumerateModules	SymEnumerateModules	Global	IMPORTED	ANALYSIS	__stdcall	undefined	3	false	\N	false	59a7b9dd-59a7b9f5	\N	\N	undefined __stdcall SymEnumerateModules(int param_1, undefined * param_2, undefined4 param_3)
59a7b9fb	SymEnumerateModules64	SymEnumerateModules64	Global	IMPORTED	ANALYSIS	__stdcall	undefined	3	false	\N	false	59a7b9fb-59a7ba13	\N	\N	undefined __stdcall SymEnumerateModules64(int param_1, undefined * param_2, undefined4 param_3)
59a7ba19	FUN_59a7ba19	FUN_59a7ba19	Global	DEFAULT	ANALYSIS	__stdcall	undefined4	5	false	\N	false	59a7ba19-59a7ba9a;59a7bab4-59a7bac1	\N	\N	undefined4 __stdcall FUN_59a7ba19(ushort * param_1, uint param_2, uint param_3, int * param_4, undefined4 * param_5)
59a7bac7	SymGetSymFromAddr64	SymGetSymFromAddr64	Global	IMPORTED	ANALYSIS	__stdcall	bool	5	false	\N	false	59a7bac7-59a7bafe	\N	\N	bool __stdcall SymGetSymFromAddr64(ushort * param_1, uint param_2, uint param_3, int * param_4, int param_5)
59a7bb04	SymGetSymFromAddr	SymGetSymFromAddr	Global	IMPORTED	ANALYSIS	__stdcall	undefined4	4	false	\N	false	59a7bb04-59a7bb47	\N	\N	undefined4 __stdcall SymGetSymFromAddr(ushort * param_1, uint param_2, int * param_3, int param_4)
59a7bb4d	SymSetSymWithAddr64	SymSetSymWithAddr64	Global	IMPORTED	ANALYSIS	__stdcall	undefined4	5	false	\N	false	59a7bb4d-59a7bc36;59a7bc50-59a7bc62	\N	\N	undefined4 __stdcall SymSetSymWithAddr64(ushort * param_1, uint param_2, uint param_3, char * param_4, int param_5)
59a7bc68	FUN_59a7bc68	FUN_59a7bc68	Global	DEFAULT	ANALYSIS	__stdcall	undefined	3	false	\N	false	59a7bc68-59a7be4c;59a7be72-59a7be81	\N	\N	undefined __stdcall FUN_59a7bc68(ushort * param_1, LPWSTR param_2, undefined4 * param_3)
59a7be87	SymGetSymFromName64	SymGetSymFromName64	Global	IMPORTED	ANALYSIS	__stdcall	bool	3	false	\N	false	59a7be87-59a7beb8	\N	\N	bool __stdcall SymGetSymFromName64(ushort * param_1, LPWSTR param_2, int param_3)
59a7bebe	SymGetSymFromName	SymGetSymFromName	Global	IMPORTED	ANALYSIS	__stdcall	bool	3	false	\N	false	59a7bebe-59a7beef	\N	\N	bool __stdcall SymGetSymFromName(ushort * param_1, LPWSTR param_2, int param_3)
59a7bef5	FUN_59a7bef5	FUN_59a7bef5	Global	DEFAULT	ANALYSIS	__stdcall	undefined4	3	false	\N	false	59a7bef5-59a7bfd4;59a7bff4-59a7bffb	\N	\N	undefined4 __stdcall FUN_59a7bef5(ushort * param_1, int param_2, int param_3)
59a7c001	SymGetLineFromAddr64	SymGetLineFromAddr64	Global	IMPORTED	ANALYSIS	__stdcall	undefined4	5	false	\N	false	59a7c001-59a7c082;59a7c09c-59a7c0a9	\N	\N	undefined4 __stdcall SymGetLineFromAddr64(ushort * param_1, uint param_2, uint * param_3, int * param_4, int * param_5)
59a7c0af	SymGetLineFromAddr	SymGetLineFromAddr	Global	IMPORTED	ANALYSIS	__stdcall	bool	4	false	\N	false	59a7c0af-59a7c0ec	\N	\N	bool __stdcall SymGetLineFromAddr(ushort * param_1, uint param_2, int * param_3, int param_4)
59a7c0f2	SymGetLineFromName64	SymGetLineFromName64	Global	IMPORTED	ANALYSIS	__stdcall	undefined	6	false	\N	false	59a7c0f2-59a7c2ba;59a7c2e0-59a7c2ef	\N	\N	undefined __stdcall SymGetLineFromName64(ushort * param_1, char * param_2, char * param_3, uint param_4, int * param_5, int * param_6)
59a7c2f5	SymGetLineFromName	SymGetLineFromName	Global	IMPORTED	ANALYSIS	__stdcall	bool	6	false	\N	false	59a7c2f5-59a7c33f	\N	\N	bool __stdcall SymGetLineFromName(ushort * param_1, char * param_2, char * param_3, uint param_4, int * param_5, int param_6)
59a7c345	SymGetLineNext64	SymGetLineNext64	Global	IMPORTED	ANALYSIS	__stdcall	undefined4	2	false	\N	false	59a7c345-59a7c43c;59a7c456-59a7c463	\N	\N	undefined4 __stdcall SymGetLineNext64(ushort * param_1, int * param_2)
59a7c469	SymGetLineNext	SymGetLineNext	Global	IMPORTED	ANALYSIS	__stdcall	bool	2	false	\N	false	59a7c469-59a7c4a7	\N	\N	bool __stdcall SymGetLineNext(ushort * param_1, int param_2)
59a7c4ad	SymGetLinePrev64	SymGetLinePrev64	Global	IMPORTED	ANALYSIS	__stdcall	undefined4	2	false	\N	false	59a7c4ad-59a7c596;59a7c5b0-59a7c5bd	\N	\N	undefined4 __stdcall SymGetLinePrev64(ushort * param_1, int * param_2)
59a7c5c3	SymGetLinePrev	SymGetLinePrev	Global	IMPORTED	ANALYSIS	__stdcall	bool	2	false	\N	false	59a7c5c3-59a7c601	\N	\N	bool __stdcall SymGetLinePrev(ushort * param_1, int param_2)
59a7c607	SymMatchFileName	SymMatchFileName	Global	IMPORTED	ANALYSIS	__stdcall	bool	4	false	\N	false	59a7c607-59a7c69a	\N	\N	bool __stdcall SymMatchFileName(char * param_1, char * param_2, undefined4 * param_3, undefined4 * param_4)
59a7c6a0	SymRegisterFunctionEntryCallback	SymRegisterFunctionEntryCallback	Global	IMPORTED	ANALYSIS	__stdcall	undefined4	3	false	\N	false	59a7c6a0-59a7c6eb;59a7c705-59a7c712	\N	\N	undefined4 __stdcall SymRegisterFunctionEntryCallback(int param_1, int param_2, int param_3)
59a7c718	SymRegisterFunctionEntryCallback64	SymRegisterFunctionEntryCallback64	Global	IMPORTED	ANALYSIS	__stdcall	undefined4	4	false	\N	false	59a7c718-59a7c763;59a7c77d-59a7c78a	\N	\N	undefined4 __stdcall SymRegisterFunctionEntryCallback64(int param_1, int param_2, undefined4 param_3, undefined4 param_4)
59a7c790	SymFunctionTableAccess64	SymFunctionTableAccess64	Global	IMPORTED	ANALYSIS	__stdcall	uint *	2	false	\N	false	59a7c790-59a7c921;59a7c93b-59a7c948	\N	\N	uint * __stdcall SymFunctionTableAccess64(ushort * param_1, undefined8 param_2)
59a7c94e	SymGetModuleInfo64	SymGetModuleInfo64	Global	IMPORTED	ANALYSIS	__stdcall	undefined4	4	false	\N	false	59a7c94e-59a7ca43;59a7ca5d-59a7ca6a	\N	\N	undefined4 __stdcall SymGetModuleInfo64(int param_1, uint param_2, uint param_3, uint * param_4)
59a7ca70	SymGetModuleInfo	SymGetModuleInfo	Global	IMPORTED	ANALYSIS	__stdcall	undefined4	3	false	\N	false	59a7ca70-59a7cb7b;59a7cb95-59a7cba2	\N	\N	undefined4 __stdcall SymGetModuleInfo(int param_1, uint param_2, uint * param_3)
59a7cba8	SymGetModuleBase64	SymGetModuleBase64	Global	IMPORTED	ANALYSIS	__stdcall	undefined8	3	false	\N	false	59a7cba8-59a7cbe9;59a7cc03-59a7cc12	\N	\N	undefined8 __stdcall SymGetModuleBase64(int param_1, uint param_2, uint param_3)
59a7cc18	SymGetModuleBase	SymGetModuleBase	Global	IMPORTED	ANALYSIS	__stdcall	undefined8	2	false	\N	false	59a7cc18-59a7cc2d	\N	\N	undefined8 __stdcall SymGetModuleBase(int param_1, uint param_2)
59a7cc33	SymUnloadModule64	SymUnloadModule64	Global	IMPORTED	ANALYSIS	__stdcall	undefined4	3	false	\N	false	59a7cc33-59a7ccb7;59a7ccd1-59a7ccde	\N	\N	undefined4 __stdcall SymUnloadModule64(int param_1, int param_2, int param_3)
59a7cce4	SymUnloadModule	SymUnloadModule	Global	IMPORTED	ANALYSIS	__stdcall	undefined	2	false	\N	false	59a7cce4-59a7ccf9	\N	\N	undefined __stdcall SymUnloadModule(int param_1, int param_2)
59a7ccff	SymLoadModuleEx	SymLoadModuleEx	Global	IMPORTED	ANALYSIS	__stdcall	undefined	8	false	\N	false	59a7ccff-59a7cd34;59a7cd56-59a7cd5d	\N	\N	undefined __stdcall SymLoadModuleEx(ushort * param_1, int param_2, char * param_3, char * param_4, uint param_5, uint param_6, uint param_7, int * param_8)
59a7cd63	SymLoadModule64	SymLoadModule64	Global	IMPORTED	ANALYSIS	__stdcall	undefined	7	false	\N	false	59a7cd63-59a7cd89	\N	\N	undefined __stdcall SymLoadModule64(ushort * param_1, int param_2, char * param_3, char * param_4, uint param_5, uint param_6, uint param_7)
59a7cd8f	SymLoadModule	SymLoadModule	Global	IMPORTED	ANALYSIS	__stdcall	undefined	6	false	\N	false	59a7cd8f-59a7cdb0	\N	\N	undefined __stdcall SymLoadModule(ushort * param_1, int param_2, char * param_3, char * param_4, uint param_5, uint param_6)
59a7cdb6	SymUnDName	SymUnDName	Global	IMPORTED	ANALYSIS	__stdcall	bool	3	false	\N	false	59a7cdb6-59a7cdfd;59a7ce1d-59a7ce24	\N	\N	bool __stdcall SymUnDName(int param_1, char * param_2, int param_3)
59a7ce2a	SymUnDName64	SymUnDName64	Global	IMPORTED	ANALYSIS	__stdcall	bool	3	false	\N	false	59a7ce2a-59a7ce71;59a7ce91-59a7ce98	\N	\N	bool __stdcall SymUnDName64(int param_1, char * param_2, int param_3)
59a7ce9e	SymGetSearchPath	SymGetSearchPath	Global	IMPORTED	ANALYSIS	__stdcall	bool	3	false	\N	false	59a7ce9e-59a7cedb;59a7cef5-59a7cf02	\N	\N	bool __stdcall SymGetSearchPath(int param_1, char * param_2, size_t param_3)
59a7cf08	SymSetSearchPath	SymSetSearchPath	Global	IMPORTED	ANALYSIS	__stdcall	undefined	2	false	\N	false	59a7cf08-59a7d070;59a7d090-59a7d0a5	\N	\N	undefined __stdcall SymSetSearchPath(int param_1, LPCSTR param_2)
59a7d0ab	EnumerateLoadedModules	EnumerateLoadedModules	Global	IMPORTED	ANALYSIS	__stdcall	bool	3	false	\N	false	59a7d0ab-59a7d0ed;59a7d10d-59a7d114	\N	\N	bool __stdcall EnumerateLoadedModules(HANDLE param_1, undefined4 param_2, undefined4 param_3)
59a7d11a	EnumerateLoadedModules64	EnumerateLoadedModules64	Global	IMPORTED	ANALYSIS	__stdcall	bool	3	false	\N	false	59a7d11a-59a7d15c;59a7d17c-59a7d183	\N	\N	bool __stdcall EnumerateLoadedModules64(HANDLE param_1, undefined4 param_2, undefined4 param_3)
59a7d189	SymRegisterCallback	SymRegisterCallback	Global	IMPORTED	ANALYSIS	__stdcall	undefined4	3	false	\N	false	59a7d189-59a7d1d4;59a7d1ee-59a7d1fb	\N	\N	undefined4 __stdcall SymRegisterCallback(int param_1, int param_2, int param_3)
59a7d201	SymRegisterCallback64	SymRegisterCallback64	Global	IMPORTED	ANALYSIS	__stdcall	undefined4	4	false	\N	false	59a7d201-59a7d24c;59a7d266-59a7d273	\N	\N	undefined4 __stdcall SymRegisterCallback64(int param_1, int param_2, undefined4 param_3, undefined4 param_4)
59a7d279	FUN_59a7d279	FUN_59a7d279	Global	DEFAULT	ANALYSIS	__stdcall	undefined	1	false	\N	false	59a7d279-59a7d29b	\N	\N	undefined __stdcall FUN_59a7d279(undefined4 * param_1)
59a7d2a1	FUN_59a7d2a1	FUN_59a7d2a1	Global	DEFAULT	ANALYSIS	__stdcall	undefined4	2	false	\N	false	59a7d2a1-59a7d30f	\N	\N	undefined4 __stdcall FUN_59a7d2a1(int param_1, undefined4 * param_2)
59a7d315	SymFromAddr	SymFromAddr	Global	IMPORTED	ANALYSIS	__stdcall	bool	5	false	\N	false	59a7d315-59a7d35c	\N	\N	bool __stdcall SymFromAddr(ushort * param_1, uint param_2, uint param_3, int * param_4, int param_5)
59a7d362	SymFromName	SymFromName	Global	IMPORTED	ANALYSIS	__stdcall	bool	3	false	\N	false	59a7d362-59a7d393	\N	\N	bool __stdcall SymFromName(ushort * param_1, LPWSTR param_2, int param_3)
59a7d399	SymEnumTypes	SymEnumTypes	Global	IMPORTED	ANALYSIS	__stdcall	undefined4	5	false	\N	false	59a7d399-59a7d3f9	\N	\N	undefined4 __stdcall SymEnumTypes(int param_1, int param_2, int param_3, undefined * param_4, undefined4 param_5)
59a7d3ff	SymGetTypeFromName	SymGetTypeFromName	Global	IMPORTED	ANALYSIS	__stdcall	bool	5	false	\N	false	59a7d3ff-59a7d4eb	\N	\N	bool __stdcall SymGetTypeFromName(ushort * param_1, int param_2, int param_3, IUnknown * param_4, undefined4 * param_5)
59a7d4f1	FUN_59a7d4f1	FUN_59a7d4f1	Global	DEFAULT	ANALYSIS	__stdcall	typedef LPWSTR WCHAR *	1	false	\N	false	59a7d4f1-59a7d573	\N	\N	LPWSTR __stdcall FUN_59a7d4f1(LPWSTR param_1)
59a7d579	FUN_59a7d579	FUN_59a7d579	Global	DEFAULT	ANALYSIS	__stdcall	bool	3	false	\N	false	59a7d579-59a7d5c6	\N	\N	bool __stdcall FUN_59a7d579(wchar_t * param_1, LPSTR param_2, int param_3)
59a7d5cc	FUN_59a7d5cc	FUN_59a7d5cc	Global	DEFAULT	ANALYSIS	__stdcall	bool	3	false	\N	false	59a7d5cc-59a7d618	\N	\N	bool __stdcall FUN_59a7d5cc(LPCSTR param_1, LPWSTR param_2, int param_3)
59a7d61e	SymGetTypeInfo	SymGetTypeInfo	Global	IMPORTED	ANALYSIS	__stdcall	bool	6	false	\N	false	59a7d61e-59a7d64f	\N	\N	bool __stdcall SymGetTypeInfo(int param_1, uint param_2, uint param_3, uint param_4, uint param_5, int * param_6)
59a7d655	FUN_59a7d655	FUN_59a7d655	Global	DEFAULT	ANALYSIS	__stdcall	undefined4	7	false	\N	false	59a7d655-59a7d6f5	\N	\N	undefined4 __stdcall FUN_59a7d655(undefined4 param_1, int param_2, undefined4 param_3, undefined * param_4, undefined4 param_5, int param_6, int param_7)
59a7d6fb	SymInitialize	SymInitialize	Global	IMPORTED	ANALYSIS	__stdcall	undefined4	3	false	\N	false	59a7d6fb-59a7d82a;59a7d844-59a7d851	\N	\N	undefined4 __stdcall SymInitialize(HANDLE param_1, LPCSTR param_2, int param_3)
59a7d857	SymGetSymNext	SymGetSymNext	Global	IMPORTED	ANALYSIS	__stdcall	bool	2	false	\N	false	59a7d857-59a7d8a2	\N	\N	bool __stdcall SymGetSymNext(ushort * param_1, int param_2)
59a7d8a8	SymGetSymNext64	SymGetSymNext64	Global	IMPORTED	ANALYSIS	__stdcall	undefined	2	false	\N	false	59a7d8a8-59a7d8bd	\N	\N	undefined __stdcall SymGetSymNext64(ushort * param_1, int param_2)
59a7d8c3	SymGetSymPrev	SymGetSymPrev	Global	IMPORTED	ANALYSIS	__stdcall	bool	2	false	\N	false	59a7d8c3-59a7d90e	\N	\N	bool __stdcall SymGetSymPrev(ushort * param_1, int param_2)
59a7d914	SymGetSymPrev64	SymGetSymPrev64	Global	IMPORTED	ANALYSIS	__stdcall	undefined	2	false	\N	false	59a7d914-59a7d929	\N	\N	undefined __stdcall SymGetSymPrev64(ushort * param_1, int param_2)
59a7d92f	SymFunctionTableAccess	SymFunctionTableAccess	Global	IMPORTED	ANALYSIS	__stdcall	undefined	2	false	\N	false	59a7d92f-59a7d945	\N	\N	undefined __stdcall SymFunctionTableAccess(ushort * param_1, int param_2)
59a7d94b	FUN_59a7d94b	FUN_59a7d94b	Global	DEFAULT	ANALYSIS	__stdcall	bool	2	false	\N	false	59a7d94b-59a7d9db	\N	\N	bool __stdcall FUN_59a7d94b(int param_1, undefined4 * param_2)
59a7d9e1	FUN_59a7d9e1	FUN_59a7d9e1	Global	DEFAULT	ANALYSIS	__stdcall	bool	2	false	\N	false	59a7d9e1-59a7da6e	\N	\N	bool __stdcall FUN_59a7d9e1(int param_1, undefined4 * param_2)
59a7da74	FUN_59a7da74	FUN_59a7da74	Global	DEFAULT	ANALYSIS	__stdcall	bool	2	false	\N	false	59a7da74-59a7db0a	\N	\N	bool __stdcall FUN_59a7da74(int param_1, undefined4 * param_2)
59a7db10	FUN_59a7db10	FUN_59a7db10	Global	DEFAULT	ANALYSIS	__stdcall	bool	2	false	\N	false	59a7db10-59a7dba3	\N	\N	bool __stdcall FUN_59a7db10(int param_1, undefined4 * param_2)
59a7dba9	FUN_59a7dba9	FUN_59a7dba9	Global	DEFAULT	ANALYSIS	__stdcall	undefined	3	false	\N	false	59a7dba9-59a7dc0e	\N	\N	undefined __stdcall FUN_59a7dba9(LPWSTR param_1, LPWSTR param_2, int param_3)
59a7dc14	SymMatchString	SymMatchString	Global	IMPORTED	ANALYSIS	__stdcall	bool	3	false	\N	false	59a7dc14-59a7dc2f	\N	\N	bool __stdcall SymMatchString(LPWSTR param_1, LPWSTR param_2, int param_3)
59a7dc35	FUN_59a7dc35	FUN_59a7dc35	Global	DEFAULT	ANALYSIS	__stdcall	int	2	false	\N	false	59a7dc35-59a7dc6a	\N	\N	int __stdcall FUN_59a7dc35(int param_1, LPWSTR param_2)
59a7dc70	FUN_59a7dc70	FUN_59a7dc70	Global	DEFAULT	ANALYSIS	__stdcall	undefined	8	false	\N	false	59a7dc70-59a7df8d;59a7dfb3-59a7dfc2	\N	\N	undefined __stdcall FUN_59a7dc70(ushort * param_1, int param_2, int param_3, LPWSTR param_4, undefined * param_5, undefined4 param_6, int param_7, int param_8)
59a7dfc8	SymEnumerateSymbols	SymEnumerateSymbols	Global	IMPORTED	ANALYSIS	__stdcall	undefined	4	false	\N	false	59a7dfc8-59a7e001	\N	\N	undefined __stdcall SymEnumerateSymbols(ushort * param_1, int param_2, int param_3, undefined4 param_4)
59a7e007	SymEnumerateSymbols64	SymEnumerateSymbols64	Global	IMPORTED	ANALYSIS	__stdcall	undefined	5	false	\N	false	59a7e007-59a7e046	\N	\N	undefined __stdcall SymEnumerateSymbols64(ushort * param_1, int param_2, int param_3, int param_4, undefined4 param_5)
59a7e04c	SymGetModuleInfoW	SymGetModuleInfoW	Global	IMPORTED	ANALYSIS	__stdcall	undefined	3	false	\N	false	59a7e04c-59a7e0d0	\N	\N	undefined __stdcall SymGetModuleInfoW(int param_1, uint param_2, int * param_3)
59a7e0d6	SymGetModuleInfoW64	SymGetModuleInfoW64	Global	IMPORTED	ANALYSIS	__stdcall	undefined	4	false	\N	false	59a7e0d6-59a7e13d	\N	\N	undefined __stdcall SymGetModuleInfoW64(int param_1, uint param_2, uint param_3, undefined4 * param_4)
59a7e143	SymEnumSymbols	SymEnumSymbols	Global	IMPORTED	ANALYSIS	__stdcall	undefined	6	false	\N	false	59a7e143-59a7e166	\N	\N	undefined __stdcall SymEnumSymbols(ushort * param_1, int param_2, int param_3, LPWSTR param_4, undefined * param_5, undefined4 param_6)
59a7e16c	SymEnumSym	SymEnumSym	Global	IMPORTED	ANALYSIS	__stdcall	undefined	5	false	\N	false	59a7e16c-59a7e18a	\N	\N	undefined __stdcall SymEnumSym(ushort * param_1, int param_2, int param_3, undefined * param_4, undefined4 param_5)
59a7e190	SymEnumSourceFiles	SymEnumSourceFiles	Global	IMPORTED	ANALYSIS	__stdcall	undefined	6	false	\N	false	59a7e190-59a7e33e;59a7e362-59a7e373	\N	\N	undefined __stdcall SymEnumSourceFiles(ushort * param_1, int param_2, int param_3, LPWSTR param_4, undefined * param_5, undefined4 param_6)
59a7e379	FUN_59a7e379	FUN_59a7e379	Global	DEFAULT	ANALYSIS	__stdcall	undefined4	1	false	\N	false	59a7e379-59a7e3c5	\N	\N	undefined4 __stdcall FUN_59a7e379(undefined4 param_1)
59a7e3cb	FUN_59a7e3cb	FUN_59a7e3cb	Global	DEFAULT	ANALYSIS	__stdcall	uint	0	false	\N	false	59a7e3cb-59a7e3de	\N	\N	uint __stdcall FUN_59a7e3cb(void)
59a7e3e4	FUN_59a7e3e4	FUN_59a7e3e4	Global	DEFAULT	ANALYSIS	__stdcall	void *	1	false	\N	false	59a7e3e4-59a7e43d	\N	\N	void * __stdcall FUN_59a7e3e4(uint param_1)
59a7e443	FUN_59a7e443	FUN_59a7e443	Global	DEFAULT	ANALYSIS	__stdcall	uint	1	false	\N	false	59a7e443-59a7e48d	\N	\N	uint __stdcall FUN_59a7e443(uint param_1)
59a7e493	FUN_59a7e493	FUN_59a7e493	Global	DEFAULT	ANALYSIS	__stdcall	undefined	1	false	\N	false	59a7e493-59a7e4f5	\N	\N	undefined __stdcall FUN_59a7e493(HANDLE param_1)
59a7e4fb	FUN_59a7e4fb	FUN_59a7e4fb	Global	DEFAULT	ANALYSIS	__stdcall	undefined	3	false	\N	false	59a7e4fb-59a7e613	\N	\N	undefined __stdcall FUN_59a7e4fb(HANDLE param_1, undefined * param_2, undefined4 param_3)
59a7e619	FUN_59a7e619	FUN_59a7e619	Global	DEFAULT	ANALYSIS	__stdcall	typedef DWORD ulong	3	false	\N	false	59a7e619-59a7e70d	\N	\N	DWORD __stdcall FUN_59a7e619(HANDLE param_1, undefined * param_2, undefined4 param_3)
59a7e713	FUN_59a7e713	FUN_59a7e713	Global	DEFAULT	ANALYSIS	__stdcall	undefined	2	false	\N	false	59a7e713-59a7e881	\N	\N	undefined __stdcall FUN_59a7e713(int param_1, LPVOID param_2)
59a7e887	FUN_59a7e887	FUN_59a7e887	Global	DEFAULT	ANALYSIS	__stdcall	bool	2	false	\N	false	59a7e887-59a7e8e3	\N	\N	bool __stdcall FUN_59a7e887(int param_1, byte * param_2)
59a7e8e9	FUN_59a7e8e9	FUN_59a7e8e9	Global	DEFAULT	ANALYSIS	__stdcall	uint *	4	false	\N	false	59a7e8e9-59a7e929	\N	\N	uint * __stdcall FUN_59a7e8e9(int param_1, int param_2, int param_3, uint param_4)
59a7e92f	FUN_59a7e92f	FUN_59a7e92f	Global	DEFAULT	ANALYSIS	__stdcall	uint *	3	false	\N	false	59a7e92f-59a7e9b3	\N	\N	uint * __stdcall FUN_59a7e92f(uint param_1, uint * param_2, uint param_3)
59a7e9b9	FUN_59a7e9b9	FUN_59a7e9b9	Global	DEFAULT	ANALYSIS	__stdcall	undefined	5	false	\N	false	59a7e9b9-59a7ea98;59a7ea9f-59a7eb00;59a7eb08-59a7eb21	\N	\N	undefined __stdcall FUN_59a7e9b9(int param_1, undefined4 param_2, int param_3, undefined4 * param_4, char * param_5)
59a7eb27	FUN_59a7eb27	FUN_59a7eb27	Global	DEFAULT	ANALYSIS	__stdcall	undefined4	3	false	\N	false	59a7eb27-59a7ebbf;59a7ebcb-59a7ebd9	\N	\N	undefined4 __stdcall FUN_59a7eb27(int param_1, undefined4 param_2, int param_3)
59a7ebdf	FUN_59a7ebdf	FUN_59a7ebdf	Global	DEFAULT	ANALYSIS	__cdecl	undefined	5	false	\N	false	59a7ebdf-59a7ec28	\N	\N	undefined __cdecl FUN_59a7ebdf(int param_1, undefined4 param_2, undefined4 param_3, undefined4 param_4, char * param_5)
59a7ec2e	FUN_59a7ec2e	FUN_59a7ec2e	Global	DEFAULT	ANALYSIS	__stdcall	bool	1	false	\N	false	59a7ec2e-59a7ec9b	\N	\N	bool __stdcall FUN_59a7ec2e(char * param_1)
59a7eca1	FUN_59a7eca1	FUN_59a7eca1	Global	DEFAULT	ANALYSIS	__stdcall	undefined4 *	1	false	\N	false	59a7eca1-59a7ecdf	\N	\N	undefined4 * __stdcall FUN_59a7eca1(int param_1)
59a7ece5	FUN_59a7ece5	FUN_59a7ece5	Global	DEFAULT	ANALYSIS	__stdcall	undefined4 *	4	false	\N	false	59a7ece5-59a7edaa	\N	\N	undefined4 * __stdcall FUN_59a7ece5(int param_1, uint param_2, uint param_3, int param_4)
59a7edb0	FUN_59a7edb0	FUN_59a7edb0	Global	DEFAULT	ANALYSIS	__stdcall	uint	2	false	\N	false	59a7edb0-59a7ee0c	\N	\N	uint __stdcall FUN_59a7edb0(int param_1, uint param_2)
59a7ee12	FUN_59a7ee12	FUN_59a7ee12	Global	DEFAULT	ANALYSIS	__stdcall	undefined4 *	4	false	\N	false	59a7ee12-59a7eeb7	\N	\N	undefined4 * __stdcall FUN_59a7ee12(int param_1, undefined4 param_2, undefined4 param_3, char * param_4)
59a7eebd	FUN_59a7eebd	FUN_59a7eebd	Global	DEFAULT	ANALYSIS	__cdecl	undefined4	2	false	\N	false	59a7eebd-59a7eef7	\N	\N	undefined4 __cdecl FUN_59a7eebd(int param_1, int param_2)
59a7eefd	FUN_59a7eefd	FUN_59a7eefd	Global	DEFAULT	ANALYSIS	__cdecl	int	2	false	\N	false	59a7eefd-59a7ef38	\N	\N	int __cdecl FUN_59a7eefd(int param_1, int param_2)
59a7ef3e	FUN_59a7ef3e	FUN_59a7ef3e	Global	DEFAULT	ANALYSIS	__stdcall	undefined	1	false	\N	false	59a7ef3e-59a7f0e1	\N	\N	undefined __stdcall FUN_59a7ef3e(int param_1)
59a7f0e7	FUN_59a7f0e7	FUN_59a7f0e7	Global	DEFAULT	ANALYSIS	__stdcall	bool	4	false	\N	false	59a7f0e7-59a7f154	\N	\N	bool __stdcall FUN_59a7f0e7(int param_1, int param_2, undefined4 param_3, int param_4)
59a7f15a	FUN_59a7f15a	FUN_59a7f15a	Global	DEFAULT	ANALYSIS	__stdcall	int	3	false	\N	false	59a7f15a-59a7f197	\N	\N	int __stdcall FUN_59a7f15a(int param_1, uint param_2, uint param_3)
59a7f19d	FUN_59a7f19d	FUN_59a7f19d	Global	DEFAULT	ANALYSIS	__stdcall	int	5	false	\N	false	59a7f19d-59a7f1de	\N	\N	int __stdcall FUN_59a7f19d(int param_1, int param_2, undefined4 param_3, int param_4, uint param_5)
59a7f1e4	FUN_59a7f1e4	FUN_59a7f1e4	Global	DEFAULT	ANALYSIS	__stdcall	undefined	4	false	\N	false	59a7f1e4-59a7f22a	\N	\N	undefined __stdcall FUN_59a7f1e4(int * param_1, int param_2, byte * param_3, size_t param_4)
59a7f230	FUN_59a7f230	FUN_59a7f230	Global	DEFAULT	ANALYSIS	__stdcall	undefined8	4	false	\N	false	59a7f230-59a7f2d4	\N	\N	undefined8 __stdcall FUN_59a7f230(int param_1, int param_2, uint * param_3, int * param_4)
59a7f2da	FUN_59a7f2da	FUN_59a7f2da	Global	DEFAULT	ANALYSIS	__stdcall	undefined8	5	false	\N	false	59a7f2da-59a7f397	\N	\N	undefined8 __stdcall FUN_59a7f2da(int param_1, int param_2, uint * param_3, int * param_4, int param_5)
59a7f39d	FUN_59a7f39d	FUN_59a7f39d	Global	DEFAULT	ANALYSIS	__stdcall	uint *	2	false	\N	false	59a7f39d-59a7f402	\N	\N	uint * __stdcall FUN_59a7f39d(int param_1, int param_2)
59a7f408	FUN_59a7f408	FUN_59a7f408	Global	DEFAULT	ANALYSIS	__stdcall	undefined	1	false	\N	false	59a7f408-59a7f43d	\N	\N	undefined __stdcall FUN_59a7f408(char * param_1)
59a7f443	FUN_59a7f443	FUN_59a7f443	Global	DEFAULT	ANALYSIS	__stdcall	undefined	6	false	\N	false	59a7f443-59a7f470	\N	\N	undefined __stdcall FUN_59a7f443(undefined4 param_1, undefined4 param_2, undefined4 param_3, undefined4 param_4, undefined4 param_5, undefined4 * param_6)
59a7f476	FUN_59a7f476	FUN_59a7f476	Global	DEFAULT	ANALYSIS	__stdcall	undefined4	1	false	\N	false	59a7f476-59a7f4af	\N	\N	undefined4 __stdcall FUN_59a7f476(int param_1)
59a7f4b5	FUN_59a7f4b5	FUN_59a7f4b5	Global	DEFAULT	ANALYSIS	__stdcall	typedef DWORD ulong	1	false	\N	false	59a7f4b5-59a7f4da	\N	\N	DWORD __stdcall FUN_59a7f4b5(LPCSTR param_1)
59a7f4e0	FUN_59a7f4e0	FUN_59a7f4e0	Global	DEFAULT	ANALYSIS	__stdcall	char *	6	false	\N	false	59a7f4e0-59a7f591;59a7f59b-59a7f649;59a7f663-59a7f6a3	\N	\N	char * __stdcall FUN_59a7f4e0(char * param_1, uint param_2, char * param_3, uint param_4, undefined4 param_5, int param_6)
59a7f6a9	FUN_59a7f6a9	FUN_59a7f6a9	Global	DEFAULT	ANALYSIS	__stdcall	int	2	false	\N	false	59a7f6a9-59a7f6e3	\N	\N	int __stdcall FUN_59a7f6a9(int param_1, int param_2)
59a7f6e9	FUN_59a7f6e9	FUN_59a7f6e9	Global	DEFAULT	ANALYSIS	__stdcall	int	2	false	\N	false	59a7f6e9-59a7f729	\N	\N	int __stdcall FUN_59a7f6e9(int param_1, int param_2)
59a7f72f	FUN_59a7f72f	FUN_59a7f72f	Global	DEFAULT	ANALYSIS	__stdcall	bool	2	false	\N	false	59a7f72f-59a7f77e	\N	\N	bool __stdcall FUN_59a7f72f(int param_1, int param_2)
59a7f784	FUN_59a7f784	FUN_59a7f784	Global	DEFAULT	ANALYSIS	__stdcall	undefined4	2	false	\N	false	59a7f784-59a7f7c8	\N	\N	undefined4 __stdcall FUN_59a7f784(int param_1, int param_2)
59a7f7ce	FUN_59a7f7ce	FUN_59a7f7ce	Global	DEFAULT	ANALYSIS	__stdcall	bool	2	false	\N	false	59a7f7ce-59a7f804	\N	\N	bool __stdcall FUN_59a7f7ce(int param_1, int param_2)
59a7f80a	FUN_59a7f80a	FUN_59a7f80a	Global	DEFAULT	ANALYSIS	__stdcall	undefined4	2	false	\N	false	59a7f80a-59a7f837	\N	\N	undefined4 __stdcall FUN_59a7f80a(int param_1, int param_2)
59a7f83d	FUN_59a7f83d	FUN_59a7f83d	Global	DEFAULT	ANALYSIS	__stdcall	bool	6	false	\N	false	59a7f83d-59a7f8e3;59a7f8ef-59a7f902	\N	\N	bool __stdcall FUN_59a7f83d(HANDLE param_1, LPCVOID param_2, undefined4 param_3, LPVOID param_4, SIZE_T param_5, SIZE_T * param_6)
59a7f908	FUN_59a7f908	FUN_59a7f908	Global	DEFAULT	ANALYSIS	__stdcall	undefined	3	false	\N	false	59a7f908-59a7f96d	\N	\N	undefined __stdcall FUN_59a7f908(int param_1, uint param_2, uint param_3)
59a7f973	FUN_59a7f973	FUN_59a7f973	Global	DEFAULT	ANALYSIS	__stdcall	undefined4	5	false	\N	false	59a7f973-59a7f9e7	\N	\N	undefined4 __stdcall FUN_59a7f973(int param_1, uint param_2, uint param_3, int param_4, longlong * param_5)
59a7f9ed	FUN_59a7f9ed	FUN_59a7f9ed	Global	DEFAULT	ANALYSIS	__stdcall	undefined4	3	false	\N	false	59a7f9ed-59a7fcad	\N	\N	undefined4 __stdcall FUN_59a7f9ed(int param_1, int param_2, uint * param_3)
59a7fceb	FUN_59a7fceb	FUN_59a7fceb	Global	DEFAULT	ANALYSIS	__stdcall	undefined	4	false	\N	false	59a7fceb-59a7fe1d	\N	\N	undefined __stdcall FUN_59a7fceb(int param_1, int param_2, int param_3, int param_4)
59a7fe23	FUN_59a7fe23	FUN_59a7fe23	Global	DEFAULT	ANALYSIS	__stdcall	undefined	3	false	\N	false	59a7fe23-59a7fe7f	\N	\N	undefined __stdcall FUN_59a7fe23(HANDLE param_1, undefined * param_2, undefined4 param_3)
59a7fe85	FUN_59a7fe85	FUN_59a7fe85	Global	DEFAULT	ANALYSIS	__stdcall	int	3	false	\N	false	59a7fe85-59a801be;59a801c6-59a80212	\N	\N	int __stdcall FUN_59a7fe85(int param_1, int param_2, int param_3)
59a80218	FUN_59a80218	FUN_59a80218	Global	DEFAULT	ANALYSIS	__stdcall	int	3	false	\N	false	59a80218-59a802b5	\N	\N	int __stdcall FUN_59a80218(int param_1, IUnknown * param_2, LPWSTR param_3)
59a802bb	FUN_59a802bb	FUN_59a802bb	Global	DEFAULT	ANALYSIS	__stdcall	undefined4 *	2	false	\N	false	59a802bb-59a8032a	\N	\N	undefined4 * __stdcall FUN_59a802bb(int param_1, uint param_2)
59a80330	FUN_59a80330	FUN_59a80330	Global	DEFAULT	ANALYSIS	__stdcall	undefined4 *	3	false	\N	false	59a80330-59a803ba	\N	\N	undefined4 * __stdcall FUN_59a80330(int param_1, uint param_2, uint param_3)
59a803c0	FUN_59a803c0	FUN_59a803c0	Global	DEFAULT	ANALYSIS	__stdcall	undefined4 *	3	false	\N	false	59a803c0-59a80413	\N	\N	undefined4 * __stdcall FUN_59a803c0(int param_1, uint param_2, uint param_3)
59a80419	FUN_59a80419	FUN_59a80419	Global	DEFAULT	ANALYSIS	__stdcall	undefined4 *	3	false	\N	false	59a80419-59a8046c	\N	\N	undefined4 * __stdcall FUN_59a80419(int param_1, uint param_2, uint param_3)
59a80472	FUN_59a80472	FUN_59a80472	Global	DEFAULT	ANALYSIS	__stdcall	undefined	2	false	\N	false	59a80472-59a804d9;59a804e1-59a804ec	\N	\N	undefined __stdcall FUN_59a80472(int param_1, char * param_2)
59a804f2	FUN_59a804f2	FUN_59a804f2	Global	DEFAULT	ANALYSIS	__cdecl	undefined4	2	false	\N	false	59a804f2-59a80522	\N	\N	undefined4 __cdecl FUN_59a804f2(int param_1, char * param_2)
59a80528	FUN_59a80528	FUN_59a80528	Global	DEFAULT	ANALYSIS	__cdecl	undefined4	1	false	\N	false	59a80528-59a80557	\N	\N	undefined4 __cdecl FUN_59a80528(char * param_1)
59a8055d	FUN_59a8055d	FUN_59a8055d	Global	DEFAULT	ANALYSIS	__cdecl	undefined4	1	false	\N	false	59a8055d-59a8058b	\N	\N	undefined4 __cdecl FUN_59a8055d(char * param_1)
59a80591	FUN_59a80591	FUN_59a80591	Global	DEFAULT	ANALYSIS	__stdcall	undefined4	4	false	\N	false	59a80591-59a80603	\N	\N	undefined4 __stdcall FUN_59a80591(uint param_1, uint param_2, int param_3, int param_4)
59a80609	FUN_59a80609	FUN_59a80609	Global	DEFAULT	ANALYSIS	__stdcall	IUnknown *	4	false	\N	false	59a80609-59a806ec	\N	\N	IUnknown * __stdcall FUN_59a80609(uint param_1, uint param_2, int * param_3, IUnknown * param_4)
59a806f2	FUN_59a806f2	FUN_59a806f2	Global	DEFAULT	ANALYSIS	__stdcall	undefined	2	false	\N	false	59a806f2-59a80baf	\N	\N	undefined __stdcall FUN_59a806f2(int param_1, int param_2)
59a80bb5	FUN_59a80bb5	FUN_59a80bb5	Global	DEFAULT	ANALYSIS	__stdcall	undefined	3	false	\N	false	59a80bb5-59a80ecc	\N	\N	undefined __stdcall FUN_59a80bb5(undefined4 param_1, int param_2, int param_3)
59a80ed2	FUN_59a80ed2	FUN_59a80ed2	Global	DEFAULT	ANALYSIS	__stdcall	undefined4	3	false	\N	false	59a80ed2-59a8122e	\N	\N	undefined4 __stdcall FUN_59a80ed2(ushort * param_1, char * param_2, int param_3)
59a81234	FUN_59a81234	FUN_59a81234	Global	DEFAULT	ANALYSIS	__stdcall	undefined	2	false	\N	false	59a81234-59a8144f	\N	\N	undefined __stdcall FUN_59a81234(int param_1, int param_2)
59a81455	FUN_59a81455	FUN_59a81455	Global	DEFAULT	ANALYSIS	__stdcall	undefined	2	false	\N	false	59a81455-59a8164c	\N	\N	undefined __stdcall FUN_59a81455(uint param_1, int param_2)
59a81652	FUN_59a81652	FUN_59a81652	Global	DEFAULT	ANALYSIS	__stdcall	undefined	2	false	\N	false	59a81652-59a81d28	\N	\N	undefined __stdcall FUN_59a81652(ushort * param_1, char * param_2)
59a81d2e	FUN_59a81d2e	FUN_59a81d2e	Global	DEFAULT	ANALYSIS	__stdcall	undefined	8	false	\N	false	59a81d2e-59a82009;59a8201d-59a82030	\N	\N	undefined __stdcall FUN_59a81d2e(ushort * param_1, char * param_2, char * param_3, uint param_4, uint param_5, uint param_6, int param_7, int * param_8)
59a82036	FUN_59a82036	FUN_59a82036	Global	DEFAULT	ANALYSIS	__stdcall	undefined4	5	false	\N	false	59a82036-59a8205b	\N	\N	undefined4 __stdcall FUN_59a82036(ushort * param_1, char * param_2, uint param_3, uint param_4, uint param_5)
59a82061	FUN_59a82061	FUN_59a82061	Global	DEFAULT	ANALYSIS	__stdcall	uint	3	false	\N	false	59a82061-59a820cf	\N	\N	uint __stdcall FUN_59a82061(ushort * param_1, char * param_2, byte param_3)
59a820d5	FUN_59a820d5	FUN_59a820d5	Global	DEFAULT	ANALYSIS	__stdcall	char *	3	false	\N	false	59a820d5-59a8211e;59a82138-59a82145	\N	\N	char * __stdcall FUN_59a820d5(int param_1, uint param_2, uint param_3)
59a8214b	FUN_59a8214b	FUN_59a8214b	Global	DEFAULT	ANALYSIS	__stdcall	int *	4	false	\N	false	59a8214b-59a821c5	\N	\N	int * __stdcall FUN_59a8214b(ushort * param_1, int param_2, char * param_3, int param_4)
59a821cb	FUN_59a821cb	FUN_59a821cb	Global	DEFAULT	ANALYSIS	__stdcall	undefined	2	false	\N	false	59a821cb-59a82654	\N	\N	undefined __stdcall FUN_59a821cb(ushort * param_1, char * param_2)
59a8265a	FUN_59a8265a	FUN_59a8265a	Global	DEFAULT	ANALYSIS	__stdcall	bool	2	false	\N	false	59a8265a-59a826ab	\N	\N	bool __stdcall FUN_59a8265a(ushort * param_1, char * param_2)
59a826b1	FUN_59a826b1	FUN_59a826b1	Global	DEFAULT	ANALYSIS	__stdcall	undefined4	4	false	\N	false	59a826b1-59a82715	\N	\N	undefined4 __stdcall FUN_59a826b1(ushort * param_1, uint param_2, uint param_3, undefined4 * param_4)
59a8271b	FUN_59a8271b	FUN_59a8271b	Global	DEFAULT	ANALYSIS	__stdcall	int	5	false	\N	false	59a8271b-59a82761	\N	\N	int __stdcall FUN_59a8271b(ushort * param_1, uint param_2, uint param_3, uint param_4, int * param_5)
59a82767	FUN_59a82767	FUN_59a82767	Global	DEFAULT	ANALYSIS	__stdcall	uint *	3	false	\N	false	59a82767-59a827b7	\N	\N	uint * __stdcall FUN_59a82767(int param_1, uint param_2, uint param_3)
59a827bd	FUN_59a827bd	FUN_59a827bd	Global	DEFAULT	ANALYSIS	__stdcall	undefined	1	false	\N	false	59a827bd-59a827d4	\N	\N	undefined __stdcall FUN_59a827bd(HANDLE param_1)
59a827da	FUN_59a827da	FUN_59a827da	Global	DEFAULT	ANALYSIS	__stdcall	wchar_t *	0	false	\N	false	59a827da-59a828ea	\N	\N	wchar_t * __stdcall FUN_59a827da(void)
59a828f0	DbgHelpCreateUserDumpW	DbgHelpCreateUserDumpW	Global	IMPORTED	ANALYSIS	__stdcall	undefined	3	false	\N	false	59a828f0-59a82a8f;59a82a9f-59a82b12;59a82b22-59a82b99;59a82ba9-59a82c16;59a82c26-59a82c9f;59a82caf-59a82f9f	\N	\N	undefined __stdcall DbgHelpCreateUserDumpW(LPCWSTR param_1, undefined * param_2, undefined4 param_3)
59a82fa5	DbgHelpCreateUserDump	DbgHelpCreateUserDump	Global	IMPORTED	ANALYSIS	__stdcall	undefined4	3	false	\N	false	59a82fa5-59a83025	\N	\N	undefined4 __stdcall DbgHelpCreateUserDump(LPCSTR param_1, undefined * param_2, undefined4 param_3)
59a8302b	FUN_59a8302b	FUN_59a8302b	Global	DEFAULT	ANALYSIS	__stdcall	undefined	2	false	\N	false	59a8302b-59a83051	\N	\N	undefined __stdcall FUN_59a8302b(int * param_1, int * param_2)
59a83057	FUN_59a83057	FUN_59a83057	Global	DEFAULT	ANALYSIS	__stdcall	undefined	2	false	\N	false	59a83057-59a83077	\N	\N	undefined __stdcall FUN_59a83057(undefined4 * param_1, undefined4 * param_2)
59a8307d	FUN_59a8307d	FUN_59a8307d	Global	DEFAULT	ANALYSIS	__stdcall	undefined	2	false	\N	false	59a8307d-59a830c3	\N	\N	undefined __stdcall FUN_59a8307d(undefined4 * param_1, undefined4 * param_2)
59a830c9	FUN_59a830c9	FUN_59a830c9	Global	DEFAULT	ANALYSIS	__stdcall	undefined	6	false	\N	false	59a830c9-59a830ea	\N	\N	undefined __stdcall FUN_59a830c9(undefined4 param_1, undefined4 param_2, undefined4 param_3, undefined4 param_4, undefined4 param_5, undefined4 param_6)
59a830f0	FUN_59a830f0	FUN_59a830f0	Global	DEFAULT	ANALYSIS	__stdcall	undefined	2	false	\N	false	59a830f0-59a83108	\N	\N	undefined __stdcall FUN_59a830f0(undefined4 param_1, undefined4 param_2)
59a8310e	FUN_59a8310e	FUN_59a8310e	Global	DEFAULT	ANALYSIS	__stdcall	undefined4 *	2	false	\N	false	59a8310e-59a83149	\N	\N	undefined4 * __stdcall FUN_59a8310e(undefined4 param_1, undefined4 param_2)
59a8314f	FUN_59a8314f	FUN_59a8314f	Global	DEFAULT	ANALYSIS	__stdcall	undefined	2	false	\N	false	59a8314f-59a83168	\N	\N	undefined __stdcall FUN_59a8314f(undefined4 param_1, undefined4 param_2)
59a8317a	FUN_59a8317a	FUN_59a8317a	Global	DEFAULT	ANALYSIS	__stdcall	undefined	2	false	\N	false	59a8317a-59a8322f	\N	\N	undefined __stdcall FUN_59a8317a(int * param_1, int * param_2)
59a83235	FUN_59a83235	FUN_59a83235	Global	DEFAULT	ANALYSIS	__stdcall	undefined	2	false	\N	false	59a83235-59a832ba	\N	\N	undefined __stdcall FUN_59a83235(undefined4 * param_1, undefined4 * param_2)
59a832c0	FUN_59a832c0	FUN_59a832c0	Global	DEFAULT	ANALYSIS	__stdcall	undefined4	6	false	\N	false	59a832c0-59a8332a	\N	\N	undefined4 __stdcall FUN_59a832c0(HANDLE param_1, LPCVOID param_2, undefined4 param_3, LPVOID param_4, uint param_5, int * param_6)
59a83330	FUN_59a83330	FUN_59a83330	Global	DEFAULT	ANALYSIS	__stdcall	undefined	3	false	\N	false	59a83330-59a83346	\N	\N	undefined __stdcall FUN_59a83330(ushort * param_1, undefined4 param_2, undefined4 param_3)
59a8334c	StackWalk	StackWalk	Global	IMPORTED	ANALYSIS	__stdcall	int	9	false	\N	false	59a8334c-59a8348c	\N	\N	int __stdcall StackWalk(int param_1, int * param_2, undefined4 param_3, int * param_4, undefined4 * param_5, int param_6, undefined * param_7, int param_8, int param_9)
59a83492	StackWalk64	StackWalk64	Global	IMPORTED	ANALYSIS	__stdcall	undefined4	9	false	\N	false	59a83492-59a83573	\N	\N	undefined4 __stdcall StackWalk64(int param_1, ushort * param_2, undefined4 param_3, ulonglong * param_4, undefined4 * param_5, undefined * param_6, undefined * param_7, undefined * param_8, undefined * param_9)
59a83579	FUN_59a83579	FUN_59a83579	Global	DEFAULT	ANALYSIS	__stdcall	undefined4	3	false	\N	false	59a83579-59a835aa	\N	\N	undefined4 __stdcall FUN_59a83579(undefined4 param_1, int * param_2, undefined4 * param_3)
59a835b0	FUN_59a835b0	FUN_59a835b0	Global	DEFAULT	ANALYSIS	__stdcall	undefined4	3	false	\N	false	59a835b0-59a83786	\N	\N	undefined4 __stdcall FUN_59a835b0(int param_1, uint param_2, undefined4 * param_3)
59a837d4	FUN_59a837d4	FUN_59a837d4	Global	DEFAULT	ANALYSIS	__stdcall	undefined4	3	false	\N	false	59a837d4-59a839f1	\N	\N	undefined4 __stdcall FUN_59a837d4(int param_1, uint param_2, undefined4 param_3)
59a83a3f	FUN_59a83a3f	FUN_59a83a3f	Global	DEFAULT	ANALYSIS	__stdcall	int	6	false	\N	false	59a83a3f-59a83a6d	\N	\N	int __stdcall FUN_59a83a3f(int param_1, undefined4 param_2, undefined4 param_3, undefined4 param_4, undefined4 param_5, undefined4 param_6)
59a83a73	FUN_59a83a73	FUN_59a83a73	Global	DEFAULT	ANALYSIS	__stdcall	undefined	3	false	\N	false	59a83a73-59a83abc	\N	\N	undefined __stdcall FUN_59a83a73(int * param_1, int * param_2, undefined4 param_3)
59a83ac2	FUN_59a83ac2	FUN_59a83ac2	Global	DEFAULT	ANALYSIS	__stdcall	undefined	8	false	\N	false	59a83ac2-59a83b03	\N	\N	undefined __stdcall FUN_59a83ac2(undefined4 param_1, undefined4 param_2, undefined4 * param_3, undefined4 param_4, undefined4 param_5, undefined4 param_6, undefined * param_7, undefined * param_8)
59a83b09	FUN_59a83b09	FUN_59a83b09	Global	DEFAULT	ANALYSIS	__stdcall	undefined	9	false	\N	false	59a83b09-59a83d36	\N	\N	undefined __stdcall FUN_59a83b09(undefined4 param_1, uint param_2, int param_3, uint param_4, uint param_5, uint param_6, undefined * param_7, undefined * param_8, int param_9)
59a83d3c	FUN_59a83d3c	FUN_59a83d3c	Global	DEFAULT	ANALYSIS	__stdcall	undefined	1	false	\N	false	59a83d3c-59a83e28	\N	\N	undefined __stdcall FUN_59a83d3c(undefined4 param_1)
59a83e2e	FUN_59a83e2e	FUN_59a83e2e	Global	DEFAULT	ANALYSIS	__stdcall	undefined4	5	false	\N	false	59a83e2e-59a83e79	\N	\N	undefined4 __stdcall FUN_59a83e2e(undefined4 param_1, undefined4 param_2, undefined4 param_3, uint param_4, undefined * param_5)
59a83e7f	FUN_59a83e7f	FUN_59a83e7f	Global	DEFAULT	ANALYSIS	__stdcall	bool	4	false	\N	false	59a83e7f-59a83f3b	\N	\N	bool __stdcall FUN_59a83e7f(uint param_1, undefined4 param_2, ushort * param_3, undefined * param_4)
59a83f41	FUN_59a83f41	FUN_59a83f41	Global	DEFAULT	ANALYSIS	__stdcall	undefined4	5	false	\N	false	59a83f41-59a84028	\N	\N	undefined4 __stdcall FUN_59a83f41(uint param_1, ushort param_2, undefined4 * param_3, int * param_4, undefined * param_5)
59a8402e	FUN_59a8402e	FUN_59a8402e	Global	DEFAULT	ANALYSIS	__stdcall	undefined4	5	false	\N	false	59a8402e-59a8414c	\N	\N	undefined4 __stdcall FUN_59a8402e(uint param_1, int * param_2, undefined4 param_3, undefined * param_4, undefined * param_5)
59a84152	FUN_59a84152	FUN_59a84152	Global	DEFAULT	ANALYSIS	__stdcall	undefined	6	false	\N	false	59a84152-59a8422f	\N	\N	undefined __stdcall FUN_59a84152(undefined4 param_1, undefined4 param_2, int param_3, undefined4 * param_4, undefined * param_5, undefined * param_6)
59a84235	FUN_59a84235	FUN_59a84235	Global	DEFAULT	ANALYSIS	__stdcall	undefined	7	false	\N	false	59a84235-59a8432e	\N	\N	undefined __stdcall FUN_59a84235(undefined4 param_1, undefined4 param_2, uint * param_3, undefined * param_4, undefined4 param_5, undefined4 param_6, undefined * param_7)
59a84334	FUN_59a84334	FUN_59a84334	Global	DEFAULT	ANALYSIS	__stdcall	undefined	5	false	\N	false	59a84334-59a843a3	\N	\N	undefined __stdcall FUN_59a84334(undefined4 param_1, undefined4 param_2, undefined4 param_3, int param_4, undefined * param_5)
59a843a9	FUN_59a843a9	FUN_59a843a9	Global	DEFAULT	ANALYSIS	__stdcall	undefined	6	false	\N	false	59a843a9-59a8442b	\N	\N	undefined __stdcall FUN_59a843a9(undefined4 param_1, undefined4 param_2, int param_3, undefined * param_4, undefined4 param_5, undefined * param_6)
59a84431	FUN_59a84431	FUN_59a84431	Global	DEFAULT	ANALYSIS	__stdcall	undefined	7	false	\N	false	59a84431-59a84523	\N	\N	undefined __stdcall FUN_59a84431(undefined4 param_1, undefined4 param_2, undefined4 * param_3, int * param_4, undefined4 param_5, undefined * param_6, undefined * param_7)
59a84529	FUN_59a84529	FUN_59a84529	Global	DEFAULT	ANALYSIS	__stdcall	undefined4	8	false	\N	false	59a84529-59a8459b	\N	\N	undefined4 __stdcall FUN_59a84529(undefined4 param_1, undefined4 param_2, undefined4 param_3, int param_4, undefined * param_5, undefined4 param_6, undefined4 param_7, undefined * param_8)
59a845a1	FUN_59a845a1	FUN_59a845a1	Global	DEFAULT	ANALYSIS	__stdcall	undefined	4	false	\N	false	59a845a1-59a84665	\N	\N	undefined __stdcall FUN_59a845a1(int param_1, int param_2, int param_3, undefined * param_4)
59a8466b	FUN_59a8466b	FUN_59a8466b	Global	DEFAULT	ANALYSIS	__stdcall	int	5	false	\N	false	59a8466b-59a84703	\N	\N	int __stdcall FUN_59a8466b(int param_1, int * param_2, uint param_3, int param_4, longlong * param_5)
59a84709	FUN_59a84709	FUN_59a84709	Global	DEFAULT	ANALYSIS	__stdcall	undefined4	6	false	\N	false	59a84709-59a84ad8	\N	\N	undefined4 __stdcall FUN_59a84709(uint param_1, ulonglong * param_2, uint * param_3, int param_4, undefined * param_5, undefined * param_6)
59a84ade	FUN_59a84ade	FUN_59a84ade	Global	DEFAULT	ANALYSIS	__stdcall	undefined	7	false	\N	false	59a84ade-59a84b05	\N	\N	undefined __stdcall FUN_59a84ade(uint param_1, undefined4 param_2, uint * param_3, ulonglong * param_4, undefined * param_5, undefined4 param_6, undefined * param_7)
59a84b0b	FUN_59a84b0b	FUN_59a84b0b	Global	DEFAULT	ANALYSIS	__thiscall	undefined	5	false	\N	false	59a84b0b-59a84b4d	\N	\N	undefined __thiscall FUN_59a84b0b(undefined4 param_1, int param_2, undefined4 param_3, undefined4 param_4)
59a84b53	FUN_59a84b53	FUN_59a84b53	Global	DEFAULT	ANALYSIS	__stdcall	bool	6	false	\N	false	59a84b53-59a84c58	\N	\N	bool __stdcall FUN_59a84b53(int * param_1, uint * param_2, int param_3, int param_4, undefined * param_5, undefined4 param_6)
59a84c5e	FUN_59a84c5e	FUN_59a84c5e	Global	DEFAULT	ANALYSIS	__stdcall	undefined4	8	false	\N	false	59a84c5e-59a84dfd	\N	\N	undefined4 __stdcall FUN_59a84c5e(int * param_1, undefined4 param_2, ulonglong * param_3, int param_4, int * param_5, undefined * param_6, undefined * param_7, undefined * param_8)
59a84e03	FUN_59a84e03	FUN_59a84e03	Global	DEFAULT	ANALYSIS	__stdcall	undefined4	9	false	\N	false	59a84e03-59a84f80	\N	\N	undefined4 __stdcall FUN_59a84e03(int * param_1, undefined4 param_2, uint * param_3, ulonglong * param_4, int param_5, int * param_6, undefined * param_7, undefined * param_8, undefined * param_9)
59a84f86	FUN_59a84f86	FUN_59a84f86	Global	DEFAULT	ANALYSIS	__stdcall	undefined4	8	false	\N	false	59a84f86-59a852d9	\N	\N	undefined4 __stdcall FUN_59a84f86(int * param_1, undefined4 param_2, ulonglong * param_3, int param_4, undefined * param_5, undefined * param_6, undefined * param_7, undefined * param_8)
59a852df	FUN_59a852df	FUN_59a852df	Global	DEFAULT	ANALYSIS	__stdcall	undefined	8	false	\N	false	59a852df-59a85312	\N	\N	undefined __stdcall FUN_59a852df(int * param_1, undefined4 param_2, ulonglong * param_3, int param_4, int * param_5, undefined * param_6, undefined * param_7, undefined * param_8)
59a85318	FUN_59a85318	FUN_59a85318	Global	DEFAULT	ANALYSIS	__stdcall	undefined8	9	false	\N	false	59a85318-59a858c5	\N	\N	undefined8 __stdcall FUN_59a85318(undefined4 param_1, uint param_2, uint param_3, uint * param_4, uint param_5, uint param_6, int param_7, int param_8, undefined * param_9)
59a858cb	FUN_59a858cb	FUN_59a858cb	Global	DEFAULT	ANALYSIS	__stdcall	undefined	11	false	\N	false	59a858cb-59a85cc9	\N	\N	undefined __stdcall FUN_59a858cb(int param_1, uint param_2, uint param_3, undefined * param_4, undefined * param_5, undefined * param_6, int param_7, uint * param_8, uint * param_9, uint * param_10, uint * param_11)
59a85ccf	FUN_59a85ccf	FUN_59a85ccf	Global	DEFAULT	ANALYSIS	__stdcall	undefined	9	false	\N	false	59a85ccf-59a85ed4;59a85ef0-59a85f06	\N	\N	undefined __stdcall FUN_59a85ccf(int param_1, uint * param_2, int * param_3, int param_4, undefined * param_5, undefined * param_6, undefined * param_7, undefined4 param_8, int param_9)
59a85f0c	FUN_59a85f0c	FUN_59a85f0c	Global	DEFAULT	ANALYSIS	__stdcall	undefined4	7	false	\N	false	59a85f0c-59a8602c	\N	\N	undefined4 __stdcall FUN_59a85f0c(int param_1, uint * param_2, undefined4 * param_3, undefined * param_4, undefined * param_5, undefined * param_6, int param_7)
59a86032	FUN_59a86032	FUN_59a86032	Global	DEFAULT	ANALYSIS	__stdcall	undefined4	7	false	\N	false	59a86032-59a862a6	\N	\N	undefined4 __stdcall FUN_59a86032(int param_1, uint * param_2, undefined4 * param_3, undefined * param_4, undefined * param_5, undefined * param_6, int param_7)
59a862ac	FUN_59a862ac	FUN_59a862ac	Global	DEFAULT	ANALYSIS	__stdcall	undefined	7	false	\N	false	59a862ac-59a862dc	\N	\N	undefined __stdcall FUN_59a862ac(int param_1, uint * param_2, undefined4 * param_3, undefined * param_4, undefined * param_5, undefined * param_6, int param_7)
59a862e2	FUN_59a862e2	FUN_59a862e2	Global	DEFAULT	ANALYSIS	__stdcall	byte *	7	false	\N	false	59a862e2-59a86385	\N	\N	byte * __stdcall FUN_59a862e2(undefined4 param_1, undefined4 param_2, int param_3, undefined4 param_4, undefined * param_5, byte * param_6, byte * param_7)
59a8638b	FUN_59a8638b	FUN_59a8638b	Global	DEFAULT	ANALYSIS	__stdcall	undefined4	10	false	\N	false	59a8638b-59a86756	\N	\N	undefined4 __stdcall FUN_59a8638b(uint param_1, int param_2, int param_3, undefined4 param_4, uint param_5, int param_6, int * param_7, uint param_8, undefined4 param_9, undefined * param_10)
59a86788	FUN_59a86788	FUN_59a86788	Global	DEFAULT	ANALYSIS	__stdcall	undefined	9	false	\N	false	59a86788-59a86bbd	\N	\N	undefined __stdcall FUN_59a86788(uint param_1, int param_2, int param_3, undefined4 param_4, int * param_5, uint param_6, uint * param_7, undefined4 param_8, undefined * param_9)
59a86bc3	FUN_59a86bc3	FUN_59a86bc3	Global	DEFAULT	ANALYSIS	__stdcall	int	8	false	\N	false	59a86bc3-59a86d77	\N	\N	int __stdcall FUN_59a86bc3(undefined4 param_1, int * param_2, uint * param_3, int * param_4, uint param_5, undefined * param_6, undefined * param_7, undefined * param_8)
59a86d7d	FUN_59a86d7d	FUN_59a86d7d	Global	DEFAULT	ANALYSIS	__stdcall	bool	4	false	\N	false	59a86d7d-59a86dd4	\N	\N	bool __stdcall FUN_59a86d7d(uint * param_1, undefined4 param_2, undefined * param_3, int param_4)
59a86dda	FUN_59a86dda	FUN_59a86dda	Global	DEFAULT	ANALYSIS	__stdcall	undefined	6	false	\N	false	59a86dda-59a86fc5	\N	\N	undefined __stdcall FUN_59a86dda(undefined4 param_1, int * param_2, undefined4 * param_3, undefined * param_4, undefined * param_5, undefined * param_6)
59a86fcb	FUN_59a86fcb	FUN_59a86fcb	Global	DEFAULT	ANALYSIS	__stdcall	undefined	6	false	\N	false	59a86fcb-59a8724b	\N	\N	undefined __stdcall FUN_59a86fcb(undefined4 param_1, int * param_2, undefined4 * param_3, undefined * param_4, undefined * param_5, undefined * param_6)
59a87251	FUN_59a87251	FUN_59a87251	Global	DEFAULT	ANALYSIS	__stdcall	undefined	6	false	\N	false	59a87251-59a8727e	\N	\N	undefined __stdcall FUN_59a87251(undefined4 param_1, int * param_2, undefined4 * param_3, undefined * param_4, undefined * param_5, undefined * param_6)
59a87284	FUN_59a87284	FUN_59a87284	Global	DEFAULT	ANALYSIS	__stdcall	bool	9	false	\N	false	59a87284-59a874d9	\N	\N	bool __stdcall FUN_59a87284(ushort * param_1, uint * param_2, int * param_3, int * param_4, uint param_5, undefined * param_6, undefined * param_7, undefined * param_8, uint param_9)
59a874df	FUN_59a874df	FUN_59a874df	Global	DEFAULT	ANALYSIS	__stdcall	int	4	false	\N	false	59a874df-59a87560	\N	\N	int __stdcall FUN_59a874df(undefined * param_1, undefined4 param_2, int param_3, undefined4 * param_4)
59a87566	FUN_59a87566	FUN_59a87566	Global	DEFAULT	ANALYSIS	__stdcall	undefined4	6	false	\N	false	59a87566-59a8772b	\N	\N	undefined4 __stdcall FUN_59a87566(ushort * param_1, uint * param_2, undefined4 * param_3, undefined * param_4, undefined * param_5, undefined * param_6)
59a87731	FUN_59a87731	FUN_59a87731	Global	DEFAULT	ANALYSIS	__stdcall	undefined4	6	false	\N	false	59a87731-59a87920	\N	\N	undefined4 __stdcall FUN_59a87731(ushort * param_1, uint * param_2, undefined4 * param_3, undefined * param_4, undefined * param_5, undefined * param_6)
59a87926	FUN_59a87926	FUN_59a87926	Global	DEFAULT	ANALYSIS	__stdcall	undefined	6	false	\N	false	59a87926-59a87953	\N	\N	undefined __stdcall FUN_59a87926(ushort * param_1, uint * param_2, undefined4 * param_3, undefined * param_4, undefined * param_5, undefined * param_6)
59a87959	FUN_59a87959	FUN_59a87959	Global	DEFAULT	ANALYSIS	__stdcall	undefined	1	false	\N	false	59a87959-59a87986	\N	\N	undefined __stdcall FUN_59a87959(uint param_1)
59a8798c	FUN_59a8798c	FUN_59a8798c	Global	DEFAULT	ANALYSIS	__stdcall	undefined	9	false	\N	false	59a8798c-59a87a5f	\N	\N	undefined __stdcall FUN_59a8798c(uint param_1, int param_2, int param_3, int param_4, int param_5, int param_6, int param_7, int param_8, int param_9)
59a87a65	FUN_59a87a65	FUN_59a87a65	Global	DEFAULT	ANALYSIS	__stdcall	undefined	2	false	\N	false	59a87a65-59a87ae7	\N	\N	undefined __stdcall FUN_59a87a65(uint param_1, uint * param_2)
59a87aed	FUN_59a87aed	FUN_59a87aed	Global	DEFAULT	ANALYSIS	__stdcall	undefined4	3	false	\N	false	59a87aed-59a87b51	\N	\N	undefined4 __stdcall FUN_59a87aed(uint param_1, int param_2, int param_3)
59a87b57	FUN_59a87b57	FUN_59a87b57	Global	DEFAULT	ANALYSIS	__stdcall	undefined	0	false	\N	false	59a87b57-59a87b93	\N	\N	undefined __stdcall FUN_59a87b57(void)
59a87b99	FUN_59a87b99	FUN_59a87b99	Global	DEFAULT	ANALYSIS	__stdcall	undefined4	1	false	\N	false	59a87b99-59a87bbd	\N	\N	undefined4 __stdcall FUN_59a87b99(uint * param_1)
59a87bc3	FUN_59a87bc3	FUN_59a87bc3	Global	DEFAULT	ANALYSIS	__cdecl	undefined	2	false	\N	false	59a87bc3-59a87c52	\N	\N	undefined __cdecl FUN_59a87bc3(uint param_1, char * param_2)
59a87c58	FUN_59a87c58	FUN_59a87c58	Global	DEFAULT	ANALYSIS	__stdcall	undefined	3	false	\N	false	59a87c58-59a87c7d	\N	\N	undefined __stdcall FUN_59a87c58(undefined4 * param_1, undefined4 * param_2, undefined4 param_3)
59a87c83	FUN_59a87c83	FUN_59a87c83	Global	DEFAULT	ANALYSIS	__stdcall	uint	2	false	\N	false	59a87c83-59a87cf1	\N	\N	uint __stdcall FUN_59a87c83(uint param_1, int * param_2)
59a87cf7	FUN_59a87cf7	FUN_59a87cf7	Global	DEFAULT	ANALYSIS	__stdcall	undefined8	9	false	\N	false	59a87cf7-59a87dc7	\N	\N	undefined8 __stdcall FUN_59a87cf7(int param_1, short param_2, int param_3, int param_4, undefined4 param_5, undefined * param_6, uint param_7, undefined4 * param_8, undefined1 * param_9)
59a87dcd	FUN_59a87dcd	FUN_59a87dcd	Global	DEFAULT	ANALYSIS	__stdcall	undefined4	3	false	\N	false	59a87dcd-59a87f33	\N	\N	undefined4 __stdcall FUN_59a87dcd(int param_1, int param_2, int param_3)
59a87f39	FUN_59a87f39	FUN_59a87f39	Global	DEFAULT	ANALYSIS	__stdcall	undefined	8	false	\N	false	59a87f39-59a881ba	\N	\N	undefined __stdcall FUN_59a87f39(undefined4 param_1, undefined * param_2, uint param_3, undefined4 param_4, int param_5, uint param_6, undefined4 param_7, byte param_8)
59a881c0	FUN_59a881c0	FUN_59a881c0	Global	DEFAULT	ANALYSIS	__stdcall	undefined4	1	false	\N	false	59a881c0-59a881f0	\N	\N	undefined4 __stdcall FUN_59a881c0(ushort * param_1)
59a881f6	FUN_59a881f6	FUN_59a881f6	Global	DEFAULT	ANALYSIS	__stdcall	undefined4	8	false	\N	false	59a881f6-59a88328	\N	\N	undefined4 __stdcall FUN_59a881f6(ushort * param_1, uint param_2, uint param_3, uint param_4, ushort * param_5, int * param_6, SIZE_T * param_7, undefined * param_8)
59a8832e	FUN_59a8832e	FUN_59a8832e	Global	DEFAULT	ANALYSIS	__stdcall	undefined4	3	false	\N	false	59a8832e-59a88523	\N	\N	undefined4 __stdcall FUN_59a8832e(int param_1, int param_2, undefined1 * param_3)
59a88564	FUN_59a88564	FUN_59a88564	Global	DEFAULT	ANALYSIS	__stdcall	undefined	2	false	\N	false	59a88564-59a88c18	\N	\N	undefined __stdcall FUN_59a88564(uint param_1, uint param_2)
59a88c65	FUN_59a88c65	FUN_59a88c65	Global	DEFAULT	ANALYSIS	__stdcall	undefined8	9	false	\N	false	59a88c65-59a894bf	\N	\N	undefined8 __stdcall FUN_59a88c65(ushort * param_1, uint param_2, undefined4 * param_3, uint param_4, int param_5, uint * param_6, uint param_7, undefined * param_8, uint param_9)
59a894c5	___security_init_cookie	___security_init_cookie	Global	ANALYSIS	IMPORTED	__cdecl	void	0	false	\N	false	59a894c5-59a89532	Library Function - Single Match\n ___security_init_cookie\n\nLibrary: Visual Studio 2005 Release	\N	void __cdecl ___security_init_cookie(void)
59a89538	FUN_59a89538	FUN_59a89538	Global	DEFAULT	ANALYSIS	__fastcall	undefined	1	false	\N	false	59a89538-59a8954d;59a89553-59a8964a	\N	\N	undefined __fastcall FUN_59a89538(uint param_1)
59a89650	FUN_59a89650	FUN_59a89650	Global	DEFAULT	ANALYSIS	__stdcall	undefined4 *	3	false	\N	false	59a89650-59a896a3	\N	\N	undefined4 * __stdcall FUN_59a89650(int param_1, uint param_2, uint param_3)
59a896a9	FUN_59a896a9	FUN_59a896a9	Global	DEFAULT	ANALYSIS	__stdcall	undefined	4	false	\N	false	59a896a9-59a896d9	\N	\N	undefined __stdcall FUN_59a896a9(int param_1, undefined4 param_2, undefined4 param_3, undefined4 param_4)
59a896df	FUN_59a896df	FUN_59a896df	Global	DEFAULT	ANALYSIS	__stdcall	int	5	false	\N	false	59a896df-59a89749	\N	\N	int __stdcall FUN_59a896df(int param_1, int param_2, undefined4 param_3, int param_4, int * param_5)
59a8974f	FUN_59a8974f	FUN_59a8974f	Global	DEFAULT	ANALYSIS	__stdcall	int	7	false	\N	false	59a8974f-59a89810	\N	\N	int __stdcall FUN_59a8974f(int param_1, int param_2, undefined4 param_3, undefined4 param_4, undefined4 param_5, int param_6, int * param_7)
59a89816	FUN_59a89816	FUN_59a89816	Global	DEFAULT	ANALYSIS	__stdcall	int	5	false	\N	false	59a89816-59a89876	\N	\N	int __stdcall FUN_59a89816(int param_1, int param_2, undefined4 param_3, int param_4, int * param_5)
59a8987c	FUN_59a8987c	FUN_59a8987c	Global	DEFAULT	ANALYSIS	__stdcall	int	4	false	\N	false	59a8987c-59a89906	\N	\N	int __stdcall FUN_59a8987c(int param_1, int param_2, short * param_3, int * param_4)
59a8990c	FUN_59a8990c	FUN_59a8990c	Global	DEFAULT	ANALYSIS	__stdcall	int	4	false	\N	false	59a8990c-59a89969	\N	\N	int __stdcall FUN_59a8990c(int param_1, int param_2, undefined4 param_3, int * param_4)
59a8996f	FUN_59a8996f	FUN_59a8996f	Global	DEFAULT	ANALYSIS	__stdcall	int	4	false	\N	false	59a8996f-59a899cc	\N	\N	int __stdcall FUN_59a8996f(int param_1, int param_2, undefined4 param_3, int * param_4)
59a899d2	FUN_59a899d2	FUN_59a899d2	Global	DEFAULT	ANALYSIS	__stdcall	int	3	false	\N	false	59a899d2-59a89b4e	\N	\N	int __stdcall FUN_59a899d2(int param_1, int param_2, int param_3)
59a89b54	FUN_59a89b54	FUN_59a89b54	Global	DEFAULT	ANALYSIS	__stdcall	int	3	false	\N	false	59a89b54-59a89c22	\N	\N	int __stdcall FUN_59a89b54(int param_1, int param_2, int * param_3)
59a89c28	FUN_59a89c28	FUN_59a89c28	Global	DEFAULT	ANALYSIS	__stdcall	int	3	false	\N	false	59a89c28-59a89d6e	\N	\N	int __stdcall FUN_59a89c28(int param_1, int param_2, int param_3)
59a89d74	FUN_59a89d74	FUN_59a89d74	Global	DEFAULT	ANALYSIS	__stdcall	undefined4	3	false	\N	false	59a89d74-59a89e53	\N	\N	undefined4 __stdcall FUN_59a89d74(undefined4 * param_1, int param_2, int param_3)
59a89e59	FUN_59a89e59	FUN_59a89e59	Global	DEFAULT	ANALYSIS	__stdcall	undefined4	3	false	\N	false	59a89e59-59a89ef8	\N	\N	undefined4 __stdcall FUN_59a89e59(undefined4 * param_1, int param_2, int param_3)
59a89efe	FUN_59a89efe	FUN_59a89efe	Global	DEFAULT	ANALYSIS	__stdcall	undefined4	2	false	\N	false	59a89efe-59a89f4f	\N	\N	undefined4 __stdcall FUN_59a89efe(int param_1, int param_2)
59a89f55	FUN_59a89f55	FUN_59a89f55	Global	DEFAULT	ANALYSIS	__stdcall	undefined4	3	false	\N	false	59a89f55-59a89f9a	\N	\N	undefined4 __stdcall FUN_59a89f55(int param_1, int param_2, int param_3)
59a89fa0	FUN_59a89fa0	FUN_59a89fa0	Global	DEFAULT	ANALYSIS	__stdcall	undefined4	4	false	\N	false	59a89fa0-59a89fde	\N	\N	undefined4 __stdcall FUN_59a89fa0(int param_1, undefined4 param_2, undefined4 param_3, int param_4)
59a89fe4	FUN_59a89fe4	FUN_59a89fe4	Global	DEFAULT	ANALYSIS	__stdcall	undefined	3	false	\N	false	59a89fe4-59a8a031	\N	\N	undefined __stdcall FUN_59a89fe4(int param_1, int param_2, int param_3)
59a8a037	FUN_59a8a037	FUN_59a8a037	Global	DEFAULT	ANALYSIS	__stdcall	uint *	6	false	\N	false	59a8a037-59a8a11e	\N	\N	uint * __stdcall FUN_59a8a037(undefined4 * param_1, int param_2, uint param_3, int param_4, uint param_5, uint * param_6)
59a8a124	FUN_59a8a124	FUN_59a8a124	Global	DEFAULT	ANALYSIS	__stdcall	uint *	3	false	\N	false	59a8a124-59a8a180	\N	\N	uint * __stdcall FUN_59a8a124(undefined4 * param_1, int param_2, uint * param_3)
59a8a186	FUN_59a8a186	FUN_59a8a186	Global	DEFAULT	ANALYSIS	__stdcall	undefined4	2	false	\N	false	59a8a186-59a8a39d	\N	\N	undefined4 __stdcall FUN_59a8a186(undefined4 * param_1, int param_2)
59a8a3a3	FUN_59a8a3a3	FUN_59a8a3a3	Global	DEFAULT	ANALYSIS	__stdcall	undefined	2	false	\N	false	59a8a3a3-59a8a4b0	\N	\N	undefined __stdcall FUN_59a8a3a3(int param_1, int param_2)
59a8a4b6	FUN_59a8a4b6	FUN_59a8a4b6	Global	DEFAULT	ANALYSIS	__stdcall	undefined	2	false	\N	false	59a8a4b6-59a8a516	\N	\N	undefined __stdcall FUN_59a8a4b6(int param_1, int param_2)
59a8a51c	FUN_59a8a51c	FUN_59a8a51c	Global	DEFAULT	ANALYSIS	__stdcall	undefined	3	false	\N	false	59a8a51c-59a8a574	\N	\N	undefined __stdcall FUN_59a8a51c(int param_1, int param_2, undefined4 * param_3)
59a8a57a	FUN_59a8a57a	FUN_59a8a57a	Global	DEFAULT	ANALYSIS	__stdcall	undefined	2	false	\N	false	59a8a57a-59a8a5c9	\N	\N	undefined __stdcall FUN_59a8a57a(undefined4 * param_1, int param_2)
59a8a5cf	FUN_59a8a5cf	FUN_59a8a5cf	Global	DEFAULT	ANALYSIS	__stdcall	int	6	false	\N	false	59a8a5cf-59a8a79c	\N	\N	int __stdcall FUN_59a8a5cf(undefined4 * param_1, int param_2, int * param_3, int param_4, int param_5, int param_6)
59a8a7a2	FUN_59a8a7a2	FUN_59a8a7a2	Global	DEFAULT	ANALYSIS	__stdcall	undefined	2	false	\N	false	59a8a7a2-59a8a7ff	\N	\N	undefined __stdcall FUN_59a8a7a2(int param_1, undefined4 * param_2)
59a8a805	FUN_59a8a805	FUN_59a8a805	Global	DEFAULT	ANALYSIS	__stdcall	int	5	false	\N	false	59a8a805-59a8a945	\N	\N	int __stdcall FUN_59a8a805(int param_1, uint param_2, int param_3, int param_4, uint param_5)
59a8a94b	FUN_59a8a94b	FUN_59a8a94b	Global	DEFAULT	ANALYSIS	__stdcall	int	3	false	\N	false	59a8a94b-59a8a9ca	\N	\N	int __stdcall FUN_59a8a94b(int param_1, int param_2, undefined4 * param_3)
59a8a9d0	FUN_59a8a9d0	FUN_59a8a9d0	Global	DEFAULT	ANALYSIS	__stdcall	int	4	false	\N	false	59a8a9d0-59a8aa13	\N	\N	int __stdcall FUN_59a8a9d0(int param_1, int param_2, int param_3, uint param_4)
59a8aa19	FUN_59a8aa19	FUN_59a8aa19	Global	DEFAULT	ANALYSIS	__stdcall	undefined	2	false	\N	false	59a8aa19-59a8aa4b	\N	\N	undefined __stdcall FUN_59a8aa19(int param_1, uint param_2)
59a8aa51	FUN_59a8aa51	FUN_59a8aa51	Global	DEFAULT	ANALYSIS	__stdcall	int	2	false	\N	false	59a8aa51-59a8acbc	\N	\N	int __stdcall FUN_59a8aa51(undefined4 * param_1, int param_2)
59a8acc2	FUN_59a8acc2	FUN_59a8acc2	Global	DEFAULT	ANALYSIS	__stdcall	undefined	3	false	\N	false	59a8acc2-59a8ad5e	\N	\N	undefined __stdcall FUN_59a8acc2(undefined4 * param_1, int param_2, undefined4 * param_3)
59a8ad64	FUN_59a8ad64	FUN_59a8ad64	Global	DEFAULT	ANALYSIS	__stdcall	undefined4 *	3	false	\N	false	59a8ad64-59a8ae3e	\N	\N	undefined4 * __stdcall FUN_59a8ad64(undefined4 * param_1, undefined4 * param_2, undefined4 * param_3)
59a8ae44	FUN_59a8ae44	FUN_59a8ae44	Global	DEFAULT	ANALYSIS	__stdcall	undefined	2	false	\N	false	59a8ae44-59a8ae58	\N	\N	undefined __stdcall FUN_59a8ae44(int param_1, int param_2)
59a8ae5e	FUN_59a8ae5e	FUN_59a8ae5e	Global	DEFAULT	ANALYSIS	__stdcall	int	1	false	\N	false	59a8ae5e-59a8b013	\N	\N	int __stdcall FUN_59a8ae5e(int param_1)
59a8b019	MiniDumpReadDumpStream	MiniDumpReadDumpStream	Global	IMPORTED	ANALYSIS	__stdcall	undefined4	5	false	\N	false	59a8b019-59a8b098	\N	\N	undefined4 __stdcall MiniDumpReadDumpStream(int * param_1, int param_2, int * param_3, int * param_4, int * param_5)
59a8b09e	FUN_59a8b09e	FUN_59a8b09e	Global	DEFAULT	ANALYSIS	__stdcall	undefined	9	false	\N	false	59a8b09e-59a8b258	\N	\N	undefined __stdcall FUN_59a8b09e(undefined4 * param_1, int param_2, int param_3, uint param_4, int param_5, uint param_6, uint * param_7, int param_8, int param_9)
59a8b25e	FUN_59a8b25e	FUN_59a8b25e	Global	DEFAULT	ANALYSIS	__stdcall	int	9	false	\N	false	59a8b25e-59a8b2de	\N	\N	int __stdcall FUN_59a8b25e(undefined4 * param_1, int param_2, int param_3, uint param_4, int param_5, uint param_6, int param_7, int param_8, int * param_9)
59a8b2e4	FUN_59a8b2e4	FUN_59a8b2e4	Global	DEFAULT	ANALYSIS	__stdcall	int	3	false	\N	false	59a8b2e4-59a8b47c	\N	\N	int __stdcall FUN_59a8b2e4(undefined4 * param_1, int param_2, int param_3)
59a8b482	FUN_59a8b482	FUN_59a8b482	Global	DEFAULT	ANALYSIS	__stdcall	int	3	false	\N	false	59a8b482-59a8b4c5	\N	\N	int __stdcall FUN_59a8b482(undefined4 * param_1, int param_2, int param_3)
59a8b4cb	FUN_59a8b4cb	FUN_59a8b4cb	Global	DEFAULT	ANALYSIS	__stdcall	undefined4	3	false	\N	false	59a8b4cb-59a8b673	\N	\N	undefined4 __stdcall FUN_59a8b4cb(undefined4 * param_1, int param_2, uint * param_3)
59a8b679	FUN_59a8b679	FUN_59a8b679	Global	DEFAULT	ANALYSIS	__stdcall	int	2	false	\N	false	59a8b679-59a8b6d5	\N	\N	int __stdcall FUN_59a8b679(undefined4 * param_1, int param_2)
59a8b6db	FUN_59a8b6db	FUN_59a8b6db	Global	DEFAULT	ANALYSIS	__stdcall	undefined	6	false	\N	false	59a8b6db-59a8b804	\N	\N	undefined __stdcall FUN_59a8b6db(undefined4 * param_1, undefined4 * param_2, int * param_3, undefined4 * param_4, int param_5, uint param_6)
59a8b80a	FUN_59a8b80a	FUN_59a8b80a	Global	DEFAULT	ANALYSIS	__stdcall	undefined4 *	9	false	\N	false	59a8b80a-59a8b9aa	\N	\N	undefined4 * __stdcall FUN_59a8b80a(undefined4 * param_1, undefined4 param_2, undefined4 param_3, int * param_4, undefined4 param_5, int * param_6, undefined4 * param_7, uint * param_8, undefined4 * param_9)
59a8b9b0	MiniDumpWriteDump	MiniDumpWriteDump	Global	IMPORTED	ANALYSIS	__stdcall	bool	7	false	\N	false	59a8b9b0-59a8bab2	\N	\N	bool __stdcall MiniDumpWriteDump(undefined4 * param_1, undefined4 param_2, undefined4 param_3, int * param_4, undefined4 * param_5, uint * param_6, undefined4 * param_7)
59a8bab8	FUN_59a8bab8	FUN_59a8bab8	Global	DEFAULT	ANALYSIS	__stdcall	undefined	2	false	\N	false	59a8bab8-59a8bace	\N	\N	undefined __stdcall FUN_59a8bab8(int param_1, undefined4 param_2)
59a8bad4	FUN_59a8bad4	FUN_59a8bad4	Global	DEFAULT	ANALYSIS	__stdcall	undefined	3	false	\N	false	59a8bad4-59a8bb1e	\N	\N	undefined __stdcall FUN_59a8bad4(int param_1, undefined4 * param_2, uint * param_3)
59a8bb24	FUN_59a8bb24	FUN_59a8bb24	Global	DEFAULT	ANALYSIS	__stdcall	undefined4	3	false	\N	false	59a8bb24-59a8bb91	\N	\N	undefined4 __stdcall FUN_59a8bb24(int param_1, undefined4 param_2, uint * param_3)
59a8bb97	FUN_59a8bb97	FUN_59a8bb97	Global	DEFAULT	ANALYSIS	__stdcall	undefined4	4	false	\N	false	59a8bb97-59a8bc12	\N	\N	undefined4 __stdcall FUN_59a8bb97(int param_1, undefined4 param_2, undefined4 param_3, uint * param_4)
59a8bc18	FUN_59a8bc18	FUN_59a8bc18	Global	DEFAULT	ANALYSIS	__stdcall	undefined	2	false	\N	false	59a8bc18-59a8bc61	\N	\N	undefined __stdcall FUN_59a8bc18(int param_1, int * param_2)
59a8bc67	FUN_59a8bc67	FUN_59a8bc67	Global	DEFAULT	ANALYSIS	__stdcall	undefined	2	false	\N	false	59a8bc67-59a8bc9b	\N	\N	undefined __stdcall FUN_59a8bc67(int param_1, int param_2)
59a8bca1	FUN_59a8bca1	FUN_59a8bca1	Global	DEFAULT	ANALYSIS	__stdcall	undefined	2	false	\N	false	59a8bca1-59a8bcc7	\N	\N	undefined __stdcall FUN_59a8bca1(int param_1, int param_2)
59a8bccd	FUN_59a8bccd	FUN_59a8bccd	Global	DEFAULT	ANALYSIS	__stdcall	undefined	2	false	\N	false	59a8bccd-59a8bd6a	\N	\N	undefined __stdcall FUN_59a8bccd(int param_1, int param_2)
59a8bd70	FUN_59a8bd70	FUN_59a8bd70	Global	DEFAULT	ANALYSIS	__stdcall	undefined	2	false	\N	false	59a8bd70-59a8bd92	\N	\N	undefined __stdcall FUN_59a8bd70(int param_1, int param_2)
59a8bd98	FUN_59a8bd98	FUN_59a8bd98	Global	DEFAULT	ANALYSIS	__stdcall	undefined4	1	false	\N	false	59a8bd98-59a8bde7	\N	\N	undefined4 __stdcall FUN_59a8bd98(int param_1)
59a8bded	FUN_59a8bded	FUN_59a8bded	Global	DEFAULT	ANALYSIS	__stdcall	short *	3	false	\N	false	59a8bded-59a8be31	\N	\N	short * __stdcall FUN_59a8bded(short * param_1, short * param_2, int param_3)
59a8be37	FUN_59a8be37	FUN_59a8be37	Global	DEFAULT	ANALYSIS	__stdcall	int	1	false	\N	false	59a8be37-59a8be52	\N	\N	int __stdcall FUN_59a8be37(short * param_1)
59a8be58	FUN_59a8be58	FUN_59a8be58	Global	DEFAULT	ANALYSIS	__stdcall	uint	2	false	\N	false	59a8be58-59a8be92	\N	\N	uint __stdcall FUN_59a8be58(ushort * param_1, ushort * param_2)
59a8be98	FUN_59a8be98	FUN_59a8be98	Global	DEFAULT	ANALYSIS	__stdcall	undefined	2	false	\N	false	59a8be98-59a8bee8	\N	\N	undefined __stdcall FUN_59a8be98(undefined4 * param_1, undefined4 * param_2)
59a8beee	FUN_59a8beee	FUN_59a8beee	Global	DEFAULT	ANALYSIS	__thiscall	undefined	3	false	\N	false	59a8beee-59a8bf12	\N	\N	undefined __thiscall FUN_59a8beee(undefined4 param_1, undefined4 param_2)
59a8bf18	FUN_59a8bf18	FUN_59a8bf18	Global	DEFAULT	ANALYSIS	__stdcall	undefined	2	false	\N	false	59a8bf18-59a8bf38	\N	\N	undefined __stdcall FUN_59a8bf18(int param_1, undefined4 param_2)
59a8bf3e	FUN_59a8bf3e	FUN_59a8bf3e	Global	DEFAULT	ANALYSIS	__stdcall	undefined4	7	false	\N	false	59a8bf3e-59a8bff8	\N	\N	undefined4 __stdcall FUN_59a8bf3e(int param_1, short * param_2, uint param_3, uint param_4, uint param_5, undefined4 * param_6, uint * param_7)
59a8bffe	FUN_59a8bffe	FUN_59a8bffe	Global	DEFAULT	ANALYSIS	__stdcall	int	5	false	\N	false	59a8bffe-59a8c18e	\N	\N	int __stdcall FUN_59a8bffe(undefined4 * param_1, int param_2, int param_3, int param_4, undefined4 * param_5)
59a8c194	FUN_59a8c194	FUN_59a8c194	Global	DEFAULT	ANALYSIS	__stdcall	short *	1	false	\N	false	59a8c194-59a8c1cc	\N	\N	short * __stdcall FUN_59a8c194(short * param_1)
59a8c1d2	FUN_59a8c1d2	FUN_59a8c1d2	Global	DEFAULT	ANALYSIS	__stdcall	int	7	false	\N	false	59a8c1d2-59a8c34f;59a8c374-59a8c4a2	\N	\N	int __stdcall FUN_59a8c1d2(undefined4 * param_1, int param_2, short * param_3, undefined4 param_4, undefined4 param_5, uint param_6, int * param_7)
59a8c4a8	FUN_59a8c4a8	FUN_59a8c4a8	Global	DEFAULT	ANALYSIS	__stdcall	undefined4	8	false	\N	false	59a8c4a8-59a8c501	\N	\N	undefined4 __stdcall FUN_59a8c4a8(int param_1, short * param_2, undefined4 param_3, undefined4 param_4, undefined4 param_5, undefined4 param_6, undefined4 param_7, int * param_8)
59a8c507	FUN_59a8c507	FUN_59a8c507	Global	DEFAULT	ANALYSIS	__stdcall	undefined4	10	false	\N	false	59a8c507-59a8c59e	\N	\N	undefined4 __stdcall FUN_59a8c507(int param_1, undefined4 param_2, undefined4 param_3, undefined4 param_4, undefined4 param_5, undefined4 param_6, undefined4 param_7, int param_8, undefined4 * param_9, int * param_10)
59a8c5a4	FUN_59a8c5a4	FUN_59a8c5a4	Global	DEFAULT	ANALYSIS	__stdcall	int	2	false	\N	false	59a8c5a4-59a8c6ac	\N	\N	int __stdcall FUN_59a8c5a4(undefined4 * param_1, undefined4 * param_2)
59a8c6b2	FUN_59a8c6b2	FUN_59a8c6b2	Global	DEFAULT	ANALYSIS	__stdcall	undefined4	6	false	\N	false	59a8c6b2-59a8c937	\N	\N	undefined4 __stdcall FUN_59a8c6b2(undefined4 * param_1, int param_2, uint param_3, uint param_4, uint param_5, uint param_6)
59a8c93d	FUN_59a8c93d	FUN_59a8c93d	Global	DEFAULT	ANALYSIS	__stdcall	undefined	5	false	\N	false	59a8c93d-59a8ca11	\N	\N	undefined __stdcall FUN_59a8c93d(undefined4 * param_1, int param_2, uint param_3, uint param_4, undefined4 * param_5)
59a8ca17	FUN_59a8ca17	FUN_59a8ca17	Global	DEFAULT	ANALYSIS	__stdcall	int	2	false	\N	false	59a8ca17-59a8ca86	\N	\N	int __stdcall FUN_59a8ca17(undefined4 * param_1, int param_2)
59a8ca8c	FUN_59a8ca8c	FUN_59a8ca8c	Global	DEFAULT	ANALYSIS	__stdcall	int	3	false	\N	false	59a8ca8c-59a8cb06	\N	\N	int __stdcall FUN_59a8ca8c(undefined4 * param_1, int param_2, int param_3)
59a8cb0c	FUN_59a8cb0c	FUN_59a8cb0c	Global	DEFAULT	ANALYSIS	__stdcall	int	2	false	\N	false	59a8cb0c-59a8cc0c	\N	\N	int __stdcall FUN_59a8cb0c(undefined4 * param_1, int param_2)
59a8cc12	FUN_59a8cc12	FUN_59a8cc12	Global	DEFAULT	ANALYSIS	__stdcall	undefined	2	false	\N	false	59a8cc12-59a8ce91	\N	\N	undefined __stdcall FUN_59a8cc12(undefined4 * param_1, int param_2)
59a8ce97	FUN_59a8ce97	FUN_59a8ce97	Global	DEFAULT	ANALYSIS	__thiscall	undefined	4	false	\N	false	59a8ce97-59a8ceb6	\N	\N	undefined __thiscall FUN_59a8ce97(uint param_1, uint param_2, uint param_3)
59a8cebc	FUN_59a8cebc	FUN_59a8cebc	Global	DEFAULT	ANALYSIS	__stdcall	undefined4	4	false	\N	false	59a8cebc-59a8cefd	\N	\N	undefined4 __stdcall FUN_59a8cebc(undefined4 * param_1, int param_2, int param_3, int param_4)
59a8cf03	FUN_59a8cf03	FUN_59a8cf03	Global	DEFAULT	ANALYSIS	__stdcall	undefined	3	false	\N	false	59a8cf03-59a8d06a;59a8d09c-59a8d148	\N	\N	undefined __stdcall FUN_59a8cf03(undefined4 * param_1, int param_2, int param_3)
59a8d14e	FUN_59a8d14e	FUN_59a8d14e	Global	DEFAULT	ANALYSIS	__stdcall	undefined4	3	false	\N	false	59a8d14e-59a8d243	\N	\N	undefined4 __stdcall FUN_59a8d14e(undefined4 * param_1, int param_2, uint param_3)
59a8d249	FUN_59a8d249	FUN_59a8d249	Global	DEFAULT	ANALYSIS	__stdcall	int	3	false	\N	false	59a8d249-59a8d2b1	\N	\N	int __stdcall FUN_59a8d249(undefined4 * param_1, int param_2, int param_3)
59a8d2b7	FUN_59a8d2b7	FUN_59a8d2b7	Global	DEFAULT	ANALYSIS	__stdcall	undefined	2	false	\N	false	59a8d2b7-59a8d6df	\N	\N	undefined __stdcall FUN_59a8d2b7(undefined4 * param_1, int * param_2)
59a8d6e5	FUN_59a8d6e5	FUN_59a8d6e5	Global	DEFAULT	ANALYSIS	__fastcall	undefined	1	false	\N	false	59a8d6e5-59a8d70d	\N	\N	undefined __fastcall FUN_59a8d6e5(undefined4 * param_1)
59a8d713	FUN_59a8d713	FUN_59a8d713	Global	DEFAULT	ANALYSIS	__fastcall	undefined4	1	false	\N	false	59a8d713-59a8d7f0	\N	\N	undefined4 __fastcall FUN_59a8d713(int param_1)
59a8d7f6	FUN_59a8d7f6	FUN_59a8d7f6	Global	DEFAULT	ANALYSIS	__thiscall	void *	2	false	\N	false	59a8d7f6-59a8d816	\N	\N	void * __thiscall FUN_59a8d7f6(byte param_1)
59a8d81c	FUN_59a8d81c	FUN_59a8d81c	Global	DEFAULT	ANALYSIS	__stdcall	undefined4	2	false	\N	false	59a8d81c-59a8d853	\N	\N	undefined4 __stdcall FUN_59a8d81c(int * param_1, undefined4 * param_2)
59a8d859	FUN_59a8d859	FUN_59a8d859	Global	DEFAULT	ANALYSIS	__stdcall	undefined	5	false	\N	false	59a8d859-59a8d8b1;59a8d8bb-59a8d8c6	\N	\N	undefined __stdcall FUN_59a8d859(undefined1 * param_1, undefined4 * param_2, undefined4 * param_3, undefined4 * param_4, undefined4 * param_5)
59a8d8cc	_GetCpuInformation@4	_GetCpuInformation@4	Global	ANALYSIS	ANALYSIS	__stdcall	undefined	1	false	\N	false	59a8d8cc-59a8d945	Library Function - Single Match\n _GetCpuInformation@4\n\nLibraries: Visual Studio 2005 Release, Visual Studio 2008 Release, Visual Studio 2010 Release, Visual Studio 2015 Release	\N	undefined __stdcall _GetCpuInformation@4(int * param_1)
59a8d94b	FUN_59a8d94b	FUN_59a8d94b	Global	DEFAULT	ANALYSIS	__stdcall	undefined4	5	false	\N	false	59a8d94b-59a8d990	\N	\N	undefined4 __stdcall FUN_59a8d94b(WORD * param_1, undefined2 * param_2, undefined2 * param_3, undefined1 * param_4, int * param_5)
59a8d996	FUN_59a8d996	FUN_59a8d996	Global	DEFAULT	ANALYSIS	__thiscall	undefined	4	false	\N	false	59a8d996-59a8d9d6	\N	\N	undefined __thiscall FUN_59a8d996(undefined4 * param_1, undefined4 * param_2, undefined4 * param_3)
59a8d9dc	FUN_59a8d9dc	FUN_59a8d9dc	Global	DEFAULT	ANALYSIS	__stdcall	undefined	1	false	\N	false	59a8d9dc-59a8d9ed	\N	\N	undefined __stdcall FUN_59a8d9dc(undefined4 * param_1)
59a8d9f3	FUN_59a8d9f3	FUN_59a8d9f3	Global	DEFAULT	ANALYSIS	__stdcall	undefined	1	false	\N	false	59a8d9f3-59a8da04	\N	\N	undefined __stdcall FUN_59a8d9f3(undefined4 * param_1)
59a8da0a	FUN_59a8da0a	FUN_59a8da0a	Global	DEFAULT	ANALYSIS	__stdcall	undefined	2	false	\N	false	59a8da0a-59a8da1e	\N	\N	undefined __stdcall FUN_59a8da0a(undefined4 * param_1, undefined4 * param_2)
59a8da24	FUN_59a8da24	FUN_59a8da24	Global	DEFAULT	ANALYSIS	__stdcall	undefined	1	false	\N	false	59a8da24-59a8da32	\N	\N	undefined __stdcall FUN_59a8da24(undefined4 * param_1)
59a8da38	FUN_59a8da38	FUN_59a8da38	Global	DEFAULT	ANALYSIS	__stdcall	undefined	6	false	\N	false	59a8da38-59a8db3b	\N	\N	undefined __stdcall FUN_59a8da38(DWORD * param_1, DWORD * param_2, DWORD * param_3, DWORD * param_4, ushort * param_5, undefined2 * param_6)
59a8db41	FUN_59a8db41	FUN_59a8db41	Global	DEFAULT	ANALYSIS	__stdcall	undefined	2	false	\N	false	59a8db41-59a8dbf2	\N	\N	undefined __stdcall FUN_59a8db41(LPWSTR param_1, int param_2)
59a8dbf8	FUN_59a8dbf8	FUN_59a8dbf8	Global	DEFAULT	ANALYSIS	__thiscall	undefined	6	false	\N	false	59a8dbf8-59a8de23	\N	\N	undefined __thiscall FUN_59a8dbf8(LPCWSTR param_1, DWORD * param_2, LPWSTR param_3, uint param_4, undefined4 * param_5)
59a8de29	FUN_59a8de29	FUN_59a8de29	Global	DEFAULT	ANALYSIS	__stdcall	undefined	1	false	\N	false	59a8de29-59a8de34	\N	\N	undefined __stdcall FUN_59a8de29(LPCVOID param_1)
59a8de3a	FUN_59a8de3a	FUN_59a8de3a	Global	DEFAULT	ANALYSIS	__stdcall	undefined	7	false	\N	false	59a8de3a-59a8df0a	\N	\N	undefined __stdcall FUN_59a8de3a(HANDLE param_1, undefined4 param_2, LPCVOID param_3, undefined4 param_4, undefined4 * param_5, undefined4 * param_6, undefined4 * param_7)
59a8df10	FUN_59a8df10	FUN_59a8df10	Global	DEFAULT	ANALYSIS	__stdcall	undefined	5	false	\N	false	59a8df10-59a8e0a8	\N	\N	undefined __stdcall FUN_59a8df10(undefined4 param_1, LPCWSTR param_2, undefined4 param_3, undefined4 param_4, undefined4 * param_5)
59a8e0c8	FUN_59a8e0c8	FUN_59a8e0c8	Global	DEFAULT	ANALYSIS	__thiscall	typedef DWORD ulong	5	false	\N	false	59a8e0c8-59a8e121	\N	\N	DWORD __thiscall FUN_59a8e0c8(undefined4 param_1, undefined4 param_2, undefined4 param_3, int * param_4)
59a8e127	FUN_59a8e127	FUN_59a8e127	Global	DEFAULT	ANALYSIS	__stdcall	undefined	1	false	\N	false	59a8e127-59a8e132	\N	\N	undefined __stdcall FUN_59a8e127(HANDLE param_1)
59a8e143	FUN_59a8e143	FUN_59a8e143	Global	DEFAULT	ANALYSIS	__stdcall	undefined	1	false	\N	false	59a8e143-59a8e14e	\N	\N	undefined __stdcall FUN_59a8e143(HANDLE param_1)
59a8e154	FUN_59a8e154	FUN_59a8e154	Global	DEFAULT	ANALYSIS	__stdcall	undefined	1	false	\N	false	59a8e154-59a8e15f	\N	\N	undefined __stdcall FUN_59a8e154(HANDLE param_1)
59a8e165	FUN_59a8e165	FUN_59a8e165	Global	DEFAULT	ANALYSIS	__stdcall	undefined	5	false	\N	false	59a8e165-59a8e22c	\N	\N	undefined __stdcall FUN_59a8e165(HANDLE param_1, DWORD * param_2, uint param_3, DWORD * param_4, DWORD * param_5)
59a8e232	FUN_59a8e232	FUN_59a8e232	Global	DEFAULT	ANALYSIS	__thiscall	typedef DWORD ulong	5	false	\N	false	59a8e232-59a8e28f	\N	\N	DWORD __thiscall FUN_59a8e232(undefined4 param_1, undefined4 param_2, undefined4 param_3, undefined4 param_4)
59a8e295	FUN_59a8e295	FUN_59a8e295	Global	DEFAULT	ANALYSIS	__stdcall	typedef DWORD ulong	6	false	\N	false	59a8e295-59a8e32b	\N	\N	DWORD __stdcall FUN_59a8e295(HANDLE param_1, LPCVOID param_2, undefined4 param_3, LPVOID param_4, uint param_5, int * param_6)
59a8e331	FUN_59a8e331	FUN_59a8e331	Global	DEFAULT	ANALYSIS	__thiscall	uint	6	false	\N	false	59a8e331-59a8e364	\N	\N	uint __thiscall FUN_59a8e331(undefined4 param_1, undefined4 param_2, undefined4 param_3, int param_4, int param_5)
59a8e36a	FUN_59a8e36a	FUN_59a8e36a	Global	DEFAULT	ANALYSIS	__stdcall	typedef DWORD ulong	8	false	\N	false	59a8e36a-59a8e3ea	\N	\N	DWORD __stdcall FUN_59a8e36a(HANDLE param_1, LPCVOID param_2, undefined4 param_3, int * param_4, SIZE_T * param_5, DWORD * param_6, DWORD * param_7, DWORD * param_8)
59a8e3f0	FUN_59a8e3f0	FUN_59a8e3f0	Global	DEFAULT	ANALYSIS	__thiscall	typedef DWORD ulong	3	false	\N	false	59a8e3f0-59a8e47d	\N	\N	DWORD __thiscall FUN_59a8e3f0(undefined4 param_1, undefined4 param_2)
59a8e483	FUN_59a8e483	FUN_59a8e483	Global	DEFAULT	ANALYSIS	__thiscall	undefined	4	false	\N	false	59a8e483-59a8e60e	\N	\N	undefined __thiscall FUN_59a8e483(int * param_1, LPWSTR param_2, int param_3)
59a8e62a	FUN_59a8e62a	FUN_59a8e62a	Global	DEFAULT	ANALYSIS	__fastcall	undefined	1	false	\N	false	59a8e62a-59a8e633	\N	\N	undefined __fastcall FUN_59a8e62a(int param_1)
59a8e639	FUN_59a8e639	FUN_59a8e639	Global	DEFAULT	ANALYSIS	__stdcall	undefined4	3	false	\N	false	59a8e639-59a8e649	\N	\N	undefined4 __stdcall FUN_59a8e639(undefined4 param_1, undefined4 param_2, undefined4 * param_3)
59a8e66e	FUN_59a8e66e	FUN_59a8e66e	Global	DEFAULT	ANALYSIS	__thiscall	undefined	4	false	\N	false	59a8e66e-59a8e77d	\N	\N	undefined __thiscall FUN_59a8e66e(LPCWSTR param_1, undefined4 param_2, undefined4 param_3)
59a8e783	FUN_59a8e783	FUN_59a8e783	Global	DEFAULT	ANALYSIS	__thiscall	undefined	2	false	\N	false	59a8e783-59a8e7a1	\N	\N	undefined __thiscall FUN_59a8e783(int * param_1)
59a8e7a7	FUN_59a8e7a7	FUN_59a8e7a7	Global	DEFAULT	ANALYSIS	__thiscall	uint	4	false	\N	false	59a8e7a7-59a8e80b	\N	\N	uint __thiscall FUN_59a8e7a7(undefined4 param_1, int param_2, undefined4 * param_3)
59a8e811	FUN_59a8e811	FUN_59a8e811	Global	DEFAULT	ANALYSIS	__thiscall	uint	4	false	\N	false	59a8e811-59a8e88c	\N	\N	uint __thiscall FUN_59a8e811(undefined4 param_1, int param_2, undefined4 * param_3)
59a8e892	FUN_59a8e892	FUN_59a8e892	Global	DEFAULT	ANALYSIS	__thiscall	undefined	8	false	\N	false	59a8e892-59a8e91b	\N	\N	undefined __thiscall FUN_59a8e892(undefined4 param_1, undefined4 param_2, undefined4 param_3, int * param_4, int * param_5, undefined4 * param_6, undefined4 * param_7)
59a8e921	FUN_59a8e921	FUN_59a8e921	Global	DEFAULT	ANALYSIS	__stdcall	undefined	1	false	\N	false	59a8e921-59a8e9f4	\N	\N	undefined __stdcall FUN_59a8e921(undefined4 * param_1)
59a8e9fa	FUN_59a8e9fa	FUN_59a8e9fa	Global	DEFAULT	ANALYSIS	__thiscall	uint	5	false	\N	false	59a8e9fa-59a8ea77	\N	\N	uint __thiscall FUN_59a8e9fa(DWORD param_1, LONG param_2, DWORD param_3, DWORD * param_4)
59a8ea7d	FUN_59a8ea7d	FUN_59a8ea7d	Global	DEFAULT	ANALYSIS	__thiscall	typedef DWORD ulong	3	false	\N	false	59a8ea7d-59a8eada	\N	\N	DWORD __thiscall FUN_59a8ea7d(LPCVOID param_1, LPCVOID param_2)
59a8eae0	FUN_59a8eae0	FUN_59a8eae0	Global	DEFAULT	ANALYSIS	__stdcall	undefined4	2	false	\N	false	59a8eae0-59a8eb16	\N	\N	undefined4 __stdcall FUN_59a8eae0(undefined4 param_1, undefined4 * param_2)
59a8eb1c	FUN_59a8eb1c	FUN_59a8eb1c	Global	DEFAULT	ANALYSIS	__stdcall	undefined	1	false	\N	false	59a8eb1c-59a8eb36	\N	\N	undefined __stdcall FUN_59a8eb1c(SIZE_T param_1)
59a8eb3c	FUN_59a8eb3c	FUN_59a8eb3c	Global	DEFAULT	ANALYSIS	__stdcall	undefined	2	false	\N	false	59a8eb3c-59a8eb59	\N	\N	undefined __stdcall FUN_59a8eb3c(LPVOID param_1, SIZE_T param_2)
59a8eb5f	FUN_59a8eb5f	FUN_59a8eb5f	Global	DEFAULT	ANALYSIS	__stdcall	undefined	1	false	\N	false	59a8eb5f-59a8eb7f	\N	\N	undefined __stdcall FUN_59a8eb5f(LPVOID param_1)
59a8eb85	FUN_59a8eb85	FUN_59a8eb85	Global	DEFAULT	ANALYSIS	__thiscall	undefined	3	false	\N	false	59a8eb85-59a8ebd0	\N	\N	undefined __thiscall FUN_59a8eb85(undefined4 param_1, undefined4 param_2)
59a8ebe7	FUN_59a8ebe7	FUN_59a8ebe7	Global	DEFAULT	ANALYSIS	__stdcall	ulonglong	1	false	\N	false	59a8ebe7-59a8ec1b	\N	\N	ulonglong __stdcall FUN_59a8ebe7(int * param_1)
59a8ec21	FUN_59a8ec21	FUN_59a8ec21	Global	DEFAULT	ANALYSIS	__thiscall	bool	2	false	\N	false	59a8ec21-59a8ec69	\N	\N	bool __thiscall FUN_59a8ec21(undefined4 * param_1)
59a8ec6f	FUN_59a8ec6f	FUN_59a8ec6f	Global	DEFAULT	ANALYSIS	__stdcall	undefined4	1	false	\N	false	59a8ec6f-59a8ec9f	\N	\N	undefined4 __stdcall FUN_59a8ec6f(undefined4 * param_1)
59a8eca5	FUN_59a8eca5	FUN_59a8eca5	Global	DEFAULT	ANALYSIS	__stdcall	undefined	2	false	\N	false	59a8eca5-59a8edc2	\N	\N	undefined __stdcall FUN_59a8eca5(undefined4 * param_1, undefined4 * param_2)
59a8edc8	FUN_59a8edc8	FUN_59a8edc8	Global	DEFAULT	ANALYSIS	__stdcall	int *	2	false	\N	false	59a8edc8-59a8ee31;59a8ee3b-59a8ee48	\N	\N	int * __stdcall FUN_59a8edc8(short * param_1, int * param_2)
59a8ee4e	xxxAddressInSectionTable	xxxAddressInSectionTable	Global	ANALYSIS	ANALYSIS	__stdcall	int	3	false	\N	false	59a8ee4e-59a8ee7a	Library Function - Single Match\n _xxxAddressInSectionTable@12\n\nLibraries: Visual Studio 2005 Release, Visual Studio 2008 Release, Visual Studio 2010 Release, Visual Studio 2015 Release	\N	int __stdcall xxxAddressInSectionTable(int param_1, int param_2, uint param_3)
59a8ee80	xxxpImageDirectoryEntryToData32	xxxpImageDirectoryEntryToData32	Global	ANALYSIS	ANALYSIS	__stdcall	int	5	false	\N	false	59a8ee80-59a8eec7	Library Function - Single Match\n _xxxpImageDirectoryEntryToData32@20\n\nLibraries: Visual Studio 2005 Release, Visual Studio 2008 Release, Visual Studio 2010 Release, Visual Studio 2015 Release	\N	int __stdcall xxxpImageDirectoryEntryToData32(int param_1, char param_2, ushort param_3, undefined4 * param_4, int param_5)
59a8eecd	xxxpImageDirectoryEntryToData64	xxxpImageDirectoryEntryToData64	Global	ANALYSIS	ANALYSIS	__stdcall	int	5	false	\N	false	59a8eecd-59a8ef1d	Library Function - Single Match\n _xxxpImageDirectoryEntryToData64@20\n\nLibraries: Visual Studio 2005 Release, Visual Studio 2008 Release, Visual Studio 2010 Release, Visual Studio 2015 Release	\N	int __stdcall xxxpImageDirectoryEntryToData64(int param_1, char param_2, ushort param_3, undefined4 * param_4, int param_5)
59a8ef23	FUN_59a8ef23	FUN_59a8ef23	Global	DEFAULT	ANALYSIS	__stdcall	int	4	false	\N	false	59a8ef23-59a8ef80	\N	\N	int __stdcall FUN_59a8ef23(short * param_1, char param_2, ushort param_3, undefined4 * param_4)
59a8ef86	_WinpGetAllocHandleFromStream@20	_WinpGetAllocHandleFromStream@20	Global	ANALYSIS	ANALYSIS	__stdcall	undefined4	5	false	\N	false	59a8ef86-59a8efcc	Library Function - Single Match\n _WinpGetAllocHandleFromStream@20\n\nLibraries: Visual Studio 2005 Release, Visual Studio 2008 Release, Visual Studio 2010 Release, Visual Studio 2015 Release	\N	undefined4 __stdcall _WinpGetAllocHandleFromStream@20(int param_1, int param_2, int * param_3, int param_4, int * param_5)
59a8efd2	FUN_59a8efd2	FUN_59a8efd2	Global	DEFAULT	ANALYSIS	__stdcall	int	1	false	\N	false	59a8efd2-59a8efef	\N	\N	int __stdcall FUN_59a8efd2(short * param_1)
59a8eff5	FUN_59a8eff5	FUN_59a8eff5	Global	DEFAULT	ANALYSIS	__stdcall	undefined	0	false	\N	false	59a8eff5-59a8f0ef	\N	\N	undefined __stdcall FUN_59a8eff5(void)
59a8f0f5	FUN_59a8f0f5	FUN_59a8f0f5	Global	DEFAULT	ANALYSIS	__stdcall	undefined	1	false	\N	false	59a8f0f5-59a8f12b	\N	\N	undefined __stdcall FUN_59a8f0f5(int param_1)
59a8f131	FUN_59a8f131	FUN_59a8f131	Global	DEFAULT	ANALYSIS	__stdcall	uint	2	false	\N	false	59a8f131-59a8f144	\N	\N	uint __stdcall FUN_59a8f131(int param_1, uint param_2)
59a8f14a	FUN_59a8f14a	FUN_59a8f14a	Global	DEFAULT	ANALYSIS	__stdcall	uint	1	false	\N	false	59a8f14a-59a8f166	\N	\N	uint __stdcall FUN_59a8f14a(int param_1)
59a8f16c	FUN_59a8f16c	FUN_59a8f16c	Global	DEFAULT	ANALYSIS	__stdcall	int	4	false	\N	false	59a8f16c-59a8f1a2;59a8f1ac-59a8f1be	\N	\N	int __stdcall FUN_59a8f16c(int param_1, undefined4 param_2, undefined4 param_3, uint param_4)
59a8f1c4	FUN_59a8f1c4	FUN_59a8f1c4	Global	DEFAULT	ANALYSIS	__stdcall	undefined	0	false	\N	false	59a8f1c4-59a8f1c7	\N	\N	undefined __stdcall FUN_59a8f1c4(void)
59a8f1cd	FUN_59a8f1cd	FUN_59a8f1cd	Global	DEFAULT	ANALYSIS	__stdcall	undefined	1	false	\N	false	59a8f1cd-59a8f2a9;59a8f2b3-59a8f315	\N	\N	undefined __stdcall FUN_59a8f1cd(int param_1)
59a8f31b	FUN_59a8f31b	FUN_59a8f31b	Global	DEFAULT	ANALYSIS	__stdcall	undefined4	1	false	\N	false	59a8f31b-59a8f350	\N	\N	undefined4 __stdcall FUN_59a8f31b(int param_1)
59a8f356	FUN_59a8f356	FUN_59a8f356	Global	DEFAULT	ANALYSIS	__stdcall	int	4	false	\N	false	59a8f356-59a8f37a	\N	\N	int __stdcall FUN_59a8f356(int param_1, undefined4 param_2, undefined4 param_3, uint param_4)
59a8f380	FUN_59a8f380	FUN_59a8f380	Global	DEFAULT	ANALYSIS	__thiscall	void *	2	false	\N	false	59a8f380-59a8f3a2	\N	\N	void * __thiscall FUN_59a8f380(undefined4 param_1)
59a8f3a8	FUN_59a8f3a8	FUN_59a8f3a8	Global	DEFAULT	ANALYSIS	__fastcall	undefined	1	false	\N	false	59a8f3a8-59a8f3c3	\N	\N	undefined __fastcall FUN_59a8f3a8(undefined4 * param_1)
59a8f3c9	FUN_59a8f3c9	FUN_59a8f3c9	Global	DEFAULT	ANALYSIS	__thiscall	void *	2	false	\N	false	59a8f3c9-59a8f3e9	\N	\N	void * __thiscall FUN_59a8f3c9(byte param_1)
59a8f3ef	FUN_59a8f3ef	FUN_59a8f3ef	Global	DEFAULT	ANALYSIS	__thiscall	int	5	false	\N	false	59a8f3ef-59a8f462	\N	\N	int __thiscall FUN_59a8f3ef(undefined4 param_1, undefined4 param_2, uint param_3, int * param_4)
59a8f468	FUN_59a8f468	FUN_59a8f468	Global	DEFAULT	ANALYSIS	__stdcall	undefined	3	false	\N	false	59a8f468-59a8f521	\N	\N	undefined __stdcall FUN_59a8f468(HANDLE param_1, undefined4 * param_2, undefined4 * param_3)
59a8f527	FUN_59a8f527	FUN_59a8f527	Global	DEFAULT	ANALYSIS	__thiscall	undefined	9	false	\N	false	59a8f527-59a8f563	\N	\N	undefined __thiscall FUN_59a8f527(undefined4 param_1, undefined4 param_2, undefined4 * param_3, undefined4 param_4, int * param_5, int * param_6, undefined4 * param_7, undefined4 * param_8)
59a8f569	FUN_59a8f569	FUN_59a8f569	Global	DEFAULT	ANALYSIS	__stdcall	undefined4	3	false	\N	false	59a8f569-59a8f582	\N	\N	undefined4 __stdcall FUN_59a8f569(undefined4 param_1, undefined4 * param_2, undefined4 * param_3)
59a8f588	FUN_59a8f588	FUN_59a8f588	Global	DEFAULT	ANALYSIS	__stdcall	void *	1	false	\N	false	59a8f588-59a8f5b1	\N	\N	void * __stdcall FUN_59a8f588(uint param_1)
59a8f5c8	FUN_59a8f5c8	FUN_59a8f5c8	Global	DEFAULT	ANALYSIS	__stdcall	undefined	2	false	\N	false	59a8f5c8-59a8f5f2	\N	\N	undefined __stdcall FUN_59a8f5c8(short * param_1, undefined4 * param_2)
59a8f5f8	FUN_59a8f5f8	FUN_59a8f5f8	Global	DEFAULT	ANALYSIS	__thiscall	void *	2	false	\N	false	59a8f5f8-59a8f642	\N	\N	void * __thiscall FUN_59a8f5f8(undefined4 param_1)
59a8f648	FUN_59a8f648	FUN_59a8f648	Global	DEFAULT	ANALYSIS	__fastcall	undefined	1	false	\N	false	59a8f648-59a8f682	\N	\N	undefined __fastcall FUN_59a8f648(undefined4 * param_1)
59a8f72c	FUN_59a8f72c	FUN_59a8f72c	Global	DEFAULT	ANALYSIS	__thiscall	void *	2	false	\N	false	59a8f72c-59a8f74c	\N	\N	void * __thiscall FUN_59a8f72c(byte param_1)
59a8f752	FUN_59a8f752	FUN_59a8f752	Global	DEFAULT	ANALYSIS	__thiscall	uint	5	false	\N	false	59a8f752-59a8f7d4	\N	\N	uint __thiscall FUN_59a8f752(undefined4 param_1, int param_2, undefined4 param_3, int * param_4)
59a8f7da	FUN_59a8f7da	FUN_59a8f7da	Global	DEFAULT	ANALYSIS	__thiscall	uint	4	false	\N	false	59a8f7da-59a8f830	\N	\N	uint __thiscall FUN_59a8f7da(undefined4 param_1, int * param_2, undefined4 * param_3)
59a8f836	FUN_59a8f836	FUN_59a8f836	Global	DEFAULT	ANALYSIS	__thiscall	uint	4	false	\N	false	59a8f836-59a8f88c	\N	\N	uint __thiscall FUN_59a8f836(undefined4 param_1, int * param_2, undefined4 * param_3)
59a8f892	FUN_59a8f892	FUN_59a8f892	Global	DEFAULT	ANALYSIS	__thiscall	typedef DWORD ulong	3	false	\N	false	59a8f892-59a8f9a6	\N	\N	DWORD __thiscall FUN_59a8f892(HANDLE param_1, SIZE_T param_2)
59a8f9b9	FUN_59a8f9b9	FUN_59a8f9b9	Global	DEFAULT	ANALYSIS	__thiscall	undefined4	7	false	\N	false	59a8f9b9-59a8fa5c	\N	\N	undefined4 __thiscall FUN_59a8f9b9(short * param_1, int param_2, int * param_3, undefined4 * param_4, undefined4 * param_5, undefined4 * param_6)
59a8fa62	FUN_59a8fa62	FUN_59a8fa62	Global	DEFAULT	ANALYSIS	__fastcall	undefined	1	false	\N	false	59a8fa62-59a8fa8f	\N	\N	undefined __fastcall FUN_59a8fa62(int param_1)
59a8fa95	FUN_59a8fa95	FUN_59a8fa95	Global	DEFAULT	ANALYSIS	__thiscall	uint	4	false	\N	false	59a8fa95-59a8fae0	\N	\N	uint __thiscall FUN_59a8fa95(undefined4 param_1, undefined4 param_2, undefined4 param_3)
59a8fae6	FUN_59a8fae6	FUN_59a8fae6	Global	DEFAULT	ANALYSIS	__thiscall	undefined4	10	false	\N	false	59a8fae6-59a8fc56	\N	\N	undefined4 __thiscall FUN_59a8fae6(undefined4 * param_1, undefined4 * param_2, undefined4 * param_3, undefined4 * param_4, undefined4 * param_5, ushort * param_6, int param_7, undefined4 * param_8, int param_9)
59a8fc5c	FUN_59a8fc5c	FUN_59a8fc5c	Global	DEFAULT	ANALYSIS	__thiscall	int	6	false	\N	false	59a8fc5c-59a8fd78	\N	\N	int __thiscall FUN_59a8fc5c(undefined4 param_1, undefined4 param_2, undefined4 param_3, uint param_4, undefined4 * param_5)
59a8fd7e	FUN_59a8fd7e	FUN_59a8fd7e	Global	DEFAULT	ANALYSIS	__thiscall	undefined	7	false	\N	false	59a8fd7e-59a8fdf1	\N	\N	undefined __thiscall FUN_59a8fd7e(undefined4 param_1, undefined4 param_2, undefined4 param_3, undefined4 param_4, uint param_5, undefined4 * param_6)
59a8fdf7	FUN_59a8fdf7	FUN_59a8fdf7	Global	DEFAULT	ANALYSIS	__stdcall	undefined	1	false	\N	false	59a8fdf7-59a8fe63	\N	\N	undefined __stdcall FUN_59a8fdf7(short * param_1)
59a8fe69	FUN_59a8fe69	FUN_59a8fe69	Global	DEFAULT	ANALYSIS	__thiscall	void *	2	false	\N	false	59a8fe69-59a8fe93	\N	\N	void * __thiscall FUN_59a8fe69(undefined4 param_1)
59a8fe99	FUN_59a8fe99	FUN_59a8fe99	Global	DEFAULT	ANALYSIS	__fastcall	undefined	1	false	\N	false	59a8fe99-59a8fec5	\N	\N	undefined __fastcall FUN_59a8fe99(undefined4 * param_1)
59a8fecb	FUN_59a8fecb	FUN_59a8fecb	Global	DEFAULT	ANALYSIS	__thiscall	void *	2	false	\N	false	59a8fecb-59a8feeb	\N	\N	void * __thiscall FUN_59a8fecb(byte param_1)
59a8fef1	FUN_59a8fef1	FUN_59a8fef1	Global	DEFAULT	ANALYSIS	__thiscall	typedef DWORD ulong	3	false	\N	false	59a8fef1-59a8ffcd	\N	\N	DWORD __thiscall FUN_59a8fef1(HANDLE param_1, SIZE_T param_2)
59a8ffd3	FUN_59a8ffd3	FUN_59a8ffd3	Global	DEFAULT	ANALYSIS	__thiscall	typedef DWORD ulong	4	false	\N	false	59a8ffd3-59a90057	\N	\N	DWORD __thiscall FUN_59a8ffd3(int * param_1, short * param_2, undefined4 param_3)
59a9008b	FUN_59a9008b	FUN_59a9008b	Global	DEFAULT	ANALYSIS	__thiscall	void *	2	false	\N	false	59a9008b-59a900ae	\N	\N	void * __thiscall FUN_59a9008b(undefined4 param_1)
59a900b4	FUN_59a900b4	FUN_59a900b4	Global	DEFAULT	ANALYSIS	__fastcall	undefined	1	false	\N	false	59a900b4-59a900e0	\N	\N	undefined __fastcall FUN_59a900b4(undefined4 * param_1)
59a900e6	FUN_59a900e6	FUN_59a900e6	Global	DEFAULT	ANALYSIS	__thiscall	void *	2	false	\N	false	59a900e6-59a90106	\N	\N	void * __thiscall FUN_59a900e6(byte param_1)
59a9010c	FUN_59a9010c	FUN_59a9010c	Global	DEFAULT	ANALYSIS	__thiscall	uint	3	false	\N	false	59a9010c-59a902fb	\N	\N	uint __thiscall FUN_59a9010c(HANDLE param_1, int param_2)
59a90301	FUN_59a90301	FUN_59a90301	Global	DEFAULT	ANALYSIS	__thiscall	bool	2	false	\N	false	59a90301-59a90334	\N	\N	bool __thiscall FUN_59a90301(undefined4 * param_1)
59a9033a	FUN_59a9033a	FUN_59a9033a	Global	DEFAULT	ANALYSIS	__thiscall	typedef DWORD ulong	4	false	\N	false	59a9033a-59a9041e	\N	\N	DWORD __thiscall FUN_59a9033a(int * param_1, short * param_2, int param_3)
59a90448	FUN_59a90448	FUN_59a90448	Global	DEFAULT	ANALYSIS	__stdcall	void *	1	false	\N	false	59a90448-59a904b2	\N	\N	void * __stdcall FUN_59a90448(uint param_1)
59a904c9	FUN_59a904c9	FUN_59a904c9	Global	DEFAULT	ANALYSIS	__thiscall	int	4	false	\N	false	59a904c9-59a904f3	\N	\N	int __thiscall FUN_59a904c9(int * param_1, LPWSTR param_2, int param_3)
59a9051b	FUN_59a9051b	FUN_59a9051b	Global	DEFAULT	ANALYSIS	__thiscall	void *	2	false	\N	false	59a9051b-59a90539	\N	\N	void * __thiscall FUN_59a9051b(undefined4 param_1)
59a9053f	FUN_59a9053f	FUN_59a9053f	Global	DEFAULT	ANALYSIS	__thiscall	void *	2	false	\N	false	59a9053f-59a90565	\N	\N	void * __thiscall FUN_59a9053f(byte param_1)
59a9056b	FUN_59a9056b	FUN_59a9056b	Global	DEFAULT	ANALYSIS	__stdcall	ulonglong	1	false	\N	false	59a9056b-59a90582	\N	\N	ulonglong __stdcall FUN_59a9056b(undefined4 * param_1)
59a90588	FUN_59a90588	FUN_59a90588	Global	DEFAULT	ANALYSIS	__thiscall	undefined4	5	false	\N	false	59a90588-59a905b4	\N	\N	undefined4 __thiscall FUN_59a90588(undefined4 param_1, undefined4 param_2, int param_3, int * param_4)
59a905c7	FUN_59a905c7	FUN_59a905c7	Global	DEFAULT	ANALYSIS	__stdcall	void *	1	false	\N	false	59a905c7-59a905e5	\N	\N	void * __stdcall FUN_59a905c7(undefined4 param_1)
59a905fc	__SEH_prolog	__SEH_prolog	Global	ANALYSIS	ANALYSIS	__cdecl	undefined	2	false	\N	false	59a905fc-59a90636	Library Function - Single Match\n __SEH_prolog\n\nLibrary: Visual Studio	\N	undefined __cdecl __SEH_prolog(undefined4 param_1, int param_2)
59a90637	__SEH_epilog	__SEH_epilog	Global	ANALYSIS	ANALYSIS	__stdcall	undefined	0	false	\N	false	59a90637-59a90647	Library Function - Single Match\n __SEH_epilog\n\nLibrary: Visual Studio	\N	undefined __stdcall __SEH_epilog(void)
59a90650	__allmul	__allmul	Global	ANALYSIS	ANALYSIS	__stdcall	longlong	4	false	\N	false	59a90650-59a90683	Library Function - Single Match\n __allmul\n\nLibrary: Visual Studio	\N	longlong __stdcall __allmul(uint param_1, int param_2, uint param_3, int param_4)
59a90690	__aullshr	__aullshr	Global	ANALYSIS	ANALYSIS	__fastcall	ulonglong	2	false	\N	false	59a90690-59a906ae	Library Function - Single Match\n __aullshr\n\nLibrary: Visual Studio	\N	ulonglong __fastcall __aullshr(byte param_1, uint param_2)
59a906c0	__aulldiv	__aulldiv	Global	ANALYSIS	ANALYSIS	__stdcall	undefined8	4	false	\N	false	59a906c0-59a90727	Library Function - Single Match\n __aulldiv\n\nLibrary: Visual Studio	\N	undefined8 __stdcall __aulldiv(uint param_1, uint param_2, uint param_3, uint param_4)
59a9072d	FUN_59a9072d	FUN_59a9072d	Global	DEFAULT	ANALYSIS	__stdcall	undefined4	2	false	\N	false	59a9072d-59a907de	\N	\N	undefined4 __stdcall FUN_59a9072d(undefined4 param_1, int param_2)
59a907e4	entry	entry	Global	IMPORTED	ANALYSIS	__stdcall	int	3	false	\N	false	59a907e4-59a90882	\N	\N	int __stdcall entry(HMODULE param_1, int param_2, int param_3)
59a908a0	__chkstk	__chkstk	Global	ANALYSIS	ANALYSIS	__stdcall	undefined	0	false	\N	false	59a908a0-59a908dc	Library Function - Single Match\n __chkstk\n\nLibraries: Visual Studio 2003 Debug, Visual Studio 2003 Release	\N	undefined __stdcall __chkstk(void)
59a908e2	operator_delete	MSVCRT.DLL::operator_delete	MSVCRT.DLL	DEFAULT	IMPORTED	__cdecl	void	1	true	MSVCRT.DLL::operator_delete	false	59a908e2-59a908e7	\N	\N	void __cdecl operator_delete(void * param_1)
59a908ee	operator_new	MSVCRT.DLL::operator_new	MSVCRT.DLL	DEFAULT	IMPORTED	__cdecl	void *	1	true	MSVCRT.DLL::operator_new	false	59a908ee-59a908f3	\N	\N	void * __cdecl operator_new(uint param_1)
59a90906	ftol	MSVCRT.DLL::ftol	MSVCRT.DLL	DEFAULT	DEFAULT	__cdecl	undefined	0	true	MSVCRT.DLL::ftol	false	59a90906-59a9090b	\N	\N	undefined __cdecl ftol()
59a90912	memmove	MSVCRT.DLL::memmove	MSVCRT.DLL	DEFAULT	IMPORTED	__cdecl	void *	3	true	MSVCRT.DLL::memmove	false	59a90912-59a90917	\N	\N	void * __cdecl memmove(void * _Dst, void * _Src, size_t _Size)
59a9091e	time	MSVCRT.DLL::time	MSVCRT.DLL	DEFAULT	IMPORTED	__cdecl	typedef time_t __time64_t	1	true	MSVCRT.DLL::time	false	59a9091e-59a90923	\N	\N	time_t __cdecl time(time_t * _Time)
59a9092a	initterm	MSVCRT.DLL::initterm	MSVCRT.DLL	DEFAULT	DEFAULT	__cdecl	undefined	0	true	MSVCRT.DLL::initterm	false	59a9092a-59a9092f	\N	\N	undefined __cdecl initterm()
59a90935	FUN_59a90935	FUN_59a90935	Global	DEFAULT	ANALYSIS	__cdecl	undefined	1	false	\N	false	59a90935-59a90960	\N	\N	undefined __cdecl FUN_59a90935(_onexit_t param_1)
59a90966	FUN_59a90966	FUN_59a90966	Global	DEFAULT	ANALYSIS	__cdecl	int	1	false	\N	false	59a90966-59a9097c	\N	\N	int __cdecl FUN_59a90966(_onexit_t param_1)
59a90982	__dllonexit	MSVCRT.DLL::__dllonexit	MSVCRT.DLL	DEFAULT	DEFAULT	unknown	undefined	0	true	MSVCRT.DLL::__dllonexit	false	59a90982-59a90987	\N	\N	undefined __dllonexit()
59a9098e	VerQueryValueA	VERSION.DLL::VerQueryValueA	VERSION.DLL	DEFAULT	IMPORTED	__stdcall	typedef BOOL int	4	true	VERSION.DLL::VerQueryValueA	false	59a9098e-59a90993	\N	\N	BOOL __stdcall VerQueryValueA(LPCVOID pBlock, LPCSTR lpSubBlock, LPVOID * lplpBuffer, PUINT puLen)
59a9099a	GetFileVersionInfoW	VERSION.DLL::GetFileVersionInfoW	VERSION.DLL	DEFAULT	IMPORTED	__stdcall	typedef BOOL int	4	true	VERSION.DLL::GetFileVersionInfoW	false	59a9099a-59a9099f	\N	\N	BOOL __stdcall GetFileVersionInfoW(LPCWSTR lptstrFilename, DWORD dwHandle, DWORD dwLen, LPVOID lpData)
59a909a6	GetFileVersionInfoA	VERSION.DLL::GetFileVersionInfoA	VERSION.DLL	DEFAULT	IMPORTED	__stdcall	typedef BOOL int	4	true	VERSION.DLL::GetFileVersionInfoA	false	59a909a6-59a909ab	\N	\N	BOOL __stdcall GetFileVersionInfoA(LPCSTR lptstrFilename, DWORD dwHandle, DWORD dwLen, LPVOID lpData)
59a909b2	GetFileVersionInfoSizeA	VERSION.DLL::GetFileVersionInfoSizeA	VERSION.DLL	DEFAULT	IMPORTED	__stdcall	typedef DWORD ulong	2	true	VERSION.DLL::GetFileVersionInfoSizeA	false	59a909b2-59a909b7	\N	\N	DWORD __stdcall GetFileVersionInfoSizeA(LPCSTR lptstrFilename, LPDWORD lpdwHandle)
59a909be	GetFileVersionInfoSizeW	VERSION.DLL::GetFileVersionInfoSizeW	VERSION.DLL	DEFAULT	IMPORTED	__stdcall	typedef DWORD ulong	2	true	VERSION.DLL::GetFileVersionInfoSizeW	false	59a909be-59a909c3	\N	\N	DWORD __stdcall GetFileVersionInfoSizeW(LPCWSTR lptstrFilename, LPDWORD lpdwHandle)
59a909c9	FUN_59a909c9	FUN_59a909c9	Global	DEFAULT	ANALYSIS	__fastcall	DWORD *	1	false	\N	false	59a909c9-59a909e7	\N	\N	DWORD * __fastcall FUN_59a909c9(DWORD * param_1)
59a909ed	FUN_59a909ed	FUN_59a909ed	Global	DEFAULT	ANALYSIS	__thiscall	undefined4	3	false	\N	false	59a909ed-59a90a1c	\N	\N	undefined4 __thiscall FUN_59a909ed(int param_1, undefined4 param_2)
59a90a22	FUN_59a90a22	FUN_59a90a22	Global	DEFAULT	ANALYSIS	__fastcall	undefined	1	false	\N	false	59a90a22-59a90a3c	\N	\N	undefined __fastcall FUN_59a90a22(undefined4 * param_1)
59a90a42	FUN_59a90a42	FUN_59a90a42	Global	DEFAULT	ANALYSIS	__thiscall	undefined4	2	false	\N	false	59a90a42-59a90ad5	\N	\N	undefined4 __thiscall FUN_59a90a42(int param_1)
59a90adb	FUN_59a90adb	FUN_59a90adb	Global	DEFAULT	ANALYSIS	__cdecl	undefined4 *	1	false	\N	false	59a90adb-59a90b18	\N	\N	undefined4 * __cdecl FUN_59a90adb(wchar_t * param_1)
59a90b1e	FUN_59a90b1e	FUN_59a90b1e	Global	DEFAULT	ANALYSIS	__cdecl	undefined	1	false	\N	false	59a90b1e-59a90b2f	\N	\N	undefined __cdecl FUN_59a90b1e(HLOCAL param_1)
59a90b67	FUN_59a90b67	FUN_59a90b67	Global	DEFAULT	ANALYSIS	__cdecl	undefined	2	false	\N	false	59a90b67-59a90bc8	\N	\N	undefined __cdecl FUN_59a90b67(int param_1, int param_2)
59a90bce	FUN_59a90bce	FUN_59a90bce	Global	DEFAULT	ANALYSIS	__stdcall	typedef LONG long	1	false	\N	false	59a90bce-59a90bf9	\N	\N	LONG __stdcall FUN_59a90bce(int * param_1)
59a90c52	FUN_59a90c52	FUN_59a90c52	Global	DEFAULT	ANALYSIS	__cdecl	undefined4 *	1	false	\N	false	59a90c52-59a90c7e	\N	\N	undefined4 * __cdecl FUN_59a90c52(uint param_1)
59a90c96	FUN_59a90c96	FUN_59a90c96	Global	DEFAULT	ANALYSIS	__thiscall	undefined4	2	false	\N	false	59a90c96-59a90cc1	\N	\N	undefined4 __thiscall FUN_59a90c96(int param_1)
59a90cc7	FUN_59a90cc7	FUN_59a90cc7	Global	DEFAULT	ANALYSIS	__thiscall	undefined4	3	false	\N	false	59a90cc7-59a90cec	\N	\N	undefined4 __thiscall FUN_59a90cc7(int param_1, undefined4 * param_2)
59a90cf2	FUN_59a90cf2	FUN_59a90cf2	Global	DEFAULT	ANALYSIS	__thiscall	bool	3	false	\N	false	59a90cf2-59a90d1f	\N	\N	bool __thiscall FUN_59a90cf2(int param_1, undefined4 * param_2)
59a90d25	FUN_59a90d25	FUN_59a90d25	Global	DEFAULT	ANALYSIS	__thiscall	undefined4	4	false	\N	false	59a90d25-59a90d6c	\N	\N	undefined4 __thiscall FUN_59a90d25(undefined4 * param_1, uint param_2, undefined4 * param_3)
59a90d72	FUN_59a90d72	FUN_59a90d72	Global	DEFAULT	ANALYSIS	__fastcall	undefined4 *	1	false	\N	false	59a90d72-59a90d8f	\N	\N	undefined4 * __fastcall FUN_59a90d72(undefined4 * param_1)
59a90d95	FUN_59a90d95	FUN_59a90d95	Global	DEFAULT	ANALYSIS	__stdcall	undefined *	0	false	\N	false	59a90d95-59a90db4	\N	\N	undefined * __stdcall FUN_59a90d95(void)
59a90dba	FUN_59a90dba	FUN_59a90dba	Global	DEFAULT	ANALYSIS	__thiscall	void *	2	false	\N	false	59a90dba-59a90de9	\N	\N	void * __thiscall FUN_59a90dba(undefined4 * param_1)
59a90e40	FUN_59a90e40	FUN_59a90e40	Global	DEFAULT	ANALYSIS	__stdcall	typedef LONG long	1	false	\N	false	59a90e40-59a90e74	\N	\N	LONG __stdcall FUN_59a90e40(int param_1)
59a90e7a	FUN_59a90e7a	FUN_59a90e7a	Global	DEFAULT	ANALYSIS	__stdcall	undefined4	3	false	\N	false	59a90e7a-59a90ec5	\N	\N	undefined4 __stdcall FUN_59a90e7a(int * param_1, int * param_2, undefined4 * param_3)
59a90f19	FUN_59a90f19	FUN_59a90f19	Global	DEFAULT	ANALYSIS	__fastcall	undefined	1	false	\N	false	59a90f19-59a90f38	\N	\N	undefined __fastcall FUN_59a90f19(undefined4 * param_1)
59a90f3e	FUN_59a90f3e	FUN_59a90f3e	Global	DEFAULT	ANALYSIS	__stdcall	undefined4	0	false	\N	false	59a90f3e-59a9107c	\N	\N	undefined4 __stdcall FUN_59a90f3e(void)
59a91082	FUN_59a91082	FUN_59a91082	Global	DEFAULT	ANALYSIS	__cdecl	int *	2	false	\N	false	59a91082-59a910aa	\N	\N	int * __cdecl FUN_59a91082(int * param_1, int * param_2)
59a910b0	FUN_59a910b0	FUN_59a910b0	Global	DEFAULT	ANALYSIS	__stdcall	undefined4	3	false	\N	false	59a910b0-59a911c4;59a91205-59a9120c	\N	\N	undefined4 __stdcall FUN_59a910b0(int * param_1, int * param_2, undefined4 * param_3)
59a91212	FUN_59a91212	FUN_59a91212	Global	DEFAULT	ANALYSIS	__stdcall	int	3	false	\N	false	59a91212-59a91251	\N	\N	int __stdcall FUN_59a91212(int * param_1, undefined4 param_2, undefined4 param_3)
59a91257	FUN_59a91257	FUN_59a91257	Global	DEFAULT	ANALYSIS	__thiscall	undefined	2	false	\N	false	59a91257-59a912fb	\N	\N	undefined __thiscall FUN_59a91257(wchar_t * param_1)
59a91301	FUN_59a91301	FUN_59a91301	Global	DEFAULT	ANALYSIS	__cdecl	typedef wint_t ushort	1	false	\N	false	59a91301-59a9136d	\N	\N	wint_t __cdecl FUN_59a91301(int param_1)
59a91373	FUN_59a91373	FUN_59a91373	Global	DEFAULT	ANALYSIS	__cdecl	undefined4	1	false	\N	false	59a91373-59a913a3	\N	\N	undefined4 __cdecl FUN_59a91373(short * param_1)
59a913cb	FUN_59a913cb	FUN_59a913cb	Global	DEFAULT	ANALYSIS	__cdecl	bool	3	false	\N	false	59a913cb-59a91591	\N	\N	bool __cdecl FUN_59a913cb(wint_t * param_1, undefined4 param_2, int param_3)
59a91597	FUN_59a91597	FUN_59a91597	Global	DEFAULT	ANALYSIS	__stdcall	undefined4 *	0	false	\N	false	59a91597-59a915ed	\N	\N	undefined4 * __stdcall FUN_59a91597(void)
59a915f3	FUN_59a915f3	FUN_59a915f3	Global	DEFAULT	ANALYSIS	__stdcall	undefined	0	false	\N	false	59a915f3-59a91636	\N	\N	undefined __stdcall FUN_59a915f3(void)
59a916f5	FUN_59a916f5	FUN_59a916f5	Global	DEFAULT	ANALYSIS	__fastcall	undefined4	1	false	\N	false	59a916f5-59a91749	\N	\N	undefined4 __fastcall FUN_59a916f5(int param_1)
59a917d3	FUN_59a917d3	FUN_59a917d3	Global	DEFAULT	ANALYSIS	__thiscall	bool	2	false	\N	false	59a917d3-59a91807	\N	\N	bool __thiscall FUN_59a917d3(uint param_1)
59a9180d	thunk_FUN_59a915f3	thunk_FUN_59a915f3	Global	DEFAULT	ANALYSIS	__stdcall	undefined	0	true	FUN_59a915f3	false	59a9180d-59a91811	\N	\N	undefined __stdcall thunk_FUN_59a915f3(void)
59a91817	FUN_59a91817	FUN_59a91817	Global	DEFAULT	ANALYSIS	__stdcall	undefined	0	false	\N	false	59a91817-59a91894	\N	\N	undefined __stdcall FUN_59a91817(void)
59a9189a	FUN_59a9189a	FUN_59a9189a	Global	DEFAULT	ANALYSIS	__cdecl	int	2	false	\N	false	59a9189a-59a918d4	\N	\N	int __cdecl FUN_59a9189a(byte * param_1, undefined4 * param_2)
59a918da	FUN_59a918da	FUN_59a918da	Global	DEFAULT	ANALYSIS	__fastcall	undefined	1	false	\N	false	59a918da-59a918fb	\N	\N	undefined __fastcall FUN_59a918da(undefined4 * param_1)
59a91901	FUN_59a91901	FUN_59a91901	Global	DEFAULT	ANALYSIS	__thiscall	undefined4 *	2	false	\N	false	59a91901-59a91932	\N	\N	undefined4 * __thiscall FUN_59a91901(int param_1)
59a91938	FUN_59a91938	FUN_59a91938	Global	DEFAULT	ANALYSIS	__thiscall	undefined4 *	2	false	\N	false	59a91938-59a91963	\N	\N	undefined4 * __thiscall FUN_59a91938(int param_1)
59a91969	FUN_59a91969	FUN_59a91969	Global	DEFAULT	ANALYSIS	__stdcall	undefined	0	false	\N	false	59a91969-59a91998	\N	\N	undefined __stdcall FUN_59a91969(void)
59a9199e	FUN_59a9199e	FUN_59a9199e	Global	DEFAULT	ANALYSIS	__thiscall	undefined	2	false	\N	false	59a9199e-59a919bc	\N	\N	undefined __thiscall FUN_59a9199e(int param_1)
59a919ed	FUN_59a919ed	FUN_59a919ed	Global	DEFAULT	ANALYSIS	__thiscall	undefined4	3	false	\N	false	59a919ed-59a91a20	\N	\N	undefined4 __thiscall FUN_59a919ed(wchar_t * param_1, size_t param_2)
59a91a26	FUN_59a91a26	FUN_59a91a26	Global	DEFAULT	ANALYSIS	__stdcall	undefined4 *	0	false	\N	false	59a91a26-59a91a72	\N	\N	undefined4 * __stdcall FUN_59a91a26(void)
59a91abe	FUN_59a91abe	FUN_59a91abe	Global	DEFAULT	ANALYSIS	__stdcall	undefined	0	false	\N	false	59a91abe-59a91aed	\N	\N	undefined __stdcall FUN_59a91abe(void)
59a91af3	FUN_59a91af3	FUN_59a91af3	Global	DEFAULT	ANALYSIS	__thiscall	undefined	2	false	\N	false	59a91af3-59a91b12	\N	\N	undefined __thiscall FUN_59a91af3(wchar_t * param_1)
59a91b18	FUN_59a91b18	FUN_59a91b18	Global	DEFAULT	ANALYSIS	__stdcall	undefined4 *	0	false	\N	false	59a91b18-59a91b79	\N	\N	undefined4 * __stdcall FUN_59a91b18(void)
59a91bab	FUN_59a91bab	FUN_59a91bab	Global	DEFAULT	ANALYSIS	__fastcall	undefined4 *	1	false	\N	false	59a91bab-59a91bc8	\N	\N	undefined4 * __fastcall FUN_59a91bab(undefined4 * param_1)
59a91bfa	FUN_59a91bfa	FUN_59a91bfa	Global	DEFAULT	ANALYSIS	__fastcall	undefined4 *	1	false	\N	false	59a91bfa-59a91c1e	\N	\N	undefined4 * __fastcall FUN_59a91bfa(undefined4 * param_1)
59a91c39	FUN_59a91c39	FUN_59a91c39	Global	DEFAULT	ANALYSIS	__fastcall	undefined4 *	1	false	\N	false	59a91c39-59a91c56	\N	\N	undefined4 * __fastcall FUN_59a91c39(undefined4 * param_1)
59a91c65	FUN_59a91c65	FUN_59a91c65	Global	DEFAULT	ANALYSIS	__fastcall	undefined4 *	1	false	\N	false	59a91c65-59a91c82	\N	\N	undefined4 * __fastcall FUN_59a91c65(undefined4 * param_1)
59a91c91	thunk_FUN_59a91969	thunk_FUN_59a91969	Global	DEFAULT	ANALYSIS	__stdcall	undefined	0	true	FUN_59a91969	false	59a91c91-59a91c95	\N	\N	undefined __stdcall thunk_FUN_59a91969(void)
59a91c9b	FUN_59a91c9b	FUN_59a91c9b	Global	DEFAULT	ANALYSIS	__stdcall	undefined4	0	false	\N	false	59a91c9b-59a91e50	\N	\N	undefined4 __stdcall FUN_59a91c9b(void)
59a91e63	FUN_59a91e63	FUN_59a91e63	Global	DEFAULT	ANALYSIS	__fastcall	undefined4 *	1	false	\N	false	59a91e63-59a91e83	\N	\N	undefined4 * __fastcall FUN_59a91e63(undefined4 * param_1)
59a91e89	FUN_59a91e89	FUN_59a91e89	Global	DEFAULT	ANALYSIS	__stdcall	undefined4	3	false	\N	false	59a91e89-59a91ed4	\N	\N	undefined4 __stdcall FUN_59a91e89(int * param_1, int * param_2, undefined4 * param_3)
59a91ee9	FUN_59a91ee9	FUN_59a91ee9	Global	DEFAULT	ANALYSIS	__fastcall	undefined	1	false	\N	false	59a91ee9-59a91f05	\N	\N	undefined __fastcall FUN_59a91ee9(int param_1)
59a91f0b	FUN_59a91f0b	FUN_59a91f0b	Global	DEFAULT	ANALYSIS	__cdecl	undefined	1	false	\N	false	59a91f0b-59a91f30	\N	\N	undefined __cdecl FUN_59a91f0b(undefined4 param_1)
59a91f36	FUN_59a91f36	FUN_59a91f36	Global	DEFAULT	ANALYSIS	__stdcall	undefined	1	false	\N	false	59a91f36-59a91f3e	\N	\N	undefined __stdcall FUN_59a91f36(int * param_1)
59a91f44	FUN_59a91f44	FUN_59a91f44	Global	DEFAULT	ANALYSIS	__stdcall	undefined	1	false	\N	false	59a91f44-59a91f4c	\N	\N	undefined __stdcall FUN_59a91f44(int * param_1)
59a91f52	FUN_59a91f52	FUN_59a91f52	Global	DEFAULT	ANALYSIS	__stdcall	undefined	1	false	\N	false	59a91f52-59a91f5a	\N	\N	undefined __stdcall FUN_59a91f52(int * param_1)
59a91f60	FUN_59a91f60	FUN_59a91f60	Global	DEFAULT	ANALYSIS	__stdcall	undefined	1	false	\N	false	59a91f60-59a91f68	\N	\N	undefined __stdcall FUN_59a91f60(int * param_1)
59a91f6e	FUN_59a91f6e	FUN_59a91f6e	Global	DEFAULT	ANALYSIS	__stdcall	undefined	1	false	\N	false	59a91f6e-59a91f76	\N	\N	undefined __stdcall FUN_59a91f6e(int * param_1)
59a91f7c	FUN_59a91f7c	FUN_59a91f7c	Global	DEFAULT	ANALYSIS	__stdcall	undefined	1	false	\N	false	59a91f7c-59a91f84	\N	\N	undefined __stdcall FUN_59a91f7c(int * param_1)
59a91f8a	FUN_59a91f8a	FUN_59a91f8a	Global	DEFAULT	ANALYSIS	__stdcall	undefined	1	false	\N	false	59a91f8a-59a91f92	\N	\N	undefined __stdcall FUN_59a91f8a(int * param_1)
59a91f98	FUN_59a91f98	FUN_59a91f98	Global	DEFAULT	ANALYSIS	__stdcall	undefined	1	false	\N	false	59a91f98-59a91fa0	\N	\N	undefined __stdcall FUN_59a91f98(int * param_1)
59a91fa6	FUN_59a91fa6	FUN_59a91fa6	Global	DEFAULT	ANALYSIS	__stdcall	undefined	1	false	\N	false	59a91fa6-59a91fae	\N	\N	undefined __stdcall FUN_59a91fa6(int * param_1)
59a91fb4	FUN_59a91fb4	FUN_59a91fb4	Global	DEFAULT	ANALYSIS	__stdcall	undefined	1	false	\N	false	59a91fb4-59a91fbc	\N	\N	undefined __stdcall FUN_59a91fb4(int * param_1)
59a91fc2	FUN_59a91fc2	FUN_59a91fc2	Global	DEFAULT	ANALYSIS	__stdcall	undefined	1	false	\N	false	59a91fc2-59a91fca	\N	\N	undefined __stdcall FUN_59a91fc2(int * param_1)
59a91fd0	FUN_59a91fd0	FUN_59a91fd0	Global	DEFAULT	ANALYSIS	__stdcall	undefined	1	false	\N	false	59a91fd0-59a91fd8	\N	\N	undefined __stdcall FUN_59a91fd0(int * param_1)
59a91fde	FUN_59a91fde	FUN_59a91fde	Global	DEFAULT	ANALYSIS	__stdcall	undefined	1	false	\N	false	59a91fde-59a91fe6	\N	\N	undefined __stdcall FUN_59a91fde(int * param_1)
59a91fec	FUN_59a91fec	FUN_59a91fec	Global	DEFAULT	ANALYSIS	__stdcall	undefined	1	false	\N	false	59a91fec-59a91ff4	\N	\N	undefined __stdcall FUN_59a91fec(int * param_1)
59a91ffa	FUN_59a91ffa	FUN_59a91ffa	Global	DEFAULT	ANALYSIS	__stdcall	undefined	1	false	\N	false	59a91ffa-59a92002	\N	\N	undefined __stdcall FUN_59a91ffa(int * param_1)
59a92008	FUN_59a92008	FUN_59a92008	Global	DEFAULT	ANALYSIS	__stdcall	undefined	1	false	\N	false	59a92008-59a92010	\N	\N	undefined __stdcall FUN_59a92008(int * param_1)
59a92016	FUN_59a92016	FUN_59a92016	Global	DEFAULT	ANALYSIS	__stdcall	undefined	1	false	\N	false	59a92016-59a9201e	\N	\N	undefined __stdcall FUN_59a92016(int * param_1)
59a92024	FUN_59a92024	FUN_59a92024	Global	DEFAULT	ANALYSIS	__stdcall	undefined	1	false	\N	false	59a92024-59a9202c	\N	\N	undefined __stdcall FUN_59a92024(int * param_1)
59a92032	FUN_59a92032	FUN_59a92032	Global	DEFAULT	ANALYSIS	__stdcall	undefined	1	false	\N	false	59a92032-59a9203a	\N	\N	undefined __stdcall FUN_59a92032(int * param_1)
59a92040	FUN_59a92040	FUN_59a92040	Global	DEFAULT	ANALYSIS	__stdcall	undefined	1	false	\N	false	59a92040-59a92048	\N	\N	undefined __stdcall FUN_59a92040(int * param_1)
59a9204e	FUN_59a9204e	FUN_59a9204e	Global	DEFAULT	ANALYSIS	__stdcall	undefined	1	false	\N	false	59a9204e-59a92056	\N	\N	undefined __stdcall FUN_59a9204e(int * param_1)
59a92174	FUN_59a92174	FUN_59a92174	Global	DEFAULT	ANALYSIS	__stdcall	int	0	false	\N	false	59a92174-59a921eb	\N	\N	int __stdcall FUN_59a92174(void)
59a921f1	FUN_59a921f1	FUN_59a921f1	Global	DEFAULT	ANALYSIS	__stdcall	undefined4 *	0	false	\N	false	59a921f1-59a92234	\N	\N	undefined4 * __stdcall FUN_59a921f1(void)
59a9223a	FUN_59a9223a	FUN_59a9223a	Global	DEFAULT	ANALYSIS	__stdcall	undefined4	3	false	\N	false	59a9223a-59a92285	\N	\N	undefined4 __stdcall FUN_59a9223a(int * param_1, int * param_2, undefined4 * param_3)
59a922bd	FUN_59a922bd	FUN_59a922bd	Global	DEFAULT	ANALYSIS	__fastcall	undefined4 *	1	false	\N	false	59a922bd-59a922df	\N	\N	undefined4 * __fastcall FUN_59a922bd(undefined4 * param_1)
59a922e5	thunk_FUN_59a90bce	thunk_FUN_59a90bce	Global	DEFAULT	ANALYSIS	__stdcall	typedef LONG long	1	true	FUN_59a90bce	false	59a922e5-59a922e9	\N	\N	LONG __stdcall thunk_FUN_59a90bce(int * param_1)
59a92302	FUN_59a92302	FUN_59a92302	Global	DEFAULT	ANALYSIS	__thiscall	void *	6	false	\N	false	59a92302-59a92351	\N	\N	void * __thiscall FUN_59a92302(undefined4 param_1, undefined4 param_2, undefined4 param_3, int * param_4, int * param_5)
59a92361	FUN_59a92361	FUN_59a92361	Global	DEFAULT	ANALYSIS	__stdcall	int	0	false	\N	false	59a92361-59a923df	\N	\N	int __stdcall FUN_59a92361(void)
59a923e5	FUN_59a923e5	FUN_59a923e5	Global	DEFAULT	ANALYSIS	__fastcall	undefined	1	false	\N	false	59a923e5-59a92400	\N	\N	undefined __fastcall FUN_59a923e5(int param_1)
59a92429	FUN_59a92429	FUN_59a92429	Global	DEFAULT	ANALYSIS	__fastcall	undefined	1	false	\N	false	59a92429-59a92460	\N	\N	undefined __fastcall FUN_59a92429(undefined4 * param_1)
59a92466	FUN_59a92466	FUN_59a92466	Global	DEFAULT	ANALYSIS	__stdcall	undefined4	0	false	\N	false	59a92466-59a924c0	\N	\N	undefined4 __stdcall FUN_59a92466(void)
59a924c6	FUN_59a924c6	FUN_59a924c6	Global	DEFAULT	ANALYSIS	__thiscall	void *	2	false	\N	false	59a924c6-59a924f9	\N	\N	void * __thiscall FUN_59a924c6(int * param_1)
59a9254e	FUN_59a9254e	FUN_59a9254e	Global	DEFAULT	ANALYSIS	__stdcall	undefined	7	false	\N	false	59a9254e-59a92574	\N	\N	undefined __stdcall FUN_59a9254e(int param_1, undefined4 param_2, undefined4 param_3, undefined4 param_4, undefined4 param_5, undefined4 param_6, undefined4 param_7)
59a9257a	FUN_59a9257a	FUN_59a9257a	Global	DEFAULT	ANALYSIS	__stdcall	undefined	5	false	\N	false	59a9257a-59a925b6	\N	\N	undefined __stdcall FUN_59a9257a(int param_1, undefined4 param_2, undefined4 param_3, undefined4 param_4, undefined4 param_5)
59a925fe	FUN_59a925fe	FUN_59a925fe	Global	DEFAULT	ANALYSIS	__stdcall	int	3	false	\N	false	59a925fe-59a9264b	\N	\N	int __stdcall FUN_59a925fe(void * param_1, int param_2, undefined4 param_3)
59a92651	FUN_59a92651	FUN_59a92651	Global	DEFAULT	ANALYSIS	__thiscall	int	2	false	\N	false	59a92651-59a9266f	\N	\N	int __thiscall FUN_59a92651(int param_1)
59a92675	FUN_59a92675	FUN_59a92675	Global	DEFAULT	ANALYSIS	__thiscall	int	2	false	\N	false	59a92675-59a92693	\N	\N	int __thiscall FUN_59a92675(int param_1)
59a92699	FUN_59a92699	FUN_59a92699	Global	DEFAULT	ANALYSIS	__stdcall	undefined	4	false	\N	false	59a92699-59a926c5	\N	\N	undefined __stdcall FUN_59a92699(void * param_1, int param_2, undefined4 param_3, undefined4 param_4)
59a926cb	FUN_59a926cb	FUN_59a926cb	Global	DEFAULT	ANALYSIS	__thiscall	void *	2	false	\N	false	59a926cb-59a926e8	\N	\N	void * __thiscall FUN_59a926cb(byte param_1)
59a92711	FUN_59a92711	FUN_59a92711	Global	DEFAULT	ANALYSIS	__fastcall	undefined	1	false	\N	false	59a92711-59a9272a	\N	\N	undefined __fastcall FUN_59a92711(undefined4 * param_1)
59a92730	FUN_59a92730	FUN_59a92730	Global	DEFAULT	ANALYSIS	__stdcall	undefined4	0	false	\N	false	59a92730-59a92817	\N	\N	undefined4 __stdcall FUN_59a92730(void)
59a9281d	FUN_59a9281d	FUN_59a9281d	Global	DEFAULT	ANALYSIS	__stdcall	undefined4 *	0	false	\N	false	59a9281d-59a9287a	\N	\N	undefined4 * __stdcall FUN_59a9281d(void)
59a92880	FUN_59a92880	FUN_59a92880	Global	DEFAULT	ANALYSIS	__stdcall	undefined4	3	false	\N	false	59a92880-59a928f1	\N	\N	undefined4 __stdcall FUN_59a92880(int * param_1, int * param_2, uint * param_3)
59a92945	FUN_59a92945	FUN_59a92945	Global	DEFAULT	ANALYSIS	__fastcall	undefined	1	false	\N	false	59a92945-59a92952	\N	\N	undefined __fastcall FUN_59a92945(int param_1)
59a92958	FUN_59a92958	FUN_59a92958	Global	DEFAULT	ANALYSIS	__thiscall	undefined	2	false	\N	false	59a92958-59a929ca	\N	\N	undefined __thiscall FUN_59a92958(undefined4 * param_1)
59a929d0	FUN_59a929d0	FUN_59a929d0	Global	DEFAULT	ANALYSIS	__stdcall	undefined4	4	false	\N	false	59a929d0-59a92a3b	\N	\N	undefined4 __stdcall FUN_59a929d0(undefined4 param_1, uint param_2, int param_3, undefined4 * param_4)
59a92c42	FUN_59a92c42	FUN_59a92c42	Global	DEFAULT	ANALYSIS	__thiscall	bool	2	false	\N	false	59a92c42-59a92c5e	\N	\N	bool __thiscall FUN_59a92c42(undefined4 * param_1)
59a92c8f	FUN_59a92c8f	FUN_59a92c8f	Global	DEFAULT	ANALYSIS	__thiscall	bool	2	false	\N	false	59a92c8f-59a92cb3	\N	\N	bool __thiscall FUN_59a92c8f(undefined4 * param_1)
59a92ce4	FUN_59a92ce4	FUN_59a92ce4	Global	DEFAULT	ANALYSIS	__thiscall	uint	2	false	\N	false	59a92ce4-59a92d02	\N	\N	uint __thiscall FUN_59a92ce4(undefined4 * param_1)
59a92d33	FUN_59a92d33	FUN_59a92d33	Global	DEFAULT	ANALYSIS	__thiscall	bool	2	false	\N	false	59a92d33-59a92d57	\N	\N	bool __thiscall FUN_59a92d33(undefined4 * param_1)
59a92d88	FUN_59a92d88	FUN_59a92d88	Global	DEFAULT	ANALYSIS	__thiscall	bool	2	false	\N	false	59a92d88-59a92dac	\N	\N	bool __thiscall FUN_59a92d88(undefined4 * param_1)
59a92ddd	FUN_59a92ddd	FUN_59a92ddd	Global	DEFAULT	ANALYSIS	__thiscall	uint	2	false	\N	false	59a92ddd-59a92dfb	\N	\N	uint __thiscall FUN_59a92ddd(undefined4 * param_1)
59a92e2c	FUN_59a92e2c	FUN_59a92e2c	Global	DEFAULT	ANALYSIS	__thiscall	uint	2	false	\N	false	59a92e2c-59a92e4a	\N	\N	uint __thiscall FUN_59a92e2c(undefined4 * param_1)
59a92e7b	FUN_59a92e7b	FUN_59a92e7b	Global	DEFAULT	ANALYSIS	__thiscall	uint	2	false	\N	false	59a92e7b-59a92e99	\N	\N	uint __thiscall FUN_59a92e7b(undefined4 * param_1)
59a92eca	FUN_59a92eca	FUN_59a92eca	Global	DEFAULT	ANALYSIS	__thiscall	uint	2	false	\N	false	59a92eca-59a92ee8	\N	\N	uint __thiscall FUN_59a92eca(undefined4 * param_1)
59a92f19	FUN_59a92f19	FUN_59a92f19	Global	DEFAULT	ANALYSIS	__thiscall	uint	2	false	\N	false	59a92f19-59a92f37	\N	\N	uint __thiscall FUN_59a92f19(undefined4 * param_1)
59a92f68	FUN_59a92f68	FUN_59a92f68	Global	DEFAULT	ANALYSIS	__thiscall	uint	2	false	\N	false	59a92f68-59a92f86	\N	\N	uint __thiscall FUN_59a92f68(undefined4 * param_1)
59a92fb7	FUN_59a92fb7	FUN_59a92fb7	Global	DEFAULT	ANALYSIS	__thiscall	uint	2	false	\N	false	59a92fb7-59a92fd5	\N	\N	uint __thiscall FUN_59a92fb7(undefined4 * param_1)
59a93006	FUN_59a93006	FUN_59a93006	Global	DEFAULT	ANALYSIS	__thiscall	uint	2	false	\N	false	59a93006-59a93024	\N	\N	uint __thiscall FUN_59a93006(undefined4 * param_1)
59a93055	FUN_59a93055	FUN_59a93055	Global	DEFAULT	ANALYSIS	__thiscall	uint	2	false	\N	false	59a93055-59a93073	\N	\N	uint __thiscall FUN_59a93055(undefined4 * param_1)
59a930da	FUN_59a930da	FUN_59a930da	Global	DEFAULT	ANALYSIS	__stdcall	int	2	false	\N	false	59a930da-59a93147	\N	\N	int __stdcall FUN_59a930da(int param_1, undefined4 * param_2)
59a9314d	FUN_59a9314d	FUN_59a9314d	Global	DEFAULT	ANALYSIS	__thiscall	void *	2	false	\N	false	59a9314d-59a9316a	\N	\N	void * __thiscall FUN_59a9314d(byte param_1)
59a93170	FUN_59a93170	FUN_59a93170	Global	DEFAULT	ANALYSIS	__thiscall	void *	2	false	\N	false	59a93170-59a9318d	\N	\N	void * __thiscall FUN_59a93170(byte param_1)
59a93193	FUN_59a93193	FUN_59a93193	Global	DEFAULT	ANALYSIS	__stdcall	undefined	0	false	\N	false	59a93193-59a931d8	\N	\N	undefined __stdcall FUN_59a93193(void)
59a931de	FUN_59a931de	FUN_59a931de	Global	DEFAULT	ANALYSIS	__stdcall	int *	4	false	\N	false	59a931de-59a93241	\N	\N	int * __stdcall FUN_59a931de(undefined4 param_1, uint param_2, int * param_3, int param_4)
59a93247	FUN_59a93247	FUN_59a93247	Global	DEFAULT	ANALYSIS	__stdcall	undefined *	1	false	\N	false	59a93247-59a9327a	\N	\N	undefined * __stdcall FUN_59a93247(int * param_1)
59a93280	FUN_59a93280	FUN_59a93280	Global	DEFAULT	ANALYSIS	__stdcall	undefined *	1	false	\N	false	59a93280-59a932bd	\N	\N	undefined * __stdcall FUN_59a93280(wchar_t * param_1)
59a932c3	FUN_59a932c3	FUN_59a932c3	Global	DEFAULT	ANALYSIS	__stdcall	undefined4	0	false	\N	false	59a932c3-59a93490	\N	\N	undefined4 __stdcall FUN_59a932c3(void)
59a93496	FUN_59a93496	FUN_59a93496	Global	DEFAULT	ANALYSIS	__stdcall	undefined4	2	false	\N	false	59a93496-59a93504	\N	\N	undefined4 __stdcall FUN_59a93496(int param_1, wchar_t * param_2)
59a9350a	FUN_59a9350a	FUN_59a9350a	Global	DEFAULT	ANALYSIS	__stdcall	undefined4	5	false	\N	false	59a9350a-59a93581	\N	\N	undefined4 __stdcall FUN_59a9350a(int param_1, wchar_t * param_2, int * param_3, int param_4, uint param_5)
59a93587	FUN_59a93587	FUN_59a93587	Global	DEFAULT	ANALYSIS	__stdcall	undefined4	2	false	\N	false	59a93587-59a935f5	\N	\N	undefined4 __stdcall FUN_59a93587(int param_1, IStream * param_2)
59a9362c	FUN_59a9362c	FUN_59a9362c	Global	DEFAULT	ANALYSIS	__stdcall	undefined4	0	false	\N	false	59a9362c-59a936be	\N	\N	undefined4 __stdcall FUN_59a9362c(void)
59a936c4	FUN_59a936c4	FUN_59a936c4	Global	DEFAULT	ANALYSIS	__thiscall	undefined4	2	false	\N	false	59a936c4-59a936e5	\N	\N	undefined4 __thiscall FUN_59a936c4(char param_1)
59a936eb	FUN_59a936eb	FUN_59a936eb	Global	DEFAULT	ANALYSIS	__thiscall	undefined	3	false	\N	false	59a936eb-59a93708	\N	\N	undefined __thiscall FUN_59a936eb(int * param_1, char param_2)
59a9370e	FUN_59a9370e	FUN_59a9370e	Global	DEFAULT	ANALYSIS	__thiscall	undefined	3	false	\N	false	59a9370e-59a93765	\N	\N	undefined __thiscall FUN_59a9370e(int * param_1, char param_2)
59a9376b	FUN_59a9376b	FUN_59a9376b	Global	DEFAULT	ANALYSIS	__stdcall	undefined	0	false	\N	false	59a9376b-59a93844	\N	\N	undefined __stdcall FUN_59a9376b(void)
59a9384a	FUN_59a9384a	FUN_59a9384a	Global	DEFAULT	ANALYSIS	__stdcall	undefined4	3	false	\N	false	59a9384a-59a93895	\N	\N	undefined4 __stdcall FUN_59a9384a(int * param_1, int * param_2, undefined4 * param_3)
59a93914	FUN_59a93914	FUN_59a93914	Global	DEFAULT	ANALYSIS	__stdcall	int	0	false	\N	false	59a93914-59a93a7e	\N	\N	int __stdcall FUN_59a93914(void)
59a93a84	FUN_59a93a84	FUN_59a93a84	Global	DEFAULT	ANALYSIS	__thiscall	void *	2	false	\N	false	59a93a84-59a93adf	\N	\N	void * __thiscall FUN_59a93a84(undefined4 param_1)
59a93ae5	FUN_59a93ae5	FUN_59a93ae5	Global	DEFAULT	ANALYSIS	__thiscall	void *	2	false	\N	false	59a93ae5-59a93b02	\N	\N	void * __thiscall FUN_59a93ae5(byte param_1)
59a93b08	FUN_59a93b08	FUN_59a93b08	Global	DEFAULT	ANALYSIS	__stdcall	undefined	0	false	\N	false	59a93b08-59a93bb1	\N	\N	undefined __stdcall FUN_59a93b08(void)
59a93bb7	FUN_59a93bb7	FUN_59a93bb7	Global	DEFAULT	ANALYSIS	__stdcall	undefined4	0	false	\N	false	59a93bb7-59a93cd1	\N	\N	undefined4 __stdcall FUN_59a93bb7(void)
59a93cd7	FUN_59a93cd7	FUN_59a93cd7	Global	DEFAULT	ANALYSIS	__thiscall	uint	5	false	\N	false	59a93cd7-59a93e2b	\N	\N	uint __thiscall FUN_59a93cd7(byte * param_1, int param_2, int param_3, uint param_4)
59a93e31	FUN_59a93e31	FUN_59a93e31	Global	DEFAULT	ANALYSIS	__cdecl	uint	4	false	\N	false	59a93e31-59a940a6	\N	\N	uint __cdecl FUN_59a93e31(ushort * param_1, int param_2, int param_3, uint param_4)
59a940ac	FUN_59a940ac	FUN_59a940ac	Global	DEFAULT	ANALYSIS	__cdecl	int	2	false	\N	false	59a940ac-59a94114	\N	\N	int __cdecl FUN_59a940ac(byte * param_1, int param_2)
59a9411a	FUN_59a9411a	FUN_59a9411a	Global	DEFAULT	DEFAULT	unknown	undefined	0	false	\N	false	59a9411a-59a941a4	\N	\N	undefined FUN_59a9411a()
59a941aa	FUN_59a941aa	FUN_59a941aa	Global	DEFAULT	ANALYSIS	__cdecl	undefined	3	false	\N	false	59a941aa-59a941d0	\N	\N	undefined __cdecl FUN_59a941aa(byte * param_1, int param_2, uint param_3)
59a941d6	FUN_59a941d6	FUN_59a941d6	Global	DEFAULT	ANALYSIS	__cdecl	undefined	3	false	\N	false	59a941d6-59a941f7	\N	\N	undefined __cdecl FUN_59a941d6(wchar_t * param_1, int param_2, uint param_3)
59a941fd	FUN_59a941fd	FUN_59a941fd	Global	DEFAULT	ANALYSIS	__cdecl	undefined	1	false	\N	false	59a941fd-59a9421a	\N	\N	undefined __cdecl FUN_59a941fd(byte * param_1)
59a94220	FUN_59a94220	FUN_59a94220	Global	DEFAULT	ANALYSIS	__cdecl	undefined	1	false	\N	false	59a94220-59a94238	\N	\N	undefined __cdecl FUN_59a94220(wchar_t * param_1)
59a9423e	FUN_59a9423e	FUN_59a9423e	Global	DEFAULT	ANALYSIS	__thiscall	void *	2	false	\N	false	59a9423e-59a9425c	\N	\N	void * __thiscall FUN_59a9423e(wchar_t * param_1)
59a94262	FUN_59a94262	FUN_59a94262	Global	DEFAULT	ANALYSIS	__fastcall	undefined	1	false	\N	false	59a94262-59a9426a	\N	\N	undefined __fastcall FUN_59a94262(undefined4 * param_1)
59a94270	FUN_59a94270	FUN_59a94270	Global	DEFAULT	ANALYSIS	__fastcall	undefined	1	false	\N	false	59a94270-59a94279	\N	\N	undefined __fastcall FUN_59a94270(int param_1)
59a9427f	FUN_59a9427f	FUN_59a9427f	Global	DEFAULT	ANALYSIS	__stdcall	uint	1	false	\N	false	59a9427f-59a94299	\N	\N	uint __stdcall FUN_59a9427f(int param_1)
59a9429f	FUN_59a9429f	FUN_59a9429f	Global	DEFAULT	ANALYSIS	__stdcall	undefined4	0	false	\N	false	59a9429f-59a9431e	\N	\N	undefined4 __stdcall FUN_59a9429f(void)
59a94324	FUN_59a94324	FUN_59a94324	Global	DEFAULT	ANALYSIS	__thiscall	undefined	7	false	\N	false	59a94324-59a945a1	\N	\N	undefined __thiscall FUN_59a94324(uint param_1, int param_2, uint param_3, uint param_4, uint param_5, int * param_6)
59a945a7	FUN_59a945a7	FUN_59a945a7	Global	DEFAULT	ANALYSIS	__thiscall	undefined	2	false	\N	false	59a945a7-59a945f2	\N	\N	undefined __thiscall FUN_59a945a7(undefined4 * param_1)
59a945f8	FUN_59a945f8	FUN_59a945f8	Global	DEFAULT	ANALYSIS	__thiscall	undefined	3	false	\N	false	59a945f8-59a9461e	\N	\N	undefined __thiscall FUN_59a945f8(undefined4 param_1, undefined4 * param_2)
59a94624	FUN_59a94624	FUN_59a94624	Global	DEFAULT	ANALYSIS	__thiscall	int	3	false	\N	false	59a94624-59a94648	\N	\N	int __thiscall FUN_59a94624(undefined4 param_1, int * param_2)
59a9464e	FUN_59a9464e	FUN_59a9464e	Global	DEFAULT	ANALYSIS	__thiscall	undefined4	2	false	\N	false	59a9464e-59a946a9	\N	\N	undefined4 __thiscall FUN_59a9464e(char param_1)
59a946af	FUN_59a946af	FUN_59a946af	Global	DEFAULT	ANALYSIS	__fastcall	undefined1	1	false	\N	false	59a946af-59a946ea	\N	\N	undefined1 __fastcall FUN_59a946af(int param_1)
59a946f0	FUN_59a946f0	FUN_59a946f0	Global	DEFAULT	ANALYSIS	__stdcall	int	3	false	\N	false	59a946f0-59a947bd	\N	\N	int __stdcall FUN_59a946f0(int param_1, int * param_2, int * param_3)
59a947c3	FUN_59a947c3	FUN_59a947c3	Global	DEFAULT	ANALYSIS	__thiscall	undefined4	2	false	\N	false	59a947c3-59a94838	\N	\N	undefined4 __thiscall FUN_59a947c3(undefined4 param_1)
59a9483e	FUN_59a9483e	FUN_59a9483e	Global	DEFAULT	ANALYSIS	__thiscall	undefined4	3	false	\N	false	59a9483e-59a9487f	\N	\N	undefined4 __thiscall FUN_59a9483e(undefined4 param_1, int param_2)
59a94885	FUN_59a94885	FUN_59a94885	Global	DEFAULT	ANALYSIS	__thiscall	uint	4	false	\N	false	59a94885-59a94917	\N	\N	uint __thiscall FUN_59a94885(int param_1, undefined4 param_2, int param_3)
59a94a0a	FUN_59a94a0a	FUN_59a94a0a	Global	DEFAULT	ANALYSIS	__thiscall	undefined4	2	false	\N	false	59a94a0a-59a94afa	\N	\N	undefined4 __thiscall FUN_59a94a0a(uint * param_1)
59a94b00	FUN_59a94b00	FUN_59a94b00	Global	DEFAULT	ANALYSIS	__fastcall	int	1	false	\N	false	59a94b00-59a94bd9	\N	\N	int __fastcall FUN_59a94b00(void * param_1)
59a94bdf	FUN_59a94bdf	FUN_59a94bdf	Global	DEFAULT	ANALYSIS	__fastcall	undefined4 *	1	false	\N	false	59a94bdf-59a94bff	\N	\N	undefined4 * __fastcall FUN_59a94bdf(undefined4 * param_1)
59a94c05	FUN_59a94c05	FUN_59a94c05	Global	DEFAULT	ANALYSIS	__stdcall	undefined4	4	false	\N	false	59a94c05-59a94c70	\N	\N	undefined4 __stdcall FUN_59a94c05(undefined4 param_1, uint param_2, int param_3, undefined4 * param_4)
59a94e4c	FUN_59a94e4c	FUN_59a94e4c	Global	DEFAULT	ANALYSIS	__thiscall	undefined	2	false	\N	false	59a94e4c-59a94e64	\N	\N	undefined __thiscall FUN_59a94e4c(wchar_t * param_1)
59a94e6a	FUN_59a94e6a	FUN_59a94e6a	Global	DEFAULT	ANALYSIS	__fastcall	int	1	false	\N	false	59a94e6a-59a94e80	\N	\N	int __fastcall FUN_59a94e6a(int param_1)
59a94e86	FUN_59a94e86	FUN_59a94e86	Global	DEFAULT	ANALYSIS	__thiscall	void *	5	false	\N	false	59a94e86-59a94eb0	\N	\N	void * __thiscall FUN_59a94e86(int * param_1, int * param_2, undefined4 param_3, undefined4 param_4)
59a94eb6	FUN_59a94eb6	FUN_59a94eb6	Global	DEFAULT	ANALYSIS	__thiscall	void *	5	false	\N	false	59a94eb6-59a94ee0	\N	\N	void * __thiscall FUN_59a94eb6(int * param_1, int * param_2, undefined4 param_3, undefined4 param_4)
59a94ee6	FUN_59a94ee6	FUN_59a94ee6	Global	DEFAULT	ANALYSIS	__stdcall	undefined4 *	0	false	\N	false	59a94ee6-59a94f41	\N	\N	undefined4 * __stdcall FUN_59a94ee6(void)
59a94f6a	FUN_59a94f6a	FUN_59a94f6a	Global	DEFAULT	ANALYSIS	__fastcall	undefined	1	false	\N	false	59a94f6a-59a94f85	\N	\N	undefined __fastcall FUN_59a94f6a(undefined4 * param_1)
59a94f8b	FUN_59a94f8b	FUN_59a94f8b	Global	DEFAULT	ANALYSIS	__stdcall	undefined4 *	0	false	\N	false	59a94f8b-59a94fec	\N	\N	undefined4 * __stdcall FUN_59a94f8b(void)
59a94ff2	FUN_59a94ff2	FUN_59a94ff2	Global	DEFAULT	ANALYSIS	__thiscall	void *	5	false	\N	false	59a94ff2-59a95019	\N	\N	void * __thiscall FUN_59a94ff2(int * param_1, int * param_2, undefined4 param_3, undefined4 param_4)
59a9501f	FUN_59a9501f	FUN_59a9501f	Global	DEFAULT	ANALYSIS	__thiscall	void *	5	false	\N	false	59a9501f-59a95046	\N	\N	void * __thiscall FUN_59a9501f(int * param_1, int * param_2, undefined4 param_3, undefined4 param_4)
59a9504c	FUN_59a9504c	FUN_59a9504c	Global	DEFAULT	ANALYSIS	__stdcall	undefined4	0	false	\N	false	59a9504c-59a95180	\N	\N	undefined4 __stdcall FUN_59a9504c(void)
59a95186	FUN_59a95186	FUN_59a95186	Global	DEFAULT	ANALYSIS	__thiscall	undefined	2	false	\N	false	59a95186-59a95308	\N	\N	undefined __thiscall FUN_59a95186(uint * param_1)
59a9530e	FUN_59a9530e	FUN_59a9530e	Global	DEFAULT	ANALYSIS	__thiscall	undefined	2	false	\N	false	59a9530e-59a9534a	\N	\N	undefined __thiscall FUN_59a9530e(uint * param_1)
59a95350	FUN_59a95350	FUN_59a95350	Global	DEFAULT	ANALYSIS	__fastcall	int	1	false	\N	false	59a95350-59a953ab	\N	\N	int __fastcall FUN_59a95350(void * param_1)
59a953b1	FUN_59a953b1	FUN_59a953b1	Global	DEFAULT	ANALYSIS	__thiscall	undefined	2	false	\N	false	59a953b1-59a954df	\N	\N	undefined __thiscall FUN_59a953b1(uint * param_1)
59a95518	FUN_59a95518	FUN_59a95518	Global	DEFAULT	ANALYSIS	__thiscall	undefined	2	false	\N	false	59a95518-59a955a2	\N	\N	undefined __thiscall FUN_59a95518(int param_1)
59a955a8	FUN_59a955a8	FUN_59a955a8	Global	DEFAULT	ANALYSIS	__stdcall	int	0	false	\N	false	59a955a8-59a95836	\N	\N	int __stdcall FUN_59a955a8(void)
59a9583c	FUN_59a9583c	FUN_59a9583c	Global	DEFAULT	ANALYSIS	__thiscall	undefined	2	false	\N	false	59a9583c-59a95881	\N	\N	undefined __thiscall FUN_59a9583c(uint * param_1)
59a95887	FUN_59a95887	FUN_59a95887	Global	DEFAULT	ANALYSIS	__stdcall	undefined4	0	false	\N	false	59a95887-59a95a13	\N	\N	undefined4 __stdcall FUN_59a95887(void)
59a95a43	FUN_59a95a43	FUN_59a95a43	Global	DEFAULT	ANALYSIS	__stdcall	int	0	false	\N	false	59a95a43-59a95bab	\N	\N	int __stdcall FUN_59a95a43(void)
59a95c12	FUN_59a95c12	FUN_59a95c12	Global	DEFAULT	ANALYSIS	__stdcall	int	2	false	\N	false	59a95c12-59a95c7f	\N	\N	int __stdcall FUN_59a95c12(int param_1, undefined4 * param_2)
59a95c85	FUN_59a95c85	FUN_59a95c85	Global	DEFAULT	ANALYSIS	__thiscall	void *	5	false	\N	false	59a95c85-59a95caf	\N	\N	void * __thiscall FUN_59a95c85(int * param_1, int * param_2, undefined4 param_3, undefined4 param_4)
59a95cb5	FUN_59a95cb5	FUN_59a95cb5	Global	DEFAULT	ANALYSIS	__thiscall	void *	5	false	\N	false	59a95cb5-59a95cdf	\N	\N	void * __thiscall FUN_59a95cb5(int * param_1, int * param_2, undefined4 param_3, undefined4 param_4)
59a95ce5	FUN_59a95ce5	FUN_59a95ce5	Global	DEFAULT	ANALYSIS	__thiscall	undefined	2	false	\N	false	59a95ce5-59a95d27	\N	\N	undefined __thiscall FUN_59a95ce5(uint * param_1)
59a95d2d	FUN_59a95d2d	FUN_59a95d2d	Global	DEFAULT	ANALYSIS	__thiscall	void *	3	false	\N	false	59a95d2d-59a95d7e	\N	\N	void * __thiscall FUN_59a95d2d(int * param_1, undefined4 * param_2)
59a95d84	FUN_59a95d84	FUN_59a95d84	Global	DEFAULT	ANALYSIS	__stdcall	undefined4	3	false	\N	false	59a95d84-59a95df5	\N	\N	undefined4 __stdcall FUN_59a95d84(int * param_1, int * param_2, uint * param_3)
59a95e51	FUN_59a95e51	FUN_59a95e51	Global	DEFAULT	ANALYSIS	__thiscall	uint	2	false	\N	false	59a95e51-59a95e6e	\N	\N	uint __thiscall FUN_59a95e51(undefined4 * param_1)
59a95e9f	FUN_59a95e9f	FUN_59a95e9f	Global	DEFAULT	ANALYSIS	__thiscall	uint	2	false	\N	false	59a95e9f-59a95ebd	\N	\N	uint __thiscall FUN_59a95e9f(undefined4 * param_1)
59a95eee	FUN_59a95eee	FUN_59a95eee	Global	DEFAULT	ANALYSIS	__thiscall	uint	2	false	\N	false	59a95eee-59a95f0c	\N	\N	uint __thiscall FUN_59a95eee(undefined4 * param_1)
59a95f3d	FUN_59a95f3d	FUN_59a95f3d	Global	DEFAULT	ANALYSIS	__thiscall	uint	2	false	\N	false	59a95f3d-59a95f5b	\N	\N	uint __thiscall FUN_59a95f3d(undefined4 * param_1)
59a95f8c	FUN_59a95f8c	FUN_59a95f8c	Global	DEFAULT	ANALYSIS	__thiscall	uint	2	false	\N	false	59a95f8c-59a95faa	\N	\N	uint __thiscall FUN_59a95f8c(undefined4 * param_1)
59a95fdb	FUN_59a95fdb	FUN_59a95fdb	Global	DEFAULT	ANALYSIS	__thiscall	uint	2	false	\N	false	59a95fdb-59a95ffa	\N	\N	uint __thiscall FUN_59a95fdb(uint * param_1)
59a9602b	FUN_59a9602b	FUN_59a9602b	Global	DEFAULT	ANALYSIS	__thiscall	uint	2	false	\N	false	59a9602b-59a9604a	\N	\N	uint __thiscall FUN_59a9602b(uint * param_1)
59a9607b	FUN_59a9607b	FUN_59a9607b	Global	DEFAULT	ANALYSIS	__thiscall	uint	2	false	\N	false	59a9607b-59a9609c	\N	\N	uint __thiscall FUN_59a9607b(uint * param_1)
59a960cd	FUN_59a960cd	FUN_59a960cd	Global	DEFAULT	ANALYSIS	__thiscall	uint	2	false	\N	false	59a960cd-59a960f0	\N	\N	uint __thiscall FUN_59a960cd(uint * param_1)
59a96121	FUN_59a96121	FUN_59a96121	Global	DEFAULT	ANALYSIS	__thiscall	uint	2	false	\N	false	59a96121-59a96145	\N	\N	uint __thiscall FUN_59a96121(uint * param_1)
59a96176	FUN_59a96176	FUN_59a96176	Global	DEFAULT	ANALYSIS	__thiscall	uint	2	false	\N	false	59a96176-59a96195	\N	\N	uint __thiscall FUN_59a96176(uint * param_1)
59a9619b	FUN_59a9619b	FUN_59a9619b	Global	DEFAULT	ANALYSIS	__stdcall	undefined4	2	false	\N	false	59a9619b-59a961e2	\N	\N	undefined4 __stdcall FUN_59a9619b(int param_1, wchar_t * param_2)
59a961e8	FUN_59a961e8	FUN_59a961e8	Global	DEFAULT	ANALYSIS	__thiscall	bool	2	false	\N	false	59a961e8-59a96205	\N	\N	bool __thiscall FUN_59a961e8(undefined4 * param_1)
59a96236	FUN_59a96236	FUN_59a96236	Global	DEFAULT	ANALYSIS	__thiscall	uint	2	false	\N	false	59a96236-59a96254	\N	\N	uint __thiscall FUN_59a96236(undefined4 * param_1)
59a96285	FUN_59a96285	FUN_59a96285	Global	DEFAULT	ANALYSIS	__thiscall	uint	2	false	\N	false	59a96285-59a962a3	\N	\N	uint __thiscall FUN_59a96285(undefined4 * param_1)
59a962d4	FUN_59a962d4	FUN_59a962d4	Global	DEFAULT	ANALYSIS	__thiscall	bool	2	false	\N	false	59a962d4-59a962f8	\N	\N	bool __thiscall FUN_59a962d4(undefined4 * param_1)
59a96329	FUN_59a96329	FUN_59a96329	Global	DEFAULT	ANALYSIS	__thiscall	uint	2	false	\N	false	59a96329-59a96347	\N	\N	uint __thiscall FUN_59a96329(undefined4 * param_1)
59a9634d	FUN_59a9634d	FUN_59a9634d	Global	DEFAULT	ANALYSIS	__thiscall	void *	2	false	\N	false	59a9634d-59a9636a	\N	\N	void * __thiscall FUN_59a9634d(byte param_1)
59a96370	FUN_59a96370	FUN_59a96370	Global	DEFAULT	ANALYSIS	__fastcall	undefined	1	false	\N	false	59a96370-59a96393	\N	\N	undefined __fastcall FUN_59a96370(int param_1)
59a963bc	thunk_FUN_59a92429	thunk_FUN_59a92429	Global	DEFAULT	ANALYSIS	__fastcall	undefined	1	true	FUN_59a92429	false	59a963bc-59a963c0	\N	\N	undefined __fastcall thunk_FUN_59a92429(undefined4 * param_1)
59a963c6	FUN_59a963c6	FUN_59a963c6	Global	DEFAULT	ANALYSIS	__thiscall	uint	4	false	\N	false	59a963c6-59a96425	\N	\N	uint __thiscall FUN_59a963c6(int param_1, undefined4 param_2, int param_3)
59a9642b	FUN_59a9642b	FUN_59a9642b	Global	DEFAULT	ANALYSIS	__stdcall	undefined4	0	false	\N	false	59a9642b-59a964f1	\N	\N	undefined4 __stdcall FUN_59a9642b(void)
59a964f7	FUN_59a964f7	FUN_59a964f7	Global	DEFAULT	ANALYSIS	__stdcall	int	0	false	\N	false	59a964f7-59a96926	\N	\N	int __stdcall FUN_59a964f7(void)
59a9692c	FUN_59a9692c	FUN_59a9692c	Global	DEFAULT	ANALYSIS	__stdcall	undefined	3	false	\N	false	59a9692c-59a969b3	\N	\N	undefined __stdcall FUN_59a9692c(int * param_1, int * param_2, undefined4 param_3)
59a969b9	FUN_59a969b9	FUN_59a969b9	Global	DEFAULT	ANALYSIS	__stdcall	int *	4	false	\N	false	59a969b9-59a96a1c	\N	\N	int * __stdcall FUN_59a969b9(undefined4 param_1, uint param_2, int * param_3, int param_4)
59a96a22	FUN_59a96a22	FUN_59a96a22	Global	DEFAULT	ANALYSIS	__stdcall	undefined *	1	false	\N	false	59a96a22-59a96a55	\N	\N	undefined * __stdcall FUN_59a96a22(int * param_1)
59a96a5b	FUN_59a96a5b	FUN_59a96a5b	Global	DEFAULT	ANALYSIS	__stdcall	undefined *	1	false	\N	false	59a96a5b-59a96a98	\N	\N	undefined * __stdcall FUN_59a96a5b(wchar_t * param_1)
59a96a9e	FUN_59a96a9e	FUN_59a96a9e	Global	DEFAULT	ANALYSIS	__stdcall	undefined4	0	false	\N	false	59a96a9e-59a96c6b	\N	\N	undefined4 __stdcall FUN_59a96a9e(void)
59a96c71	FUN_59a96c71	FUN_59a96c71	Global	DEFAULT	ANALYSIS	__fastcall	undefined	1	false	\N	false	59a96c71-59a96d3b	\N	\N	undefined __fastcall FUN_59a96c71(void * param_1)
59a96d41	FUN_59a96d41	FUN_59a96d41	Global	DEFAULT	ANALYSIS	__fastcall	undefined	1	false	\N	false	59a96d41-59a96d62	\N	\N	undefined __fastcall FUN_59a96d41(int param_1)
59a96d68	FUN_59a96d68	FUN_59a96d68	Global	DEFAULT	ANALYSIS	__stdcall	int	0	false	\N	false	59a96d68-59a96e17	\N	\N	int __stdcall FUN_59a96d68(void)
59a96e1d	FUN_59a96e1d	FUN_59a96e1d	Global	DEFAULT	ANALYSIS	__thiscall	uint	2	false	\N	false	59a96e1d-59a96e48	\N	\N	uint __thiscall FUN_59a96e1d(undefined4 * param_1)
59a96e4e	FUN_59a96e4e	FUN_59a96e4e	Global	DEFAULT	ANALYSIS	__thiscall	undefined4	2	false	\N	false	59a96e4e-59a96e79	\N	\N	undefined4 __thiscall FUN_59a96e4e(undefined4 * param_1)
59a96e7f	FUN_59a96e7f	FUN_59a96e7f	Global	DEFAULT	ANALYSIS	__thiscall	undefined	3	false	\N	false	59a96e7f-59a96eb0	\N	\N	undefined __thiscall FUN_59a96e7f(undefined4 param_1, undefined4 * param_2)
59a96eb6	FUN_59a96eb6	FUN_59a96eb6	Global	DEFAULT	ANALYSIS	__thiscall	undefined	3	false	\N	false	59a96eb6-59a96ece	\N	\N	undefined __thiscall FUN_59a96eb6(undefined4 param_1, undefined4 param_2)
59a96ed4	FUN_59a96ed4	FUN_59a96ed4	Global	DEFAULT	ANALYSIS	__thiscall	undefined4	2	false	\N	false	59a96ed4-59a972f1	\N	\N	undefined4 __thiscall FUN_59a96ed4(wchar_t * param_1)
59a972f7	FUN_59a972f7	FUN_59a972f7	Global	DEFAULT	ANALYSIS	__thiscall	int	2	false	\N	false	59a972f7-59a97365	\N	\N	int __thiscall FUN_59a972f7(int param_1)
59a9736b	FUN_59a9736b	FUN_59a9736b	Global	DEFAULT	ANALYSIS	__fastcall	int	1	false	\N	false	59a9736b-59a973fd	\N	\N	int __fastcall FUN_59a9736b(void * param_1)
59a97403	FUN_59a97403	FUN_59a97403	Global	DEFAULT	ANALYSIS	__fastcall	undefined4	1	false	\N	false	59a97403-59a974f9	\N	\N	undefined4 __fastcall FUN_59a97403(void * param_1)
59a974ff	FUN_59a974ff	FUN_59a974ff	Global	DEFAULT	ANALYSIS	__thiscall	void *	4	false	\N	false	59a974ff-59a97557	\N	\N	void * __thiscall FUN_59a974ff(undefined4 param_1, int * param_2, int * param_3)
59a9755d	FUN_59a9755d	FUN_59a9755d	Global	DEFAULT	ANALYSIS	__fastcall	undefined	1	false	\N	false	59a9755d-59a9757f	\N	\N	undefined __fastcall FUN_59a9755d(int * param_1)
59a97585	FUN_59a97585	FUN_59a97585	Global	DEFAULT	ANALYSIS	__fastcall	int	1	false	\N	false	59a97585-59a9764e	\N	\N	int __fastcall FUN_59a97585(int * param_1)
59a97654	FUN_59a97654	FUN_59a97654	Global	DEFAULT	ANALYSIS	__fastcall	int	1	false	\N	false	59a97654-59a97682	\N	\N	int __fastcall FUN_59a97654(int * param_1)
59a97688	FUN_59a97688	FUN_59a97688	Global	DEFAULT	ANALYSIS	__fastcall	int	1	false	\N	false	59a97688-59a976c6	\N	\N	int __fastcall FUN_59a97688(int * param_1)
59a976cc	FUN_59a976cc	FUN_59a976cc	Global	DEFAULT	ANALYSIS	__thiscall	uint	2	false	\N	false	59a976cc-59a976f6	\N	\N	uint __thiscall FUN_59a976cc(uint * param_1)
59a976fc	FUN_59a976fc	FUN_59a976fc	Global	DEFAULT	ANALYSIS	__thiscall	undefined4	2	false	\N	false	59a976fc-59a97725	\N	\N	undefined4 __thiscall FUN_59a976fc(uint param_1)
59a9772b	FUN_59a9772b	FUN_59a9772b	Global	DEFAULT	ANALYSIS	__cdecl	undefined	3	false	\N	false	59a9772b-59a97751	\N	\N	undefined __cdecl FUN_59a9772b(char * param_1, char * param_2, size_t param_3)
59a97757	FUN_59a97757	FUN_59a97757	Global	DEFAULT	ANALYSIS	__thiscall	void *	2	false	\N	false	59a97757-59a977b4	\N	\N	void * __thiscall FUN_59a97757(int * param_1)
59a977ba	FUN_59a977ba	FUN_59a977ba	Global	DEFAULT	ANALYSIS	__cdecl	undefined4	2	false	\N	false	59a977ba-59a97843	\N	\N	undefined4 __cdecl FUN_59a977ba(int param_1, int param_2)
59a97849	FUN_59a97849	FUN_59a97849	Global	DEFAULT	ANALYSIS	__thiscall	undefined4	3	false	\N	false	59a97849-59a9789e	\N	\N	undefined4 __thiscall FUN_59a97849(int * param_1, undefined4 param_2)
59a978a4	FUN_59a978a4	FUN_59a978a4	Global	DEFAULT	ANALYSIS	__thiscall	undefined4	2	false	\N	false	59a978a4-59a978e6	\N	\N	undefined4 __thiscall FUN_59a978a4(undefined4 param_1)
59a978ec	FUN_59a978ec	FUN_59a978ec	Global	DEFAULT	ANALYSIS	__thiscall	undefined4	3	false	\N	false	59a978ec-59a97935	\N	\N	undefined4 __thiscall FUN_59a978ec(undefined4 param_1, uint param_2)
59a9793b	FUN_59a9793b	FUN_59a9793b	Global	DEFAULT	ANALYSIS	__cdecl	byte *	4	false	\N	false	59a9793b-59a9797e	\N	\N	byte * __cdecl FUN_59a9793b(int * param_1, int param_2, byte * param_3, size_t param_4)
59a97984	FUN_59a97984	FUN_59a97984	Global	DEFAULT	ANALYSIS	__cdecl	undefined	5	false	\N	false	59a97984-59a97ac6	\N	\N	undefined __cdecl FUN_59a97984(int * param_1, undefined4 param_2, int * param_3, int param_4, char param_5)
59a97acc	FUN_59a97acc	FUN_59a97acc	Global	DEFAULT	ANALYSIS	__thiscall	undefined	2	false	\N	false	59a97acc-59a97afe	\N	\N	undefined __thiscall FUN_59a97acc(wchar_t * param_1)
59a97b04	FUN_59a97b04	FUN_59a97b04	Global	DEFAULT	ANALYSIS	__thiscall	undefined	3	false	\N	false	59a97b04-59a97b1c	\N	\N	undefined __thiscall FUN_59a97b04(wchar_t * param_1, int param_2)
59a97b41	FUN_59a97b41	FUN_59a97b41	Global	DEFAULT	ANALYSIS	__cdecl	bool	3	false	\N	false	59a97b41-59a97bce	\N	\N	bool __cdecl FUN_59a97b41(LPCWSTR param_1, undefined4 * param_2, DWORD * param_3)
59a97bd4	FUN_59a97bd4	FUN_59a97bd4	Global	DEFAULT	ANALYSIS	__fastcall	undefined	1	false	\N	false	59a97bd4-59a97beb	\N	\N	undefined __fastcall FUN_59a97bd4(int * param_1)
59a97bf1	FUN_59a97bf1	FUN_59a97bf1	Global	DEFAULT	ANALYSIS	__thiscall	undefined4	2	false	\N	false	59a97bf1-59a97c75	\N	\N	undefined4 __thiscall FUN_59a97bf1(uint param_1)
59a97c7b	FUN_59a97c7b	FUN_59a97c7b	Global	DEFAULT	ANALYSIS	__thiscall	void *	2	false	\N	false	59a97c7b-59a97cad	\N	\N	void * __thiscall FUN_59a97c7b(uint param_1)
59a97cb3	FUN_59a97cb3	FUN_59a97cb3	Global	DEFAULT	ANALYSIS	__thiscall	undefined4	2	false	\N	false	59a97cb3-59a97d17	\N	\N	undefined4 __thiscall FUN_59a97cb3(uint param_1)
59a97d1d	FUN_59a97d1d	FUN_59a97d1d	Global	DEFAULT	ANALYSIS	__thiscall	undefined4	3	false	\N	false	59a97d1d-59a97d4d	\N	\N	undefined4 __thiscall FUN_59a97d1d(uint param_1, int * param_2)
59a97d53	FUN_59a97d53	FUN_59a97d53	Global	DEFAULT	ANALYSIS	__thiscall	void *	2	false	\N	false	59a97d53-59a97d7a	\N	\N	void * __thiscall FUN_59a97d53(wchar_t * param_1)
59a97d80	FUN_59a97d80	FUN_59a97d80	Global	DEFAULT	ANALYSIS	__fastcall	undefined	1	false	\N	false	59a97d80-59a97d91	\N	\N	undefined __fastcall FUN_59a97d80(int param_1)
59a97d97	FUN_59a97d97	FUN_59a97d97	Global	DEFAULT	ANALYSIS	__stdcall	undefined	0	false	\N	false	59a97d97-59a97dde	\N	\N	undefined __stdcall FUN_59a97d97(void)
59a97de4	FUN_59a97de4	FUN_59a97de4	Global	DEFAULT	ANALYSIS	__fastcall	undefined	1	false	\N	false	59a97de4-59a97de8	\N	\N	undefined __fastcall FUN_59a97de4(int * param_1)
59a97dee	FUN_59a97dee	FUN_59a97dee	Global	DEFAULT	ANALYSIS	__stdcall	undefined	0	false	\N	false	59a97dee-59a97e55	\N	\N	undefined __stdcall FUN_59a97dee(void)
59a97e5b	FUN_59a97e5b	FUN_59a97e5b	Global	DEFAULT	ANALYSIS	__thiscall	undefined4	2	false	\N	false	59a97e5b-59a97e8f	\N	\N	undefined4 __thiscall FUN_59a97e5b(undefined4 * param_1)
59a97e95	FUN_59a97e95	FUN_59a97e95	Global	DEFAULT	ANALYSIS	__thiscall	undefined4	2	false	\N	false	59a97e95-59a97ec1	\N	\N	undefined4 __thiscall FUN_59a97e95(uint param_1)
59a97ec7	FUN_59a97ec7	FUN_59a97ec7	Global	DEFAULT	ANALYSIS	__thiscall	bool	2	false	\N	false	59a97ec7-59a97ef3	\N	\N	bool __thiscall FUN_59a97ec7(undefined4 * param_1)
59a97ef9	FUN_59a97ef9	FUN_59a97ef9	Global	DEFAULT	ANALYSIS	__thiscall	int	3	false	\N	false	59a97ef9-59a97f3c	\N	\N	int __thiscall FUN_59a97ef9(uint param_1, int * param_2)
59a97f42	FUN_59a97f42	FUN_59a97f42	Global	DEFAULT	ANALYSIS	__thiscall	short *	4	false	\N	false	59a97f42-59a97fa1	\N	\N	short * __thiscall FUN_59a97f42(short param_1, short * param_2, int * param_3)
59a97fa7	FUN_59a97fa7	FUN_59a97fa7	Global	DEFAULT	ANALYSIS	__stdcall	undefined1	0	false	\N	false	59a97fa7-59a9809f	\N	\N	undefined1 __stdcall FUN_59a97fa7(void)
59a980a5	FUN_59a980a5	FUN_59a980a5	Global	DEFAULT	ANALYSIS	__stdcall	int	0	false	\N	false	59a980a5-59a98161	\N	\N	int __stdcall FUN_59a980a5(void)
59a98167	FUN_59a98167	FUN_59a98167	Global	DEFAULT	ANALYSIS	__fastcall	undefined4	1	false	\N	false	59a98167-59a981db	\N	\N	undefined4 __fastcall FUN_59a98167(void * param_1)
59a981e1	FUN_59a981e1	FUN_59a981e1	Global	DEFAULT	ANALYSIS	__cdecl	undefined4	3	false	\N	false	59a981e1-59a982f0	\N	\N	undefined4 __cdecl FUN_59a981e1(ushort * param_1, uint * param_2, void * param_3)
59a982f6	FUN_59a982f6	FUN_59a982f6	Global	DEFAULT	ANALYSIS	__thiscall	bool	2	false	\N	false	59a982f6-59a9830d	\N	\N	bool __thiscall FUN_59a982f6(undefined4 * param_1)
59a98313	FUN_59a98313	FUN_59a98313	Global	DEFAULT	ANALYSIS	__thiscall	void *	2	false	\N	false	59a98313-59a9833c	\N	\N	void * __thiscall FUN_59a98313(wchar_t * param_1)
59a98342	FUN_59a98342	FUN_59a98342	Global	DEFAULT	ANALYSIS	__thiscall	undefined	3	false	\N	false	59a98342-59a9835a	\N	\N	undefined __thiscall FUN_59a98342(int param_1, undefined4 * param_2)
59a98399	FUN_59a98399	FUN_59a98399	Global	DEFAULT	ANALYSIS	__fastcall	undefined	1	false	\N	false	59a98399-59a98450	\N	\N	undefined __fastcall FUN_59a98399(wchar_t * param_1)
59a98456	FUN_59a98456	FUN_59a98456	Global	DEFAULT	ANALYSIS	__stdcall	void *	0	false	\N	false	59a98456-59a984bb	\N	\N	void * __stdcall FUN_59a98456(void)
59a984c1	FUN_59a984c1	FUN_59a984c1	Global	DEFAULT	ANALYSIS	__thiscall	undefined4	2	false	\N	false	59a984c1-59a984f0	\N	\N	undefined4 __thiscall FUN_59a984c1(uint param_1)
59a984f6	FUN_59a984f6	FUN_59a984f6	Global	DEFAULT	ANALYSIS	__thiscall	undefined4	2	false	\N	false	59a984f6-59a98521	\N	\N	undefined4 __thiscall FUN_59a984f6(uint param_1)
59a98527	FUN_59a98527	FUN_59a98527	Global	DEFAULT	ANALYSIS	__thiscall	undefined4	2	false	\N	false	59a98527-59a9855e	\N	\N	undefined4 __thiscall FUN_59a98527(uint param_1)
59a98564	FUN_59a98564	FUN_59a98564	Global	DEFAULT	ANALYSIS	__thiscall	undefined4	3	false	\N	false	59a98564-59a985d9	\N	\N	undefined4 __thiscall FUN_59a98564(uint param_1, uint * param_2)
59a985df	FUN_59a985df	FUN_59a985df	Global	DEFAULT	ANALYSIS	__thiscall	bool	2	false	\N	false	59a985df-59a98610	\N	\N	bool __thiscall FUN_59a985df(uint param_1)
59a98616	FUN_59a98616	FUN_59a98616	Global	DEFAULT	ANALYSIS	__thiscall	undefined4	3	false	\N	false	59a98616-59a98677	\N	\N	undefined4 __thiscall FUN_59a98616(uint param_1, undefined4 param_2)
59a9867d	FUN_59a9867d	FUN_59a9867d	Global	DEFAULT	ANALYSIS	__thiscall	bool	3	false	\N	false	59a9867d-59a986ae	\N	\N	bool __thiscall FUN_59a9867d(uint param_1, int * param_2)
59a986b4	FUN_59a986b4	FUN_59a986b4	Global	DEFAULT	ANALYSIS	__thiscall	undefined	2	false	\N	false	59a986b4-59a986fa	\N	\N	undefined __thiscall FUN_59a986b4(undefined4 * param_1)
59a98700	FUN_59a98700	FUN_59a98700	Global	DEFAULT	ANALYSIS	__thiscall	bool	3	false	\N	false	59a98700-59a98729	\N	\N	bool __thiscall FUN_59a98700(undefined4 * param_1, undefined4 * param_2)
59a9872f	FUN_59a9872f	FUN_59a9872f	Global	DEFAULT	ANALYSIS	__stdcall	undefined4	0	false	\N	false	59a9872f-59a987f5	\N	\N	undefined4 __stdcall FUN_59a9872f(void)
59a987fb	FUN_59a987fb	FUN_59a987fb	Global	DEFAULT	ANALYSIS	__stdcall	undefined	0	false	\N	false	59a987fb-59a98dcc	\N	\N	undefined __stdcall FUN_59a987fb(void)
59a98dd2	FUN_59a98dd2	FUN_59a98dd2	Global	DEFAULT	ANALYSIS	__cdecl	undefined4	5	false	\N	false	59a98dd2-59a98f8b	\N	\N	undefined4 __cdecl FUN_59a98dd2(int param_1, uint param_2, uint param_3, int * param_4, char param_5)
59a98f91	FUN_59a98f91	FUN_59a98f91	Global	DEFAULT	ANALYSIS	__stdcall	undefined	0	false	\N	false	59a98f91-59a991b5	\N	\N	undefined __stdcall FUN_59a98f91(void)
59a991bb	FUN_59a991bb	FUN_59a991bb	Global	DEFAULT	ANALYSIS	__stdcall	undefined4	5	false	\N	false	59a991bb-59a99224	\N	\N	undefined4 __stdcall FUN_59a991bb(int param_1, int param_2, int param_3, int param_4, undefined4 * param_5)
59a99250	FUN_59a99250	FUN_59a99250	Global	DEFAULT	ANALYSIS	__thiscall	undefined4	2	false	\N	false	59a99250-59a992c4	\N	\N	undefined4 __thiscall FUN_59a99250(uint param_1)
59a992ca	FUN_59a992ca	FUN_59a992ca	Global	DEFAULT	ANALYSIS	__thiscall	int	2	false	\N	false	59a992ca-59a9931e	\N	\N	int __thiscall FUN_59a992ca(uint * param_1)
59a99324	FUN_59a99324	FUN_59a99324	Global	DEFAULT	ANALYSIS	__stdcall	undefined	0	false	\N	false	59a99324-59a993a5	\N	\N	undefined __stdcall FUN_59a99324(void)
59a993b8	FUN_59a993b8	FUN_59a993b8	Global	DEFAULT	ANALYSIS	__stdcall	undefined4	3	false	\N	false	59a993b8-59a99403	\N	\N	undefined4 __stdcall FUN_59a993b8(int * param_1, int * param_2, undefined4 * param_3)
59a99418	FUN_59a99418	FUN_59a99418	Global	DEFAULT	ANALYSIS	__fastcall	undefined4 *	1	false	\N	false	59a99418-59a99438	\N	\N	undefined4 * __fastcall FUN_59a99418(undefined4 * param_1)
59a99487	FUN_59a99487	FUN_59a99487	Global	DEFAULT	ANALYSIS	__stdcall	undefined4	4	false	\N	false	59a99487-59a99526	\N	\N	undefined4 __stdcall FUN_59a99487(void * param_1, undefined4 * param_2, uint param_3, uint * param_4)
59a9952c	FUN_59a9952c	FUN_59a9952c	Global	DEFAULT	ANALYSIS	__stdcall	undefined4	4	false	\N	false	59a9952c-59a995de	\N	\N	undefined4 __stdcall FUN_59a9952c(void * param_1, undefined4 * param_2, uint param_3, uint * param_4)
59a995e4	FUN_59a995e4	FUN_59a995e4	Global	DEFAULT	ANALYSIS	__fastcall	undefined4 *	1	false	\N	false	59a995e4-59a99619	\N	\N	undefined4 * __fastcall FUN_59a995e4(undefined4 * param_1)
59a9961f	FUN_59a9961f	FUN_59a9961f	Global	DEFAULT	ANALYSIS	__thiscall	void *	2	false	\N	false	59a9961f-59a9963c	\N	\N	void * __thiscall FUN_59a9961f(byte param_1)
59a99642	FUN_59a99642	FUN_59a99642	Global	DEFAULT	ANALYSIS	__fastcall	undefined	1	false	\N	false	59a99642-59a99648	\N	\N	undefined __fastcall FUN_59a99642(undefined4 * param_1)
59a99670	FUN_59a99670	FUN_59a99670	Global	DEFAULT	ANALYSIS	__fastcall	undefined	1	false	\N	false	59a99670-59a99676	\N	\N	undefined __fastcall FUN_59a99670(undefined4 * param_1)
59a9969e	FUN_59a9969e	FUN_59a9969e	Global	DEFAULT	ANALYSIS	__fastcall	undefined	1	false	\N	false	59a9969e-59a996a4	\N	\N	undefined __fastcall FUN_59a9969e(undefined4 * param_1)
59a996cc	FUN_59a996cc	FUN_59a996cc	Global	DEFAULT	ANALYSIS	__fastcall	undefined	1	false	\N	false	59a996cc-59a996f2	\N	\N	undefined __fastcall FUN_59a996cc(undefined4 * param_1)
59a996f8	FUN_59a996f8	FUN_59a996f8	Global	DEFAULT	ANALYSIS	__cdecl	undefined	1	false	\N	false	59a996f8-59a9970d	\N	\N	undefined __cdecl FUN_59a996f8(ushort * param_1)
59a99713	FUN_59a99713	FUN_59a99713	Global	DEFAULT	ANALYSIS	__cdecl	int	1	false	\N	false	59a99713-59a997a5	\N	\N	int __cdecl FUN_59a99713(int param_1)
59a997ab	FUN_59a997ab	FUN_59a997ab	Global	DEFAULT	ANALYSIS	__thiscall	undefined4	2	false	\N	false	59a997ab-59a997c6	\N	\N	undefined4 __thiscall FUN_59a997ab(int * param_1)
59a997cc	FUN_59a997cc	FUN_59a997cc	Global	DEFAULT	ANALYSIS	__thiscall	undefined4	2	false	\N	false	59a997cc-59a997ed	\N	\N	undefined4 __thiscall FUN_59a997cc(uint * param_1)
59a997f3	FUN_59a997f3	FUN_59a997f3	Global	DEFAULT	ANALYSIS	__thiscall	undefined4	2	false	\N	false	59a997f3-59a9981e	\N	\N	undefined4 __thiscall FUN_59a997f3(uint * param_1)
59a99824	FUN_59a99824	FUN_59a99824	Global	DEFAULT	ANALYSIS	__thiscall	int	2	false	\N	false	59a99824-59a9983b	\N	\N	int __thiscall FUN_59a99824(int * param_1)
59a99841	FUN_59a99841	FUN_59a99841	Global	DEFAULT	ANALYSIS	__fastcall	undefined4	1	false	\N	false	59a99841-59a9985a;59a99885-59a99890	\N	\N	undefined4 __fastcall FUN_59a99841(LPCRITICAL_SECTION param_1)
59a99896	FUN_59a99896	FUN_59a99896	Global	DEFAULT	ANALYSIS	__fastcall	undefined4 *	1	false	\N	false	59a99896-59a998d3	\N	\N	undefined4 * __fastcall FUN_59a99896(undefined4 * param_1)
59a998d9	FUN_59a998d9	FUN_59a998d9	Global	DEFAULT	ANALYSIS	__fastcall	undefined	1	false	\N	false	59a998d9-59a998e9	\N	\N	undefined __fastcall FUN_59a998d9(undefined4 * param_1)
59a9991d	FUN_59a9991d	FUN_59a9991d	Global	DEFAULT	ANALYSIS	__thiscall	undefined	3	false	\N	false	59a9991d-59a99955	\N	\N	undefined __thiscall FUN_59a9991d(int * param_1, int param_2)
59a9995b	FUN_59a9995b	FUN_59a9995b	Global	DEFAULT	ANALYSIS	__cdecl	uint	1	false	\N	false	59a9995b-59a9997c	\N	\N	uint __cdecl FUN_59a9995b(int param_1)
59a999c5	FUN_59a999c5	FUN_59a999c5	Global	DEFAULT	ANALYSIS	__thiscall	int	3	false	\N	false	59a999c5-59a99a02	\N	\N	int __thiscall FUN_59a999c5(uint param_1, uint param_2)
59a99a08	FUN_59a99a08	FUN_59a99a08	Global	DEFAULT	ANALYSIS	__cdecl	uint	4	false	\N	false	59a99a08-59a99ab8	\N	\N	uint __cdecl FUN_59a99a08(uint param_1, uint param_2, uint * param_3, char param_4)
59a99b25	FUN_59a99b25	FUN_59a99b25	Global	DEFAULT	ANALYSIS	__cdecl	int	2	false	\N	false	59a99b25-59a99b33	\N	\N	int __cdecl FUN_59a99b25(int param_1, int param_2)
59a99b39	FUN_59a99b39	FUN_59a99b39	Global	DEFAULT	ANALYSIS	__fastcall	uint	1	false	\N	false	59a99b39-59a99b66	\N	\N	uint __fastcall FUN_59a99b39(int param_1)
59a99b6c	FUN_59a99b6c	FUN_59a99b6c	Global	DEFAULT	ANALYSIS	__thiscall	uint	3	false	\N	false	59a99b6c-59a99bff	\N	\N	uint __thiscall FUN_59a99b6c(undefined4 param_1, undefined4 param_2)
59a99c05	FUN_59a99c05	FUN_59a99c05	Global	DEFAULT	ANALYSIS	__fastcall	undefined	1	false	\N	false	59a99c05-59a99c08	\N	\N	undefined __fastcall FUN_59a99c05(undefined4 * param_1)
59a99c0e	`vector_constructor_iterator'	`vector_constructor_iterator'	Global	ANALYSIS	IMPORTED	__stdcall	void	4	false	\N	false	59a99c0e-59a99c2f	Library Function - Single Match\n void __stdcall `vector constructor iterator'(void *,unsigned int,int,void * (__thiscall*)(void *))\n\nLibrary: Visual Studio 2003 Release	\N	void __stdcall `vector_constructor_iterator'(void * param_1, uint param_2, int param_3, _func_void_ptr_void_ptr * param_4)
59a99c35	FUN_59a99c35	FUN_59a99c35	Global	DEFAULT	ANALYSIS	__thiscall	uint	3	false	\N	false	59a99c35-59a99c69	\N	\N	uint __thiscall FUN_59a99c35(undefined4 param_1, undefined4 param_2)
59a99c9b	FUN_59a99c9b	FUN_59a99c9b	Global	DEFAULT	ANALYSIS	__fastcall	uint	1	false	\N	false	59a99c9b-59a99dc6	\N	\N	uint __fastcall FUN_59a99c9b(int param_1)
59a99e67	FUN_59a99e67	FUN_59a99e67	Global	DEFAULT	ANALYSIS	__fastcall	int	1	false	\N	false	59a99e67-59a99e89	\N	\N	int __fastcall FUN_59a99e67(int param_1)
59a99fe0	FUN_59a99fe0	FUN_59a99fe0	Global	DEFAULT	ANALYSIS	__fastcall	undefined	1	false	\N	false	59a99fe0-59a99fea	\N	\N	undefined __fastcall FUN_59a99fe0(int * param_1)
59a99ff0	FUN_59a99ff0	FUN_59a99ff0	Global	DEFAULT	ANALYSIS	__thiscall	undefined4	2	false	\N	false	59a99ff0-59a9a06c	\N	\N	undefined4 __thiscall FUN_59a99ff0(uint param_1)
59a9a072	FUN_59a9a072	FUN_59a9a072	Global	DEFAULT	ANALYSIS	__cdecl	uint	2	false	\N	false	59a9a072-59a9a0bd	\N	\N	uint __cdecl FUN_59a9a072(undefined4 * param_1, uint * param_2)
59a9a0c3	FUN_59a9a0c3	FUN_59a9a0c3	Global	DEFAULT	ANALYSIS	__cdecl	undefined4	2	false	\N	false	59a9a0c3-59a9a130	\N	\N	undefined4 __cdecl FUN_59a9a0c3(uint * param_1, uint * param_2)
59a9a136	FUN_59a9a136	FUN_59a9a136	Global	DEFAULT	ANALYSIS	__cdecl	uint	2	false	\N	false	59a9a136-59a9a189	\N	\N	uint __cdecl FUN_59a9a136(int * param_1, int * param_2)
59a9a18f	FUN_59a9a18f	FUN_59a9a18f	Global	DEFAULT	ANALYSIS	__cdecl	undefined4	2	false	\N	false	59a9a18f-59a9a204	\N	\N	undefined4 __cdecl FUN_59a9a18f(uint * param_1, int * param_2)
59a9a20a	FUN_59a9a20a	FUN_59a9a20a	Global	DEFAULT	ANALYSIS	__cdecl	undefined4	2	false	\N	false	59a9a20a-59a9a277	\N	\N	undefined4 __cdecl FUN_59a9a20a(uint * param_1, uint * param_2)
59a9a27d	FUN_59a9a27d	FUN_59a9a27d	Global	DEFAULT	ANALYSIS	__fastcall	uint	1	false	\N	false	59a9a27d-59a9a2b1	\N	\N	uint __fastcall FUN_59a9a27d(int * param_1)
59a9a2b7	FUN_59a9a2b7	FUN_59a9a2b7	Global	DEFAULT	ANALYSIS	__thiscall	undefined4	2	false	\N	false	59a9a2b7-59a9a2da	\N	\N	undefined4 __thiscall FUN_59a9a2b7(char param_1)
59a9a2e0	FUN_59a9a2e0	FUN_59a9a2e0	Global	DEFAULT	ANALYSIS	__thiscall	undefined4	2	false	\N	false	59a9a2e0-59a9a30b	\N	\N	undefined4 __thiscall FUN_59a9a2e0(int param_1)
59a9a311	FUN_59a9a311	FUN_59a9a311	Global	DEFAULT	ANALYSIS	__thiscall	void *	3	false	\N	false	59a9a311-59a9a332	\N	\N	void * __thiscall FUN_59a9a311(int * param_1, int param_2)
59a9a338	FUN_59a9a338	FUN_59a9a338	Global	DEFAULT	ANALYSIS	__thiscall	undefined	3	false	\N	false	59a9a338-59a9a360	\N	\N	undefined __thiscall FUN_59a9a338(int * param_1, ushort * param_2)
59a9a366	FUN_59a9a366	FUN_59a9a366	Global	DEFAULT	ANALYSIS	__fastcall	undefined	1	false	\N	false	59a9a366-59a9a3ab	\N	\N	undefined __fastcall FUN_59a9a366(int param_1)
59a9a3b1	FUN_59a9a3b1	FUN_59a9a3b1	Global	DEFAULT	ANALYSIS	__fastcall	undefined	1	false	\N	false	59a9a3b1-59a9a3be	\N	\N	undefined __fastcall FUN_59a9a3b1(undefined4 * param_1)
59a9a3c4	FUN_59a9a3c4	FUN_59a9a3c4	Global	DEFAULT	ANALYSIS	__fastcall	void *	1	false	\N	false	59a9a3c4-59a9a416	\N	\N	void * __fastcall FUN_59a9a3c4(int param_1)
59a9a41c	FUN_59a9a41c	FUN_59a9a41c	Global	DEFAULT	ANALYSIS	__thiscall	uint *	2	false	\N	false	59a9a41c-59a9a4bb	\N	\N	uint * __thiscall FUN_59a9a41c(uint param_1)
59a9a4c1	FUN_59a9a4c1	FUN_59a9a4c1	Global	DEFAULT	ANALYSIS	__thiscall	int	3	false	\N	false	59a9a4c1-59a9a502	\N	\N	int __thiscall FUN_59a9a4c1(int param_1, int * param_2)
59a9a508	FUN_59a9a508	FUN_59a9a508	Global	DEFAULT	ANALYSIS	__thiscall	int	2	false	\N	false	59a9a508-59a9a567	\N	\N	int __thiscall FUN_59a9a508(uint param_1)
59a9a56d	FUN_59a9a56d	FUN_59a9a56d	Global	DEFAULT	ANALYSIS	__fastcall	undefined4	1	false	\N	false	59a9a56d-59a9a5dc	\N	\N	undefined4 __fastcall FUN_59a9a56d(int * param_1)
59a9a5e2	FUN_59a9a5e2	FUN_59a9a5e2	Global	DEFAULT	ANALYSIS	__thiscall	char *	2	false	\N	false	59a9a5e2-59a9a625	\N	\N	char * __thiscall FUN_59a9a5e2(char * param_1)
59a9a62b	FUN_59a9a62b	FUN_59a9a62b	Global	DEFAULT	ANALYSIS	__thiscall	undefined	9	false	\N	false	59a9a62b-59a9a66d	\N	\N	undefined __thiscall FUN_59a9a62b(undefined2 param_1, undefined4 param_2, undefined4 param_3, undefined4 param_4, undefined4 param_5, undefined4 param_6, undefined4 param_7, undefined4 param_8)
59a9a6b3	FUN_59a9a6b3	FUN_59a9a6b3	Global	DEFAULT	ANALYSIS	__stdcall	undefined	0	false	\N	false	59a9a6b3-59a9a6fc	\N	\N	undefined __stdcall FUN_59a9a6b3(void)
59a9a702	FUN_59a9a702	FUN_59a9a702	Global	DEFAULT	ANALYSIS	__thiscall	bool	2	false	\N	false	59a9a702-59a9a7ca	\N	\N	bool __thiscall FUN_59a9a702(int * param_1)
59a9a824	FUN_59a9a824	FUN_59a9a824	Global	DEFAULT	ANALYSIS	__thiscall	void *	2	false	\N	false	59a9a824-59a9a840	\N	\N	void * __thiscall FUN_59a9a824(undefined4 param_1)
59a9a869	FUN_59a9a869	FUN_59a9a869	Global	DEFAULT	ANALYSIS	__stdcall	undefined	0	false	\N	false	59a9a869-59a9a8af	\N	\N	undefined __stdcall FUN_59a9a869(void)
59a9a8b5	FUN_59a9a8b5	FUN_59a9a8b5	Global	DEFAULT	ANALYSIS	__fastcall	undefined	1	false	\N	false	59a9a8b5-59a9a8ed	\N	\N	undefined __fastcall FUN_59a9a8b5(int * param_1)
59a9a8f3	FUN_59a9a8f3	FUN_59a9a8f3	Global	DEFAULT	ANALYSIS	__thiscall	void *	2	false	\N	false	59a9a8f3-59a9a90f	\N	\N	void * __thiscall FUN_59a9a8f3(undefined4 param_1)
59a9a938	FUN_59a9a938	FUN_59a9a938	Global	DEFAULT	ANALYSIS	__stdcall	undefined	0	false	\N	false	59a9a938-59a9a97e	\N	\N	undefined __stdcall FUN_59a9a938(void)
59a9a984	FUN_59a9a984	FUN_59a9a984	Global	DEFAULT	ANALYSIS	__thiscall	void *	2	false	\N	false	59a9a984-59a9a9a0	\N	\N	void * __thiscall FUN_59a9a984(undefined4 param_1)
59a9a9c9	FUN_59a9a9c9	FUN_59a9a9c9	Global	DEFAULT	ANALYSIS	__stdcall	undefined	0	false	\N	false	59a9a9c9-59a9aa0f	\N	\N	undefined __stdcall FUN_59a9a9c9(void)
59a9aa15	FUN_59a9aa15	FUN_59a9aa15	Global	DEFAULT	ANALYSIS	__thiscall	void *	2	false	\N	false	59a9aa15-59a9aa31	\N	\N	void * __thiscall FUN_59a9aa15(undefined4 param_1)
59a9aa5a	FUN_59a9aa5a	FUN_59a9aa5a	Global	DEFAULT	ANALYSIS	__stdcall	undefined	0	false	\N	false	59a9aa5a-59a9aaa0	\N	\N	undefined __stdcall FUN_59a9aa5a(void)
59a9aaa6	FUN_59a9aaa6	FUN_59a9aaa6	Global	DEFAULT	ANALYSIS	__thiscall	void *	2	false	\N	false	59a9aaa6-59a9aac2	\N	\N	void * __thiscall FUN_59a9aaa6(undefined4 param_1)
59a9aaeb	FUN_59a9aaeb	FUN_59a9aaeb	Global	DEFAULT	ANALYSIS	__stdcall	undefined	0	false	\N	false	59a9aaeb-59a9ab31	\N	\N	undefined __stdcall FUN_59a9aaeb(void)
59a9ab37	FUN_59a9ab37	FUN_59a9ab37	Global	DEFAULT	ANALYSIS	__cdecl	undefined	2	false	\N	false	59a9ab37-59a9ab4f	\N	\N	undefined __cdecl FUN_59a9ab37(void * param_1, size_t param_2)
59a9ab55	FUN_59a9ab55	FUN_59a9ab55	Global	DEFAULT	ANALYSIS	__cdecl	undefined4 *	3	false	\N	false	59a9ab55-59a9abb7	\N	\N	undefined4 * __cdecl FUN_59a9ab55(void * param_1, uint param_2, uint * param_3)
59a9abbd	FUN_59a9abbd	FUN_59a9abbd	Global	DEFAULT	ANALYSIS	__cdecl	undefined	2	false	\N	false	59a9abbd-59a9abd5	\N	\N	undefined __cdecl FUN_59a9abbd(void * param_1, size_t param_2)
59a9abdb	FUN_59a9abdb	FUN_59a9abdb	Global	DEFAULT	ANALYSIS	__cdecl	int *	3	false	\N	false	59a9abdb-59a9ac3e	\N	\N	int * __cdecl FUN_59a9abdb(void * param_1, uint param_2, uint * param_3)
59a9ac44	FUN_59a9ac44	FUN_59a9ac44	Global	DEFAULT	ANALYSIS	__cdecl	undefined4 *	3	false	\N	false	59a9ac44-59a9aca6	\N	\N	undefined4 * __cdecl FUN_59a9ac44(void * param_1, uint param_2, uint * param_3)
59a9acac	FUN_59a9acac	FUN_59a9acac	Global	DEFAULT	ANALYSIS	__stdcall	undefined	0	false	\N	false	59a9acac-59a9ace6	\N	\N	undefined __stdcall FUN_59a9acac(void)
59a9ad24	FUN_59a9ad24	FUN_59a9ad24	Global	DEFAULT	ANALYSIS	__fastcall	undefined	1	false	\N	false	59a9ad24-59a9ad55	\N	\N	undefined __fastcall FUN_59a9ad24(undefined1 * param_1)
59a9ad5b	FUN_59a9ad5b	FUN_59a9ad5b	Global	DEFAULT	ANALYSIS	__stdcall	undefined	0	false	\N	false	59a9ad5b-59a9ada0	\N	\N	undefined __stdcall FUN_59a9ad5b(void)
59a9adc9	FUN_59a9adc9	FUN_59a9adc9	Global	DEFAULT	ANALYSIS	__fastcall	undefined4	1	false	\N	false	59a9adc9-59a9aece	\N	\N	undefined4 __fastcall FUN_59a9adc9(int * param_1)
59a9aed4	FUN_59a9aed4	FUN_59a9aed4	Global	DEFAULT	ANALYSIS	__fastcall	undefined4	1	false	\N	false	59a9aed4-59a9afa2	\N	\N	undefined4 __fastcall FUN_59a9aed4(int param_1)
59a9afa8	FUN_59a9afa8	FUN_59a9afa8	Global	DEFAULT	ANALYSIS	__thiscall	undefined	3	false	\N	false	59a9afa8-59a9b0d8	\N	\N	undefined __thiscall FUN_59a9afa8(int * param_1, uint * param_2)
59a9b0de	FUN_59a9b0de	FUN_59a9b0de	Global	DEFAULT	ANALYSIS	__thiscall	undefined	3	false	\N	false	59a9b0de-59a9b1c4	\N	\N	undefined __thiscall FUN_59a9b0de(undefined4 * param_1, uint * param_2)
59a9b1ca	FUN_59a9b1ca	FUN_59a9b1ca	Global	DEFAULT	ANALYSIS	__stdcall	undefined	0	false	\N	false	59a9b1ca-59a9b24f	\N	\N	undefined __stdcall FUN_59a9b1ca(void)
59a9b26d	FUN_59a9b26d	FUN_59a9b26d	Global	DEFAULT	ANALYSIS	__thiscall	undefined4	2	false	\N	false	59a9b26d-59a9b28b	\N	\N	undefined4 __thiscall FUN_59a9b26d(uint param_1)
59a9b291	FUN_59a9b291	FUN_59a9b291	Global	DEFAULT	ANALYSIS	__thiscall	undefined4	2	false	\N	false	59a9b291-59a9b2b4	\N	\N	undefined4 __thiscall FUN_59a9b291(uint param_1)
59a9b2ba	FUN_59a9b2ba	FUN_59a9b2ba	Global	DEFAULT	ANALYSIS	__thiscall	undefined4	2	false	\N	false	59a9b2ba-59a9b2dd	\N	\N	undefined4 __thiscall FUN_59a9b2ba(int param_1)
59a9b317	FUN_59a9b317	FUN_59a9b317	Global	DEFAULT	ANALYSIS	__thiscall	int	3	false	\N	false	59a9b317-59a9b3e7	\N	\N	int __thiscall FUN_59a9b317(uint param_1, int param_2)
59a9b3ed	FUN_59a9b3ed	FUN_59a9b3ed	Global	DEFAULT	ANALYSIS	__thiscall	int	2	false	\N	false	59a9b3ed-59a9b4a6	\N	\N	int __thiscall FUN_59a9b3ed(uint param_1)
59a9b4ac	FUN_59a9b4ac	FUN_59a9b4ac	Global	DEFAULT	ANALYSIS	__thiscall	undefined	6	false	\N	false	59a9b4ac-59a9b5d3	\N	\N	undefined __thiscall FUN_59a9b4ac(uint param_1, int param_2, undefined4 param_3, uint * param_4, uint * param_5)
59a9b5d9	FUN_59a9b5d9	FUN_59a9b5d9	Global	DEFAULT	ANALYSIS	__thiscall	uint	3	false	\N	false	59a9b5d9-59a9b6c2	\N	\N	uint __thiscall FUN_59a9b5d9(uint param_1, uint * param_2)
59a9b6c8	FUN_59a9b6c8	FUN_59a9b6c8	Global	DEFAULT	ANALYSIS	__thiscall	undefined	4	false	\N	false	59a9b6c8-59a9b757	\N	\N	undefined __thiscall FUN_59a9b6c8(uint param_1, uint * param_2, uint * param_3)
59a9b75d	FUN_59a9b75d	FUN_59a9b75d	Global	DEFAULT	ANALYSIS	__thiscall	undefined	4	false	\N	false	59a9b75d-59a9b7a5	\N	\N	undefined __thiscall FUN_59a9b75d(uint param_1, uint * param_2, uint * param_3)
59a9b7ab	FUN_59a9b7ab	FUN_59a9b7ab	Global	DEFAULT	ANALYSIS	__thiscall	undefined	5	false	\N	false	59a9b7ab-59a9b7fa	\N	\N	undefined __thiscall FUN_59a9b7ab(uint param_1, uint param_2, uint * param_3, uint * param_4)
59a9b800	FUN_59a9b800	FUN_59a9b800	Global	DEFAULT	ANALYSIS	__stdcall	int	0	false	\N	false	59a9b800-59a9b91d	\N	\N	int __stdcall FUN_59a9b800(void)
59a9b923	FUN_59a9b923	FUN_59a9b923	Global	DEFAULT	ANALYSIS	__fastcall	undefined	1	false	\N	false	59a9b923-59a9b92d	\N	\N	undefined __fastcall FUN_59a9b923(int * param_1)
59a9b933	FUN_59a9b933	FUN_59a9b933	Global	DEFAULT	ANALYSIS	__stdcall	undefined	0	false	\N	false	59a9b933-59a9b9f8	\N	\N	undefined __stdcall FUN_59a9b933(void)
59a9b9fe	FUN_59a9b9fe	FUN_59a9b9fe	Global	DEFAULT	ANALYSIS	__thiscall	uint	2	false	\N	false	59a9b9fe-59a9ba30	\N	\N	uint __thiscall FUN_59a9b9fe(undefined4 param_1)
59a9ba36	FUN_59a9ba36	FUN_59a9ba36	Global	DEFAULT	ANALYSIS	__thiscall	uint	2	false	\N	false	59a9ba36-59a9ba59	\N	\N	uint __thiscall FUN_59a9ba36(undefined4 param_1)
59a9bc16	FUN_59a9bc16	FUN_59a9bc16	Global	DEFAULT	ANALYSIS	__thiscall	undefined4	8	false	\N	false	59a9bc16-59a9bc91	\N	\N	undefined4 __thiscall FUN_59a9bc16(undefined4 param_1, undefined4 param_2, uint * param_3, uint * param_4, undefined4 * param_5, undefined4 param_6, uint param_7)
59a9bd0b	FUN_59a9bd0b	FUN_59a9bd0b	Global	DEFAULT	ANALYSIS	__fastcall	undefined	1	false	\N	false	59a9bd0b-59a9bdc7	\N	\N	undefined __fastcall FUN_59a9bd0b(int param_1)
59a9bdcd	FUN_59a9bdcd	FUN_59a9bdcd	Global	DEFAULT	ANALYSIS	__thiscall	undefined4	4	false	\N	false	59a9bdcd-59a9be69	\N	\N	undefined4 __thiscall FUN_59a9bdcd(undefined4 param_1, undefined1 param_2, undefined4 param_3)
59a9be6f	FUN_59a9be6f	FUN_59a9be6f	Global	DEFAULT	ANALYSIS	__thiscall	bool	2	false	\N	false	59a9be6f-59a9c086	\N	\N	bool __thiscall FUN_59a9be6f(uint * param_1)
59a9c08c	FUN_59a9c08c	FUN_59a9c08c	Global	DEFAULT	ANALYSIS	__fastcall	undefined4	1	false	\N	false	59a9c08c-59a9c1e3	\N	\N	undefined4 __fastcall FUN_59a9c08c(void * param_1)
59a9c1e9	FUN_59a9c1e9	FUN_59a9c1e9	Global	DEFAULT	ANALYSIS	__thiscall	undefined4	3	false	\N	false	59a9c1e9-59a9c278	\N	\N	undefined4 __thiscall FUN_59a9c1e9(ushort param_1, int param_2)
59a9c27e	FUN_59a9c27e	FUN_59a9c27e	Global	DEFAULT	ANALYSIS	__fastcall	undefined4 *	1	false	\N	false	59a9c27e-59a9c2a5	\N	\N	undefined4 * __fastcall FUN_59a9c27e(undefined4 * param_1)
59a9c2ab	FUN_59a9c2ab	FUN_59a9c2ab	Global	DEFAULT	ANALYSIS	__thiscall	void *	2	false	\N	false	59a9c2ab-59a9c2e1	\N	\N	void * __thiscall FUN_59a9c2ab(undefined4 param_1)
59a9c31c	FUN_59a9c31c	FUN_59a9c31c	Global	DEFAULT	ANALYSIS	__stdcall	undefined	0	false	\N	false	59a9c31c-59a9c3ad	\N	\N	undefined __stdcall FUN_59a9c31c(void)
59a9c3d6	FUN_59a9c3d6	FUN_59a9c3d6	Global	DEFAULT	ANALYSIS	__fastcall	undefined4 *	1	false	\N	false	59a9c3d6-59a9c417	\N	\N	undefined4 * __fastcall FUN_59a9c3d6(undefined4 * param_1)
59a9c41d	FUN_59a9c41d	FUN_59a9c41d	Global	DEFAULT	ANALYSIS	__thiscall	void *	3	false	\N	false	59a9c41d-59a9c477	\N	\N	void * __thiscall FUN_59a9c41d(undefined4 param_1, undefined4 param_2)
59a9c54b	FUN_59a9c54b	FUN_59a9c54b	Global	DEFAULT	ANALYSIS	__thiscall	bool	9	false	\N	false	59a9c54b-59a9c579	\N	\N	bool __thiscall FUN_59a9c54b(undefined4 param_1, undefined4 param_2, undefined4 param_3, undefined4 param_4, undefined4 param_5, undefined4 param_6, undefined4 param_7, undefined4 param_8)
59a9c57f	FUN_59a9c57f	FUN_59a9c57f	Global	DEFAULT	ANALYSIS	__fastcall	uint	1	false	\N	false	59a9c57f-59a9c59a	\N	\N	uint __fastcall FUN_59a9c57f(int param_1)
59a9c5a0	FUN_59a9c5a0	FUN_59a9c5a0	Global	DEFAULT	ANALYSIS	__fastcall	uint	1	false	\N	false	59a9c5a0-59a9c5c9	\N	\N	uint __fastcall FUN_59a9c5a0(int param_1)
59a9c63d	FUN_59a9c63d	FUN_59a9c63d	Global	DEFAULT	ANALYSIS	__thiscall	uint	3	false	\N	false	59a9c63d-59a9c718	\N	\N	uint __thiscall FUN_59a9c63d(uint param_1, int param_2)
59a9c71e	FUN_59a9c71e	FUN_59a9c71e	Global	DEFAULT	ANALYSIS	__thiscall	undefined8	3	false	\N	false	59a9c71e-59a9c77b	\N	\N	undefined8 __thiscall FUN_59a9c71e(uint param_1, int param_2)
59a9c781	FUN_59a9c781	FUN_59a9c781	Global	DEFAULT	ANALYSIS	__thiscall	undefined4	2	false	\N	false	59a9c781-59a9c85b	\N	\N	undefined4 __thiscall FUN_59a9c781(int * param_1)
59a9c884	FUN_59a9c884	FUN_59a9c884	Global	DEFAULT	ANALYSIS	__stdcall	undefined	0	false	\N	false	59a9c884-59a9c8f3	\N	\N	undefined __stdcall FUN_59a9c884(void)
59a9c8f9	FUN_59a9c8f9	FUN_59a9c8f9	Global	DEFAULT	ANALYSIS	__thiscall	void *	3	false	\N	false	59a9c8f9-59a9c968	\N	\N	void * __thiscall FUN_59a9c8f9(undefined4 param_1, void * param_2)
59a9c96e	FUN_59a9c96e	FUN_59a9c96e	Global	DEFAULT	ANALYSIS	__thiscall	undefined	3	false	\N	false	59a9c96e-59a9c98a	\N	\N	undefined __thiscall FUN_59a9c96e(undefined4 param_1, undefined4 param_2)
59a9c990	FUN_59a9c990	FUN_59a9c990	Global	DEFAULT	ANALYSIS	__stdcall	undefined4 *	0	false	\N	false	59a9c990-59a9c9d4	\N	\N	undefined4 * __stdcall FUN_59a9c990(void)
59a9c9da	FUN_59a9c9da	FUN_59a9c9da	Global	DEFAULT	ANALYSIS	__stdcall	undefined4 *	0	false	\N	false	59a9c9da-59a9ca1e	\N	\N	undefined4 * __stdcall FUN_59a9c9da(void)
59a9ca24	FUN_59a9ca24	FUN_59a9ca24	Global	DEFAULT	ANALYSIS	__stdcall	undefined4 *	0	false	\N	false	59a9ca24-59a9ca65	\N	\N	undefined4 * __stdcall FUN_59a9ca24(void)
59a9ca6b	FUN_59a9ca6b	FUN_59a9ca6b	Global	DEFAULT	ANALYSIS	__stdcall	undefined4 *	0	false	\N	false	59a9ca6b-59a9caac	\N	\N	undefined4 * __stdcall FUN_59a9ca6b(void)
59a9cab2	FUN_59a9cab2	FUN_59a9cab2	Global	DEFAULT	ANALYSIS	__stdcall	undefined4 *	0	false	\N	false	59a9cab2-59a9caf3	\N	\N	undefined4 * __stdcall FUN_59a9cab2(void)
59a9cb1c	thunk_FUN_59a9acac	thunk_FUN_59a9acac	Global	DEFAULT	ANALYSIS	__stdcall	undefined	0	true	FUN_59a9acac	false	59a9cb1c-59a9cb20	\N	\N	undefined __stdcall thunk_FUN_59a9acac(void)
59a9cb26	FUN_59a9cb26	FUN_59a9cb26	Global	DEFAULT	ANALYSIS	__stdcall	undefined4 *	0	false	\N	false	59a9cb26-59a9cb69	\N	\N	undefined4 * __stdcall FUN_59a9cb26(void)
59a9cb8a	FUN_59a9cb8a	FUN_59a9cb8a	Global	DEFAULT	ANALYSIS	__stdcall	undefined4	0	false	\N	false	59a9cb8a-59a9cbfc	\N	\N	undefined4 __stdcall FUN_59a9cb8a(void)
59a9cc02	FUN_59a9cc02	FUN_59a9cc02	Global	DEFAULT	ANALYSIS	__thiscall	void *	2	false	\N	false	59a9cc02-59a9cc44	\N	\N	void * __thiscall FUN_59a9cc02(int param_1)
59a9cc82	FUN_59a9cc82	FUN_59a9cc82	Global	DEFAULT	ANALYSIS	__fastcall	undefined4	1	false	\N	false	59a9cc82-59a9cc9a	\N	\N	undefined4 __fastcall FUN_59a9cc82(int param_1)
59a9cca0	FUN_59a9cca0	FUN_59a9cca0	Global	DEFAULT	ANALYSIS	__thiscall	undefined	3	false	\N	false	59a9cca0-59a9cd0c	\N	\N	undefined __thiscall FUN_59a9cca0(uint param_1, undefined4 param_2)
59a9cd35	FUN_59a9cd35	FUN_59a9cd35	Global	DEFAULT	ANALYSIS	__stdcall	undefined4 *	0	false	\N	false	59a9cd35-59a9cdb2	\N	\N	undefined4 * __stdcall FUN_59a9cd35(void)
59a9cdb8	FUN_59a9cdb8	FUN_59a9cdb8	Global	DEFAULT	ANALYSIS	__stdcall	undefined	0	false	\N	false	59a9cdb8-59a9cf48	\N	\N	undefined __stdcall FUN_59a9cdb8(void)
59a9cf4e	FUN_59a9cf4e	FUN_59a9cf4e	Global	DEFAULT	ANALYSIS	__stdcall	undefined	0	false	\N	false	59a9cf4e-59a9d0ca	\N	\N	undefined __stdcall FUN_59a9cf4e(void)
59a9d0d0	FUN_59a9d0d0	FUN_59a9d0d0	Global	DEFAULT	ANALYSIS	__thiscall	void *	2	false	\N	false	59a9d0d0-59a9d13c	\N	\N	void * __thiscall FUN_59a9d0d0(undefined4 param_1)
59a9d142	FUN_59a9d142	FUN_59a9d142	Global	DEFAULT	ANALYSIS	__stdcall	undefined4	0	false	\N	false	59a9d142-59a9d202	\N	\N	undefined4 __stdcall FUN_59a9d142(void)
59a9d208	FUN_59a9d208	FUN_59a9d208	Global	DEFAULT	ANALYSIS	__stdcall	uint	0	false	\N	false	59a9d208-59a9d3ba	\N	\N	uint __stdcall FUN_59a9d208(void)
59a9d3c0	FUN_59a9d3c0	FUN_59a9d3c0	Global	DEFAULT	ANALYSIS	__stdcall	undefined4	0	false	\N	false	59a9d3c0-59a9d559	\N	\N	undefined4 __stdcall FUN_59a9d3c0(void)
59a9d55f	FUN_59a9d55f	FUN_59a9d55f	Global	DEFAULT	ANALYSIS	__stdcall	undefined4	0	false	\N	false	59a9d55f-59a9d6d9	\N	\N	undefined4 __stdcall FUN_59a9d55f(void)
59a9d6df	FUN_59a9d6df	FUN_59a9d6df	Global	DEFAULT	ANALYSIS	__thiscall	undefined4	2	false	\N	false	59a9d6df-59a9d811	\N	\N	undefined4 __thiscall FUN_59a9d6df(void * param_1)
59a9d817	FUN_59a9d817	FUN_59a9d817	Global	DEFAULT	ANALYSIS	__cdecl	uint	3	false	\N	false	59a9d817-59a9d849	\N	\N	uint __cdecl FUN_59a9d817(byte * param_1, int param_2, uint param_3)
59a9d84f	FUN_59a9d84f	FUN_59a9d84f	Global	DEFAULT	ANALYSIS	__fastcall	undefined4	1	false	\N	false	59a9d84f-59a9d868;59a9d893-59a9d89e	\N	\N	undefined4 __fastcall FUN_59a9d84f(LPCRITICAL_SECTION param_1)
59a9d8a4	FUN_59a9d8a4	FUN_59a9d8a4	Global	DEFAULT	ANALYSIS	__thiscall	void *	2	false	\N	false	59a9d8a4-59a9d8c4	\N	\N	void * __thiscall FUN_59a9d8a4(wchar_t * param_1)
59a9d8ca	FUN_59a9d8ca	FUN_59a9d8ca	Global	DEFAULT	ANALYSIS	__fastcall	undefined4	1	false	\N	false	59a9d8ca-59a9d903	\N	\N	undefined4 __fastcall FUN_59a9d8ca(short * param_1)
59a9d909	FUN_59a9d909	FUN_59a9d909	Global	DEFAULT	ANALYSIS	__thiscall	undefined4	2	false	\N	false	59a9d909-59a9d956	\N	\N	undefined4 __thiscall FUN_59a9d909(undefined4 * param_1)
59a9d95c	FUN_59a9d95c	FUN_59a9d95c	Global	DEFAULT	ANALYSIS	__thiscall	undefined	2	false	\N	false	59a9d95c-59a9d979	\N	\N	undefined __thiscall FUN_59a9d95c(undefined4 * param_1)
59a9d97f	FUN_59a9d97f	FUN_59a9d97f	Global	DEFAULT	ANALYSIS	__thiscall	undefined	3	false	\N	false	59a9d97f-59a9d9a2	\N	\N	undefined __thiscall FUN_59a9d97f(undefined4 param_1, undefined4 * param_2)
59a9d9a8	FUN_59a9d9a8	FUN_59a9d9a8	Global	DEFAULT	ANALYSIS	__thiscall	void *	3	false	\N	false	59a9d9a8-59a9d9e4	\N	\N	void * __thiscall FUN_59a9d9a8(undefined4 param_1, undefined4 param_2)
59a9d9ea	FUN_59a9d9ea	FUN_59a9d9ea	Global	DEFAULT	ANALYSIS	__thiscall	void *	3	false	\N	false	59a9d9ea-59a9da0e	\N	\N	void * __thiscall FUN_59a9d9ea(undefined4 param_1, undefined4 param_2)
59a9da14	FUN_59a9da14	FUN_59a9da14	Global	DEFAULT	ANALYSIS	__stdcall	int	5	false	\N	false	59a9da14-59a9da8a	\N	\N	int __stdcall FUN_59a9da14(int * param_1, int * param_2, int param_3, undefined4 * param_4, int * param_5)
59a9da90	FUN_59a9da90	FUN_59a9da90	Global	DEFAULT	ANALYSIS	__stdcall	int	6	false	\N	false	59a9da90-59a9db0d	\N	\N	int __stdcall FUN_59a9da90(int * param_1, uint param_2, uint param_3, uint param_4, int * param_5, int * param_6)
59a9db13	FUN_59a9db13	FUN_59a9db13	Global	DEFAULT	ANALYSIS	__thiscall	undefined4	4	false	\N	false	59a9db13-59a9db58	\N	\N	undefined4 __thiscall FUN_59a9db13(short param_1, undefined4 param_2, uint param_3)
59a9db5e	FUN_59a9db5e	FUN_59a9db5e	Global	DEFAULT	ANALYSIS	__cdecl	undefined	2	false	\N	false	59a9db5e-59a9db92	\N	\N	undefined __cdecl FUN_59a9db5e(undefined4 param_1, undefined4 param_2)
59a9dbde	FUN_59a9dbde	FUN_59a9dbde	Global	DEFAULT	ANALYSIS	__fastcall	undefined	1	false	\N	false	59a9dbde-59a9dbea	\N	\N	undefined __fastcall FUN_59a9dbde(int * param_1)
59a9dbf0	FUN_59a9dbf0	FUN_59a9dbf0	Global	DEFAULT	ANALYSIS	__thiscall	undefined	2	false	\N	false	59a9dbf0-59a9dc05	\N	\N	undefined __thiscall FUN_59a9dbf0(int * param_1)
59a9dc0b	FUN_59a9dc0b	FUN_59a9dc0b	Global	DEFAULT	ANALYSIS	__thiscall	undefined	2	false	\N	false	59a9dc0b-59a9dc25	\N	\N	undefined __thiscall FUN_59a9dc0b(undefined4 param_1)
59a9dc2b	FUN_59a9dc2b	FUN_59a9dc2b	Global	DEFAULT	ANALYSIS	__fastcall	undefined	1	false	\N	false	59a9dc2b-59a9dc33	\N	\N	undefined __fastcall FUN_59a9dc2b(undefined4 * param_1)
59a9dc39	FUN_59a9dc39	FUN_59a9dc39	Global	DEFAULT	ANALYSIS	__fastcall	undefined	1	false	\N	false	59a9dc39-59a9dc8b	\N	\N	undefined __fastcall FUN_59a9dc39(int param_1)
59a9dc91	FUN_59a9dc91	FUN_59a9dc91	Global	DEFAULT	ANALYSIS	__stdcall	undefined	0	false	\N	false	59a9dc91-59a9dcd4	\N	\N	undefined __stdcall FUN_59a9dc91(void)
59a9dceb	FUN_59a9dceb	FUN_59a9dceb	Global	DEFAULT	ANALYSIS	__stdcall	undefined	0	false	\N	false	59a9dceb-59a9dd2e	\N	\N	undefined __stdcall FUN_59a9dceb(void)
59a9dd7a	FUN_59a9dd7a	FUN_59a9dd7a	Global	DEFAULT	ANALYSIS	__thiscall	undefined	2	false	\N	false	59a9dd7a-59a9dd9c	\N	\N	undefined __thiscall FUN_59a9dd7a(int param_1)
59a9ddc5	FUN_59a9ddc5	FUN_59a9ddc5	Global	DEFAULT	ANALYSIS	__thiscall	undefined	2	false	\N	false	59a9ddc5-59a9dddc	\N	\N	undefined __thiscall FUN_59a9ddc5(undefined4 param_1)
59a9ddf6	FUN_59a9ddf6	FUN_59a9ddf6	Global	DEFAULT	ANALYSIS	__stdcall	undefined4	2	false	\N	false	59a9ddf6-59a9de23	\N	\N	undefined4 __stdcall FUN_59a9ddf6(undefined4 param_1, undefined4 * param_2)
59a9de29	FUN_59a9de29	FUN_59a9de29	Global	DEFAULT	ANALYSIS	__fastcall	undefined	1	false	\N	false	59a9de29-59a9de3a	\N	\N	undefined __fastcall FUN_59a9de29(undefined4 * param_1)
59a9de40	FUN_59a9de40	FUN_59a9de40	Global	DEFAULT	ANALYSIS	__thiscall	undefined	3	false	\N	false	59a9de40-59a9de71	\N	\N	undefined __thiscall FUN_59a9de40(undefined4 * param_1, undefined4 * param_2)
59a9de77	FUN_59a9de77	FUN_59a9de77	Global	DEFAULT	ANALYSIS	__stdcall	undefined4	0	false	\N	false	59a9de77-59a9df38	\N	\N	undefined4 __stdcall FUN_59a9de77(void)
59a9df3e	FUN_59a9df3e	FUN_59a9df3e	Global	DEFAULT	ANALYSIS	__thiscall	uint	2	false	\N	false	59a9df3e-59a9df77	\N	\N	uint __thiscall FUN_59a9df3e(uint param_1)
59a9df7d	FUN_59a9df7d	FUN_59a9df7d	Global	DEFAULT	ANALYSIS	__fastcall	undefined4	1	false	\N	false	59a9df7d-59a9df90	\N	\N	undefined4 __fastcall FUN_59a9df7d(int * param_1)
59a9df96	FUN_59a9df96	FUN_59a9df96	Global	DEFAULT	ANALYSIS	__fastcall	undefined4	1	false	\N	false	59a9df96-59a9df9a	\N	\N	undefined4 __fastcall FUN_59a9df96(short * param_1)
59a9dfa0	FUN_59a9dfa0	FUN_59a9dfa0	Global	DEFAULT	ANALYSIS	__thiscall	undefined	2	false	\N	false	59a9dfa0-59a9e028	\N	\N	undefined __thiscall FUN_59a9dfa0(int param_1)
59a9e02e	FUN_59a9e02e	FUN_59a9e02e	Global	DEFAULT	ANALYSIS	__stdcall	undefined	0	false	\N	false	59a9e02e-59a9e0d5	\N	\N	undefined __stdcall FUN_59a9e02e(void)
59a9e0db	FUN_59a9e0db	FUN_59a9e0db	Global	DEFAULT	ANALYSIS	__thiscall	void *	2	false	\N	false	59a9e0db-59a9e56a	\N	\N	void * __thiscall FUN_59a9e0db(undefined4 * param_1)
59a9e570	FUN_59a9e570	FUN_59a9e570	Global	DEFAULT	ANALYSIS	__stdcall	bool	0	false	\N	false	59a9e570-59a9e5d4	\N	\N	bool __stdcall FUN_59a9e570(void)
59a9e5fd	thunk_FUN_59abb194	thunk_FUN_59abb194	Global	DEFAULT	ANALYSIS	__stdcall	undefined	0	true	FUN_59abb194	false	59a9e5fd-59a9e601	\N	\N	undefined __stdcall thunk_FUN_59abb194(void)
59a9e607	FUN_59a9e607	FUN_59a9e607	Global	DEFAULT	ANALYSIS	__fastcall	undefined	1	false	\N	false	59a9e607-59a9e61f	\N	\N	undefined __fastcall FUN_59a9e607(int param_1)
59a9e625	FUN_59a9e625	FUN_59a9e625	Global	DEFAULT	ANALYSIS	__thiscall	undefined	2	false	\N	false	59a9e625-59a9e64f	\N	\N	undefined __thiscall FUN_59a9e625(undefined4 * param_1)
59a9e655	FUN_59a9e655	FUN_59a9e655	Global	DEFAULT	ANALYSIS	__fastcall	undefined	1	false	\N	false	59a9e655-59a9e691	\N	\N	undefined __fastcall FUN_59a9e655(int param_1)
59a9e697	FUN_59a9e697	FUN_59a9e697	Global	DEFAULT	ANALYSIS	__stdcall	undefined4	0	false	\N	false	59a9e697-59a9e71a	\N	\N	undefined4 __stdcall FUN_59a9e697(void)
59a9e92b	FUN_59a9e92b	FUN_59a9e92b	Global	DEFAULT	ANALYSIS	__stdcall	undefined4	0	false	\N	false	59a9e92b-59a9e99e	\N	\N	undefined4 __stdcall FUN_59a9e92b(void)
59a9e9a4	FUN_59a9e9a4	FUN_59a9e9a4	Global	DEFAULT	ANALYSIS	__stdcall	undefined4	0	false	\N	false	59a9e9a4-59a9ea1a	\N	\N	undefined4 __stdcall FUN_59a9e9a4(void)
59a9ea20	FUN_59a9ea20	FUN_59a9ea20	Global	DEFAULT	ANALYSIS	__stdcall	undefined4	0	false	\N	false	59a9ea20-59a9ea8a	\N	\N	undefined4 __stdcall FUN_59a9ea20(void)
59a9ea90	FUN_59a9ea90	FUN_59a9ea90	Global	DEFAULT	ANALYSIS	__fastcall	undefined	1	false	\N	false	59a9ea90-59a9eac2	\N	\N	undefined __fastcall FUN_59a9ea90(undefined4 * param_1)
59a9eac8	FUN_59a9eac8	FUN_59a9eac8	Global	DEFAULT	ANALYSIS	__stdcall	undefined4	3	false	\N	false	59a9eac8-59a9eb13	\N	\N	undefined4 __stdcall FUN_59a9eac8(int * param_1, int * param_2, undefined4 * param_3)
59a9eb35	FUN_59a9eb35	FUN_59a9eb35	Global	DEFAULT	ANALYSIS	__fastcall	undefined	1	false	\N	false	59a9eb35-59a9eb67	\N	\N	undefined __fastcall FUN_59a9eb35(undefined4 * param_1)
59a9eb7a	FUN_59a9eb7a	FUN_59a9eb7a	Global	DEFAULT	ANALYSIS	__stdcall	undefined4	3	false	\N	false	59a9eb7a-59a9ebc5	\N	\N	undefined4 __stdcall FUN_59a9eb7a(int * param_1, int * param_2, undefined4 * param_3)
59a9ebcb	FUN_59a9ebcb	FUN_59a9ebcb	Global	DEFAULT	ANALYSIS	__stdcall	undefined4	0	false	\N	false	59a9ebcb-59a9ec3f	\N	\N	undefined4 __stdcall FUN_59a9ebcb(void)
59a9ec45	FUN_59a9ec45	FUN_59a9ec45	Global	DEFAULT	ANALYSIS	__stdcall	undefined	0	false	\N	false	59a9ec45-59a9ecac	\N	\N	undefined __stdcall FUN_59a9ec45(void)
59a9ecb2	FUN_59a9ecb2	FUN_59a9ecb2	Global	DEFAULT	ANALYSIS	__thiscall	undefined4	2	false	\N	false	59a9ecb2-59a9ecda	\N	\N	undefined4 __thiscall FUN_59a9ecb2(uint param_1)
59a9ece0	FUN_59a9ece0	FUN_59a9ece0	Global	DEFAULT	ANALYSIS	__fastcall	undefined4 *	1	false	\N	false	59a9ece0-59a9ed00	\N	\N	undefined4 * __fastcall FUN_59a9ece0(undefined4 * param_1)
59a9ed06	FUN_59a9ed06	FUN_59a9ed06	Global	DEFAULT	ANALYSIS	__stdcall	undefined4	4	false	\N	false	59a9ed06-59a9ed71	\N	\N	undefined4 __stdcall FUN_59a9ed06(undefined4 param_1, uint param_2, int param_3, undefined4 * param_4)
59a9ef4d	FUN_59a9ef4d	FUN_59a9ef4d	Global	DEFAULT	ANALYSIS	__thiscall	void *	2	false	\N	false	59a9ef4d-59a9ef7f	\N	\N	void * __thiscall FUN_59a9ef4d(int * param_1)
59a9ef85	FUN_59a9ef85	FUN_59a9ef85	Global	DEFAULT	ANALYSIS	__stdcall	undefined4	3	false	\N	false	59a9ef85-59a9efd6	\N	\N	undefined4 __stdcall FUN_59a9ef85(int * param_1, int * param_2, undefined4 * param_3)
59a9f016	FUN_59a9f016	FUN_59a9f016	Global	DEFAULT	ANALYSIS	__fastcall	undefined	1	false	\N	false	59a9f016-59a9f055	\N	\N	undefined __fastcall FUN_59a9f016(undefined4 * param_1)
59a9f05b	FUN_59a9f05b	FUN_59a9f05b	Global	DEFAULT	ANALYSIS	__thiscall	undefined4	2	false	\N	false	59a9f05b-59a9f083	\N	\N	undefined4 __thiscall FUN_59a9f05b(uint param_1)
59a9f089	FUN_59a9f089	FUN_59a9f089	Global	DEFAULT	ANALYSIS	__fastcall	undefined4 *	1	false	\N	false	59a9f089-59a9f0a9	\N	\N	undefined4 * __fastcall FUN_59a9f089(undefined4 * param_1)
59a9f0af	FUN_59a9f0af	FUN_59a9f0af	Global	DEFAULT	ANALYSIS	__stdcall	undefined4	4	false	\N	false	59a9f0af-59a9f11a	\N	\N	undefined4 __stdcall FUN_59a9f0af(undefined4 param_1, uint param_2, int param_3, undefined4 * param_4)
59a9f2f6	FUN_59a9f2f6	FUN_59a9f2f6	Global	DEFAULT	ANALYSIS	__fastcall	undefined	1	false	\N	false	59a9f2f6-59a9f335	\N	\N	undefined __fastcall FUN_59a9f2f6(undefined4 * param_1)
59a9f348	FUN_59a9f348	FUN_59a9f348	Global	DEFAULT	ANALYSIS	__fastcall	undefined	1	false	\N	false	59a9f348-59a9f387	\N	\N	undefined __fastcall FUN_59a9f348(undefined4 * param_1)
59a9f39a	FUN_59a9f39a	FUN_59a9f39a	Global	DEFAULT	ANALYSIS	__stdcall	undefined4	0	false	\N	false	59a9f39a-59a9f3e0	\N	\N	undefined4 __stdcall FUN_59a9f39a(void)
59a9f3e6	FUN_59a9f3e6	FUN_59a9f3e6	Global	DEFAULT	ANALYSIS	__thiscall	undefined4	2	false	\N	false	59a9f3e6-59a9f40e	\N	\N	undefined4 __thiscall FUN_59a9f3e6(uint param_1)
59a9f440	FUN_59a9f440	FUN_59a9f440	Global	DEFAULT	ANALYSIS	__thiscall	void *	3	false	\N	false	59a9f440-59a9f463	\N	\N	void * __thiscall FUN_59a9f440(undefined4 param_1, undefined4 param_2)
59a9f4a6	FUN_59a9f4a6	FUN_59a9f4a6	Global	DEFAULT	ANALYSIS	__stdcall	undefined	0	false	\N	false	59a9f4a6-59a9f4e9	\N	\N	undefined __stdcall FUN_59a9f4a6(void)
59a9f4ef	FUN_59a9f4ef	FUN_59a9f4ef	Global	DEFAULT	ANALYSIS	__stdcall	bool	0	false	\N	false	59a9f4ef-59a9f54b	\N	\N	bool __stdcall FUN_59a9f4ef(void)
59a9f551	FUN_59a9f551	FUN_59a9f551	Global	DEFAULT	ANALYSIS	__stdcall	undefined4 *	0	false	\N	false	59a9f551-59a9f5a2	\N	\N	undefined4 * __stdcall FUN_59a9f551(void)
59a9f5a8	FUN_59a9f5a8	FUN_59a9f5a8	Global	DEFAULT	ANALYSIS	__thiscall	void *	3	false	\N	false	59a9f5a8-59a9f5cb	\N	\N	void * __thiscall FUN_59a9f5a8(undefined4 param_1, undefined4 param_2)
59a9f627	FUN_59a9f627	FUN_59a9f627	Global	DEFAULT	ANALYSIS	__stdcall	undefined	0	false	\N	false	59a9f627-59a9f66a	\N	\N	undefined __stdcall FUN_59a9f627(void)
59a9f670	FUN_59a9f670	FUN_59a9f670	Global	DEFAULT	ANALYSIS	__stdcall	bool	0	false	\N	false	59a9f670-59a9f6cc	\N	\N	bool __stdcall FUN_59a9f670(void)
59a9f6d2	FUN_59a9f6d2	FUN_59a9f6d2	Global	DEFAULT	ANALYSIS	__stdcall	undefined4 *	0	false	\N	false	59a9f6d2-59a9f723	\N	\N	undefined4 * __stdcall FUN_59a9f6d2(void)
59a9f729	FUN_59a9f729	FUN_59a9f729	Global	DEFAULT	ANALYSIS	__fastcall	undefined	1	false	\N	false	59a9f729-59a9f768	\N	\N	undefined __fastcall FUN_59a9f729(undefined4 * param_1)
59a9f77b	FUN_59a9f77b	FUN_59a9f77b	Global	DEFAULT	ANALYSIS	__stdcall	undefined4	0	false	\N	false	59a9f77b-59a9f7d0	\N	\N	undefined4 __stdcall FUN_59a9f77b(void)
59a9f7d6	FUN_59a9f7d6	FUN_59a9f7d6	Global	DEFAULT	ANALYSIS	__fastcall	undefined	1	false	\N	false	59a9f7d6-59a9f815	\N	\N	undefined __fastcall FUN_59a9f7d6(undefined4 * param_1)
59a9f828	FUN_59a9f828	FUN_59a9f828	Global	DEFAULT	ANALYSIS	__fastcall	undefined	1	false	\N	false	59a9f828-59a9f867	\N	\N	undefined __fastcall FUN_59a9f828(undefined4 * param_1)
59a9f86d	FUN_59a9f86d	FUN_59a9f86d	Global	DEFAULT	ANALYSIS	__stdcall	undefined	1	false	\N	false	59a9f86d-59a9f87c	\N	\N	undefined __stdcall FUN_59a9f86d(int param_1)
59a9f9df	FUN_59a9f9df	FUN_59a9f9df	Global	DEFAULT	ANALYSIS	__stdcall	undefined	1	false	\N	false	59a9f9df-59a9f9e7	\N	\N	undefined __stdcall FUN_59a9f9df(int * param_1)
59a9fa09	FUN_59a9fa09	FUN_59a9fa09	Global	DEFAULT	ANALYSIS	__stdcall	undefined	1	false	\N	false	59a9fa09-59a9fa11	\N	\N	undefined __stdcall FUN_59a9fa09(int * param_1)
59a9fa33	FUN_59a9fa33	FUN_59a9fa33	Global	DEFAULT	ANALYSIS	__stdcall	undefined	1	false	\N	false	59a9fa33-59a9fa3b	\N	\N	undefined __stdcall FUN_59a9fa33(int * param_1)
59a9fa5d	FUN_59a9fa5d	FUN_59a9fa5d	Global	DEFAULT	ANALYSIS	__stdcall	undefined	1	false	\N	false	59a9fa5d-59a9fa65	\N	\N	undefined __stdcall FUN_59a9fa5d(int * param_1)
59a9fa87	FUN_59a9fa87	FUN_59a9fa87	Global	DEFAULT	ANALYSIS	__stdcall	undefined	1	false	\N	false	59a9fa87-59a9fa8f	\N	\N	undefined __stdcall FUN_59a9fa87(int * param_1)
59a9fab1	FUN_59a9fab1	FUN_59a9fab1	Global	DEFAULT	ANALYSIS	__stdcall	undefined	1	false	\N	false	59a9fab1-59a9fab9	\N	\N	undefined __stdcall FUN_59a9fab1(int * param_1)
59a9fadb	FUN_59a9fadb	FUN_59a9fadb	Global	DEFAULT	ANALYSIS	__stdcall	undefined	1	false	\N	false	59a9fadb-59a9fae3	\N	\N	undefined __stdcall FUN_59a9fadb(int * param_1)
59a9fb05	FUN_59a9fb05	FUN_59a9fb05	Global	DEFAULT	ANALYSIS	__stdcall	undefined	1	false	\N	false	59a9fb05-59a9fb0d	\N	\N	undefined __stdcall FUN_59a9fb05(int * param_1)
59a9fb2f	FUN_59a9fb2f	FUN_59a9fb2f	Global	DEFAULT	ANALYSIS	__stdcall	undefined	1	false	\N	false	59a9fb2f-59a9fb3a	\N	\N	undefined __stdcall FUN_59a9fb2f(int * param_1)
59a9fb5c	FUN_59a9fb5c	FUN_59a9fb5c	Global	DEFAULT	ANALYSIS	__stdcall	undefined	1	false	\N	false	59a9fb5c-59a9fb67	\N	\N	undefined __stdcall FUN_59a9fb5c(int * param_1)
59a9fb89	FUN_59a9fb89	FUN_59a9fb89	Global	DEFAULT	ANALYSIS	__stdcall	undefined	1	false	\N	false	59a9fb89-59a9fb94	\N	\N	undefined __stdcall FUN_59a9fb89(int * param_1)
59a9fbb6	FUN_59a9fbb6	FUN_59a9fbb6	Global	DEFAULT	ANALYSIS	__stdcall	undefined	1	false	\N	false	59a9fbb6-59a9fbc1	\N	\N	undefined __stdcall FUN_59a9fbb6(int * param_1)
59a9fbe3	FUN_59a9fbe3	FUN_59a9fbe3	Global	DEFAULT	ANALYSIS	__stdcall	undefined	1	false	\N	false	59a9fbe3-59a9fbee	\N	\N	undefined __stdcall FUN_59a9fbe3(int * param_1)
59a9fc10	FUN_59a9fc10	FUN_59a9fc10	Global	DEFAULT	ANALYSIS	__stdcall	undefined	1	false	\N	false	59a9fc10-59a9fc1b	\N	\N	undefined __stdcall FUN_59a9fc10(int * param_1)
59a9fc3d	FUN_59a9fc3d	FUN_59a9fc3d	Global	DEFAULT	ANALYSIS	__stdcall	undefined	1	false	\N	false	59a9fc3d-59a9fc48	\N	\N	undefined __stdcall FUN_59a9fc3d(int * param_1)
59a9fc6a	FUN_59a9fc6a	FUN_59a9fc6a	Global	DEFAULT	ANALYSIS	__stdcall	undefined	1	false	\N	false	59a9fc6a-59a9fc75	\N	\N	undefined __stdcall FUN_59a9fc6a(int * param_1)
59a9fc97	FUN_59a9fc97	FUN_59a9fc97	Global	DEFAULT	ANALYSIS	__stdcall	undefined	1	false	\N	false	59a9fc97-59a9fca2	\N	\N	undefined __stdcall FUN_59a9fc97(int * param_1)
59a9fcc4	FUN_59a9fcc4	FUN_59a9fcc4	Global	DEFAULT	ANALYSIS	__stdcall	undefined	1	false	\N	false	59a9fcc4-59a9fccf	\N	\N	undefined __stdcall FUN_59a9fcc4(int * param_1)
59a9fcf1	FUN_59a9fcf1	FUN_59a9fcf1	Global	DEFAULT	ANALYSIS	__stdcall	undefined	1	false	\N	false	59a9fcf1-59a9fcfc	\N	\N	undefined __stdcall FUN_59a9fcf1(int * param_1)
59a9fd1e	FUN_59a9fd1e	FUN_59a9fd1e	Global	DEFAULT	ANALYSIS	__stdcall	undefined	1	false	\N	false	59a9fd1e-59a9fd29	\N	\N	undefined __stdcall FUN_59a9fd1e(int * param_1)
59a9fd4b	FUN_59a9fd4b	FUN_59a9fd4b	Global	DEFAULT	ANALYSIS	__stdcall	undefined	1	false	\N	false	59a9fd4b-59a9fd56	\N	\N	undefined __stdcall FUN_59a9fd4b(int * param_1)
59a9fd78	FUN_59a9fd78	FUN_59a9fd78	Global	DEFAULT	ANALYSIS	__stdcall	undefined	1	false	\N	false	59a9fd78-59a9fd83	\N	\N	undefined __stdcall FUN_59a9fd78(int * param_1)
59a9fda5	FUN_59a9fda5	FUN_59a9fda5	Global	DEFAULT	ANALYSIS	__stdcall	undefined	1	false	\N	false	59a9fda5-59a9fdb0	\N	\N	undefined __stdcall FUN_59a9fda5(int * param_1)
59a9fdd2	FUN_59a9fdd2	FUN_59a9fdd2	Global	DEFAULT	ANALYSIS	__stdcall	undefined	1	false	\N	false	59a9fdd2-59a9fddd	\N	\N	undefined __stdcall FUN_59a9fdd2(int * param_1)
59a9fdff	FUN_59a9fdff	FUN_59a9fdff	Global	DEFAULT	ANALYSIS	__stdcall	undefined	1	false	\N	false	59a9fdff-59a9fe0a	\N	\N	undefined __stdcall FUN_59a9fdff(int * param_1)
59a9fe2c	FUN_59a9fe2c	FUN_59a9fe2c	Global	DEFAULT	ANALYSIS	__stdcall	undefined	1	false	\N	false	59a9fe2c-59a9fe37	\N	\N	undefined __stdcall FUN_59a9fe2c(int * param_1)
59a9fe59	FUN_59a9fe59	FUN_59a9fe59	Global	DEFAULT	ANALYSIS	__stdcall	undefined	1	false	\N	false	59a9fe59-59a9fe64	\N	\N	undefined __stdcall FUN_59a9fe59(int * param_1)
59a9fe86	FUN_59a9fe86	FUN_59a9fe86	Global	DEFAULT	ANALYSIS	__stdcall	undefined	1	false	\N	false	59a9fe86-59a9fe91	\N	\N	undefined __stdcall FUN_59a9fe86(int * param_1)
59a9feb3	FUN_59a9feb3	FUN_59a9feb3	Global	DEFAULT	ANALYSIS	__stdcall	undefined	1	false	\N	false	59a9feb3-59a9febe	\N	\N	undefined __stdcall FUN_59a9feb3(int * param_1)
59a9fee0	FUN_59a9fee0	FUN_59a9fee0	Global	DEFAULT	ANALYSIS	__stdcall	undefined	1	false	\N	false	59a9fee0-59a9feeb	\N	\N	undefined __stdcall FUN_59a9fee0(int * param_1)
59a9ff0d	FUN_59a9ff0d	FUN_59a9ff0d	Global	DEFAULT	ANALYSIS	__stdcall	undefined	1	false	\N	false	59a9ff0d-59a9ff18	\N	\N	undefined __stdcall FUN_59a9ff0d(int * param_1)
59a9ff3a	FUN_59a9ff3a	FUN_59a9ff3a	Global	DEFAULT	ANALYSIS	__stdcall	undefined	1	false	\N	false	59a9ff3a-59a9ff45	\N	\N	undefined __stdcall FUN_59a9ff3a(int * param_1)
59a9ff67	FUN_59a9ff67	FUN_59a9ff67	Global	DEFAULT	ANALYSIS	__stdcall	undefined	1	false	\N	false	59a9ff67-59a9ff72	\N	\N	undefined __stdcall FUN_59a9ff67(int * param_1)
59a9ff94	FUN_59a9ff94	FUN_59a9ff94	Global	DEFAULT	ANALYSIS	__stdcall	undefined	1	false	\N	false	59a9ff94-59a9ff9f	\N	\N	undefined __stdcall FUN_59a9ff94(int * param_1)
59a9ffc1	FUN_59a9ffc1	FUN_59a9ffc1	Global	DEFAULT	ANALYSIS	__stdcall	undefined	1	false	\N	false	59a9ffc1-59a9ffcc	\N	\N	undefined __stdcall FUN_59a9ffc1(int * param_1)
59a9ffee	FUN_59a9ffee	FUN_59a9ffee	Global	DEFAULT	ANALYSIS	__stdcall	undefined	1	false	\N	false	59a9ffee-59a9fff9	\N	\N	undefined __stdcall FUN_59a9ffee(int * param_1)
59aa001b	FUN_59aa001b	FUN_59aa001b	Global	DEFAULT	ANALYSIS	__stdcall	undefined	1	false	\N	false	59aa001b-59aa0026	\N	\N	undefined __stdcall FUN_59aa001b(int * param_1)
59aa0048	FUN_59aa0048	FUN_59aa0048	Global	DEFAULT	ANALYSIS	__stdcall	undefined	1	false	\N	false	59aa0048-59aa0053	\N	\N	undefined __stdcall FUN_59aa0048(int * param_1)
59aa0075	FUN_59aa0075	FUN_59aa0075	Global	DEFAULT	ANALYSIS	__stdcall	undefined	1	false	\N	false	59aa0075-59aa0080	\N	\N	undefined __stdcall FUN_59aa0075(int * param_1)
59aa00a2	FUN_59aa00a2	FUN_59aa00a2	Global	DEFAULT	ANALYSIS	__stdcall	undefined	1	false	\N	false	59aa00a2-59aa00ad	\N	\N	undefined __stdcall FUN_59aa00a2(int * param_1)
59aa00cf	FUN_59aa00cf	FUN_59aa00cf	Global	DEFAULT	ANALYSIS	__stdcall	undefined	1	false	\N	false	59aa00cf-59aa00da	\N	\N	undefined __stdcall FUN_59aa00cf(int * param_1)
59aa00fc	FUN_59aa00fc	FUN_59aa00fc	Global	DEFAULT	ANALYSIS	__stdcall	undefined	1	false	\N	false	59aa00fc-59aa0107	\N	\N	undefined __stdcall FUN_59aa00fc(int * param_1)
59aa0129	FUN_59aa0129	FUN_59aa0129	Global	DEFAULT	ANALYSIS	__stdcall	undefined	1	false	\N	false	59aa0129-59aa0134	\N	\N	undefined __stdcall FUN_59aa0129(int * param_1)
59aa0156	FUN_59aa0156	FUN_59aa0156	Global	DEFAULT	ANALYSIS	__stdcall	undefined	1	false	\N	false	59aa0156-59aa0161	\N	\N	undefined __stdcall FUN_59aa0156(int * param_1)
59aa0183	FUN_59aa0183	FUN_59aa0183	Global	DEFAULT	ANALYSIS	__stdcall	undefined	1	false	\N	false	59aa0183-59aa018e	\N	\N	undefined __stdcall FUN_59aa0183(int * param_1)
59aa01b0	FUN_59aa01b0	FUN_59aa01b0	Global	DEFAULT	ANALYSIS	__stdcall	undefined	1	false	\N	false	59aa01b0-59aa01bb	\N	\N	undefined __stdcall FUN_59aa01b0(int * param_1)
59aa01dd	FUN_59aa01dd	FUN_59aa01dd	Global	DEFAULT	ANALYSIS	__stdcall	undefined	1	false	\N	false	59aa01dd-59aa01e8	\N	\N	undefined __stdcall FUN_59aa01dd(int * param_1)
59aa020a	FUN_59aa020a	FUN_59aa020a	Global	DEFAULT	ANALYSIS	__stdcall	undefined	1	false	\N	false	59aa020a-59aa0215	\N	\N	undefined __stdcall FUN_59aa020a(int * param_1)
59aa0237	FUN_59aa0237	FUN_59aa0237	Global	DEFAULT	ANALYSIS	__stdcall	undefined	1	false	\N	false	59aa0237-59aa0242	\N	\N	undefined __stdcall FUN_59aa0237(int * param_1)
59aa0264	FUN_59aa0264	FUN_59aa0264	Global	DEFAULT	ANALYSIS	__stdcall	undefined	1	false	\N	false	59aa0264-59aa026f	\N	\N	undefined __stdcall FUN_59aa0264(int * param_1)
59aa0291	FUN_59aa0291	FUN_59aa0291	Global	DEFAULT	ANALYSIS	__stdcall	undefined	1	false	\N	false	59aa0291-59aa029c	\N	\N	undefined __stdcall FUN_59aa0291(int * param_1)
59aa02be	FUN_59aa02be	FUN_59aa02be	Global	DEFAULT	ANALYSIS	__stdcall	undefined	1	false	\N	false	59aa02be-59aa02c9	\N	\N	undefined __stdcall FUN_59aa02be(int * param_1)
59aa02eb	FUN_59aa02eb	FUN_59aa02eb	Global	DEFAULT	ANALYSIS	__stdcall	undefined	1	false	\N	false	59aa02eb-59aa02f6	\N	\N	undefined __stdcall FUN_59aa02eb(int * param_1)
59aa0318	FUN_59aa0318	FUN_59aa0318	Global	DEFAULT	ANALYSIS	__stdcall	undefined	1	false	\N	false	59aa0318-59aa0323	\N	\N	undefined __stdcall FUN_59aa0318(int * param_1)
59aa0345	FUN_59aa0345	FUN_59aa0345	Global	DEFAULT	ANALYSIS	__stdcall	undefined	1	false	\N	false	59aa0345-59aa0350	\N	\N	undefined __stdcall FUN_59aa0345(int * param_1)
59aa0372	FUN_59aa0372	FUN_59aa0372	Global	DEFAULT	ANALYSIS	__stdcall	undefined	1	false	\N	false	59aa0372-59aa037d	\N	\N	undefined __stdcall FUN_59aa0372(int * param_1)
59aa039f	FUN_59aa039f	FUN_59aa039f	Global	DEFAULT	ANALYSIS	__stdcall	undefined	1	false	\N	false	59aa039f-59aa03aa	\N	\N	undefined __stdcall FUN_59aa039f(int * param_1)
59aa03cc	FUN_59aa03cc	FUN_59aa03cc	Global	DEFAULT	ANALYSIS	__stdcall	undefined	1	false	\N	false	59aa03cc-59aa03d7	\N	\N	undefined __stdcall FUN_59aa03cc(int * param_1)
59aa03f9	FUN_59aa03f9	FUN_59aa03f9	Global	DEFAULT	ANALYSIS	__stdcall	undefined	1	false	\N	false	59aa03f9-59aa0404	\N	\N	undefined __stdcall FUN_59aa03f9(int * param_1)
59aa0426	FUN_59aa0426	FUN_59aa0426	Global	DEFAULT	ANALYSIS	__stdcall	undefined	1	false	\N	false	59aa0426-59aa0431	\N	\N	undefined __stdcall FUN_59aa0426(int * param_1)
59aa0453	FUN_59aa0453	FUN_59aa0453	Global	DEFAULT	ANALYSIS	__stdcall	undefined	1	false	\N	false	59aa0453-59aa045e	\N	\N	undefined __stdcall FUN_59aa0453(int * param_1)
59aa0480	FUN_59aa0480	FUN_59aa0480	Global	DEFAULT	ANALYSIS	__stdcall	undefined	1	false	\N	false	59aa0480-59aa048b	\N	\N	undefined __stdcall FUN_59aa0480(int * param_1)
59aa04ad	FUN_59aa04ad	FUN_59aa04ad	Global	DEFAULT	ANALYSIS	__stdcall	undefined	1	false	\N	false	59aa04ad-59aa04b8	\N	\N	undefined __stdcall FUN_59aa04ad(int * param_1)
59aa04da	FUN_59aa04da	FUN_59aa04da	Global	DEFAULT	ANALYSIS	__stdcall	undefined	1	false	\N	false	59aa04da-59aa04e5	\N	\N	undefined __stdcall FUN_59aa04da(int * param_1)
59aa0507	FUN_59aa0507	FUN_59aa0507	Global	DEFAULT	ANALYSIS	__stdcall	undefined	1	false	\N	false	59aa0507-59aa0512	\N	\N	undefined __stdcall FUN_59aa0507(int * param_1)
59aa0534	FUN_59aa0534	FUN_59aa0534	Global	DEFAULT	ANALYSIS	__stdcall	undefined	1	false	\N	false	59aa0534-59aa053f	\N	\N	undefined __stdcall FUN_59aa0534(int * param_1)
59aa0561	FUN_59aa0561	FUN_59aa0561	Global	DEFAULT	ANALYSIS	__stdcall	undefined	1	false	\N	false	59aa0561-59aa056c	\N	\N	undefined __stdcall FUN_59aa0561(int * param_1)
59aa058e	FUN_59aa058e	FUN_59aa058e	Global	DEFAULT	ANALYSIS	__stdcall	undefined	1	false	\N	false	59aa058e-59aa0599	\N	\N	undefined __stdcall FUN_59aa058e(int * param_1)
59aa05bb	FUN_59aa05bb	FUN_59aa05bb	Global	DEFAULT	ANALYSIS	__stdcall	undefined	1	false	\N	false	59aa05bb-59aa05c6	\N	\N	undefined __stdcall FUN_59aa05bb(int * param_1)
59aa05cc	FUN_59aa05cc	FUN_59aa05cc	Global	DEFAULT	ANALYSIS	__thiscall	undefined4	2	false	\N	false	59aa05cc-59aa05ed	\N	\N	undefined4 __thiscall FUN_59aa05cc(int * param_1)
59aa05f3	FUN_59aa05f3	FUN_59aa05f3	Global	DEFAULT	ANALYSIS	__thiscall	undefined4	2	false	\N	false	59aa05f3-59aa0614	\N	\N	undefined4 __thiscall FUN_59aa05f3(int * param_1)
59aa061a	FUN_59aa061a	FUN_59aa061a	Global	DEFAULT	ANALYSIS	__thiscall	void *	2	false	\N	false	59aa061a-59aa0637	\N	\N	void * __thiscall FUN_59aa061a(byte param_1)
59aa063d	FUN_59aa063d	FUN_59aa063d	Global	DEFAULT	ANALYSIS	__thiscall	void *	2	false	\N	false	59aa063d-59aa065a	\N	\N	void * __thiscall FUN_59aa063d(byte param_1)
59aa0660	FUN_59aa0660	FUN_59aa0660	Global	DEFAULT	ANALYSIS	__thiscall	void *	2	false	\N	false	59aa0660-59aa067d	\N	\N	void * __thiscall FUN_59aa0660(byte param_1)
59aa0683	FUN_59aa0683	FUN_59aa0683	Global	DEFAULT	ANALYSIS	__thiscall	void *	2	false	\N	false	59aa0683-59aa06a0	\N	\N	void * __thiscall FUN_59aa0683(byte param_1)
59aa06a6	FUN_59aa06a6	FUN_59aa06a6	Global	DEFAULT	ANALYSIS	__thiscall	void *	2	false	\N	false	59aa06a6-59aa06c3	\N	\N	void * __thiscall FUN_59aa06a6(byte param_1)
59aa06c9	FUN_59aa06c9	FUN_59aa06c9	Global	DEFAULT	ANALYSIS	__thiscall	void *	2	false	\N	false	59aa06c9-59aa06e6	\N	\N	void * __thiscall FUN_59aa06c9(byte param_1)
59aa06ec	FUN_59aa06ec	FUN_59aa06ec	Global	DEFAULT	ANALYSIS	__fastcall	undefined	1	false	\N	false	59aa06ec-59aa06f2	\N	\N	undefined __fastcall FUN_59aa06ec(undefined4 * param_1)
59aa071b	FUN_59aa071b	FUN_59aa071b	Global	DEFAULT	ANALYSIS	__stdcall	undefined4 *	0	false	\N	false	59aa071b-59aa0780	\N	\N	undefined4 * __stdcall FUN_59aa071b(void)
59aa07a9	FUN_59aa07a9	FUN_59aa07a9	Global	DEFAULT	ANALYSIS	__thiscall	void *	3	false	\N	false	59aa07a9-59aa07cc	\N	\N	void * __thiscall FUN_59aa07a9(undefined4 param_1, undefined4 param_2)
59aa080d	FUN_59aa080d	FUN_59aa080d	Global	DEFAULT	ANALYSIS	__stdcall	undefined	0	false	\N	false	59aa080d-59aa0850	\N	\N	undefined __stdcall FUN_59aa080d(void)
59aa0856	FUN_59aa0856	FUN_59aa0856	Global	DEFAULT	ANALYSIS	__thiscall	void *	3	false	\N	false	59aa0856-59aa0879	\N	\N	void * __thiscall FUN_59aa0856(undefined4 param_1, undefined4 param_2)
59aa08b9	FUN_59aa08b9	FUN_59aa08b9	Global	DEFAULT	ANALYSIS	__stdcall	undefined	0	false	\N	false	59aa08b9-59aa08fc	\N	\N	undefined __stdcall FUN_59aa08b9(void)
59aa0902	FUN_59aa0902	FUN_59aa0902	Global	DEFAULT	ANALYSIS	__thiscall	void *	3	false	\N	false	59aa0902-59aa0925	\N	\N	void * __thiscall FUN_59aa0902(undefined4 param_1, undefined4 param_2)
59aa094e	FUN_59aa094e	FUN_59aa094e	Global	DEFAULT	ANALYSIS	__stdcall	undefined	0	false	\N	false	59aa094e-59aa0991	\N	\N	undefined __stdcall FUN_59aa094e(void)
59aa0997	FUN_59aa0997	FUN_59aa0997	Global	DEFAULT	ANALYSIS	__thiscall	void *	3	false	\N	false	59aa0997-59aa09ba	\N	\N	void * __thiscall FUN_59aa0997(undefined4 param_1, undefined4 param_2)
59aa0a08	FUN_59aa0a08	FUN_59aa0a08	Global	DEFAULT	ANALYSIS	__stdcall	undefined	0	false	\N	false	59aa0a08-59aa0a4b	\N	\N	undefined __stdcall FUN_59aa0a08(void)
59aa0a51	FUN_59aa0a51	FUN_59aa0a51	Global	DEFAULT	ANALYSIS	__thiscall	void *	3	false	\N	false	59aa0a51-59aa0a74	\N	\N	void * __thiscall FUN_59aa0a51(undefined4 param_1, undefined4 param_2)
59aa0ab7	FUN_59aa0ab7	FUN_59aa0ab7	Global	DEFAULT	ANALYSIS	__stdcall	undefined	0	false	\N	false	59aa0ab7-59aa0afa	\N	\N	undefined __stdcall FUN_59aa0ab7(void)
59aa0b00	FUN_59aa0b00	FUN_59aa0b00	Global	DEFAULT	ANALYSIS	__thiscall	void *	3	false	\N	false	59aa0b00-59aa0b23	\N	\N	void * __thiscall FUN_59aa0b00(undefined4 param_1, undefined4 param_2)
59aa0b29	FUN_59aa0b29	FUN_59aa0b29	Global	DEFAULT	ANALYSIS	__fastcall	undefined4	1	false	\N	false	59aa0b29-59aa0b56	\N	\N	undefined4 __fastcall FUN_59aa0b29(int param_1)
59aa0b7f	FUN_59aa0b7f	FUN_59aa0b7f	Global	DEFAULT	ANALYSIS	__stdcall	undefined	0	false	\N	false	59aa0b7f-59aa0bc2	\N	\N	undefined __stdcall FUN_59aa0b7f(void)
59aa0bc8	FUN_59aa0bc8	FUN_59aa0bc8	Global	DEFAULT	ANALYSIS	__thiscall	void *	2	false	\N	false	59aa0bc8-59aa0be4	\N	\N	void * __thiscall FUN_59aa0bc8(undefined4 param_1)
59aa0bea	FUN_59aa0bea	FUN_59aa0bea	Global	DEFAULT	ANALYSIS	__stdcall	undefined4	0	false	\N	false	59aa0bea-59aa0bf1	\N	\N	undefined4 __stdcall FUN_59aa0bea(void)
59aa0bf7	FUN_59aa0bf7	FUN_59aa0bf7	Global	DEFAULT	ANALYSIS	__thiscall	void *	3	false	\N	false	59aa0bf7-59aa0c1a	\N	\N	void * __thiscall FUN_59aa0bf7(undefined4 param_1, undefined4 param_2)
59aa0c20	FUN_59aa0c20	FUN_59aa0c20	Global	DEFAULT	ANALYSIS	__thiscall	void *	3	false	\N	false	59aa0c20-59aa0c43	\N	\N	void * __thiscall FUN_59aa0c20(undefined4 param_1, undefined4 param_2)
59aa0c49	FUN_59aa0c49	FUN_59aa0c49	Global	DEFAULT	ANALYSIS	__thiscall	undefined4	2	false	\N	false	59aa0c49-59aa0c75	\N	\N	undefined4 __thiscall FUN_59aa0c49(uint param_1)
59aa0c8a	FUN_59aa0c8a	FUN_59aa0c8a	Global	DEFAULT	ANALYSIS	__thiscall	void *	2	false	\N	false	59aa0c8a-59aa0ca5	\N	\N	void * __thiscall FUN_59aa0c8a(undefined4 param_1)
59aa0cab	FUN_59aa0cab	FUN_59aa0cab	Global	DEFAULT	ANALYSIS	__stdcall	bool	0	false	\N	false	59aa0cab-59aa0d0b	\N	\N	bool __stdcall FUN_59aa0cab(void)
59aa0d11	FUN_59aa0d11	FUN_59aa0d11	Global	DEFAULT	ANALYSIS	__thiscall	void *	4	false	\N	false	59aa0d11-59aa0d3c	\N	\N	void * __thiscall FUN_59aa0d11(undefined4 param_1, undefined4 param_2, undefined4 param_3)
59aa0d42	FUN_59aa0d42	FUN_59aa0d42	Global	DEFAULT	ANALYSIS	__stdcall	undefined4	0	false	\N	false	59aa0d42-59aa0daa	\N	\N	undefined4 __stdcall FUN_59aa0d42(void)
59aa0db0	FUN_59aa0db0	FUN_59aa0db0	Global	DEFAULT	ANALYSIS	__thiscall	void *	2	false	\N	false	59aa0db0-59aa0de6	\N	\N	void * __thiscall FUN_59aa0db0(int param_1)
59aa0e0f	FUN_59aa0e0f	FUN_59aa0e0f	Global	DEFAULT	ANALYSIS	__fastcall	undefined	1	false	\N	false	59aa0e0f-59aa0e33	\N	\N	undefined __fastcall FUN_59aa0e0f(undefined4 * param_1)
59aa0e39	FUN_59aa0e39	FUN_59aa0e39	Global	DEFAULT	ANALYSIS	__thiscall	uint	2	false	\N	false	59aa0e39-59aa0e67	\N	\N	uint __thiscall FUN_59aa0e39(undefined4 * param_1)
59aa0e6d	FUN_59aa0e6d	FUN_59aa0e6d	Global	DEFAULT	ANALYSIS	__thiscall	undefined4	2	false	\N	false	59aa0e6d-59aa0ea1	\N	\N	undefined4 __thiscall FUN_59aa0e6d(undefined4 * param_1)
59aa0ea7	FUN_59aa0ea7	FUN_59aa0ea7	Global	DEFAULT	ANALYSIS	__thiscall	uint	2	false	\N	false	59aa0ea7-59aa0ed9	\N	\N	uint __thiscall FUN_59aa0ea7(undefined4 * param_1)
59aa0edf	FUN_59aa0edf	FUN_59aa0edf	Global	DEFAULT	ANALYSIS	__thiscall	uint	2	false	\N	false	59aa0edf-59aa0f12	\N	\N	uint __thiscall FUN_59aa0edf(uint * param_1)
59aa0f18	FUN_59aa0f18	FUN_59aa0f18	Global	DEFAULT	ANALYSIS	__thiscall	uint	2	false	\N	false	59aa0f18-59aa0f4a	\N	\N	uint __thiscall FUN_59aa0f18(undefined4 * param_1)
59aa0f50	FUN_59aa0f50	FUN_59aa0f50	Global	DEFAULT	ANALYSIS	__thiscall	uint	2	false	\N	false	59aa0f50-59aa0f82	\N	\N	uint __thiscall FUN_59aa0f50(undefined4 * param_1)
59aa0f88	FUN_59aa0f88	FUN_59aa0f88	Global	DEFAULT	ANALYSIS	__thiscall	undefined4	2	false	\N	false	59aa0f88-59aa107b	\N	\N	undefined4 __thiscall FUN_59aa0f88(uint param_1)
59aa1081	FUN_59aa1081	FUN_59aa1081	Global	DEFAULT	ANALYSIS	__stdcall	undefined	0	false	\N	false	59aa1081-59aa1085	\N	\N	undefined __stdcall FUN_59aa1081(void)
59aa108b	FUN_59aa108b	FUN_59aa108b	Global	DEFAULT	ANALYSIS	__fastcall	int	1	false	\N	false	59aa108b-59aa1155	\N	\N	int __fastcall FUN_59aa108b(int param_1)
59aa115b	FUN_59aa115b	FUN_59aa115b	Global	DEFAULT	ANALYSIS	__thiscall	void *	2	false	\N	false	59aa115b-59aa117b	\N	\N	void * __thiscall FUN_59aa115b(int * param_1)
59aa1199	FUN_59aa1199	FUN_59aa1199	Global	DEFAULT	ANALYSIS	__thiscall	uint	2	false	\N	false	59aa1199-59aa11c5	\N	\N	uint __thiscall FUN_59aa1199(undefined4 * param_1)
59aa11cb	FUN_59aa11cb	FUN_59aa11cb	Global	DEFAULT	ANALYSIS	__thiscall	void *	4	false	\N	false	59aa11cb-59aa11f6	\N	\N	void * __thiscall FUN_59aa11cb(int param_1, undefined4 param_2, undefined4 param_3)
59aa11fc	FUN_59aa11fc	FUN_59aa11fc	Global	DEFAULT	ANALYSIS	__stdcall	bool	0	false	\N	false	59aa11fc-59aa1266	\N	\N	bool __stdcall FUN_59aa11fc(void)
59aa126c	FUN_59aa126c	FUN_59aa126c	Global	DEFAULT	ANALYSIS	__fastcall	int	1	false	\N	false	59aa126c-59aa1285	\N	\N	int __fastcall FUN_59aa126c(int param_1)
59aa128b	FUN_59aa128b	FUN_59aa128b	Global	DEFAULT	ANALYSIS	__fastcall	undefined	1	false	\N	false	59aa128b-59aa1292	\N	\N	undefined __fastcall FUN_59aa128b(int param_1)
59aa1298	FUN_59aa1298	FUN_59aa1298	Global	DEFAULT	ANALYSIS	__thiscall	uint	2	false	\N	false	59aa1298-59aa12c4	\N	\N	uint __thiscall FUN_59aa1298(undefined4 * param_1)
59aa12ca	FUN_59aa12ca	FUN_59aa12ca	Global	DEFAULT	ANALYSIS	__thiscall	void *	3	false	\N	false	59aa12ca-59aa1304	\N	\N	void * __thiscall FUN_59aa12ca(int * param_1, int * param_2)
59aa1390	FUN_59aa1390	FUN_59aa1390	Global	DEFAULT	ANALYSIS	__stdcall	undefined	7	false	\N	false	59aa1390-59aa13b3	\N	\N	undefined __stdcall FUN_59aa1390(int param_1, undefined4 param_2, undefined4 param_3, undefined4 param_4, undefined4 param_5, undefined4 param_6, undefined4 param_7)
59aa13d6	FUN_59aa13d6	FUN_59aa13d6	Global	DEFAULT	ANALYSIS	__stdcall	undefined	5	false	\N	false	59aa13d6-59aa13f6	\N	\N	undefined __stdcall FUN_59aa13d6(int param_1, undefined4 param_2, undefined4 param_3, undefined4 param_4, undefined4 param_5)
59aa141f	FUN_59aa141f	FUN_59aa141f	Global	DEFAULT	ANALYSIS	__thiscall	void *	2	false	\N	false	59aa141f-59aa143c	\N	\N	void * __thiscall FUN_59aa141f(byte param_1)
59aa1442	FUN_59aa1442	FUN_59aa1442	Global	DEFAULT	ANALYSIS	__stdcall	undefined	0	false	\N	false	59aa1442-59aa14c7	\N	\N	undefined __stdcall FUN_59aa1442(void)
59aa14da	FUN_59aa14da	FUN_59aa14da	Global	DEFAULT	ANALYSIS	__stdcall	undefined4	3	false	\N	false	59aa14da-59aa154b	\N	\N	undefined4 __stdcall FUN_59aa14da(int * param_1, int * param_2, uint * param_3)
59aa156f	FUN_59aa156f	FUN_59aa156f	Global	DEFAULT	ANALYSIS	__stdcall	undefined4	3	false	\N	false	59aa156f-59aa15bb	\N	\N	undefined4 __stdcall FUN_59aa156f(int param_1, uint param_2, undefined4 * param_3)
59aa15c1	FUN_59aa15c1	FUN_59aa15c1	Global	DEFAULT	ANALYSIS	__thiscall	uint	3	false	\N	false	59aa15c1-59aa15df	\N	\N	uint __thiscall FUN_59aa15c1(uint param_1, undefined4 * param_2)
59aa15e5	FUN_59aa15e5	FUN_59aa15e5	Global	DEFAULT	ANALYSIS	__stdcall	undefined4	0	false	\N	false	59aa15e5-59aa16c8	\N	\N	undefined4 __stdcall FUN_59aa15e5(void)
59aa16ce	FUN_59aa16ce	FUN_59aa16ce	Global	DEFAULT	ANALYSIS	__thiscall	void *	2	false	\N	false	59aa16ce-59aa1700	\N	\N	void * __thiscall FUN_59aa16ce(int * param_1)
59aa1706	FUN_59aa1706	FUN_59aa1706	Global	DEFAULT	ANALYSIS	__thiscall	void *	2	false	\N	false	59aa1706-59aa1723	\N	\N	void * __thiscall FUN_59aa1706(byte param_1)
59aa1729	FUN_59aa1729	FUN_59aa1729	Global	DEFAULT	ANALYSIS	__thiscall	void *	2	false	\N	false	59aa1729-59aa1760	\N	\N	void * __thiscall FUN_59aa1729(int param_1)
59aa1766	FUN_59aa1766	FUN_59aa1766	Global	DEFAULT	ANALYSIS	__stdcall	int	0	false	\N	false	59aa1766-59aa17fa	\N	\N	int __stdcall FUN_59aa1766(void)
59aa1800	FUN_59aa1800	FUN_59aa1800	Global	DEFAULT	ANALYSIS	__stdcall	int	0	false	\N	false	59aa1800-59aa1945	\N	\N	int __stdcall FUN_59aa1800(void)
59aa194b	FUN_59aa194b	FUN_59aa194b	Global	DEFAULT	ANALYSIS	__stdcall	uint	0	false	\N	false	59aa194b-59aa1a4f	\N	\N	uint __stdcall FUN_59aa194b(void)
59aa1aa4	FUN_59aa1aa4	FUN_59aa1aa4	Global	DEFAULT	ANALYSIS	__thiscall	void *	2	false	\N	false	59aa1aa4-59aa1ad6	\N	\N	void * __thiscall FUN_59aa1aa4(int * param_1)
59aa1adc	FUN_59aa1adc	FUN_59aa1adc	Global	DEFAULT	ANALYSIS	__thiscall	void *	2	false	\N	false	59aa1adc-59aa1af9	\N	\N	void * __thiscall FUN_59aa1adc(byte param_1)
59aa1aff	FUN_59aa1aff	FUN_59aa1aff	Global	DEFAULT	ANALYSIS	__thiscall	void *	2	false	\N	false	59aa1aff-59aa1b36	\N	\N	void * __thiscall FUN_59aa1aff(int param_1)
59aa1b3c	FUN_59aa1b3c	FUN_59aa1b3c	Global	DEFAULT	ANALYSIS	__stdcall	int	0	false	\N	false	59aa1b3c-59aa1c7d	\N	\N	int __stdcall FUN_59aa1b3c(void)
59aa1c83	FUN_59aa1c83	FUN_59aa1c83	Global	DEFAULT	ANALYSIS	__stdcall	uint	0	false	\N	false	59aa1c83-59aa1d8c	\N	\N	uint __stdcall FUN_59aa1c83(void)
59aa1de1	FUN_59aa1de1	FUN_59aa1de1	Global	DEFAULT	ANALYSIS	__thiscall	void *	3	false	\N	false	59aa1de1-59aa1e1a	\N	\N	void * __thiscall FUN_59aa1de1(int * param_1, undefined4 param_2)
59aa1e2d	FUN_59aa1e2d	FUN_59aa1e2d	Global	DEFAULT	ANALYSIS	__stdcall	undefined4	3	false	\N	false	59aa1e2d-59aa1e78	\N	\N	undefined4 __stdcall FUN_59aa1e2d(int * param_1, int * param_2, undefined4 * param_3)
59aa1e8d	FUN_59aa1e8d	FUN_59aa1e8d	Global	DEFAULT	ANALYSIS	__thiscall	void *	2	false	\N	false	59aa1e8d-59aa1eaa	\N	\N	void * __thiscall FUN_59aa1e8d(byte param_1)
59aa1eb0	FUN_59aa1eb0	FUN_59aa1eb0	Global	DEFAULT	ANALYSIS	__fastcall	undefined	1	false	\N	false	59aa1eb0-59aa1eec	\N	\N	undefined __fastcall FUN_59aa1eb0(int param_1)
59aa1ef2	FUN_59aa1ef2	FUN_59aa1ef2	Global	DEFAULT	ANALYSIS	__thiscall	void *	2	false	\N	false	59aa1ef2-59aa1f2d	\N	\N	void * __thiscall FUN_59aa1ef2(int param_1)
59aa1f33	FUN_59aa1f33	FUN_59aa1f33	Global	DEFAULT	ANALYSIS	__stdcall	undefined4	0	false	\N	false	59aa1f33-59aa1fc9	\N	\N	undefined4 __stdcall FUN_59aa1f33(void)
59aa1fcf	FUN_59aa1fcf	FUN_59aa1fcf	Global	DEFAULT	ANALYSIS	__stdcall	undefined4	0	false	\N	false	59aa1fcf-59aa2075	\N	\N	undefined4 __stdcall FUN_59aa1fcf(void)
59aa207b	FUN_59aa207b	FUN_59aa207b	Global	DEFAULT	ANALYSIS	__stdcall	undefined4	0	false	\N	false	59aa207b-59aa20d9	\N	\N	undefined4 __stdcall FUN_59aa207b(void)
59aa20df	FUN_59aa20df	FUN_59aa20df	Global	DEFAULT	ANALYSIS	__stdcall	int	0	false	\N	false	59aa20df-59aa2144	\N	\N	int __stdcall FUN_59aa20df(void)
59aa21ab	FUN_59aa21ab	FUN_59aa21ab	Global	DEFAULT	ANALYSIS	__stdcall	int	2	false	\N	false	59aa21ab-59aa2218	\N	\N	int __stdcall FUN_59aa21ab(int param_1, undefined4 * param_2)
59aa221e	FUN_59aa221e	FUN_59aa221e	Global	DEFAULT	ANALYSIS	__stdcall	undefined4	0	false	\N	false	59aa221e-59aa2283	\N	\N	undefined4 __stdcall FUN_59aa221e(void)
59aa2289	FUN_59aa2289	FUN_59aa2289	Global	DEFAULT	ANALYSIS	__thiscall	void *	2	false	\N	false	59aa2289-59aa22b7	\N	\N	void * __thiscall FUN_59aa2289(int * param_1)
59aa22bd	FUN_59aa22bd	FUN_59aa22bd	Global	DEFAULT	ANALYSIS	__stdcall	int	0	false	\N	false	59aa22bd-59aa235a	\N	\N	int __stdcall FUN_59aa22bd(void)
59aa2360	FUN_59aa2360	FUN_59aa2360	Global	DEFAULT	ANALYSIS	__stdcall	undefined4	0	false	\N	false	59aa2360-59aa2425	\N	\N	undefined4 __stdcall FUN_59aa2360(void)
59aa249e	FUN_59aa249e	FUN_59aa249e	Global	DEFAULT	ANALYSIS	__stdcall	int	2	false	\N	false	59aa249e-59aa250b	\N	\N	int __stdcall FUN_59aa249e(int param_1, undefined4 * param_2)
59aa2511	FUN_59aa2511	FUN_59aa2511	Global	DEFAULT	ANALYSIS	__thiscall	void *	2	false	\N	false	59aa2511-59aa2543	\N	\N	void * __thiscall FUN_59aa2511(int * param_1)
59aa2549	FUN_59aa2549	FUN_59aa2549	Global	DEFAULT	ANALYSIS	__stdcall	undefined4	0	false	\N	false	59aa2549-59aa25ae	\N	\N	undefined4 __stdcall FUN_59aa2549(void)
59aa25b4	FUN_59aa25b4	FUN_59aa25b4	Global	DEFAULT	ANALYSIS	__thiscall	void *	2	false	\N	false	59aa25b4-59aa25e2	\N	\N	void * __thiscall FUN_59aa25b4(int * param_1)
59aa25e8	FUN_59aa25e8	FUN_59aa25e8	Global	DEFAULT	ANALYSIS	__stdcall	int	0	false	\N	false	59aa25e8-59aa2685	\N	\N	int __stdcall FUN_59aa25e8(void)
59aa268b	FUN_59aa268b	FUN_59aa268b	Global	DEFAULT	ANALYSIS	__thiscall	void *	2	false	\N	false	59aa268b-59aa26bd	\N	\N	void * __thiscall FUN_59aa268b(int * param_1)
59aa26c3	FUN_59aa26c3	FUN_59aa26c3	Global	DEFAULT	ANALYSIS	__cdecl	void *	1	false	\N	false	59aa26c3-59aa26ff	\N	\N	void * __cdecl FUN_59aa26c3(int * param_1)
59aa2705	FUN_59aa2705	FUN_59aa2705	Global	DEFAULT	ANALYSIS	__cdecl	void *	1	false	\N	false	59aa2705-59aa2741	\N	\N	void * __cdecl FUN_59aa2705(int * param_1)
59aa2747	FUN_59aa2747	FUN_59aa2747	Global	DEFAULT	ANALYSIS	__thiscall	void *	2	false	\N	false	59aa2747-59aa2779	\N	\N	void * __thiscall FUN_59aa2747(int * param_1)
59aa277f	FUN_59aa277f	FUN_59aa277f	Global	DEFAULT	ANALYSIS	__stdcall	undefined4	0	false	\N	false	59aa277f-59aa27e4	\N	\N	undefined4 __stdcall FUN_59aa277f(void)
59aa27ea	FUN_59aa27ea	FUN_59aa27ea	Global	DEFAULT	ANALYSIS	__thiscall	void *	2	false	\N	false	59aa27ea-59aa2818	\N	\N	void * __thiscall FUN_59aa27ea(int * param_1)
59aa282d	FUN_59aa282d	FUN_59aa282d	Global	DEFAULT	ANALYSIS	__stdcall	int	0	false	\N	false	59aa282d-59aa28ca	\N	\N	int __stdcall FUN_59aa282d(void)
59aa28d0	FUN_59aa28d0	FUN_59aa28d0	Global	DEFAULT	ANALYSIS	__stdcall	undefined4	0	false	\N	false	59aa28d0-59aa294a	\N	\N	undefined4 __stdcall FUN_59aa28d0(void)
59aa2950	FUN_59aa2950	FUN_59aa2950	Global	DEFAULT	ANALYSIS	__thiscall	void *	2	false	\N	false	59aa2950-59aa2982	\N	\N	void * __thiscall FUN_59aa2950(int * param_1)
59aa2988	FUN_59aa2988	FUN_59aa2988	Global	DEFAULT	ANALYSIS	__stdcall	undefined4	0	false	\N	false	59aa2988-59aa29ed	\N	\N	undefined4 __stdcall FUN_59aa2988(void)
59aa29f3	FUN_59aa29f3	FUN_59aa29f3	Global	DEFAULT	ANALYSIS	__thiscall	void *	2	false	\N	false	59aa29f3-59aa2a21	\N	\N	void * __thiscall FUN_59aa29f3(int * param_1)
59aa2a27	FUN_59aa2a27	FUN_59aa2a27	Global	DEFAULT	ANALYSIS	__stdcall	int	0	false	\N	false	59aa2a27-59aa2ac4	\N	\N	int __stdcall FUN_59aa2a27(void)
59aa2aca	FUN_59aa2aca	FUN_59aa2aca	Global	DEFAULT	ANALYSIS	__thiscall	void *	2	false	\N	false	59aa2aca-59aa2afc	\N	\N	void * __thiscall FUN_59aa2aca(int * param_1)
59aa2b02	FUN_59aa2b02	FUN_59aa2b02	Global	DEFAULT	ANALYSIS	__stdcall	undefined4	0	false	\N	false	59aa2b02-59aa2b67	\N	\N	undefined4 __stdcall FUN_59aa2b02(void)
59aa2b6d	FUN_59aa2b6d	FUN_59aa2b6d	Global	DEFAULT	ANALYSIS	__thiscall	void *	2	false	\N	false	59aa2b6d-59aa2b9b	\N	\N	void * __thiscall FUN_59aa2b6d(int * param_1)
59aa2bb6	FUN_59aa2bb6	FUN_59aa2bb6	Global	DEFAULT	ANALYSIS	__stdcall	int	0	false	\N	false	59aa2bb6-59aa2c53	\N	\N	int __stdcall FUN_59aa2bb6(void)
59aa2c59	FUN_59aa2c59	FUN_59aa2c59	Global	DEFAULT	ANALYSIS	__thiscall	void *	2	false	\N	false	59aa2c59-59aa2c8b	\N	\N	void * __thiscall FUN_59aa2c59(int * param_1)
59aa2c91	FUN_59aa2c91	FUN_59aa2c91	Global	DEFAULT	ANALYSIS	__stdcall	undefined4	3	false	\N	false	59aa2c91-59aa2ce2	\N	\N	undefined4 __stdcall FUN_59aa2c91(int * param_1, int * param_2, undefined4 * param_3)
59aa2d04	FUN_59aa2d04	FUN_59aa2d04	Global	DEFAULT	ANALYSIS	__fastcall	undefined	1	false	\N	false	59aa2d04-59aa2d43	\N	\N	undefined __fastcall FUN_59aa2d04(undefined4 * param_1)
59aa2d49	FUN_59aa2d49	FUN_59aa2d49	Global	DEFAULT	ANALYSIS	__stdcall	undefined4	0	false	\N	false	59aa2d49-59aa2dae	\N	\N	undefined4 __stdcall FUN_59aa2d49(void)
59aa2db4	FUN_59aa2db4	FUN_59aa2db4	Global	DEFAULT	ANALYSIS	__thiscall	void *	2	false	\N	false	59aa2db4-59aa2de2	\N	\N	void * __thiscall FUN_59aa2db4(int * param_1)
59aa2de8	FUN_59aa2de8	FUN_59aa2de8	Global	DEFAULT	ANALYSIS	__stdcall	int	0	false	\N	false	59aa2de8-59aa2e85	\N	\N	int __stdcall FUN_59aa2de8(void)
59aa2e8b	FUN_59aa2e8b	FUN_59aa2e8b	Global	DEFAULT	ANALYSIS	__thiscall	void *	2	false	\N	false	59aa2e8b-59aa2eb9	\N	\N	void * __thiscall FUN_59aa2e8b(int * param_1)
59aa2ebf	FUN_59aa2ebf	FUN_59aa2ebf	Global	DEFAULT	ANALYSIS	__stdcall	undefined4	3	false	\N	false	59aa2ebf-59aa2f0a	\N	\N	undefined4 __stdcall FUN_59aa2ebf(int * param_1, int * param_2, undefined4 * param_3)
59aa2f10	FUN_59aa2f10	FUN_59aa2f10	Global	DEFAULT	ANALYSIS	__stdcall	int	0	false	\N	false	59aa2f10-59aa2fad	\N	\N	int __stdcall FUN_59aa2f10(void)
59aa2fb3	FUN_59aa2fb3	FUN_59aa2fb3	Global	DEFAULT	ANALYSIS	__cdecl	void *	1	false	\N	false	59aa2fb3-59aa2fef	\N	\N	void * __cdecl FUN_59aa2fb3(int * param_1)
59aa2ff5	FUN_59aa2ff5	FUN_59aa2ff5	Global	DEFAULT	ANALYSIS	__stdcall	bool	0	false	\N	false	59aa2ff5-59aa3051	\N	\N	bool __stdcall FUN_59aa2ff5(void)
59aa3057	FUN_59aa3057	FUN_59aa3057	Global	DEFAULT	ANALYSIS	__stdcall	undefined4 *	0	false	\N	false	59aa3057-59aa30a8	\N	\N	undefined4 * __stdcall FUN_59aa3057(void)
59aa30ae	FUN_59aa30ae	FUN_59aa30ae	Global	DEFAULT	ANALYSIS	__cdecl	void *	1	false	\N	false	59aa30ae-59aa30ea	\N	\N	void * __cdecl FUN_59aa30ae(int * param_1)
59aa30f0	FUN_59aa30f0	FUN_59aa30f0	Global	DEFAULT	ANALYSIS	__stdcall	bool	0	false	\N	false	59aa30f0-59aa314c	\N	\N	bool __stdcall FUN_59aa30f0(void)
59aa3152	FUN_59aa3152	FUN_59aa3152	Global	DEFAULT	ANALYSIS	__stdcall	undefined4 *	0	false	\N	false	59aa3152-59aa31a3	\N	\N	undefined4 * __stdcall FUN_59aa3152(void)
59aa31a9	FUN_59aa31a9	FUN_59aa31a9	Global	DEFAULT	ANALYSIS	__cdecl	void *	1	false	\N	false	59aa31a9-59aa31e5	\N	\N	void * __cdecl FUN_59aa31a9(int * param_1)
59aa31eb	FUN_59aa31eb	FUN_59aa31eb	Global	DEFAULT	ANALYSIS	__stdcall	bool	0	false	\N	false	59aa31eb-59aa3247	\N	\N	bool __stdcall FUN_59aa31eb(void)
59aa324d	FUN_59aa324d	FUN_59aa324d	Global	DEFAULT	ANALYSIS	__stdcall	undefined4 *	0	false	\N	false	59aa324d-59aa329e	\N	\N	undefined4 * __stdcall FUN_59aa324d(void)
59aa32a4	FUN_59aa32a4	FUN_59aa32a4	Global	DEFAULT	ANALYSIS	__cdecl	void *	1	false	\N	false	59aa32a4-59aa32e0	\N	\N	void * __cdecl FUN_59aa32a4(int * param_1)
59aa32e6	FUN_59aa32e6	FUN_59aa32e6	Global	DEFAULT	ANALYSIS	__stdcall	bool	0	false	\N	false	59aa32e6-59aa3342	\N	\N	bool __stdcall FUN_59aa32e6(void)
59aa3348	FUN_59aa3348	FUN_59aa3348	Global	DEFAULT	ANALYSIS	__stdcall	undefined4 *	0	false	\N	false	59aa3348-59aa3399	\N	\N	undefined4 * __stdcall FUN_59aa3348(void)
59aa339f	FUN_59aa339f	FUN_59aa339f	Global	DEFAULT	ANALYSIS	__stdcall	bool	0	false	\N	false	59aa339f-59aa33fb	\N	\N	bool __stdcall FUN_59aa339f(void)
59aa3401	FUN_59aa3401	FUN_59aa3401	Global	DEFAULT	ANALYSIS	__stdcall	undefined4 *	0	false	\N	false	59aa3401-59aa3452	\N	\N	undefined4 * __stdcall FUN_59aa3401(void)
59aa3458	FUN_59aa3458	FUN_59aa3458	Global	DEFAULT	ANALYSIS	__stdcall	bool	0	false	\N	false	59aa3458-59aa34b4	\N	\N	bool __stdcall FUN_59aa3458(void)
59aa34ba	FUN_59aa34ba	FUN_59aa34ba	Global	DEFAULT	ANALYSIS	__stdcall	undefined4 *	0	false	\N	false	59aa34ba-59aa350b	\N	\N	undefined4 * __stdcall FUN_59aa34ba(void)
59aa3511	FUN_59aa3511	FUN_59aa3511	Global	DEFAULT	ANALYSIS	__cdecl	void *	1	false	\N	false	59aa3511-59aa354d	\N	\N	void * __cdecl FUN_59aa3511(int * param_1)
59aa3553	FUN_59aa3553	FUN_59aa3553	Global	DEFAULT	ANALYSIS	__stdcall	bool	0	false	\N	false	59aa3553-59aa35af	\N	\N	bool __stdcall FUN_59aa3553(void)
59aa35b5	FUN_59aa35b5	FUN_59aa35b5	Global	DEFAULT	ANALYSIS	__stdcall	undefined4 *	0	false	\N	false	59aa35b5-59aa3606	\N	\N	undefined4 * __stdcall FUN_59aa35b5(void)
59aa360c	FUN_59aa360c	FUN_59aa360c	Global	DEFAULT	ANALYSIS	__cdecl	void *	1	false	\N	false	59aa360c-59aa3648	\N	\N	void * __cdecl FUN_59aa360c(int * param_1)
59aa364e	FUN_59aa364e	FUN_59aa364e	Global	DEFAULT	ANALYSIS	__stdcall	bool	0	false	\N	false	59aa364e-59aa36aa	\N	\N	bool __stdcall FUN_59aa364e(void)
59aa36b0	FUN_59aa36b0	FUN_59aa36b0	Global	DEFAULT	ANALYSIS	__stdcall	undefined4 *	0	false	\N	false	59aa36b0-59aa3701	\N	\N	undefined4 * __stdcall FUN_59aa36b0(void)
59aa3707	FUN_59aa3707	FUN_59aa3707	Global	DEFAULT	ANALYSIS	__thiscall	void *	2	false	\N	false	59aa3707-59aa3735	\N	\N	void * __thiscall FUN_59aa3707(int * param_1)
59aa373b	FUN_59aa373b	FUN_59aa373b	Global	DEFAULT	ANALYSIS	__stdcall	int	4	false	\N	false	59aa373b-59aa37ef	\N	\N	int __stdcall FUN_59aa373b(int param_1, int param_2, undefined2 * param_3, uint * param_4)
59aa37f5	FUN_59aa37f5	FUN_59aa37f5	Global	DEFAULT	ANALYSIS	__stdcall	int	0	false	\N	false	59aa37f5-59aa3892	\N	\N	int __stdcall FUN_59aa37f5(void)
59aa3898	FUN_59aa3898	FUN_59aa3898	Global	DEFAULT	ANALYSIS	__stdcall	undefined4 *	0	false	\N	false	59aa3898-59aa38ef	\N	\N	undefined4 * __stdcall FUN_59aa3898(void)
59aa38f5	FUN_59aa38f5	FUN_59aa38f5	Global	DEFAULT	ANALYSIS	__stdcall	undefined	1	false	\N	false	59aa38f5-59aa3905	\N	\N	undefined __stdcall FUN_59aa38f5(int param_1)
59aa3918	FUN_59aa3918	FUN_59aa3918	Global	DEFAULT	ANALYSIS	__stdcall	int	0	false	\N	false	59aa3918-59aa39cd	\N	\N	int __stdcall FUN_59aa3918(void)
59aa39d3	FUN_59aa39d3	FUN_59aa39d3	Global	DEFAULT	ANALYSIS	__stdcall	undefined4 *	0	false	\N	false	59aa39d3-59aa3a2a	\N	\N	undefined4 * __stdcall FUN_59aa39d3(void)
59aa3a3d	FUN_59aa3a3d	FUN_59aa3a3d	Global	DEFAULT	ANALYSIS	__fastcall	undefined	1	false	\N	false	59aa3a3d-59aa3a49	\N	\N	undefined __fastcall FUN_59aa3a3d(int * param_1)
59aa3a4f	FUN_59aa3a4f	FUN_59aa3a4f	Global	DEFAULT	ANALYSIS	__stdcall	int	0	false	\N	false	59aa3a4f-59aa3b04	\N	\N	int __stdcall FUN_59aa3a4f(void)
59aa3b0a	FUN_59aa3b0a	FUN_59aa3b0a	Global	DEFAULT	ANALYSIS	__stdcall	undefined4 *	0	false	\N	false	59aa3b0a-59aa3b61	\N	\N	undefined4 * __stdcall FUN_59aa3b0a(void)
59aa3b74	FUN_59aa3b74	FUN_59aa3b74	Global	DEFAULT	ANALYSIS	__stdcall	int	0	false	\N	false	59aa3b74-59aa3bd4	\N	\N	int __stdcall FUN_59aa3b74(void)
59aa3bda	FUN_59aa3bda	FUN_59aa3bda	Global	DEFAULT	ANALYSIS	__stdcall	int	0	false	\N	false	59aa3bda-59aa3c8f	\N	\N	int __stdcall FUN_59aa3bda(void)
59aa3c95	FUN_59aa3c95	FUN_59aa3c95	Global	DEFAULT	ANALYSIS	__stdcall	undefined4 *	0	false	\N	false	59aa3c95-59aa3cec	\N	\N	undefined4 * __stdcall FUN_59aa3c95(void)
59aa3d37	FUN_59aa3d37	FUN_59aa3d37	Global	DEFAULT	ANALYSIS	__stdcall	int	0	false	\N	false	59aa3d37-59aa3dec	\N	\N	int __stdcall FUN_59aa3d37(void)
59aa3df2	FUN_59aa3df2	FUN_59aa3df2	Global	DEFAULT	ANALYSIS	__stdcall	undefined4 *	0	false	\N	false	59aa3df2-59aa3e49	\N	\N	undefined4 * __stdcall FUN_59aa3df2(void)
59aa3e75	FUN_59aa3e75	FUN_59aa3e75	Global	DEFAULT	ANALYSIS	__stdcall	int	0	false	\N	false	59aa3e75-59aa3f2a	\N	\N	int __stdcall FUN_59aa3e75(void)
59aa3f30	FUN_59aa3f30	FUN_59aa3f30	Global	DEFAULT	ANALYSIS	__stdcall	undefined4 *	0	false	\N	false	59aa3f30-59aa3f87	\N	\N	undefined4 * __stdcall FUN_59aa3f30(void)
59aa3fcc	FUN_59aa3fcc	FUN_59aa3fcc	Global	DEFAULT	ANALYSIS	__stdcall	int	4	false	\N	false	59aa3fcc-59aa4089	\N	\N	int __stdcall FUN_59aa3fcc(int param_1, uint param_2, int param_3, uint * param_4)
59aa408f	FUN_59aa408f	FUN_59aa408f	Global	DEFAULT	ANALYSIS	__stdcall	int	0	false	\N	false	59aa408f-59aa4144	\N	\N	int __stdcall FUN_59aa408f(void)
59aa414a	FUN_59aa414a	FUN_59aa414a	Global	DEFAULT	ANALYSIS	__stdcall	int	0	false	\N	false	59aa414a-59aa421e	\N	\N	int __stdcall FUN_59aa414a(void)
59aa4224	FUN_59aa4224	FUN_59aa4224	Global	DEFAULT	ANALYSIS	__thiscall	void *	2	false	\N	false	59aa4224-59aa4241	\N	\N	void * __thiscall FUN_59aa4224(byte param_1)
59aa4247	FUN_59aa4247	FUN_59aa4247	Global	DEFAULT	ANALYSIS	__fastcall	undefined	1	false	\N	false	59aa4247-59aa4276	\N	\N	undefined __fastcall FUN_59aa4247(int param_1)
59aa427c	FUN_59aa427c	FUN_59aa427c	Global	DEFAULT	ANALYSIS	__thiscall	void *	2	false	\N	false	59aa427c-59aa4299	\N	\N	void * __thiscall FUN_59aa427c(byte param_1)
59aa429f	FUN_59aa429f	FUN_59aa429f	Global	DEFAULT	ANALYSIS	__fastcall	undefined	1	false	\N	false	59aa429f-59aa42da	\N	\N	undefined __fastcall FUN_59aa429f(undefined4 * param_1)
59aa42e0	FUN_59aa42e0	FUN_59aa42e0	Global	DEFAULT	ANALYSIS	__thiscall	undefined4 *	2	false	\N	false	59aa42e0-59aa42fd	\N	\N	undefined4 * __thiscall FUN_59aa42e0(byte param_1)
59aa4303	FUN_59aa4303	FUN_59aa4303	Global	DEFAULT	ANALYSIS	__fastcall	undefined	1	false	\N	false	59aa4303-59aa433e	\N	\N	undefined __fastcall FUN_59aa4303(undefined4 * param_1)
59aa4344	FUN_59aa4344	FUN_59aa4344	Global	DEFAULT	ANALYSIS	__thiscall	undefined4 *	2	false	\N	false	59aa4344-59aa4361	\N	\N	undefined4 * __thiscall FUN_59aa4344(byte param_1)
59aa4367	FUN_59aa4367	FUN_59aa4367	Global	DEFAULT	ANALYSIS	__fastcall	undefined	1	false	\N	false	59aa4367-59aa43a2	\N	\N	undefined __fastcall FUN_59aa4367(undefined4 * param_1)
59aa43a8	FUN_59aa43a8	FUN_59aa43a8	Global	DEFAULT	ANALYSIS	__thiscall	undefined4 *	2	false	\N	false	59aa43a8-59aa43c5	\N	\N	undefined4 * __thiscall FUN_59aa43a8(byte param_1)
59aa43cb	FUN_59aa43cb	FUN_59aa43cb	Global	DEFAULT	ANALYSIS	__fastcall	undefined	1	false	\N	false	59aa43cb-59aa4406	\N	\N	undefined __fastcall FUN_59aa43cb(undefined4 * param_1)
59aa440c	FUN_59aa440c	FUN_59aa440c	Global	DEFAULT	ANALYSIS	__thiscall	undefined4 *	2	false	\N	false	59aa440c-59aa4429	\N	\N	undefined4 * __thiscall FUN_59aa440c(byte param_1)
59aa442f	FUN_59aa442f	FUN_59aa442f	Global	DEFAULT	ANALYSIS	__fastcall	undefined	1	false	\N	false	59aa442f-59aa446a	\N	\N	undefined __fastcall FUN_59aa442f(undefined4 * param_1)
59aa4470	FUN_59aa4470	FUN_59aa4470	Global	DEFAULT	ANALYSIS	__thiscall	undefined4 *	2	false	\N	false	59aa4470-59aa448d	\N	\N	undefined4 * __thiscall FUN_59aa4470(byte param_1)
59aa4493	FUN_59aa4493	FUN_59aa4493	Global	DEFAULT	ANALYSIS	__fastcall	undefined	1	false	\N	false	59aa4493-59aa44ce	\N	\N	undefined __fastcall FUN_59aa4493(undefined4 * param_1)
59aa44d4	FUN_59aa44d4	FUN_59aa44d4	Global	DEFAULT	ANALYSIS	__thiscall	void *	5	false	\N	false	59aa44d4-59aa4502	\N	\N	void * __thiscall FUN_59aa44d4(undefined4 param_1, undefined4 param_2, undefined4 param_3, undefined4 param_4)
59aa4540	FUN_59aa4540	FUN_59aa4540	Global	DEFAULT	ANALYSIS	__thiscall	void *	5	false	\N	false	59aa4540-59aa456e	\N	\N	void * __thiscall FUN_59aa4540(undefined4 param_1, undefined4 param_2, undefined4 param_3, undefined4 param_4)
59aa4594	FUN_59aa4594	FUN_59aa4594	Global	DEFAULT	ANALYSIS	__thiscall	void *	5	false	\N	false	59aa4594-59aa45c2	\N	\N	void * __thiscall FUN_59aa4594(undefined4 param_1, undefined4 param_2, undefined4 param_3, undefined4 param_4)
59aa45e9	FUN_59aa45e9	FUN_59aa45e9	Global	DEFAULT	ANALYSIS	__thiscall	void *	4	false	\N	false	59aa45e9-59aa460c	\N	\N	void * __thiscall FUN_59aa45e9(undefined4 param_1, undefined4 param_2, undefined4 param_3)
59aa4612	FUN_59aa4612	FUN_59aa4612	Global	DEFAULT	ANALYSIS	__stdcall	undefined4 *	0	false	\N	false	59aa4612-59aa464f	\N	\N	undefined4 * __stdcall FUN_59aa4612(void)
59aa46a0	thunk_FUN_59a9dc91	thunk_FUN_59a9dc91	Global	DEFAULT	ANALYSIS	__stdcall	undefined	0	true	FUN_59a9dc91	false	59aa46a0-59aa46a4	\N	\N	undefined __stdcall thunk_FUN_59a9dc91(void)
59aa46aa	FUN_59aa46aa	FUN_59aa46aa	Global	DEFAULT	ANALYSIS	__stdcall	undefined4 *	0	false	\N	false	59aa46aa-59aa46e7	\N	\N	undefined4 * __stdcall FUN_59aa46aa(void)
59aa46ed	FUN_59aa46ed	FUN_59aa46ed	Global	DEFAULT	ANALYSIS	__stdcall	undefined4	3	false	\N	false	59aa46ed-59aa472b	\N	\N	undefined4 __stdcall FUN_59aa46ed(int * param_1, int * param_2, undefined4 * param_3)
59aa4754	thunk_FUN_59a9dceb	thunk_FUN_59a9dceb	Global	DEFAULT	ANALYSIS	__stdcall	undefined	0	true	FUN_59a9dceb	false	59aa4754-59aa4758	\N	\N	undefined __stdcall thunk_FUN_59a9dceb(void)
59aa475e	FUN_59aa475e	FUN_59aa475e	Global	DEFAULT	ANALYSIS	__thiscall	void *	5	false	\N	false	59aa475e-59aa478c	\N	\N	void * __thiscall FUN_59aa475e(undefined4 param_1, undefined4 param_2, undefined4 param_3, undefined4 param_4)
59aa47b4	FUN_59aa47b4	FUN_59aa47b4	Global	DEFAULT	ANALYSIS	__stdcall	int	0	false	\N	false	59aa47b4-59aa482b	\N	\N	int __stdcall FUN_59aa47b4(void)
59aa4831	FUN_59aa4831	FUN_59aa4831	Global	DEFAULT	ANALYSIS	__thiscall	undefined4	1	false	\N	false	59aa4831-59aa48d9	\N	\N	undefined4 __thiscall FUN_59aa4831(void)
59aa48df	FUN_59aa48df	FUN_59aa48df	Global	DEFAULT	ANALYSIS	__fastcall	undefined4	1	false	\N	false	59aa48df-59aa490e	\N	\N	undefined4 __fastcall FUN_59aa48df(int param_1)
59aa4914	FUN_59aa4914	FUN_59aa4914	Global	DEFAULT	ANALYSIS	__thiscall	undefined	2	false	\N	false	59aa4914-59aa493c	\N	\N	undefined __thiscall FUN_59aa4914(undefined4 * param_1)
59aa4951	FUN_59aa4951	FUN_59aa4951	Global	DEFAULT	ANALYSIS	__thiscall	undefined4 *	2	false	\N	false	59aa4951-59aa496e	\N	\N	undefined4 * __thiscall FUN_59aa4951(byte param_1)
59aa4974	thunk_FUN_59a9f016	thunk_FUN_59a9f016	Global	DEFAULT	ANALYSIS	__fastcall	undefined	1	true	FUN_59a9f016	false	59aa4974-59aa4978	\N	\N	undefined __fastcall thunk_FUN_59a9f016(undefined4 * param_1)
59aa49a1	FUN_59aa49a1	FUN_59aa49a1	Global	DEFAULT	ANALYSIS	__stdcall	undefined	0	false	\N	false	59aa49a1-59aa49db	\N	\N	undefined __stdcall FUN_59aa49a1(void)
59aa49e1	FUN_59aa49e1	FUN_59aa49e1	Global	DEFAULT	ANALYSIS	__thiscall	void *	2	false	\N	false	59aa49e1-59aa4a01	\N	\N	void * __thiscall FUN_59aa49e1(int * param_1)
59aa4a42	thunk_FUN_59a9f2f6	thunk_FUN_59a9f2f6	Global	DEFAULT	ANALYSIS	__fastcall	undefined	1	true	FUN_59a9f2f6	false	59aa4a42-59aa4a46	\N	\N	undefined __fastcall thunk_FUN_59a9f2f6(undefined4 * param_1)
59aa4a4c	FUN_59aa4a4c	FUN_59aa4a4c	Global	DEFAULT	ANALYSIS	__thiscall	void *	2	false	\N	false	59aa4a4c-59aa4a6c	\N	\N	void * __thiscall FUN_59aa4a4c(int * param_1)
59aa4aad	thunk_FUN_59a9f348	thunk_FUN_59a9f348	Global	DEFAULT	ANALYSIS	__fastcall	undefined	1	true	FUN_59a9f348	false	59aa4aad-59aa4ab1	\N	\N	undefined __fastcall thunk_FUN_59a9f348(undefined4 * param_1)
59aa4ab7	FUN_59aa4ab7	FUN_59aa4ab7	Global	DEFAULT	ANALYSIS	__thiscall	undefined	2	false	\N	false	59aa4ab7-59aa4b50	\N	\N	undefined __thiscall FUN_59aa4ab7(undefined4 * param_1)
59aa4b56	FUN_59aa4b56	FUN_59aa4b56	Global	DEFAULT	ANALYSIS	__thiscall	uint	2	false	\N	false	59aa4b56-59aa4bc6	\N	\N	uint __thiscall FUN_59aa4b56(uint param_1)
59aa4bcc	FUN_59aa4bcc	FUN_59aa4bcc	Global	DEFAULT	ANALYSIS	__thiscall	void *	2	false	\N	false	59aa4bcc-59aa4bec	\N	\N	void * __thiscall FUN_59aa4bcc(int * param_1)
59aa4c2d	thunk_FUN_59a9f729	thunk_FUN_59a9f729	Global	DEFAULT	ANALYSIS	__fastcall	undefined	1	true	FUN_59a9f729	false	59aa4c2d-59aa4c31	\N	\N	undefined __fastcall thunk_FUN_59a9f729(undefined4 * param_1)
59aa4c37	FUN_59aa4c37	FUN_59aa4c37	Global	DEFAULT	ANALYSIS	__thiscall	void *	2	false	\N	false	59aa4c37-59aa4c57	\N	\N	void * __thiscall FUN_59aa4c37(int * param_1)
59aa4c98	thunk_FUN_59a9f7d6	thunk_FUN_59a9f7d6	Global	DEFAULT	ANALYSIS	__fastcall	undefined	1	true	FUN_59a9f7d6	false	59aa4c98-59aa4c9c	\N	\N	undefined __fastcall thunk_FUN_59a9f7d6(undefined4 * param_1)
59aa4ca2	FUN_59aa4ca2	FUN_59aa4ca2	Global	DEFAULT	ANALYSIS	__thiscall	void *	2	false	\N	false	59aa4ca2-59aa4cc2	\N	\N	void * __thiscall FUN_59aa4ca2(int * param_1)
59aa4d03	thunk_FUN_59a9f828	thunk_FUN_59a9f828	Global	DEFAULT	ANALYSIS	__fastcall	undefined	1	true	FUN_59a9f828	false	59aa4d03-59aa4d07	\N	\N	undefined __fastcall thunk_FUN_59a9f828(undefined4 * param_1)
59aa4d0d	FUN_59aa4d0d	FUN_59aa4d0d	Global	DEFAULT	ANALYSIS	__thiscall	void *	2	false	\N	false	59aa4d0d-59aa4d2d	\N	\N	void * __thiscall FUN_59aa4d0d(int * param_1)
59aa4d4b	FUN_59aa4d4b	FUN_59aa4d4b	Global	DEFAULT	ANALYSIS	__stdcall	undefined4 *	0	false	\N	false	59aa4d4b-59aa4dc2	\N	\N	undefined4 * __stdcall FUN_59aa4d4b(void)
59aa4dc8	FUN_59aa4dc8	FUN_59aa4dc8	Global	DEFAULT	ANALYSIS	__thiscall	void *	2	false	\N	false	59aa4dc8-59aa4de5	\N	\N	void * __thiscall FUN_59aa4dc8(byte param_1)
59aa4deb	FUN_59aa4deb	FUN_59aa4deb	Global	DEFAULT	ANALYSIS	__stdcall	undefined4	0	false	\N	false	59aa4deb-59aa4ebd	\N	\N	undefined4 __stdcall FUN_59aa4deb(void)
59aa4ec3	FUN_59aa4ec3	FUN_59aa4ec3	Global	DEFAULT	ANALYSIS	__stdcall	undefined4	0	false	\N	false	59aa4ec3-59aa4f9a	\N	\N	undefined4 __stdcall FUN_59aa4ec3(void)
59aa4fa0	FUN_59aa4fa0	FUN_59aa4fa0	Global	DEFAULT	ANALYSIS	__stdcall	undefined4	0	false	\N	false	59aa4fa0-59aa5037	\N	\N	undefined4 __stdcall FUN_59aa4fa0(void)
59aa503d	FUN_59aa503d	FUN_59aa503d	Global	DEFAULT	ANALYSIS	__stdcall	undefined4	0	false	\N	false	59aa503d-59aa50d4	\N	\N	undefined4 __stdcall FUN_59aa503d(void)
59aa50da	FUN_59aa50da	FUN_59aa50da	Global	DEFAULT	ANALYSIS	__stdcall	undefined4	0	false	\N	false	59aa50da-59aa5174	\N	\N	undefined4 __stdcall FUN_59aa50da(void)
59aa5218	FUN_59aa5218	FUN_59aa5218	Global	DEFAULT	ANALYSIS	__stdcall	undefined4	0	false	\N	false	59aa5218-59aa533c	\N	\N	undefined4 __stdcall FUN_59aa5218(void)
59aa5342	FUN_59aa5342	FUN_59aa5342	Global	DEFAULT	ANALYSIS	__stdcall	undefined4	0	false	\N	false	59aa5342-59aa5462	\N	\N	undefined4 __stdcall FUN_59aa5342(void)
59aa5468	FUN_59aa5468	FUN_59aa5468	Global	DEFAULT	ANALYSIS	__stdcall	undefined4	0	false	\N	false	59aa5468-59aa5588	\N	\N	undefined4 __stdcall FUN_59aa5468(void)
59aa558e	FUN_59aa558e	FUN_59aa558e	Global	DEFAULT	ANALYSIS	__stdcall	undefined4	0	false	\N	false	59aa558e-59aa56ae	\N	\N	undefined4 __stdcall FUN_59aa558e(void)
59aa56b4	FUN_59aa56b4	FUN_59aa56b4	Global	DEFAULT	ANALYSIS	__stdcall	undefined4	0	false	\N	false	59aa56b4-59aa582f	\N	\N	undefined4 __stdcall FUN_59aa56b4(void)
59aa5835	FUN_59aa5835	FUN_59aa5835	Global	DEFAULT	ANALYSIS	__stdcall	int	0	false	\N	false	59aa5835-59aa58e5	\N	\N	int __stdcall FUN_59aa5835(void)
59aa58eb	FUN_59aa58eb	FUN_59aa58eb	Global	DEFAULT	ANALYSIS	__stdcall	undefined4	0	false	\N	false	59aa58eb-59aa5999	\N	\N	undefined4 __stdcall FUN_59aa58eb(void)
59aa599f	FUN_59aa599f	FUN_59aa599f	Global	DEFAULT	ANALYSIS	__stdcall	undefined	0	false	\N	false	59aa599f-59aa5a17	\N	\N	undefined __stdcall FUN_59aa599f(void)
59aa5a54	FUN_59aa5a54	FUN_59aa5a54	Global	DEFAULT	ANALYSIS	__stdcall	int *	4	false	\N	false	59aa5a54-59aa5ab7	\N	\N	int * __stdcall FUN_59aa5a54(undefined4 param_1, uint param_2, int * param_3, int param_4)
59aa5abd	FUN_59aa5abd	FUN_59aa5abd	Global	DEFAULT	ANALYSIS	__stdcall	undefined *	1	false	\N	false	59aa5abd-59aa5af0	\N	\N	undefined * __stdcall FUN_59aa5abd(int * param_1)
59aa5af6	FUN_59aa5af6	FUN_59aa5af6	Global	DEFAULT	ANALYSIS	__stdcall	undefined *	1	false	\N	false	59aa5af6-59aa5b33	\N	\N	undefined * __stdcall FUN_59aa5af6(wchar_t * param_1)
59aa5b39	FUN_59aa5b39	FUN_59aa5b39	Global	DEFAULT	ANALYSIS	__stdcall	int *	4	false	\N	false	59aa5b39-59aa5b9c	\N	\N	int * __stdcall FUN_59aa5b39(undefined4 param_1, uint param_2, int * param_3, int param_4)
59aa5ba2	FUN_59aa5ba2	FUN_59aa5ba2	Global	DEFAULT	ANALYSIS	__stdcall	undefined *	1	false	\N	false	59aa5ba2-59aa5bd5	\N	\N	undefined * __stdcall FUN_59aa5ba2(int * param_1)
59aa5bdb	FUN_59aa5bdb	FUN_59aa5bdb	Global	DEFAULT	ANALYSIS	__stdcall	undefined *	1	false	\N	false	59aa5bdb-59aa5c18	\N	\N	undefined * __stdcall FUN_59aa5bdb(wchar_t * param_1)
59aa5c1e	FUN_59aa5c1e	FUN_59aa5c1e	Global	DEFAULT	ANALYSIS	__stdcall	undefined4	0	false	\N	false	59aa5c1e-59aa5ce3	\N	\N	undefined4 __stdcall FUN_59aa5c1e(void)
59aa5ce9	FUN_59aa5ce9	FUN_59aa5ce9	Global	DEFAULT	ANALYSIS	__stdcall	undefined4	0	false	\N	false	59aa5ce9-59aa5d4e	\N	\N	undefined4 __stdcall FUN_59aa5ce9(void)
59aa5d54	FUN_59aa5d54	FUN_59aa5d54	Global	DEFAULT	ANALYSIS	__thiscall	void *	2	false	\N	false	59aa5d54-59aa5d87	\N	\N	void * __thiscall FUN_59aa5d54(int * param_1)
59aa5d9a	FUN_59aa5d9a	FUN_59aa5d9a	Global	DEFAULT	ANALYSIS	__stdcall	int	0	false	\N	false	59aa5d9a-59aa5e45	\N	\N	int __stdcall FUN_59aa5d9a(void)
59aa5e4b	FUN_59aa5e4b	FUN_59aa5e4b	Global	DEFAULT	ANALYSIS	__stdcall	undefined4	0	false	\N	false	59aa5e4b-59aa5f10	\N	\N	undefined4 __stdcall FUN_59aa5e4b(void)
59aa5f16	FUN_59aa5f16	FUN_59aa5f16	Global	DEFAULT	ANALYSIS	__stdcall	undefined	0	false	\N	false	59aa5f16-59aa5f8e	\N	\N	undefined __stdcall FUN_59aa5f16(void)
59aa5fe0	FUN_59aa5fe0	FUN_59aa5fe0	Global	DEFAULT	ANALYSIS	__stdcall	undefined4	0	false	\N	false	59aa5fe0-59aa60c6	\N	\N	undefined4 __stdcall FUN_59aa5fe0(void)
59aa60cc	FUN_59aa60cc	FUN_59aa60cc	Global	DEFAULT	ANALYSIS	__stdcall	undefined4	0	false	\N	false	59aa60cc-59aa61b2	\N	\N	undefined4 __stdcall FUN_59aa60cc(void)
59aa61b8	FUN_59aa61b8	FUN_59aa61b8	Global	DEFAULT	ANALYSIS	__stdcall	undefined4	0	false	\N	false	59aa61b8-59aa627d	\N	\N	undefined4 __stdcall FUN_59aa61b8(void)
59aa6283	FUN_59aa6283	FUN_59aa6283	Global	DEFAULT	ANALYSIS	__stdcall	undefined4	0	false	\N	false	59aa6283-59aa63bd	\N	\N	undefined4 __stdcall FUN_59aa6283(void)
59aa63c3	FUN_59aa63c3	FUN_59aa63c3	Global	DEFAULT	ANALYSIS	__stdcall	undefined4	0	false	\N	false	59aa63c3-59aa64b1	\N	\N	undefined4 __stdcall FUN_59aa63c3(void)
59aa64b7	FUN_59aa64b7	FUN_59aa64b7	Global	DEFAULT	ANALYSIS	__stdcall	undefined4	0	false	\N	false	59aa64b7-59aa659d	\N	\N	undefined4 __stdcall FUN_59aa64b7(void)
59aa65a3	FUN_59aa65a3	FUN_59aa65a3	Global	DEFAULT	ANALYSIS	__stdcall	undefined4 *	0	false	\N	false	59aa65a3-59aa6610	\N	\N	undefined4 * __stdcall FUN_59aa65a3(void)
59aa6623	FUN_59aa6623	FUN_59aa6623	Global	DEFAULT	ANALYSIS	__stdcall	undefined4	0	false	\N	false	59aa6623-59aa66d3	\N	\N	undefined4 __stdcall FUN_59aa6623(void)
59aa66d9	FUN_59aa66d9	FUN_59aa66d9	Global	DEFAULT	ANALYSIS	__stdcall	bool	0	false	\N	false	59aa66d9-59aa6731	\N	\N	bool __stdcall FUN_59aa66d9(void)
59aa6737	FUN_59aa6737	FUN_59aa6737	Global	DEFAULT	ANALYSIS	__stdcall	undefined4	0	false	\N	false	59aa6737-59aa677d	\N	\N	undefined4 __stdcall FUN_59aa6737(void)
59aa6783	FUN_59aa6783	FUN_59aa6783	Global	DEFAULT	ANALYSIS	__thiscall	void *	2	false	\N	false	59aa6783-59aa67a0	\N	\N	void * __thiscall FUN_59aa6783(byte param_1)
59aa67a6	FUN_59aa67a6	FUN_59aa67a6	Global	DEFAULT	ANALYSIS	__stdcall	undefined	0	false	\N	false	59aa67a6-59aa6813	\N	\N	undefined __stdcall FUN_59aa67a6(void)
59aa6819	FUN_59aa6819	FUN_59aa6819	Global	DEFAULT	ANALYSIS	__stdcall	undefined4	0	false	\N	false	59aa6819-59aa6906	\N	\N	undefined4 __stdcall FUN_59aa6819(void)
59aa690c	FUN_59aa690c	FUN_59aa690c	Global	DEFAULT	ANALYSIS	__stdcall	undefined4	0	false	\N	false	59aa690c-59aa6a03	\N	\N	undefined4 __stdcall FUN_59aa690c(void)
59aa6a09	FUN_59aa6a09	FUN_59aa6a09	Global	DEFAULT	ANALYSIS	__stdcall	undefined4 *	0	false	\N	false	59aa6a09-59aa6a76	\N	\N	undefined4 * __stdcall FUN_59aa6a09(void)
59aa6a89	FUN_59aa6a89	FUN_59aa6a89	Global	DEFAULT	ANALYSIS	__stdcall	undefined4	0	false	\N	false	59aa6a89-59aa6b63	\N	\N	undefined4 __stdcall FUN_59aa6a89(void)
59aa6b69	FUN_59aa6b69	FUN_59aa6b69	Global	DEFAULT	ANALYSIS	__stdcall	bool	0	false	\N	false	59aa6b69-59aa6bdc	\N	\N	bool __stdcall FUN_59aa6b69(void)
59aa6be2	FUN_59aa6be2	FUN_59aa6be2	Global	DEFAULT	ANALYSIS	__thiscall	void *	2	false	\N	false	59aa6be2-59aa6bff	\N	\N	void * __thiscall FUN_59aa6be2(byte param_1)
59aa6c05	FUN_59aa6c05	FUN_59aa6c05	Global	DEFAULT	ANALYSIS	__stdcall	undefined	0	false	\N	false	59aa6c05-59aa6c72	\N	\N	undefined __stdcall FUN_59aa6c05(void)
59aa6c78	FUN_59aa6c78	FUN_59aa6c78	Global	DEFAULT	ANALYSIS	__stdcall	undefined4	0	false	\N	false	59aa6c78-59aa6d65	\N	\N	undefined4 __stdcall FUN_59aa6c78(void)
59aa6d6b	FUN_59aa6d6b	FUN_59aa6d6b	Global	DEFAULT	ANALYSIS	__stdcall	undefined4	0	false	\N	false	59aa6d6b-59aa6e62	\N	\N	undefined4 __stdcall FUN_59aa6d6b(void)
59aa6eaf	FUN_59aa6eaf	FUN_59aa6eaf	Global	DEFAULT	ANALYSIS	__stdcall	undefined4 *	0	false	\N	false	59aa6eaf-59aa6f1c	\N	\N	undefined4 * __stdcall FUN_59aa6eaf(void)
59aa6f5a	FUN_59aa6f5a	FUN_59aa6f5a	Global	DEFAULT	ANALYSIS	__stdcall	undefined4	0	false	\N	false	59aa6f5a-59aa700e	\N	\N	undefined4 __stdcall FUN_59aa6f5a(void)
59aa7014	FUN_59aa7014	FUN_59aa7014	Global	DEFAULT	ANALYSIS	__stdcall	bool	0	false	\N	false	59aa7014-59aa706c	\N	\N	bool __stdcall FUN_59aa7014(void)
59aa7072	FUN_59aa7072	FUN_59aa7072	Global	DEFAULT	ANALYSIS	__stdcall	undefined4	0	false	\N	false	59aa7072-59aa70b8	\N	\N	undefined4 __stdcall FUN_59aa7072(void)
59aa70be	FUN_59aa70be	FUN_59aa70be	Global	DEFAULT	ANALYSIS	__thiscall	void *	2	false	\N	false	59aa70be-59aa70db	\N	\N	void * __thiscall FUN_59aa70be(byte param_1)
59aa70e1	FUN_59aa70e1	FUN_59aa70e1	Global	DEFAULT	ANALYSIS	__stdcall	undefined	0	false	\N	false	59aa70e1-59aa714e	\N	\N	undefined __stdcall FUN_59aa70e1(void)
59aa7154	FUN_59aa7154	FUN_59aa7154	Global	DEFAULT	ANALYSIS	__stdcall	undefined4	0	false	\N	false	59aa7154-59aa7240	\N	\N	undefined4 __stdcall FUN_59aa7154(void)
59aa7246	FUN_59aa7246	FUN_59aa7246	Global	DEFAULT	ANALYSIS	__stdcall	undefined4	0	false	\N	false	59aa7246-59aa733d	\N	\N	undefined4 __stdcall FUN_59aa7246(void)
59aa7343	FUN_59aa7343	FUN_59aa7343	Global	DEFAULT	ANALYSIS	__stdcall	undefined4 *	0	false	\N	false	59aa7343-59aa73b0	\N	\N	undefined4 * __stdcall FUN_59aa7343(void)
59aa73c3	FUN_59aa73c3	FUN_59aa73c3	Global	DEFAULT	ANALYSIS	__stdcall	undefined4	0	false	\N	false	59aa73c3-59aa74a1	\N	\N	undefined4 __stdcall FUN_59aa73c3(void)
59aa74a7	FUN_59aa74a7	FUN_59aa74a7	Global	DEFAULT	ANALYSIS	__stdcall	bool	0	false	\N	false	59aa74a7-59aa751f	\N	\N	bool __stdcall FUN_59aa74a7(void)
59aa7525	FUN_59aa7525	FUN_59aa7525	Global	DEFAULT	ANALYSIS	__thiscall	void *	2	false	\N	false	59aa7525-59aa7542	\N	\N	void * __thiscall FUN_59aa7525(byte param_1)
59aa7548	FUN_59aa7548	FUN_59aa7548	Global	DEFAULT	ANALYSIS	__stdcall	undefined	0	false	\N	false	59aa7548-59aa75b5	\N	\N	undefined __stdcall FUN_59aa7548(void)
59aa75bb	FUN_59aa75bb	FUN_59aa75bb	Global	DEFAULT	ANALYSIS	__stdcall	undefined4	0	false	\N	false	59aa75bb-59aa76a7	\N	\N	undefined4 __stdcall FUN_59aa75bb(void)
59aa76ad	FUN_59aa76ad	FUN_59aa76ad	Global	DEFAULT	ANALYSIS	__stdcall	undefined4	0	false	\N	false	59aa76ad-59aa77a4	\N	\N	undefined4 __stdcall FUN_59aa76ad(void)
59aa77f1	FUN_59aa77f1	FUN_59aa77f1	Global	DEFAULT	ANALYSIS	__stdcall	undefined4 *	0	false	\N	false	59aa77f1-59aa785e	\N	\N	undefined4 * __stdcall FUN_59aa77f1(void)
59aa78a2	FUN_59aa78a2	FUN_59aa78a2	Global	DEFAULT	ANALYSIS	__stdcall	undefined4	0	false	\N	false	59aa78a2-59aa7953	\N	\N	undefined4 __stdcall FUN_59aa78a2(void)
59aa7959	FUN_59aa7959	FUN_59aa7959	Global	DEFAULT	ANALYSIS	__stdcall	bool	0	false	\N	false	59aa7959-59aa79b1	\N	\N	bool __stdcall FUN_59aa7959(void)
59aa79b7	FUN_59aa79b7	FUN_59aa79b7	Global	DEFAULT	ANALYSIS	__stdcall	undefined4	0	false	\N	false	59aa79b7-59aa79fd	\N	\N	undefined4 __stdcall FUN_59aa79b7(void)
59aa7a03	FUN_59aa7a03	FUN_59aa7a03	Global	DEFAULT	ANALYSIS	__thiscall	void *	2	false	\N	false	59aa7a03-59aa7a20	\N	\N	void * __thiscall FUN_59aa7a03(byte param_1)
59aa7a26	FUN_59aa7a26	FUN_59aa7a26	Global	DEFAULT	ANALYSIS	__stdcall	undefined	0	false	\N	false	59aa7a26-59aa7a93	\N	\N	undefined __stdcall FUN_59aa7a26(void)
59aa7a99	FUN_59aa7a99	FUN_59aa7a99	Global	DEFAULT	ANALYSIS	__stdcall	undefined4	0	false	\N	false	59aa7a99-59aa7b88	\N	\N	undefined4 __stdcall FUN_59aa7a99(void)
59aa7b8e	FUN_59aa7b8e	FUN_59aa7b8e	Global	DEFAULT	ANALYSIS	__stdcall	undefined4	0	false	\N	false	59aa7b8e-59aa7c85	\N	\N	undefined4 __stdcall FUN_59aa7b8e(void)
59aa7c8b	FUN_59aa7c8b	FUN_59aa7c8b	Global	DEFAULT	ANALYSIS	__stdcall	undefined4 *	0	false	\N	false	59aa7c8b-59aa7cf8	\N	\N	undefined4 * __stdcall FUN_59aa7c8b(void)
59aa7d0b	FUN_59aa7d0b	FUN_59aa7d0b	Global	DEFAULT	ANALYSIS	__stdcall	bool	0	false	\N	false	59aa7d0b-59aa7d7e	\N	\N	bool __stdcall FUN_59aa7d0b(void)
59aa7d84	FUN_59aa7d84	FUN_59aa7d84	Global	DEFAULT	ANALYSIS	__thiscall	void *	2	false	\N	false	59aa7d84-59aa7da1	\N	\N	void * __thiscall FUN_59aa7d84(byte param_1)
59aa7da7	FUN_59aa7da7	FUN_59aa7da7	Global	DEFAULT	ANALYSIS	__stdcall	undefined	0	false	\N	false	59aa7da7-59aa7e14	\N	\N	undefined __stdcall FUN_59aa7da7(void)
59aa7e1a	FUN_59aa7e1a	FUN_59aa7e1a	Global	DEFAULT	ANALYSIS	__stdcall	undefined4	0	false	\N	false	59aa7e1a-59aa7f09	\N	\N	undefined4 __stdcall FUN_59aa7e1a(void)
59aa7f0f	FUN_59aa7f0f	FUN_59aa7f0f	Global	DEFAULT	ANALYSIS	__stdcall	undefined4	0	false	\N	false	59aa7f0f-59aa8006	\N	\N	undefined4 __stdcall FUN_59aa7f0f(void)
59aa8053	FUN_59aa8053	FUN_59aa8053	Global	DEFAULT	ANALYSIS	__stdcall	undefined4 *	0	false	\N	false	59aa8053-59aa80c0	\N	\N	undefined4 * __stdcall FUN_59aa8053(void)
59aa80c6	FUN_59aa80c6	FUN_59aa80c6	Global	DEFAULT	ANALYSIS	__stdcall	undefined4	3	false	\N	false	59aa80c6-59aa8117	\N	\N	undefined4 __stdcall FUN_59aa80c6(int * param_1, int * param_2, undefined4 * param_3)
59aa814d	FUN_59aa814d	FUN_59aa814d	Global	DEFAULT	ANALYSIS	__stdcall	undefined	0	false	\N	false	59aa814d-59aa81ba	\N	\N	undefined __stdcall FUN_59aa814d(void)
59aa81c0	FUN_59aa81c0	FUN_59aa81c0	Global	DEFAULT	ANALYSIS	__stdcall	undefined4	0	false	\N	false	59aa81c0-59aa82b7	\N	\N	undefined4 __stdcall FUN_59aa81c0(void)
59aa82bd	FUN_59aa82bd	FUN_59aa82bd	Global	DEFAULT	ANALYSIS	__stdcall	undefined4 *	0	false	\N	false	59aa82bd-59aa832a	\N	\N	undefined4 * __stdcall FUN_59aa82bd(void)
59aa8348	FUN_59aa8348	FUN_59aa8348	Global	DEFAULT	ANALYSIS	__stdcall	undefined4	0	false	\N	false	59aa8348-59aa8422	\N	\N	undefined4 __stdcall FUN_59aa8348(void)
59aa8428	FUN_59aa8428	FUN_59aa8428	Global	DEFAULT	ANALYSIS	__thiscall	void *	2	false	\N	false	59aa8428-59aa8445	\N	\N	void * __thiscall FUN_59aa8428(byte param_1)
59aa844b	FUN_59aa844b	FUN_59aa844b	Global	DEFAULT	ANALYSIS	__stdcall	undefined	0	false	\N	false	59aa844b-59aa84b8	\N	\N	undefined __stdcall FUN_59aa844b(void)
59aa84be	FUN_59aa84be	FUN_59aa84be	Global	DEFAULT	ANALYSIS	__stdcall	undefined4	0	false	\N	false	59aa84be-59aa85b5	\N	\N	undefined4 __stdcall FUN_59aa84be(void)
59aa85bb	FUN_59aa85bb	FUN_59aa85bb	Global	DEFAULT	ANALYSIS	__stdcall	void *	0	false	\N	false	59aa85bb-59aa8621	\N	\N	void * __stdcall FUN_59aa85bb(void)
59aa8627	FUN_59aa8627	FUN_59aa8627	Global	DEFAULT	ANALYSIS	__stdcall	undefined4 *	0	false	\N	false	59aa8627-59aa8694	\N	\N	undefined4 * __stdcall FUN_59aa8627(void)
59aa86a7	FUN_59aa86a7	FUN_59aa86a7	Global	DEFAULT	ANALYSIS	__stdcall	undefined4	0	false	\N	false	59aa86a7-59aa8758	\N	\N	undefined4 __stdcall FUN_59aa86a7(void)
59aa875e	FUN_59aa875e	FUN_59aa875e	Global	DEFAULT	ANALYSIS	__stdcall	bool	0	false	\N	false	59aa875e-59aa87b6	\N	\N	bool __stdcall FUN_59aa875e(void)
59aa87bc	FUN_59aa87bc	FUN_59aa87bc	Global	DEFAULT	ANALYSIS	__stdcall	undefined4	0	false	\N	false	59aa87bc-59aa8802	\N	\N	undefined4 __stdcall FUN_59aa87bc(void)
59aa8808	FUN_59aa8808	FUN_59aa8808	Global	DEFAULT	ANALYSIS	__thiscall	void *	2	false	\N	false	59aa8808-59aa8825	\N	\N	void * __thiscall FUN_59aa8808(byte param_1)
59aa882b	FUN_59aa882b	FUN_59aa882b	Global	DEFAULT	ANALYSIS	__stdcall	undefined	0	false	\N	false	59aa882b-59aa8898	\N	\N	undefined __stdcall FUN_59aa882b(void)
59aa889e	FUN_59aa889e	FUN_59aa889e	Global	DEFAULT	ANALYSIS	__stdcall	undefined4	0	false	\N	false	59aa889e-59aa8987	\N	\N	undefined4 __stdcall FUN_59aa889e(void)
59aa898d	FUN_59aa898d	FUN_59aa898d	Global	DEFAULT	ANALYSIS	__stdcall	undefined4	0	false	\N	false	59aa898d-59aa8a84	\N	\N	undefined4 __stdcall FUN_59aa898d(void)
59aa8a8a	FUN_59aa8a8a	FUN_59aa8a8a	Global	DEFAULT	ANALYSIS	__stdcall	undefined4 *	0	false	\N	false	59aa8a8a-59aa8afe	\N	\N	undefined4 * __stdcall FUN_59aa8a8a(void)
59aa8b04	FUN_59aa8b04	FUN_59aa8b04	Global	DEFAULT	ANALYSIS	__stdcall	undefined	1	false	\N	false	59aa8b04-59aa8b14	\N	\N	undefined __stdcall FUN_59aa8b04(int param_1)
59aa8b1a	FUN_59aa8b1a	FUN_59aa8b1a	Global	DEFAULT	ANALYSIS	__stdcall	undefined4	3	false	\N	false	59aa8b1a-59aa8b86	\N	\N	undefined4 __stdcall FUN_59aa8b1a(int * param_1, int * param_2, int * param_3)
59aa8bf1	FUN_59aa8bf1	FUN_59aa8bf1	Global	DEFAULT	ANALYSIS	__stdcall	undefined4	0	false	\N	false	59aa8bf1-59aa8c90	\N	\N	undefined4 __stdcall FUN_59aa8bf1(void)
59aa8c96	FUN_59aa8c96	FUN_59aa8c96	Global	DEFAULT	ANALYSIS	__stdcall	bool	0	false	\N	false	59aa8c96-59aa8cee	\N	\N	bool __stdcall FUN_59aa8c96(void)
59aa8cf4	FUN_59aa8cf4	FUN_59aa8cf4	Global	DEFAULT	ANALYSIS	__stdcall	undefined4	0	false	\N	false	59aa8cf4-59aa8d3a	\N	\N	undefined4 __stdcall FUN_59aa8cf4(void)
59aa8dca	FUN_59aa8dca	FUN_59aa8dca	Global	DEFAULT	ANALYSIS	__thiscall	void *	2	false	\N	false	59aa8dca-59aa8de7	\N	\N	void * __thiscall FUN_59aa8dca(byte param_1)
59aa8ded	FUN_59aa8ded	FUN_59aa8ded	Global	DEFAULT	ANALYSIS	__stdcall	undefined	0	false	\N	false	59aa8ded-59aa8e61	\N	\N	undefined __stdcall FUN_59aa8ded(void)
59aa8e67	FUN_59aa8e67	FUN_59aa8e67	Global	DEFAULT	ANALYSIS	__stdcall	undefined4	0	false	\N	false	59aa8e67-59aa8f5e	\N	\N	undefined4 __stdcall FUN_59aa8e67(void)
59aa8f64	FUN_59aa8f64	FUN_59aa8f64	Global	DEFAULT	ANALYSIS	__stdcall	undefined4 *	0	false	\N	false	59aa8f64-59aa8fb6	\N	\N	undefined4 * __stdcall FUN_59aa8f64(void)
59aa8fe2	FUN_59aa8fe2	FUN_59aa8fe2	Global	DEFAULT	ANALYSIS	__stdcall	undefined4 *	0	false	\N	false	59aa8fe2-59aa9056	\N	\N	undefined4 * __stdcall FUN_59aa8fe2(void)
59aa90c7	FUN_59aa90c7	FUN_59aa90c7	Global	DEFAULT	ANALYSIS	__thiscall	bool	4	false	\N	false	59aa90c7-59aa9118	\N	\N	bool __thiscall FUN_59aa90c7(undefined4 param_1, int param_2, undefined4 * param_3)
59aa911e	FUN_59aa911e	FUN_59aa911e	Global	DEFAULT	ANALYSIS	__thiscall	void *	2	false	\N	false	59aa911e-59aa913b	\N	\N	void * __thiscall FUN_59aa911e(byte param_1)
59aa9141	FUN_59aa9141	FUN_59aa9141	Global	DEFAULT	ANALYSIS	__stdcall	undefined	0	false	\N	false	59aa9141-59aa91b5	\N	\N	undefined __stdcall FUN_59aa9141(void)
59aa91bb	FUN_59aa91bb	FUN_59aa91bb	Global	DEFAULT	ANALYSIS	__stdcall	undefined4	0	false	\N	false	59aa91bb-59aa92a0	\N	\N	undefined4 __stdcall FUN_59aa91bb(void)
59aa92a6	FUN_59aa92a6	FUN_59aa92a6	Global	DEFAULT	ANALYSIS	__stdcall	undefined4	0	false	\N	false	59aa92a6-59aa939d	\N	\N	undefined4 __stdcall FUN_59aa92a6(void)
59aa93a3	FUN_59aa93a3	FUN_59aa93a3	Global	DEFAULT	ANALYSIS	__stdcall	undefined4 *	0	false	\N	false	59aa93a3-59aa93f5	\N	\N	undefined4 * __stdcall FUN_59aa93a3(void)
59aa9421	FUN_59aa9421	FUN_59aa9421	Global	DEFAULT	ANALYSIS	__stdcall	undefined4 *	0	false	\N	false	59aa9421-59aa948e	\N	\N	undefined4 * __stdcall FUN_59aa9421(void)
59aa94a1	FUN_59aa94a1	FUN_59aa94a1	Global	DEFAULT	ANALYSIS	__stdcall	undefined4	0	false	\N	false	59aa94a1-59aa9551	\N	\N	undefined4 __stdcall FUN_59aa94a1(void)
59aa9557	FUN_59aa9557	FUN_59aa9557	Global	DEFAULT	ANALYSIS	__stdcall	bool	0	false	\N	false	59aa9557-59aa95af	\N	\N	bool __stdcall FUN_59aa9557(void)
59aa95b5	FUN_59aa95b5	FUN_59aa95b5	Global	DEFAULT	ANALYSIS	__stdcall	undefined4	0	false	\N	false	59aa95b5-59aa95fb	\N	\N	undefined4 __stdcall FUN_59aa95b5(void)
59aa9601	FUN_59aa9601	FUN_59aa9601	Global	DEFAULT	ANALYSIS	__thiscall	void *	2	false	\N	false	59aa9601-59aa961e	\N	\N	void * __thiscall FUN_59aa9601(byte param_1)
59aa9624	FUN_59aa9624	FUN_59aa9624	Global	DEFAULT	ANALYSIS	__stdcall	undefined	0	false	\N	false	59aa9624-59aa9691	\N	\N	undefined __stdcall FUN_59aa9624(void)
59aa9697	FUN_59aa9697	FUN_59aa9697	Global	DEFAULT	ANALYSIS	__stdcall	undefined4	0	false	\N	false	59aa9697-59aa9785	\N	\N	undefined4 __stdcall FUN_59aa9697(void)
59aa978b	FUN_59aa978b	FUN_59aa978b	Global	DEFAULT	ANALYSIS	__stdcall	undefined4	0	false	\N	false	59aa978b-59aa9882	\N	\N	undefined4 __stdcall FUN_59aa978b(void)
59aa9888	FUN_59aa9888	FUN_59aa9888	Global	DEFAULT	ANALYSIS	__stdcall	undefined4 *	0	false	\N	false	59aa9888-59aa98f5	\N	\N	undefined4 * __stdcall FUN_59aa9888(void)
59aa9908	FUN_59aa9908	FUN_59aa9908	Global	DEFAULT	ANALYSIS	__stdcall	undefined4	0	false	\N	false	59aa9908-59aa994e	\N	\N	undefined4 __stdcall FUN_59aa9908(void)
59aa9954	FUN_59aa9954	FUN_59aa9954	Global	DEFAULT	ANALYSIS	__thiscall	void *	2	false	\N	false	59aa9954-59aa9971	\N	\N	void * __thiscall FUN_59aa9954(byte param_1)
59aa9977	FUN_59aa9977	FUN_59aa9977	Global	DEFAULT	ANALYSIS	__stdcall	undefined	0	false	\N	false	59aa9977-59aa99e4	\N	\N	undefined __stdcall FUN_59aa9977(void)
59aa99ea	FUN_59aa99ea	FUN_59aa99ea	Global	DEFAULT	ANALYSIS	__stdcall	undefined4	0	false	\N	false	59aa99ea-59aa9ae1	\N	\N	undefined4 __stdcall FUN_59aa99ea(void)
59aa9ae7	FUN_59aa9ae7	FUN_59aa9ae7	Global	DEFAULT	ANALYSIS	__stdcall	undefined4 *	0	false	\N	false	59aa9ae7-59aa9b54	\N	\N	undefined4 * __stdcall FUN_59aa9ae7(void)
59aa9b67	FUN_59aa9b67	FUN_59aa9b67	Global	DEFAULT	ANALYSIS	__stdcall	undefined4	0	false	\N	false	59aa9b67-59aa9c45	\N	\N	undefined4 __stdcall FUN_59aa9b67(void)
59aa9c4b	FUN_59aa9c4b	FUN_59aa9c4b	Global	DEFAULT	ANALYSIS	__stdcall	bool	0	false	\N	false	59aa9c4b-59aa9cc3	\N	\N	bool __stdcall FUN_59aa9c4b(void)
59aa9cc9	FUN_59aa9cc9	FUN_59aa9cc9	Global	DEFAULT	ANALYSIS	__thiscall	void *	2	false	\N	false	59aa9cc9-59aa9ce6	\N	\N	void * __thiscall FUN_59aa9cc9(byte param_1)
59aa9cec	FUN_59aa9cec	FUN_59aa9cec	Global	DEFAULT	ANALYSIS	__stdcall	undefined	0	false	\N	false	59aa9cec-59aa9d59	\N	\N	undefined __stdcall FUN_59aa9cec(void)
59aa9d5f	FUN_59aa9d5f	FUN_59aa9d5f	Global	DEFAULT	ANALYSIS	__stdcall	undefined	0	false	\N	false	59aa9d5f-59aa9e62	\N	\N	undefined __stdcall FUN_59aa9d5f(void)
59aa9e68	FUN_59aa9e68	FUN_59aa9e68	Global	DEFAULT	ANALYSIS	__stdcall	undefined4	0	false	\N	false	59aa9e68-59aa9f5f	\N	\N	undefined4 __stdcall FUN_59aa9e68(void)
59aa9fac	FUN_59aa9fac	FUN_59aa9fac	Global	DEFAULT	ANALYSIS	__stdcall	undefined4 *	0	false	\N	false	59aa9fac-59aaa019	\N	\N	undefined4 * __stdcall FUN_59aa9fac(void)
59aaa03b	FUN_59aaa03b	FUN_59aaa03b	Global	DEFAULT	ANALYSIS	__stdcall	undefined4	0	false	\N	false	59aaa03b-59aaa0ef	\N	\N	undefined4 __stdcall FUN_59aaa03b(void)
59aaa0f5	FUN_59aaa0f5	FUN_59aaa0f5	Global	DEFAULT	ANALYSIS	__stdcall	bool	0	false	\N	false	59aaa0f5-59aaa14d	\N	\N	bool __stdcall FUN_59aaa0f5(void)
59aaa153	FUN_59aaa153	FUN_59aaa153	Global	DEFAULT	ANALYSIS	__thiscall	void *	2	false	\N	false	59aaa153-59aaa170	\N	\N	void * __thiscall FUN_59aaa153(byte param_1)
59aaa176	FUN_59aaa176	FUN_59aaa176	Global	DEFAULT	ANALYSIS	__stdcall	undefined	0	false	\N	false	59aaa176-59aaa1e3	\N	\N	undefined __stdcall FUN_59aaa176(void)
59aaa1e9	FUN_59aaa1e9	FUN_59aaa1e9	Global	DEFAULT	ANALYSIS	__stdcall	undefined	0	false	\N	false	59aaa1e9-59aaa2ec	\N	\N	undefined __stdcall FUN_59aaa1e9(void)
59aaa2f2	FUN_59aaa2f2	FUN_59aaa2f2	Global	DEFAULT	ANALYSIS	__stdcall	undefined4	0	false	\N	false	59aaa2f2-59aaa3e9	\N	\N	undefined4 __stdcall FUN_59aaa2f2(void)
59aaa435	FUN_59aaa435	FUN_59aaa435	Global	DEFAULT	ANALYSIS	__thiscall	void *	4	false	\N	false	59aaa435-59aaa458	\N	\N	void * __thiscall FUN_59aaa435(undefined4 param_1, undefined4 param_2, undefined4 param_3)
59aaa45e	FUN_59aaa45e	FUN_59aaa45e	Global	DEFAULT	ANALYSIS	__thiscall	void *	4	false	\N	false	59aaa45e-59aaa481	\N	\N	void * __thiscall FUN_59aaa45e(undefined4 param_1, undefined4 param_2, undefined4 param_3)
59aaa487	FUN_59aaa487	FUN_59aaa487	Global	DEFAULT	ANALYSIS	__thiscall	void *	4	false	\N	false	59aaa487-59aaa4aa	\N	\N	void * __thiscall FUN_59aaa487(undefined4 param_1, undefined4 param_2, undefined4 param_3)
59aaa4b0	FUN_59aaa4b0	FUN_59aaa4b0	Global	DEFAULT	ANALYSIS	__thiscall	void *	4	false	\N	false	59aaa4b0-59aaa4d3	\N	\N	void * __thiscall FUN_59aaa4b0(undefined4 param_1, undefined4 param_2, undefined4 param_3)
59aaa4d9	FUN_59aaa4d9	FUN_59aaa4d9	Global	DEFAULT	ANALYSIS	__thiscall	undefined4	1	false	\N	false	59aaa4d9-59aaa54f	\N	\N	undefined4 __thiscall FUN_59aaa4d9(void)
59aaa555	FUN_59aaa555	FUN_59aaa555	Global	DEFAULT	ANALYSIS	__stdcall	int	0	false	\N	false	59aaa555-59aaa5cc	\N	\N	int __stdcall FUN_59aaa555(void)
59aaa5d2	FUN_59aaa5d2	FUN_59aaa5d2	Global	DEFAULT	ANALYSIS	__stdcall	int	0	false	\N	false	59aaa5d2-59aaa649	\N	\N	int __stdcall FUN_59aaa5d2(void)
59aaa64f	FUN_59aaa64f	FUN_59aaa64f	Global	DEFAULT	ANALYSIS	__stdcall	int	0	false	\N	false	59aaa64f-59aaa6c6	\N	\N	int __stdcall FUN_59aaa64f(void)
59aaa6cc	FUN_59aaa6cc	FUN_59aaa6cc	Global	DEFAULT	ANALYSIS	__thiscall	bool	1	false	\N	false	59aaa6cc-59aaa70d	\N	\N	bool __thiscall FUN_59aaa6cc(void)
59aaa713	FUN_59aaa713	FUN_59aaa713	Global	DEFAULT	ANALYSIS	__stdcall	undefined4 *	0	false	\N	false	59aaa713-59aaa783	\N	\N	undefined4 * __stdcall FUN_59aaa713(void)
59aaa7b4	FUN_59aaa7b4	FUN_59aaa7b4	Global	DEFAULT	ANALYSIS	__stdcall	undefined4	3	false	\N	false	59aaa7b4-59aaa825	\N	\N	undefined4 __stdcall FUN_59aaa7b4(int * param_1, int * param_2, uint * param_3)
59aaa856	FUN_59aaa856	FUN_59aaa856	Global	DEFAULT	ANALYSIS	__stdcall	undefined	5	false	\N	false	59aaa856-59aaa87a	\N	\N	undefined __stdcall FUN_59aaa856(int param_1, undefined4 param_2, undefined4 param_3, undefined4 param_4, undefined4 param_5)
59aaaae9	FUN_59aaaae9	FUN_59aaaae9	Global	DEFAULT	ANALYSIS	__stdcall	undefined4	0	false	\N	false	59aaaae9-59aaabea	\N	\N	undefined4 __stdcall FUN_59aaaae9(void)
59aaabf0	FUN_59aaabf0	FUN_59aaabf0	Global	DEFAULT	ANALYSIS	__thiscall	undefined	3	false	\N	false	59aaabf0-59aaac07	\N	\N	undefined __thiscall FUN_59aaabf0(undefined4 param_1, undefined4 param_2)
59aab276	FUN_59aab276	FUN_59aab276	Global	DEFAULT	ANALYSIS	__thiscall	undefined4	2	false	\N	false	59aab276-59aab2bc	\N	\N	undefined4 __thiscall FUN_59aab276(short * param_1)
59aab34b	FUN_59aab34b	FUN_59aab34b	Global	DEFAULT	ANALYSIS	__stdcall	uint	2	false	\N	false	59aab34b-59aab38d	\N	\N	uint __stdcall FUN_59aab34b(int param_1, undefined4 * param_2)
59aab82a	FUN_59aab82a	FUN_59aab82a	Global	DEFAULT	ANALYSIS	__stdcall	undefined4	4	false	\N	false	59aab82a-59aab8aa	\N	\N	undefined4 __stdcall FUN_59aab82a(int param_1, uint param_2, uint * param_3, undefined4 * param_4)
59aabd0f	FUN_59aabd0f	FUN_59aabd0f	Global	DEFAULT	ANALYSIS	__stdcall	undefined	0	false	\N	false	59aabd0f-59aabe2f	\N	\N	undefined __stdcall FUN_59aabd0f(void)
59aabe35	FUN_59aabe35	FUN_59aabe35	Global	DEFAULT	ANALYSIS	__cdecl	typedef LPSTR CHAR *	2	false	\N	false	59aabe35-59aabe77	\N	\N	LPSTR __cdecl FUN_59aabe35(wchar_t * param_1, undefined4 * param_2)
59aabe7d	FUN_59aabe7d	FUN_59aabe7d	Global	DEFAULT	ANALYSIS	__cdecl	typedef LPWSTR WCHAR *	2	false	\N	false	59aabe7d-59aabebe	\N	\N	LPWSTR __cdecl FUN_59aabe7d(LPCSTR param_1, undefined4 * param_2)
59aabec4	FUN_59aabec4	FUN_59aabec4	Global	DEFAULT	ANALYSIS	__cdecl	undefined	2	false	\N	false	59aabec4-59aabef0	\N	\N	undefined __cdecl FUN_59aabec4(LPCSTR param_1, char * param_2)
59aabef6	FUN_59aabef6	FUN_59aabef6	Global	DEFAULT	ANALYSIS	__thiscall	void *	2	false	\N	false	59aabef6-59aabf13	\N	\N	void * __thiscall FUN_59aabef6(byte param_1)
59aabf19	FUN_59aabf19	FUN_59aabf19	Global	DEFAULT	ANALYSIS	__stdcall	undefined	0	false	\N	false	59aabf19-59aabf62	\N	\N	undefined __stdcall FUN_59aabf19(void)
59aabf68	FUN_59aabf68	FUN_59aabf68	Global	DEFAULT	ANALYSIS	__thiscall	void *	3	false	\N	false	59aabf68-59aabfb9	\N	\N	void * __thiscall FUN_59aabf68(int * param_1, undefined4 * param_2)
59aabfbf	FUN_59aabfbf	FUN_59aabfbf	Global	DEFAULT	ANALYSIS	__stdcall	undefined4	3	false	\N	false	59aabfbf-59aac030	\N	\N	undefined4 __stdcall FUN_59aabfbf(int * param_1, int * param_2, uint * param_3)
59aac09f	FUN_59aac09f	FUN_59aac09f	Global	DEFAULT	ANALYSIS	__stdcall	undefined4	2	false	\N	false	59aac09f-59aac0e6	\N	\N	undefined4 __stdcall FUN_59aac09f(int param_1, wchar_t * param_2)
59aac12a	FUN_59aac12a	FUN_59aac12a	Global	DEFAULT	ANALYSIS	__stdcall	undefined4	4	false	\N	false	59aac12a-59aac19e	\N	\N	undefined4 __stdcall FUN_59aac12a(int param_1, uint param_2, uint * param_3, undefined4 * param_4)
59aac1a4	FUN_59aac1a4	FUN_59aac1a4	Global	DEFAULT	ANALYSIS	__stdcall	int	0	false	\N	false	59aac1a4-59aac276	\N	\N	int __stdcall FUN_59aac1a4(void)
59aac27c	FUN_59aac27c	FUN_59aac27c	Global	DEFAULT	ANALYSIS	__thiscall	void *	2	false	\N	false	59aac27c-59aac299	\N	\N	void * __thiscall FUN_59aac27c(byte param_1)
59aac29f	FUN_59aac29f	FUN_59aac29f	Global	DEFAULT	ANALYSIS	__stdcall	undefined	0	false	\N	false	59aac29f-59aac2e5	\N	\N	undefined __stdcall FUN_59aac29f(void)
59aac2eb	FUN_59aac2eb	FUN_59aac2eb	Global	DEFAULT	ANALYSIS	__thiscall	undefined4 *	2	false	\N	false	59aac2eb-59aac308	\N	\N	undefined4 * __thiscall FUN_59aac2eb(byte param_1)
59aac30e	thunk_FUN_59aa2d04	thunk_FUN_59aa2d04	Global	DEFAULT	ANALYSIS	__fastcall	undefined	1	true	FUN_59aa2d04	false	59aac30e-59aac312	\N	\N	undefined __fastcall thunk_FUN_59aa2d04(undefined4 * param_1)
59aac318	FUN_59aac318	FUN_59aac318	Global	DEFAULT	ANALYSIS	__stdcall	int	0	false	\N	false	59aac318-59aac4af	\N	\N	int __stdcall FUN_59aac318(void)
59aac4b5	FUN_59aac4b5	FUN_59aac4b5	Global	DEFAULT	ANALYSIS	__stdcall	undefined4	0	false	\N	false	59aac4b5-59aac59d	\N	\N	undefined4 __stdcall FUN_59aac4b5(void)
59aac5a3	FUN_59aac5a3	FUN_59aac5a3	Global	DEFAULT	ANALYSIS	__stdcall	int	0	false	\N	false	59aac5a3-59aac6a4	\N	\N	int __stdcall FUN_59aac5a3(void)
59aac6aa	FUN_59aac6aa	FUN_59aac6aa	Global	DEFAULT	ANALYSIS	__stdcall	int	0	false	\N	false	59aac6aa-59aac76c	\N	\N	int __stdcall FUN_59aac6aa(void)
59aac772	FUN_59aac772	FUN_59aac772	Global	DEFAULT	ANALYSIS	__stdcall	int	0	false	\N	false	59aac772-59aac82d	\N	\N	int __stdcall FUN_59aac772(void)
59aac833	FUN_59aac833	FUN_59aac833	Global	DEFAULT	ANALYSIS	__stdcall	int	0	false	\N	false	59aac833-59aac932	\N	\N	int __stdcall FUN_59aac833(void)
59aac938	FUN_59aac938	FUN_59aac938	Global	DEFAULT	ANALYSIS	__stdcall	int	0	false	\N	false	59aac938-59aac9fa	\N	\N	int __stdcall FUN_59aac938(void)
59aaca00	FUN_59aaca00	FUN_59aaca00	Global	DEFAULT	ANALYSIS	__stdcall	int	0	false	\N	false	59aaca00-59aacac7	\N	\N	int __stdcall FUN_59aaca00(void)
59aacacd	FUN_59aacacd	FUN_59aacacd	Global	DEFAULT	ANALYSIS	__stdcall	int	0	false	\N	false	59aacacd-59aacb94	\N	\N	int __stdcall FUN_59aacacd(void)
59aacb9a	FUN_59aacb9a	FUN_59aacb9a	Global	DEFAULT	ANALYSIS	__stdcall	int	0	false	\N	false	59aacb9a-59aacc61	\N	\N	int __stdcall FUN_59aacb9a(void)
59aacc67	FUN_59aacc67	FUN_59aacc67	Global	DEFAULT	ANALYSIS	__stdcall	int	0	false	\N	false	59aacc67-59aacd2e	\N	\N	int __stdcall FUN_59aacc67(void)
59aacd34	FUN_59aacd34	FUN_59aacd34	Global	DEFAULT	ANALYSIS	__stdcall	int	0	false	\N	false	59aacd34-59aacdfb	\N	\N	int __stdcall FUN_59aacd34(void)
59aace01	FUN_59aace01	FUN_59aace01	Global	DEFAULT	ANALYSIS	__stdcall	int	0	false	\N	false	59aace01-59aacec8	\N	\N	int __stdcall FUN_59aace01(void)
59aacece	FUN_59aacece	FUN_59aacece	Global	DEFAULT	ANALYSIS	__stdcall	int	0	false	\N	false	59aacece-59aacf95	\N	\N	int __stdcall FUN_59aacece(void)
59aacf9b	FUN_59aacf9b	FUN_59aacf9b	Global	DEFAULT	ANALYSIS	__stdcall	int	0	false	\N	false	59aacf9b-59aad062	\N	\N	int __stdcall FUN_59aacf9b(void)
59aad068	FUN_59aad068	FUN_59aad068	Global	DEFAULT	ANALYSIS	__stdcall	int	0	false	\N	false	59aad068-59aad12f	\N	\N	int __stdcall FUN_59aad068(void)
59aad135	FUN_59aad135	FUN_59aad135	Global	DEFAULT	ANALYSIS	__stdcall	int	0	false	\N	false	59aad135-59aad1fc	\N	\N	int __stdcall FUN_59aad135(void)
59aad202	FUN_59aad202	FUN_59aad202	Global	DEFAULT	ANALYSIS	__stdcall	int	0	false	\N	false	59aad202-59aad2c9	\N	\N	int __stdcall FUN_59aad202(void)
59aad2cf	FUN_59aad2cf	FUN_59aad2cf	Global	DEFAULT	ANALYSIS	__thiscall	void *	2	false	\N	false	59aad2cf-59aad2f4	\N	\N	void * __thiscall FUN_59aad2cf(undefined4 param_1)
59aad2fa	FUN_59aad2fa	FUN_59aad2fa	Global	DEFAULT	ANALYSIS	__thiscall	undefined4	2	false	\N	false	59aad2fa-59aad389	\N	\N	undefined4 __thiscall FUN_59aad2fa(undefined4 * param_1)
59aad38f	FUN_59aad38f	FUN_59aad38f	Global	DEFAULT	ANALYSIS	__thiscall	uint	2	false	\N	false	59aad38f-59aad3c7	\N	\N	uint __thiscall FUN_59aad38f(int * param_1)
59aad3cd	FUN_59aad3cd	FUN_59aad3cd	Global	DEFAULT	ANALYSIS	__stdcall	undefined4	0	false	\N	false	59aad3cd-59aad515	\N	\N	undefined4 __stdcall FUN_59aad3cd(void)
59aad51b	FUN_59aad51b	FUN_59aad51b	Global	DEFAULT	ANALYSIS	__stdcall	undefined4	0	false	\N	false	59aad51b-59aad61b	\N	\N	undefined4 __stdcall FUN_59aad51b(void)
59aad621	FUN_59aad621	FUN_59aad621	Global	DEFAULT	ANALYSIS	__stdcall	undefined4	0	false	\N	false	59aad621-59aad722	\N	\N	undefined4 __stdcall FUN_59aad621(void)
59aad728	FUN_59aad728	FUN_59aad728	Global	DEFAULT	ANALYSIS	__stdcall	undefined4	0	false	\N	false	59aad728-59aad801	\N	\N	undefined4 __stdcall FUN_59aad728(void)
59aad807	FUN_59aad807	FUN_59aad807	Global	DEFAULT	ANALYSIS	__stdcall	undefined4	0	false	\N	false	59aad807-59aad94c	\N	\N	undefined4 __stdcall FUN_59aad807(void)
59aad952	FUN_59aad952	FUN_59aad952	Global	DEFAULT	ANALYSIS	__thiscall	undefined4	2	false	\N	false	59aad952-59aad9c8	\N	\N	undefined4 __thiscall FUN_59aad952(int param_1)
59aad9ce	FUN_59aad9ce	FUN_59aad9ce	Global	DEFAULT	ANALYSIS	__thiscall	undefined	3	false	\N	false	59aad9ce-59aad9fa	\N	\N	undefined __thiscall FUN_59aad9ce(uint param_1, int param_2)
59aada00	FUN_59aada00	FUN_59aada00	Global	DEFAULT	ANALYSIS	__thiscall	uint	2	false	\N	false	59aada00-59aada1e	\N	\N	uint __thiscall FUN_59aada00(undefined4 * param_1)
59aada24	FUN_59aada24	FUN_59aada24	Global	DEFAULT	ANALYSIS	__stdcall	undefined4 *	0	false	\N	false	59aada24-59aadaa9	\N	\N	undefined4 * __stdcall FUN_59aada24(void)
59aadaaf	FUN_59aadaaf	FUN_59aadaaf	Global	DEFAULT	ANALYSIS	__stdcall	undefined4	3	false	\N	false	59aadaaf-59aadb20	\N	\N	undefined4 __stdcall FUN_59aadaaf(int * param_1, int * param_2, uint * param_3)
59aadb51	FUN_59aadb51	FUN_59aadb51	Global	DEFAULT	ANALYSIS	__thiscall	undefined	2	false	\N	false	59aadb51-59aadbb4	\N	\N	undefined __thiscall FUN_59aadb51(undefined4 * param_1)
59aadbba	FUN_59aadbba	FUN_59aadbba	Global	DEFAULT	ANALYSIS	__stdcall	undefined4	4	false	\N	false	59aadbba-59aadc25	\N	\N	undefined4 __stdcall FUN_59aadbba(undefined4 param_1, uint param_2, int param_3, undefined4 * param_4)
59aade2c	FUN_59aade2c	FUN_59aade2c	Global	DEFAULT	ANALYSIS	__thiscall	uint	2	false	\N	false	59aade2c-59aade4a	\N	\N	uint __thiscall FUN_59aade2c(undefined4 * param_1)
59aaded1	FUN_59aaded1	FUN_59aaded1	Global	DEFAULT	ANALYSIS	__thiscall	uint	2	false	\N	false	59aaded1-59aadeef	\N	\N	uint __thiscall FUN_59aaded1(undefined4 * param_1)
59aadf20	FUN_59aadf20	FUN_59aadf20	Global	DEFAULT	ANALYSIS	__thiscall	bool	2	false	\N	false	59aadf20-59aadf44	\N	\N	bool __thiscall FUN_59aadf20(undefined4 * param_1)
59aadf75	FUN_59aadf75	FUN_59aadf75	Global	DEFAULT	ANALYSIS	__thiscall	uint	2	false	\N	false	59aadf75-59aadf93	\N	\N	uint __thiscall FUN_59aadf75(undefined4 * param_1)
59aadfc4	FUN_59aadfc4	FUN_59aadfc4	Global	DEFAULT	ANALYSIS	__thiscall	uint	2	false	\N	false	59aadfc4-59aadfe3	\N	\N	uint __thiscall FUN_59aadfc4(uint * param_1)
59aadfe9	FUN_59aadfe9	FUN_59aadfe9	Global	DEFAULT	ANALYSIS	__stdcall	undefined4	2	false	\N	false	59aadfe9-59aae01a	\N	\N	undefined4 __stdcall FUN_59aadfe9(int param_1, undefined4 param_2)
59aae020	FUN_59aae020	FUN_59aae020	Global	DEFAULT	ANALYSIS	__fastcall	undefined	1	false	\N	false	59aae020-59aae042	\N	\N	undefined __fastcall FUN_59aae020(int param_1)
59aae0d4	FUN_59aae0d4	FUN_59aae0d4	Global	DEFAULT	ANALYSIS	__stdcall	int	2	false	\N	false	59aae0d4-59aae141	\N	\N	int __stdcall FUN_59aae0d4(int param_1, undefined4 * param_2)
59aae147	FUN_59aae147	FUN_59aae147	Global	DEFAULT	ANALYSIS	__stdcall	int *	4	false	\N	false	59aae147-59aae1aa	\N	\N	int * __stdcall FUN_59aae147(undefined4 param_1, uint param_2, int * param_3, int param_4)
59aae1b0	FUN_59aae1b0	FUN_59aae1b0	Global	DEFAULT	ANALYSIS	__stdcall	undefined *	1	false	\N	false	59aae1b0-59aae1e3	\N	\N	undefined * __stdcall FUN_59aae1b0(int * param_1)
59aae1e9	FUN_59aae1e9	FUN_59aae1e9	Global	DEFAULT	ANALYSIS	__stdcall	undefined *	1	false	\N	false	59aae1e9-59aae226	\N	\N	undefined * __stdcall FUN_59aae1e9(wchar_t * param_1)
59aae22c	FUN_59aae22c	FUN_59aae22c	Global	DEFAULT	ANALYSIS	__stdcall	undefined4	0	false	\N	false	59aae22c-59aae325	\N	\N	undefined4 __stdcall FUN_59aae22c(void)
59aae32b	FUN_59aae32b	FUN_59aae32b	Global	DEFAULT	ANALYSIS	__thiscall	void *	2	false	\N	false	59aae32b-59aae350	\N	\N	void * __thiscall FUN_59aae32b(undefined4 param_1)
59aae356	FUN_59aae356	FUN_59aae356	Global	DEFAULT	ANALYSIS	__thiscall	undefined4	2	false	\N	false	59aae356-59aae3e5	\N	\N	undefined4 __thiscall FUN_59aae356(undefined4 * param_1)
59aae3eb	FUN_59aae3eb	FUN_59aae3eb	Global	DEFAULT	ANALYSIS	__stdcall	undefined4	0	false	\N	false	59aae3eb-59aae530	\N	\N	undefined4 __stdcall FUN_59aae3eb(void)
59aae536	FUN_59aae536	FUN_59aae536	Global	DEFAULT	ANALYSIS	__thiscall	undefined4	2	false	\N	false	59aae536-59aae5ac	\N	\N	undefined4 __thiscall FUN_59aae536(int param_1)
59aae5b2	FUN_59aae5b2	FUN_59aae5b2	Global	DEFAULT	ANALYSIS	__thiscall	undefined	3	false	\N	false	59aae5b2-59aae5de	\N	\N	undefined __thiscall FUN_59aae5b2(uint param_1, int param_2)
59aae5e4	FUN_59aae5e4	FUN_59aae5e4	Global	DEFAULT	ANALYSIS	__thiscall	uint	2	false	\N	false	59aae5e4-59aae602	\N	\N	uint __thiscall FUN_59aae5e4(undefined4 * param_1)
59aae608	FUN_59aae608	FUN_59aae608	Global	DEFAULT	ANALYSIS	__thiscall	uint	2	false	\N	false	59aae608-59aae626	\N	\N	uint __thiscall FUN_59aae608(undefined4 * param_1)
59aae62c	FUN_59aae62c	FUN_59aae62c	Global	DEFAULT	ANALYSIS	__stdcall	undefined4 *	0	false	\N	false	59aae62c-59aae6b1	\N	\N	undefined4 * __stdcall FUN_59aae62c(void)
59aae6b7	FUN_59aae6b7	FUN_59aae6b7	Global	DEFAULT	ANALYSIS	__stdcall	undefined4	3	false	\N	false	59aae6b7-59aae728	\N	\N	undefined4 __stdcall FUN_59aae6b7(int * param_1, int * param_2, uint * param_3)
59aae74c	FUN_59aae74c	FUN_59aae74c	Global	DEFAULT	ANALYSIS	__thiscall	undefined	2	false	\N	false	59aae74c-59aae7eb	\N	\N	undefined __thiscall FUN_59aae74c(undefined4 * param_1)
59aae7f1	FUN_59aae7f1	FUN_59aae7f1	Global	DEFAULT	ANALYSIS	__stdcall	undefined4	4	false	\N	false	59aae7f1-59aae85c	\N	\N	undefined4 __stdcall FUN_59aae7f1(undefined4 param_1, uint param_2, int param_3, undefined4 * param_4)
59aaea8e	FUN_59aaea8e	FUN_59aaea8e	Global	DEFAULT	ANALYSIS	__thiscall	uint	2	false	\N	false	59aaea8e-59aaeaac	\N	\N	uint __thiscall FUN_59aaea8e(undefined4 * param_1)
59aaeadd	FUN_59aaeadd	FUN_59aaeadd	Global	DEFAULT	ANALYSIS	__thiscall	bool	2	false	\N	false	59aaeadd-59aaeb01	\N	\N	bool __thiscall FUN_59aaeadd(undefined4 * param_1)
59aaeb32	FUN_59aaeb32	FUN_59aaeb32	Global	DEFAULT	ANALYSIS	__thiscall	uint	2	false	\N	false	59aaeb32-59aaeb51	\N	\N	uint __thiscall FUN_59aaeb32(uint * param_1)
59aaeb82	FUN_59aaeb82	FUN_59aaeb82	Global	DEFAULT	ANALYSIS	__thiscall	uint	2	false	\N	false	59aaeb82-59aaeba1	\N	\N	uint __thiscall FUN_59aaeb82(uint * param_1)
59aaebd2	FUN_59aaebd2	FUN_59aaebd2	Global	DEFAULT	ANALYSIS	__thiscall	uint	2	false	\N	false	59aaebd2-59aaebf1	\N	\N	uint __thiscall FUN_59aaebd2(uint * param_1)
59aaec22	FUN_59aaec22	FUN_59aaec22	Global	DEFAULT	ANALYSIS	__thiscall	uint	2	false	\N	false	59aaec22-59aaec41	\N	\N	uint __thiscall FUN_59aaec22(uint * param_1)
59aaec72	FUN_59aaec72	FUN_59aaec72	Global	DEFAULT	ANALYSIS	__thiscall	uint	2	false	\N	false	59aaec72-59aaec91	\N	\N	uint __thiscall FUN_59aaec72(uint * param_1)
59aaecc2	FUN_59aaecc2	FUN_59aaecc2	Global	DEFAULT	ANALYSIS	__thiscall	uint	2	false	\N	false	59aaecc2-59aaece1	\N	\N	uint __thiscall FUN_59aaecc2(uint * param_1)
59aaed12	FUN_59aaed12	FUN_59aaed12	Global	DEFAULT	ANALYSIS	__thiscall	uint	2	false	\N	false	59aaed12-59aaed31	\N	\N	uint __thiscall FUN_59aaed12(uint * param_1)
59aaed62	FUN_59aaed62	FUN_59aaed62	Global	DEFAULT	ANALYSIS	__thiscall	uint	2	false	\N	false	59aaed62-59aaed81	\N	\N	uint __thiscall FUN_59aaed62(uint * param_1)
59aaedb2	FUN_59aaedb2	FUN_59aaedb2	Global	DEFAULT	ANALYSIS	__thiscall	uint	2	false	\N	false	59aaedb2-59aaedd1	\N	\N	uint __thiscall FUN_59aaedb2(uint * param_1)
59aaee02	FUN_59aaee02	FUN_59aaee02	Global	DEFAULT	ANALYSIS	__thiscall	uint	2	false	\N	false	59aaee02-59aaee21	\N	\N	uint __thiscall FUN_59aaee02(uint * param_1)
59aaee52	FUN_59aaee52	FUN_59aaee52	Global	DEFAULT	ANALYSIS	__thiscall	uint	2	false	\N	false	59aaee52-59aaee71	\N	\N	uint __thiscall FUN_59aaee52(uint * param_1)
59aaeea2	FUN_59aaeea2	FUN_59aaeea2	Global	DEFAULT	ANALYSIS	__thiscall	uint	2	false	\N	false	59aaeea2-59aaeec1	\N	\N	uint __thiscall FUN_59aaeea2(uint * param_1)
59aaeef2	FUN_59aaeef2	FUN_59aaeef2	Global	DEFAULT	ANALYSIS	__thiscall	uint	2	false	\N	false	59aaeef2-59aaef11	\N	\N	uint __thiscall FUN_59aaeef2(uint * param_1)
59aaef42	FUN_59aaef42	FUN_59aaef42	Global	DEFAULT	ANALYSIS	__thiscall	uint	2	false	\N	false	59aaef42-59aaef61	\N	\N	uint __thiscall FUN_59aaef42(uint * param_1)
59aaef92	FUN_59aaef92	FUN_59aaef92	Global	DEFAULT	ANALYSIS	__thiscall	uint	2	false	\N	false	59aaef92-59aaefb0	\N	\N	uint __thiscall FUN_59aaef92(undefined4 * param_1)
59aaefe1	FUN_59aaefe1	FUN_59aaefe1	Global	DEFAULT	ANALYSIS	__thiscall	uint	2	false	\N	false	59aaefe1-59aaefff	\N	\N	uint __thiscall FUN_59aaefe1(undefined4 * param_1)
59aaf005	FUN_59aaf005	FUN_59aaf005	Global	DEFAULT	ANALYSIS	__thiscall	void *	2	false	\N	false	59aaf005-59aaf022	\N	\N	void * __thiscall FUN_59aaf005(byte param_1)
59aaf089	FUN_59aaf089	FUN_59aaf089	Global	DEFAULT	ANALYSIS	__stdcall	int	2	false	\N	false	59aaf089-59aaf0f6	\N	\N	int __stdcall FUN_59aaf089(int param_1, undefined4 * param_2)
59aaf0fc	FUN_59aaf0fc	FUN_59aaf0fc	Global	DEFAULT	ANALYSIS	__stdcall	int *	4	false	\N	false	59aaf0fc-59aaf15f	\N	\N	int * __stdcall FUN_59aaf0fc(undefined4 param_1, uint param_2, int * param_3, int param_4)
59aaf165	FUN_59aaf165	FUN_59aaf165	Global	DEFAULT	ANALYSIS	__stdcall	undefined *	1	false	\N	false	59aaf165-59aaf198	\N	\N	undefined * __stdcall FUN_59aaf165(int * param_1)
59aaf19e	FUN_59aaf19e	FUN_59aaf19e	Global	DEFAULT	ANALYSIS	__stdcall	undefined *	1	false	\N	false	59aaf19e-59aaf1db	\N	\N	undefined * __stdcall FUN_59aaf19e(wchar_t * param_1)
59aaf1e1	FUN_59aaf1e1	FUN_59aaf1e1	Global	DEFAULT	ANALYSIS	__stdcall	undefined4	0	false	\N	false	59aaf1e1-59aaf3ae	\N	\N	undefined4 __stdcall FUN_59aaf1e1(void)
59aaf3b4	FUN_59aaf3b4	FUN_59aaf3b4	Global	DEFAULT	ANALYSIS	__stdcall	undefined4	0	false	\N	false	59aaf3b4-59aaf4ad	\N	\N	undefined4 __stdcall FUN_59aaf3b4(void)
59aaf4b3	FUN_59aaf4b3	FUN_59aaf4b3	Global	DEFAULT	ANALYSIS	__stdcall	undefined4	0	false	\N	false	59aaf4b3-59aaf5f8	\N	\N	undefined4 __stdcall FUN_59aaf4b3(void)
59aaf5fe	FUN_59aaf5fe	FUN_59aaf5fe	Global	DEFAULT	ANALYSIS	__thiscall	undefined4	2	false	\N	false	59aaf5fe-59aaf674	\N	\N	undefined4 __thiscall FUN_59aaf5fe(int param_1)
59aaf67a	FUN_59aaf67a	FUN_59aaf67a	Global	DEFAULT	ANALYSIS	__thiscall	undefined	3	false	\N	false	59aaf67a-59aaf6a6	\N	\N	undefined __thiscall FUN_59aaf67a(uint param_1, int param_2)
59aaf6ac	FUN_59aaf6ac	FUN_59aaf6ac	Global	DEFAULT	ANALYSIS	__thiscall	bool	2	false	\N	false	59aaf6ac-59aaf6c8	\N	\N	bool __thiscall FUN_59aaf6ac(undefined4 * param_1)
59aaf6ce	FUN_59aaf6ce	FUN_59aaf6ce	Global	DEFAULT	ANALYSIS	__thiscall	uint	2	false	\N	false	59aaf6ce-59aaf6ec	\N	\N	uint __thiscall FUN_59aaf6ce(undefined4 * param_1)
59aaf6f2	FUN_59aaf6f2	FUN_59aaf6f2	Global	DEFAULT	ANALYSIS	__stdcall	undefined4 *	0	false	\N	false	59aaf6f2-59aaf76e	\N	\N	undefined4 * __stdcall FUN_59aaf6f2(void)
59aaf774	FUN_59aaf774	FUN_59aaf774	Global	DEFAULT	ANALYSIS	__stdcall	undefined4	3	false	\N	false	59aaf774-59aaf7e5	\N	\N	undefined4 __stdcall FUN_59aaf774(int * param_1, int * param_2, uint * param_3)
59aaf816	FUN_59aaf816	FUN_59aaf816	Global	DEFAULT	ANALYSIS	__thiscall	undefined	2	false	\N	false	59aaf816-59aaf86a	\N	\N	undefined __thiscall FUN_59aaf816(undefined4 * param_1)
59aaf870	FUN_59aaf870	FUN_59aaf870	Global	DEFAULT	ANALYSIS	__stdcall	undefined4	4	false	\N	false	59aaf870-59aaf8db	\N	\N	undefined4 __stdcall FUN_59aaf870(undefined4 param_1, uint param_2, int param_3, undefined4 * param_4)
59aafae2	FUN_59aafae2	FUN_59aafae2	Global	DEFAULT	ANALYSIS	__thiscall	uint	2	false	\N	false	59aafae2-59aafb00	\N	\N	uint __thiscall FUN_59aafae2(undefined4 * param_1)
59aafb5c	FUN_59aafb5c	FUN_59aafb5c	Global	DEFAULT	ANALYSIS	__thiscall	uint	2	false	\N	false	59aafb5c-59aafb7a	\N	\N	uint __thiscall FUN_59aafb5c(undefined4 * param_1)
59aafbab	FUN_59aafbab	FUN_59aafbab	Global	DEFAULT	ANALYSIS	__thiscall	uint	2	false	\N	false	59aafbab-59aafbca	\N	\N	uint __thiscall FUN_59aafbab(uint * param_1)
59aafbfb	FUN_59aafbfb	FUN_59aafbfb	Global	DEFAULT	ANALYSIS	__thiscall	uint	2	false	\N	false	59aafbfb-59aafc1a	\N	\N	uint __thiscall FUN_59aafbfb(uint * param_1)
59aafc4b	FUN_59aafc4b	FUN_59aafc4b	Global	DEFAULT	ANALYSIS	__thiscall	uint	2	false	\N	false	59aafc4b-59aafc6a	\N	\N	uint __thiscall FUN_59aafc4b(uint * param_1)
59aafcc6	FUN_59aafcc6	FUN_59aafcc6	Global	DEFAULT	ANALYSIS	__thiscall	uint	2	false	\N	false	59aafcc6-59aafce4	\N	\N	uint __thiscall FUN_59aafcc6(undefined4 * param_1)
59aafd15	FUN_59aafd15	FUN_59aafd15	Global	DEFAULT	ANALYSIS	__thiscall	bool	2	false	\N	false	59aafd15-59aafd39	\N	\N	bool __thiscall FUN_59aafd15(undefined4 * param_1)
59aafd3f	FUN_59aafd3f	FUN_59aafd3f	Global	DEFAULT	ANALYSIS	__thiscall	void *	2	false	\N	false	59aafd3f-59aafd5c	\N	\N	void * __thiscall FUN_59aafd3f(byte param_1)
59aafd62	FUN_59aafd62	FUN_59aafd62	Global	DEFAULT	ANALYSIS	__fastcall	undefined	1	false	\N	false	59aafd62-59aafd84	\N	\N	undefined __fastcall FUN_59aafd62(int param_1)
59aafdeb	FUN_59aafdeb	FUN_59aafdeb	Global	DEFAULT	ANALYSIS	__stdcall	undefined4	3	false	\N	false	59aafdeb-59aafe36	\N	\N	undefined4 __stdcall FUN_59aafdeb(int * param_1, int * param_2, undefined4 * param_3)
59aafe3c	FUN_59aafe3c	FUN_59aafe3c	Global	DEFAULT	ANALYSIS	__stdcall	uint	4	false	\N	false	59aafe3c-59aafed8	\N	\N	uint __stdcall FUN_59aafe3c(int param_1, uint param_2, int param_3, uint * param_4)
59aafede	FUN_59aafede	FUN_59aafede	Global	DEFAULT	ANALYSIS	__stdcall	int	2	false	\N	false	59aafede-59aaff4b	\N	\N	int __stdcall FUN_59aafede(int param_1, undefined4 * param_2)
59aaff51	FUN_59aaff51	FUN_59aaff51	Global	DEFAULT	ANALYSIS	__stdcall	int *	4	false	\N	false	59aaff51-59aaffb4	\N	\N	int * __stdcall FUN_59aaff51(undefined4 param_1, uint param_2, int * param_3, int param_4)
59aaffba	FUN_59aaffba	FUN_59aaffba	Global	DEFAULT	ANALYSIS	__stdcall	undefined *	1	false	\N	false	59aaffba-59aaffed	\N	\N	undefined * __stdcall FUN_59aaffba(int * param_1)
59aafff3	FUN_59aafff3	FUN_59aafff3	Global	DEFAULT	ANALYSIS	__stdcall	undefined *	1	false	\N	false	59aafff3-59ab0030	\N	\N	undefined * __stdcall FUN_59aafff3(wchar_t * param_1)
59ab0036	FUN_59ab0036	FUN_59ab0036	Global	DEFAULT	ANALYSIS	__stdcall	undefined4	0	false	\N	false	59ab0036-59ab012f	\N	\N	undefined4 __stdcall FUN_59ab0036(void)
59ab0135	FUN_59ab0135	FUN_59ab0135	Global	DEFAULT	ANALYSIS	__stdcall	undefined4	0	false	\N	false	59ab0135-59ab0245	\N	\N	undefined4 __stdcall FUN_59ab0135(void)
59ab024b	FUN_59ab024b	FUN_59ab024b	Global	DEFAULT	ANALYSIS	__stdcall	undefined4 *	0	false	\N	false	59ab024b-59ab02e7	\N	\N	undefined4 * __stdcall FUN_59ab024b(void)
59ab02ed	FUN_59ab02ed	FUN_59ab02ed	Global	DEFAULT	ANALYSIS	__stdcall	undefined	1	false	\N	false	59ab02ed-59ab02fc	\N	\N	undefined __stdcall FUN_59ab02ed(int param_1)
59ab0302	FUN_59ab0302	FUN_59ab0302	Global	DEFAULT	ANALYSIS	__stdcall	undefined4	3	false	\N	false	59ab0302-59ab0373	\N	\N	undefined4 __stdcall FUN_59ab0302(int * param_1, int * param_2, uint * param_3)
59ab03a4	FUN_59ab03a4	FUN_59ab03a4	Global	DEFAULT	ANALYSIS	__stdcall	undefined4	4	false	\N	false	59ab03a4-59ab040f	\N	\N	undefined4 __stdcall FUN_59ab03a4(undefined4 param_1, uint param_2, int param_3, undefined4 * param_4)
59ab0616	FUN_59ab0616	FUN_59ab0616	Global	DEFAULT	ANALYSIS	__thiscall	bool	2	false	\N	false	59ab0616-59ab0632	\N	\N	bool __thiscall FUN_59ab0616(undefined4 * param_1)
59ab0638	FUN_59ab0638	FUN_59ab0638	Global	DEFAULT	ANALYSIS	__stdcall	undefined4	2	false	\N	false	59ab0638-59ab0673	\N	\N	undefined4 __stdcall FUN_59ab0638(int param_1, int * param_2)
59ab0679	FUN_59ab0679	FUN_59ab0679	Global	DEFAULT	ANALYSIS	__thiscall	uint	2	false	\N	false	59ab0679-59ab0697	\N	\N	uint __thiscall FUN_59ab0679(undefined4 * param_1)
59ab069d	FUN_59ab069d	FUN_59ab069d	Global	DEFAULT	ANALYSIS	__stdcall	undefined4	2	false	\N	false	59ab069d-59ab06e4	\N	\N	undefined4 __stdcall FUN_59ab069d(int param_1, wchar_t * param_2)
59ab06ea	FUN_59ab06ea	FUN_59ab06ea	Global	DEFAULT	ANALYSIS	__thiscall	uint	2	false	\N	false	59ab06ea-59ab0708	\N	\N	uint __thiscall FUN_59ab06ea(undefined4 * param_1)
59ab070e	FUN_59ab070e	FUN_59ab070e	Global	DEFAULT	ANALYSIS	__stdcall	undefined4	2	false	\N	false	59ab070e-59ab0755	\N	\N	undefined4 __stdcall FUN_59ab070e(int param_1, wchar_t * param_2)
59ab075b	FUN_59ab075b	FUN_59ab075b	Global	DEFAULT	ANALYSIS	__thiscall	uint	2	false	\N	false	59ab075b-59ab0779	\N	\N	uint __thiscall FUN_59ab075b(undefined4 * param_1)
59ab077f	FUN_59ab077f	FUN_59ab077f	Global	DEFAULT	ANALYSIS	__stdcall	undefined4	2	false	\N	false	59ab077f-59ab07c6	\N	\N	undefined4 __stdcall FUN_59ab077f(int param_1, wchar_t * param_2)
59ab07cc	FUN_59ab07cc	FUN_59ab07cc	Global	DEFAULT	ANALYSIS	__thiscall	uint	2	false	\N	false	59ab07cc-59ab07ea	\N	\N	uint __thiscall FUN_59ab07cc(undefined4 * param_1)
59ab081b	FUN_59ab081b	FUN_59ab081b	Global	DEFAULT	ANALYSIS	__thiscall	uint	2	false	\N	false	59ab081b-59ab083a	\N	\N	uint __thiscall FUN_59ab081b(uint * param_1)
59ab0840	FUN_59ab0840	FUN_59ab0840	Global	DEFAULT	ANALYSIS	__stdcall	undefined4	4	false	\N	false	59ab0840-59ab08b7	\N	\N	undefined4 __stdcall FUN_59ab0840(undefined4 * param_1, uint * param_2, uint * param_3, undefined4 * param_4)
59ab08bd	FUN_59ab08bd	FUN_59ab08bd	Global	DEFAULT	ANALYSIS	__thiscall	uint	2	false	\N	false	59ab08bd-59ab08db	\N	\N	uint __thiscall FUN_59ab08bd(undefined4 * param_1)
59ab08e1	FUN_59ab08e1	FUN_59ab08e1	Global	DEFAULT	ANALYSIS	__fastcall	int	1	false	\N	false	59ab08e1-59ab08f7	\N	\N	int __fastcall FUN_59ab08e1(int param_1)
59ab096b	FUN_59ab096b	FUN_59ab096b	Global	DEFAULT	ANALYSIS	__stdcall	int	2	false	\N	false	59ab096b-59ab09d8	\N	\N	int __stdcall FUN_59ab096b(int param_1, undefined4 * param_2)
59ab09de	FUN_59ab09de	FUN_59ab09de	Global	DEFAULT	ANALYSIS	__thiscall	void *	2	false	\N	false	59ab09de-59ab09fb	\N	\N	void * __thiscall FUN_59ab09de(byte param_1)
59ab0a01	FUN_59ab0a01	FUN_59ab0a01	Global	DEFAULT	ANALYSIS	__stdcall	undefined	0	false	\N	false	59ab0a01-59ab0a47	\N	\N	undefined __stdcall FUN_59ab0a01(void)
59ab0a4d	FUN_59ab0a4d	FUN_59ab0a4d	Global	DEFAULT	ANALYSIS	__stdcall	undefined	0	false	\N	false	59ab0a4d-59ab0aa0	\N	\N	undefined __stdcall FUN_59ab0a4d(void)
59ab0aa6	FUN_59ab0aa6	FUN_59ab0aa6	Global	DEFAULT	ANALYSIS	__stdcall	int *	4	false	\N	false	59ab0aa6-59ab0b09	\N	\N	int * __stdcall FUN_59ab0aa6(undefined4 param_1, uint param_2, int * param_3, int param_4)
59ab0b0f	FUN_59ab0b0f	FUN_59ab0b0f	Global	DEFAULT	ANALYSIS	__stdcall	undefined *	1	false	\N	false	59ab0b0f-59ab0b42	\N	\N	undefined * __stdcall FUN_59ab0b0f(int * param_1)
59ab0b48	FUN_59ab0b48	FUN_59ab0b48	Global	DEFAULT	ANALYSIS	__stdcall	undefined *	1	false	\N	false	59ab0b48-59ab0b85	\N	\N	undefined * __stdcall FUN_59ab0b48(wchar_t * param_1)
59ab0b8b	FUN_59ab0b8b	FUN_59ab0b8b	Global	DEFAULT	ANALYSIS	__stdcall	undefined4	0	false	\N	false	59ab0b8b-59ab0c6f	\N	\N	undefined4 __stdcall FUN_59ab0b8b(void)
59ab0c75	FUN_59ab0c75	FUN_59ab0c75	Global	DEFAULT	ANALYSIS	__stdcall	void *	0	false	\N	false	59ab0c75-59ab0cdb	\N	\N	void * __stdcall FUN_59ab0c75(void)
59ab0ce1	FUN_59ab0ce1	FUN_59ab0ce1	Global	DEFAULT	ANALYSIS	__stdcall	bool	0	false	\N	false	59ab0ce1-59ab0d47	\N	\N	bool __stdcall FUN_59ab0ce1(void)
59ab0d4d	FUN_59ab0d4d	FUN_59ab0d4d	Global	DEFAULT	ANALYSIS	__thiscall	void *	2	false	\N	false	59ab0d4d-59ab0d84	\N	\N	void * __thiscall FUN_59ab0d4d(int param_1)
59ab0d8a	FUN_59ab0d8a	FUN_59ab0d8a	Global	DEFAULT	ANALYSIS	__stdcall	void *	0	false	\N	false	59ab0d8a-59ab0df4	\N	\N	void * __stdcall FUN_59ab0d8a(void)
59ab0dfa	FUN_59ab0dfa	FUN_59ab0dfa	Global	DEFAULT	ANALYSIS	__stdcall	bool	0	false	\N	false	59ab0dfa-59ab0e60	\N	\N	bool __stdcall FUN_59ab0dfa(void)
59ab0e66	FUN_59ab0e66	FUN_59ab0e66	Global	DEFAULT	ANALYSIS	__thiscall	void *	2	false	\N	false	59ab0e66-59ab0e9d	\N	\N	void * __thiscall FUN_59ab0e66(int param_1)
59ab0ea3	FUN_59ab0ea3	FUN_59ab0ea3	Global	DEFAULT	ANALYSIS	__stdcall	void *	0	false	\N	false	59ab0ea3-59ab0f09	\N	\N	void * __stdcall FUN_59ab0ea3(void)
59ab0f0f	FUN_59ab0f0f	FUN_59ab0f0f	Global	DEFAULT	ANALYSIS	__stdcall	bool	0	false	\N	false	59ab0f0f-59ab0f75	\N	\N	bool __stdcall FUN_59ab0f0f(void)
59ab0f7b	FUN_59ab0f7b	FUN_59ab0f7b	Global	DEFAULT	ANALYSIS	__thiscall	void *	2	false	\N	false	59ab0f7b-59ab0fb2	\N	\N	void * __thiscall FUN_59ab0f7b(int param_1)
59ab1007	FUN_59ab1007	FUN_59ab1007	Global	DEFAULT	ANALYSIS	__stdcall	void *	0	false	\N	false	59ab1007-59ab1071	\N	\N	void * __stdcall FUN_59ab1007(void)
59ab1077	FUN_59ab1077	FUN_59ab1077	Global	DEFAULT	ANALYSIS	__stdcall	bool	0	false	\N	false	59ab1077-59ab10dd	\N	\N	bool __stdcall FUN_59ab1077(void)
59ab10e3	FUN_59ab10e3	FUN_59ab10e3	Global	DEFAULT	ANALYSIS	__thiscall	void *	2	false	\N	false	59ab10e3-59ab111a	\N	\N	void * __thiscall FUN_59ab10e3(int param_1)
59ab1120	FUN_59ab1120	FUN_59ab1120	Global	DEFAULT	ANALYSIS	__thiscall	bool	1	false	\N	false	59ab1120-59ab115b	\N	\N	bool __thiscall FUN_59ab1120(void)
59ab1161	FUN_59ab1161	FUN_59ab1161	Global	DEFAULT	ANALYSIS	__stdcall	undefined4	0	false	\N	false	59ab1161-59ab1210	\N	\N	undefined4 __stdcall FUN_59ab1161(void)
59ab1216	FUN_59ab1216	FUN_59ab1216	Global	DEFAULT	ANALYSIS	__stdcall	undefined4	0	false	\N	false	59ab1216-59ab12bb	\N	\N	undefined4 __stdcall FUN_59ab1216(void)
59ab12c1	FUN_59ab12c1	FUN_59ab12c1	Global	DEFAULT	ANALYSIS	__stdcall	undefined4	0	false	\N	false	59ab12c1-59ab13a5	\N	\N	undefined4 __stdcall FUN_59ab12c1(void)
59ab13ab	FUN_59ab13ab	FUN_59ab13ab	Global	DEFAULT	ANALYSIS	__thiscall	void *	2	false	\N	false	59ab13ab-59ab13c4	\N	\N	void * __thiscall FUN_59ab13ab(undefined4 param_1)
59ab13ca	thunk_FUN_59aa599f	thunk_FUN_59aa599f	Global	DEFAULT	ANALYSIS	__stdcall	undefined	0	true	FUN_59aa599f	false	59ab13ca-59ab13ce	\N	\N	undefined __stdcall thunk_FUN_59aa599f(void)
59ab13f7	FUN_59ab13f7	FUN_59ab13f7	Global	DEFAULT	ANALYSIS	__thiscall	void *	2	false	\N	false	59ab13f7-59ab1410	\N	\N	void * __thiscall FUN_59ab13f7(undefined4 param_1)
59ab1439	thunk_FUN_59aa5f16	thunk_FUN_59aa5f16	Global	DEFAULT	ANALYSIS	__stdcall	undefined	0	true	FUN_59aa5f16	false	59ab1439-59ab143d	\N	\N	undefined __stdcall thunk_FUN_59aa5f16(void)
59ab1443	FUN_59ab1443	FUN_59ab1443	Global	DEFAULT	ANALYSIS	__stdcall	undefined4	0	false	\N	false	59ab1443-59ab14e9	\N	\N	undefined4 __stdcall FUN_59ab1443(void)
59ab14ef	FUN_59ab14ef	FUN_59ab14ef	Global	DEFAULT	ANALYSIS	__stdcall	undefined4	0	false	\N	false	59ab14ef-59ab1701	\N	\N	undefined4 __stdcall FUN_59ab14ef(void)
59ab172b	FUN_59ab172b	FUN_59ab172b	Global	DEFAULT	ANALYSIS	__stdcall	undefined4	0	false	\N	false	59ab172b-59ab17ea	\N	\N	undefined4 __stdcall FUN_59ab172b(void)
59ab17f0	FUN_59ab17f0	FUN_59ab17f0	Global	DEFAULT	ANALYSIS	__stdcall	int	0	false	\N	false	59ab17f0-59ab1cf1	\N	\N	int __stdcall FUN_59ab17f0(void)
59ab1cf7	FUN_59ab1cf7	FUN_59ab1cf7	Global	DEFAULT	ANALYSIS	__stdcall	undefined4	0	false	\N	false	59ab1cf7-59ab1ee5	\N	\N	undefined4 __stdcall FUN_59ab1cf7(void)
59ab1eeb	FUN_59ab1eeb	FUN_59ab1eeb	Global	DEFAULT	ANALYSIS	__stdcall	undefined	0	false	\N	false	59ab1eeb-59ab2022	\N	\N	undefined __stdcall FUN_59ab1eeb(void)
59ab2028	FUN_59ab2028	FUN_59ab2028	Global	DEFAULT	ANALYSIS	__stdcall	undefined4	2	false	\N	false	59ab2028-59ab206b	\N	\N	undefined4 __stdcall FUN_59ab2028(int param_1, uint param_2)
59ab2071	FUN_59ab2071	FUN_59ab2071	Global	DEFAULT	ANALYSIS	__stdcall	int	0	false	\N	false	59ab2071-59ab2138	\N	\N	int __stdcall FUN_59ab2071(void)
59ab213e	FUN_59ab213e	FUN_59ab213e	Global	DEFAULT	ANALYSIS	__stdcall	int	0	false	\N	false	59ab213e-59ab2205	\N	\N	int __stdcall FUN_59ab213e(void)
59ab220b	FUN_59ab220b	FUN_59ab220b	Global	DEFAULT	ANALYSIS	__stdcall	int	0	false	\N	false	59ab220b-59ab22d2	\N	\N	int __stdcall FUN_59ab220b(void)
59ab22d8	FUN_59ab22d8	FUN_59ab22d8	Global	DEFAULT	ANALYSIS	__stdcall	int	0	false	\N	false	59ab22d8-59ab239f	\N	\N	int __stdcall FUN_59ab22d8(void)
59ab23a5	FUN_59ab23a5	FUN_59ab23a5	Global	DEFAULT	ANALYSIS	__stdcall	undefined4	0	false	\N	false	59ab23a5-59ab2518	\N	\N	undefined4 __stdcall FUN_59ab23a5(void)
59ab251e	FUN_59ab251e	FUN_59ab251e	Global	DEFAULT	ANALYSIS	__stdcall	undefined4	0	false	\N	false	59ab251e-59ab265f	\N	\N	undefined4 __stdcall FUN_59ab251e(void)
59ab2665	FUN_59ab2665	FUN_59ab2665	Global	DEFAULT	ANALYSIS	__stdcall	int	0	false	\N	false	59ab2665-59ab2754	\N	\N	int __stdcall FUN_59ab2665(void)
59ab275a	FUN_59ab275a	FUN_59ab275a	Global	DEFAULT	ANALYSIS	__stdcall	int	0	false	\N	false	59ab275a-59ab289d	\N	\N	int __stdcall FUN_59ab275a(void)
59ab28a3	FUN_59ab28a3	FUN_59ab28a3	Global	DEFAULT	ANALYSIS	__stdcall	undefined4	0	false	\N	false	59ab28a3-59ab2984	\N	\N	undefined4 __stdcall FUN_59ab28a3(void)
59ab298a	FUN_59ab298a	FUN_59ab298a	Global	DEFAULT	ANALYSIS	__stdcall	undefined4	0	false	\N	false	59ab298a-59ab2a6b	\N	\N	undefined4 __stdcall FUN_59ab298a(void)
59ab2a71	FUN_59ab2a71	FUN_59ab2a71	Global	DEFAULT	ANALYSIS	__stdcall	undefined4	1	false	\N	false	59ab2a71-59ab2ac1	\N	\N	undefined4 __stdcall FUN_59ab2a71(int param_1)
59ab2ac7	FUN_59ab2ac7	FUN_59ab2ac7	Global	DEFAULT	ANALYSIS	__stdcall	undefined4	1	false	\N	false	59ab2ac7-59ab2b0e	\N	\N	undefined4 __stdcall FUN_59ab2ac7(int param_1)
59ab2b14	FUN_59ab2b14	FUN_59ab2b14	Global	DEFAULT	ANALYSIS	__thiscall	undefined4	2	false	\N	false	59ab2b14-59ab2b45	\N	\N	undefined4 __thiscall FUN_59ab2b14(undefined4 * param_1)
59ab2b4b	FUN_59ab2b4b	FUN_59ab2b4b	Global	DEFAULT	ANALYSIS	__stdcall	undefined4	1	false	\N	false	59ab2b4b-59ab2b92	\N	\N	undefined4 __stdcall FUN_59ab2b4b(int param_1)
59ab2b98	FUN_59ab2b98	FUN_59ab2b98	Global	DEFAULT	ANALYSIS	__thiscall	undefined4	2	false	\N	false	59ab2b98-59ab2bc9	\N	\N	undefined4 __thiscall FUN_59ab2b98(undefined4 * param_1)
59ab2bcf	FUN_59ab2bcf	FUN_59ab2bcf	Global	DEFAULT	ANALYSIS	__stdcall	undefined4	1	false	\N	false	59ab2bcf-59ab2c16	\N	\N	undefined4 __stdcall FUN_59ab2bcf(int param_1)
59ab2c1c	FUN_59ab2c1c	FUN_59ab2c1c	Global	DEFAULT	ANALYSIS	__thiscall	undefined4	2	false	\N	false	59ab2c1c-59ab2c4d	\N	\N	undefined4 __thiscall FUN_59ab2c1c(undefined4 * param_1)
59ab2c53	FUN_59ab2c53	FUN_59ab2c53	Global	DEFAULT	ANALYSIS	__stdcall	undefined4	1	false	\N	false	59ab2c53-59ab2ca3	\N	\N	undefined4 __stdcall FUN_59ab2c53(int param_1)
59ab2ca9	FUN_59ab2ca9	FUN_59ab2ca9	Global	DEFAULT	ANALYSIS	__stdcall	undefined4	1	false	\N	false	59ab2ca9-59ab2cf9	\N	\N	undefined4 __stdcall FUN_59ab2ca9(int param_1)
59ab2cff	FUN_59ab2cff	FUN_59ab2cff	Global	DEFAULT	ANALYSIS	__stdcall	undefined4	1	false	\N	false	59ab2cff-59ab2d4f	\N	\N	undefined4 __stdcall FUN_59ab2cff(int param_1)
59ab2d55	FUN_59ab2d55	FUN_59ab2d55	Global	DEFAULT	ANALYSIS	__stdcall	undefined4	1	false	\N	false	59ab2d55-59ab2da5	\N	\N	undefined4 __stdcall FUN_59ab2d55(int param_1)
59ab2dab	FUN_59ab2dab	FUN_59ab2dab	Global	DEFAULT	ANALYSIS	__thiscall	undefined4	2	false	\N	false	59ab2dab-59ab2ddf	\N	\N	undefined4 __thiscall FUN_59ab2dab(undefined4 * param_1)
59ab2de5	FUN_59ab2de5	FUN_59ab2de5	Global	DEFAULT	ANALYSIS	__stdcall	undefined4	1	false	\N	false	59ab2de5-59ab2e2c	\N	\N	undefined4 __stdcall FUN_59ab2de5(int param_1)
59ab2e32	FUN_59ab2e32	FUN_59ab2e32	Global	DEFAULT	ANALYSIS	__stdcall	undefined4	1	false	\N	false	59ab2e32-59ab2e82	\N	\N	undefined4 __stdcall FUN_59ab2e32(int param_1)
59ab2e88	FUN_59ab2e88	FUN_59ab2e88	Global	DEFAULT	ANALYSIS	__thiscall	undefined4	2	false	\N	false	59ab2e88-59ab2ebc	\N	\N	undefined4 __thiscall FUN_59ab2e88(undefined4 * param_1)
59ab2ec2	FUN_59ab2ec2	FUN_59ab2ec2	Global	DEFAULT	ANALYSIS	__stdcall	undefined4	1	false	\N	false	59ab2ec2-59ab2f09	\N	\N	undefined4 __stdcall FUN_59ab2ec2(int param_1)
59ab2f0f	FUN_59ab2f0f	FUN_59ab2f0f	Global	DEFAULT	ANALYSIS	__stdcall	undefined4	1	false	\N	false	59ab2f0f-59ab2f5f	\N	\N	undefined4 __stdcall FUN_59ab2f0f(int param_1)
59ab2f65	FUN_59ab2f65	FUN_59ab2f65	Global	DEFAULT	ANALYSIS	__thiscall	undefined4	2	false	\N	false	59ab2f65-59ab2f99	\N	\N	undefined4 __thiscall FUN_59ab2f65(undefined4 * param_1)
59ab2f9f	FUN_59ab2f9f	FUN_59ab2f9f	Global	DEFAULT	ANALYSIS	__stdcall	undefined4	1	false	\N	false	59ab2f9f-59ab2fe6	\N	\N	undefined4 __stdcall FUN_59ab2f9f(int param_1)
59ab2fec	FUN_59ab2fec	FUN_59ab2fec	Global	DEFAULT	ANALYSIS	__stdcall	undefined4	1	false	\N	false	59ab2fec-59ab303c	\N	\N	undefined4 __stdcall FUN_59ab2fec(int param_1)
59ab3042	FUN_59ab3042	FUN_59ab3042	Global	DEFAULT	ANALYSIS	__thiscall	undefined4	2	false	\N	false	59ab3042-59ab3076	\N	\N	undefined4 __thiscall FUN_59ab3042(undefined4 * param_1)
59ab307c	FUN_59ab307c	FUN_59ab307c	Global	DEFAULT	ANALYSIS	__stdcall	undefined4	1	false	\N	false	59ab307c-59ab30c3	\N	\N	undefined4 __stdcall FUN_59ab307c(int param_1)
59ab30c9	FUN_59ab30c9	FUN_59ab30c9	Global	DEFAULT	ANALYSIS	__stdcall	int	4	false	\N	false	59ab30c9-59ab3188	\N	\N	int __stdcall FUN_59ab30c9(uint param_1, uint param_2, uint * param_3, undefined4 * param_4)
59ab318e	FUN_59ab318e	FUN_59ab318e	Global	DEFAULT	ANALYSIS	__stdcall	int	4	false	\N	false	59ab318e-59ab3235	\N	\N	int __stdcall FUN_59ab318e(uint param_1, uint param_2, uint * param_3, int param_4)
59ab323b	FUN_59ab323b	FUN_59ab323b	Global	DEFAULT	ANALYSIS	__stdcall	undefined4	1	false	\N	false	59ab323b-59ab3282	\N	\N	undefined4 __stdcall FUN_59ab323b(int param_1)
59ab3288	FUN_59ab3288	FUN_59ab3288	Global	DEFAULT	ANALYSIS	__thiscall	undefined4	2	false	\N	false	59ab3288-59ab32bc	\N	\N	undefined4 __thiscall FUN_59ab3288(undefined4 * param_1)
59ab32c2	FUN_59ab32c2	FUN_59ab32c2	Global	DEFAULT	ANALYSIS	__thiscall	undefined4	2	false	\N	false	59ab32c2-59ab32e4	\N	\N	undefined4 __thiscall FUN_59ab32c2(undefined4 * param_1)
59ab32ea	FUN_59ab32ea	FUN_59ab32ea	Global	DEFAULT	ANALYSIS	__stdcall	undefined4	1	false	\N	false	59ab32ea-59ab3337	\N	\N	undefined4 __stdcall FUN_59ab32ea(int param_1)
59ab333d	FUN_59ab333d	FUN_59ab333d	Global	DEFAULT	ANALYSIS	__stdcall	undefined4	1	false	\N	false	59ab333d-59ab3381	\N	\N	undefined4 __stdcall FUN_59ab333d(int param_1)
59ab3387	FUN_59ab3387	FUN_59ab3387	Global	DEFAULT	ANALYSIS	__cdecl	typedef LPSTR CHAR *	3	false	\N	false	59ab3387-59ab33b8	\N	\N	LPSTR __cdecl FUN_59ab3387(LPCWSTR param_1, LPSTR param_2, int param_3)
59ab347a	FUN_59ab347a	FUN_59ab347a	Global	DEFAULT	ANALYSIS	__cdecl	undefined	5	false	\N	false	59ab347a-59ab34a1	\N	\N	undefined __cdecl FUN_59ab347a(int param_1, undefined4 param_2, undefined4 param_3, undefined4 param_4, undefined4 param_5)
59ab34a7	FUN_59ab34a7	FUN_59ab34a7	Global	DEFAULT	ANALYSIS	__cdecl	undefined	4	false	\N	false	59ab34a7-59ab34cb	\N	\N	undefined __cdecl FUN_59ab34a7(int param_1, undefined4 param_2, undefined4 param_3, undefined4 param_4)
59ab34d1	FUN_59ab34d1	FUN_59ab34d1	Global	DEFAULT	ANALYSIS	__fastcall	undefined	1	false	\N	false	59ab34d1-59ab34ec	\N	\N	undefined __fastcall FUN_59ab34d1(int param_1)
59ab34f2	FUN_59ab34f2	FUN_59ab34f2	Global	DEFAULT	ANALYSIS	__stdcall	undefined4	4	false	\N	false	59ab34f2-59ab35af	\N	\N	undefined4 __stdcall FUN_59ab34f2(int param_1, int param_2, int param_3, int param_4)
59ab35b5	FUN_59ab35b5	FUN_59ab35b5	Global	DEFAULT	ANALYSIS	__thiscall	undefined4	4	false	\N	false	59ab35b5-59ab364b	\N	\N	undefined4 __thiscall FUN_59ab35b5(void * param_1, long param_2, void * param_3)
59ab3651	FUN_59ab3651	FUN_59ab3651	Global	DEFAULT	ANALYSIS	__cdecl	undefined *	2	false	\N	false	59ab3651-59ab370b	\N	\N	undefined * __cdecl FUN_59ab3651(int param_1, int param_2)
59ab3711	FUN_59ab3711	FUN_59ab3711	Global	DEFAULT	ANALYSIS	__thiscall	void *	2	false	\N	false	59ab3711-59ab372d	\N	\N	void * __thiscall FUN_59ab3711(undefined4 param_1)
59ab3756	FUN_59ab3756	FUN_59ab3756	Global	DEFAULT	ANALYSIS	__stdcall	undefined	0	false	\N	false	59ab3756-59ab379c	\N	\N	undefined __stdcall FUN_59ab3756(void)
59ab37a2	FUN_59ab37a2	FUN_59ab37a2	Global	DEFAULT	ANALYSIS	__stdcall	undefined	0	false	\N	false	59ab37a2-59ab385e	\N	\N	undefined __stdcall FUN_59ab37a2(void)
59ab3864	FUN_59ab3864	FUN_59ab3864	Global	DEFAULT	ANALYSIS	__thiscall	void *	4	false	\N	false	59ab3864-59ab3892	\N	\N	void * __thiscall FUN_59ab3864(undefined4 param_1, undefined4 param_2, undefined4 param_3)
59ab38bb	FUN_59ab38bb	FUN_59ab38bb	Global	DEFAULT	ANALYSIS	__fastcall	undefined	1	false	\N	false	59ab38bb-59ab38c5	\N	\N	undefined __fastcall FUN_59ab38bb(undefined4 * param_1)
59ab38e7	FUN_59ab38e7	FUN_59ab38e7	Global	DEFAULT	ANALYSIS	__fastcall	undefined4	1	false	\N	false	59ab38e7-59ab394d	\N	\N	undefined4 __fastcall FUN_59ab38e7(void * param_1)
59ab3972	FUN_59ab3972	FUN_59ab3972	Global	DEFAULT	ANALYSIS	__fastcall	bool	1	false	\N	false	59ab3972-59ab39b1	\N	\N	bool __fastcall FUN_59ab3972(int param_1)
59ab39b7	FUN_59ab39b7	FUN_59ab39b7	Global	DEFAULT	ANALYSIS	__fastcall	bool	1	false	\N	false	59ab39b7-59ab39e6	\N	\N	bool __fastcall FUN_59ab39b7(int param_1)
59ab39ec	FUN_59ab39ec	FUN_59ab39ec	Global	DEFAULT	ANALYSIS	__stdcall	undefined4 *	0	false	\N	false	59ab39ec-59ab3ae9	\N	\N	undefined4 * __stdcall FUN_59ab39ec(void)
59ab3afc	FUN_59ab3afc	FUN_59ab3afc	Global	DEFAULT	ANALYSIS	__stdcall	undefined4	3	false	\N	false	59ab3afc-59ab3b33	\N	\N	undefined4 __stdcall FUN_59ab3afc(int param_1, undefined4 param_2, undefined4 param_3)
59ab3be8	FUN_59ab3be8	FUN_59ab3be8	Global	DEFAULT	ANALYSIS	__stdcall	undefined4	6	false	\N	false	59ab3be8-59ab3c16	\N	\N	undefined4 __stdcall FUN_59ab3be8(int param_1, undefined4 param_2, undefined4 param_3, undefined4 param_4, undefined4 param_5, undefined4 param_6)
59ab3c1c	FUN_59ab3c1c	FUN_59ab3c1c	Global	DEFAULT	ANALYSIS	__stdcall	undefined4	5	false	\N	false	59ab3c1c-59ab3c47	\N	\N	undefined4 __stdcall FUN_59ab3c1c(int param_1, undefined4 param_2, undefined4 param_3, undefined4 param_4, undefined4 param_5)
59ab3c4d	FUN_59ab3c4d	FUN_59ab3c4d	Global	DEFAULT	ANALYSIS	__stdcall	undefined	1	false	\N	false	59ab3c4d-59ab3c5d	\N	\N	undefined __stdcall FUN_59ab3c4d(int param_1)
59ab3c63	FUN_59ab3c63	FUN_59ab3c63	Global	DEFAULT	ANALYSIS	__stdcall	undefined	1	false	\N	false	59ab3c63-59ab3c72	\N	\N	undefined __stdcall FUN_59ab3c63(int param_1)
59ab3c78	FUN_59ab3c78	FUN_59ab3c78	Global	DEFAULT	ANALYSIS	__stdcall	undefined4	3	false	\N	false	59ab3c78-59ab3d31	\N	\N	undefined4 __stdcall FUN_59ab3c78(int * param_1, int * param_2, int * param_3)
59ab3dbe	FUN_59ab3dbe	FUN_59ab3dbe	Global	DEFAULT	ANALYSIS	__thiscall	void *	2	false	\N	false	59ab3dbe-59ab3ddb	\N	\N	void * __thiscall FUN_59ab3dbe(byte param_1)
59ab3de1	FUN_59ab3de1	FUN_59ab3de1	Global	DEFAULT	ANALYSIS	__stdcall	undefined	3	false	\N	false	59ab3de1-59ab3e1b	\N	\N	undefined __stdcall FUN_59ab3de1(int param_1, wchar_t * param_2, int param_3)
59ab3e21	FUN_59ab3e21	FUN_59ab3e21	Global	DEFAULT	ANALYSIS	__thiscall	undefined4	4	false	\N	false	59ab3e21-59ab3ec9	\N	\N	undefined4 __thiscall FUN_59ab3e21(void * param_1, long param_2, undefined4 * param_3)
59ab3ecf	FUN_59ab3ecf	FUN_59ab3ecf	Global	DEFAULT	ANALYSIS	__thiscall	undefined	2	false	\N	false	59ab3ecf-59ab3f81	\N	\N	undefined __thiscall FUN_59ab3ecf(undefined4 * param_1)
59ab3f87	FUN_59ab3f87	FUN_59ab3f87	Global	DEFAULT	ANALYSIS	__thiscall	undefined	3	false	\N	false	59ab3f87-59ab400f	\N	\N	undefined __thiscall FUN_59ab3f87(undefined4 * param_1, int * param_2)
59ab4015	FUN_59ab4015	FUN_59ab4015	Global	DEFAULT	ANALYSIS	__thiscall	undefined	8	false	\N	false	59ab4015-59ab41a2	\N	\N	undefined __thiscall FUN_59ab4015(undefined4 * param_1, undefined4 * param_2, undefined4 * param_3, int * param_4, undefined4 * param_5, undefined4 * param_6, int * param_7)
59ab41a8	FUN_59ab41a8	FUN_59ab41a8	Global	DEFAULT	ANALYSIS	__thiscall	undefined4	2	false	\N	false	59ab41a8-59ab41de	\N	\N	undefined4 __thiscall FUN_59ab41a8(byte * param_1)
59ab41e4	FUN_59ab41e4	FUN_59ab41e4	Global	DEFAULT	ANALYSIS	__stdcall	uint	3	false	\N	false	59ab41e4-59ab420a	\N	\N	uint __stdcall FUN_59ab41e4(int param_1, uint param_2, char param_3)
59ab4210	FUN_59ab4210	FUN_59ab4210	Global	DEFAULT	ANALYSIS	__thiscall	int	3	false	\N	false	59ab4210-59ab4305	\N	\N	int __thiscall FUN_59ab4210(uint * param_1, int param_2)
59ab43a3	FUN_59ab43a3	FUN_59ab43a3	Global	DEFAULT	ANALYSIS	__thiscall	undefined	3	false	\N	false	59ab43a3-59ab43f0	\N	\N	undefined __thiscall FUN_59ab43a3(undefined4 param_1, int param_2)
59ab43f6	FUN_59ab43f6	FUN_59ab43f6	Global	DEFAULT	ANALYSIS	__thiscall	undefined	3	false	\N	false	59ab43f6-59ab4443	\N	\N	undefined __thiscall FUN_59ab43f6(undefined4 param_1, int param_2)
59ab4449	FUN_59ab4449	FUN_59ab4449	Global	DEFAULT	ANALYSIS	__thiscall	undefined	3	false	\N	false	59ab4449-59ab4474	\N	\N	undefined __thiscall FUN_59ab4449(undefined4 param_1, int param_2)
59ab447a	FUN_59ab447a	FUN_59ab447a	Global	DEFAULT	ANALYSIS	__fastcall	undefined	1	false	\N	false	59ab447a-59ab4483	\N	\N	undefined __fastcall FUN_59ab447a(undefined4 * param_1)
59ab4489	FUN_59ab4489	FUN_59ab4489	Global	DEFAULT	ANALYSIS	__fastcall	int *	1	false	\N	false	59ab4489-59ab449d	\N	\N	int * __fastcall FUN_59ab4489(int * param_1)
59ab44a3	FUN_59ab44a3	FUN_59ab44a3	Global	DEFAULT	ANALYSIS	__cdecl	undefined	4	false	\N	false	59ab44a3-59ab44e0	\N	\N	undefined __cdecl FUN_59ab44a3(undefined4 * param_1, undefined4 param_2, undefined4 param_3, undefined4 param_4)
59ab44e6	FUN_59ab44e6	FUN_59ab44e6	Global	DEFAULT	ANALYSIS	__cdecl	undefined	2	false	\N	false	59ab44e6-59ab4517	\N	\N	undefined __cdecl FUN_59ab44e6(undefined4 * param_1, undefined4 param_2)
59ab451d	FUN_59ab451d	FUN_59ab451d	Global	DEFAULT	ANALYSIS	__cdecl	undefined	2	false	\N	false	59ab451d-59ab454b	\N	\N	undefined __cdecl FUN_59ab451d(undefined4 * param_1, undefined4 param_2)
59ab4551	FUN_59ab4551	FUN_59ab4551	Global	DEFAULT	ANALYSIS	__cdecl	undefined	4	false	\N	false	59ab4551-59ab458e	\N	\N	undefined __cdecl FUN_59ab4551(undefined4 * param_1, undefined4 param_2, undefined4 param_3, undefined4 param_4)
59ab4594	FUN_59ab4594	FUN_59ab4594	Global	DEFAULT	ANALYSIS	__cdecl	int	3	false	\N	false	59ab4594-59ab45bd	\N	\N	int __cdecl FUN_59ab4594(byte * param_1, int param_2, uint param_3)
59ab45c3	FUN_59ab45c3	FUN_59ab45c3	Global	DEFAULT	ANALYSIS	__thiscall	undefined	2	false	\N	false	59ab45c3-59ab45df	\N	\N	undefined __thiscall FUN_59ab45c3(undefined4 * param_1)
59ab45e5	FUN_59ab45e5	FUN_59ab45e5	Global	DEFAULT	ANALYSIS	__thiscall	undefined	2	false	\N	false	59ab45e5-59ab45fc	\N	\N	undefined __thiscall FUN_59ab45e5(int param_1)
59ab4602	FUN_59ab4602	FUN_59ab4602	Global	DEFAULT	ANALYSIS	__cdecl	int	1	false	\N	false	59ab4602-59ab468d	\N	\N	int __cdecl FUN_59ab4602(int param_1)
59ab4693	FUN_59ab4693	FUN_59ab4693	Global	DEFAULT	ANALYSIS	__cdecl	ushort *	1	false	\N	false	59ab4693-59ab478a	\N	\N	ushort * __cdecl FUN_59ab4693(ushort * param_1)
59ab4790	FUN_59ab4790	FUN_59ab4790	Global	DEFAULT	ANALYSIS	__cdecl	undefined1	3	false	\N	false	59ab4790-59ab481c	\N	\N	undefined1 __cdecl FUN_59ab4790(int param_1, byte * param_2, undefined4 * param_3)
59ab4822	FUN_59ab4822	FUN_59ab4822	Global	DEFAULT	ANALYSIS	__cdecl	uint	3	false	\N	false	59ab4822-59ab4877	\N	\N	uint __cdecl FUN_59ab4822(int param_1, int param_2, undefined4 * param_3)
59ab487d	FUN_59ab487d	FUN_59ab487d	Global	DEFAULT	ANALYSIS	__stdcall	bool	4	false	\N	false	59ab487d-59ab48cb	\N	\N	bool __stdcall FUN_59ab487d(int param_1, char * param_2, undefined4 * param_3, int * param_4)
59ab48d1	FUN_59ab48d1	FUN_59ab48d1	Global	DEFAULT	ANALYSIS	__thiscall	void *	2	false	\N	false	59ab48d1-59ab4909	\N	\N	void * __thiscall FUN_59ab48d1(undefined4 param_1)
59ab490f	FUN_59ab490f	FUN_59ab490f	Global	DEFAULT	ANALYSIS	__thiscall	void *	3	false	\N	false	59ab490f-59ab494d	\N	\N	void * __thiscall FUN_59ab490f(undefined4 param_1, undefined4 param_2)
59ab4953	FUN_59ab4953	FUN_59ab4953	Global	DEFAULT	ANALYSIS	__cdecl	uint	1	false	\N	false	59ab4953-59ab498e	\N	\N	uint __cdecl FUN_59ab4953(ushort * param_1)
59ab4994	FUN_59ab4994	FUN_59ab4994	Global	DEFAULT	ANALYSIS	__cdecl	ulonglong	1	false	\N	false	59ab4994-59ab49df	\N	\N	ulonglong __cdecl FUN_59ab4994(ushort * param_1)
59ab49e5	FUN_59ab49e5	FUN_59ab49e5	Global	DEFAULT	ANALYSIS	__cdecl	uint	1	false	\N	false	59ab49e5-59ab4a35	\N	\N	uint __cdecl FUN_59ab49e5(int param_1)
59ab4a3b	FUN_59ab4a3b	FUN_59ab4a3b	Global	DEFAULT	ANALYSIS	__cdecl	undefined	2	false	\N	false	59ab4a3b-59ab4a62	\N	\N	undefined __cdecl FUN_59ab4a3b(int * param_1, int param_2)
59ab4a68	FUN_59ab4a68	FUN_59ab4a68	Global	DEFAULT	ANALYSIS	__stdcall	undefined4	0	false	\N	false	59ab4a68-59ab4a81	\N	\N	undefined4 __stdcall FUN_59ab4a68(void)
59ab4aa2	FUN_59ab4aa2	FUN_59ab4aa2	Global	DEFAULT	ANALYSIS	__fastcall	undefined	1	false	\N	false	59ab4aa2-59ab4aea	\N	\N	undefined __fastcall FUN_59ab4aa2(int param_1)
59ab4b98	FUN_59ab4b98	FUN_59ab4b98	Global	DEFAULT	ANALYSIS	__thiscall	ushort *	3	false	\N	false	59ab4b98-59ab4bf5	\N	\N	ushort * __thiscall FUN_59ab4b98(ushort * param_1, int param_2)
59ab4c3e	FUN_59ab4c3e	FUN_59ab4c3e	Global	DEFAULT	ANALYSIS	__thiscall	undefined4	5	false	\N	false	59ab4c3e-59ab4c88	\N	\N	undefined4 __thiscall FUN_59ab4c3e(int param_1, undefined4 param_2, int * param_3, undefined4 * param_4)
59ab4c8e	FUN_59ab4c8e	FUN_59ab4c8e	Global	DEFAULT	ANALYSIS	__thiscall	undefined4	5	false	\N	false	59ab4c8e-59ab4d14	\N	\N	undefined4 __thiscall FUN_59ab4c8e(int param_1, int param_2, int * param_3, int * param_4)
59ab4d1a	FUN_59ab4d1a	FUN_59ab4d1a	Global	DEFAULT	ANALYSIS	__stdcall	undefined4	4	false	\N	false	59ab4d1a-59ab4d60	\N	\N	undefined4 __stdcall FUN_59ab4d1a(int param_1, undefined4 param_2, undefined4 * param_3, int * param_4)
59ab4da8	FUN_59ab4da8	FUN_59ab4da8	Global	DEFAULT	ANALYSIS	__stdcall	bool	4	false	\N	false	59ab4da8-59ab4de8	\N	\N	bool __stdcall FUN_59ab4da8(int param_1, int param_2, undefined4 * param_3, int * param_4)
59ab4e1a	FUN_59ab4e1a	FUN_59ab4e1a	Global	DEFAULT	ANALYSIS	__fastcall	undefined	1	false	\N	false	59ab4e1a-59ab4e35	\N	\N	undefined __fastcall FUN_59ab4e1a(int param_1)
59ab4e3b	FUN_59ab4e3b	FUN_59ab4e3b	Global	DEFAULT	ANALYSIS	__fastcall	undefined	1	false	\N	false	59ab4e3b-59ab4e56	\N	\N	undefined __fastcall FUN_59ab4e3b(int param_1)
59ab4e5c	FUN_59ab4e5c	FUN_59ab4e5c	Global	DEFAULT	ANALYSIS	__fastcall	undefined	1	false	\N	false	59ab4e5c-59ab4e77	\N	\N	undefined __fastcall FUN_59ab4e5c(int param_1)
59ab4e7d	FUN_59ab4e7d	FUN_59ab4e7d	Global	DEFAULT	ANALYSIS	__thiscall	undefined	3	false	\N	false	59ab4e7d-59ab4ead	\N	\N	undefined __thiscall FUN_59ab4e7d(int * param_1, ushort * param_2)
59ab4eb3	FUN_59ab4eb3	FUN_59ab4eb3	Global	DEFAULT	ANALYSIS	__thiscall	void *	2	false	\N	false	59ab4eb3-59ab4eca	\N	\N	void * __thiscall FUN_59ab4eb3(undefined4 * param_1)
59ab4ed0	FUN_59ab4ed0	FUN_59ab4ed0	Global	DEFAULT	ANALYSIS	__thiscall	void *	2	false	\N	false	59ab4ed0-59ab4f07	\N	\N	void * __thiscall FUN_59ab4ed0(wchar_t * param_1)
59ab4f0d	FUN_59ab4f0d	FUN_59ab4f0d	Global	DEFAULT	ANALYSIS	__thiscall	void *	3	false	\N	false	59ab4f0d-59ab4f41	\N	\N	void * __thiscall FUN_59ab4f0d(undefined4 param_1, undefined4 * param_2)
59ab4f47	FUN_59ab4f47	FUN_59ab4f47	Global	DEFAULT	ANALYSIS	__thiscall	void *	3	false	\N	false	59ab4f47-59ab4f6b	\N	\N	void * __thiscall FUN_59ab4f47(undefined4 param_1, undefined4 * param_2)
59ab4f71	FUN_59ab4f71	FUN_59ab4f71	Global	DEFAULT	ANALYSIS	__thiscall	void *	4	false	\N	false	59ab4f71-59ab4fac	\N	\N	void * __thiscall FUN_59ab4f71(undefined4 param_1, undefined4 param_2, undefined4 * param_3)
59ab4fb2	FUN_59ab4fb2	FUN_59ab4fb2	Global	DEFAULT	ANALYSIS	__thiscall	void *	4	false	\N	false	59ab4fb2-59ab4ffa	\N	\N	void * __thiscall FUN_59ab4fb2(undefined4 param_1, undefined4 param_2, undefined4 param_3)
59ab5000	FUN_59ab5000	FUN_59ab5000	Global	DEFAULT	ANALYSIS	__stdcall	undefined	0	false	\N	false	59ab5000-59ab5081	\N	\N	undefined __stdcall FUN_59ab5000(void)
59ab5087	FUN_59ab5087	FUN_59ab5087	Global	DEFAULT	ANALYSIS	__thiscall	ushort *	3	false	\N	false	59ab5087-59ab5168	\N	\N	ushort * __thiscall FUN_59ab5087(ushort * param_1, ushort * param_2)
59ab5bc7	FUN_59ab5bc7	FUN_59ab5bc7	Global	DEFAULT	ANALYSIS	__thiscall	undefined4	5	false	\N	false	59ab5bc7-59ab5d09	\N	\N	undefined4 __thiscall FUN_59ab5bc7(byte * param_1, byte * param_2, int * param_3, int * param_4)
59ab5d0f	FUN_59ab5d0f	FUN_59ab5d0f	Global	DEFAULT	ANALYSIS	__fastcall	undefined	2	false	\N	false	59ab5d0f-59ab5d67	\N	\N	undefined __fastcall FUN_59ab5d0f(undefined4 * param_1, int param_2)
59ab5d6d	FUN_59ab5d6d	FUN_59ab5d6d	Global	DEFAULT	ANALYSIS	__fastcall	undefined	1	false	\N	false	59ab5d6d-59ab5d77	\N	\N	undefined __fastcall FUN_59ab5d6d(undefined4 * param_1)
59ab5d7d	FUN_59ab5d7d	FUN_59ab5d7d	Global	DEFAULT	ANALYSIS	__thiscall	undefined4 *	2	false	\N	false	59ab5d7d-59ab5dae	\N	\N	undefined4 * __thiscall FUN_59ab5d7d(int param_1)
59ab5db4	FUN_59ab5db4	FUN_59ab5db4	Global	DEFAULT	ANALYSIS	__thiscall	undefined4 *	2	false	\N	false	59ab5db4-59ab5ddf	\N	\N	undefined4 * __thiscall FUN_59ab5db4(int param_1)
59ab5de5	FUN_59ab5de5	FUN_59ab5de5	Global	DEFAULT	ANALYSIS	__fastcall	undefined	1	false	\N	false	59ab5de5-59ab5def	\N	\N	undefined __fastcall FUN_59ab5de5(undefined4 * param_1)
59ab5df5	FUN_59ab5df5	FUN_59ab5df5	Global	DEFAULT	ANALYSIS	__thiscall	undefined4 *	2	false	\N	false	59ab5df5-59ab5e26	\N	\N	undefined4 * __thiscall FUN_59ab5df5(int param_1)
59ab5e2c	FUN_59ab5e2c	FUN_59ab5e2c	Global	DEFAULT	ANALYSIS	__thiscall	undefined4 *	2	false	\N	false	59ab5e2c-59ab5e57	\N	\N	undefined4 * __thiscall FUN_59ab5e2c(int param_1)
59ab5e5d	FUN_59ab5e5d	FUN_59ab5e5d	Global	DEFAULT	ANALYSIS	__fastcall	undefined	1	false	\N	false	59ab5e5d-59ab5e67	\N	\N	undefined __fastcall FUN_59ab5e5d(undefined4 * param_1)
59ab5e6d	FUN_59ab5e6d	FUN_59ab5e6d	Global	DEFAULT	ANALYSIS	__thiscall	undefined4 *	2	false	\N	false	59ab5e6d-59ab5e9e	\N	\N	undefined4 * __thiscall FUN_59ab5e6d(int param_1)
59ab5ea4	FUN_59ab5ea4	FUN_59ab5ea4	Global	DEFAULT	ANALYSIS	__thiscall	undefined4 *	2	false	\N	false	59ab5ea4-59ab5ecf	\N	\N	undefined4 * __thiscall FUN_59ab5ea4(int param_1)
59ab5ed5	FUN_59ab5ed5	FUN_59ab5ed5	Global	DEFAULT	ANALYSIS	__thiscall	bool	2	false	\N	false	59ab5ed5-59ab5f0a	\N	\N	bool __thiscall FUN_59ab5ed5(undefined4 * param_1)
59ab5f10	FUN_59ab5f10	FUN_59ab5f10	Global	DEFAULT	ANALYSIS	__stdcall	undefined	0	false	\N	false	59ab5f10-59ab5f4e	\N	\N	undefined __stdcall FUN_59ab5f10(void)
59ab5f54	FUN_59ab5f54	FUN_59ab5f54	Global	DEFAULT	ANALYSIS	__fastcall	undefined	1	false	\N	false	59ab5f54-59ab5f74	\N	\N	undefined __fastcall FUN_59ab5f54(int param_1)
59ab5f7a	FUN_59ab5f7a	FUN_59ab5f7a	Global	DEFAULT	ANALYSIS	__fastcall	undefined	1	false	\N	false	59ab5f7a-59ab5f9a	\N	\N	undefined __fastcall FUN_59ab5f7a(int param_1)
59ab5fa0	FUN_59ab5fa0	FUN_59ab5fa0	Global	DEFAULT	ANALYSIS	__fastcall	undefined	1	false	\N	false	59ab5fa0-59ab5fc0	\N	\N	undefined __fastcall FUN_59ab5fa0(int param_1)
59ab5fc6	FUN_59ab5fc6	FUN_59ab5fc6	Global	DEFAULT	ANALYSIS	__fastcall	undefined	1	false	\N	false	59ab5fc6-59ab5fe6	\N	\N	undefined __fastcall FUN_59ab5fc6(int param_1)
59ab5fec	FUN_59ab5fec	FUN_59ab5fec	Global	DEFAULT	ANALYSIS	__fastcall	undefined	1	false	\N	false	59ab5fec-59ab600c	\N	\N	undefined __fastcall FUN_59ab5fec(int param_1)
59ab6012	FUN_59ab6012	FUN_59ab6012	Global	DEFAULT	ANALYSIS	__thiscall	undefined	2	false	\N	false	59ab6012-59ab6030	\N	\N	undefined __thiscall FUN_59ab6012(wchar_t * param_1)
59ab6036	FUN_59ab6036	FUN_59ab6036	Global	DEFAULT	ANALYSIS	__thiscall	uint	2	false	\N	false	59ab6036-59ab6068	\N	\N	uint __thiscall FUN_59ab6036(undefined4 * param_1)
59ab606e	FUN_59ab606e	FUN_59ab606e	Global	DEFAULT	ANALYSIS	__thiscall	undefined	2	false	\N	false	59ab606e-59ab608c	\N	\N	undefined __thiscall FUN_59ab606e(wchar_t * param_1)
59ab6092	FUN_59ab6092	FUN_59ab6092	Global	DEFAULT	ANALYSIS	__thiscall	undefined	2	false	\N	false	59ab6092-59ab60b0	\N	\N	undefined __thiscall FUN_59ab6092(wchar_t * param_1)
59ab60b6	FUN_59ab60b6	FUN_59ab60b6	Global	DEFAULT	ANALYSIS	__thiscall	uint	2	false	\N	false	59ab60b6-59ab60e9	\N	\N	uint __thiscall FUN_59ab60b6(uint * param_1)
59ab60ef	FUN_59ab60ef	FUN_59ab60ef	Global	DEFAULT	ANALYSIS	__thiscall	uint	2	false	\N	false	59ab60ef-59ab6122	\N	\N	uint __thiscall FUN_59ab60ef(uint * param_1)
59ab6128	FUN_59ab6128	FUN_59ab6128	Global	DEFAULT	ANALYSIS	__thiscall	uint	2	false	\N	false	59ab6128-59ab615b	\N	\N	uint __thiscall FUN_59ab6128(uint * param_1)
59ab6161	FUN_59ab6161	FUN_59ab6161	Global	DEFAULT	ANALYSIS	__stdcall	undefined	0	false	\N	false	59ab6161-59ab61ea	\N	\N	undefined __stdcall FUN_59ab6161(void)
59ab61f0	FUN_59ab61f0	FUN_59ab61f0	Global	DEFAULT	ANALYSIS	__thiscall	uint	2	false	\N	false	59ab61f0-59ab6223	\N	\N	uint __thiscall FUN_59ab61f0(uint * param_1)
59ab6229	FUN_59ab6229	FUN_59ab6229	Global	DEFAULT	ANALYSIS	__thiscall	undefined	5	false	\N	false	59ab6229-59ab6268	\N	\N	undefined __thiscall FUN_59ab6229(undefined4 param_1, undefined4 param_2, undefined4 param_3, undefined4 param_4)
59ab626e	FUN_59ab626e	FUN_59ab626e	Global	DEFAULT	ANALYSIS	__stdcall	undefined	0	false	\N	false	59ab626e-59ab6310	\N	\N	undefined __stdcall FUN_59ab626e(void)
59ab6316	FUN_59ab6316	FUN_59ab6316	Global	DEFAULT	ANALYSIS	__fastcall	undefined	1	false	\N	false	59ab6316-59ab6336	\N	\N	undefined __fastcall FUN_59ab6316(int param_1)
59ab633c	FUN_59ab633c	FUN_59ab633c	Global	DEFAULT	ANALYSIS	__thiscall	undefined	2	false	\N	false	59ab633c-59ab6354	\N	\N	undefined __thiscall FUN_59ab633c(wchar_t * param_1)
59ab635a	FUN_59ab635a	FUN_59ab635a	Global	DEFAULT	ANALYSIS	__fastcall	undefined	1	false	\N	false	59ab635a-59ab6372	\N	\N	undefined __fastcall FUN_59ab635a(int param_1)
59ab6378	FUN_59ab6378	FUN_59ab6378	Global	DEFAULT	ANALYSIS	__cdecl	undefined4	2	false	\N	false	59ab6378-59ab641d	\N	\N	undefined4 __cdecl FUN_59ab6378(short param_1, int param_2)
59ab6423	FUN_59ab6423	FUN_59ab6423	Global	DEFAULT	ANALYSIS	__stdcall	undefined	0	false	\N	false	59ab6423-59ab663b	\N	\N	undefined __stdcall FUN_59ab6423(void)
59ab66b1	FUN_59ab66b1	FUN_59ab66b1	Global	DEFAULT	ANALYSIS	__cdecl	undefined	3	false	\N	false	59ab66b1-59ab66e0	\N	\N	undefined __cdecl FUN_59ab66b1(undefined4 param_1, undefined4 param_2, undefined4 * param_3)
59ab66e6	FUN_59ab66e6	FUN_59ab66e6	Global	DEFAULT	ANALYSIS	__cdecl	undefined	3	false	\N	false	59ab66e6-59ab6715	\N	\N	undefined __cdecl FUN_59ab66e6(undefined4 param_1, undefined4 param_2, undefined4 * param_3)
59ab671b	FUN_59ab671b	FUN_59ab671b	Global	DEFAULT	ANALYSIS	__cdecl	undefined	3	false	\N	false	59ab671b-59ab674f	\N	\N	undefined __cdecl FUN_59ab671b(undefined4 param_1, undefined4 param_2, int param_3)
59ab6755	FUN_59ab6755	FUN_59ab6755	Global	DEFAULT	ANALYSIS	__cdecl	undefined	2	false	\N	false	59ab6755-59ab6778	\N	\N	undefined __cdecl FUN_59ab6755(undefined4 param_1, int param_2)
59ab677e	FUN_59ab677e	FUN_59ab677e	Global	DEFAULT	ANALYSIS	__cdecl	undefined	2	false	\N	false	59ab677e-59ab67a1	\N	\N	undefined __cdecl FUN_59ab677e(undefined4 param_1, int param_2)
59ab67a7	FUN_59ab67a7	FUN_59ab67a7	Global	DEFAULT	ANALYSIS	__cdecl	undefined	3	false	\N	false	59ab67a7-59ab67d6	\N	\N	undefined __cdecl FUN_59ab67a7(undefined4 param_1, undefined4 param_2, undefined4 * param_3)
59ab67dc	FUN_59ab67dc	FUN_59ab67dc	Global	DEFAULT	ANALYSIS	__stdcall	undefined	0	false	\N	false	59ab67dc-59ab6864	\N	\N	undefined __stdcall FUN_59ab67dc(void)
59ab686a	FUN_59ab686a	FUN_59ab686a	Global	DEFAULT	ANALYSIS	__cdecl	undefined	1	false	\N	false	59ab686a-59ab68a1	\N	\N	undefined __cdecl FUN_59ab686a(undefined4 param_1)
59ab68a7	FUN_59ab68a7	FUN_59ab68a7	Global	DEFAULT	ANALYSIS	__cdecl	undefined	3	false	\N	false	59ab68a7-59ab68e5	\N	\N	undefined __cdecl FUN_59ab68a7(undefined4 param_1, undefined4 param_2, undefined4 param_3)
59ab68eb	FUN_59ab68eb	FUN_59ab68eb	Global	DEFAULT	ANALYSIS	__stdcall	undefined	0	false	\N	false	59ab68eb-59ab6926	\N	\N	undefined __stdcall FUN_59ab68eb(void)
59ab692c	FUN_59ab692c	FUN_59ab692c	Global	DEFAULT	ANALYSIS	__cdecl	undefined	3	false	\N	false	59ab692c-59ab69fd	\N	\N	undefined __cdecl FUN_59ab692c(ushort * param_1, ushort * param_2, int param_3)
59ab6a03	FUN_59ab6a03	FUN_59ab6a03	Global	DEFAULT	ANALYSIS	__cdecl	undefined4	2	false	\N	false	59ab6a03-59ab6a5e	\N	\N	undefined4 __cdecl FUN_59ab6a03(int param_1, int param_2)
59ab6b0b	FUN_59ab6b0b	FUN_59ab6b0b	Global	DEFAULT	ANALYSIS	__cdecl	undefined	1	false	\N	false	59ab6b0b-59ab6b8b	\N	\N	undefined __cdecl FUN_59ab6b0b(void * param_1)
59ab6b91	FUN_59ab6b91	FUN_59ab6b91	Global	DEFAULT	ANALYSIS	__stdcall	undefined	0	false	\N	false	59ab6b91-59ab6bc1	\N	\N	undefined __stdcall FUN_59ab6b91(void)
59ab6cd9	FUN_59ab6cd9	FUN_59ab6cd9	Global	DEFAULT	ANALYSIS	__stdcall	undefined4	4	false	\N	false	59ab6cd9-59ab6d7d	\N	\N	undefined4 __stdcall FUN_59ab6cd9(ushort * param_1, undefined4 param_2, undefined4 * param_3, int param_4)
59ab6d83	FUN_59ab6d83	FUN_59ab6d83	Global	DEFAULT	ANALYSIS	__thiscall	undefined	3	false	\N	false	59ab6d83-59ab6de5	\N	\N	undefined __thiscall FUN_59ab6d83(uint param_1, int param_2)
59ab6deb	FUN_59ab6deb	FUN_59ab6deb	Global	DEFAULT	ANALYSIS	__thiscall	undefined	3	false	\N	false	59ab6deb-59ab6eec	\N	\N	undefined __thiscall FUN_59ab6deb(uint param_1, void * param_2)
59ab6ef2	FUN_59ab6ef2	FUN_59ab6ef2	Global	DEFAULT	ANALYSIS	__thiscall	bool	3	false	\N	false	59ab6ef2-59ab6f62	\N	\N	bool __thiscall FUN_59ab6ef2(undefined4 param_1, int * param_2)
59ab6f68	FUN_59ab6f68	FUN_59ab6f68	Global	DEFAULT	ANALYSIS	__stdcall	undefined	0	false	\N	false	59ab6f68-59ab7043	\N	\N	undefined __stdcall FUN_59ab6f68(void)
59ab7049	FUN_59ab7049	FUN_59ab7049	Global	DEFAULT	ANALYSIS	__stdcall	undefined4	0	false	\N	false	59ab7049-59ab70e1	\N	\N	undefined4 __stdcall FUN_59ab7049(void)
59ab70e7	FUN_59ab70e7	FUN_59ab70e7	Global	DEFAULT	ANALYSIS	__fastcall	undefined	1	false	\N	false	59ab70e7-59ab7197	\N	\N	undefined __fastcall FUN_59ab70e7(byte * param_1)
59ab719d	FUN_59ab719d	FUN_59ab719d	Global	DEFAULT	ANALYSIS	__cdecl	undefined4	1	false	\N	false	59ab719d-59ab722a	\N	\N	undefined4 __cdecl FUN_59ab719d(short * param_1)
59ab7230	FUN_59ab7230	FUN_59ab7230	Global	DEFAULT	ANALYSIS	__fastcall	undefined4	1	false	\N	false	59ab7230-59ab740b	\N	\N	undefined4 __fastcall FUN_59ab7230(uint param_1)
59ab7411	FUN_59ab7411	FUN_59ab7411	Global	DEFAULT	ANALYSIS	__stdcall	undefined	0	false	\N	false	59ab7411-59ab746c	\N	\N	undefined __stdcall FUN_59ab7411(void)
59ab7472	FUN_59ab7472	FUN_59ab7472	Global	DEFAULT	ANALYSIS	__cdecl	undefined4	1	false	\N	false	59ab7472-59ab753b	\N	\N	undefined4 __cdecl FUN_59ab7472(int param_1)
59ab7541	FUN_59ab7541	FUN_59ab7541	Global	DEFAULT	ANALYSIS	__stdcall	undefined4	0	false	\N	false	59ab7541-59ab7582	\N	\N	undefined4 __stdcall FUN_59ab7541(void)
59ab7588	FUN_59ab7588	FUN_59ab7588	Global	DEFAULT	ANALYSIS	__stdcall	undefined	0	false	\N	false	59ab7588-59ab78c6	\N	\N	undefined __stdcall FUN_59ab7588(void)
59ab78cc	FUN_59ab78cc	FUN_59ab78cc	Global	DEFAULT	ANALYSIS	__thiscall	bool	3	false	\N	false	59ab78cc-59ab792c	\N	\N	bool __thiscall FUN_59ab78cc(void * param_1, int * param_2)
59ab7932	FUN_59ab7932	FUN_59ab7932	Global	DEFAULT	ANALYSIS	__thiscall	uint	4	false	\N	false	59ab7932-59ab79fa	\N	\N	uint __thiscall FUN_59ab7932(void * param_1, int param_2, undefined4 param_3)
59ab7a00	FUN_59ab7a00	FUN_59ab7a00	Global	DEFAULT	ANALYSIS	__thiscall	undefined	4	false	\N	false	59ab7a00-59ab7a13	\N	\N	undefined __thiscall FUN_59ab7a00(int param_1, undefined4 param_2, void * param_3)
59ab7a19	FUN_59ab7a19	FUN_59ab7a19	Global	DEFAULT	ANALYSIS	__stdcall	undefined4	2	false	\N	false	59ab7a19-59ab7a9c	\N	\N	undefined4 __stdcall FUN_59ab7a19(byte * param_1, int param_2)
59ab7aa2	FUN_59ab7aa2	FUN_59ab7aa2	Global	DEFAULT	ANALYSIS	__thiscall	char	4	false	\N	false	59ab7aa2-59ab7b00	\N	\N	char __thiscall FUN_59ab7aa2(ushort * param_1, byte * param_2, void * param_3)
59ab7b06	FUN_59ab7b06	FUN_59ab7b06	Global	DEFAULT	ANALYSIS	__stdcall	undefined4	0	false	\N	false	59ab7b06-59ab7c80	\N	\N	undefined4 __stdcall FUN_59ab7b06(void)
59ab7c86	FUN_59ab7c86	FUN_59ab7c86	Global	DEFAULT	ANALYSIS	__stdcall	undefined4	0	false	\N	false	59ab7c86-59ab7df6	\N	\N	undefined4 __stdcall FUN_59ab7c86(void)
59ab7dfc	FUN_59ab7dfc	FUN_59ab7dfc	Global	DEFAULT	ANALYSIS	__thiscall	undefined	3	false	\N	false	59ab7dfc-59ab7e51	\N	\N	undefined __thiscall FUN_59ab7dfc(ushort * param_1, int param_2)
59ab7e57	FUN_59ab7e57	FUN_59ab7e57	Global	DEFAULT	ANALYSIS	__thiscall	uint	3	false	\N	false	59ab7e57-59ab7ef5	\N	\N	uint __thiscall FUN_59ab7e57(uint param_1, int param_2)
59ab7efb	FUN_59ab7efb	FUN_59ab7efb	Global	DEFAULT	ANALYSIS	__thiscall	undefined4	3	false	\N	false	59ab7efb-59ab8118	\N	\N	undefined4 __thiscall FUN_59ab7efb(uint param_1, void * param_2)
59ab811e	FUN_59ab811e	FUN_59ab811e	Global	DEFAULT	ANALYSIS	__fastcall	undefined4	1	false	\N	false	59ab811e-59ab8266	\N	\N	undefined4 __fastcall FUN_59ab811e(short * param_1)
59ab826c	FUN_59ab826c	FUN_59ab826c	Global	DEFAULT	ANALYSIS	__fastcall	undefined4	1	false	\N	false	59ab826c-59ab8326	\N	\N	undefined4 __fastcall FUN_59ab826c(short * param_1)
59ab851c	FUN_59ab851c	FUN_59ab851c	Global	DEFAULT	ANALYSIS	__thiscall	undefined	2	false	\N	false	59ab851c-59ab854c	\N	\N	undefined __thiscall FUN_59ab851c(int param_1)
59ab857f	FUN_59ab857f	FUN_59ab857f	Global	DEFAULT	ANALYSIS	__thiscall	bool	2	false	\N	false	59ab857f-59ab85e0	\N	\N	bool __thiscall FUN_59ab857f(int param_1)
59ab85e6	FUN_59ab85e6	FUN_59ab85e6	Global	DEFAULT	ANALYSIS	__cdecl	uint	2	false	\N	false	59ab85e6-59ab866e	\N	\N	uint __cdecl FUN_59ab85e6(int param_1, int param_2)
59ab8674	FUN_59ab8674	FUN_59ab8674	Global	DEFAULT	ANALYSIS	__fastcall	undefined	1	false	\N	false	59ab8674-59ab8692	\N	\N	undefined __fastcall FUN_59ab8674(int param_1)
59ab8698	FUN_59ab8698	FUN_59ab8698	Global	DEFAULT	ANALYSIS	__fastcall	undefined2 *	1	false	\N	false	59ab8698-59ab86af	\N	\N	undefined2 * __fastcall FUN_59ab8698(undefined2 * param_1)
59ab86b5	FUN_59ab86b5	FUN_59ab86b5	Global	DEFAULT	ANALYSIS	__stdcall	undefined4	3	false	\N	false	59ab86b5-59ab87ee	\N	\N	undefined4 __stdcall FUN_59ab86b5(ushort * param_1, int param_2, int param_3)
59ab87f4	FUN_59ab87f4	FUN_59ab87f4	Global	DEFAULT	ANALYSIS	__stdcall	undefined4	3	false	\N	false	59ab87f4-59ab8880	\N	\N	undefined4 __stdcall FUN_59ab87f4(int param_1, uint param_2, undefined4 * param_3)
59ab8886	FUN_59ab8886	FUN_59ab8886	Global	DEFAULT	ANALYSIS	__cdecl	uint	1	false	\N	false	59ab8886-59ab8908	\N	\N	uint __cdecl FUN_59ab8886(int param_1)
59ab890e	FUN_59ab890e	FUN_59ab890e	Global	DEFAULT	ANALYSIS	__cdecl	uint	1	false	\N	false	59ab890e-59ab89a3	\N	\N	uint __cdecl FUN_59ab890e(int param_1)
59ab89a9	FUN_59ab89a9	FUN_59ab89a9	Global	DEFAULT	ANALYSIS	__stdcall	undefined4	0	false	\N	false	59ab89a9-59ab89fc	\N	\N	undefined4 __stdcall FUN_59ab89a9(void)
59ab8a02	FUN_59ab8a02	FUN_59ab8a02	Global	DEFAULT	ANALYSIS	__cdecl	undefined4	1	false	\N	false	59ab8a02-59ab8a45	\N	\N	undefined4 __cdecl FUN_59ab8a02(int param_1)
59ab8a4b	FUN_59ab8a4b	FUN_59ab8a4b	Global	DEFAULT	ANALYSIS	__cdecl	undefined1	1	false	\N	false	59ab8a4b-59ab8b08	\N	\N	undefined1 __cdecl FUN_59ab8a4b(int param_1)
59ab8b0e	FUN_59ab8b0e	FUN_59ab8b0e	Global	DEFAULT	ANALYSIS	__cdecl	undefined4	2	false	\N	false	59ab8b0e-59ab8b9a	\N	\N	undefined4 __cdecl FUN_59ab8b0e(int param_1, int param_2)
59ab8ba0	FUN_59ab8ba0	FUN_59ab8ba0	Global	DEFAULT	ANALYSIS	__stdcall	undefined4	0	false	\N	false	59ab8ba0-59ab8c2d	\N	\N	undefined4 __stdcall FUN_59ab8ba0(void)
59ab8c33	FUN_59ab8c33	FUN_59ab8c33	Global	DEFAULT	ANALYSIS	__thiscall	uint	3	false	\N	false	59ab8c33-59ab8c6c	\N	\N	uint __thiscall FUN_59ab8c33(ushort * param_1, void * param_2)
59ab8c72	FUN_59ab8c72	FUN_59ab8c72	Global	DEFAULT	ANALYSIS	__cdecl	undefined4	2	false	\N	false	59ab8c72-59ab8c85	\N	\N	undefined4 __cdecl FUN_59ab8c72(undefined4 param_1, int param_2)
59ab8c8b	FUN_59ab8c8b	FUN_59ab8c8b	Global	DEFAULT	ANALYSIS	__cdecl	undefined1	2	false	\N	false	59ab8c8b-59ab8cc0	\N	\N	undefined1 __cdecl FUN_59ab8c8b(int param_1, int param_2)
59ab8cc6	FUN_59ab8cc6	FUN_59ab8cc6	Global	DEFAULT	ANALYSIS	__stdcall	undefined	0	false	\N	false	59ab8cc6-59ab8f08	\N	\N	undefined __stdcall FUN_59ab8cc6(void)
59ab8f0e	FUN_59ab8f0e	FUN_59ab8f0e	Global	DEFAULT	ANALYSIS	__stdcall	undefined	0	false	\N	false	59ab8f0e-59ab900f	\N	\N	undefined __stdcall FUN_59ab8f0e(void)
59ab9015	FUN_59ab9015	FUN_59ab9015	Global	DEFAULT	ANALYSIS	__cdecl	undefined4	1	false	\N	false	59ab9015-59ab90e7	\N	\N	undefined4 __cdecl FUN_59ab9015(int param_1)
59ab92b4	FUN_59ab92b4	FUN_59ab92b4	Global	DEFAULT	ANALYSIS	__cdecl	undefined4	2	false	\N	false	59ab92b4-59ab92e2	\N	\N	undefined4 __cdecl FUN_59ab92b4(int param_1, int param_2)
59ab92e8	FUN_59ab92e8	FUN_59ab92e8	Global	DEFAULT	ANALYSIS	__cdecl	undefined4	1	false	\N	false	59ab92e8-59ab9308	\N	\N	undefined4 __cdecl FUN_59ab92e8(int param_1)
59ab9309	FUN_59ab9309	FUN_59ab9309	Global	DEFAULT	ANALYSIS	__stdcall	undefined4	0	false	\N	false	59ab9309-59ab9324	\N	\N	undefined4 __stdcall FUN_59ab9309(void)
59ab932a	FUN_59ab932a	FUN_59ab932a	Global	DEFAULT	ANALYSIS	__cdecl	uint	1	false	\N	false	59ab932a-59ab93d1	\N	\N	uint __cdecl FUN_59ab932a(int param_1)
59ab93d7	FUN_59ab93d7	FUN_59ab93d7	Global	DEFAULT	ANALYSIS	__cdecl	uint	1	false	\N	false	59ab93d7-59ab94a4	\N	\N	uint __cdecl FUN_59ab93d7(int param_1)
59ab9558	FUN_59ab9558	FUN_59ab9558	Global	DEFAULT	ANALYSIS	__stdcall	undefined	3	false	\N	false	59ab9558-59ab959d	\N	\N	undefined __stdcall FUN_59ab9558(int param_1, undefined4 param_2, int param_3)
59ab95a3	FUN_59ab95a3	FUN_59ab95a3	Global	DEFAULT	ANALYSIS	__stdcall	undefined	3	false	\N	false	59ab95a3-59ab95ee	\N	\N	undefined __stdcall FUN_59ab95a3(int param_1, undefined4 param_2, int param_3)
59ab96d2	FUN_59ab96d2	FUN_59ab96d2	Global	DEFAULT	ANALYSIS	__cdecl	undefined	2	false	\N	false	59ab96d2-59ab970a	\N	\N	undefined __cdecl FUN_59ab96d2(int param_1, int param_2)
59ab9710	FUN_59ab9710	FUN_59ab9710	Global	DEFAULT	ANALYSIS	__cdecl	undefined	2	false	\N	false	59ab9710-59ab9748	\N	\N	undefined __cdecl FUN_59ab9710(int param_1, int param_2)
59ab974e	FUN_59ab974e	FUN_59ab974e	Global	DEFAULT	ANALYSIS	__cdecl	undefined	2	false	\N	false	59ab974e-59ab9786	\N	\N	undefined __cdecl FUN_59ab974e(int param_1, undefined4 * param_2)
59ab978c	FUN_59ab978c	FUN_59ab978c	Global	DEFAULT	ANALYSIS	__cdecl	undefined	2	false	\N	false	59ab978c-59ab97c3	\N	\N	undefined __cdecl FUN_59ab978c(int param_1, undefined4 * param_2)
59ab97c9	FUN_59ab97c9	FUN_59ab97c9	Global	DEFAULT	ANALYSIS	__cdecl	undefined	4	false	\N	false	59ab97c9-59ab9812	\N	\N	undefined __cdecl FUN_59ab97c9(int param_1, int param_2, int param_3, undefined4 param_4)
59ab9818	FUN_59ab9818	FUN_59ab9818	Global	DEFAULT	ANALYSIS	__cdecl	undefined	4	false	\N	false	59ab9818-59ab9861	\N	\N	undefined __cdecl FUN_59ab9818(int param_1, int param_2, int param_3, undefined4 param_4)
59ab9867	FUN_59ab9867	FUN_59ab9867	Global	DEFAULT	ANALYSIS	__cdecl	undefined	2	false	\N	false	59ab9867-59ab989e	\N	\N	undefined __cdecl FUN_59ab9867(int param_1, undefined4 * param_2)
59ab99e5	FUN_59ab99e5	FUN_59ab99e5	Global	DEFAULT	ANALYSIS	__thiscall	undefined4	5	false	\N	false	59ab99e5-59ab9a59	\N	\N	undefined4 __thiscall FUN_59ab99e5(ushort * param_1, undefined4 param_2, int param_3, int param_4)
59ab9a5f	FUN_59ab9a5f	FUN_59ab9a5f	Global	DEFAULT	ANALYSIS	__stdcall	undefined4	4	false	\N	false	59ab9a5f-59ab9ab2	\N	\N	undefined4 __stdcall FUN_59ab9a5f(int param_1, undefined4 param_2, int param_3, int param_4)
59ab9bc3	FUN_59ab9bc3	FUN_59ab9bc3	Global	DEFAULT	ANALYSIS	__fastcall	undefined4	1	false	\N	false	59ab9bc3-59ab9c93	\N	\N	undefined4 __fastcall FUN_59ab9bc3(undefined4 * param_1)
59ab9d1c	FUN_59ab9d1c	FUN_59ab9d1c	Global	DEFAULT	ANALYSIS	__thiscall	undefined4	5	false	\N	false	59ab9d1c-59ab9d8b	\N	\N	undefined4 __thiscall FUN_59ab9d1c(ushort * param_1, undefined4 param_2, int param_3, int param_4)
59ab9d91	FUN_59ab9d91	FUN_59ab9d91	Global	DEFAULT	ANALYSIS	__stdcall	undefined4	4	false	\N	false	59ab9d91-59ab9de4	\N	\N	undefined4 __stdcall FUN_59ab9d91(int param_1, undefined4 param_2, int param_3, int param_4)
59ab9e27	FUN_59ab9e27	FUN_59ab9e27	Global	DEFAULT	ANALYSIS	__thiscall	undefined4	5	false	\N	false	59ab9e27-59ab9e92	\N	\N	undefined4 __thiscall FUN_59ab9e27(ushort * param_1, undefined4 param_2, int param_3, int param_4)
59ab9e98	FUN_59ab9e98	FUN_59ab9e98	Global	DEFAULT	ANALYSIS	__stdcall	undefined4	4	false	\N	false	59ab9e98-59ab9ee7	\N	\N	undefined4 __stdcall FUN_59ab9e98(int param_1, undefined4 param_2, int param_3, int param_4)
59ab9fdd	FUN_59ab9fdd	FUN_59ab9fdd	Global	DEFAULT	ANALYSIS	__fastcall	undefined4	1	false	\N	false	59ab9fdd-59aba06a	\N	\N	undefined4 __fastcall FUN_59ab9fdd(undefined4 * param_1)
59aba090	FUN_59aba090	FUN_59aba090	Global	DEFAULT	ANALYSIS	__cdecl	uint	2	false	\N	false	59aba090-59aba534	\N	\N	uint __cdecl FUN_59aba090(uint param_1, int * param_2)
59aba61e	FUN_59aba61e	FUN_59aba61e	Global	DEFAULT	ANALYSIS	__cdecl	undefined4	1	false	\N	false	59aba61e-59aba71f	\N	\N	undefined4 __cdecl FUN_59aba61e(ushort param_1)
59aba809	FUN_59aba809	FUN_59aba809	Global	DEFAULT	ANALYSIS	__cdecl	undefined	2	false	\N	false	59aba809-59abad0e	\N	\N	undefined __cdecl FUN_59aba809(ushort * param_1, int * param_2)
59abadd2	FUN_59abadd2	FUN_59abadd2	Global	DEFAULT	ANALYSIS	__fastcall	undefined4	1	false	\N	false	59abadd2-59abae27	\N	\N	undefined4 __fastcall FUN_59abadd2(int param_1)
59abae2d	FUN_59abae2d	FUN_59abae2d	Global	DEFAULT	ANALYSIS	__fastcall	undefined4	1	false	\N	false	59abae2d-59abae51	\N	\N	undefined4 __fastcall FUN_59abae2d(int * param_1)
59abae57	FUN_59abae57	FUN_59abae57	Global	DEFAULT	ANALYSIS	__thiscall	undefined	2	false	\N	false	59abae57-59abae7e	\N	\N	undefined __thiscall FUN_59abae57(uint * param_1)
59abae84	FUN_59abae84	FUN_59abae84	Global	DEFAULT	ANALYSIS	__fastcall	undefined	1	false	\N	false	59abae84-59abaea7	\N	\N	undefined __fastcall FUN_59abae84(int param_1)
59abaead	FUN_59abaead	FUN_59abaead	Global	DEFAULT	ANALYSIS	__fastcall	undefined4	1	false	\N	false	59abaead-59abaed9	\N	\N	undefined4 __fastcall FUN_59abaead(int * param_1)
59abaf0f	FUN_59abaf0f	FUN_59abaf0f	Global	DEFAULT	ANALYSIS	__fastcall	undefined4	1	false	\N	false	59abaf0f-59abaf5c	\N	\N	undefined4 __fastcall FUN_59abaf0f(int * param_1)
59abaf62	FUN_59abaf62	FUN_59abaf62	Global	DEFAULT	ANALYSIS	__fastcall	undefined4	1	false	\N	false	59abaf62-59abafa6	\N	\N	undefined4 __fastcall FUN_59abaf62(int * param_1)
59abb011	FUN_59abb011	FUN_59abb011	Global	DEFAULT	ANALYSIS	__thiscall	undefined	2	false	\N	false	59abb011-59abb031	\N	\N	undefined __thiscall FUN_59abb011(int param_1)
59abb037	FUN_59abb037	FUN_59abb037	Global	DEFAULT	ANALYSIS	__thiscall	undefined2	2	false	\N	false	59abb037-59abb057	\N	\N	undefined2 __thiscall FUN_59abb037(int param_1)
59abb05d	FUN_59abb05d	FUN_59abb05d	Global	DEFAULT	ANALYSIS	__thiscall	undefined4	3	false	\N	false	59abb05d-59abb08a	\N	\N	undefined4 __thiscall FUN_59abb05d(int param_1, int param_2)
59abb090	FUN_59abb090	FUN_59abb090	Global	DEFAULT	ANALYSIS	__fastcall	undefined4	1	false	\N	false	59abb090-59abb0b2	\N	\N	undefined4 __fastcall FUN_59abb090(int param_1)
59abb0b8	FUN_59abb0b8	FUN_59abb0b8	Global	DEFAULT	ANALYSIS	__thiscall	undefined	2	false	\N	false	59abb0b8-59abb0f6	\N	\N	undefined __thiscall FUN_59abb0b8(int * param_1)
59abb151	FUN_59abb151	FUN_59abb151	Global	DEFAULT	ANALYSIS	__thiscall	undefined	2	false	\N	false	59abb151-59abb18e	\N	\N	undefined __thiscall FUN_59abb151(int * param_1)
59abb194	FUN_59abb194	FUN_59abb194	Global	DEFAULT	ANALYSIS	__stdcall	undefined	0	false	\N	false	59abb194-59abb1d1	\N	\N	undefined __stdcall FUN_59abb194(void)
59abb1d7	FUN_59abb1d7	FUN_59abb1d7	Global	DEFAULT	ANALYSIS	__stdcall	undefined	0	false	\N	false	59abb1d7-59abb227	\N	\N	undefined __stdcall FUN_59abb1d7(void)
59abb22d	FUN_59abb22d	FUN_59abb22d	Global	DEFAULT	ANALYSIS	__fastcall	undefined4	1	false	\N	false	59abb22d-59abb25e	\N	\N	undefined4 __fastcall FUN_59abb22d(int param_1)
59abb264	FUN_59abb264	FUN_59abb264	Global	DEFAULT	ANALYSIS	__stdcall	undefined4	0	false	\N	false	59abb264-59abb447	\N	\N	undefined4 __stdcall FUN_59abb264(void)
59abb44d	FUN_59abb44d	FUN_59abb44d	Global	DEFAULT	ANALYSIS	__fastcall	uint	1	false	\N	false	59abb44d-59abb53a	\N	\N	uint __fastcall FUN_59abb44d(int param_1)
59abb5c3	FUN_59abb5c3	FUN_59abb5c3	Global	DEFAULT	ANALYSIS	__thiscall	int	3	false	\N	false	59abb5c3-59abb5e5	\N	\N	int __thiscall FUN_59abb5c3(int param_1, int param_2)
59abb5eb	FUN_59abb5eb	FUN_59abb5eb	Global	DEFAULT	ANALYSIS	__thiscall	void *	3	false	\N	false	59abb5eb-59abb60f	\N	\N	void * __thiscall FUN_59abb5eb(undefined4 param_1, undefined4 param_2)
59abb615	FUN_59abb615	FUN_59abb615	Global	DEFAULT	ANALYSIS	__thiscall	void *	2	false	\N	false	59abb615-59abb63d	\N	\N	void * __thiscall FUN_59abb615(int param_1)
59abb643	FUN_59abb643	FUN_59abb643	Global	DEFAULT	ANALYSIS	__thiscall	undefined	2	false	\N	false	59abb643-59abb662	\N	\N	undefined __thiscall FUN_59abb643(int * param_1)
59abb668	FUN_59abb668	FUN_59abb668	Global	DEFAULT	ANALYSIS	__fastcall	undefined	1	false	\N	false	59abb668-59abb693	\N	\N	undefined __fastcall FUN_59abb668(int param_1)
59abb699	FUN_59abb699	FUN_59abb699	Global	DEFAULT	ANALYSIS	__fastcall	undefined4	1	false	\N	false	59abb699-59abb6d5	\N	\N	undefined4 __fastcall FUN_59abb699(void * param_1)
59abb6db	FUN_59abb6db	FUN_59abb6db	Global	DEFAULT	ANALYSIS	__fastcall	undefined4	1	false	\N	false	59abb6db-59abb6fe	\N	\N	undefined4 __fastcall FUN_59abb6db(int param_1)
59abb704	FUN_59abb704	FUN_59abb704	Global	DEFAULT	ANALYSIS	__thiscall	void *	3	false	\N	false	59abb704-59abb72f	\N	\N	void * __thiscall FUN_59abb704(int param_1, undefined4 param_2)
59abb735	FUN_59abb735	FUN_59abb735	Global	DEFAULT	ANALYSIS	__thiscall	void *	2	false	\N	false	59abb735-59abb763	\N	\N	void * __thiscall FUN_59abb735(int param_1)
59abb769	FUN_59abb769	FUN_59abb769	Global	DEFAULT	ANALYSIS	__stdcall	undefined	0	false	\N	false	59abb769-59abb7a3	\N	\N	undefined __stdcall FUN_59abb769(void)
59abb7a9	FUN_59abb7a9	FUN_59abb7a9	Global	DEFAULT	ANALYSIS	__thiscall	void *	2	false	\N	false	59abb7a9-59abb7cb	\N	\N	void * __thiscall FUN_59abb7a9(int param_1)
59abb7d1	FUN_59abb7d1	FUN_59abb7d1	Global	DEFAULT	ANALYSIS	__stdcall	int *	0	false	\N	false	59abb7d1-59abb825	\N	\N	int * __stdcall FUN_59abb7d1(void)
59abb84e	FUN_59abb84e	FUN_59abb84e	Global	DEFAULT	ANALYSIS	__stdcall	undefined4 *	0	false	\N	false	59abb84e-59abb8c3	\N	\N	undefined4 * __stdcall FUN_59abb84e(void)
59abb8c9	FUN_59abb8c9	FUN_59abb8c9	Global	DEFAULT	ANALYSIS	__thiscall	undefined	2	false	\N	false	59abb8c9-59abb98c	\N	\N	undefined __thiscall FUN_59abb8c9(undefined4 * param_1)
59abb9b5	FUN_59abb9b5	FUN_59abb9b5	Global	DEFAULT	ANALYSIS	__fastcall	undefined4 *	1	false	\N	false	59abb9b5-59abb9d3	\N	\N	undefined4 * __fastcall FUN_59abb9b5(undefined4 * param_1)
59abb9d9	FUN_59abb9d9	FUN_59abb9d9	Global	DEFAULT	ANALYSIS	__stdcall	undefined4 *	0	false	\N	false	59abb9d9-59abbab5	\N	\N	undefined4 * __stdcall FUN_59abb9d9(void)
59abbabb	FUN_59abbabb	FUN_59abbabb	Global	DEFAULT	ANALYSIS	__stdcall	undefined4 *	0	false	\N	false	59abbabb-59abbb76	\N	\N	undefined4 * __stdcall FUN_59abbabb(void)
59abbb7c	FUN_59abbb7c	FUN_59abbb7c	Global	DEFAULT	ANALYSIS	__fastcall	undefined4	1	false	\N	false	59abbb7c-59abbd23	\N	\N	undefined4 __fastcall FUN_59abbb7c(int param_1)
59abbd29	FUN_59abbd29	FUN_59abbd29	Global	DEFAULT	ANALYSIS	__fastcall	uint	1	false	\N	false	59abbd29-59abbd97	\N	\N	uint __fastcall FUN_59abbd29(int param_1)
59abbdee	FUN_59abbdee	FUN_59abbdee	Global	DEFAULT	ANALYSIS	__thiscall	void *	4	false	\N	false	59abbdee-59abbe12	\N	\N	void * __thiscall FUN_59abbdee(undefined4 param_1, undefined4 param_2, undefined4 param_3)
59abbe18	FUN_59abbe18	FUN_59abbe18	Global	DEFAULT	ANALYSIS	__thiscall	void *	2	false	\N	false	59abbe18-59abbe3a	\N	\N	void * __thiscall FUN_59abbe18(int param_1)
59abbeb8	FUN_59abbeb8	FUN_59abbeb8	Global	DEFAULT	ANALYSIS	__stdcall	bool	0	false	\N	false	59abbeb8-59abbf0c	\N	\N	bool __stdcall FUN_59abbeb8(void)
59abbf12	FUN_59abbf12	FUN_59abbf12	Global	DEFAULT	ANALYSIS	__stdcall	bool	0	false	\N	false	59abbf12-59abbf66	\N	\N	bool __stdcall FUN_59abbf12(void)
59abbf6c	FUN_59abbf6c	FUN_59abbf6c	Global	DEFAULT	ANALYSIS	__thiscall	void *	2	false	\N	false	59abbf6c-59abbf8e	\N	\N	void * __thiscall FUN_59abbf6c(int param_1)
59abbf94	FUN_59abbf94	FUN_59abbf94	Global	DEFAULT	ANALYSIS	__stdcall	bool	0	false	\N	false	59abbf94-59abbfeb	\N	\N	bool __stdcall FUN_59abbf94(void)
59abbff1	FUN_59abbff1	FUN_59abbff1	Global	DEFAULT	ANALYSIS	__thiscall	void *	3	false	\N	false	59abbff1-59abc013	\N	\N	void * __thiscall FUN_59abbff1(undefined4 param_1, undefined4 param_2)
59abc03c	thunk_FUN_59abb769	thunk_FUN_59abb769	Global	DEFAULT	ANALYSIS	__stdcall	undefined	0	true	FUN_59abb769	false	59abc03c-59abc040	\N	\N	undefined __stdcall thunk_FUN_59abb769(void)
59abc046	FUN_59abc046	FUN_59abc046	Global	DEFAULT	ANALYSIS	__stdcall	undefined4	0	false	\N	false	59abc046-59abc0bc	\N	\N	undefined4 __stdcall FUN_59abc046(void)
59abc0c2	FUN_59abc0c2	FUN_59abc0c2	Global	DEFAULT	ANALYSIS	__thiscall	void *	5	false	\N	false	59abc0c2-59abc100	\N	\N	void * __thiscall FUN_59abc0c2(undefined4 param_1, undefined4 param_2, undefined4 param_3, undefined4 param_4)
59abc106	FUN_59abc106	FUN_59abc106	Global	DEFAULT	ANALYSIS	__thiscall	void *	2	false	\N	false	59abc106-59abc146	\N	\N	void * __thiscall FUN_59abc106(int param_1)
59abc14c	FUN_59abc14c	FUN_59abc14c	Global	DEFAULT	ANALYSIS	__stdcall	undefined4 *	0	false	\N	false	59abc14c-59abc24f	\N	\N	undefined4 * __stdcall FUN_59abc14c(void)
59abc255	FUN_59abc255	FUN_59abc255	Global	DEFAULT	ANALYSIS	__stdcall	bool	0	false	\N	false	59abc255-59abc2a9	\N	\N	bool __stdcall FUN_59abc255(void)
59abc2af	FUN_59abc2af	FUN_59abc2af	Global	DEFAULT	ANALYSIS	__cdecl	undefined4	1	false	\N	false	59abc2af-59abc2d2	\N	\N	undefined4 __cdecl FUN_59abc2af(int param_1)
59abc2d8	FUN_59abc2d8	FUN_59abc2d8	Global	DEFAULT	ANALYSIS	__cdecl	uint	2	false	\N	false	59abc2d8-59abc2f0	\N	\N	uint __cdecl FUN_59abc2d8(uint * param_1, uint * param_2)
59abc2f6	FUN_59abc2f6	FUN_59abc2f6	Global	DEFAULT	ANALYSIS	__cdecl	undefined	4	false	\N	false	59abc2f6-59abc334	\N	\N	undefined __cdecl FUN_59abc2f6(uint * param_1, undefined4 param_2, undefined4 param_3, byte param_4)
59abc33a	FUN_59abc33a	FUN_59abc33a	Global	DEFAULT	ANALYSIS	__cdecl	undefined	1	false	\N	false	59abc33a-59abc365	\N	\N	undefined __cdecl FUN_59abc33a(undefined4 * param_1)
59abc36b	FUN_59abc36b	FUN_59abc36b	Global	DEFAULT	ANALYSIS	__cdecl	int	3	false	\N	false	59abc36b-59abc394	\N	\N	int __cdecl FUN_59abc36b(wchar_t * param_1, int param_2, uint param_3)
59abc39a	FUN_59abc39a	FUN_59abc39a	Global	DEFAULT	ANALYSIS	__cdecl	undefined	2	false	\N	false	59abc39a-59abc3bb	\N	\N	undefined __cdecl FUN_59abc39a(wchar_t * param_1, undefined4 * param_2)
59abc3c1	FUN_59abc3c1	FUN_59abc3c1	Global	DEFAULT	ANALYSIS	__fastcall	undefined	1	false	\N	false	59abc3c1-59abc3e1	\N	\N	undefined __fastcall FUN_59abc3c1(int * param_1)
59abc3e7	FUN_59abc3e7	FUN_59abc3e7	Global	DEFAULT	ANALYSIS	__cdecl	uint	1	false	\N	false	59abc3e7-59abc408	\N	\N	uint __cdecl FUN_59abc3e7(int param_1)
59abc433	FUN_59abc433	FUN_59abc433	Global	DEFAULT	ANALYSIS	__cdecl	undefined4	1	false	\N	false	59abc433-59abc471	\N	\N	undefined4 __cdecl FUN_59abc433(int param_1)
59abc477	FUN_59abc477	FUN_59abc477	Global	DEFAULT	ANALYSIS	__thiscall	void *	2	false	\N	false	59abc477-59abc4af	\N	\N	void * __thiscall FUN_59abc477(undefined4 param_1)
59abc4b5	FUN_59abc4b5	FUN_59abc4b5	Global	DEFAULT	ANALYSIS	__thiscall	void *	3	false	\N	false	59abc4b5-59abc4f3	\N	\N	void * __thiscall FUN_59abc4b5(undefined4 param_1, undefined4 param_2)
59abc4f9	FUN_59abc4f9	FUN_59abc4f9	Global	DEFAULT	ANALYSIS	__thiscall	void *	7	false	\N	false	59abc4f9-59abc52b	\N	\N	void * __thiscall FUN_59abc4f9(undefined4 param_1, undefined4 param_2, undefined4 param_3, undefined4 param_4, undefined4 param_5, undefined4 param_6)
59abc531	FUN_59abc531	FUN_59abc531	Global	DEFAULT	ANALYSIS	__thiscall	void *	4	false	\N	false	59abc531-59abc575	\N	\N	void * __thiscall FUN_59abc531(undefined4 param_1, undefined4 param_2, undefined4 param_3)
59abc58d	FUN_59abc58d	FUN_59abc58d	Global	DEFAULT	ANALYSIS	__thiscall	void *	5	false	\N	false	59abc58d-59abc5c4	\N	\N	void * __thiscall FUN_59abc58d(undefined4 param_1, undefined4 param_2, undefined4 param_3, byte param_4)
59abc5ca	FUN_59abc5ca	FUN_59abc5ca	Global	DEFAULT	ANALYSIS	__thiscall	undefined4	3	false	\N	false	59abc5ca-59abc5f3	\N	\N	undefined4 __thiscall FUN_59abc5ca(uint param_1, undefined4 param_2)
59abc5f9	FUN_59abc5f9	FUN_59abc5f9	Global	DEFAULT	ANALYSIS	__thiscall	undefined	2	false	\N	false	59abc5f9-59abc62c	\N	\N	undefined __thiscall FUN_59abc5f9(undefined4 param_1)
59abc632	FUN_59abc632	FUN_59abc632	Global	DEFAULT	ANALYSIS	__cdecl	undefined4	1	false	\N	false	59abc632-59abc65b	\N	\N	undefined4 __cdecl FUN_59abc632(short param_1)
59abc661	FUN_59abc661	FUN_59abc661	Global	DEFAULT	ANALYSIS	__fastcall	undefined1	1	false	\N	false	59abc661-59abc670	\N	\N	undefined1 __fastcall FUN_59abc661(int param_1)
59abc6c3	FUN_59abc6c3	FUN_59abc6c3	Global	DEFAULT	ANALYSIS	__fastcall	undefined4	1	false	\N	false	59abc6c3-59abc731	\N	\N	undefined4 __fastcall FUN_59abc6c3(int * param_1)
59abc77a	FUN_59abc77a	FUN_59abc77a	Global	DEFAULT	ANALYSIS	__fastcall	undefined	1	false	\N	false	59abc77a-59abc7b0	\N	\N	undefined __fastcall FUN_59abc77a(int param_1)
59abc7b6	FUN_59abc7b6	FUN_59abc7b6	Global	DEFAULT	ANALYSIS	__thiscall	undefined	2	false	\N	false	59abc7b6-59abc7c8	\N	\N	undefined __thiscall FUN_59abc7b6(undefined4 param_1)
59abc7e9	FUN_59abc7e9	FUN_59abc7e9	Global	DEFAULT	ANALYSIS	__cdecl	undefined4	3	false	\N	false	59abc7e9-59abc80e	\N	\N	undefined4 __cdecl FUN_59abc7e9(undefined4 param_1, undefined4 param_2, int * param_3)
59abc852	FUN_59abc852	FUN_59abc852	Global	DEFAULT	ANALYSIS	__fastcall	bool	1	false	\N	false	59abc852-59abc906	\N	\N	bool __fastcall FUN_59abc852(int param_1)
59abc90c	FUN_59abc90c	FUN_59abc90c	Global	DEFAULT	ANALYSIS	__thiscall	undefined4	3	false	\N	false	59abc90c-59abc990	\N	\N	undefined4 __thiscall FUN_59abc90c(undefined4 param_1, int param_2)
59abc9a4	FUN_59abc9a4	FUN_59abc9a4	Global	DEFAULT	ANALYSIS	__stdcall	void *	0	false	\N	false	59abc9a4-59abc9fd	\N	\N	void * __stdcall FUN_59abc9a4(void)
59abca33	FUN_59abca33	FUN_59abca33	Global	DEFAULT	ANALYSIS	__cdecl	undefined4	1	false	\N	false	59abca33-59abca4f	\N	\N	undefined4 __cdecl FUN_59abca33(int param_1)
59abca71	FUN_59abca71	FUN_59abca71	Global	DEFAULT	ANALYSIS	__fastcall	uint	1	false	\N	false	59abca71-59abca9a	\N	\N	uint __fastcall FUN_59abca71(int param_1)
59abcb67	FUN_59abcb67	FUN_59abcb67	Global	DEFAULT	ANALYSIS	__fastcall	bool	1	false	\N	false	59abcb67-59abcc1a	\N	\N	bool __fastcall FUN_59abcb67(int param_1)
59abcc3b	FUN_59abcc3b	FUN_59abcc3b	Global	DEFAULT	ANALYSIS	__fastcall	undefined4	1	false	\N	false	59abcc3b-59abcc8a	\N	\N	undefined4 __fastcall FUN_59abcc3b(int param_1)
59abcc90	FUN_59abcc90	FUN_59abcc90	Global	DEFAULT	ANALYSIS	__cdecl	int	1	false	\N	false	59abcc90-59abcca8	\N	\N	int __cdecl FUN_59abcc90(ushort param_1)
59abccae	FUN_59abccae	FUN_59abccae	Global	DEFAULT	ANALYSIS	__cdecl	int	3	false	\N	false	59abccae-59abcd00	\N	\N	int __cdecl FUN_59abccae(int param_1, uint param_2, void * param_3)
59abcd06	FUN_59abcd06	FUN_59abcd06	Global	DEFAULT	ANALYSIS	__thiscall	undefined4	3	false	\N	false	59abcd06-59abcd28	\N	\N	undefined4 __thiscall FUN_59abcd06(int * param_1, undefined4 param_2)
59abcd2e	FUN_59abcd2e	FUN_59abcd2e	Global	DEFAULT	ANALYSIS	__thiscall	void *	3	false	\N	false	59abcd2e-59abcd6c	\N	\N	void * __thiscall FUN_59abcd2e(ushort * param_1, int * param_2)
59abcd72	FUN_59abcd72	FUN_59abcd72	Global	DEFAULT	ANALYSIS	__thiscall	void *	2	false	\N	false	59abcd72-59abcdad	\N	\N	void * __thiscall FUN_59abcd72(int param_1)
59abcdb3	FUN_59abcdb3	FUN_59abcdb3	Global	DEFAULT	ANALYSIS	__thiscall	void *	3	false	\N	false	59abcdb3-59abcdf8	\N	\N	void * __thiscall FUN_59abcdb3(undefined4 param_1, undefined4 param_2)
59abcdfe	FUN_59abcdfe	FUN_59abcdfe	Global	DEFAULT	ANALYSIS	__thiscall	void *	2	false	\N	false	59abcdfe-59abce1e	\N	\N	void * __thiscall FUN_59abcdfe(int param_1)
59abce24	FUN_59abce24	FUN_59abce24	Global	DEFAULT	ANALYSIS	__stdcall	undefined	0	false	\N	false	59abce24-59abce8a	\N	\N	undefined __stdcall FUN_59abce24(void)
59abceb3	FUN_59abceb3	FUN_59abceb3	Global	DEFAULT	ANALYSIS	__stdcall	undefined	2	false	\N	false	59abceb3-59abcee1	\N	\N	undefined __stdcall FUN_59abceb3(int param_1, int param_2)
59abcee7	FUN_59abcee7	FUN_59abcee7	Global	DEFAULT	ANALYSIS	__thiscall	uint	3	false	\N	false	59abcee7-59abcf09	\N	\N	uint __thiscall FUN_59abcee7(int param_1, int param_2)
59abcfac	FUN_59abcfac	FUN_59abcfac	Global	DEFAULT	ANALYSIS	__fastcall	undefined4	1	false	\N	false	59abcfac-59abd069	\N	\N	undefined4 __fastcall FUN_59abcfac(int param_1)
59abd06f	FUN_59abd06f	FUN_59abd06f	Global	DEFAULT	ANALYSIS	__fastcall	undefined4	1	false	\N	false	59abd06f-59abd0e2	\N	\N	undefined4 __fastcall FUN_59abd06f(int param_1)
59abd117	FUN_59abd117	FUN_59abd117	Global	DEFAULT	ANALYSIS	__fastcall	undefined4	1	false	\N	false	59abd117-59abd1b3	\N	\N	undefined4 __fastcall FUN_59abd117(int * param_1)
59abd1b9	FUN_59abd1b9	FUN_59abd1b9	Global	DEFAULT	ANALYSIS	__fastcall	undefined4	1	false	\N	false	59abd1b9-59abd24d	\N	\N	undefined4 __fastcall FUN_59abd1b9(int param_1)
59abd253	FUN_59abd253	FUN_59abd253	Global	DEFAULT	ANALYSIS	__fastcall	undefined4	1	false	\N	false	59abd253-59abd2ae	\N	\N	undefined4 __fastcall FUN_59abd253(int param_1)
59abd325	FUN_59abd325	FUN_59abd325	Global	DEFAULT	ANALYSIS	__fastcall	undefined4	1	false	\N	false	59abd325-59abd452	\N	\N	undefined4 __fastcall FUN_59abd325(int param_1)
59abd4b9	FUN_59abd4b9	FUN_59abd4b9	Global	DEFAULT	ANALYSIS	__fastcall	undefined	1	false	\N	false	59abd4b9-59abd54c	\N	\N	undefined __fastcall FUN_59abd4b9(int param_1)
59abd552	FUN_59abd552	FUN_59abd552	Global	DEFAULT	ANALYSIS	__stdcall	undefined4	0	false	\N	false	59abd552-59abd66a	\N	\N	undefined4 __stdcall FUN_59abd552(void)
59abd670	FUN_59abd670	FUN_59abd670	Global	DEFAULT	ANALYSIS	__thiscall	undefined4	3	false	\N	false	59abd670-59abd72a	\N	\N	undefined4 __thiscall FUN_59abd670(uint param_1, undefined4 param_2)
59abd730	FUN_59abd730	FUN_59abd730	Global	DEFAULT	ANALYSIS	__fastcall	undefined4	1	false	\N	false	59abd730-59abd740	\N	\N	undefined4 __fastcall FUN_59abd730(int param_1)
59abd746	FUN_59abd746	FUN_59abd746	Global	DEFAULT	ANALYSIS	__fastcall	undefined4	1	false	\N	false	59abd746-59abd820	\N	\N	undefined4 __fastcall FUN_59abd746(int param_1)
59abd848	FUN_59abd848	FUN_59abd848	Global	DEFAULT	ANALYSIS	__fastcall	undefined4	1	false	\N	false	59abd848-59abd892	\N	\N	undefined4 __fastcall FUN_59abd848(int param_1)
59abd8cc	FUN_59abd8cc	FUN_59abd8cc	Global	DEFAULT	ANALYSIS	__fastcall	undefined	1	false	\N	false	59abd8cc-59abd8ef	\N	\N	undefined __fastcall FUN_59abd8cc(int param_1)
59abd902	FUN_59abd902	FUN_59abd902	Global	DEFAULT	ANALYSIS	__stdcall	undefined	0	false	\N	false	59abd902-59abd9cf	\N	\N	undefined __stdcall FUN_59abd902(void)
59abd9d5	FUN_59abd9d5	FUN_59abd9d5	Global	DEFAULT	ANALYSIS	__fastcall	uint	1	false	\N	false	59abd9d5-59abd9e3	\N	\N	uint __fastcall FUN_59abd9d5(int param_1)
59abd9fb	FUN_59abd9fb	FUN_59abd9fb	Global	DEFAULT	ANALYSIS	__fastcall	ushort *	1	false	\N	false	59abd9fb-59abda3f	\N	\N	ushort * __fastcall FUN_59abd9fb(int param_1)
59abda7a	FUN_59abda7a	FUN_59abda7a	Global	DEFAULT	ANALYSIS	__thiscall	undefined	2	false	\N	false	59abda7a-59abda98	\N	\N	undefined __thiscall FUN_59abda7a(wchar_t * param_1)
59abda9e	FUN_59abda9e	FUN_59abda9e	Global	DEFAULT	ANALYSIS	__thiscall	uint	2	false	\N	false	59abda9e-59abdad0	\N	\N	uint __thiscall FUN_59abda9e(undefined4 * param_1)
59abdad6	FUN_59abdad6	FUN_59abdad6	Global	DEFAULT	ANALYSIS	__thiscall	int	2	false	\N	false	59abdad6-59abdb02	\N	\N	int __thiscall FUN_59abdad6(int param_1)
59abdb08	FUN_59abdb08	FUN_59abdb08	Global	DEFAULT	ANALYSIS	__thiscall	void *	2	false	\N	false	59abdb08-59abdb25	\N	\N	void * __thiscall FUN_59abdb08(undefined4 param_1)
59abdb2b	FUN_59abdb2b	FUN_59abdb2b	Global	DEFAULT	ANALYSIS	__thiscall	void *	2	false	\N	false	59abdb2b-59abdb4d	\N	\N	void * __thiscall FUN_59abdb2b(int param_1)
59abdb53	FUN_59abdb53	FUN_59abdb53	Global	DEFAULT	ANALYSIS	__thiscall	void *	2	false	\N	false	59abdb53-59abdb6c	\N	\N	void * __thiscall FUN_59abdb53(undefined4 param_1)
59abdb72	FUN_59abdb72	FUN_59abdb72	Global	DEFAULT	ANALYSIS	__thiscall	void *	2	false	\N	false	59abdb72-59abdb8b	\N	\N	void * __thiscall FUN_59abdb72(int param_1)
59abdccc	FUN_59abdccc	FUN_59abdccc	Global	DEFAULT	ANALYSIS	__thiscall	void *	3	false	\N	false	59abdccc-59abdcf7	\N	\N	void * __thiscall FUN_59abdccc(int param_1, undefined4 param_2)
59abdcfd	FUN_59abdcfd	FUN_59abdcfd	Global	DEFAULT	ANALYSIS	__thiscall	void *	2	false	\N	false	59abdcfd-59abdd2b	\N	\N	void * __thiscall FUN_59abdcfd(int param_1)
59abdd31	FUN_59abdd31	FUN_59abdd31	Global	DEFAULT	ANALYSIS	__thiscall	undefined	2	false	\N	false	59abdd31-59abdd83	\N	\N	undefined __thiscall FUN_59abdd31(int param_1)
59abdd89	FUN_59abdd89	FUN_59abdd89	Global	DEFAULT	ANALYSIS	__thiscall	void *	3	false	\N	false	59abdd89-59abdda6	\N	\N	void * __thiscall FUN_59abdd89(int param_1, undefined4 param_2)
59abddac	FUN_59abddac	FUN_59abddac	Global	DEFAULT	ANALYSIS	__thiscall	void *	2	false	\N	false	59abddac-59abddc5	\N	\N	void * __thiscall FUN_59abddac(int param_1)
59abddcb	FUN_59abddcb	FUN_59abddcb	Global	DEFAULT	ANALYSIS	__thiscall	void *	4	false	\N	false	59abddcb-59abddfd	\N	\N	void * __thiscall FUN_59abddcb(int param_1, undefined4 param_2, undefined4 param_3)
59abde03	FUN_59abde03	FUN_59abde03	Global	DEFAULT	ANALYSIS	__stdcall	undefined	0	false	\N	false	59abde03-59abde3d	\N	\N	undefined __stdcall FUN_59abde03(void)
59abde43	FUN_59abde43	FUN_59abde43	Global	DEFAULT	ANALYSIS	__thiscall	void *	2	false	\N	false	59abde43-59abde77	\N	\N	void * __thiscall FUN_59abde43(int param_1)
59abde7d	FUN_59abde7d	FUN_59abde7d	Global	DEFAULT	ANALYSIS	__thiscall	undefined	2	false	\N	false	59abde7d-59abdf0f	\N	\N	undefined __thiscall FUN_59abde7d(int param_1)
59abdf15	FUN_59abdf15	FUN_59abdf15	Global	DEFAULT	ANALYSIS	__thiscall	void *	4	false	\N	false	59abdf15-59abdf36	\N	\N	void * __thiscall FUN_59abdf15(int param_1, undefined4 param_2, undefined4 param_3)
59abdf3c	FUN_59abdf3c	FUN_59abdf3c	Global	DEFAULT	ANALYSIS	__thiscall	void *	2	false	\N	false	59abdf3c-59abdf55	\N	\N	void * __thiscall FUN_59abdf3c(int param_1)
59abdf5b	FUN_59abdf5b	FUN_59abdf5b	Global	DEFAULT	ANALYSIS	__thiscall	void *	3	false	\N	false	59abdf5b-59abdf7f	\N	\N	void * __thiscall FUN_59abdf5b(undefined4 param_1, undefined4 param_2)
59abdf85	FUN_59abdf85	FUN_59abdf85	Global	DEFAULT	ANALYSIS	__thiscall	void *	2	false	\N	false	59abdf85-59abdfad	\N	\N	void * __thiscall FUN_59abdf85(int param_1)
59abdfb3	FUN_59abdfb3	FUN_59abdfb3	Global	DEFAULT	ANALYSIS	__thiscall	undefined	2	false	\N	false	59abdfb3-59abe079	\N	\N	undefined __thiscall FUN_59abdfb3(int param_1)
59abe07f	FUN_59abe07f	FUN_59abe07f	Global	DEFAULT	ANALYSIS	__stdcall	undefined4 *	0	false	\N	false	59abe07f-59abe1c8	\N	\N	undefined4 * __stdcall FUN_59abe07f(void)
59abe1ce	FUN_59abe1ce	FUN_59abe1ce	Global	DEFAULT	ANALYSIS	__thiscall	void *	2	false	\N	false	59abe1ce-59abe23f	\N	\N	void * __thiscall FUN_59abe1ce(int param_1)
59abe245	FUN_59abe245	FUN_59abe245	Global	DEFAULT	ANALYSIS	__thiscall	undefined	2	false	\N	false	59abe245-59abe2b6	\N	\N	undefined __thiscall FUN_59abe245(int param_1)
59abe2bc	FUN_59abe2bc	FUN_59abe2bc	Global	DEFAULT	ANALYSIS	__stdcall	undefined4 *	0	false	\N	false	59abe2bc-59abe331	\N	\N	undefined4 * __stdcall FUN_59abe2bc(void)
59abe337	FUN_59abe337	FUN_59abe337	Global	DEFAULT	ANALYSIS	__stdcall	undefined	0	false	\N	false	59abe337-59abe371	\N	\N	undefined __stdcall FUN_59abe337(void)
59abe377	FUN_59abe377	FUN_59abe377	Global	DEFAULT	ANALYSIS	__thiscall	void *	2	false	\N	false	59abe377-59abe3c9	\N	\N	void * __thiscall FUN_59abe377(int param_1)
59abe3cf	FUN_59abe3cf	FUN_59abe3cf	Global	DEFAULT	ANALYSIS	__thiscall	undefined	2	false	\N	false	59abe3cf-59abe473	\N	\N	undefined __thiscall FUN_59abe3cf(int param_1)
59abe479	FUN_59abe479	FUN_59abe479	Global	DEFAULT	ANALYSIS	__fastcall	undefined4 *	1	false	\N	false	59abe479-59abe49c	\N	\N	undefined4 * __fastcall FUN_59abe479(undefined4 * param_1)
59abe4a2	FUN_59abe4a2	FUN_59abe4a2	Global	DEFAULT	ANALYSIS	__thiscall	void *	2	false	\N	false	59abe4a2-59abe4c4	\N	\N	void * __thiscall FUN_59abe4a2(int param_1)
59abe4ca	FUN_59abe4ca	FUN_59abe4ca	Global	DEFAULT	ANALYSIS	__thiscall	void *	3	false	\N	false	59abe4ca-59abe4f5	\N	\N	void * __thiscall FUN_59abe4ca(int param_1, undefined4 param_2)
59abe4fb	FUN_59abe4fb	FUN_59abe4fb	Global	DEFAULT	ANALYSIS	__thiscall	void *	2	false	\N	false	59abe4fb-59abe529	\N	\N	void * __thiscall FUN_59abe4fb(int param_1)
59abe52f	FUN_59abe52f	FUN_59abe52f	Global	DEFAULT	ANALYSIS	__thiscall	undefined	2	false	\N	false	59abe52f-59abe583	\N	\N	undefined __thiscall FUN_59abe52f(void * param_1)
59abe589	FUN_59abe589	FUN_59abe589	Global	DEFAULT	ANALYSIS	__thiscall	void *	4	false	\N	false	59abe589-59abe5b4	\N	\N	void * __thiscall FUN_59abe589(undefined4 param_1, undefined4 param_2, undefined4 param_3)
59abe5ba	FUN_59abe5ba	FUN_59abe5ba	Global	DEFAULT	ANALYSIS	__thiscall	void *	2	false	\N	false	59abe5ba-59abe5f2	\N	\N	void * __thiscall FUN_59abe5ba(int param_1)
59abe5f8	FUN_59abe5f8	FUN_59abe5f8	Global	DEFAULT	ANALYSIS	__thiscall	undefined	2	false	\N	false	59abe5f8-59abe64c	\N	\N	undefined __thiscall FUN_59abe5f8(void * param_1)
59abe652	FUN_59abe652	FUN_59abe652	Global	DEFAULT	ANALYSIS	__thiscall	void *	4	false	\N	false	59abe652-59abe67d	\N	\N	void * __thiscall FUN_59abe652(undefined4 param_1, undefined4 param_2, undefined4 param_3)
59abe683	FUN_59abe683	FUN_59abe683	Global	DEFAULT	ANALYSIS	__thiscall	void *	2	false	\N	false	59abe683-59abe6bb	\N	\N	void * __thiscall FUN_59abe683(int param_1)
59abe6c1	FUN_59abe6c1	FUN_59abe6c1	Global	DEFAULT	ANALYSIS	__thiscall	undefined	2	false	\N	false	59abe6c1-59abe713	\N	\N	undefined __thiscall FUN_59abe6c1(int param_1)
59abe719	FUN_59abe719	FUN_59abe719	Global	DEFAULT	ANALYSIS	__thiscall	undefined	2	false	\N	false	59abe719-59abe772	\N	\N	undefined __thiscall FUN_59abe719(int param_1)
59abe778	FUN_59abe778	FUN_59abe778	Global	DEFAULT	ANALYSIS	__thiscall	void *	2	false	\N	false	59abe778-59abe79a	\N	\N	void * __thiscall FUN_59abe778(int param_1)
59abe7a0	FUN_59abe7a0	FUN_59abe7a0	Global	DEFAULT	ANALYSIS	__thiscall	void *	4	false	\N	false	59abe7a0-59abe7c6	\N	\N	void * __thiscall FUN_59abe7a0(undefined4 param_1, int param_2, undefined4 param_3)
59abe7cc	FUN_59abe7cc	FUN_59abe7cc	Global	DEFAULT	ANALYSIS	__thiscall	undefined	2	false	\N	false	59abe7cc-59abe831	\N	\N	undefined __thiscall FUN_59abe7cc(int param_1)
59abe837	FUN_59abe837	FUN_59abe837	Global	DEFAULT	ANALYSIS	__thiscall	undefined	2	false	\N	false	59abe837-59abe89b	\N	\N	undefined __thiscall FUN_59abe837(int param_1)
59abe8a1	FUN_59abe8a1	FUN_59abe8a1	Global	DEFAULT	ANALYSIS	__thiscall	void *	4	false	\N	false	59abe8a1-59abe8d0	\N	\N	void * __thiscall FUN_59abe8a1(undefined4 param_1, undefined4 param_2, undefined4 param_3)
59abe8d6	FUN_59abe8d6	FUN_59abe8d6	Global	DEFAULT	ANALYSIS	__thiscall	void *	2	false	\N	false	59abe8d6-59abe914	\N	\N	void * __thiscall FUN_59abe8d6(int param_1)
59abe91a	FUN_59abe91a	FUN_59abe91a	Global	DEFAULT	ANALYSIS	__thiscall	undefined	2	false	\N	false	59abe91a-59abe970	\N	\N	undefined __thiscall FUN_59abe91a(int param_1)
59abe976	FUN_59abe976	FUN_59abe976	Global	DEFAULT	ANALYSIS	__thiscall	void *	2	false	\N	false	59abe976-59abe9a5	\N	\N	void * __thiscall FUN_59abe976(undefined4 param_1)
59abe9ab	FUN_59abe9ab	FUN_59abe9ab	Global	DEFAULT	ANALYSIS	__thiscall	void *	2	false	\N	false	59abe9ab-59abe9f0	\N	\N	void * __thiscall FUN_59abe9ab(int param_1)
59abe9f6	FUN_59abe9f6	FUN_59abe9f6	Global	DEFAULT	ANALYSIS	__thiscall	void *	2	false	\N	false	59abe9f6-59abea17	\N	\N	void * __thiscall FUN_59abe9f6(undefined4 param_1)
59abea40	thunk_FUN_59abce24	thunk_FUN_59abce24	Global	DEFAULT	ANALYSIS	__stdcall	undefined	0	true	FUN_59abce24	false	59abea40-59abea44	\N	\N	undefined __stdcall thunk_FUN_59abce24(void)
59abea4a	FUN_59abea4a	FUN_59abea4a	Global	DEFAULT	ANALYSIS	__thiscall	void *	2	false	\N	false	59abea4a-59abea75	\N	\N	void * __thiscall FUN_59abea4a(int param_1)
59abea9b	FUN_59abea9b	FUN_59abea9b	Global	DEFAULT	ANALYSIS	__thiscall	void *	3	false	\N	false	59abea9b-59abeaca	\N	\N	void * __thiscall FUN_59abea9b(int param_1, undefined4 param_2)
59abead0	FUN_59abead0	FUN_59abead0	Global	DEFAULT	ANALYSIS	__thiscall	void *	2	false	\N	false	59abead0-59abeb04	\N	\N	void * __thiscall FUN_59abead0(int param_1)
59abeb0a	FUN_59abeb0a	FUN_59abeb0a	Global	DEFAULT	ANALYSIS	__thiscall	undefined	2	false	\N	false	59abeb0a-59abeb62	\N	\N	undefined __thiscall FUN_59abeb0a(int param_1)
59abeb68	FUN_59abeb68	FUN_59abeb68	Global	DEFAULT	ANALYSIS	__thiscall	void *	4	false	\N	false	59abeb68-59abebab	\N	\N	void * __thiscall FUN_59abeb68(int param_1, undefined4 param_2, int param_3)
59abebb1	FUN_59abebb1	FUN_59abebb1	Global	DEFAULT	ANALYSIS	__stdcall	undefined4 *	0	false	\N	false	59abebb1-59abec43	\N	\N	undefined4 * __stdcall FUN_59abebb1(void)
59abec49	FUN_59abec49	FUN_59abec49	Global	DEFAULT	ANALYSIS	__stdcall	undefined	0	false	\N	false	59abec49-59abecac	\N	\N	undefined __stdcall FUN_59abec49(void)
59abecb2	FUN_59abecb2	FUN_59abecb2	Global	DEFAULT	ANALYSIS	__thiscall	undefined	2	false	\N	false	59abecb2-59abed7c	\N	\N	undefined __thiscall FUN_59abecb2(void * param_1)
59abed82	FUN_59abed82	FUN_59abed82	Global	DEFAULT	ANALYSIS	__stdcall	undefined4 *	0	false	\N	false	59abed82-59abedf1	\N	\N	undefined4 * __stdcall FUN_59abed82(void)
59abedf7	FUN_59abedf7	FUN_59abedf7	Global	DEFAULT	ANALYSIS	__thiscall	void *	2	false	\N	false	59abedf7-59abee2b	\N	\N	void * __thiscall FUN_59abedf7(int param_1)
59abee31	FUN_59abee31	FUN_59abee31	Global	DEFAULT	ANALYSIS	__thiscall	undefined	2	false	\N	false	59abee31-59abeee4	\N	\N	undefined __thiscall FUN_59abee31(int param_1)
59abeeea	FUN_59abeeea	FUN_59abeeea	Global	DEFAULT	ANALYSIS	__fastcall	undefined	1	false	\N	false	59abeeea-59abeefb	\N	\N	undefined __fastcall FUN_59abeeea(undefined4 * param_1)
59abef01	FUN_59abef01	FUN_59abef01	Global	DEFAULT	ANALYSIS	__stdcall	undefined4 *	0	false	\N	false	59abef01-59abef6d	\N	\N	undefined4 * __stdcall FUN_59abef01(void)
59abef73	FUN_59abef73	FUN_59abef73	Global	DEFAULT	ANALYSIS	__thiscall	void *	2	false	\N	false	59abef73-59abefa7	\N	\N	void * __thiscall FUN_59abef73(int param_1)
59abefad	FUN_59abefad	FUN_59abefad	Global	DEFAULT	ANALYSIS	__thiscall	undefined	2	false	\N	false	59abefad-59abf083	\N	\N	undefined __thiscall FUN_59abefad(int param_1)
59abf089	FUN_59abf089	FUN_59abf089	Global	DEFAULT	ANALYSIS	__stdcall	undefined4 *	0	false	\N	false	59abf089-59abf0e8	\N	\N	undefined4 * __stdcall FUN_59abf089(void)
59abf0ee	FUN_59abf0ee	FUN_59abf0ee	Global	DEFAULT	ANALYSIS	__thiscall	void *	2	false	\N	false	59abf0ee-59abf128	\N	\N	void * __thiscall FUN_59abf0ee(int param_1)
59abf12e	FUN_59abf12e	FUN_59abf12e	Global	DEFAULT	ANALYSIS	__thiscall	undefined	2	false	\N	false	59abf12e-59abf1b0	\N	\N	undefined __thiscall FUN_59abf12e(void * param_1)
59abf1b6	FUN_59abf1b6	FUN_59abf1b6	Global	DEFAULT	ANALYSIS	__stdcall	undefined	0	false	\N	false	59abf1b6-59abf204	\N	\N	undefined __stdcall FUN_59abf1b6(void)
59abf20a	FUN_59abf20a	FUN_59abf20a	Global	DEFAULT	ANALYSIS	__stdcall	undefined	0	false	\N	false	59abf20a-59abf20e	\N	\N	undefined __stdcall FUN_59abf20a(void)
59abf214	FUN_59abf214	FUN_59abf214	Global	DEFAULT	ANALYSIS	__stdcall	undefined4 *	0	false	\N	false	59abf214-59abf277	\N	\N	undefined4 * __stdcall FUN_59abf214(void)
59abf2a0	FUN_59abf2a0	FUN_59abf2a0	Global	DEFAULT	ANALYSIS	__thiscall	undefined	2	false	\N	false	59abf2a0-59abf2ef	\N	\N	undefined __thiscall FUN_59abf2a0(int param_1)
59abf2f5	FUN_59abf2f5	FUN_59abf2f5	Global	DEFAULT	ANALYSIS	__stdcall	undefined	0	false	\N	false	59abf2f5-59abf472	\N	\N	undefined __stdcall FUN_59abf2f5(void)
59abf478	FUN_59abf478	FUN_59abf478	Global	DEFAULT	ANALYSIS	__thiscall	undefined	2	false	\N	false	59abf478-59abf4df	\N	\N	undefined __thiscall FUN_59abf478(int param_1)
59abf4f9	FUN_59abf4f9	FUN_59abf4f9	Global	DEFAULT	ANALYSIS	__thiscall	void *	3	false	\N	false	59abf4f9-59abf519	\N	\N	void * __thiscall FUN_59abf4f9(undefined4 param_1, undefined4 param_2)
59abf51f	FUN_59abf51f	FUN_59abf51f	Global	DEFAULT	ANALYSIS	__thiscall	void *	2	false	\N	false	59abf51f-59abf541	\N	\N	void * __thiscall FUN_59abf51f(int param_1)
59abf547	FUN_59abf547	FUN_59abf547	Global	DEFAULT	ANALYSIS	__thiscall	undefined	2	false	\N	false	59abf547-59abf59b	\N	\N	undefined __thiscall FUN_59abf547(int param_1)
59abf5a1	FUN_59abf5a1	FUN_59abf5a1	Global	DEFAULT	ANALYSIS	__thiscall	void *	1	false	\N	false	59abf5a1-59abf5ec	\N	\N	void * __thiscall FUN_59abf5a1(void)
59abf5f2	FUN_59abf5f2	FUN_59abf5f2	Global	DEFAULT	ANALYSIS	__thiscall	void *	2	false	\N	false	59abf5f2-59abf642	\N	\N	void * __thiscall FUN_59abf5f2(int param_1)
59abf648	FUN_59abf648	FUN_59abf648	Global	DEFAULT	ANALYSIS	__thiscall	undefined	2	false	\N	false	59abf648-59abf6bd	\N	\N	undefined __thiscall FUN_59abf648(void * param_1)
59abf6c3	FUN_59abf6c3	FUN_59abf6c3	Global	DEFAULT	ANALYSIS	__thiscall	void *	3	false	\N	false	59abf6c3-59abf6fd	\N	\N	void * __thiscall FUN_59abf6c3(undefined4 * param_1, undefined4 param_2)
59abf703	FUN_59abf703	FUN_59abf703	Global	DEFAULT	ANALYSIS	__thiscall	void *	2	false	\N	false	59abf703-59abf740	\N	\N	void * __thiscall FUN_59abf703(int param_1)
59abf7c6	FUN_59abf7c6	FUN_59abf7c6	Global	DEFAULT	ANALYSIS	__thiscall	undefined	2	false	\N	false	59abf7c6-59abf883	\N	\N	undefined __thiscall FUN_59abf7c6(int param_1)
59abf889	FUN_59abf889	FUN_59abf889	Global	DEFAULT	ANALYSIS	__thiscall	void *	3	false	\N	false	59abf889-59abf8a9	\N	\N	void * __thiscall FUN_59abf889(undefined4 param_1, undefined4 param_2)
59abf8af	FUN_59abf8af	FUN_59abf8af	Global	DEFAULT	ANALYSIS	__thiscall	void *	2	false	\N	false	59abf8af-59abf8d1	\N	\N	void * __thiscall FUN_59abf8af(int param_1)
59abf8d7	FUN_59abf8d7	FUN_59abf8d7	Global	DEFAULT	ANALYSIS	__thiscall	void *	3	false	\N	false	59abf8d7-59abf8f7	\N	\N	void * __thiscall FUN_59abf8d7(undefined4 param_1, undefined4 param_2)
59abf8fd	FUN_59abf8fd	FUN_59abf8fd	Global	DEFAULT	ANALYSIS	__thiscall	void *	2	false	\N	false	59abf8fd-59abf91f	\N	\N	void * __thiscall FUN_59abf8fd(int param_1)
59abf925	FUN_59abf925	FUN_59abf925	Global	DEFAULT	ANALYSIS	__thiscall	undefined	2	false	\N	false	59abf925-59abf9b7	\N	\N	undefined __thiscall FUN_59abf925(int param_1)
59abf9bd	FUN_59abf9bd	FUN_59abf9bd	Global	DEFAULT	ANALYSIS	__thiscall	void *	3	false	\N	false	59abf9bd-59abf9dd	\N	\N	void * __thiscall FUN_59abf9bd(undefined4 param_1, undefined4 param_2)
59abf9e3	FUN_59abf9e3	FUN_59abf9e3	Global	DEFAULT	ANALYSIS	__thiscall	void *	2	false	\N	false	59abf9e3-59abfa05	\N	\N	void * __thiscall FUN_59abf9e3(int param_1)
59abfa0b	FUN_59abfa0b	FUN_59abfa0b	Global	DEFAULT	ANALYSIS	__thiscall	void *	5	false	\N	false	59abfa0b-59abfa3d	\N	\N	void * __thiscall FUN_59abfa0b(undefined4 param_1, undefined4 param_2, undefined4 param_3, undefined4 param_4)
59abfa43	FUN_59abfa43	FUN_59abfa43	Global	DEFAULT	ANALYSIS	__thiscall	void *	2	false	\N	false	59abfa43-59abfa77	\N	\N	void * __thiscall FUN_59abfa43(int param_1)
59abfa7d	FUN_59abfa7d	FUN_59abfa7d	Global	DEFAULT	ANALYSIS	__thiscall	undefined	2	false	\N	false	59abfa7d-59abfbc3	\N	\N	undefined __thiscall FUN_59abfa7d(int param_1)
59abfbc9	FUN_59abfbc9	FUN_59abfbc9	Global	DEFAULT	ANALYSIS	__thiscall	void *	7	false	\N	false	59abfbc9-59abfc16	\N	\N	void * __thiscall FUN_59abfbc9(undefined4 param_1, undefined4 param_2, undefined4 param_3, int param_4, undefined4 param_5, undefined4 param_6)
59abfc2e	FUN_59abfc2e	FUN_59abfc2e	Global	DEFAULT	ANALYSIS	__thiscall	void *	2	false	\N	false	59abfc2e-59abfc72	\N	\N	void * __thiscall FUN_59abfc2e(int param_1)
59abff0c	FUN_59abff0c	FUN_59abff0c	Global	DEFAULT	ANALYSIS	__thiscall	void *	7	false	\N	false	59abff0c-59abff4a	\N	\N	void * __thiscall FUN_59abff0c(undefined4 param_1, undefined4 param_2, undefined4 param_3, undefined4 param_4, undefined4 param_5, undefined1 param_6)
59abff50	FUN_59abff50	FUN_59abff50	Global	DEFAULT	ANALYSIS	__thiscall	void *	2	false	\N	false	59abff50-59abff9c	\N	\N	void * __thiscall FUN_59abff50(int param_1)
59ac0067	FUN_59ac0067	FUN_59ac0067	Global	DEFAULT	ANALYSIS	__thiscall	undefined4	2	false	\N	false	59ac0067-59ac00bd	\N	\N	undefined4 __thiscall FUN_59ac0067(int param_1)
59ac014c	FUN_59ac014c	FUN_59ac014c	Global	DEFAULT	ANALYSIS	__stdcall	bool	0	false	\N	false	59ac014c-59ac01a0	\N	\N	bool __stdcall FUN_59ac014c(void)
59ac01a6	FUN_59ac01a6	FUN_59ac01a6	Global	DEFAULT	ANALYSIS	__stdcall	bool	0	false	\N	false	59ac01a6-59ac01fa	\N	\N	bool __stdcall FUN_59ac01a6(void)
59ac050f	thunk_FUN_59abde03	thunk_FUN_59abde03	Global	DEFAULT	ANALYSIS	__stdcall	undefined	0	true	FUN_59abde03	false	59ac050f-59ac0513	\N	\N	undefined __stdcall thunk_FUN_59abde03(void)
59ac0519	FUN_59ac0519	FUN_59ac0519	Global	DEFAULT	ANALYSIS	__thiscall	void *	4	false	\N	false	59ac0519-59ac0536	\N	\N	void * __thiscall FUN_59ac0519(undefined4 param_1, undefined4 param_2, undefined4 param_3)
59ac05a5	FUN_59ac05a5	FUN_59ac05a5	Global	DEFAULT	ANALYSIS	__stdcall	undefined	0	false	\N	false	59ac05a5-59ac05df	\N	\N	undefined __stdcall FUN_59ac05a5(void)
59ac062b	thunk_FUN_59abe337	thunk_FUN_59abe337	Global	DEFAULT	ANALYSIS	__stdcall	undefined	0	true	FUN_59abe337	false	59ac062b-59ac062f	\N	\N	undefined __stdcall thunk_FUN_59abe337(void)
59ac0658	FUN_59ac0658	FUN_59ac0658	Global	DEFAULT	ANALYSIS	__thiscall	void *	4	false	\N	false	59ac0658-59ac0683	\N	\N	void * __thiscall FUN_59ac0658(undefined4 param_1, undefined4 param_2, undefined4 param_3)
59ac0689	FUN_59ac0689	FUN_59ac0689	Global	DEFAULT	ANALYSIS	__thiscall	void *	6	false	\N	false	59ac0689-59ac06b7	\N	\N	void * __thiscall FUN_59ac0689(undefined4 param_1, undefined4 param_2, undefined4 param_3, undefined4 param_4, undefined4 param_5)
59ac06bd	FUN_59ac06bd	FUN_59ac06bd	Global	DEFAULT	ANALYSIS	__thiscall	void *	2	false	\N	false	59ac06bd-59ac06df	\N	\N	void * __thiscall FUN_59ac06bd(int param_1)
59ac0708	FUN_59ac0708	FUN_59ac0708	Global	DEFAULT	ANALYSIS	__thiscall	void *	4	false	\N	false	59ac0708-59ac072d	\N	\N	void * __thiscall FUN_59ac0708(undefined4 param_1, undefined4 param_2, undefined4 param_3)
59ac0733	FUN_59ac0733	FUN_59ac0733	Global	DEFAULT	ANALYSIS	__thiscall	void *	6	false	\N	false	59ac0733-59ac075f	\N	\N	void * __thiscall FUN_59ac0733(undefined4 param_1, undefined4 param_2, undefined4 param_3, undefined4 param_4, undefined4 param_5)
59ac0765	FUN_59ac0765	FUN_59ac0765	Global	DEFAULT	ANALYSIS	__thiscall	void *	2	false	\N	false	59ac0765-59ac0787	\N	\N	void * __thiscall FUN_59ac0765(int param_1)
59ac078d	FUN_59ac078d	FUN_59ac078d	Global	DEFAULT	ANALYSIS	__thiscall	void *	6	false	\N	false	59ac078d-59ac07bf	\N	\N	void * __thiscall FUN_59ac078d(undefined4 param_1, undefined4 param_2, undefined4 param_3, undefined4 param_4, undefined4 param_5)
59ac07c5	FUN_59ac07c5	FUN_59ac07c5	Global	DEFAULT	ANALYSIS	__thiscall	void *	2	false	\N	false	59ac07c5-59ac07ed	\N	\N	void * __thiscall FUN_59ac07c5(int param_1)
59ac0816	FUN_59ac0816	FUN_59ac0816	Global	DEFAULT	ANALYSIS	__stdcall	undefined	0	false	\N	false	59ac0816-59ac0850	\N	\N	undefined __stdcall FUN_59ac0816(void)
59ac0879	FUN_59ac0879	FUN_59ac0879	Global	DEFAULT	ANALYSIS	__stdcall	undefined4	0	false	\N	false	59ac0879-59ac0a17	\N	\N	undefined4 __stdcall FUN_59ac0879(void)
59ac0a1d	FUN_59ac0a1d	FUN_59ac0a1d	Global	DEFAULT	ANALYSIS	__thiscall	void *	2	false	\N	false	59ac0a1d-59ac0a3f	\N	\N	void * __thiscall FUN_59ac0a1d(int param_1)
59ac0a68	FUN_59ac0a68	FUN_59ac0a68	Global	DEFAULT	ANALYSIS	__stdcall	undefined	0	false	\N	false	59ac0a68-59ac0b03	\N	\N	undefined __stdcall FUN_59ac0a68(void)
59ac0b09	FUN_59ac0b09	FUN_59ac0b09	Global	DEFAULT	ANALYSIS	__stdcall	undefined4 *	0	false	\N	false	59ac0b09-59ac0b63	\N	\N	undefined4 * __stdcall FUN_59ac0b09(void)
59ac0b69	FUN_59ac0b69	FUN_59ac0b69	Global	DEFAULT	ANALYSIS	__stdcall	undefined4 *	0	false	\N	false	59ac0b69-59ac0bde	\N	\N	undefined4 * __stdcall FUN_59ac0b69(void)
59ac0c07	FUN_59ac0c07	FUN_59ac0c07	Global	DEFAULT	ANALYSIS	__stdcall	undefined	0	false	\N	false	59ac0c07-59ac0c50	\N	\N	undefined __stdcall FUN_59ac0c07(void)
59ac0c56	FUN_59ac0c56	FUN_59ac0c56	Global	DEFAULT	ANALYSIS	__stdcall	undefined	0	false	\N	false	59ac0c56-59ac0d2c	\N	\N	undefined __stdcall FUN_59ac0c56(void)
59ac0dfa	FUN_59ac0dfa	FUN_59ac0dfa	Global	DEFAULT	ANALYSIS	__stdcall	undefined	0	false	\N	false	59ac0dfa-59ac0e41	\N	\N	undefined __stdcall FUN_59ac0dfa(void)
59ac0e47	FUN_59ac0e47	FUN_59ac0e47	Global	DEFAULT	ANALYSIS	__thiscall	undefined4	2	false	\N	false	59ac0e47-59ac0efa	\N	\N	undefined4 __thiscall FUN_59ac0e47(int param_1)
59ac0f00	FUN_59ac0f00	FUN_59ac0f00	Global	DEFAULT	ANALYSIS	__thiscall	undefined4	2	false	\N	false	59ac0f00-59ac0fb3	\N	\N	undefined4 __thiscall FUN_59ac0f00(int param_1)
59ac106d	FUN_59ac106d	FUN_59ac106d	Global	DEFAULT	ANALYSIS	__stdcall	bool	0	false	\N	false	59ac106d-59ac10c1	\N	\N	bool __stdcall FUN_59ac106d(void)
59ac10c7	FUN_59ac10c7	FUN_59ac10c7	Global	DEFAULT	ANALYSIS	__stdcall	bool	0	false	\N	false	59ac10c7-59ac111b	\N	\N	bool __stdcall FUN_59ac10c7(void)
59ac1121	FUN_59ac1121	FUN_59ac1121	Global	DEFAULT	ANALYSIS	__stdcall	undefined	0	false	\N	false	59ac1121-59ac124c	\N	\N	undefined __stdcall FUN_59ac1121(void)
59ac1252	FUN_59ac1252	FUN_59ac1252	Global	DEFAULT	ANALYSIS	__stdcall	undefined1	0	false	\N	false	59ac1252-59ac131b	\N	\N	undefined1 __stdcall FUN_59ac1252(void)
59ac1321	FUN_59ac1321	FUN_59ac1321	Global	DEFAULT	ANALYSIS	__stdcall	bool	0	false	\N	false	59ac1321-59ac14c1	\N	\N	bool __stdcall FUN_59ac1321(void)
59ac14c7	FUN_59ac14c7	FUN_59ac14c7	Global	DEFAULT	ANALYSIS	__fastcall	uint	1	false	\N	false	59ac14c7-59ac1693	\N	\N	uint __fastcall FUN_59ac14c7(int param_1)
59ac1699	FUN_59ac1699	FUN_59ac1699	Global	DEFAULT	ANALYSIS	__thiscall	undefined4	2	false	\N	false	59ac1699-59ac1711	\N	\N	undefined4 __thiscall FUN_59ac1699(uint * param_1)
59ac1717	FUN_59ac1717	FUN_59ac1717	Global	DEFAULT	ANALYSIS	__fastcall	undefined	1	false	\N	false	59ac1717-59ac174a	\N	\N	undefined __fastcall FUN_59ac1717(void * param_1)
59ac1750	FUN_59ac1750	FUN_59ac1750	Global	DEFAULT	ANALYSIS	__fastcall	bool	1	false	\N	false	59ac1750-59ac17b3	\N	\N	bool __fastcall FUN_59ac1750(int param_1)
59ac17b9	FUN_59ac17b9	FUN_59ac17b9	Global	DEFAULT	ANALYSIS	__thiscall	void *	4	false	\N	false	59ac17b9-59ac17e1	\N	\N	void * __thiscall FUN_59ac17b9(undefined4 param_1, undefined4 param_2, undefined4 param_3)
59ac17e7	FUN_59ac17e7	FUN_59ac17e7	Global	DEFAULT	ANALYSIS	__stdcall	undefined4 *	0	false	\N	false	59ac17e7-59ac1857	\N	\N	undefined4 * __stdcall FUN_59ac17e7(void)
59ac185d	FUN_59ac185d	FUN_59ac185d	Global	DEFAULT	ANALYSIS	__stdcall	uint	0	false	\N	false	59ac185d-59ac1930	\N	\N	uint __stdcall FUN_59ac185d(void)
59ac1936	FUN_59ac1936	FUN_59ac1936	Global	DEFAULT	ANALYSIS	__stdcall	undefined4	0	false	\N	false	59ac1936-59ac1a68	\N	\N	undefined4 __stdcall FUN_59ac1936(void)
59ac1a6e	FUN_59ac1a6e	FUN_59ac1a6e	Global	DEFAULT	ANALYSIS	__stdcall	undefined4	0	false	\N	false	59ac1a6e-59ac1b3d	\N	\N	undefined4 __stdcall FUN_59ac1a6e(void)
59ac1b43	FUN_59ac1b43	FUN_59ac1b43	Global	DEFAULT	ANALYSIS	__thiscall	uint	3	false	\N	false	59ac1b43-59ac1b88	\N	\N	uint __thiscall FUN_59ac1b43(undefined4 param_1, undefined4 param_2)
59ac1b8e	FUN_59ac1b8e	FUN_59ac1b8e	Global	DEFAULT	ANALYSIS	__fastcall	uint	1	false	\N	false	59ac1b8e-59ac1c91	\N	\N	uint __fastcall FUN_59ac1b8e(void * param_1)
59ac1c97	FUN_59ac1c97	FUN_59ac1c97	Global	DEFAULT	ANALYSIS	__fastcall	uint	1	false	\N	false	59ac1c97-59ac1d4e	\N	\N	uint __fastcall FUN_59ac1c97(void * param_1)
59ac1d54	FUN_59ac1d54	FUN_59ac1d54	Global	DEFAULT	ANALYSIS	__thiscall	undefined4	2	false	\N	false	59ac1d54-59ac1da6	\N	\N	undefined4 __thiscall FUN_59ac1d54(undefined4 param_1)
59ac1dac	FUN_59ac1dac	FUN_59ac1dac	Global	DEFAULT	ANALYSIS	__thiscall	undefined4	2	false	\N	false	59ac1dac-59ac1e21	\N	\N	undefined4 __thiscall FUN_59ac1dac(uint param_1)
59ac1f39	FUN_59ac1f39	FUN_59ac1f39	Global	DEFAULT	ANALYSIS	__thiscall	void *	2	false	\N	false	59ac1f39-59ac1f58	\N	\N	void * __thiscall FUN_59ac1f39(int param_1)
59ac1f5e	FUN_59ac1f5e	FUN_59ac1f5e	Global	DEFAULT	ANALYSIS	__thiscall	void *	5	false	\N	false	59ac1f5e-59ac1f8c	\N	\N	void * __thiscall FUN_59ac1f5e(undefined4 param_1, undefined4 param_2, undefined4 param_3, undefined4 param_4)
59ac1fe2	FUN_59ac1fe2	FUN_59ac1fe2	Global	DEFAULT	ANALYSIS	__thiscall	undefined	2	false	\N	false	59ac1fe2-59ac1ffa	\N	\N	undefined __thiscall FUN_59ac1fe2(wchar_t * param_1)
59ac2000	FUN_59ac2000	FUN_59ac2000	Global	DEFAULT	ANALYSIS	__thiscall	undefined	2	false	\N	false	59ac2000-59ac2018	\N	\N	undefined __thiscall FUN_59ac2000(wchar_t * param_1)
59ac201e	FUN_59ac201e	FUN_59ac201e	Global	DEFAULT	ANALYSIS	__thiscall	undefined	2	false	\N	false	59ac201e-59ac2036	\N	\N	undefined __thiscall FUN_59ac201e(wchar_t * param_1)
59ac203c	FUN_59ac203c	FUN_59ac203c	Global	DEFAULT	ANALYSIS	__thiscall	void *	3	false	\N	false	59ac203c-59ac206f	\N	\N	void * __thiscall FUN_59ac203c(undefined4 param_1, undefined4 param_2)
59ac209c	FUN_59ac209c	FUN_59ac209c	Global	DEFAULT	ANALYSIS	__stdcall	bool	0	false	\N	false	59ac209c-59ac20f0	\N	\N	bool __stdcall FUN_59ac209c(void)
59ac20f6	FUN_59ac20f6	FUN_59ac20f6	Global	DEFAULT	ANALYSIS	__stdcall	undefined4 *	0	false	\N	false	59ac20f6-59ac214b	\N	\N	undefined4 * __stdcall FUN_59ac20f6(void)
59ac2151	FUN_59ac2151	FUN_59ac2151	Global	DEFAULT	ANALYSIS	__thiscall	void *	2	false	\N	false	59ac2151-59ac216e	\N	\N	void * __thiscall FUN_59ac2151(byte param_1)
59ac2174	FUN_59ac2174	FUN_59ac2174	Global	DEFAULT	ANALYSIS	__stdcall	undefined	0	false	\N	false	59ac2174-59ac21b4	\N	\N	undefined __stdcall FUN_59ac2174(void)
59ac21ba	FUN_59ac21ba	FUN_59ac21ba	Global	DEFAULT	ANALYSIS	__thiscall	void *	3	false	\N	false	59ac21ba-59ac21ed	\N	\N	void * __thiscall FUN_59ac21ba(undefined4 param_1, undefined4 param_2)
59ac2234	FUN_59ac2234	FUN_59ac2234	Global	DEFAULT	ANALYSIS	__stdcall	bool	0	false	\N	false	59ac2234-59ac2288	\N	\N	bool __stdcall FUN_59ac2234(void)
59ac228e	FUN_59ac228e	FUN_59ac228e	Global	DEFAULT	ANALYSIS	__stdcall	undefined4 *	0	false	\N	false	59ac228e-59ac22e3	\N	\N	undefined4 * __stdcall FUN_59ac228e(void)
59ac22e9	FUN_59ac22e9	FUN_59ac22e9	Global	DEFAULT	ANALYSIS	__thiscall	void *	2	false	\N	false	59ac22e9-59ac2306	\N	\N	void * __thiscall FUN_59ac22e9(byte param_1)
59ac230c	FUN_59ac230c	FUN_59ac230c	Global	DEFAULT	ANALYSIS	__stdcall	undefined	0	false	\N	false	59ac230c-59ac234c	\N	\N	undefined __stdcall FUN_59ac230c(void)
59ac2352	FUN_59ac2352	FUN_59ac2352	Global	DEFAULT	ANALYSIS	__stdcall	undefined4 *	0	false	\N	false	59ac2352-59ac239a	\N	\N	undefined4 * __stdcall FUN_59ac2352(void)
59ac23c3	FUN_59ac23c3	FUN_59ac23c3	Global	DEFAULT	ANALYSIS	__fastcall	undefined	1	false	\N	false	59ac23c3-59ac23e5	\N	\N	undefined __fastcall FUN_59ac23c3(undefined4 * param_1)
59ac23eb	FUN_59ac23eb	FUN_59ac23eb	Global	DEFAULT	ANALYSIS	__stdcall	undefined4 *	0	false	\N	false	59ac23eb-59ac2431	\N	\N	undefined4 * __stdcall FUN_59ac23eb(void)
59ac2437	FUN_59ac2437	FUN_59ac2437	Global	DEFAULT	ANALYSIS	__thiscall	undefined	2	false	\N	false	59ac2437-59ac2594	\N	\N	undefined __thiscall FUN_59ac2437(undefined4 * param_1)
59ac259a	FUN_59ac259a	FUN_59ac259a	Global	DEFAULT	ANALYSIS	__thiscall	void *	2	false	\N	false	59ac259a-59ac25b7	\N	\N	void * __thiscall FUN_59ac259a(undefined4 param_1)
59ac25bd	FUN_59ac25bd	FUN_59ac25bd	Global	DEFAULT	ANALYSIS	__thiscall	void *	2	false	\N	false	59ac25bd-59ac25df	\N	\N	void * __thiscall FUN_59ac25bd(int param_1)
59ac267e	FUN_59ac267e	FUN_59ac267e	Global	DEFAULT	ANALYSIS	__stdcall	undefined4 *	0	false	\N	false	59ac267e-59ac26cf	\N	\N	undefined4 * __stdcall FUN_59ac267e(void)
59ac26d5	FUN_59ac26d5	FUN_59ac26d5	Global	DEFAULT	ANALYSIS	__stdcall	undefined4 *	0	false	\N	false	59ac26d5-59ac2724	\N	\N	undefined4 * __stdcall FUN_59ac26d5(void)
59ac272a	FUN_59ac272a	FUN_59ac272a	Global	DEFAULT	ANALYSIS	__stdcall	undefined	0	false	\N	false	59ac272a-59ac280a	\N	\N	undefined __stdcall FUN_59ac272a(void)
59ac2810	FUN_59ac2810	FUN_59ac2810	Global	DEFAULT	ANALYSIS	__thiscall	undefined	2	false	\N	false	59ac2810-59ac2884	\N	\N	undefined __thiscall FUN_59ac2810(int param_1)
59ac288a	FUN_59ac288a	FUN_59ac288a	Global	DEFAULT	ANALYSIS	__thiscall	void *	3	false	\N	false	59ac288a-59ac28b9	\N	\N	void * __thiscall FUN_59ac288a(int param_1, undefined4 param_2)
59ac28bf	FUN_59ac28bf	FUN_59ac28bf	Global	DEFAULT	ANALYSIS	__thiscall	void *	2	false	\N	false	59ac28bf-59ac28ef	\N	\N	void * __thiscall FUN_59ac28bf(int param_1)
59ac28f5	FUN_59ac28f5	FUN_59ac28f5	Global	DEFAULT	ANALYSIS	__stdcall	undefined	0	false	\N	false	59ac28f5-59ac294a	\N	\N	undefined __stdcall FUN_59ac28f5(void)
59ac2988	FUN_59ac2988	FUN_59ac2988	Global	DEFAULT	ANALYSIS	__thiscall	undefined	2	false	\N	false	59ac2988-59ac2a24	\N	\N	undefined __thiscall FUN_59ac2988(undefined4 * param_1)
59ac2a2a	FUN_59ac2a2a	FUN_59ac2a2a	Global	DEFAULT	ANALYSIS	__stdcall	bool	0	false	\N	false	59ac2a2a-59ac2a7e	\N	\N	bool __stdcall FUN_59ac2a2a(void)
59ac2ac0	FUN_59ac2ac0	FUN_59ac2ac0	Global	DEFAULT	ANALYSIS	__stdcall	bool	0	false	\N	false	59ac2ac0-59ac2b14	\N	\N	bool __stdcall FUN_59ac2ac0(void)
59ac2b79	FUN_59ac2b79	FUN_59ac2b79	Global	DEFAULT	ANALYSIS	__stdcall	undefined	0	false	\N	false	59ac2b79-59ac2cbd	\N	\N	undefined __stdcall FUN_59ac2b79(void)
59ac2cf3	FUN_59ac2cf3	FUN_59ac2cf3	Global	DEFAULT	ANALYSIS	__stdcall	undefined4	0	false	\N	false	59ac2cf3-59ac2e0a	\N	\N	undefined4 __stdcall FUN_59ac2cf3(void)
59ac2e46	FUN_59ac2e46	FUN_59ac2e46	Global	DEFAULT	ANALYSIS	__cdecl	undefined	5	false	\N	false	59ac2e46-59ac2e7a	\N	\N	undefined __cdecl FUN_59ac2e46(undefined4 * param_1, undefined4 param_2, wchar_t * param_3, size_t param_4, wchar_t * param_5)
59ac2e80	FUN_59ac2e80	FUN_59ac2e80	Global	DEFAULT	ANALYSIS	__cdecl	undefined4 *	1	false	\N	false	59ac2e80-59ac2eac	\N	\N	undefined4 * __cdecl FUN_59ac2e80(uint param_1)
59ac2eb2	FUN_59ac2eb2	FUN_59ac2eb2	Global	DEFAULT	ANALYSIS	__thiscall	undefined4	3	false	\N	false	59ac2eb2-59ac2eea	\N	\N	undefined4 __thiscall FUN_59ac2eb2(int param_1, undefined4 param_2)
59ac2ef0	FUN_59ac2ef0	FUN_59ac2ef0	Global	DEFAULT	ANALYSIS	__thiscall	undefined4	2	false	\N	false	59ac2ef0-59ac2f92	\N	\N	undefined4 __thiscall FUN_59ac2ef0(int param_1)
59ac2f98	FUN_59ac2f98	FUN_59ac2f98	Global	DEFAULT	ANALYSIS	__thiscall	undefined	3	false	\N	false	59ac2f98-59ac2fd8	\N	\N	undefined __thiscall FUN_59ac2f98(undefined4 param_1, LPCSTR param_2)
59ac2fde	FUN_59ac2fde	FUN_59ac2fde	Global	DEFAULT	ANALYSIS	__thiscall	undefined	3	false	\N	false	59ac2fde-59ac301e	\N	\N	undefined __thiscall FUN_59ac2fde(undefined4 param_1, wchar_t * param_2)
59ac3024	FUN_59ac3024	FUN_59ac3024	Global	DEFAULT	ANALYSIS	__thiscall	undefined4	3	false	\N	false	59ac3024-59ac306c	\N	\N	undefined4 __thiscall FUN_59ac3024(int param_1, undefined4 * param_2)
59ac3072	FUN_59ac3072	FUN_59ac3072	Global	DEFAULT	ANALYSIS	__fastcall	undefined	1	false	\N	false	59ac3072-59ac307b	\N	\N	undefined __fastcall FUN_59ac3072(void * param_1)
59ac3081	FUN_59ac3081	FUN_59ac3081	Global	DEFAULT	ANALYSIS	__fastcall	undefined	1	false	\N	false	59ac3081-59ac308a	\N	\N	undefined __fastcall FUN_59ac3081(void * param_1)
59ac3090	FUN_59ac3090	FUN_59ac3090	Global	DEFAULT	ANALYSIS	__fastcall	undefined	1	false	\N	false	59ac3090-59ac309e	\N	\N	undefined __fastcall FUN_59ac3090(void * param_1)
59ac30a4	FUN_59ac30a4	FUN_59ac30a4	Global	DEFAULT	ANALYSIS	__thiscall	undefined4	4	false	\N	false	59ac30a4-59ac30eb	\N	\N	undefined4 __thiscall FUN_59ac30a4(undefined4 * param_1, uint param_2, undefined4 * param_3)
59ac30f1	thunk_FUN_59ac3090	thunk_FUN_59ac3090	Global	DEFAULT	ANALYSIS	__fastcall	undefined	1	true	FUN_59ac3090	false	59ac30f1-59ac30f5	\N	\N	undefined __fastcall thunk_FUN_59ac3090(void * param_1)
59ac3242	FUN_59ac3242	FUN_59ac3242	Global	DEFAULT	ANALYSIS	__thiscall	undefined4	2	false	\N	false	59ac3242-59ac329f	\N	\N	undefined4 __thiscall FUN_59ac3242(ushort * param_1)
59ac32a5	FUN_59ac32a5	FUN_59ac32a5	Global	DEFAULT	ANALYSIS	__thiscall	undefined4	2	false	\N	false	59ac32a5-59ac32de	\N	\N	undefined4 __thiscall FUN_59ac32a5(short * param_1)
59ac32e4	FUN_59ac32e4	FUN_59ac32e4	Global	DEFAULT	ANALYSIS	__cdecl	undefined4	1	false	\N	false	59ac32e4-59ac3311	\N	\N	undefined4 __cdecl FUN_59ac32e4(undefined4 param_1)
59ac3343	FUN_59ac3343	FUN_59ac3343	Global	DEFAULT	ANALYSIS	__thiscall	undefined	8	false	\N	false	59ac3343-59ac3388	\N	\N	undefined __thiscall FUN_59ac3343(undefined4 param_1, undefined4 param_2, undefined4 param_3, undefined4 param_4, undefined4 param_5, undefined4 param_6, undefined4 param_7)
59ac338e	FUN_59ac338e	FUN_59ac338e	Global	DEFAULT	ANALYSIS	__thiscall	undefined	2	false	\N	false	59ac338e-59ac33c1	\N	\N	undefined __thiscall FUN_59ac338e(int param_1)
59ac33c7	FUN_59ac33c7	FUN_59ac33c7	Global	DEFAULT	ANALYSIS	__thiscall	undefined4	3	false	\N	false	59ac33c7-59ac33f7	\N	\N	undefined4 __thiscall FUN_59ac33c7(wchar_t * param_1, size_t param_2)
59ac33fd	FUN_59ac33fd	FUN_59ac33fd	Global	DEFAULT	ANALYSIS	__fastcall	undefined	1	false	\N	false	59ac33fd-59ac367a	\N	\N	undefined __fastcall FUN_59ac33fd(undefined4 * param_1)
59ac3680	FUN_59ac3680	FUN_59ac3680	Global	DEFAULT	ANALYSIS	__thiscall	undefined	3	false	\N	false	59ac3680-59ac36e7	\N	\N	undefined __thiscall FUN_59ac3680(LPCSTR param_1, undefined4 param_2)
59ac3706	FUN_59ac3706	FUN_59ac3706	Global	DEFAULT	ANALYSIS	__cdecl	uint	1	false	\N	false	59ac3706-59ac3748	\N	\N	uint __cdecl FUN_59ac3706(uint param_1)
59ac374e	FUN_59ac374e	FUN_59ac374e	Global	DEFAULT	ANALYSIS	__thiscall	undefined4	2	false	\N	false	59ac374e-59ac37b2	\N	\N	undefined4 __thiscall FUN_59ac374e(uint param_1)
59ac37c5	FUN_59ac37c5	FUN_59ac37c5	Global	DEFAULT	ANALYSIS	__cdecl	undefined	2	false	\N	false	59ac37c5-59ac37ff	\N	\N	undefined __cdecl FUN_59ac37c5(undefined4 * param_1, undefined4 param_2)
59ac3805	FUN_59ac3805	FUN_59ac3805	Global	DEFAULT	ANALYSIS	__thiscall	undefined	2	false	\N	false	59ac3805-59ac3865	\N	\N	undefined __thiscall FUN_59ac3805(wchar_t * param_1)
59ac386b	FUN_59ac386b	FUN_59ac386b	Global	DEFAULT	ANALYSIS	__thiscall	undefined	2	false	\N	false	59ac386b-59ac38cb	\N	\N	undefined __thiscall FUN_59ac386b(wchar_t * param_1)
59ac38d1	FUN_59ac38d1	FUN_59ac38d1	Global	DEFAULT	ANALYSIS	__cdecl	undefined4	2	false	\N	false	59ac38d1-59ac38ef	\N	\N	undefined4 __cdecl FUN_59ac38d1(int param_1, byte param_2)
59ac38f5	FUN_59ac38f5	FUN_59ac38f5	Global	DEFAULT	ANALYSIS	__cdecl	int	2	false	\N	false	59ac38f5-59ac3917	\N	\N	int __cdecl FUN_59ac38f5(uint param_1, void * param_2)
59ac391d	FUN_59ac391d	FUN_59ac391d	Global	DEFAULT	ANALYSIS	__fastcall	undefined4 *	1	false	\N	false	59ac391d-59ac3948	\N	\N	undefined4 * __fastcall FUN_59ac391d(undefined4 * param_1)
59ac3958	FUN_59ac3958	FUN_59ac3958	Global	DEFAULT	ANALYSIS	__fastcall	undefined	1	false	\N	false	59ac3958-59ac3970	\N	\N	undefined __fastcall FUN_59ac3958(undefined4 * param_1)
59ac3976	FUN_59ac3976	FUN_59ac3976	Global	DEFAULT	ANALYSIS	__thiscall	undefined4	2	false	\N	false	59ac3976-59ac39b9	\N	\N	undefined4 __thiscall FUN_59ac3976(void * param_1)
59ac39bf	FUN_59ac39bf	FUN_59ac39bf	Global	DEFAULT	ANALYSIS	__thiscall	undefined4	3	false	\N	false	59ac39bf-59ac3a2d	\N	\N	undefined4 __thiscall FUN_59ac39bf(int * param_1, uint param_2)
59ac3a33	FUN_59ac3a33	FUN_59ac3a33	Global	DEFAULT	ANALYSIS	__fastcall	undefined	1	false	\N	false	59ac3a33-59ac3a51	\N	\N	undefined __fastcall FUN_59ac3a33(undefined4 * param_1)
59ac3a57	FUN_59ac3a57	FUN_59ac3a57	Global	DEFAULT	ANALYSIS	__cdecl	undefined	8	false	\N	false	59ac3a57-59ac3b66	\N	\N	undefined __cdecl FUN_59ac3a57(wchar_t * param_1, wchar_t * param_2, undefined4 param_3, undefined4 param_4, undefined4 * param_5, wchar_t * param_6, size_t param_7, undefined4 * param_8)
59ac3b6c	FUN_59ac3b6c	FUN_59ac3b6c	Global	DEFAULT	ANALYSIS	__thiscall	undefined4	2	false	\N	false	59ac3b6c-59ac3bb5	\N	\N	undefined4 __thiscall FUN_59ac3b6c(void * param_1)
59ac3bbb	FUN_59ac3bbb	FUN_59ac3bbb	Global	DEFAULT	ANALYSIS	__thiscall	undefined4	3	false	\N	false	59ac3bbb-59ac3bfb	\N	\N	undefined4 __thiscall FUN_59ac3bbb(int * param_1, uint param_2)
59ac3c01	FUN_59ac3c01	FUN_59ac3c01	Global	DEFAULT	ANALYSIS	__thiscall	undefined4	2	false	\N	false	59ac3c01-59ac3c41	\N	\N	undefined4 __thiscall FUN_59ac3c01(undefined4 * param_1)
59ac3cef	FUN_59ac3cef	FUN_59ac3cef	Global	DEFAULT	ANALYSIS	__fastcall	undefined	1	false	\N	false	59ac3cef-59ac3d23	\N	\N	undefined __fastcall FUN_59ac3cef(void * param_1)
59ac3d29	FUN_59ac3d29	FUN_59ac3d29	Global	DEFAULT	ANALYSIS	__fastcall	int	1	false	\N	false	59ac3d29-59ac3d4e	\N	\N	int __fastcall FUN_59ac3d29(undefined4 * param_1)
59ac3d54	FUN_59ac3d54	FUN_59ac3d54	Global	DEFAULT	ANALYSIS	__thiscall	undefined	3	false	\N	false	59ac3d54-59ac3d79	\N	\N	undefined __thiscall FUN_59ac3d54(undefined4 * param_1, undefined4 * param_2)
59ac3d7f	FUN_59ac3d7f	FUN_59ac3d7f	Global	DEFAULT	ANALYSIS	__cdecl	undefined	8	false	\N	false	59ac3d7f-59ac3d89	\N	\N	undefined __cdecl FUN_59ac3d7f(wchar_t * param_1, wchar_t * param_2, undefined4 param_3, undefined4 param_4, undefined4 * param_5, wchar_t * param_6, size_t param_7, undefined4 * param_8)
59ac3d8f	FUN_59ac3d8f	FUN_59ac3d8f	Global	DEFAULT	ANALYSIS	__fastcall	undefined4	1	false	\N	false	59ac3d8f-59ac3e81	\N	\N	undefined4 __fastcall FUN_59ac3d8f(undefined4 * param_1)
59ac3e87	FUN_59ac3e87	FUN_59ac3e87	Global	DEFAULT	ANALYSIS	__fastcall	undefined4	1	false	\N	false	59ac3e87-59ac40bb	\N	\N	undefined4 __fastcall FUN_59ac3e87(undefined4 * param_1)
59ac40c1	FUN_59ac40c1	FUN_59ac40c1	Global	DEFAULT	ANALYSIS	__thiscall	int	2	false	\N	false	59ac40c1-59ac429f	\N	\N	int __thiscall FUN_59ac40c1(int * param_1)
59ac42a5	FUN_59ac42a5	FUN_59ac42a5	Global	DEFAULT	ANALYSIS	__fastcall	undefined4	2	false	\N	false	59ac42a5-59ac42cd	\N	\N	undefined4 __fastcall FUN_59ac42a5(int * param_1, uint param_2)
59ac42d3	FUN_59ac42d3	FUN_59ac42d3	Global	DEFAULT	ANALYSIS	__fastcall	undefined4	2	false	\N	false	59ac42d3-59ac42f8	\N	\N	undefined4 __fastcall FUN_59ac42d3(int * param_1, uint param_2)
59ac42fe	FUN_59ac42fe	FUN_59ac42fe	Global	DEFAULT	ANALYSIS	__thiscall	undefined	3	false	\N	false	59ac42fe-59ac4372	\N	\N	undefined __thiscall FUN_59ac42fe(wchar_t * param_1, undefined4 param_2)
59ac4378	FUN_59ac4378	FUN_59ac4378	Global	DEFAULT	ANALYSIS	__thiscall	undefined4	2	false	\N	false	59ac4378-59ac43af	\N	\N	undefined4 __thiscall FUN_59ac4378(uint param_1)
59ac43b5	FUN_59ac43b5	FUN_59ac43b5	Global	DEFAULT	ANALYSIS	__thiscall	void *	3	false	\N	false	59ac43b5-59ac4407	\N	\N	void * __thiscall FUN_59ac43b5(undefined4 param_1, undefined4 param_2)
59ac440d	FUN_59ac440d	FUN_59ac440d	Global	DEFAULT	ANALYSIS	__thiscall	undefined	2	false	\N	false	59ac440d-59ac442c	\N	\N	undefined __thiscall FUN_59ac440d(undefined4 param_1)
59ac443f	FUN_59ac443f	FUN_59ac443f	Global	DEFAULT	ANALYSIS	__thiscall	undefined	3	false	\N	false	59ac443f-59ac4468	\N	\N	undefined __thiscall FUN_59ac443f(int * param_1, undefined4 * param_2)
59ac446e	FUN_59ac446e	FUN_59ac446e	Global	DEFAULT	ANALYSIS	__fastcall	undefined	1	false	\N	false	59ac446e-59ac448f	\N	\N	undefined __fastcall FUN_59ac446e(undefined4 * param_1)
59ac4495	FUN_59ac4495	FUN_59ac4495	Global	DEFAULT	ANALYSIS	__fastcall	undefined	1	false	\N	false	59ac4495-59ac4512	\N	\N	undefined __fastcall FUN_59ac4495(undefined4 * param_1)
59ac45b1	FUN_59ac45b1	FUN_59ac45b1	Global	DEFAULT	ANALYSIS	__fastcall	undefined4	1	false	\N	false	59ac45b1-59ac45e0	\N	\N	undefined4 __fastcall FUN_59ac45b1(int param_1)
59ac45e6	FUN_59ac45e6	FUN_59ac45e6	Global	DEFAULT	ANALYSIS	__thiscall	undefined4	3	false	\N	false	59ac45e6-59ac46a7	\N	\N	undefined4 __thiscall FUN_59ac45e6(int * param_1, uint param_2)
59ac46ad	FUN_59ac46ad	FUN_59ac46ad	Global	DEFAULT	ANALYSIS	__fastcall	undefined	1	false	\N	false	59ac46ad-59ac46de	\N	\N	undefined __fastcall FUN_59ac46ad(void * param_1)
59ac46e4	FUN_59ac46e4	FUN_59ac46e4	Global	DEFAULT	ANALYSIS	__thiscall	void *	2	false	\N	false	59ac46e4-59ac4701	\N	\N	void * __thiscall FUN_59ac46e4(byte param_1)
59ac4707	FUN_59ac4707	FUN_59ac4707	Global	DEFAULT	ANALYSIS	__fastcall	undefined4	1	false	\N	false	59ac4707-59ac4794	\N	\N	undefined4 __fastcall FUN_59ac4707(void * param_1)
59ac479a	FUN_59ac479a	FUN_59ac479a	Global	DEFAULT	ANALYSIS	__fastcall	bool	2	false	\N	false	59ac479a-59ac47c7	\N	\N	bool __fastcall FUN_59ac479a(int * param_1, uint param_2)
59ac47cd	FUN_59ac47cd	FUN_59ac47cd	Global	DEFAULT	ANALYSIS	__fastcall	undefined4	1	false	\N	false	59ac47cd-59ac487e	\N	\N	undefined4 __fastcall FUN_59ac47cd(int * param_1)
59ac4884	FUN_59ac4884	FUN_59ac4884	Global	DEFAULT	ANALYSIS	__thiscall	bool	2	false	\N	false	59ac4884-59ac48c7	\N	\N	bool __thiscall FUN_59ac4884(void * param_1)
59ac48cd	FUN_59ac48cd	FUN_59ac48cd	Global	DEFAULT	ANALYSIS	__thiscall	void *	3	false	\N	false	59ac48cd-59ac4951	\N	\N	void * __thiscall FUN_59ac48cd(undefined4 param_1, wchar_t * param_2)
59ac496c	FUN_59ac496c	FUN_59ac496c	Global	DEFAULT	ANALYSIS	__thiscall	undefined4	3	false	\N	false	59ac496c-59ac49cf	\N	\N	undefined4 __thiscall FUN_59ac496c(uint param_1, undefined4 param_2)
59ac49d5	FUN_59ac49d5	FUN_59ac49d5	Global	DEFAULT	ANALYSIS	__fastcall	undefined4	1	false	\N	false	59ac49d5-59ac4a59	\N	\N	undefined4 __fastcall FUN_59ac49d5(int param_1)
59ac4b12	FUN_59ac4b12	FUN_59ac4b12	Global	DEFAULT	ANALYSIS	__thiscall	void *	2	false	\N	false	59ac4b12-59ac4b32	\N	\N	void * __thiscall FUN_59ac4b12(byte param_1)
59ac4b38	FUN_59ac4b38	FUN_59ac4b38	Global	DEFAULT	ANALYSIS	__fastcall	undefined4	1	false	\N	false	59ac4b38-59ac4b6f	\N	\N	undefined4 __fastcall FUN_59ac4b38(undefined4 * param_1)
59ac4b75	FUN_59ac4b75	FUN_59ac4b75	Global	DEFAULT	ANALYSIS	__thiscall	undefined4	3	false	\N	false	59ac4b75-59ac4c11	\N	\N	undefined4 __thiscall FUN_59ac4b75(int * param_1, uint param_2)
59ac4c17	FUN_59ac4c17	FUN_59ac4c17	Global	DEFAULT	ANALYSIS	__stdcall	undefined4	5	false	\N	false	59ac4c17-59ac4d2b	\N	\N	undefined4 __stdcall FUN_59ac4c17(uint * param_1, wchar_t * param_2, undefined4 * param_3, wchar_t * param_4, size_t param_5)
59ac4d77	FUN_59ac4d77	FUN_59ac4d77	Global	DEFAULT	ANALYSIS	__cdecl	undefined4	8	false	\N	false	59ac4d77-59ac4fdb	\N	\N	undefined4 __cdecl FUN_59ac4d77(wchar_t * param_1, char * param_2, int param_3, int param_4, undefined4 * param_5, wchar_t * param_6, size_t param_7, undefined4 * param_8)
59ac4fe1	FUN_59ac4fe1	FUN_59ac4fe1	Global	DEFAULT	ANALYSIS	__cdecl	undefined4	7	false	\N	false	59ac4fe1-59ac51ec	\N	\N	undefined4 __cdecl FUN_59ac4fe1(undefined4 * param_1, char * param_2, int param_3, undefined4 * param_4, wchar_t * param_5, size_t param_6, undefined4 * param_7)
59ac51f2	FUN_59ac51f2	FUN_59ac51f2	Global	DEFAULT	ANALYSIS	__cdecl	undefined	9	false	\N	false	59ac51f2-59ac5334	\N	\N	undefined __cdecl FUN_59ac51f2(wchar_t * param_1, char * param_2, int * param_3, int param_4, uint param_5, undefined4 * param_6, wchar_t * param_7, size_t param_8, undefined4 * param_9)
59ac533a	FUN_59ac533a	FUN_59ac533a	Global	DEFAULT	ANALYSIS	__cdecl	undefined	9	false	\N	false	59ac533a-59ac5557	\N	\N	undefined __cdecl FUN_59ac533a(wchar_t * param_1, wchar_t * param_2, char * param_3, int * param_4, uint param_5, undefined4 * param_6, wchar_t * param_7, undefined4 param_8, int * param_9)
59ac555d	FUN_59ac555d	FUN_59ac555d	Global	DEFAULT	ANALYSIS	__cdecl	undefined	6	false	\N	false	59ac555d-59ac5663	\N	\N	undefined __cdecl FUN_59ac555d(wchar_t * param_1, int param_2, int * param_3, int param_4, undefined4 param_5, byte param_6)
59ac5669	FUN_59ac5669	FUN_59ac5669	Global	DEFAULT	ANALYSIS	__cdecl	undefined	6	false	\N	false	59ac5669-59ac5690	\N	\N	undefined __cdecl FUN_59ac5669(wchar_t * param_1, char * param_2, undefined4 * param_3, wchar_t * param_4, size_t param_5, undefined4 * param_6)
59ac5696	FUN_59ac5696	FUN_59ac5696	Global	DEFAULT	ANALYSIS	__cdecl	undefined	9	false	\N	false	59ac5696-59ac56a0	\N	\N	undefined __cdecl FUN_59ac5696(wchar_t * param_1, char * param_2, int * param_3, int param_4, uint param_5, undefined4 * param_6, wchar_t * param_7, size_t param_8, undefined4 * param_9)
59ac56a6	OpenInStream	PDB::OpenInStream	PDB	ANALYSIS	IMPORTED	__cdecl	int	6	false	\N	false	59ac56a6-59ac56cb	Library Function - Single Match\n public: static int __cdecl PDB::OpenInStream(struct IStream *,char const *,long *,unsigned short *,unsigned int,struct PDB * *)\n\nLibraries: Visual Studio 2017 Release, Visual Studio 2019 Release	\N	int __cdecl OpenInStream(IStream * param_1, char * param_2, long * param_3, ushort * param_4, uint param_5, PDB * * param_6)
59ac59f1	FUN_59ac59f1	FUN_59ac59f1	Global	DEFAULT	ANALYSIS	__cdecl	undefined	2	false	\N	false	59ac59f1-59ac5a13	\N	\N	undefined __cdecl FUN_59ac59f1(char * param_1, int param_2)
59ac5a19	FUN_59ac5a19	FUN_59ac5a19	Global	DEFAULT	ANALYSIS	__thiscall	int	2	false	\N	false	59ac5a19-59ac5a35	\N	\N	int __thiscall FUN_59ac5a19(uint param_1)
59ac5a3b	FUN_59ac5a3b	FUN_59ac5a3b	Global	DEFAULT	ANALYSIS	__cdecl	char *	2	false	\N	false	59ac5a3b-59ac5abc	\N	\N	char * __cdecl FUN_59ac5a3b(ushort * param_1, uint * param_2)
59ac5b12	FUN_59ac5b12	FUN_59ac5b12	Global	DEFAULT	ANALYSIS	__cdecl	uint	1	false	\N	false	59ac5b12-59ac5bc5	\N	\N	uint __cdecl FUN_59ac5b12(uint param_1)
59ac5bcb	FUN_59ac5bcb	FUN_59ac5bcb	Global	DEFAULT	ANALYSIS	__cdecl	uint	1	false	\N	false	59ac5bcb-59ac5d4e	\N	\N	uint __cdecl FUN_59ac5bcb(uint param_1)
59ac5de8	FUN_59ac5de8	FUN_59ac5de8	Global	DEFAULT	ANALYSIS	__cdecl	undefined	2	false	\N	false	59ac5de8-59ac5e12	\N	\N	undefined __cdecl FUN_59ac5de8(byte * param_1, byte * param_2)
59ac5e18	FUN_59ac5e18	FUN_59ac5e18	Global	DEFAULT	ANALYSIS	__cdecl	byte *	1	false	\N	false	59ac5e18-59ac5e3a	\N	\N	byte * __cdecl FUN_59ac5e18(byte * param_1)
59ac5e40	FUN_59ac5e40	FUN_59ac5e40	Global	DEFAULT	ANALYSIS	__fastcall	undefined	1	false	\N	false	59ac5e40-59ac5e5b	\N	\N	undefined __fastcall FUN_59ac5e40(int param_1)
59ac5e61	FUN_59ac5e61	FUN_59ac5e61	Global	DEFAULT	ANALYSIS	__cdecl	bool	1	false	\N	false	59ac5e61-59ac5e79	\N	\N	bool __cdecl FUN_59ac5e61(int param_1)
59ac5e7f	FUN_59ac5e7f	FUN_59ac5e7f	Global	DEFAULT	ANALYSIS	__cdecl	undefined4	1	false	\N	false	59ac5e7f-59ac5f21	\N	\N	undefined4 __cdecl FUN_59ac5e7f(ushort * param_1)
59ac5f27	FUN_59ac5f27	FUN_59ac5f27	Global	DEFAULT	ANALYSIS	__cdecl	undefined4	1	false	\N	false	59ac5f27-59ac606b	\N	\N	undefined4 __cdecl FUN_59ac5f27(ushort * param_1)
59ac6071	FUN_59ac6071	FUN_59ac6071	Global	DEFAULT	ANALYSIS	__cdecl	undefined4	1	false	\N	false	59ac6071-59ac60fb	\N	\N	undefined4 __cdecl FUN_59ac6071(ushort * param_1)
59ac6101	FUN_59ac6101	FUN_59ac6101	Global	DEFAULT	ANALYSIS	__thiscall	bool	2	false	\N	false	59ac6101-59ac61ce	\N	\N	bool __thiscall FUN_59ac6101(int param_1)
59ac61dc	FUN_59ac61dc	FUN_59ac61dc	Global	DEFAULT	ANALYSIS	__thiscall	undefined4 *	2	false	\N	false	59ac61dc-59ac620d	\N	\N	undefined4 * __thiscall FUN_59ac61dc(int param_1)
59ac6213	FUN_59ac6213	FUN_59ac6213	Global	DEFAULT	ANALYSIS	__thiscall	undefined4 *	2	false	\N	false	59ac6213-59ac623e	\N	\N	undefined4 * __thiscall FUN_59ac6213(int param_1)
59ac6244	FUN_59ac6244	FUN_59ac6244	Global	DEFAULT	ANALYSIS	__cdecl	undefined	4	false	\N	false	59ac6244-59ac62ff	\N	\N	undefined __cdecl FUN_59ac6244(LPCSTR param_1, char * param_2, int param_3, uint param_4)
59ac6305	FUN_59ac6305	FUN_59ac6305	Global	DEFAULT	ANALYSIS	__cdecl	undefined	3	false	\N	false	59ac6305-59ac6348	\N	\N	undefined __cdecl FUN_59ac6305(byte * param_1, int param_2, uint param_3)
59ac634e	FUN_59ac634e	FUN_59ac634e	Global	DEFAULT	ANALYSIS	__cdecl	undefined	3	false	\N	false	59ac634e-59ac6545	\N	\N	undefined __cdecl FUN_59ac634e(ushort * param_1, ushort * param_2, int param_3)
59ac654b	FUN_59ac654b	FUN_59ac654b	Global	DEFAULT	ANALYSIS	__thiscall	undefined4	3	false	\N	false	59ac654b-59ac65cf	\N	\N	undefined4 __thiscall FUN_59ac654b(void * param_1, int * param_2)
59ac65d5	FUN_59ac65d5	FUN_59ac65d5	Global	DEFAULT	ANALYSIS	__cdecl	undefined4	5	false	\N	false	59ac65d5-59ac66a9	\N	\N	undefined4 __cdecl FUN_59ac65d5(ushort * param_1, int param_2, void * param_3, int * param_4, void * param_5)
59ac66af	FUN_59ac66af	FUN_59ac66af	Global	DEFAULT	ANALYSIS	__cdecl	undefined4	4	false	\N	false	59ac66af-59ac674b	\N	\N	undefined4 __cdecl FUN_59ac66af(uint * param_1, size_t param_2, undefined4 * param_3, size_t * param_4)
59ac6751	FUN_59ac6751	FUN_59ac6751	Global	DEFAULT	ANALYSIS	__thiscall	undefined4	3	false	\N	false	59ac6751-59ac67b7	\N	\N	undefined4 __thiscall FUN_59ac6751(SIZE_T param_1, undefined4 * param_2)
59ac67bd	FUN_59ac67bd	FUN_59ac67bd	Global	DEFAULT	ANALYSIS	__thiscall	bool	3	false	\N	false	59ac67bd-59ac67e5	\N	\N	bool __thiscall FUN_59ac67bd(LPVOID param_1, SIZE_T param_2)
59ac67eb	FUN_59ac67eb	FUN_59ac67eb	Global	DEFAULT	ANALYSIS	__cdecl	undefined	1	false	\N	false	59ac67eb-59ac6805	\N	\N	undefined __cdecl FUN_59ac67eb(byte * param_1)
59ac680b	FUN_59ac680b	FUN_59ac680b	Global	DEFAULT	ANALYSIS	__cdecl	typedef LPWSTR WCHAR *	3	false	\N	false	59ac680b-59ac6838	\N	\N	LPWSTR __cdecl FUN_59ac680b(LPCSTR param_1, LPWSTR param_2, int param_3)
59ac683e	FUN_59ac683e	FUN_59ac683e	Global	DEFAULT	ANALYSIS	__cdecl	uint	3	false	\N	false	59ac683e-59ac68bc	\N	\N	uint __cdecl FUN_59ac683e(uint * param_1, uint param_2, uint param_3)
59ac68e2	FUN_59ac68e2	FUN_59ac68e2	Global	DEFAULT	ANALYSIS	__thiscall	void *	2	false	\N	false	59ac68e2-59ac6914	\N	\N	void * __thiscall FUN_59ac68e2(uint param_1)
59ac691a	FUN_59ac691a	FUN_59ac691a	Global	DEFAULT	ANALYSIS	__fastcall	undefined	1	false	\N	false	59ac691a-59ac6946	\N	\N	undefined __fastcall FUN_59ac691a(int * param_1)
59ac694c	FUN_59ac694c	FUN_59ac694c	Global	DEFAULT	ANALYSIS	__thiscall	undefined4	2	false	\N	false	59ac694c-59ac6a53	\N	\N	undefined4 __thiscall FUN_59ac694c(int * param_1)
59ac6a59	FUN_59ac6a59	FUN_59ac6a59	Global	DEFAULT	ANALYSIS	__thiscall	bool	3	false	\N	false	59ac6a59-59ac6a9f	\N	\N	bool __thiscall FUN_59ac6a59(char * param_1, int * param_2)
59ac6aa5	FUN_59ac6aa5	FUN_59ac6aa5	Global	DEFAULT	ANALYSIS	__cdecl	undefined	1	false	\N	false	59ac6aa5-59ac6ac4	\N	\N	undefined __cdecl FUN_59ac6aa5(uint * param_1)
59ac6aca	FUN_59ac6aca	FUN_59ac6aca	Global	DEFAULT	ANALYSIS	__fastcall	typedef BOOL int	1	false	\N	false	59ac6aca-59ac6af4	\N	\N	BOOL __fastcall FUN_59ac6aca(undefined4 * param_1)
59ac6b17	FUN_59ac6b17	FUN_59ac6b17	Global	DEFAULT	ANALYSIS	__thiscall	undefined	3	false	\N	false	59ac6b17-59ac6b8b	\N	\N	undefined __thiscall FUN_59ac6b17(wchar_t * param_1, undefined4 param_2)
59ac6b91	FUN_59ac6b91	FUN_59ac6b91	Global	DEFAULT	ANALYSIS	__thiscall	undefined	3	false	\N	false	59ac6b91-59ac6c05	\N	\N	undefined __thiscall FUN_59ac6b91(wchar_t * param_1, undefined4 param_2)
59ac6c0b	FUN_59ac6c0b	FUN_59ac6c0b	Global	DEFAULT	ANALYSIS	__thiscall	void *	2	false	\N	false	59ac6c0b-59ac6c5a	\N	\N	void * __thiscall FUN_59ac6c0b(uint param_1)
59ac6c60	FUN_59ac6c60	FUN_59ac6c60	Global	DEFAULT	ANALYSIS	__fastcall	undefined	1	false	\N	false	59ac6c60-59ac6c9d	\N	\N	undefined __fastcall FUN_59ac6c60(undefined4 * param_1)
59ac6ca3	FUN_59ac6ca3	FUN_59ac6ca3	Global	DEFAULT	ANALYSIS	__thiscall	undefined4	2	false	\N	false	59ac6ca3-59ac6ccf	\N	\N	undefined4 __thiscall FUN_59ac6ca3(uint param_1)
59ac6ce4	FUN_59ac6ce4	FUN_59ac6ce4	Global	DEFAULT	ANALYSIS	__fastcall	undefined4	1	false	\N	false	59ac6ce4-59ac6d6e	\N	\N	undefined4 __fastcall FUN_59ac6ce4(int * param_1)
59ac6d74	FUN_59ac6d74	FUN_59ac6d74	Global	DEFAULT	ANALYSIS	__fastcall	undefined4	1	false	\N	false	59ac6d74-59ac6ddb	\N	\N	undefined4 __fastcall FUN_59ac6d74(void * param_1)
59ac6de1	FUN_59ac6de1	FUN_59ac6de1	Global	DEFAULT	ANALYSIS	__thiscall	undefined	4	false	\N	false	59ac6de1-59ac6e11	\N	\N	undefined __thiscall FUN_59ac6de1(undefined1 param_1, undefined4 param_2, undefined4 param_3)
59ac6e17	FUN_59ac6e17	FUN_59ac6e17	Global	DEFAULT	ANALYSIS	__fastcall	undefined	1	false	\N	false	59ac6e17-59ac6e4d	\N	\N	undefined __fastcall FUN_59ac6e17(int * param_1)
59ac6e53	FUN_59ac6e53	FUN_59ac6e53	Global	DEFAULT	ANALYSIS	__cdecl	undefined	3	false	\N	false	59ac6e53-59ac6ec5	\N	\N	undefined __cdecl FUN_59ac6e53(LPCSTR param_1, int param_2, uint param_3)
59ac6ecb	FUN_59ac6ecb	FUN_59ac6ecb	Global	DEFAULT	ANALYSIS	__cdecl	undefined	2	false	\N	false	59ac6ecb-59ac6ef2	\N	\N	undefined __cdecl FUN_59ac6ecb(LPCSTR param_1, undefined4 * param_2)
59ac6ef8	FUN_59ac6ef8	FUN_59ac6ef8	Global	DEFAULT	ANALYSIS	__fastcall	undefined	1	false	\N	false	59ac6ef8-59ac6f37	\N	\N	undefined __fastcall FUN_59ac6ef8(int * param_1)
59ac6f3d	FUN_59ac6f3d	FUN_59ac6f3d	Global	DEFAULT	ANALYSIS	__fastcall	undefined4 *	1	false	\N	false	59ac6f3d-59ac6f5e	\N	\N	undefined4 * __fastcall FUN_59ac6f3d(undefined4 * param_1)
59ac6f64	FUN_59ac6f64	FUN_59ac6f64	Global	DEFAULT	ANALYSIS	__fastcall	undefined	1	false	\N	false	59ac6f64-59ac6f80	\N	\N	undefined __fastcall FUN_59ac6f64(undefined4 * param_1)
59ac6f86	FUN_59ac6f86	FUN_59ac6f86	Global	DEFAULT	ANALYSIS	__thiscall	undefined4	3	false	\N	false	59ac6f86-59ac6ffd	\N	\N	undefined4 __thiscall FUN_59ac6f86(uint param_1, uint * param_2)
59ac7003	FUN_59ac7003	FUN_59ac7003	Global	DEFAULT	ANALYSIS	__fastcall	int *	1	false	\N	false	59ac7003-59ac7052	\N	\N	int * __fastcall FUN_59ac7003(int * param_1)
59ac7058	FUN_59ac7058	FUN_59ac7058	Global	DEFAULT	ANALYSIS	__thiscall	undefined4	2	false	\N	false	59ac7058-59ac71c5	\N	\N	undefined4 __thiscall FUN_59ac7058(uint param_1)
59ac71cb	FUN_59ac71cb	FUN_59ac71cb	Global	DEFAULT	ANALYSIS	__fastcall	undefined4 *	1	false	\N	false	59ac71cb-59ac71fd	\N	\N	undefined4 * __fastcall FUN_59ac71cb(undefined4 * param_1)
59ac7203	FUN_59ac7203	FUN_59ac7203	Global	DEFAULT	ANALYSIS	__stdcall	undefined4	0	false	\N	false	59ac7203-59ac7206	\N	\N	undefined4 __stdcall FUN_59ac7203(void)
59ac7247	FUN_59ac7247	FUN_59ac7247	Global	DEFAULT	ANALYSIS	__thiscall	undefined	3	false	\N	false	59ac7247-59ac72bb	\N	\N	undefined __thiscall FUN_59ac7247(LPCSTR param_1, undefined4 param_2)
59ac72c1	FUN_59ac72c1	FUN_59ac72c1	Global	DEFAULT	ANALYSIS	__thiscall	undefined	3	false	\N	false	59ac72c1-59ac7340	\N	\N	undefined __thiscall FUN_59ac72c1(LPCSTR param_1, undefined4 param_2)
59ac73ae	FUN_59ac73ae	FUN_59ac73ae	Global	DEFAULT	ANALYSIS	__cdecl	bool	1	false	\N	false	59ac73ae-59ac73d3	\N	\N	bool __cdecl FUN_59ac73ae(undefined4 * param_1)
59ac73d9	FUN_59ac73d9	FUN_59ac73d9	Global	DEFAULT	ANALYSIS	__fastcall	undefined	1	false	\N	false	59ac73d9-59ac7407	\N	\N	undefined __fastcall FUN_59ac73d9(undefined4 * param_1)
59ac740d	FUN_59ac740d	FUN_59ac740d	Global	DEFAULT	ANALYSIS	__thiscall	void *	2	false	\N	false	59ac740d-59ac742a	\N	\N	void * __thiscall FUN_59ac740d(byte param_1)
59ac7465	FUN_59ac7465	FUN_59ac7465	Global	DEFAULT	ANALYSIS	__thiscall	undefined4	3	false	\N	false	59ac7465-59ac74c8	\N	\N	undefined4 __thiscall FUN_59ac7465(uint param_1, undefined4 param_2)
59ac74ce	FUN_59ac74ce	FUN_59ac74ce	Global	DEFAULT	ANALYSIS	__thiscall	undefined	2	false	\N	false	59ac74ce-59ac74e2	\N	\N	undefined __thiscall FUN_59ac74ce(uint param_1)
59ac74e8	FUN_59ac74e8	FUN_59ac74e8	Global	DEFAULT	ANALYSIS	__thiscall	undefined4	3	false	\N	false	59ac74e8-59ac754b	\N	\N	undefined4 __thiscall FUN_59ac74e8(uint param_1, undefined4 param_2)
59ac7551	FUN_59ac7551	FUN_59ac7551	Global	DEFAULT	ANALYSIS	__thiscall	undefined4	3	false	\N	false	59ac7551-59ac75b4	\N	\N	undefined4 __thiscall FUN_59ac7551(uint param_1, undefined4 param_2)
59ac75ba	FUN_59ac75ba	FUN_59ac75ba	Global	DEFAULT	ANALYSIS	__fastcall	undefined4	1	false	\N	false	59ac75ba-59ac766b	\N	\N	undefined4 __fastcall FUN_59ac75ba(int * param_1)
59ac7671	FUN_59ac7671	FUN_59ac7671	Global	DEFAULT	ANALYSIS	__fastcall	undefined4	1	false	\N	false	59ac7671-59ac7722	\N	\N	undefined4 __fastcall FUN_59ac7671(int * param_1)
59ac7728	FUN_59ac7728	FUN_59ac7728	Global	DEFAULT	ANALYSIS	__thiscall	bool	3	false	\N	false	59ac7728-59ac7759	\N	\N	bool __thiscall FUN_59ac7728(uint param_1, int * param_2)
59ac775f	FUN_59ac775f	FUN_59ac775f	Global	DEFAULT	ANALYSIS	__fastcall	undefined4	1	false	\N	false	59ac775f-59ac7810	\N	\N	undefined4 __fastcall FUN_59ac775f(int * param_1)
59ac7816	FUN_59ac7816	FUN_59ac7816	Global	DEFAULT	ANALYSIS	__thiscall	bool	4	false	\N	false	59ac7816-59ac789a	\N	\N	bool __thiscall FUN_59ac7816(uint param_1, char * param_2, int * param_3)
59ac78a0	FUN_59ac78a0	FUN_59ac78a0	Global	DEFAULT	ANALYSIS	__thiscall	undefined4	4	false	\N	false	59ac78a0-59ac78fc	\N	\N	undefined4 __thiscall FUN_59ac78a0(uint param_1, wchar_t * param_2, undefined4 * param_3)
59ac7902	FUN_59ac7902	FUN_59ac7902	Global	DEFAULT	ANALYSIS	__thiscall	bool	3	false	\N	false	59ac7902-59ac792b	\N	\N	bool __thiscall FUN_59ac7902(undefined4 * param_1, undefined4 * param_2)
59ac7931	FUN_59ac7931	FUN_59ac7931	Global	DEFAULT	ANALYSIS	__thiscall	undefined4 *	2	false	\N	false	59ac7931-59ac7953	\N	\N	undefined4 * __thiscall FUN_59ac7931(undefined4 * param_1)
59ac7959	FUN_59ac7959	FUN_59ac7959	Global	DEFAULT	ANALYSIS	__thiscall	bool	3	false	\N	false	59ac7959-59ac798a	\N	\N	bool __thiscall FUN_59ac7959(undefined4 * param_1, undefined4 * param_2)
59ac7990	FUN_59ac7990	FUN_59ac7990	Global	DEFAULT	ANALYSIS	__thiscall	bool	3	false	\N	false	59ac7990-59ac79c1	\N	\N	bool __thiscall FUN_59ac7990(undefined4 * param_1, undefined4 * param_2)
59ac79c7	FUN_59ac79c7	FUN_59ac79c7	Global	DEFAULT	ANALYSIS	__thiscall	int	2	false	\N	false	59ac79c7-59ac7a0b	\N	\N	int __thiscall FUN_59ac79c7(undefined4 * param_1)
59ac7a11	FUN_59ac7a11	FUN_59ac7a11	Global	DEFAULT	ANALYSIS	__thiscall	bool	4	false	\N	false	59ac7a11-59ac7aa8	\N	\N	bool __thiscall FUN_59ac7a11(uint * param_1, undefined4 * param_2, uint * param_3)
59ac7aae	FUN_59ac7aae	FUN_59ac7aae	Global	DEFAULT	ANALYSIS	__thiscall	undefined4	2	false	\N	false	59ac7aae-59ac7b63	\N	\N	undefined4 __thiscall FUN_59ac7aae(uint param_1)
59ac7b69	FUN_59ac7b69	FUN_59ac7b69	Global	DEFAULT	ANALYSIS	__fastcall	undefined4	1	false	\N	false	59ac7b69-59ac7b8e	\N	\N	undefined4 __fastcall FUN_59ac7b69(void * param_1)
59ac7bbd	FUN_59ac7bbd	FUN_59ac7bbd	Global	DEFAULT	ANALYSIS	__thiscall	bool	3	false	\N	false	59ac7bbd-59ac7bda	\N	\N	bool __thiscall FUN_59ac7bbd(undefined4 * param_1, int * param_2)
59ac7be0	FUN_59ac7be0	FUN_59ac7be0	Global	DEFAULT	ANALYSIS	__thiscall	undefined	3	false	\N	false	59ac7be0-59ac7ca7	\N	\N	undefined __thiscall FUN_59ac7be0(undefined4 * param_1, undefined4 * param_2)
59ac7cad	FUN_59ac7cad	FUN_59ac7cad	Global	DEFAULT	ANALYSIS	__thiscall	undefined4	3	false	\N	false	59ac7cad-59ac7cfc	\N	\N	undefined4 __thiscall FUN_59ac7cad(uint * param_1, int * param_2)
59ac7d02	FUN_59ac7d02	FUN_59ac7d02	Global	DEFAULT	ANALYSIS	__thiscall	undefined4	3	false	\N	false	59ac7d02-59ac7f0f	\N	\N	undefined4 __thiscall FUN_59ac7d02(int * param_1, undefined4 param_2)
59ac7f15	FUN_59ac7f15	FUN_59ac7f15	Global	DEFAULT	ANALYSIS	__thiscall	undefined	3	false	\N	false	59ac7f15-59ac7f89	\N	\N	undefined __thiscall FUN_59ac7f15(LPCSTR param_1, int * param_2)
59ac7f9c	FUN_59ac7f9c	FUN_59ac7f9c	Global	DEFAULT	ANALYSIS	__thiscall	bool	3	false	\N	false	59ac7f9c-59ac7fce	\N	\N	bool __thiscall FUN_59ac7f9c(uint * param_1, uint * param_2)
59ac8262	FUN_59ac8262	FUN_59ac8262	Global	DEFAULT	ANALYSIS	__fastcall	undefined4	1	false	\N	false	59ac8262-59ac82ed	\N	\N	undefined4 __fastcall FUN_59ac8262(int * param_1)
59ac82f3	FUN_59ac82f3	FUN_59ac82f3	Global	DEFAULT	ANALYSIS	__thiscall	undefined4	3	false	\N	false	59ac82f3-59ac83bb	\N	\N	undefined4 __thiscall FUN_59ac82f3(int * param_1, int param_2)
59ac83c1	FUN_59ac83c1	FUN_59ac83c1	Global	DEFAULT	ANALYSIS	__cdecl	undefined4	3	false	\N	false	59ac83c1-59ac8425	\N	\N	undefined4 __cdecl FUN_59ac83c1(int * param_1, int param_2, undefined4 * param_3)
59ac842b	FUN_59ac842b	FUN_59ac842b	Global	DEFAULT	ANALYSIS	__cdecl	undefined	3	false	\N	false	59ac842b-59ac846f	\N	\N	undefined __cdecl FUN_59ac842b(byte * param_1, LPWSTR param_2, int param_3)
59ac8475	FUN_59ac8475	FUN_59ac8475	Global	DEFAULT	ANALYSIS	__cdecl	undefined4	1	false	\N	false	59ac8475-59ac84dd	\N	\N	undefined4 __cdecl FUN_59ac8475(ushort * param_1)
59ac84e3	FUN_59ac84e3	FUN_59ac84e3	Global	DEFAULT	ANALYSIS	__cdecl	uint	1	false	\N	false	59ac84e3-59ac8526	\N	\N	uint __cdecl FUN_59ac84e3(ushort * param_1)
59ac852c	FUN_59ac852c	FUN_59ac852c	Global	DEFAULT	ANALYSIS	__fastcall	undefined4	1	false	\N	false	59ac852c-59ac852e	\N	\N	undefined4 __fastcall FUN_59ac852c(undefined4 * param_1)
59ac8534	FUN_59ac8534	FUN_59ac8534	Global	DEFAULT	ANALYSIS	__fastcall	undefined4	1	false	\N	false	59ac8534-59ac853a	\N	\N	undefined4 __fastcall FUN_59ac8534(int param_1)
59ac8540	FUN_59ac8540	FUN_59ac8540	Global	DEFAULT	ANALYSIS	__thiscall	undefined	2	false	\N	false	59ac8540-59ac854c	\N	\N	undefined __thiscall FUN_59ac8540(undefined4 param_1)
59ac8552	FUN_59ac8552	FUN_59ac8552	Global	DEFAULT	ANALYSIS	__thiscall	undefined	2	false	\N	false	59ac8552-59ac855e	\N	\N	undefined __thiscall FUN_59ac8552(undefined4 param_1)
59ac8564	FUN_59ac8564	FUN_59ac8564	Global	DEFAULT	ANALYSIS	__fastcall	int	1	false	\N	false	59ac8564-59ac8567	\N	\N	int __fastcall FUN_59ac8564(int param_1)
59ac856d	FUN_59ac856d	FUN_59ac856d	Global	DEFAULT	ANALYSIS	__cdecl	undefined	1	false	\N	false	59ac856d-59ac857a	\N	\N	undefined __cdecl FUN_59ac856d(FILE * param_1)
59ac8580	FUN_59ac8580	FUN_59ac8580	Global	DEFAULT	ANALYSIS	__thiscall	bool	7	false	\N	false	59ac8580-59ac8617	\N	\N	bool __thiscall FUN_59ac8580(FILE * param_1, long param_2, int param_3, size_t param_4, void * param_5, char param_6)
59ac861d	FUN_59ac861d	FUN_59ac861d	Global	DEFAULT	ANALYSIS	__thiscall	undefined	5	false	\N	false	59ac861d-59ac863b	\N	\N	undefined __thiscall FUN_59ac861d(FILE * param_1, long param_2, size_t param_3, void * param_4)
59ac8641	FUN_59ac8641	FUN_59ac8641	Global	DEFAULT	ANALYSIS	__thiscall	undefined	2	false	\N	false	59ac8641-59ac865b	\N	\N	undefined __thiscall FUN_59ac8641(undefined4 param_1)
59ac8661	FUN_59ac8661	FUN_59ac8661	Global	DEFAULT	ANALYSIS	__thiscall	undefined	3	false	\N	false	59ac8661-59ac86b6	\N	\N	undefined __thiscall FUN_59ac8661(undefined4 param_1, wchar_t * param_2)
59ac86bc	FUN_59ac86bc	FUN_59ac86bc	Global	DEFAULT	ANALYSIS	__fastcall	undefined	1	false	\N	false	59ac86bc-59ac8903	\N	\N	undefined __fastcall FUN_59ac86bc(undefined4 * param_1)
59ac8909	FUN_59ac8909	FUN_59ac8909	Global	DEFAULT	ANALYSIS	__fastcall	undefined4	1	false	\N	false	59ac8909-59ac8917	\N	\N	undefined4 __fastcall FUN_59ac8909(undefined4 * param_1)
59ac891d	FUN_59ac891d	FUN_59ac891d	Global	DEFAULT	ANALYSIS	__fastcall	undefined	1	false	\N	false	59ac891d-59ac892b	\N	\N	undefined __fastcall FUN_59ac891d(int param_1)
59ac8931	FUN_59ac8931	FUN_59ac8931	Global	DEFAULT	ANALYSIS	__fastcall	undefined	1	false	\N	false	59ac8931-59ac8990	\N	\N	undefined __fastcall FUN_59ac8931(char * param_1)
59ac8996	FUN_59ac8996	FUN_59ac8996	Global	DEFAULT	ANALYSIS	__thiscall	undefined	9	false	\N	false	59ac8996-59ac8b15	\N	\N	undefined __thiscall FUN_59ac8996(undefined4 param_1, int param_2, wchar_t * param_3, int param_4, int param_5, undefined4 param_6, undefined4 param_7, LPWSTR param_8)
59ac8b1b	FUN_59ac8b1b	FUN_59ac8b1b	Global	DEFAULT	ANALYSIS	__fastcall	undefined	1	false	\N	false	59ac8b1b-59ac8bda	\N	\N	undefined __fastcall FUN_59ac8b1b(undefined4 * param_1)
59ac8be0	FUN_59ac8be0	FUN_59ac8be0	Global	DEFAULT	ANALYSIS	__fastcall	undefined	1	false	\N	false	59ac8be0-59ac8c2d	\N	\N	undefined __fastcall FUN_59ac8be0(int param_1)
59ac8c33	FUN_59ac8c33	FUN_59ac8c33	Global	DEFAULT	ANALYSIS	__thiscall	undefined4	3	false	\N	false	59ac8c33-59ac8d8c	\N	\N	undefined4 __thiscall FUN_59ac8c33(int * param_1, LPWSTR param_2)
59ac8d92	FUN_59ac8d92	FUN_59ac8d92	Global	DEFAULT	ANALYSIS	__fastcall	bool	1	false	\N	false	59ac8d92-59ac8dd0	\N	\N	bool __fastcall FUN_59ac8d92(void * param_1)
59ac8dd6	FUN_59ac8dd6	FUN_59ac8dd6	Global	DEFAULT	ANALYSIS	__fastcall	bool	1	false	\N	false	59ac8dd6-59ac8e14	\N	\N	bool __fastcall FUN_59ac8dd6(void * param_1)
59ac8e1a	FUN_59ac8e1a	FUN_59ac8e1a	Global	DEFAULT	ANALYSIS	__fastcall	bool	1	false	\N	false	59ac8e1a-59ac8e58	\N	\N	bool __fastcall FUN_59ac8e1a(void * param_1)
59ac8e5e	FUN_59ac8e5e	FUN_59ac8e5e	Global	DEFAULT	ANALYSIS	__fastcall	bool	1	false	\N	false	59ac8e5e-59ac8e9c	\N	\N	bool __fastcall FUN_59ac8e5e(void * param_1)
59ac8ea2	FUN_59ac8ea2	FUN_59ac8ea2	Global	DEFAULT	ANALYSIS	__fastcall	bool	1	false	\N	false	59ac8ea2-59ac8ee0	\N	\N	bool __fastcall FUN_59ac8ea2(void * param_1)
59ac8ee6	FUN_59ac8ee6	FUN_59ac8ee6	Global	DEFAULT	ANALYSIS	__fastcall	bool	1	false	\N	false	59ac8ee6-59ac8f24	\N	\N	bool __fastcall FUN_59ac8ee6(void * param_1)
59ac8f2a	FUN_59ac8f2a	FUN_59ac8f2a	Global	DEFAULT	ANALYSIS	__thiscall	undefined4	2	false	\N	false	59ac8f2a-59ac8f95	\N	\N	undefined4 __thiscall FUN_59ac8f2a(wchar_t * param_1)
59ac8f9b	FUN_59ac8f9b	FUN_59ac8f9b	Global	DEFAULT	ANALYSIS	__thiscall	undefined	3	false	\N	false	59ac8f9b-59ac8fdb	\N	\N	undefined __thiscall FUN_59ac8f9b(undefined4 param_1, undefined4 param_2)
59ac8fe1	FUN_59ac8fe1	FUN_59ac8fe1	Global	DEFAULT	ANALYSIS	__thiscall	undefined	2	false	\N	false	59ac8fe1-59ac901c	\N	\N	undefined __thiscall FUN_59ac8fe1(undefined4 param_1)
59ac9022	FUN_59ac9022	FUN_59ac9022	Global	DEFAULT	ANALYSIS	__thiscall	undefined	4	false	\N	false	59ac9022-59ac9066	\N	\N	undefined __thiscall FUN_59ac9022(undefined4 param_1, undefined4 param_2, undefined4 param_3)
59ac906c	FUN_59ac906c	FUN_59ac906c	Global	DEFAULT	ANALYSIS	__thiscall	undefined	4	false	\N	false	59ac906c-59ac90b0	\N	\N	undefined __thiscall FUN_59ac906c(undefined4 param_1, undefined4 param_2, undefined4 param_3)
59ac90b6	FUN_59ac90b6	FUN_59ac90b6	Global	DEFAULT	ANALYSIS	__thiscall	undefined	6	false	\N	false	59ac90b6-59ac923f	\N	\N	undefined __thiscall FUN_59ac90b6(int param_1, FILE * param_2, int param_3, int param_4, uint param_5)
59ac9245	FUN_59ac9245	FUN_59ac9245	Global	DEFAULT	ANALYSIS	__thiscall	undefined4	2	false	\N	false	59ac9245-59ac93d6	\N	\N	undefined4 __thiscall FUN_59ac9245(wchar_t * param_1)
59ac93dc	FUN_59ac93dc	FUN_59ac93dc	Global	DEFAULT	ANALYSIS	__thiscall	bool	2	false	\N	false	59ac93dc-59ac9455	\N	\N	bool __thiscall FUN_59ac93dc(wchar_t * param_1)
59ac945b	FUN_59ac945b	FUN_59ac945b	Global	DEFAULT	ANALYSIS	__fastcall	undefined	1	false	\N	false	59ac945b-59ac9544	\N	\N	undefined __fastcall FUN_59ac945b(undefined4 * param_1)
59ac954a	FUN_59ac954a	FUN_59ac954a	Global	DEFAULT	ANALYSIS	__thiscall	undefined	2	false	\N	false	59ac954a-59ac98d0	\N	\N	undefined __thiscall FUN_59ac954a(wchar_t * param_1)
59ac98d6	FUN_59ac98d6	FUN_59ac98d6	Global	DEFAULT	ANALYSIS	__fastcall	undefined	1	false	\N	false	59ac98d6-59ac9953	\N	\N	undefined __fastcall FUN_59ac98d6(void * param_1)
59ac9959	FUN_59ac9959	FUN_59ac9959	Global	DEFAULT	ANALYSIS	__thiscall	undefined	2	false	\N	false	59ac9959-59ac99fe	\N	\N	undefined __thiscall FUN_59ac9959(int param_1)
59ac9a04	FUN_59ac9a04	FUN_59ac9a04	Global	DEFAULT	ANALYSIS	__thiscall	undefined	2	false	\N	false	59ac9a04-59ac9ae9	\N	\N	undefined __thiscall FUN_59ac9a04(wchar_t * param_1)
59ac9aef	FUN_59ac9aef	FUN_59ac9aef	Global	DEFAULT	ANALYSIS	__thiscall	undefined	2	false	\N	false	59ac9aef-59ac9b6f	\N	\N	undefined __thiscall FUN_59ac9aef(int param_1)
59ac9b75	FUN_59ac9b75	FUN_59ac9b75	Global	DEFAULT	ANALYSIS	__thiscall	byte	4	false	\N	false	59ac9b75-59ac9cd1	\N	\N	byte __thiscall FUN_59ac9b75(wchar_t * param_1, wchar_t * param_2, int param_3)
59ac9cd7	FUN_59ac9cd7	FUN_59ac9cd7	Global	DEFAULT	ANALYSIS	__thiscall	char	4	false	\N	false	59ac9cd7-59ac9e33	\N	\N	char __thiscall FUN_59ac9cd7(wchar_t * param_1, wchar_t * param_2, int param_3)
59ac9e39	FUN_59ac9e39	FUN_59ac9e39	Global	DEFAULT	ANALYSIS	__thiscall	undefined	2	false	\N	false	59ac9e39-59ac9f36	\N	\N	undefined __thiscall FUN_59ac9e39(wchar_t * param_1)
59ac9f3c	FUN_59ac9f3c	FUN_59ac9f3c	Global	DEFAULT	ANALYSIS	__fastcall	bool	1	false	\N	false	59ac9f3c-59ac9f80	\N	\N	bool __fastcall FUN_59ac9f3c(void * param_1)
59ac9f86	FUN_59ac9f86	FUN_59ac9f86	Global	DEFAULT	ANALYSIS	__thiscall	undefined	2	false	\N	false	59ac9f86-59aca070	\N	\N	undefined __thiscall FUN_59ac9f86(wchar_t * param_1)
59aca076	FUN_59aca076	FUN_59aca076	Global	DEFAULT	ANALYSIS	__fastcall	bool	1	false	\N	false	59aca076-59aca0ba	\N	\N	bool __fastcall FUN_59aca076(void * param_1)
59aca0c0	FUN_59aca0c0	FUN_59aca0c0	Global	DEFAULT	ANALYSIS	__thiscall	undefined1	2	false	\N	false	59aca0c0-59aca15e	\N	\N	undefined1 __thiscall FUN_59aca0c0(wchar_t * param_1)
59aca164	FUN_59aca164	FUN_59aca164	Global	DEFAULT	ANALYSIS	__thiscall	undefined	2	false	\N	false	59aca164-59aca30a	\N	\N	undefined __thiscall FUN_59aca164(wchar_t * param_1)
59aca373	FUN_59aca373	FUN_59aca373	Global	DEFAULT	ANALYSIS	__cdecl	undefined4	2	false	\N	false	59aca373-59aca39c	\N	\N	undefined4 __cdecl FUN_59aca373(int * param_1, short * param_2)
59aca3a2	FUN_59aca3a2	FUN_59aca3a2	Global	DEFAULT	ANALYSIS	__cdecl	int	2	false	\N	false	59aca3a2-59aca3ca	\N	\N	int __cdecl FUN_59aca3a2(ushort * param_1, ushort * param_2)
59aca3d0	FUN_59aca3d0	FUN_59aca3d0	Global	DEFAULT	ANALYSIS	__thiscall	undefined4	2	false	\N	false	59aca3d0-59aca3e6	\N	\N	undefined4 __thiscall FUN_59aca3d0(uint param_1)
59aca3ec	FUN_59aca3ec	FUN_59aca3ec	Global	DEFAULT	ANALYSIS	__thiscall	bool	2	false	\N	false	59aca3ec-59aca424	\N	\N	bool __thiscall FUN_59aca3ec(uint param_1)
59aca43c	FUN_59aca43c	FUN_59aca43c	Global	DEFAULT	ANALYSIS	__thiscall	undefined4	3	false	\N	false	59aca43c-59aca514	\N	\N	undefined4 __thiscall FUN_59aca43c(void * param_1, char * param_2)
59aca525	FUN_59aca525	FUN_59aca525	Global	DEFAULT	ANALYSIS	__thiscall	undefined	2	false	\N	false	59aca525-59aca538	\N	\N	undefined __thiscall FUN_59aca525(ushort param_1)
59aca53e	FUN_59aca53e	FUN_59aca53e	Global	DEFAULT	ANALYSIS	__thiscall	undefined4	2	false	\N	false	59aca53e-59aca566	\N	\N	undefined4 __thiscall FUN_59aca53e(uint param_1)
59aca56c	FUN_59aca56c	FUN_59aca56c	Global	DEFAULT	ANALYSIS	__cdecl	wchar_t *	1	false	\N	false	59aca56c-59aca5a1	\N	\N	wchar_t * __cdecl FUN_59aca56c(wchar_t * param_1)
59aca5a7	FUN_59aca5a7	FUN_59aca5a7	Global	DEFAULT	ANALYSIS	__thiscall	void *	2	false	\N	false	59aca5a7-59aca5c4	\N	\N	void * __thiscall FUN_59aca5a7(byte param_1)
59aca5ca	FUN_59aca5ca	FUN_59aca5ca	Global	DEFAULT	ANALYSIS	__thiscall	undefined4	2	false	\N	false	59aca5ca-59aca673	\N	\N	undefined4 __thiscall FUN_59aca5ca(int * param_1)
59aca679	FUN_59aca679	FUN_59aca679	Global	DEFAULT	ANALYSIS	__thiscall	bool	5	false	\N	false	59aca679-59aca700	\N	\N	bool __thiscall FUN_59aca679(undefined2 param_1, undefined2 param_2, undefined4 param_3, undefined4 param_4)
59aca7ae	FUN_59aca7ae	FUN_59aca7ae	Global	DEFAULT	ANALYSIS	__thiscall	undefined	7	false	\N	false	59aca7ae-59aca7d2	\N	\N	undefined __thiscall FUN_59aca7ae(undefined4 param_1, undefined4 param_2, undefined4 param_3, undefined4 param_4, undefined4 param_5, undefined4 param_6)
59aca7d8	FUN_59aca7d8	FUN_59aca7d8	Global	DEFAULT	ANALYSIS	__thiscall	uint	3	false	\N	false	59aca7d8-59aca80c	\N	\N	uint __thiscall FUN_59aca7d8(ushort param_1, int param_2)
59aca812	FUN_59aca812	FUN_59aca812	Global	DEFAULT	ANALYSIS	__thiscall	void *	2	false	\N	false	59aca812-59aca82f	\N	\N	void * __thiscall FUN_59aca812(byte param_1)
59aca835	FUN_59aca835	FUN_59aca835	Global	DEFAULT	ANALYSIS	__stdcall	undefined4	5	false	\N	false	59aca835-59aca886	\N	\N	undefined4 __stdcall FUN_59aca835(int * param_1, wchar_t * param_2, int * param_3, uint param_4, int * param_5)
59aca88c	FUN_59aca88c	FUN_59aca88c	Global	DEFAULT	ANALYSIS	__thiscall	undefined	7	false	\N	false	59aca88c-59aca8c1	\N	\N	undefined __thiscall FUN_59aca88c(undefined4 param_1, undefined4 param_2, undefined4 * param_3, undefined4 param_4, undefined4 param_5, undefined4 param_6)
59aca8c7	FUN_59aca8c7	FUN_59aca8c7	Global	DEFAULT	ANALYSIS	__fastcall	undefined	1	false	\N	false	59aca8c7-59aca902	\N	\N	undefined __fastcall FUN_59aca8c7(int * param_1)
59aca908	FUN_59aca908	FUN_59aca908	Global	DEFAULT	ANALYSIS	__cdecl	undefined	3	false	\N	false	59aca908-59aca93d	\N	\N	undefined __cdecl FUN_59aca908(int param_1, int param_2, int param_3)
59aca943	FUN_59aca943	FUN_59aca943	Global	DEFAULT	ANALYSIS	__thiscall	bool	2	false	\N	false	59aca943-59aca960	\N	\N	bool __thiscall FUN_59aca943(int param_1)
59aca966	FUN_59aca966	FUN_59aca966	Global	DEFAULT	ANALYSIS	__fastcall	undefined4	1	false	\N	false	59aca966-59aca982	\N	\N	undefined4 __fastcall FUN_59aca966(int * param_1)
59aca988	FUN_59aca988	FUN_59aca988	Global	DEFAULT	ANALYSIS	__cdecl	int	2	false	\N	false	59aca988-59aca994	\N	\N	int __cdecl FUN_59aca988(int * param_1, int * param_2)
59acaa27	FUN_59acaa27	FUN_59acaa27	Global	DEFAULT	ANALYSIS	__stdcall	undefined	2	false	\N	false	59acaa27-59acab47	\N	\N	undefined __stdcall FUN_59acaa27(uchar * param_1, char * param_2)
59acab4d	FUN_59acab4d	FUN_59acab4d	Global	DEFAULT	ANALYSIS	__stdcall	bool	3	false	\N	false	59acab4d-59acab64	\N	\N	bool __stdcall FUN_59acab4d(uchar * param_1, undefined4 param_2, uchar * param_3)
59acab6a	FUN_59acab6a	FUN_59acab6a	Global	DEFAULT	ANALYSIS	__cdecl	undefined	2	false	\N	false	59acab6a-59acabd2	\N	\N	undefined __cdecl FUN_59acab6a(int * param_1, int * param_2)
59acabde	FUN_59acabde	FUN_59acabde	Global	DEFAULT	ANALYSIS	__fastcall	undefined	1	false	\N	false	59acabde-59acabfd	\N	\N	undefined __fastcall FUN_59acabde(undefined2 * param_1)
59acac3f	FUN_59acac3f	FUN_59acac3f	Global	DEFAULT	ANALYSIS	__thiscall	undefined4	2	false	\N	false	59acac3f-59acac96	\N	\N	undefined4 __thiscall FUN_59acac3f(short * param_1)
59acac9c	FUN_59acac9c	FUN_59acac9c	Global	DEFAULT	ANALYSIS	__thiscall	undefined	2	false	\N	false	59acac9c-59acaccc	\N	\N	undefined __thiscall FUN_59acac9c(undefined2 * param_1)
59acacd2	FUN_59acacd2	FUN_59acacd2	Global	DEFAULT	ANALYSIS	__thiscall	undefined	2	false	\N	false	59acacd2-59acad06	\N	\N	undefined __thiscall FUN_59acacd2(undefined2 * param_1)
59acad0c	FUN_59acad0c	FUN_59acad0c	Global	DEFAULT	ANALYSIS	__cdecl	undefined	2	false	\N	false	59acad0c-59acad20	\N	\N	undefined __cdecl FUN_59acad0c(ushort * param_1, void * param_2)
59acad26	FUN_59acad26	FUN_59acad26	Global	DEFAULT	ANALYSIS	__thiscall	bool	2	false	\N	false	59acad26-59acad4e	\N	\N	bool __thiscall FUN_59acad26(int param_1)
59acad54	FUN_59acad54	FUN_59acad54	Global	DEFAULT	ANALYSIS	__thiscall	byte	2	false	\N	false	59acad54-59acad78	\N	\N	byte __thiscall FUN_59acad54(uint param_1)
59acad7e	FUN_59acad7e	FUN_59acad7e	Global	DEFAULT	ANALYSIS	__thiscall	bool	2	false	\N	false	59acad7e-59acada4	\N	\N	bool __thiscall FUN_59acad7e(uint param_1)
59acadaa	FUN_59acadaa	FUN_59acadaa	Global	DEFAULT	ANALYSIS	__fastcall	undefined	1	false	\N	false	59acadaa-59acadcb	\N	\N	undefined __fastcall FUN_59acadaa(undefined2 * param_1)
59acadd1	FUN_59acadd1	FUN_59acadd1	Global	DEFAULT	ANALYSIS	__thiscall	undefined	2	false	\N	false	59acadd1-59acae0c	\N	\N	undefined __thiscall FUN_59acadd1(undefined2 * param_1)
59acae12	FUN_59acae12	FUN_59acae12	Global	DEFAULT	ANALYSIS	__fastcall	undefined4 *	1	false	\N	false	59acae12-59acae2f	\N	\N	undefined4 * __fastcall FUN_59acae12(undefined4 * param_1)
59acae35	FUN_59acae35	FUN_59acae35	Global	DEFAULT	ANALYSIS	__fastcall	undefined4	1	false	\N	false	59acae35-59acae4b	\N	\N	undefined4 __fastcall FUN_59acae35(int param_1)
59acae64	FUN_59acae64	FUN_59acae64	Global	DEFAULT	ANALYSIS	__fastcall	undefined	1	false	\N	false	59acae64-59acae83	\N	\N	undefined __fastcall FUN_59acae64(int * param_1)
59acae89	FUN_59acae89	FUN_59acae89	Global	DEFAULT	ANALYSIS	__thiscall	undefined4	2	false	\N	false	59acae89-59acaea5	\N	\N	undefined4 __thiscall FUN_59acae89(uint param_1)
59acaeab	FUN_59acaeab	FUN_59acaeab	Global	DEFAULT	ANALYSIS	__thiscall	undefined4	2	false	\N	false	59acaeab-59acaf18	\N	\N	undefined4 __thiscall FUN_59acaeab(uint param_1)
59acaf1e	FUN_59acaf1e	FUN_59acaf1e	Global	DEFAULT	ANALYSIS	__thiscall	undefined	2	false	\N	false	59acaf1e-59acaf40	\N	\N	undefined __thiscall FUN_59acaf1e(byte param_1)
59acaf46	FUN_59acaf46	FUN_59acaf46	Global	DEFAULT	ANALYSIS	__thiscall	undefined4	2	false	\N	false	59acaf46-59acaf63	\N	\N	undefined4 __thiscall FUN_59acaf46(ushort param_1)
59acaf69	FUN_59acaf69	FUN_59acaf69	Global	DEFAULT	ANALYSIS	__thiscall	bool	3	false	\N	false	59acaf69-59acafa6	\N	\N	bool __thiscall FUN_59acaf69(undefined4 param_1, undefined4 param_2)
59acafac	FUN_59acafac	FUN_59acafac	Global	DEFAULT	ANALYSIS	__thiscall	void *	2	false	\N	false	59acafac-59acafc9	\N	\N	void * __thiscall FUN_59acafac(byte param_1)
59acafcf	FUN_59acafcf	FUN_59acafcf	Global	DEFAULT	ANALYSIS	__fastcall	uint	1	false	\N	false	59acafcf-59acaff9	\N	\N	uint __fastcall FUN_59acafcf(int param_1)
59acafff	FUN_59acafff	FUN_59acafff	Global	DEFAULT	ANALYSIS	__fastcall	uint	1	false	\N	false	59acafff-59acb029	\N	\N	uint __fastcall FUN_59acafff(int param_1)
59acb02f	FUN_59acb02f	FUN_59acb02f	Global	DEFAULT	ANALYSIS	__thiscall	void *	2	false	\N	false	59acb02f-59acb0c8	\N	\N	void * __thiscall FUN_59acb02f(int param_1)
59acb0ce	FUN_59acb0ce	FUN_59acb0ce	Global	DEFAULT	ANALYSIS	__thiscall	void *	2	false	\N	false	59acb0ce-59acb100	\N	\N	void * __thiscall FUN_59acb0ce(uint param_1)
59acb106	FUN_59acb106	FUN_59acb106	Global	DEFAULT	ANALYSIS	__fastcall	undefined	1	false	\N	false	59acb106-59acb121	\N	\N	undefined __fastcall FUN_59acb106(int param_1)
59acb127	FUN_59acb127	FUN_59acb127	Global	DEFAULT	ANALYSIS	__cdecl	uint	4	false	\N	false	59acb127-59acb182	\N	\N	uint __cdecl FUN_59acb127(int param_1, void * param_2, char * param_3, char * param_4)
59acb188	FUN_59acb188	FUN_59acb188	Global	DEFAULT	ANALYSIS	__thiscall	void *	3	false	\N	false	59acb188-59acb1f9	\N	\N	void * __thiscall FUN_59acb188(char * param_1, char * param_2)
59acb1ff	FUN_59acb1ff	FUN_59acb1ff	Global	DEFAULT	ANALYSIS	__thiscall	undefined4	2	false	\N	false	59acb1ff-59acb27b	\N	\N	undefined4 __thiscall FUN_59acb1ff(uint param_1)
59acb281	FUN_59acb281	FUN_59acb281	Global	DEFAULT	ANALYSIS	__thiscall	undefined4	2	false	\N	false	59acb281-59acb305	\N	\N	undefined4 __thiscall FUN_59acb281(uint param_1)
59acb30b	FUN_59acb30b	FUN_59acb30b	Global	DEFAULT	ANALYSIS	__thiscall	uint	3	false	\N	false	59acb30b-59acb353	\N	\N	uint __thiscall FUN_59acb30b(undefined * param_1, undefined4 param_2)
59acb359	FUN_59acb359	FUN_59acb359	Global	DEFAULT	ANALYSIS	__thiscall	void *	5	false	\N	false	59acb359-59acb3f0	\N	\N	void * __thiscall FUN_59acb359(char * param_1, undefined2 param_2, undefined4 param_3, undefined4 param_4)
59acb3f6	FUN_59acb3f6	FUN_59acb3f6	Global	DEFAULT	ANALYSIS	__thiscall	undefined4	2	false	\N	false	59acb3f6-59acb421	\N	\N	undefined4 __thiscall FUN_59acb3f6(int param_1)
59acb427	FUN_59acb427	FUN_59acb427	Global	DEFAULT	ANALYSIS	__thiscall	void *	2	false	\N	false	59acb427-59acb44d	\N	\N	void * __thiscall FUN_59acb427(byte param_1)
59acb453	FUN_59acb453	FUN_59acb453	Global	DEFAULT	ANALYSIS	__fastcall	undefined4	1	false	\N	false	59acb453-59acb543	\N	\N	undefined4 __fastcall FUN_59acb453(int param_1)
59acb597	FUN_59acb597	FUN_59acb597	Global	DEFAULT	ANALYSIS	__thiscall	undefined4	3	false	\N	false	59acb597-59acb60f	\N	\N	undefined4 __thiscall FUN_59acb597(ushort param_1, int * param_2)
59acb615	FUN_59acb615	FUN_59acb615	Global	DEFAULT	ANALYSIS	__thiscall	undefined4	3	false	\N	false	59acb615-59acb6ab	\N	\N	undefined4 __thiscall FUN_59acb615(int param_1, int * param_2)
59acb6b1	FUN_59acb6b1	FUN_59acb6b1	Global	DEFAULT	ANALYSIS	__thiscall	undefined	5	false	\N	false	59acb6b1-59acb71a	\N	\N	undefined __thiscall FUN_59acb6b1(char * param_1, undefined2 param_2, undefined4 param_3, undefined4 param_4)
59acb720	FUN_59acb720	FUN_59acb720	Global	DEFAULT	ANALYSIS	__fastcall	int	1	false	\N	false	59acb720-59acb866	\N	\N	int __fastcall FUN_59acb720(int param_1)
59acb86c	FUN_59acb86c	FUN_59acb86c	Global	DEFAULT	ANALYSIS	__thiscall	bool	8	false	\N	false	59acb86c-59acb91a	\N	\N	bool __thiscall FUN_59acb86c(undefined2 param_1, undefined4 param_2, int * param_3, undefined2 * param_4, undefined4 * param_5, undefined4 * param_6, undefined4 * param_7)
59acb920	FUN_59acb920	FUN_59acb920	Global	DEFAULT	ANALYSIS	__thiscall	void *	2	false	\N	false	59acb920-59acb945	\N	\N	void * __thiscall FUN_59acb920(byte param_1)
59acb94b	FUN_59acb94b	FUN_59acb94b	Global	DEFAULT	ANALYSIS	__thiscall	bool	2	false	\N	false	59acb94b-59acb9a1	\N	\N	bool __thiscall FUN_59acb94b(void * param_1)
59acb9a7	FUN_59acb9a7	FUN_59acb9a7	Global	DEFAULT	ANALYSIS	__thiscall	uint	2	false	\N	false	59acb9a7-59acbada	\N	\N	uint __thiscall FUN_59acb9a7(uint param_1)
59acbae0	FUN_59acbae0	FUN_59acbae0	Global	DEFAULT	ANALYSIS	__thiscall	undefined4	2	false	\N	false	59acbae0-59acbb30	\N	\N	undefined4 __thiscall FUN_59acbae0(undefined2 * param_1)
59acbb36	FUN_59acbb36	FUN_59acbb36	Global	DEFAULT	ANALYSIS	__thiscall	undefined4	2	false	\N	false	59acbb36-59acbb81	\N	\N	undefined4 __thiscall FUN_59acbb36(short param_1)
59acbb87	FUN_59acbb87	FUN_59acbb87	Global	DEFAULT	ANALYSIS	__fastcall	undefined4	1	false	\N	false	59acbb87-59acbc1e	\N	\N	undefined4 __fastcall FUN_59acbb87(int * param_1)
59acbc24	FUN_59acbc24	FUN_59acbc24	Global	DEFAULT	ANALYSIS	__thiscall	undefined4	3	false	\N	false	59acbc24-59acbc7a	\N	\N	undefined4 __thiscall FUN_59acbc24(ushort param_1, ushort param_2)
59acbc80	FUN_59acbc80	FUN_59acbc80	Global	DEFAULT	ANALYSIS	__thiscall	undefined4	3	false	\N	false	59acbc80-59acbdea	\N	\N	undefined4 __thiscall FUN_59acbc80(ushort * param_1, uint * param_2)
59acbdf0	FUN_59acbdf0	FUN_59acbdf0	Global	DEFAULT	ANALYSIS	__fastcall	undefined	1	false	\N	false	59acbdf0-59acbe8e	\N	\N	undefined __fastcall FUN_59acbdf0(int param_1)
59acbe94	FUN_59acbe94	FUN_59acbe94	Global	DEFAULT	ANALYSIS	__thiscall	undefined	8	false	\N	false	59acbe94-59acbeb1	\N	\N	undefined __thiscall FUN_59acbe94(undefined4 * param_1, int param_2, undefined4 param_3, undefined4 * param_4, undefined4 param_5, undefined2 param_6, undefined4 param_7)
59acbeb7	FUN_59acbeb7	FUN_59acbeb7	Global	DEFAULT	ANALYSIS	__thiscall	undefined4	3	false	\N	false	59acbeb7-59acbf34	\N	\N	undefined4 __thiscall FUN_59acbeb7(uchar * param_1, undefined1 * param_2)
59acbf3a	FUN_59acbf3a	FUN_59acbf3a	Global	DEFAULT	ANALYSIS	__thiscall	undefined4	3	false	\N	false	59acbf3a-59acbfbc	\N	\N	undefined4 __thiscall FUN_59acbf3a(undefined4 * param_1, int param_2)
59acc0dc	FUN_59acc0dc	FUN_59acc0dc	Global	DEFAULT	ANALYSIS	__fastcall	undefined	1	false	\N	false	59acc0dc-59acc0f6	\N	\N	undefined __fastcall FUN_59acc0dc(int param_1)
59acc0fc	FUN_59acc0fc	FUN_59acc0fc	Global	DEFAULT	ANALYSIS	__thiscall	undefined	2	false	\N	false	59acc0fc-59acc11c	\N	\N	undefined __thiscall FUN_59acc0fc(undefined4 * param_1)
59acc138	FUN_59acc138	FUN_59acc138	Global	DEFAULT	ANALYSIS	__thiscall	int	2	false	\N	false	59acc138-59acc16d	\N	\N	int __thiscall FUN_59acc138(int param_1)
59acc173	FUN_59acc173	FUN_59acc173	Global	DEFAULT	ANALYSIS	__fastcall	undefined4	1	false	\N	false	59acc173-59acc207	\N	\N	undefined4 __fastcall FUN_59acc173(int param_1)
59acc20d	FUN_59acc20d	FUN_59acc20d	Global	DEFAULT	ANALYSIS	__fastcall	undefined4	1	false	\N	false	59acc20d-59acc22e	\N	\N	undefined4 __fastcall FUN_59acc20d(int * param_1)
59acc305	FUN_59acc305	FUN_59acc305	Global	DEFAULT	ANALYSIS	__thiscall	void *	2	false	\N	false	59acc305-59acc354	\N	\N	void * __thiscall FUN_59acc305(uint param_1)
59acc35a	FUN_59acc35a	FUN_59acc35a	Global	DEFAULT	ANALYSIS	__fastcall	undefined	1	false	\N	false	59acc35a-59acc37c	\N	\N	undefined __fastcall FUN_59acc35a(int param_1)
59acc382	FUN_59acc382	FUN_59acc382	Global	DEFAULT	ANALYSIS	__thiscall	bool	2	false	\N	false	59acc382-59acc3b5	\N	\N	bool __thiscall FUN_59acc382(undefined4 * param_1)
59acc3bb	FUN_59acc3bb	FUN_59acc3bb	Global	DEFAULT	ANALYSIS	__thiscall	undefined	3	false	\N	false	59acc3bb-59acc3e7	\N	\N	undefined __thiscall FUN_59acc3bb(undefined4 * param_1, undefined4 * param_2)
59acc3ed	FUN_59acc3ed	FUN_59acc3ed	Global	DEFAULT	ANALYSIS	__thiscall	undefined4 *	2	false	\N	false	59acc3ed-59acc41e	\N	\N	undefined4 * __thiscall FUN_59acc3ed(int param_1)
59acc424	FUN_59acc424	FUN_59acc424	Global	DEFAULT	ANALYSIS	__thiscall	undefined4 *	2	false	\N	false	59acc424-59acc44f	\N	\N	undefined4 * __thiscall FUN_59acc424(int param_1)
59acc455	FUN_59acc455	FUN_59acc455	Global	DEFAULT	ANALYSIS	__thiscall	undefined4	2	false	\N	false	59acc455-59acc481	\N	\N	undefined4 __thiscall FUN_59acc455(uint param_1)
59acc487	FUN_59acc487	FUN_59acc487	Global	DEFAULT	ANALYSIS	__cdecl	undefined	2	false	\N	false	59acc487-59acc4e1	\N	\N	undefined __cdecl FUN_59acc487(LPWSTR param_1, uint param_2)
59acc4e7	FUN_59acc4e7	FUN_59acc4e7	Global	DEFAULT	ANALYSIS	__fastcall	undefined4	1	false	\N	false	59acc4e7-59acc664	\N	\N	undefined4 __fastcall FUN_59acc4e7(int * param_1)
59acc66a	FUN_59acc66a	FUN_59acc66a	Global	DEFAULT	ANALYSIS	__fastcall	undefined4	1	false	\N	false	59acc66a-59acc943	\N	\N	undefined4 __fastcall FUN_59acc66a(int * param_1)
59acc949	FUN_59acc949	FUN_59acc949	Global	DEFAULT	ANALYSIS	__thiscall	uint	3	false	\N	false	59acc949-59accac9	\N	\N	uint __thiscall FUN_59acc949(wchar_t * param_1, wchar_t * param_2)
59accb89	FUN_59accb89	FUN_59accb89	Global	DEFAULT	ANALYSIS	__stdcall	undefined	2	false	\N	false	59accb89-59accc2e	\N	\N	undefined __stdcall FUN_59accb89(LPCSTR param_1, undefined4 * param_2)
59accc34	FUN_59accc34	FUN_59accc34	Global	DEFAULT	ANALYSIS	__thiscall	undefined	11	false	\N	false	59accc34-59acce26	\N	\N	undefined __thiscall FUN_59accc34(int * param_1, uint param_2, char * param_3, undefined4 * param_4, wchar_t * param_5, int * param_6, wchar_t * param_7, wchar_t * param_8, wchar_t * param_9, undefined4 * param_10)
59acce2c	FUN_59acce2c	FUN_59acce2c	Global	DEFAULT	ANALYSIS	__thiscall	undefined	7	false	\N	false	59acce2c-59acd25e	\N	\N	undefined __thiscall FUN_59acce2c(int * param_1, uint param_2, wchar_t * param_3, byte * param_4, int * param_5, int param_6)
59acd264	FUN_59acd264	FUN_59acd264	Global	DEFAULT	ANALYSIS	__thiscall	undefined4	7	false	\N	false	59acd264-59acd324	\N	\N	undefined4 __thiscall FUN_59acd264(wchar_t * param_1, int * param_2, uint param_3, byte * param_4, undefined4 * param_5, undefined4 * param_6)
59acd32a	FUN_59acd32a	FUN_59acd32a	Global	DEFAULT	ANALYSIS	__thiscall	undefined	3	false	\N	false	59acd32a-59acd3f4	\N	\N	undefined __thiscall FUN_59acd32a(ushort * param_1, int * param_2)
59acd3fa	FUN_59acd3fa	FUN_59acd3fa	Global	DEFAULT	ANALYSIS	__thiscall	undefined	4	false	\N	false	59acd3fa-59acd4fe	\N	\N	undefined __thiscall FUN_59acd3fa(int param_1, byte * param_2, undefined4 param_3)
59acd504	FUN_59acd504	FUN_59acd504	Global	DEFAULT	ANALYSIS	__thiscall	undefined	4	false	\N	false	59acd504-59acd689	\N	\N	undefined __thiscall FUN_59acd504(byte * param_1, byte * param_2, int param_3)
59acd68f	FUN_59acd68f	FUN_59acd68f	Global	DEFAULT	ANALYSIS	__thiscall	uint	2	false	\N	false	59acd68f-59acd891	\N	\N	uint __thiscall FUN_59acd68f(ushort * param_1)
59acd897	FUN_59acd897	FUN_59acd897	Global	DEFAULT	ANALYSIS	__thiscall	undefined4	2	false	\N	false	59acd897-59acd9c0	\N	\N	undefined4 __thiscall FUN_59acd897(int param_1)
59acd9c6	FUN_59acd9c6	FUN_59acd9c6	Global	DEFAULT	ANALYSIS	__fastcall	undefined4	1	false	\N	false	59acd9c6-59acdae5	\N	\N	undefined4 __fastcall FUN_59acd9c6(void * param_1)
59acdaeb	FUN_59acdaeb	FUN_59acdaeb	Global	DEFAULT	ANALYSIS	__fastcall	undefined4	1	false	\N	false	59acdaeb-59acdc5c	\N	\N	undefined4 __fastcall FUN_59acdaeb(int * param_1)
59acdc62	FUN_59acdc62	FUN_59acdc62	Global	DEFAULT	ANALYSIS	__thiscall	uint	3	false	\N	false	59acdc62-59acdcc4	\N	\N	uint __thiscall FUN_59acdc62(int param_1, int param_2)
59acdcca	FUN_59acdcca	FUN_59acdcca	Global	DEFAULT	ANALYSIS	__thiscall	undefined	3	false	\N	false	59acdcca-59acdd68	\N	\N	undefined __thiscall FUN_59acdcca(uint param_1, int param_2)
59acdd6e	FUN_59acdd6e	FUN_59acdd6e	Global	DEFAULT	ANALYSIS	__thiscall	undefined	3	false	\N	false	59acdd6e-59acdde2	\N	\N	undefined __thiscall FUN_59acdd6e(LPCSTR param_1, undefined1 * param_2)
59acdff5	FUN_59acdff5	FUN_59acdff5	Global	DEFAULT	ANALYSIS	__thiscall	undefined	2	false	\N	false	59acdff5-59ace02c	\N	\N	undefined __thiscall FUN_59acdff5(undefined4 param_1)
59ace032	FUN_59ace032	FUN_59ace032	Global	DEFAULT	ANALYSIS	__cdecl	undefined	1	false	\N	false	59ace032-59ace173	\N	\N	undefined __cdecl FUN_59ace032(int * param_1)
59ace179	FUN_59ace179	FUN_59ace179	Global	DEFAULT	ANALYSIS	__cdecl	undefined	1	false	\N	false	59ace179-59ace2c2	\N	\N	undefined __cdecl FUN_59ace179(int * param_1)
59ace2c8	FUN_59ace2c8	FUN_59ace2c8	Global	DEFAULT	ANALYSIS	__thiscall	undefined4	2	false	\N	false	59ace2c8-59ace31e	\N	\N	undefined4 __thiscall FUN_59ace2c8(int * param_1)
59ace324	FUN_59ace324	FUN_59ace324	Global	DEFAULT	ANALYSIS	__thiscall	undefined4	2	false	\N	false	59ace324-59ace379	\N	\N	undefined4 __thiscall FUN_59ace324(int * param_1)
59ace37f	FUN_59ace37f	FUN_59ace37f	Global	DEFAULT	ANALYSIS	__thiscall	undefined4	3	false	\N	false	59ace37f-59ace479	\N	\N	undefined4 __thiscall FUN_59ace37f(uint * param_1, uint * param_2)
59ace5b5	FUN_59ace5b5	FUN_59ace5b5	Global	DEFAULT	ANALYSIS	__thiscall	undefined	5	false	\N	false	59ace5b5-59ace62f	\N	\N	undefined __thiscall FUN_59ace5b5(wchar_t * param_1, undefined4 param_2, undefined4 param_3, undefined4 param_4)
59ace635	FUN_59ace635	FUN_59ace635	Global	DEFAULT	ANALYSIS	__thiscall	undefined	3	false	\N	false	59ace635-59ace6a9	\N	\N	undefined __thiscall FUN_59ace635(wchar_t * param_1, undefined1 * param_2)
59ace6af	FUN_59ace6af	FUN_59ace6af	Global	DEFAULT	ANALYSIS	__fastcall	undefined	1	false	\N	false	59ace6af-59ace6d4	\N	\N	undefined __fastcall FUN_59ace6af(undefined4 * param_1)
59ace6da	FUN_59ace6da	FUN_59ace6da	Global	DEFAULT	ANALYSIS	__fastcall	bool	1	false	\N	false	59ace6da-59ace71c	\N	\N	bool __fastcall FUN_59ace6da(int * param_1)
59ace7a9	FUN_59ace7a9	FUN_59ace7a9	Global	DEFAULT	ANALYSIS	__thiscall	undefined4	3	false	\N	false	59ace7a9-59ace807	\N	\N	undefined4 __thiscall FUN_59ace7a9(uint param_1, undefined4 * param_2)
59ace80d	FUN_59ace80d	FUN_59ace80d	Global	DEFAULT	ANALYSIS	__fastcall	undefined	1	false	\N	false	59ace80d-59ace830	\N	\N	undefined __fastcall FUN_59ace80d(undefined4 * param_1)
59ace836	FUN_59ace836	FUN_59ace836	Global	DEFAULT	ANALYSIS	__fastcall	undefined	1	false	\N	false	59ace836-59ace867	\N	\N	undefined __fastcall FUN_59ace836(void * param_1)
59ace86d	FUN_59ace86d	FUN_59ace86d	Global	DEFAULT	ANALYSIS	__thiscall	void *	5	false	\N	false	59ace86d-59ace95c	\N	\N	void * __thiscall FUN_59ace86d(undefined4 param_1, undefined4 param_2, undefined4 param_3, undefined4 param_4)
59acea0d	FUN_59acea0d	FUN_59acea0d	Global	DEFAULT	ANALYSIS	__thiscall	undefined	2	false	\N	false	59acea0d-59acea3f	\N	\N	undefined __thiscall FUN_59acea0d(int param_1)
59acea45	FUN_59acea45	FUN_59acea45	Global	DEFAULT	ANALYSIS	__thiscall	undefined4	6	false	\N	false	59acea45-59aceaf3	\N	\N	undefined4 __thiscall FUN_59acea45(undefined4 param_1, undefined4 param_2, undefined4 param_3, undefined2 param_4, uint * param_5)
59aceaf9	FUN_59aceaf9	FUN_59aceaf9	Global	DEFAULT	ANALYSIS	__fastcall	undefined	1	false	\N	false	59aceaf9-59aceb1a	\N	\N	undefined __fastcall FUN_59aceaf9(int param_1)
59aceb20	FUN_59aceb20	FUN_59aceb20	Global	DEFAULT	ANALYSIS	__fastcall	undefined	1	false	\N	false	59aceb20-59aceb40	\N	\N	undefined __fastcall FUN_59aceb20(int param_1)
59aceb46	FUN_59aceb46	FUN_59aceb46	Global	DEFAULT	ANALYSIS	__cdecl	undefined	1	false	\N	false	59aceb46-59acec80	\N	\N	undefined __cdecl FUN_59aceb46(undefined4 * param_1)
59acec86	FUN_59acec86	FUN_59acec86	Global	DEFAULT	ANALYSIS	__thiscall	undefined4	2	false	\N	false	59acec86-59aced29	\N	\N	undefined4 __thiscall FUN_59acec86(int * param_1)
59aced2f	FUN_59aced2f	FUN_59aced2f	Global	DEFAULT	ANALYSIS	__thiscall	undefined	4	false	\N	false	59aced2f-59aceebc	\N	\N	undefined __thiscall FUN_59aced2f(ushort * param_1, byte * param_2, int * param_3)
59aceec2	FUN_59aceec2	FUN_59aceec2	Global	DEFAULT	ANALYSIS	__thiscall	undefined	3	false	\N	false	59aceec2-59aceee9	\N	\N	undefined __thiscall FUN_59aceec2(int param_1, undefined4 * param_2)
59aceeef	FUN_59aceeef	FUN_59aceeef	Global	DEFAULT	ANALYSIS	__thiscall	undefined	3	false	\N	false	59aceeef-59acef92	\N	\N	undefined __thiscall FUN_59aceeef(uint param_1, void * param_2)
59acef98	FUN_59acef98	FUN_59acef98	Global	DEFAULT	ANALYSIS	__thiscall	void *	2	false	\N	false	59acef98-59acefb8	\N	\N	void * __thiscall FUN_59acef98(byte param_1)
59acefbe	FUN_59acefbe	FUN_59acefbe	Global	DEFAULT	ANALYSIS	__thiscall	void *	2	false	\N	false	59acefbe-59acefd7	\N	\N	void * __thiscall FUN_59acefbe(undefined4 param_1)
59acf028	FUN_59acf028	FUN_59acf028	Global	DEFAULT	ANALYSIS	__thiscall	undefined	2	false	\N	false	59acf028-59acf054	\N	\N	undefined __thiscall FUN_59acf028(int param_1)
59acf05a	FUN_59acf05a	FUN_59acf05a	Global	DEFAULT	ANALYSIS	__fastcall	uint	1	false	\N	false	59acf05a-59acf09c	\N	\N	uint __fastcall FUN_59acf05a(int param_1)
59acf0a2	FUN_59acf0a2	FUN_59acf0a2	Global	DEFAULT	ANALYSIS	__thiscall	void *	5	false	\N	false	59acf0a2-59acf0f7	\N	\N	void * __thiscall FUN_59acf0a2(undefined4 param_1, undefined4 param_2, undefined4 param_3, undefined4 param_4)
59acf132	FUN_59acf132	FUN_59acf132	Global	DEFAULT	ANALYSIS	__thiscall	undefined	2	false	\N	false	59acf132-59acf16e	\N	\N	undefined __thiscall FUN_59acf132(int param_1)
59acf1ab	FUN_59acf1ab	FUN_59acf1ab	Global	DEFAULT	ANALYSIS	__thiscall	void *	2	false	\N	false	59acf1ab-59acf1cd	\N	\N	void * __thiscall FUN_59acf1ab(undefined4 param_1)
59acf1d3	FUN_59acf1d3	FUN_59acf1d3	Global	DEFAULT	ANALYSIS	__thiscall	void *	2	false	\N	false	59acf1d3-59acf1f5	\N	\N	void * __thiscall FUN_59acf1d3(undefined4 param_1)
59acf1fb	FUN_59acf1fb	FUN_59acf1fb	Global	DEFAULT	ANALYSIS	__thiscall	void *	2	false	\N	false	59acf1fb-59acf21a	\N	\N	void * __thiscall FUN_59acf1fb(undefined4 param_1)
59acf220	FUN_59acf220	FUN_59acf220	Global	DEFAULT	ANALYSIS	__thiscall	void *	3	false	\N	false	59acf220-59acf24a	\N	\N	void * __thiscall FUN_59acf220(undefined4 param_1, int param_2)
59acf250	FUN_59acf250	FUN_59acf250	Global	DEFAULT	ANALYSIS	__thiscall	void *	2	false	\N	false	59acf250-59acf26f	\N	\N	void * __thiscall FUN_59acf250(undefined4 param_1)
59acf275	FUN_59acf275	FUN_59acf275	Global	DEFAULT	ANALYSIS	__thiscall	void *	2	false	\N	false	59acf275-59acf294	\N	\N	void * __thiscall FUN_59acf275(undefined4 param_1)
59acf29a	FUN_59acf29a	FUN_59acf29a	Global	DEFAULT	ANALYSIS	__thiscall	void *	2	false	\N	false	59acf29a-59acf2b9	\N	\N	void * __thiscall FUN_59acf29a(undefined4 param_1)
59acf2bf	FUN_59acf2bf	FUN_59acf2bf	Global	DEFAULT	ANALYSIS	__thiscall	void *	2	false	\N	false	59acf2bf-59acf2de	\N	\N	void * __thiscall FUN_59acf2bf(undefined4 param_1)
59acf2e4	FUN_59acf2e4	FUN_59acf2e4	Global	DEFAULT	ANALYSIS	__thiscall	void *	2	false	\N	false	59acf2e4-59acf306	\N	\N	void * __thiscall FUN_59acf2e4(undefined4 param_1)
59acf30c	FUN_59acf30c	FUN_59acf30c	Global	DEFAULT	ANALYSIS	__thiscall	void *	2	false	\N	false	59acf30c-59acf32b	\N	\N	void * __thiscall FUN_59acf30c(undefined4 param_1)
59acf331	FUN_59acf331	FUN_59acf331	Global	DEFAULT	ANALYSIS	__thiscall	undefined4	6	false	\N	false	59acf331-59acf3a4	\N	\N	undefined4 __thiscall FUN_59acf331(undefined4 param_1, undefined4 param_2, undefined4 param_3, undefined2 param_4, undefined4 param_5)
59acf3aa	FUN_59acf3aa	FUN_59acf3aa	Global	DEFAULT	ANALYSIS	__thiscall	bool	6	false	\N	false	59acf3aa-59acf3e9	\N	\N	bool __thiscall FUN_59acf3aa(undefined4 param_1, undefined4 param_2, undefined4 param_3, uint param_4, int * param_5)
59acf3ef	FUN_59acf3ef	FUN_59acf3ef	Global	DEFAULT	ANALYSIS	__fastcall	undefined4	1	false	\N	false	59acf3ef-59acf4b1	\N	\N	undefined4 __fastcall FUN_59acf3ef(void * param_1)
59acf4b7	FUN_59acf4b7	FUN_59acf4b7	Global	DEFAULT	ANALYSIS	__fastcall	undefined	1	false	\N	false	59acf4b7-59acf61f	\N	\N	undefined __fastcall FUN_59acf4b7(undefined4 * param_1)
59acf6bf	FUN_59acf6bf	FUN_59acf6bf	Global	DEFAULT	ANALYSIS	__thiscall	undefined	6	false	\N	false	59acf6bf-59acf6ff	\N	\N	undefined __thiscall FUN_59acf6bf(short * param_1, undefined2 * param_2, undefined4 * param_3, undefined4 * param_4, undefined4 * param_5)
59acf75c	FUN_59acf75c	FUN_59acf75c	Global	DEFAULT	ANALYSIS	__thiscall	undefined4	3	false	\N	false	59acf75c-59acf888	\N	\N	undefined4 __thiscall FUN_59acf75c(ushort param_1, int param_2)
59acfaa6	FUN_59acfaa6	FUN_59acfaa6	Global	DEFAULT	ANALYSIS	__thiscall	bool	6	false	\N	false	59acfaa6-59acfadd	\N	\N	bool __thiscall FUN_59acfaa6(undefined4 param_1, undefined4 param_2, undefined4 param_3, undefined4 * param_4, undefined4 * param_5)
59acfae3	FUN_59acfae3	FUN_59acfae3	Global	DEFAULT	ANALYSIS	__thiscall	void *	4	false	\N	false	59acfae3-59acfcd6	\N	\N	void * __thiscall FUN_59acfae3(undefined4 param_1, int param_2, undefined4 param_3)
59acfcdc	FUN_59acfcdc	FUN_59acfcdc	Global	DEFAULT	ANALYSIS	__thiscall	undefined4	7	false	\N	false	59acfcdc-59acfe14	\N	\N	undefined4 __thiscall FUN_59acfcdc(undefined2 * param_1, undefined4 * param_2, int param_3, undefined4 param_4, undefined4 param_5, undefined4 param_6)
59acfe1a	FUN_59acfe1a	FUN_59acfe1a	Global	DEFAULT	ANALYSIS	__thiscall	void *	2	false	\N	false	59acfe1a-59acfe37	\N	\N	void * __thiscall FUN_59acfe1a(byte param_1)
59acfe3d	FUN_59acfe3d	FUN_59acfe3d	Global	DEFAULT	ANALYSIS	__thiscall	undefined4	4	false	\N	false	59acfe3d-59acfea7	\N	\N	undefined4 __thiscall FUN_59acfe3d(ushort param_1, char * param_2, undefined4 * param_3)
59acfead	FUN_59acfead	FUN_59acfead	Global	DEFAULT	ANALYSIS	__thiscall	undefined4	4	false	\N	false	59acfead-59acff17	\N	\N	undefined4 __thiscall FUN_59acfead(ushort param_1, char * param_2, undefined4 * param_3)
59acff71	FUN_59acff71	FUN_59acff71	Global	DEFAULT	ANALYSIS	__thiscall	uint	2	false	\N	false	59acff71-59acff8e	\N	\N	uint __thiscall FUN_59acff71(uint * param_1)
59acff94	FUN_59acff94	FUN_59acff94	Global	DEFAULT	ANALYSIS	__thiscall	undefined4	3	false	\N	false	59acff94-59ad004c	\N	\N	undefined4 __thiscall FUN_59acff94(int * param_1, uint param_2)
59ad0052	FUN_59ad0052	FUN_59ad0052	Global	DEFAULT	ANALYSIS	__thiscall	undefined4	3	false	\N	false	59ad0052-59ad00d7	\N	\N	undefined4 __thiscall FUN_59ad0052(uint * param_1, int * param_2)
59ad01ad	FUN_59ad01ad	FUN_59ad01ad	Global	DEFAULT	ANALYSIS	__thiscall	undefined4	3	false	\N	false	59ad01ad-59ad023e	\N	\N	undefined4 __thiscall FUN_59ad01ad(undefined4 * param_1, uint * param_2)
59ad0244	FUN_59ad0244	FUN_59ad0244	Global	DEFAULT	ANALYSIS	__thiscall	undefined4	3	false	\N	false	59ad0244-59ad02d5	\N	\N	undefined4 __thiscall FUN_59ad0244(undefined4 * param_1, uint * param_2)
59ad02db	FUN_59ad02db	FUN_59ad02db	Global	DEFAULT	ANALYSIS	__thiscall	undefined4	4	false	\N	false	59ad02db-59ad031d	\N	\N	undefined4 __thiscall FUN_59ad02db(int param_1, ushort param_2, uint * param_3)
59ad0323	FUN_59ad0323	FUN_59ad0323	Global	DEFAULT	ANALYSIS	__thiscall	undefined	3	false	\N	false	59ad0323-59ad04e0	\N	\N	undefined __thiscall FUN_59ad0323(ushort * param_1, uint param_2)
59ad04e6	FUN_59ad04e6	FUN_59ad04e6	Global	DEFAULT	ANALYSIS	__fastcall	undefined4	1	false	\N	false	59ad04e6-59ad0a9b	\N	\N	undefined4 __fastcall FUN_59ad04e6(int * param_1)
59ad0aa1	FUN_59ad0aa1	FUN_59ad0aa1	Global	DEFAULT	ANALYSIS	__thiscall	undefined	2	false	\N	false	59ad0aa1-59ad0b0c	\N	\N	undefined __thiscall FUN_59ad0aa1(undefined4 * param_1)
59ad0b12	FUN_59ad0b12	FUN_59ad0b12	Global	DEFAULT	ANALYSIS	__thiscall	undefined	2	false	\N	false	59ad0b12-59ad0b7b	\N	\N	undefined __thiscall FUN_59ad0b12(undefined4 * param_1)
59ad0b81	FUN_59ad0b81	FUN_59ad0b81	Global	DEFAULT	ANALYSIS	__fastcall	undefined4	1	false	\N	false	59ad0b81-59ad0bd4	\N	\N	undefined4 __fastcall FUN_59ad0b81(int param_1)
59ad0bda	FUN_59ad0bda	FUN_59ad0bda	Global	DEFAULT	ANALYSIS	__cdecl	bool	1	false	\N	false	59ad0bda-59ad0c20	\N	\N	bool __cdecl FUN_59ad0bda(int param_1)
59ad0c26	FUN_59ad0c26	FUN_59ad0c26	Global	DEFAULT	ANALYSIS	__thiscall	undefined4	2	false	\N	false	59ad0c26-59ad0c83	\N	\N	undefined4 __thiscall FUN_59ad0c26(uint param_1)
59ad0c89	FUN_59ad0c89	FUN_59ad0c89	Global	DEFAULT	ANALYSIS	__stdcall	uint	2	false	\N	false	59ad0c89-59ad0ca7	\N	\N	uint __stdcall FUN_59ad0c89(uint param_1, byte param_2)
59ad0cad	FUN_59ad0cad	FUN_59ad0cad	Global	DEFAULT	ANALYSIS	__thiscall	uint	2	false	\N	false	59ad0cad-59ad0ccc	\N	\N	uint __thiscall FUN_59ad0cad(uint param_1)
59ad0cd2	FUN_59ad0cd2	FUN_59ad0cd2	Global	DEFAULT	ANALYSIS	__thiscall	undefined4	2	false	\N	false	59ad0cd2-59ad0cef	\N	\N	undefined4 __thiscall FUN_59ad0cd2(uint param_1)
59ad0cf5	FUN_59ad0cf5	FUN_59ad0cf5	Global	DEFAULT	ANALYSIS	__stdcall	undefined4	1	false	\N	false	59ad0cf5-59ad0d12	\N	\N	undefined4 __stdcall FUN_59ad0cf5(uint param_1)
59ad0d18	FUN_59ad0d18	FUN_59ad0d18	Global	DEFAULT	ANALYSIS	__fastcall	undefined4	1	false	\N	false	59ad0d18-59ad0d39	\N	\N	undefined4 __fastcall FUN_59ad0d18(int param_1)
59ad0d3f	FUN_59ad0d3f	FUN_59ad0d3f	Global	DEFAULT	ANALYSIS	__cdecl	undefined	3	false	\N	false	59ad0d3f-59ad0d5a	\N	\N	undefined __cdecl FUN_59ad0d3f(undefined4 param_1, int param_2, short * param_3)
59ad0d60	FUN_59ad0d60	FUN_59ad0d60	Global	DEFAULT	ANALYSIS	__fastcall	undefined4	1	false	\N	false	59ad0d60-59ad0e26	\N	\N	undefined4 __fastcall FUN_59ad0d60(int param_1)
59ad0e2c	FUN_59ad0e2c	FUN_59ad0e2c	Global	DEFAULT	ANALYSIS	__fastcall	undefined4	1	false	\N	false	59ad0e2c-59ad0f26	\N	\N	undefined4 __fastcall FUN_59ad0e2c(int param_1)
59ad0f2c	FUN_59ad0f2c	FUN_59ad0f2c	Global	DEFAULT	ANALYSIS	__thiscall	bool	3	false	\N	false	59ad0f2c-59ad10a9	\N	\N	bool __thiscall FUN_59ad0f2c(ushort * param_1, int param_2)
59ad10af	FUN_59ad10af	FUN_59ad10af	Global	DEFAULT	ANALYSIS	__thiscall	undefined4	3	false	\N	false	59ad10af-59ad10de	\N	\N	undefined4 __thiscall FUN_59ad10af(uint param_1, undefined4 * param_2)
59ad10e4	FUN_59ad10e4	FUN_59ad10e4	Global	DEFAULT	ANALYSIS	__thiscall	undefined4	3	false	\N	false	59ad10e4-59ad1142	\N	\N	undefined4 __thiscall FUN_59ad10e4(int param_1, int param_2)
59ad1148	FUN_59ad1148	FUN_59ad1148	Global	DEFAULT	ANALYSIS	__thiscall	undefined4	2	false	\N	false	59ad1148-59ad1233	\N	\N	undefined4 __thiscall FUN_59ad1148(uint param_1)
59ad1239	FUN_59ad1239	FUN_59ad1239	Global	DEFAULT	ANALYSIS	__thiscall	undefined4	3	false	\N	false	59ad1239-59ad125e	\N	\N	undefined4 __thiscall FUN_59ad1239(uint param_1, undefined4 param_2)
59ad1264	FUN_59ad1264	FUN_59ad1264	Global	DEFAULT	ANALYSIS	__thiscall	undefined4	4	false	\N	false	59ad1264-59ad12bc	\N	\N	undefined4 __thiscall FUN_59ad1264(short * param_1, undefined4 * param_2, uint * param_3)
59ad12c2	FUN_59ad12c2	FUN_59ad12c2	Global	DEFAULT	ANALYSIS	__thiscall	bool	3	false	\N	false	59ad12c2-59ad1331	\N	\N	bool __thiscall FUN_59ad12c2(byte * param_1, int param_2)
59ad1337	FUN_59ad1337	FUN_59ad1337	Global	DEFAULT	ANALYSIS	__thiscall	undefined	2	false	\N	false	59ad1337-59ad135d	\N	\N	undefined __thiscall FUN_59ad1337(undefined4 * param_1)
59ad1363	FUN_59ad1363	FUN_59ad1363	Global	DEFAULT	ANALYSIS	__thiscall	bool	2	false	\N	false	59ad1363-59ad138f	\N	\N	bool __thiscall FUN_59ad1363(undefined4 * param_1)
59ad1395	FUN_59ad1395	FUN_59ad1395	Global	DEFAULT	ANALYSIS	__thiscall	undefined	2	false	\N	false	59ad1395-59ad13b1	\N	\N	undefined __thiscall FUN_59ad1395(undefined4 * param_1)
59ad13b7	FUN_59ad13b7	FUN_59ad13b7	Global	DEFAULT	ANALYSIS	__thiscall	undefined	2	false	\N	false	59ad13b7-59ad13dd	\N	\N	undefined __thiscall FUN_59ad13b7(short * param_1)
59ad13e3	FUN_59ad13e3	FUN_59ad13e3	Global	DEFAULT	ANALYSIS	__thiscall	undefined1	2	false	\N	false	59ad13e3-59ad1402	\N	\N	undefined1 __thiscall FUN_59ad13e3(short * param_1)
59ad1408	FUN_59ad1408	FUN_59ad1408	Global	DEFAULT	ANALYSIS	__thiscall	undefined4	2	false	\N	false	59ad1408-59ad143c	\N	\N	undefined4 __thiscall FUN_59ad1408(uint param_1)
59ad1442	FUN_59ad1442	FUN_59ad1442	Global	DEFAULT	ANALYSIS	__cdecl	undefined	1	false	\N	false	59ad1442-59ad145f	\N	\N	undefined __cdecl FUN_59ad1442(uint * param_1)
59ad1465	FUN_59ad1465	FUN_59ad1465	Global	DEFAULT	ANALYSIS	__cdecl	undefined	1	false	\N	false	59ad1465-59ad1487	\N	\N	undefined __cdecl FUN_59ad1465(uint * param_1)
59ad148d	FUN_59ad148d	FUN_59ad148d	Global	DEFAULT	ANALYSIS	__fastcall	int	1	false	\N	false	59ad148d-59ad14c2	\N	\N	int __fastcall FUN_59ad148d(int * param_1)
59ad14c8	FUN_59ad14c8	FUN_59ad14c8	Global	DEFAULT	ANALYSIS	__thiscall	undefined4	3	false	\N	false	59ad14c8-59ad1523	\N	\N	undefined4 __thiscall FUN_59ad14c8(ushort * param_1, ushort * param_2)
59ad1529	FUN_59ad1529	FUN_59ad1529	Global	DEFAULT	ANALYSIS	__thiscall	undefined4	3	false	\N	false	59ad1529-59ad1564	\N	\N	undefined4 __thiscall FUN_59ad1529(ushort * param_1, undefined4 param_2)
59ad156a	FUN_59ad156a	FUN_59ad156a	Global	DEFAULT	ANALYSIS	__thiscall	ushort *	2	false	\N	false	59ad156a-59ad15f3	\N	\N	ushort * __thiscall FUN_59ad156a(uint param_1)
59ad15f9	FUN_59ad15f9	FUN_59ad15f9	Global	DEFAULT	ANALYSIS	__thiscall	undefined	3	false	\N	false	59ad15f9-59ad164b	\N	\N	undefined __thiscall FUN_59ad15f9(ushort * param_1, byte param_2)
59ad1651	FUN_59ad1651	FUN_59ad1651	Global	DEFAULT	ANALYSIS	__thiscall	undefined	2	false	\N	false	59ad1651-59ad168b	\N	\N	undefined __thiscall FUN_59ad1651(uint param_1)
59ad1691	FUN_59ad1691	FUN_59ad1691	Global	DEFAULT	ANALYSIS	__thiscall	undefined	4	false	\N	false	59ad1691-59ad1708	\N	\N	undefined __thiscall FUN_59ad1691(wchar_t * param_1, undefined4 param_2, undefined4 param_3)
59ad170e	FUN_59ad170e	FUN_59ad170e	Global	DEFAULT	ANALYSIS	__thiscall	void *	3	false	\N	false	59ad170e-59ad1805	\N	\N	void * __thiscall FUN_59ad170e(undefined4 param_1, undefined4 param_2)
59ad180b	FUN_59ad180b	FUN_59ad180b	Global	DEFAULT	ANALYSIS	__cdecl	undefined	1	false	\N	false	59ad180b-59ad1833	\N	\N	undefined __cdecl FUN_59ad180b(uint * param_1)
59ad1839	FUN_59ad1839	FUN_59ad1839	Global	DEFAULT	ANALYSIS	__thiscall	undefined4	2	false	\N	false	59ad1839-59ad18e3	\N	\N	undefined4 __thiscall FUN_59ad1839(void * param_1)
59ad18e9	FUN_59ad18e9	FUN_59ad18e9	Global	DEFAULT	ANALYSIS	__fastcall	undefined4	1	false	\N	false	59ad18e9-59ad19a2	\N	\N	undefined4 __fastcall FUN_59ad18e9(void * param_1)
59ad19a8	FUN_59ad19a8	FUN_59ad19a8	Global	DEFAULT	ANALYSIS	__thiscall	bool	3	false	\N	false	59ad19a8-59ad1a94	\N	\N	bool __thiscall FUN_59ad19a8(short * param_1, undefined4 * param_2)
59ad1a9a	FUN_59ad1a9a	FUN_59ad1a9a	Global	DEFAULT	ANALYSIS	__fastcall	undefined4	1	false	\N	false	59ad1a9a-59ad1ce6	\N	\N	undefined4 __fastcall FUN_59ad1a9a(int param_1)
59ad1d6d	FUN_59ad1d6d	FUN_59ad1d6d	Global	DEFAULT	ANALYSIS	__thiscall	undefined4	2	false	\N	false	59ad1d6d-59ad1da5	\N	\N	undefined4 __thiscall FUN_59ad1d6d(uint param_1)
59ad1dab	FUN_59ad1dab	FUN_59ad1dab	Global	DEFAULT	ANALYSIS	__fastcall	undefined4	1	false	\N	false	59ad1dab-59ad208f	\N	\N	undefined4 __fastcall FUN_59ad1dab(void * param_1)
59ad2095	FUN_59ad2095	FUN_59ad2095	Global	DEFAULT	ANALYSIS	__thiscall	undefined4	6	false	\N	false	59ad2095-59ad2115	\N	\N	undefined4 __thiscall FUN_59ad2095(undefined4 param_1, undefined4 * param_2, undefined4 * param_3, int param_4, undefined4 param_5)
59ad211b	FUN_59ad211b	FUN_59ad211b	Global	DEFAULT	ANALYSIS	__fastcall	bool	1	false	\N	false	59ad211b-59ad2218	\N	\N	bool __fastcall FUN_59ad211b(void * param_1)
59ad221e	FUN_59ad221e	FUN_59ad221e	Global	DEFAULT	ANALYSIS	__fastcall	undefined4	1	false	\N	false	59ad221e-59ad224a	\N	\N	undefined4 __fastcall FUN_59ad221e(void * param_1)
59ad2250	FUN_59ad2250	FUN_59ad2250	Global	DEFAULT	ANALYSIS	__thiscall	bool	3	false	\N	false	59ad2250-59ad24f9	\N	\N	bool __thiscall FUN_59ad2250(uint * param_1, uint * param_2)
59ad24ff	FUN_59ad24ff	FUN_59ad24ff	Global	DEFAULT	ANALYSIS	__thiscall	undefined	4	false	\N	false	59ad24ff-59ad26f5	\N	\N	undefined __thiscall FUN_59ad24ff(uint param_1, int * param_2, uint * param_3)
59ad26fb	FUN_59ad26fb	FUN_59ad26fb	Global	DEFAULT	ANALYSIS	__thiscall	undefined4	3	false	\N	false	59ad26fb-59ad276e	\N	\N	undefined4 __thiscall FUN_59ad26fb(uint param_1, undefined4 * param_2)
59ad2774	FUN_59ad2774	FUN_59ad2774	Global	DEFAULT	ANALYSIS	__thiscall	undefined4	4	false	\N	false	59ad2774-59ad2834	\N	\N	undefined4 __thiscall FUN_59ad2774(uint * param_1, int param_2, uint * param_3)
59ad283a	FUN_59ad283a	FUN_59ad283a	Global	DEFAULT	ANALYSIS	__fastcall	int	1	false	\N	false	59ad283a-59ad2a18	\N	\N	int __fastcall FUN_59ad283a(void * param_1)
59ad2a1e	FUN_59ad2a1e	FUN_59ad2a1e	Global	DEFAULT	ANALYSIS	__fastcall	undefined4	1	false	\N	false	59ad2a1e-59ad2a5f	\N	\N	undefined4 __fastcall FUN_59ad2a1e(void * param_1)
59ad2a65	FUN_59ad2a65	FUN_59ad2a65	Global	DEFAULT	ANALYSIS	__thiscall	uint	3	false	\N	false	59ad2a65-59ad2b04	\N	\N	uint __thiscall FUN_59ad2a65(int * param_1, int * param_2)
59ad2b0a	FUN_59ad2b0a	FUN_59ad2b0a	Global	DEFAULT	ANALYSIS	__thiscall	int	2	false	\N	false	59ad2b0a-59ad2baa	\N	\N	int __thiscall FUN_59ad2b0a(char * param_1)
59ad2bb0	FUN_59ad2bb0	FUN_59ad2bb0	Global	DEFAULT	ANALYSIS	__thiscall	void *	2	false	\N	false	59ad2bb0-59ad2bcd	\N	\N	void * __thiscall FUN_59ad2bb0(byte param_1)
59ad2c30	FUN_59ad2c30	FUN_59ad2c30	Global	DEFAULT	ANALYSIS	__thiscall	undefined	2	false	\N	false	59ad2c30-59ad2efa	\N	\N	undefined __thiscall FUN_59ad2c30(int * param_1)
59ad2f36	FUN_59ad2f36	FUN_59ad2f36	Global	DEFAULT	ANALYSIS	__thiscall	undefined4	3	false	\N	false	59ad2f36-59ad2f83	\N	\N	undefined4 __thiscall FUN_59ad2f36(int * param_1, int * param_2)
59ad2f89	FUN_59ad2f89	FUN_59ad2f89	Global	DEFAULT	ANALYSIS	__thiscall	bool	3	false	\N	false	59ad2f89-59ad2fca	\N	\N	bool __thiscall FUN_59ad2f89(char * param_1, int * param_2)
59ad2fd0	FUN_59ad2fd0	FUN_59ad2fd0	Global	DEFAULT	ANALYSIS	__fastcall	undefined	1	false	\N	false	59ad2fd0-59ad2fec	\N	\N	undefined __fastcall FUN_59ad2fd0(uint * param_1)
59ad302a	FUN_59ad302a	FUN_59ad302a	Global	DEFAULT	ANALYSIS	__thiscall	undefined4	4	false	\N	false	59ad302a-59ad3065	\N	\N	undefined4 __thiscall FUN_59ad302a(undefined4 param_1, undefined4 param_2, int param_3)
59ad3157	FUN_59ad3157	FUN_59ad3157	Global	DEFAULT	ANALYSIS	__thiscall	undefined4	3	false	\N	false	59ad3157-59ad31e2	\N	\N	undefined4 __thiscall FUN_59ad3157(int param_1, uint * param_2)
59ad31e8	FUN_59ad31e8	FUN_59ad31e8	Global	DEFAULT	ANALYSIS	__thiscall	bool	3	false	\N	false	59ad31e8-59ad3219	\N	\N	bool __thiscall FUN_59ad31e8(uint param_1, int * param_2)
59ad321f	FUN_59ad321f	FUN_59ad321f	Global	DEFAULT	ANALYSIS	__fastcall	undefined4	1	false	\N	false	59ad321f-59ad32d0	\N	\N	undefined4 __fastcall FUN_59ad321f(int * param_1)
59ad32d6	FUN_59ad32d6	FUN_59ad32d6	Global	DEFAULT	ANALYSIS	__thiscall	bool	3	false	\N	false	59ad32d6-59ad32ff	\N	\N	bool __thiscall FUN_59ad32d6(undefined4 * param_1, undefined4 * param_2)
59ad3305	FUN_59ad3305	FUN_59ad3305	Global	DEFAULT	ANALYSIS	__thiscall	undefined4	3	false	\N	false	59ad3305-59ad3368	\N	\N	undefined4 __thiscall FUN_59ad3305(uint param_1, undefined4 param_2)
59ad336e	FUN_59ad336e	FUN_59ad336e	Global	DEFAULT	ANALYSIS	__thiscall	undefined4	3	false	\N	false	59ad336e-59ad33ec	\N	\N	undefined4 __thiscall FUN_59ad336e(char * param_1, uint * param_2)
59ad33f2	FUN_59ad33f2	FUN_59ad33f2	Global	DEFAULT	ANALYSIS	__thiscall	undefined4	3	false	\N	false	59ad33f2-59ad3444	\N	\N	undefined4 __thiscall FUN_59ad33f2(char * param_1, undefined4 * param_2)
59ad344a	FUN_59ad344a	FUN_59ad344a	Global	DEFAULT	ANALYSIS	__cdecl	undefined	3	false	\N	false	59ad344a-59ad34e3	\N	\N	undefined __cdecl FUN_59ad344a(wchar_t * param_1, wchar_t * param_2, int param_3)
59ad34e9	FUN_59ad34e9	FUN_59ad34e9	Global	DEFAULT	ANALYSIS	__cdecl	undefined	3	false	\N	false	59ad34e9-59ad3589	\N	\N	undefined __cdecl FUN_59ad34e9(wchar_t * param_1, wchar_t * param_2, size_t param_3)
59ad358f	FUN_59ad358f	FUN_59ad358f	Global	DEFAULT	ANALYSIS	__cdecl	bool	1	false	\N	false	59ad358f-59ad35f6	\N	\N	bool __cdecl FUN_59ad358f(BYTE * param_1)
59ad35fc	FUN_59ad35fc	FUN_59ad35fc	Global	DEFAULT	ANALYSIS	__cdecl	undefined	1	false	\N	false	59ad35fc-59ad3690;59ad36d6-59ad36e7	\N	\N	undefined __cdecl FUN_59ad35fc(UUID * param_1)
59ad370f	FUN_59ad370f	FUN_59ad370f	Global	DEFAULT	ANALYSIS	__fastcall	undefined	1	false	\N	false	59ad370f-59ad3718	\N	\N	undefined __fastcall FUN_59ad370f(undefined4 * param_1)
59ad371e	FUN_59ad371e	FUN_59ad371e	Global	DEFAULT	ANALYSIS	__fastcall	undefined	1	false	\N	false	59ad371e-59ad373c	\N	\N	undefined __fastcall FUN_59ad371e(undefined4 * param_1)
59ad3742	FUN_59ad3742	FUN_59ad3742	Global	DEFAULT	ANALYSIS	__thiscall	uint	2	false	\N	false	59ad3742-59ad3763	\N	\N	uint __thiscall FUN_59ad3742(uint param_1)
59ad3769	FUN_59ad3769	FUN_59ad3769	Global	DEFAULT	ANALYSIS	__stdcall	undefined	5	false	\N	false	59ad3769-59ad37c5	\N	\N	undefined __stdcall FUN_59ad3769(undefined4 * param_1, undefined4 * param_2, uint param_3, char param_4, undefined4 * param_5)
59ad37cb	FUN_59ad37cb	FUN_59ad37cb	Global	DEFAULT	ANALYSIS	__stdcall	undefined	4	false	\N	false	59ad37cb-59ad3819	\N	\N	undefined __stdcall FUN_59ad37cb(undefined4 * param_1, undefined4 * param_2, uint param_3, char param_4)
59ad381f	FUN_59ad381f	FUN_59ad381f	Global	DEFAULT	ANALYSIS	__thiscall	undefined4	2	false	\N	false	59ad381f-59ad3872	\N	\N	undefined4 __thiscall FUN_59ad381f(int param_1)
59ad3878	FUN_59ad3878	FUN_59ad3878	Global	DEFAULT	ANALYSIS	__stdcall	undefined4	1	false	\N	false	59ad3878-59ad388d	\N	\N	undefined4 __stdcall FUN_59ad3878(uint param_1)
59ad3893	FUN_59ad3893	FUN_59ad3893	Global	DEFAULT	ANALYSIS	__fastcall	undefined4	1	false	\N	false	59ad3893-59ad38e1	\N	\N	undefined4 __fastcall FUN_59ad3893(void * param_1)
59ad38e7	FUN_59ad38e7	FUN_59ad38e7	Global	DEFAULT	ANALYSIS	__thiscall	undefined	2	false	\N	false	59ad38e7-59ad3904	\N	\N	undefined __thiscall FUN_59ad38e7(undefined4 param_1)
59ad3916	FUN_59ad3916	FUN_59ad3916	Global	DEFAULT	ANALYSIS	__thiscall	undefined4	4	false	\N	false	59ad3916-59ad3947	\N	\N	undefined4 __thiscall FUN_59ad3916(undefined4 param_1, undefined4 param_2, int param_3)
59ad394d	FUN_59ad394d	FUN_59ad394d	Global	DEFAULT	ANALYSIS	__thiscall	undefined4	8	false	\N	false	59ad394d-59ad3a31	\N	\N	undefined4 __thiscall FUN_59ad394d(int param_1, int param_2, uint param_3, int param_4, int * param_5, undefined * param_6, undefined * param_7)
59ad3a37	FUN_59ad3a37	FUN_59ad3a37	Global	DEFAULT	ANALYSIS	__thiscall	undefined4	3	false	\N	false	59ad3a37-59ad3a9f	\N	\N	undefined4 __thiscall FUN_59ad3a37(int param_1, undefined4 param_2)
59ad3aa5	FUN_59ad3aa5	FUN_59ad3aa5	Global	DEFAULT	ANALYSIS	__thiscall	undefined4	3	false	\N	false	59ad3aa5-59ad3af1	\N	\N	undefined4 __thiscall FUN_59ad3aa5(int param_1, undefined4 param_2)
59ad3af7	FUN_59ad3af7	FUN_59ad3af7	Global	DEFAULT	ANALYSIS	__fastcall	undefined	1	false	\N	false	59ad3af7-59ad3b0c	\N	\N	undefined __fastcall FUN_59ad3af7(int * param_1)
59ad3b12	FUN_59ad3b12	FUN_59ad3b12	Global	DEFAULT	ANALYSIS	__thiscall	undefined4	3	false	\N	false	59ad3b12-59ad3b5b	\N	\N	undefined4 __thiscall FUN_59ad3b12(int param_1, byte param_2)
59ad3b61	FUN_59ad3b61	FUN_59ad3b61	Global	DEFAULT	ANALYSIS	__fastcall	undefined	1	false	\N	false	59ad3b61-59ad3b7d	\N	\N	undefined __fastcall FUN_59ad3b61(undefined4 * param_1)
59ad3b83	FUN_59ad3b83	FUN_59ad3b83	Global	DEFAULT	ANALYSIS	__thiscall	uint	2	false	\N	false	59ad3b83-59ad3bc5	\N	\N	uint __thiscall FUN_59ad3b83(uint param_1)
59ad3bcb	FUN_59ad3bcb	FUN_59ad3bcb	Global	DEFAULT	ANALYSIS	__thiscall	undefined	2	false	\N	false	59ad3bcb-59ad3bea	\N	\N	undefined __thiscall FUN_59ad3bcb(uint param_1)
59ad3bf0	FUN_59ad3bf0	FUN_59ad3bf0	Global	DEFAULT	ANALYSIS	__thiscall	undefined	2	false	\N	false	59ad3bf0-59ad3c18	\N	\N	undefined __thiscall FUN_59ad3bf0(uint param_1)
59ad3c1e	FUN_59ad3c1e	FUN_59ad3c1e	Global	DEFAULT	ANALYSIS	__fastcall	undefined	1	false	\N	false	59ad3c1e-59ad3c37	\N	\N	undefined __fastcall FUN_59ad3c1e(int param_1)
59ad3c3d	FUN_59ad3c3d	FUN_59ad3c3d	Global	DEFAULT	ANALYSIS	__fastcall	undefined	1	false	\N	false	59ad3c3d-59ad3c56	\N	\N	undefined __fastcall FUN_59ad3c3d(int param_1)
59ad3c5c	FUN_59ad3c5c	FUN_59ad3c5c	Global	DEFAULT	ANALYSIS	__thiscall	undefined4	2	false	\N	false	59ad3c5c-59ad3d1b	\N	\N	undefined4 __thiscall FUN_59ad3c5c(uint * param_1)
59ad3d21	FUN_59ad3d21	FUN_59ad3d21	Global	DEFAULT	ANALYSIS	__thiscall	void *	2	false	\N	false	59ad3d21-59ad3d7b	\N	\N	void * __thiscall FUN_59ad3d21(undefined4 * param_1)
59ad3d81	FUN_59ad3d81	FUN_59ad3d81	Global	DEFAULT	ANALYSIS	__thiscall	bool	2	false	\N	false	59ad3d81-59ad3dd5	\N	\N	bool __thiscall FUN_59ad3d81(int param_1)
59ad3ddb	FUN_59ad3ddb	FUN_59ad3ddb	Global	DEFAULT	ANALYSIS	__fastcall	undefined	1	false	\N	false	59ad3ddb-59ad3df6	\N	\N	undefined __fastcall FUN_59ad3ddb(int param_1)
59ad3dfc	FUN_59ad3dfc	FUN_59ad3dfc	Global	DEFAULT	ANALYSIS	__thiscall	undefined4	2	false	\N	false	59ad3dfc-59ad3e24	\N	\N	undefined4 __thiscall FUN_59ad3dfc(uint param_1)
59ad3e2a	FUN_59ad3e2a	FUN_59ad3e2a	Global	DEFAULT	ANALYSIS	__thiscall	undefined	2	false	\N	false	59ad3e2a-59ad3e69	\N	\N	undefined __thiscall FUN_59ad3e2a(uint param_1)
59ad3e6f	FUN_59ad3e6f	FUN_59ad3e6f	Global	DEFAULT	ANALYSIS	__thiscall	undefined4	3	false	\N	false	59ad3e6f-59ad3ec6	\N	\N	undefined4 __thiscall FUN_59ad3e6f(uint param_1, int param_2)
59ad3ecc	FUN_59ad3ecc	FUN_59ad3ecc	Global	DEFAULT	ANALYSIS	__thiscall	undefined4	2	false	\N	false	59ad3ecc-59ad3f2d	\N	\N	undefined4 __thiscall FUN_59ad3ecc(int * param_1)
59ad3f33	FUN_59ad3f33	FUN_59ad3f33	Global	DEFAULT	ANALYSIS	__fastcall	undefined	1	false	\N	false	59ad3f33-59ad3f8d	\N	\N	undefined __fastcall FUN_59ad3f33(int param_1)
59ad3fcc	FUN_59ad3fcc	FUN_59ad3fcc	Global	DEFAULT	ANALYSIS	__thiscall	undefined4	2	false	\N	false	59ad3fcc-59ad4067	\N	\N	undefined4 __thiscall FUN_59ad3fcc(uint param_1)
59ad406d	FUN_59ad406d	FUN_59ad406d	Global	DEFAULT	ANALYSIS	__thiscall	void *	2	false	\N	false	59ad406d-59ad408c	\N	\N	void * __thiscall FUN_59ad406d(int * param_1)
59ad4092	FUN_59ad4092	FUN_59ad4092	Global	DEFAULT	ANALYSIS	__thiscall	undefined4	2	false	\N	false	59ad4092-59ad412b	\N	\N	undefined4 __thiscall FUN_59ad4092(uint param_1)
59ad4154	FUN_59ad4154	FUN_59ad4154	Global	DEFAULT	ANALYSIS	__stdcall	undefined4	4	false	\N	false	59ad4154-59ad4194	\N	\N	undefined4 __stdcall FUN_59ad4154(int param_1, void * param_2, uint param_3, uint * param_4)
59ad419a	FUN_59ad419a	FUN_59ad419a	Global	DEFAULT	ANALYSIS	__thiscall	uint	3	false	\N	false	59ad419a-59ad4207;59ad4247-59ad4272	\N	\N	uint __thiscall FUN_59ad419a(void * param_1, uint param_2)
59ad4278	FUN_59ad4278	FUN_59ad4278	Global	DEFAULT	ANALYSIS	__stdcall	undefined4	4	false	\N	false	59ad4278-59ad42b8	\N	\N	undefined4 __stdcall FUN_59ad4278(int param_1, void * param_2, uint param_3, uint * param_4)
59ad42be	FUN_59ad42be	FUN_59ad42be	Global	DEFAULT	ANALYSIS	__thiscall	uint	3	false	\N	false	59ad42be-59ad42fd;59ad433d-59ad4368	\N	\N	uint __thiscall FUN_59ad42be(void * param_1, uint param_2)
59ad436e	FUN_59ad436e	FUN_59ad436e	Global	DEFAULT	ANALYSIS	__stdcall	undefined4	5	false	\N	false	59ad436e-59ad43b0	\N	\N	undefined4 __stdcall FUN_59ad436e(int param_1, uint param_2, uint param_3, int param_4, uint * param_5)
59ad43b6	FUN_59ad43b6	FUN_59ad43b6	Global	DEFAULT	ANALYSIS	__thiscall	undefined	5	false	\N	false	59ad43b6-59ad4424	\N	\N	undefined __thiscall FUN_59ad43b6(uint * param_1, uint param_2, int param_3, int param_4)
59ad4485	FUN_59ad4485	FUN_59ad4485	Global	DEFAULT	ANALYSIS	__thiscall	undefined4 *	2	false	\N	false	59ad4485-59ad448c;59ad4492-59ad44af	\N	\N	undefined4 * __thiscall FUN_59ad4485(byte param_1)
59ad44b5	FUN_59ad44b5	FUN_59ad44b5	Global	DEFAULT	ANALYSIS	__fastcall	undefined	1	false	\N	false	59ad44b5-59ad44d7	\N	\N	undefined __fastcall FUN_59ad44b5(undefined4 * param_1)
59ad44dd	FUN_59ad44dd	FUN_59ad44dd	Global	DEFAULT	ANALYSIS	__thiscall	undefined	3	false	\N	false	59ad44dd-59ad4507	\N	\N	undefined __thiscall FUN_59ad44dd(undefined4 param_1, undefined4 param_2)
59ad450d	FUN_59ad450d	FUN_59ad450d	Global	DEFAULT	ANALYSIS	__stdcall	uint	4	false	\N	false	59ad450d-59ad454e	\N	\N	uint __stdcall FUN_59ad450d(int param_1, void * param_2, uint param_3, int * param_4)
59ad4554	FUN_59ad4554	FUN_59ad4554	Global	DEFAULT	ANALYSIS	__stdcall	uint	4	false	\N	false	59ad4554-59ad4595	\N	\N	uint __stdcall FUN_59ad4554(int param_1, void * param_2, uint param_3, int * param_4)
59ad459b	FUN_59ad459b	FUN_59ad459b	Global	DEFAULT	ANALYSIS	__stdcall	undefined4	5	false	\N	false	59ad459b-59ad45da	\N	\N	undefined4 __stdcall FUN_59ad459b(int param_1, undefined4 param_2, undefined4 param_3, undefined4 param_4, longlong * param_5)
59ad4638	FUN_59ad4638	FUN_59ad4638	Global	DEFAULT	ANALYSIS	__fastcall	undefined	1	false	\N	false	59ad4638-59ad466a	\N	\N	undefined __fastcall FUN_59ad4638(undefined4 * param_1)
59ad4670	FUN_59ad4670	FUN_59ad4670	Global	DEFAULT	ANALYSIS	__fastcall	uint	1	false	\N	false	59ad4670-59ad473f	\N	\N	uint __fastcall FUN_59ad4670(uint * param_1)
59ad4745	FUN_59ad4745	FUN_59ad4745	Global	DEFAULT	ANALYSIS	__fastcall	undefined4 *	1	false	\N	false	59ad4745-59ad4776	\N	\N	undefined4 * __fastcall FUN_59ad4745(undefined4 * param_1)
59ad477c	FUN_59ad477c	FUN_59ad477c	Global	DEFAULT	ANALYSIS	__fastcall	undefined	1	false	\N	false	59ad477c-59ad47a3	\N	\N	undefined __fastcall FUN_59ad477c(int param_1)
59ad47a9	FUN_59ad47a9	FUN_59ad47a9	Global	DEFAULT	ANALYSIS	__thiscall	uint	4	false	\N	false	59ad47a9-59ad498a	\N	\N	uint __thiscall FUN_59ad47a9(int param_1, uint * param_2, int * param_3)
59ad4990	FUN_59ad4990	FUN_59ad4990	Global	DEFAULT	ANALYSIS	__thiscall	undefined4	4	false	\N	false	59ad4990-59ad4ba8	\N	\N	undefined4 __thiscall FUN_59ad4990(int param_1, ushort * param_2, uint * param_3)
59ad4bae	FUN_59ad4bae	FUN_59ad4bae	Global	DEFAULT	ANALYSIS	__thiscall	undefined4	5	false	\N	false	59ad4bae-59ad4bf5	\N	\N	undefined4 __thiscall FUN_59ad4bae(uint param_1, int param_2, int param_3, undefined4 param_4)
59ad4bfb	FUN_59ad4bfb	FUN_59ad4bfb	Global	DEFAULT	ANALYSIS	__thiscall	undefined4	5	false	\N	false	59ad4bfb-59ad4c42	\N	\N	undefined4 __thiscall FUN_59ad4bfb(uint param_1, int param_2, int param_3, undefined4 param_4)
59ad4c48	FUN_59ad4c48	FUN_59ad4c48	Global	DEFAULT	ANALYSIS	__thiscall	undefined4	6	false	\N	false	59ad4c48-59ad4d2c	\N	\N	undefined4 __thiscall FUN_59ad4c48(int param_1, int param_2, uint param_3, int param_4, int * param_5)
59ad4d64	FUN_59ad4d64	FUN_59ad4d64	Global	DEFAULT	ANALYSIS	__thiscall	undefined4	2	false	\N	false	59ad4d64-59ad4eb8	\N	\N	undefined4 __thiscall FUN_59ad4d64(uint param_1)
59ad4ebe	FUN_59ad4ebe	FUN_59ad4ebe	Global	DEFAULT	ANALYSIS	__thiscall	bool	2	false	\N	false	59ad4ebe-59ad4ef1	\N	\N	bool __thiscall FUN_59ad4ebe(undefined4 * param_1)
59ad4ef7	FUN_59ad4ef7	FUN_59ad4ef7	Global	DEFAULT	ANALYSIS	__thiscall	void *	2	false	\N	false	59ad4ef7-59ad4f29	\N	\N	void * __thiscall FUN_59ad4ef7(undefined4 * param_1)
59ad4f71	FUN_59ad4f71	FUN_59ad4f71	Global	DEFAULT	ANALYSIS	__stdcall	undefined	5	false	\N	false	59ad4f71-59ad4f91	\N	\N	undefined __stdcall FUN_59ad4f71(int param_1, undefined4 param_2, undefined4 param_3, undefined4 param_4, undefined4 param_5)
59ad4fcd	FUN_59ad4fcd	FUN_59ad4fcd	Global	DEFAULT	ANALYSIS	__stdcall	undefined	6	false	\N	false	59ad4fcd-59ad4ff0	\N	\N	undefined __stdcall FUN_59ad4fcd(int param_1, undefined4 param_2, undefined4 param_3, undefined4 param_4, undefined4 param_5, undefined4 param_6)
59ad500b	FUN_59ad500b	FUN_59ad500b	Global	DEFAULT	ANALYSIS	__stdcall	undefined	6	false	\N	false	59ad500b-59ad502e	\N	\N	undefined __stdcall FUN_59ad500b(int param_1, undefined4 param_2, undefined4 param_3, undefined4 param_4, undefined4 param_5, undefined4 param_6)
59ad5034	FUN_59ad5034	FUN_59ad5034	Global	DEFAULT	ANALYSIS	__stdcall	undefined	6	false	\N	false	59ad5034-59ad5057	\N	\N	undefined __stdcall FUN_59ad5034(int param_1, undefined4 param_2, undefined4 param_3, undefined4 param_4, undefined4 param_5, undefined4 param_6)
59ad50a6	FUN_59ad50a6	FUN_59ad50a6	Global	DEFAULT	ANALYSIS	__fastcall	undefined	1	false	\N	false	59ad50a6-59ad50c9	\N	\N	undefined __fastcall FUN_59ad50a6(undefined4 * param_1)
59ad50cf	FUN_59ad50cf	FUN_59ad50cf	Global	DEFAULT	ANALYSIS	__cdecl	undefined4 *	4	false	\N	false	59ad50cf-59ad5138	\N	\N	undefined4 * __cdecl FUN_59ad50cf(wchar_t * param_1, int param_2, undefined4 * param_3, undefined4 * param_4)
59ad513e	FUN_59ad513e	FUN_59ad513e	Global	DEFAULT	ANALYSIS	__cdecl	undefined	3	false	\N	false	59ad513e-59ad52b4	\N	\N	undefined __cdecl FUN_59ad513e(wchar_t * param_1, int param_2, int param_3)
59ad52ba	FUN_59ad52ba	FUN_59ad52ba	Global	DEFAULT	ANALYSIS	__cdecl	undefined4	1	false	\N	false	59ad52ba-59ad52ef	\N	\N	undefined4 __cdecl FUN_59ad52ba(intptr_t param_1)
59ad52f5	FUN_59ad52f5	FUN_59ad52f5	Global	DEFAULT	ANALYSIS	__fastcall	undefined	1	false	\N	false	59ad52f5-59ad530e	\N	\N	undefined __fastcall FUN_59ad52f5(int param_1)
59ad5314	FUN_59ad5314	FUN_59ad5314	Global	DEFAULT	ANALYSIS	__fastcall	undefined4 *	1	false	\N	false	59ad5314-59ad5369	\N	\N	undefined4 * __fastcall FUN_59ad5314(undefined4 * param_1)
59ad53ab	FUN_59ad53ab	FUN_59ad53ab	Global	DEFAULT	ANALYSIS	__fastcall	undefined	1	false	\N	false	59ad53ab-59ad5400	\N	\N	undefined __fastcall FUN_59ad53ab(undefined4 * param_1)
59ad5406	FUN_59ad5406	FUN_59ad5406	Global	DEFAULT	ANALYSIS	__thiscall	undefined	3	false	\N	false	59ad5406-59ad541e	\N	\N	undefined __thiscall FUN_59ad5406(uint param_1, undefined4 param_2)
59ad5424	FUN_59ad5424	FUN_59ad5424	Global	DEFAULT	ANALYSIS	__thiscall	undefined4	3	false	\N	false	59ad5424-59ad54d2	\N	\N	undefined4 __thiscall FUN_59ad5424(void * param_1, int param_2)
59ad54d8	FUN_59ad54d8	FUN_59ad54d8	Global	DEFAULT	ANALYSIS	__fastcall	undefined4	1	false	\N	false	59ad54d8-59ad5528	\N	\N	undefined4 __fastcall FUN_59ad54d8(int param_1)
59ad552e	FUN_59ad552e	FUN_59ad552e	Global	DEFAULT	ANALYSIS	__thiscall	bool	2	false	\N	false	59ad552e-59ad557d	\N	\N	bool __thiscall FUN_59ad552e(undefined4 param_1)
59ad5583	FUN_59ad5583	FUN_59ad5583	Global	DEFAULT	ANALYSIS	__thiscall	void *	2	false	\N	false	59ad5583-59ad55a0	\N	\N	void * __thiscall FUN_59ad5583(byte param_1)
59ad55a6	FUN_59ad55a6	FUN_59ad55a6	Global	DEFAULT	ANALYSIS	__thiscall	undefined4	2	false	\N	false	59ad55a6-59ad5634	\N	\N	undefined4 __thiscall FUN_59ad55a6(undefined * param_1)
59ad5690	FUN_59ad5690	FUN_59ad5690	Global	DEFAULT	ANALYSIS	__thiscall	bool	3	false	\N	false	59ad5690-59ad56b6	\N	\N	bool __thiscall FUN_59ad5690(undefined4 * param_1, int * param_2)
59ad56bc	FUN_59ad56bc	FUN_59ad56bc	Global	DEFAULT	ANALYSIS	__cdecl	void *	1	false	\N	false	59ad56bc-59ad56d6	\N	\N	void * __cdecl FUN_59ad56bc(undefined4 * param_1)
59ad56dc	FUN_59ad56dc	FUN_59ad56dc	Global	DEFAULT	ANALYSIS	__fastcall	uint	1	false	\N	false	59ad56dc-59ad5734	\N	\N	uint __fastcall FUN_59ad56dc(uint param_1)
59ad573a	FUN_59ad573a	FUN_59ad573a	Global	DEFAULT	ANALYSIS	__fastcall	uint	1	false	\N	false	59ad573a-59ad57f2	\N	\N	uint __fastcall FUN_59ad573a(void * param_1)
59ad57f8	FUN_59ad57f8	FUN_59ad57f8	Global	DEFAULT	ANALYSIS	__thiscall	bool	5	false	\N	false	59ad57f8-59ad58a3	\N	\N	bool __thiscall FUN_59ad57f8(int param_1, int param_2, int param_3, int param_4)
59ad58a9	FUN_59ad58a9	FUN_59ad58a9	Global	DEFAULT	ANALYSIS	__thiscall	undefined4	4	false	\N	false	59ad58a9-59ad58ed	\N	\N	undefined4 __thiscall FUN_59ad58a9(uint * param_1, int param_2, undefined4 param_3)
59ad593c	FUN_59ad593c	FUN_59ad593c	Global	DEFAULT	ANALYSIS	__thiscall	undefined4	4	false	\N	false	59ad593c-59ad59bd	\N	\N	undefined4 __thiscall FUN_59ad593c(uint param_1, int param_2, int param_3)
59ad59c3	FUN_59ad59c3	FUN_59ad59c3	Global	DEFAULT	ANALYSIS	__thiscall	undefined4	4	false	\N	false	59ad59c3-59ad5b9a	\N	\N	undefined4 __thiscall FUN_59ad59c3(ushort param_1, undefined1 * param_2, undefined4 * param_3)
59ad5ba0	FUN_59ad5ba0	FUN_59ad5ba0	Global	DEFAULT	ANALYSIS	__thiscall	uint	4	false	\N	false	59ad5ba0-59ad5ca1	\N	\N	uint __thiscall FUN_59ad5ba0(uint * param_1, int * param_2, void * param_3)
59ad5ca7	FUN_59ad5ca7	FUN_59ad5ca7	Global	DEFAULT	ANALYSIS	__thiscall	uint	5	false	\N	false	59ad5ca7-59ad5ce2	\N	\N	uint __thiscall FUN_59ad5ca7(int param_1, uint * param_2, int * param_3, void * param_4)
59ad5ce8	FUN_59ad5ce8	FUN_59ad5ce8	Global	DEFAULT	ANALYSIS	__thiscall	undefined	3	false	\N	false	59ad5ce8-59ad5d15	\N	\N	undefined __thiscall FUN_59ad5ce8(undefined4 param_1, char param_2)
59ad5d37	FUN_59ad5d37	FUN_59ad5d37	Global	DEFAULT	ANALYSIS	__thiscall	undefined	5	false	\N	false	59ad5d37-59ad5dc1	\N	\N	undefined __thiscall FUN_59ad5d37(uint * param_1, int param_2, uint param_3, undefined4 * param_4)
59ad5dc7	FUN_59ad5dc7	FUN_59ad5dc7	Global	DEFAULT	ANALYSIS	__fastcall	undefined4	1	false	\N	false	59ad5dc7-59ad5f2e	\N	\N	undefined4 __fastcall FUN_59ad5dc7(void * param_1)
59ad5f34	FUN_59ad5f34	FUN_59ad5f34	Global	DEFAULT	ANALYSIS	__thiscall	bool	3	false	\N	false	59ad5f34-59ad607a	\N	\N	bool __thiscall FUN_59ad5f34(undefined4 * param_1, undefined4 param_2)
59ad6080	FUN_59ad6080	FUN_59ad6080	Global	DEFAULT	ANALYSIS	__fastcall	undefined4	1	false	\N	false	59ad6080-59ad61ea	\N	\N	undefined4 __fastcall FUN_59ad6080(void * param_1)
59ad61f0	FUN_59ad61f0	FUN_59ad61f0	Global	DEFAULT	ANALYSIS	__thiscall	undefined4	5	false	\N	false	59ad61f0-59ad625f	\N	\N	undefined4 __thiscall FUN_59ad61f0(uint param_1, uint param_2, int param_3, int param_4)
59ad6440	FUN_59ad6440	FUN_59ad6440	Global	DEFAULT	ANALYSIS	__thiscall	undefined4	2	false	\N	false	59ad6440-59ad64aa	\N	\N	undefined4 __thiscall FUN_59ad6440(undefined4 * param_1)
59ad64b0	FUN_59ad64b0	FUN_59ad64b0	Global	DEFAULT	ANALYSIS	__thiscall	bool	3	false	\N	false	59ad64b0-59ad64e9	\N	\N	bool __thiscall FUN_59ad64b0(undefined4 * param_1, int param_2)
59ad64ef	FUN_59ad64ef	FUN_59ad64ef	Global	DEFAULT	ANALYSIS	__thiscall	undefined	5	false	\N	false	59ad64ef-59ad659a	\N	\N	undefined __thiscall FUN_59ad64ef(undefined4 * param_1, undefined4 param_2, undefined4 * param_3, int param_4)
59ad65a0	FUN_59ad65a0	FUN_59ad65a0	Global	DEFAULT	ANALYSIS	__thiscall	uint	5	false	\N	false	59ad65a0-59ad6631	\N	\N	uint __thiscall FUN_59ad65a0(wchar_t * param_1, int param_2, int * param_3, int param_4)
59ad6637	FUN_59ad6637	FUN_59ad6637	Global	DEFAULT	ANALYSIS	__cdecl	undefined4 *	4	false	\N	false	59ad6637-59ad6690	\N	\N	undefined4 * __cdecl FUN_59ad6637(undefined4 * param_1, undefined4 param_2, undefined4 * param_3, int param_4)
59ad6696	FUN_59ad6696	FUN_59ad6696	Global	DEFAULT	ANALYSIS	__cdecl	undefined4 *	4	false	\N	false	59ad6696-59ad66ef	\N	\N	undefined4 * __cdecl FUN_59ad6696(wchar_t * param_1, int param_2, int * param_3, int param_4)
59ad66f5	FUN_59ad66f5	FUN_59ad66f5	Global	DEFAULT	ANALYSIS	__cdecl	wchar_t *	1	false	\N	false	59ad66f5-59ad675e	\N	\N	wchar_t * __cdecl FUN_59ad66f5(wchar_t * param_1)
59ad6764	FUN_59ad6764	FUN_59ad6764	Global	DEFAULT	ANALYSIS	__cdecl	undefined	1	false	\N	false	59ad6764-59ad680c	\N	\N	undefined __cdecl FUN_59ad6764(LPCSTR param_1)
59ad6812	FUN_59ad6812	FUN_59ad6812	Global	DEFAULT	ANALYSIS	__cdecl	uint	3	false	\N	false	59ad6812-59ad6844	\N	\N	uint __cdecl FUN_59ad6812(byte * param_1, int param_2, uint param_3)
59ad687f	FUN_59ad687f	FUN_59ad687f	Global	DEFAULT	ANALYSIS	__thiscall	undefined	3	false	\N	false	59ad687f-59ad6934	\N	\N	undefined __thiscall FUN_59ad687f(int param_1, int param_2)
59ad693a	FUN_59ad693a	FUN_59ad693a	Global	DEFAULT	ANALYSIS	__stdcall	undefined	4	false	\N	false	59ad693a-59ad6966;59ad699f-59ad69a6	\N	\N	undefined __stdcall FUN_59ad693a(uint * param_1, uint param_2, int * param_3, uint param_4)
59ad69ac	FUN_59ad69ac	FUN_59ad69ac	Global	DEFAULT	ANALYSIS	__stdcall	undefined	4	false	\N	false	59ad69ac-59ad69d8;59ad6a11-59ad6a18	\N	\N	undefined __stdcall FUN_59ad69ac(undefined1 param_1, undefined4 * param_2, int param_3, undefined1 param_4)
59ad6a83	FUN_59ad6a83	FUN_59ad6a83	Global	DEFAULT	ANALYSIS	__cdecl	undefined	1	false	\N	false	59ad6a83-59ad6abb	\N	\N	undefined __cdecl FUN_59ad6a83(char * param_1)
59ad6ac1	FUN_59ad6ac1	FUN_59ad6ac1	Global	DEFAULT	ANALYSIS	__fastcall	undefined	1	false	\N	false	59ad6ac1-59ad6ad7	\N	\N	undefined __fastcall FUN_59ad6ac1(int param_1)
59ad6add	FUN_59ad6add	FUN_59ad6add	Global	DEFAULT	ANALYSIS	__thiscall	uint	2	false	\N	false	59ad6add-59ad6b38	\N	\N	uint __thiscall FUN_59ad6add(uint param_1)
59ad6b3e	FUN_59ad6b3e	FUN_59ad6b3e	Global	DEFAULT	ANALYSIS	__thiscall	byte	2	false	\N	false	59ad6b3e-59ad6bb5	\N	\N	byte __thiscall FUN_59ad6b3e(uint param_1)
59ad6bbb	FUN_59ad6bbb	FUN_59ad6bbb	Global	DEFAULT	ANALYSIS	__thiscall	undefined	2	false	\N	false	59ad6bbb-59ad6bdc	\N	\N	undefined __thiscall FUN_59ad6bbb(int param_1)
59ad6be2	FUN_59ad6be2	FUN_59ad6be2	Global	DEFAULT	ANALYSIS	__thiscall	undefined	2	false	\N	false	59ad6be2-59ad6c16	\N	\N	undefined __thiscall FUN_59ad6be2(int param_1)
59ad6c1c	FUN_59ad6c1c	FUN_59ad6c1c	Global	DEFAULT	ANALYSIS	__thiscall	undefined	7	false	\N	false	59ad6c1c-59ad6c3d	\N	\N	undefined __thiscall FUN_59ad6c1c(undefined4 param_1, undefined4 param_2, undefined4 param_3, undefined4 param_4, undefined4 param_5, undefined4 param_6)
59ad6c43	FUN_59ad6c43	FUN_59ad6c43	Global	DEFAULT	ANALYSIS	__fastcall	undefined	1	false	\N	false	59ad6c43-59ad6c60	\N	\N	undefined __fastcall FUN_59ad6c43(char * param_1)
59ad6c66	FUN_59ad6c66	FUN_59ad6c66	Global	DEFAULT	ANALYSIS	__stdcall	undefined4	2	false	\N	false	59ad6c66-59ad6c92	\N	\N	undefined4 __stdcall FUN_59ad6c66(undefined4 * param_1, int * param_2)
59ad6c98	FUN_59ad6c98	FUN_59ad6c98	Global	DEFAULT	ANALYSIS	__cdecl	int	2	false	\N	false	59ad6c98-59ad6cb7	\N	\N	int __cdecl FUN_59ad6c98(uint param_1, void * param_2)
59ad6cbd	FUN_59ad6cbd	FUN_59ad6cbd	Global	DEFAULT	ANALYSIS	__thiscall	undefined	2	false	\N	false	59ad6cbd-59ad6cf3	\N	\N	undefined __thiscall FUN_59ad6cbd(char * param_1)
59ad6cf9	FUN_59ad6cf9	FUN_59ad6cf9	Global	DEFAULT	ANALYSIS	__thiscall	void *	2	false	\N	false	59ad6cf9-59ad6d11	\N	\N	void * __thiscall FUN_59ad6cf9(int * param_1)
59ad6d17	FUN_59ad6d17	FUN_59ad6d17	Global	DEFAULT	ANALYSIS	__fastcall	int *	1	false	\N	false	59ad6d17-59ad6d2e	\N	\N	int * __fastcall FUN_59ad6d17(int * param_1)
59ad6d34	FUN_59ad6d34	FUN_59ad6d34	Global	DEFAULT	ANALYSIS	__thiscall	undefined4	3	false	\N	false	59ad6d34-59ad6d64	\N	\N	undefined4 __thiscall FUN_59ad6d34(int param_1, int * param_2)
59ad6d6a	FUN_59ad6d6a	FUN_59ad6d6a	Global	DEFAULT	ANALYSIS	__thiscall	undefined4	2	false	\N	false	59ad6d6a-59ad6dce	\N	\N	undefined4 __thiscall FUN_59ad6d6a(uint param_1)
59ad6dd4	FUN_59ad6dd4	FUN_59ad6dd4	Global	DEFAULT	ANALYSIS	__thiscall	undefined	2	false	\N	false	59ad6dd4-59ad6de9	\N	\N	undefined __thiscall FUN_59ad6dd4(ushort param_1)
59ad6def	FUN_59ad6def	FUN_59ad6def	Global	DEFAULT	ANALYSIS	__fastcall	char *	1	false	\N	false	59ad6def-59ad6e13	\N	\N	char * __fastcall FUN_59ad6def(int param_1)
59ad6e19	FUN_59ad6e19	FUN_59ad6e19	Global	DEFAULT	ANALYSIS	__fastcall	int	1	false	\N	false	59ad6e19-59ad6e2b	\N	\N	int __fastcall FUN_59ad6e19(int param_1)
59ad6e31	FUN_59ad6e31	FUN_59ad6e31	Global	DEFAULT	ANALYSIS	__fastcall	undefined4	1	false	\N	false	59ad6e31-59ad6e43	\N	\N	undefined4 __fastcall FUN_59ad6e31(int param_1)
59ad6e49	FUN_59ad6e49	FUN_59ad6e49	Global	DEFAULT	ANALYSIS	__fastcall	undefined4	1	false	\N	false	59ad6e49-59ad6e5b	\N	\N	undefined4 __fastcall FUN_59ad6e49(int param_1)
59ad6e61	FUN_59ad6e61	FUN_59ad6e61	Global	DEFAULT	ANALYSIS	__fastcall	undefined4	1	false	\N	false	59ad6e61-59ad6e73	\N	\N	undefined4 __fastcall FUN_59ad6e61(int param_1)
59ad6e79	FUN_59ad6e79	FUN_59ad6e79	Global	DEFAULT	ANALYSIS	__thiscall	undefined	3	false	\N	false	59ad6e79-59ad6e92	\N	\N	undefined __thiscall FUN_59ad6e79(ushort param_1, uint * param_2)
59ad6e98	FUN_59ad6e98	FUN_59ad6e98	Global	DEFAULT	ANALYSIS	__thiscall	void *	2	false	\N	false	59ad6e98-59ad6f1d	\N	\N	void * __thiscall FUN_59ad6e98(ushort * param_1)
59ad6f5b	FUN_59ad6f5b	FUN_59ad6f5b	Global	DEFAULT	ANALYSIS	__thiscall	undefined4	3	false	\N	false	59ad6f5b-59ad704c	\N	\N	undefined4 __thiscall FUN_59ad6f5b(uint * param_1, ushort * param_2)
59ad7052	FUN_59ad7052	FUN_59ad7052	Global	DEFAULT	ANALYSIS	__thiscall	undefined	5	false	\N	false	59ad7052-59ad70be	\N	\N	undefined __thiscall FUN_59ad7052(char * param_1, undefined2 param_2, undefined4 param_3, undefined4 param_4)
59ad70c4	FUN_59ad70c4	FUN_59ad70c4	Global	DEFAULT	ANALYSIS	__thiscall	undefined	9	false	\N	false	59ad70c4-59ad712a	\N	\N	undefined __thiscall FUN_59ad70c4(LPCSTR param_1, undefined4 param_2, undefined4 param_3, undefined4 param_4, undefined4 param_5, undefined2 param_6, undefined4 param_7, undefined4 param_8)
59ad71cf	FUN_59ad71cf	FUN_59ad71cf	Global	DEFAULT	ANALYSIS	__fastcall	undefined4	1	false	\N	false	59ad71cf-59ad721c	\N	\N	undefined4 __fastcall FUN_59ad71cf(int param_1)
59ad7222	FUN_59ad7222	FUN_59ad7222	Global	DEFAULT	ANALYSIS	__thiscall	undefined4	5	false	\N	false	59ad7222-59ad729d	\N	\N	undefined4 __thiscall FUN_59ad7222(int param_1, int * param_2, undefined4 param_3, int param_4)
59ad72a3	FUN_59ad72a3	FUN_59ad72a3	Global	DEFAULT	ANALYSIS	__thiscall	int	3	false	\N	false	59ad72a3-59ad7325	\N	\N	int __thiscall FUN_59ad72a3(uint * param_1, size_t param_2)
59ad732b	FUN_59ad732b	FUN_59ad732b	Global	DEFAULT	ANALYSIS	__thiscall	undefined4	2	false	\N	false	59ad732b-59ad7402	\N	\N	undefined4 __thiscall FUN_59ad732b(int * param_1)
59ad7408	FUN_59ad7408	FUN_59ad7408	Global	DEFAULT	ANALYSIS	__fastcall	undefined4	1	false	\N	false	59ad7408-59ad753d	\N	\N	undefined4 __fastcall FUN_59ad7408(int param_1)
59ad7543	FUN_59ad7543	FUN_59ad7543	Global	DEFAULT	ANALYSIS	__thiscall	undefined	2	false	\N	false	59ad7543-59ad7567	\N	\N	undefined __thiscall FUN_59ad7543(ushort * param_1)
59ad756d	FUN_59ad756d	FUN_59ad756d	Global	DEFAULT	ANALYSIS	__thiscall	undefined	3	false	\N	false	59ad756d-59ad7593	\N	\N	undefined __thiscall FUN_59ad756d(ushort * param_1, undefined4 * param_2)
59ad7599	FUN_59ad7599	FUN_59ad7599	Global	DEFAULT	ANALYSIS	__thiscall	uint	3	false	\N	false	59ad7599-59ad763a	\N	\N	uint __thiscall FUN_59ad7599(uint param_1, int param_2)
59ad7640	FUN_59ad7640	FUN_59ad7640	Global	DEFAULT	ANALYSIS	__thiscall	undefined4	2	false	\N	false	59ad7640-59ad76e5	\N	\N	undefined4 __thiscall FUN_59ad7640(int param_1)
59ad7725	FUN_59ad7725	FUN_59ad7725	Global	DEFAULT	ANALYSIS	__thiscall	undefined4	8	false	\N	false	59ad7725-59ad782b	\N	\N	undefined4 __thiscall FUN_59ad7725(uint * param_1, int param_2, int param_3, undefined4 param_4, undefined4 * param_5, undefined4 * param_6, undefined4 * param_7)
59ad7831	FUN_59ad7831	FUN_59ad7831	Global	DEFAULT	ANALYSIS	__thiscall	int	3	false	\N	false	59ad7831-59ad787f	\N	\N	int __thiscall FUN_59ad7831(int param_1, int * param_2)
59ad7885	FUN_59ad7885	FUN_59ad7885	Global	DEFAULT	ANALYSIS	__thiscall	void *	2	false	\N	false	59ad7885-59ad78a9	\N	\N	void * __thiscall FUN_59ad7885(int * param_1)
59ad78af	FUN_59ad78af	FUN_59ad78af	Global	DEFAULT	ANALYSIS	__thiscall	uint	2	false	\N	false	59ad78af-59ad78dd	\N	\N	uint __thiscall FUN_59ad78af(void * param_1, uint param_2)
59ad78e3	FUN_59ad78e3	FUN_59ad78e3	Global	DEFAULT	ANALYSIS	__thiscall	bool	2	false	\N	false	59ad78e3-59ad7911	\N	\N	bool __thiscall FUN_59ad78e3(undefined2 * param_1)
59ad7917	FUN_59ad7917	FUN_59ad7917	Global	DEFAULT	ANALYSIS	__thiscall	uchar *	2	false	\N	false	59ad7917-59ad7966	\N	\N	uchar * __thiscall FUN_59ad7917(uchar * param_1)
59ad796c	FUN_59ad796c	FUN_59ad796c	Global	DEFAULT	ANALYSIS	__fastcall	undefined4	1	false	\N	false	59ad796c-59ad79ad	\N	\N	undefined4 __fastcall FUN_59ad796c(int param_1)
59ad79b3	FUN_59ad79b3	FUN_59ad79b3	Global	DEFAULT	ANALYSIS	__thiscall	bool	7	false	\N	false	59ad79b3-59ad7a12	\N	\N	bool __thiscall FUN_59ad79b3(undefined2 param_1, undefined4 param_2, undefined4 param_3, undefined4 param_4, undefined4 param_5, undefined4 param_6)
59ad7a18	FUN_59ad7a18	FUN_59ad7a18	Global	DEFAULT	ANALYSIS	__fastcall	undefined4	1	false	\N	false	59ad7a18-59ad7ad9	\N	\N	undefined4 __fastcall FUN_59ad7a18(void * param_1)
59ad7adf	FUN_59ad7adf	FUN_59ad7adf	Global	DEFAULT	ANALYSIS	__fastcall	void *	1	false	\N	false	59ad7adf-59ad7b35	\N	\N	void * __fastcall FUN_59ad7adf(void * param_1)
59ad7b3b	FUN_59ad7b3b	FUN_59ad7b3b	Global	DEFAULT	ANALYSIS	__thiscall	undefined4	3	false	\N	false	59ad7b3b-59ad7b8c	\N	\N	undefined4 __thiscall FUN_59ad7b3b(int param_1, int param_2)
59ad7b92	FUN_59ad7b92	FUN_59ad7b92	Global	DEFAULT	ANALYSIS	__thiscall	undefined4	3	false	\N	false	59ad7b92-59ad7d3b	\N	\N	undefined4 __thiscall FUN_59ad7b92(undefined4 * param_1, uint * param_2)
59ad7d41	FUN_59ad7d41	FUN_59ad7d41	Global	DEFAULT	ANALYSIS	__thiscall	undefined	3	false	\N	false	59ad7d41-59ad7d91	\N	\N	undefined __thiscall FUN_59ad7d41(uint param_1, char param_2)
59ad7d97	FUN_59ad7d97	FUN_59ad7d97	Global	DEFAULT	ANALYSIS	__cdecl	undefined	3	false	\N	false	59ad7d97-59ad7e09	\N	\N	undefined __cdecl FUN_59ad7d97(byte * param_1, LPSTR param_2, int param_3)
59ad7e0f	FUN_59ad7e0f	FUN_59ad7e0f	Global	DEFAULT	ANALYSIS	__cdecl	undefined	1	false	\N	false	59ad7e0f-59ad7e2f	\N	\N	undefined __cdecl FUN_59ad7e0f(ushort * param_1)
59ad7e35	FUN_59ad7e35	FUN_59ad7e35	Global	DEFAULT	ANALYSIS	__cdecl	undefined	1	false	\N	false	59ad7e35-59ad7e55	\N	\N	undefined __cdecl FUN_59ad7e35(ushort * param_1)
59ad7e5b	FUN_59ad7e5b	FUN_59ad7e5b	Global	DEFAULT	ANALYSIS	__fastcall	undefined4 *	1	false	\N	false	59ad7e5b-59ad7e73	\N	\N	undefined4 * __fastcall FUN_59ad7e5b(undefined4 * param_1)
59ad7e79	FUN_59ad7e79	FUN_59ad7e79	Global	DEFAULT	ANALYSIS	__fastcall	undefined4	1	false	\N	false	59ad7e79-59ad7f09	\N	\N	undefined4 __fastcall FUN_59ad7e79(void * param_1)
59ad7f0f	FUN_59ad7f0f	FUN_59ad7f0f	Global	DEFAULT	ANALYSIS	__fastcall	undefined	1	false	\N	false	59ad7f0f-59ad7f2e	\N	\N	undefined __fastcall FUN_59ad7f0f(undefined4 * param_1)
59ad7f34	FUN_59ad7f34	FUN_59ad7f34	Global	DEFAULT	ANALYSIS	__thiscall	undefined4	4	false	\N	false	59ad7f34-59ad7f93	\N	\N	undefined4 __thiscall FUN_59ad7f34(int * param_1, undefined4 param_2, int * param_3)
59ad7fc1	FUN_59ad7fc1	FUN_59ad7fc1	Global	DEFAULT	ANALYSIS	__thiscall	void *	2	false	\N	false	59ad7fc1-59ad7fe9	\N	\N	void * __thiscall FUN_59ad7fc1(int * param_1)
59ad7fef	FUN_59ad7fef	FUN_59ad7fef	Global	DEFAULT	ANALYSIS	__fastcall	undefined4	1	false	\N	false	59ad7fef-59ad80c3	\N	\N	undefined4 __fastcall FUN_59ad7fef(int * param_1)
59ad810f	FUN_59ad810f	FUN_59ad810f	Global	DEFAULT	ANALYSIS	__thiscall	uint	2	false	\N	false	59ad810f-59ad819a	\N	\N	uint __thiscall FUN_59ad810f(int param_1)
59ad81a0	FUN_59ad81a0	FUN_59ad81a0	Global	DEFAULT	ANALYSIS	__fastcall	int	1	false	\N	false	59ad81a0-59ad81c0	\N	\N	int __fastcall FUN_59ad81a0(int param_1)
59ad81c6	FUN_59ad81c6	FUN_59ad81c6	Global	DEFAULT	ANALYSIS	__stdcall	undefined4	3	false	\N	false	59ad81c6-59ad8216	\N	\N	undefined4 __stdcall FUN_59ad81c6(ushort * param_1, undefined4 param_2, void * param_3)
59ad821c	FUN_59ad821c	FUN_59ad821c	Global	DEFAULT	ANALYSIS	__thiscall	undefined	3	false	\N	false	59ad821c-59ad8253	\N	\N	undefined __thiscall FUN_59ad821c(undefined4 * param_1, uint * param_2)
59ad8259	FUN_59ad8259	FUN_59ad8259	Global	DEFAULT	ANALYSIS	__thiscall	undefined	5	false	\N	false	59ad8259-59ad82d3	\N	\N	undefined __thiscall FUN_59ad8259(wchar_t * param_1, undefined4 param_2, undefined4 param_3, undefined4 param_4)
59ad82d9	FUN_59ad82d9	FUN_59ad82d9	Global	DEFAULT	ANALYSIS	__thiscall	undefined	9	false	\N	false	59ad82d9-59ad83ea	\N	\N	undefined __thiscall FUN_59ad82d9(wchar_t * param_1, short param_2, int param_3, int param_4, int param_5, int param_6, int * param_7, uint param_8)
59ad83f0	FUN_59ad83f0	FUN_59ad83f0	Global	DEFAULT	ANALYSIS	__thiscall	undefined	3	false	\N	false	59ad83f0-59ad8497	\N	\N	undefined __thiscall FUN_59ad83f0(wchar_t * param_1, uint * param_2)
59ad849d	FUN_59ad849d	FUN_59ad849d	Global	DEFAULT	ANALYSIS	__thiscall	undefined	3	false	\N	false	59ad849d-59ad8544	\N	\N	undefined __thiscall FUN_59ad849d(wchar_t * param_1, uint * param_2)
59ad854a	FUN_59ad854a	FUN_59ad854a	Global	DEFAULT	ANALYSIS	__thiscall	undefined	3	false	\N	false	59ad854a-59ad8648	\N	\N	undefined __thiscall FUN_59ad854a(wchar_t * param_1, uint * param_2)
59ad864e	FUN_59ad864e	FUN_59ad864e	Global	DEFAULT	ANALYSIS	__thiscall	undefined	3	false	\N	false	59ad864e-59ad874c	\N	\N	undefined __thiscall FUN_59ad864e(wchar_t * param_1, uint * param_2)
59ad8752	FUN_59ad8752	FUN_59ad8752	Global	DEFAULT	ANALYSIS	__thiscall	undefined	2	false	\N	false	59ad8752-59ad8e68	\N	\N	undefined __thiscall FUN_59ad8752(int * param_1)
59ad8e6e	FUN_59ad8e6e	FUN_59ad8e6e	Global	DEFAULT	ANALYSIS	__thiscall	void *	2	false	\N	false	59ad8e6e-59ad8e8e	\N	\N	void * __thiscall FUN_59ad8e6e(byte param_1)
59ad8e94	FUN_59ad8e94	FUN_59ad8e94	Global	DEFAULT	ANALYSIS	__thiscall	undefined4	3	false	\N	false	59ad8e94-59ad9073	\N	\N	undefined4 __thiscall FUN_59ad8e94(ushort * param_1, ushort * param_2)
59ad9079	FUN_59ad9079	FUN_59ad9079	Global	DEFAULT	ANALYSIS	__thiscall	undefined4	2	false	\N	false	59ad9079-59ad90e9	\N	\N	undefined4 __thiscall FUN_59ad9079(ushort * param_1)
59ad90ef	FUN_59ad90ef	FUN_59ad90ef	Global	DEFAULT	ANALYSIS	__thiscall	undefined	3	false	\N	false	59ad90ef-59ad91b1	\N	\N	undefined __thiscall FUN_59ad90ef(char * param_1, undefined4 * param_2)
59ad91b7	FUN_59ad91b7	FUN_59ad91b7	Global	DEFAULT	ANALYSIS	__thiscall	undefined	3	false	\N	false	59ad91b7-59ad9279	\N	\N	undefined __thiscall FUN_59ad91b7(char * param_1, undefined4 * param_2)
59ad927f	FUN_59ad927f	FUN_59ad927f	Global	DEFAULT	ANALYSIS	__thiscall	undefined	3	false	\N	false	59ad927f-59ad9354	\N	\N	undefined __thiscall FUN_59ad927f(char * param_1, undefined4 * param_2)
59ad935a	FUN_59ad935a	FUN_59ad935a	Global	DEFAULT	ANALYSIS	__thiscall	undefined	3	false	\N	false	59ad935a-59ad942f	\N	\N	undefined __thiscall FUN_59ad935a(char * param_1, undefined4 * param_2)
59ad9661	FUN_59ad9661	FUN_59ad9661	Global	DEFAULT	ANALYSIS	__thiscall	undefined4	3	false	\N	false	59ad9661-59ad977c	\N	\N	undefined4 __thiscall FUN_59ad9661(undefined4 * param_1, uint * param_2)
59ad9782	FUN_59ad9782	FUN_59ad9782	Global	DEFAULT	ANALYSIS	__fastcall	undefined4	1	false	\N	false	59ad9782-59ad97b8	\N	\N	undefined4 __fastcall FUN_59ad9782(int param_1)
59ad97be	FUN_59ad97be	FUN_59ad97be	Global	DEFAULT	ANALYSIS	__thiscall	void *	4	false	\N	false	59ad97be-59ad98fa	\N	\N	void * __thiscall FUN_59ad97be(undefined4 param_1, undefined4 param_2, undefined2 param_3)
59ad9978	FUN_59ad9978	FUN_59ad9978	Global	DEFAULT	ANALYSIS	__fastcall	undefined4	1	false	\N	false	59ad9978-59ad9a17	\N	\N	undefined4 __fastcall FUN_59ad9978(int param_1)
59ad9a1d	FUN_59ad9a1d	FUN_59ad9a1d	Global	DEFAULT	ANALYSIS	__fastcall	undefined	1	false	\N	false	59ad9a1d-59ad9af6	\N	\N	undefined __fastcall FUN_59ad9a1d(undefined4 * param_1)
59ad9afc	FUN_59ad9afc	FUN_59ad9afc	Global	DEFAULT	ANALYSIS	__thiscall	undefined4	3	false	\N	false	59ad9afc-59ad9d12	\N	\N	undefined4 __thiscall FUN_59ad9afc(uint * param_1, ushort * param_2)
59ad9d18	FUN_59ad9d18	FUN_59ad9d18	Global	DEFAULT	ANALYSIS	__thiscall	undefined	3	false	\N	false	59ad9d18-59ad9d6a	\N	\N	undefined __thiscall FUN_59ad9d18(undefined4 * param_1, uint * param_2)
59ad9d8e	FUN_59ad9d8e	FUN_59ad9d8e	Global	DEFAULT	ANALYSIS	__thiscall	undefined4	5	false	\N	false	59ad9d8e-59ad9fc0	\N	\N	undefined4 __thiscall FUN_59ad9d8e(undefined4 param_1, int * param_2, int param_3, undefined4 * param_4)
59ad9fc6	FUN_59ad9fc6	FUN_59ad9fc6	Global	DEFAULT	ANALYSIS	__thiscall	undefined1	2	false	\N	false	59ad9fc6-59ada49c	\N	\N	undefined1 __thiscall FUN_59ad9fc6(int * param_1)
59ada4c7	FUN_59ada4c7	FUN_59ada4c7	Global	DEFAULT	ANALYSIS	__fastcall	undefined	1	false	\N	false	59ada4c7-59ada50a	\N	\N	undefined __fastcall FUN_59ada4c7(int param_1)
59ada510	FUN_59ada510	FUN_59ada510	Global	DEFAULT	ANALYSIS	__fastcall	undefined	1	false	\N	false	59ada510-59adaacf	\N	\N	undefined __fastcall FUN_59ada510(int * param_1)
59adaad5	FUN_59adaad5	FUN_59adaad5	Global	DEFAULT	ANALYSIS	__thiscall	undefined1	2	false	\N	false	59adaad5-59adab83	\N	\N	undefined1 __thiscall FUN_59adaad5(undefined4 * param_1)
59adab89	FUN_59adab89	FUN_59adab89	Global	DEFAULT	ANALYSIS	__thiscall	undefined4	2	false	\N	false	59adab89-59adacd3	\N	\N	undefined4 __thiscall FUN_59adab89(undefined4 * param_1)
59adacd9	FUN_59adacd9	FUN_59adacd9	Global	DEFAULT	ANALYSIS	__thiscall	undefined4	7	false	\N	false	59adacd9-59adae5d	\N	\N	undefined4 __thiscall FUN_59adacd9(int * param_1, int param_2, undefined4 * param_3, undefined4 param_4, undefined4 * param_5, uint * param_6)
59adae63	FUN_59adae63	FUN_59adae63	Global	DEFAULT	ANALYSIS	__fastcall	undefined	1	false	\N	false	59adae63-59adb3b6	\N	\N	undefined __fastcall FUN_59adae63(void * param_1)
59adb3fe	FUN_59adb3fe	FUN_59adb3fe	Global	DEFAULT	ANALYSIS	__fastcall	undefined4	1	false	\N	false	59adb3fe-59adb41f	\N	\N	undefined4 __fastcall FUN_59adb3fe(void * param_1)
59adb49d	FUN_59adb49d	FUN_59adb49d	Global	DEFAULT	ANALYSIS	__thiscall	undefined4	2	false	\N	false	59adb49d-59adb4bb	\N	\N	undefined4 __thiscall FUN_59adb49d(int param_1)
59adb4c1	FUN_59adb4c1	FUN_59adb4c1	Global	DEFAULT	ANALYSIS	__thiscall	undefined	3	false	\N	false	59adb4c1-59adb4f3	\N	\N	undefined __thiscall FUN_59adb4c1(int param_1, int param_2)
59adb4f9	FUN_59adb4f9	FUN_59adb4f9	Global	DEFAULT	ANALYSIS	__thiscall	bool	2	false	\N	false	59adb4f9-59adb51a	\N	\N	bool __thiscall FUN_59adb4f9(int * param_1)
59adb520	FUN_59adb520	FUN_59adb520	Global	DEFAULT	ANALYSIS	__thiscall	undefined	2	false	\N	false	59adb520-59adb542	\N	\N	undefined __thiscall FUN_59adb520(undefined4 * param_1)
59adb548	FUN_59adb548	FUN_59adb548	Global	DEFAULT	ANALYSIS	__cdecl	int	4	false	\N	false	59adb548-59adb569	\N	\N	int __cdecl FUN_59adb548(short param_1, int param_2, short param_3, int param_4)
59adb56f	FUN_59adb56f	FUN_59adb56f	Global	DEFAULT	ANALYSIS	__cdecl	undefined	3	false	\N	false	59adb56f-59adb58b	\N	\N	undefined __cdecl FUN_59adb56f(short param_1, int param_2, int param_3)
59adb591	FUN_59adb591	FUN_59adb591	Global	DEFAULT	ANALYSIS	__cdecl	undefined	2	false	\N	false	59adb591-59adb5ad	\N	\N	undefined __cdecl FUN_59adb591(int * param_1, int * param_2)
59adb5b3	FUN_59adb5b3	FUN_59adb5b3	Global	DEFAULT	ANALYSIS	__thiscall	bool	4	false	\N	false	59adb5b3-59adb5eb	\N	\N	bool __thiscall FUN_59adb5b3(uint * param_1, int param_2, uint * param_3)
59adb5f1	FUN_59adb5f1	FUN_59adb5f1	Global	DEFAULT	ANALYSIS	__thiscall	undefined	2	false	\N	false	59adb5f1-59adb629	\N	\N	undefined __thiscall FUN_59adb5f1(int param_1)
59adb62f	FUN_59adb62f	FUN_59adb62f	Global	DEFAULT	ANALYSIS	__thiscall	undefined4	2	false	\N	false	59adb62f-59adb676	\N	\N	undefined4 __thiscall FUN_59adb62f(int param_1)
59adb67c	FUN_59adb67c	FUN_59adb67c	Global	DEFAULT	ANALYSIS	__stdcall	undefined	2	false	\N	false	59adb67c-59adb696	\N	\N	undefined __stdcall FUN_59adb67c(undefined4 * param_1, int param_2)
59adb69c	FUN_59adb69c	FUN_59adb69c	Global	DEFAULT	ANALYSIS	__thiscall	undefined4	2	false	\N	false	59adb69c-59adb6cd	\N	\N	undefined4 __thiscall FUN_59adb69c(undefined4 * param_1)
59adb6d3	FUN_59adb6d3	FUN_59adb6d3	Global	DEFAULT	ANALYSIS	__thiscall	undefined4	2	false	\N	false	59adb6d3-59adb6ef	\N	\N	undefined4 __thiscall FUN_59adb6d3(int param_1)
59adb6f5	FUN_59adb6f5	FUN_59adb6f5	Global	DEFAULT	ANALYSIS	__thiscall	undefined	4	false	\N	false	59adb6f5-59adb739	\N	\N	undefined __thiscall FUN_59adb6f5(int param_1, undefined2 * param_2, int * param_3)
59adb7b5	FUN_59adb7b5	FUN_59adb7b5	Global	DEFAULT	ANALYSIS	__thiscall	short *	5	false	\N	false	59adb7b5-59adb8d0	\N	\N	short * __thiscall FUN_59adb7b5(undefined4 * param_1, short param_2, int param_3, int param_4)
59adb8d6	FUN_59adb8d6	FUN_59adb8d6	Global	DEFAULT	ANALYSIS	__thiscall	undefined	2	false	\N	false	59adb8d6-59adb8fc	\N	\N	undefined __thiscall FUN_59adb8d6(int param_1)
59adb902	FUN_59adb902	FUN_59adb902	Global	DEFAULT	ANALYSIS	__thiscall	int	2	false	\N	false	59adb902-59adb935	\N	\N	int __thiscall FUN_59adb902(uint param_1)
59adb93b	FUN_59adb93b	FUN_59adb93b	Global	DEFAULT	ANALYSIS	__thiscall	undefined	3	false	\N	false	59adb93b-59adb961	\N	\N	undefined __thiscall FUN_59adb93b(ushort * param_1, undefined4 * param_2)
59adb967	FUN_59adb967	FUN_59adb967	Global	DEFAULT	ANALYSIS	__thiscall	int	3	false	\N	false	59adb967-59adb9be	\N	\N	int __thiscall FUN_59adb967(byte * param_1, uint param_2)
59adb9d1	FUN_59adb9d1	FUN_59adb9d1	Global	DEFAULT	ANALYSIS	__thiscall	int	2	false	\N	false	59adb9d1-59adb9eb	\N	\N	int __thiscall FUN_59adb9d1(int param_1)
59adb9f1	FUN_59adb9f1	FUN_59adb9f1	Global	DEFAULT	ANALYSIS	__thiscall	undefined	3	false	\N	false	59adb9f1-59adba7f	\N	\N	undefined __thiscall FUN_59adb9f1(int param_1, int param_2)
59adba85	FUN_59adba85	FUN_59adba85	Global	DEFAULT	ANALYSIS	__cdecl	int	2	false	\N	false	59adba85-59adbab2	\N	\N	int __cdecl FUN_59adba85(undefined4 param_1, void * param_2)
59adbab8	FUN_59adbab8	FUN_59adbab8	Global	DEFAULT	ANALYSIS	__thiscall	undefined4	4	false	\N	false	59adbab8-59adbb43	\N	\N	undefined4 __thiscall FUN_59adbab8(undefined4 * param_1, ushort * param_2, int * param_3)
59adbb49	FUN_59adbb49	FUN_59adbb49	Global	DEFAULT	ANALYSIS	__fastcall	undefined4	1	false	\N	false	59adbb49-59adbcef	\N	\N	undefined4 __fastcall FUN_59adbb49(int param_1)
59adbcf5	FUN_59adbcf5	FUN_59adbcf5	Global	DEFAULT	ANALYSIS	__thiscall	undefined	2	false	\N	false	59adbcf5-59adbd3e	\N	\N	undefined __thiscall FUN_59adbcf5(int * param_1)
59adbd44	FUN_59adbd44	FUN_59adbd44	Global	DEFAULT	ANALYSIS	__thiscall	undefined4	8	false	\N	false	59adbd44-59adbdc4	\N	\N	undefined4 __thiscall FUN_59adbd44(undefined4 * param_1, int param_2, undefined4 param_3, undefined4 * param_4, undefined4 param_5, undefined2 param_6, undefined4 param_7)
59adbdca	FUN_59adbdca	FUN_59adbdca	Global	DEFAULT	ANALYSIS	__thiscall	undefined4	3	false	\N	false	59adbdca-59adbe02	\N	\N	undefined4 __thiscall FUN_59adbdca(short param_1, int param_2)
59adbe08	FUN_59adbe08	FUN_59adbe08	Global	DEFAULT	ANALYSIS	__thiscall	undefined4	2	false	\N	false	59adbe08-59adbe32	\N	\N	undefined4 __thiscall FUN_59adbe08(uint param_1)
59adbe38	FUN_59adbe38	FUN_59adbe38	Global	DEFAULT	ANALYSIS	__fastcall	int	1	false	\N	false	59adbe38-59adbe5c	\N	\N	int __fastcall FUN_59adbe38(int param_1)
59adbe62	FUN_59adbe62	FUN_59adbe62	Global	DEFAULT	ANALYSIS	__fastcall	undefined4	1	false	\N	false	59adbe62-59adbe8f	\N	\N	undefined4 __fastcall FUN_59adbe62(int param_1)
59adbe95	FUN_59adbe95	FUN_59adbe95	Global	DEFAULT	ANALYSIS	__thiscall	void *	4	false	\N	false	59adbe95-59adbedc	\N	\N	void * __thiscall FUN_59adbe95(undefined4 param_1, undefined4 param_2, undefined4 param_3)
59adbef3	FUN_59adbef3	FUN_59adbef3	Global	DEFAULT	ANALYSIS	__fastcall	undefined	1	false	\N	false	59adbef3-59adbf03	\N	\N	undefined __fastcall FUN_59adbef3(undefined4 * param_1)
59adbf09	FUN_59adbf09	FUN_59adbf09	Global	DEFAULT	ANALYSIS	__fastcall	undefined	1	false	\N	false	59adbf09-59adbf64	\N	\N	undefined __fastcall FUN_59adbf09(int param_1)
59adbf6a	FUN_59adbf6a	FUN_59adbf6a	Global	DEFAULT	ANALYSIS	__thiscall	undefined	3	false	\N	false	59adbf6a-59adbfde	\N	\N	undefined __thiscall FUN_59adbf6a(wchar_t * param_1, undefined4 param_2)
59adbfe4	FUN_59adbfe4	FUN_59adbfe4	Global	DEFAULT	ANALYSIS	__stdcall	undefined4	2	false	\N	false	59adbfe4-59adc094	\N	\N	undefined4 __stdcall FUN_59adbfe4(void * param_1, int * param_2)
59adc09a	FUN_59adc09a	FUN_59adc09a	Global	DEFAULT	ANALYSIS	__stdcall	undefined	1	false	\N	false	59adc09a-59adc0be	\N	\N	undefined __stdcall FUN_59adc09a(uint * param_1)
59adc0c4	FUN_59adc0c4	FUN_59adc0c4	Global	DEFAULT	ANALYSIS	__thiscall	undefined4	3	false	\N	false	59adc0c4-59adc165	\N	\N	undefined4 __thiscall FUN_59adc0c4(uint * param_1, int * param_2)
59adc16b	FUN_59adc16b	FUN_59adc16b	Global	DEFAULT	ANALYSIS	__fastcall	undefined	1	false	\N	false	59adc16b-59adc1ea	\N	\N	undefined __fastcall FUN_59adc16b(undefined4 * param_1)
59adc1f0	FUN_59adc1f0	FUN_59adc1f0	Global	DEFAULT	ANALYSIS	__thiscall	undefined	3	false	\N	false	59adc1f0-59adc222	\N	\N	undefined __thiscall FUN_59adc1f0(undefined4 * param_1, int param_2)
59adc228	FUN_59adc228	FUN_59adc228	Global	DEFAULT	ANALYSIS	__thiscall	undefined4	2	false	\N	false	59adc228-59adc2f4	\N	\N	undefined4 __thiscall FUN_59adc228(ushort * param_1)
59adc2fa	FUN_59adc2fa	FUN_59adc2fa	Global	DEFAULT	ANALYSIS	__thiscall	short *	4	false	\N	false	59adc2fa-59adc377	\N	\N	short * __thiscall FUN_59adc2fa(short param_1, int param_2, int * param_3)
59adc37d	FUN_59adc37d	FUN_59adc37d	Global	DEFAULT	ANALYSIS	__thiscall	undefined	6	false	\N	false	59adc37d-59adc3b3	\N	\N	undefined __thiscall FUN_59adc37d(undefined4 param_1, int param_2, undefined4 param_3, undefined4 param_4, int param_5)
59adc3b9	FUN_59adc3b9	FUN_59adc3b9	Global	DEFAULT	ANALYSIS	__thiscall	undefined4	3	false	\N	false	59adc3b9-59adc4a7	\N	\N	undefined4 __thiscall FUN_59adc3b9(int param_1, int param_2)
59adc550	FUN_59adc550	FUN_59adc550	Global	DEFAULT	ANALYSIS	__thiscall	undefined	2	false	\N	false	59adc550-59adc595	\N	\N	undefined __thiscall FUN_59adc550(undefined4 * param_1)
59adc59b	FUN_59adc59b	FUN_59adc59b	Global	DEFAULT	ANALYSIS	__thiscall	void *	2	false	\N	false	59adc59b-59adc5b8	\N	\N	void * __thiscall FUN_59adc59b(byte param_1)
59adc5be	FUN_59adc5be	FUN_59adc5be	Global	DEFAULT	ANALYSIS	__thiscall	undefined4	2	false	\N	false	59adc5be-59adc64f	\N	\N	undefined4 __thiscall FUN_59adc5be(uint * param_1)
59adc655	FUN_59adc655	FUN_59adc655	Global	DEFAULT	ANALYSIS	__thiscall	undefined4	3	false	\N	false	59adc655-59adc724	\N	\N	undefined4 __thiscall FUN_59adc655(uint * param_1, byte * param_2)
59adc72a	FUN_59adc72a	FUN_59adc72a	Global	DEFAULT	ANALYSIS	__thiscall	undefined4	3	false	\N	false	59adc72a-59adc911	\N	\N	undefined4 __thiscall FUN_59adc72a(undefined4 param_1, int * param_2)
59adc917	FUN_59adc917	FUN_59adc917	Global	DEFAULT	ANALYSIS	__thiscall	undefined4	5	false	\N	false	59adc917-59adca15	\N	\N	undefined4 __thiscall FUN_59adc917(undefined4 * param_1, int param_2, int param_3, int param_4)
59adca1b	FUN_59adca1b	FUN_59adca1b	Global	DEFAULT	ANALYSIS	__thiscall	undefined4	2	false	\N	false	59adca1b-59adcad4	\N	\N	undefined4 __thiscall FUN_59adca1b(int param_1)
59adcada	FUN_59adcada	FUN_59adcada	Global	DEFAULT	ANALYSIS	__stdcall	undefined4	2	false	\N	false	59adcada-59adcb8a	\N	\N	undefined4 __stdcall FUN_59adcada(ushort * param_1, int * param_2)
59adcb90	FUN_59adcb90	FUN_59adcb90	Global	DEFAULT	ANALYSIS	__stdcall	undefined4	3	false	\N	false	59adcb90-59adcc51	\N	\N	undefined4 __stdcall FUN_59adcb90(ushort * param_1, int * param_2, int * param_3)
59adcc57	FUN_59adcc57	FUN_59adcc57	Global	DEFAULT	ANALYSIS	__thiscall	short *	4	false	\N	false	59adcc57-59adcd5b	\N	\N	short * __thiscall FUN_59adcc57(ushort param_1, int param_2, int * param_3)
59adcd61	FUN_59adcd61	FUN_59adcd61	Global	DEFAULT	ANALYSIS	__fastcall	undefined4	1	false	\N	false	59adcd61-59adce41	\N	\N	undefined4 __fastcall FUN_59adcd61(void * param_1)
59adce47	FUN_59adce47	FUN_59adce47	Global	DEFAULT	ANALYSIS	__thiscall	void *	2	false	\N	false	59adce47-59adce64	\N	\N	void * __thiscall FUN_59adce47(byte param_1)
59adce6a	FUN_59adce6a	FUN_59adce6a	Global	DEFAULT	ANALYSIS	__fastcall	undefined4	1	false	\N	false	59adce6a-59adcfb4	\N	\N	undefined4 __fastcall FUN_59adce6a(void * param_1)
59adcfba	FUN_59adcfba	FUN_59adcfba	Global	DEFAULT	ANALYSIS	__thiscall	undefined4	3	false	\N	false	59adcfba-59add10b	\N	\N	undefined4 __thiscall FUN_59adcfba(ushort * param_1, int * param_2)
59add1bc	FUN_59add1bc	FUN_59add1bc	Global	DEFAULT	ANALYSIS	__thiscall	undefined4	4	false	\N	false	59add1bc-59add32a	\N	\N	undefined4 __thiscall FUN_59add1bc(undefined4 * param_1, int param_2, uint param_3)
59add330	FUN_59add330	FUN_59add330	Global	DEFAULT	ANALYSIS	__thiscall	undefined4	2	false	\N	false	59add330-59add366	\N	\N	undefined4 __thiscall FUN_59add330(undefined4 * param_1)
59add36c	FUN_59add36c	FUN_59add36c	Global	DEFAULT	ANALYSIS	__thiscall	undefined4	2	false	\N	false	59add36c-59add3ee	\N	\N	undefined4 __thiscall FUN_59add36c(ushort * param_1)
59add3f4	FUN_59add3f4	FUN_59add3f4	Global	DEFAULT	ANALYSIS	__thiscall	undefined	5	false	\N	false	59add3f4-59add545	\N	\N	undefined __thiscall FUN_59add3f4(int param_1, short param_2, undefined4 param_3, int * param_4)
59add54b	FUN_59add54b	FUN_59add54b	Global	DEFAULT	ANALYSIS	__stdcall	undefined	4	false	\N	false	59add54b-59add5bf	\N	\N	undefined __stdcall FUN_59add54b(int param_1, short param_2, undefined4 param_3, int * param_4)
59add5c5	FUN_59add5c5	FUN_59add5c5	Global	DEFAULT	ANALYSIS	__fastcall	undefined4	1	false	\N	false	59add5c5-59add66e	\N	\N	undefined4 __fastcall FUN_59add5c5(void * param_1)
59add674	FUN_59add674	FUN_59add674	Global	DEFAULT	ANALYSIS	__thiscall	undefined4	2	false	\N	false	59add674-59add6b7	\N	\N	undefined4 __thiscall FUN_59add674(ushort * param_1)
59add6db	FUN_59add6db	FUN_59add6db	Global	DEFAULT	ANALYSIS	__thiscall	undefined	2	false	\N	false	59add6db-59add6fa	\N	\N	undefined __thiscall FUN_59add6db(undefined4 * param_1)
59add700	thunk_FUN_59add36c	thunk_FUN_59add36c	Global	DEFAULT	ANALYSIS	__thiscall	undefined4	2	true	FUN_59add36c	false	59add700-59add704	\N	\N	undefined4 __thiscall thunk_FUN_59add36c(ushort * param_1)
59add70a	FUN_59add70a	FUN_59add70a	Global	DEFAULT	ANALYSIS	__thiscall	undefined	2	false	\N	false	59add70a-59add731	\N	\N	undefined __thiscall FUN_59add70a(undefined2 param_1)
59add737	FUN_59add737	FUN_59add737	Global	DEFAULT	ANALYSIS	__thiscall	undefined	4	false	\N	false	59add737-59add75e	\N	\N	undefined __thiscall FUN_59add737(undefined4 param_1, undefined4 param_2, undefined4 param_3)
59add764	FUN_59add764	FUN_59add764	Global	DEFAULT	ANALYSIS	__fastcall	undefined	1	false	\N	false	59add764-59add778	\N	\N	undefined __fastcall FUN_59add764(undefined4 * param_1)
59add77e	FUN_59add77e	FUN_59add77e	Global	DEFAULT	ANALYSIS	__thiscall	undefined4 *	4	false	\N	false	59add77e-59add79b	\N	\N	undefined4 * __thiscall FUN_59add77e(undefined4 param_1, undefined4 param_2, undefined4 param_3)
59add7a1	FUN_59add7a1	FUN_59add7a1	Global	DEFAULT	ANALYSIS	__thiscall	undefined4 *	4	false	\N	false	59add7a1-59add7c9	\N	\N	undefined4 * __thiscall FUN_59add7a1(undefined4 param_1, undefined4 param_2, undefined4 param_3)
59add7cf	FUN_59add7cf	FUN_59add7cf	Global	DEFAULT	ANALYSIS	__fastcall	undefined	1	false	\N	false	59add7cf-59add810	\N	\N	undefined __fastcall FUN_59add7cf(undefined4 * param_1)
59add816	FUN_59add816	FUN_59add816	Global	DEFAULT	ANALYSIS	__thiscall	undefined4 *	4	false	\N	false	59add816-59add84a	\N	\N	undefined4 * __thiscall FUN_59add816(undefined4 param_1, undefined4 param_2, undefined4 param_3)
59add850	FUN_59add850	FUN_59add850	Global	DEFAULT	ANALYSIS	__fastcall	undefined	1	false	\N	false	59add850-59add897	\N	\N	undefined __fastcall FUN_59add850(undefined4 * param_1)
59add89d	FUN_59add89d	FUN_59add89d	Global	DEFAULT	ANALYSIS	__thiscall	void *	4	false	\N	false	59add89d-59add8be	\N	\N	void * __thiscall FUN_59add89d(undefined4 param_1, undefined4 param_2, undefined4 param_3)
59add8d5	FUN_59add8d5	FUN_59add8d5	Global	DEFAULT	ANALYSIS	__thiscall	undefined	2	false	\N	false	59add8d5-59add8e3	\N	\N	undefined __thiscall FUN_59add8d5(undefined4 param_1)
59add8e9	FUN_59add8e9	FUN_59add8e9	Global	DEFAULT	ANALYSIS	__thiscall	undefined4	2	false	\N	false	59add8e9-59add903	\N	\N	undefined4 __thiscall FUN_59add8e9(undefined4 param_1)
59add909	FUN_59add909	FUN_59add909	Global	DEFAULT	ANALYSIS	__thiscall	undefined4	2	false	\N	false	59add909-59add923	\N	\N	undefined4 __thiscall FUN_59add909(undefined4 param_1)
59add929	FUN_59add929	FUN_59add929	Global	DEFAULT	ANALYSIS	__cdecl	undefined2	1	false	\N	false	59add929-59add967	\N	\N	undefined2 __cdecl FUN_59add929(int param_1)
59add96d	FUN_59add96d	FUN_59add96d	Global	DEFAULT	ANALYSIS	__cdecl	ushort	1	false	\N	false	59add96d-59add98c	\N	\N	ushort __cdecl FUN_59add96d(int param_1)
59add992	FUN_59add992	FUN_59add992	Global	DEFAULT	ANALYSIS	__cdecl	undefined4	1	false	\N	false	59add992-59add9cb	\N	\N	undefined4 __cdecl FUN_59add992(uint param_1)
59add9d1	FUN_59add9d1	FUN_59add9d1	Global	DEFAULT	ANALYSIS	__cdecl	undefined4	2	false	\N	false	59add9d1-59adda24	\N	\N	undefined4 __cdecl FUN_59add9d1(ushort * param_1, uint * param_2)
59adda2a	FUN_59adda2a	FUN_59adda2a	Global	DEFAULT	ANALYSIS	__thiscall	int	2	false	\N	false	59adda2a-59adda43	\N	\N	int __thiscall FUN_59adda2a(uint param_1)
59adda80	FUN_59adda80	FUN_59adda80	Global	DEFAULT	ANALYSIS	__thiscall	int	2	false	\N	false	59adda80-59adda99	\N	\N	int __thiscall FUN_59adda80(uint param_1)
59addac3	FUN_59addac3	FUN_59addac3	Global	DEFAULT	ANALYSIS	__cdecl	undefined	1	false	\N	false	59addac3-59addaf7	\N	\N	undefined __cdecl FUN_59addac3(byte * param_1)
59addb17	FUN_59addb17	FUN_59addb17	Global	DEFAULT	ANALYSIS	__thiscall	undefined4	3	false	\N	false	59addb17-59addb55	\N	\N	undefined4 __thiscall FUN_59addb17(int param_1, int param_2)
59addb7e	FUN_59addb7e	FUN_59addb7e	Global	DEFAULT	ANALYSIS	__fastcall	undefined	1	false	\N	false	59addb7e-59addba1	\N	\N	undefined __fastcall FUN_59addb7e(void * param_1)
59addbca	FUN_59addbca	FUN_59addbca	Global	DEFAULT	ANALYSIS	__thiscall	undefined	2	false	\N	false	59addbca-59addc08	\N	\N	undefined __thiscall FUN_59addbca(int * param_1)
59addc31	FUN_59addc31	FUN_59addc31	Global	DEFAULT	ANALYSIS	__thiscall	undefined4	5	false	\N	false	59addc31-59addfcc	\N	\N	undefined4 __thiscall FUN_59addc31(ushort * param_1, ushort * param_2, byte * param_3, uint param_4)
59addffb	FUN_59addffb	FUN_59addffb	Global	DEFAULT	ANALYSIS	__cdecl	undefined1	1	false	\N	false	59addffb-59ade073	\N	\N	undefined1 __cdecl FUN_59addffb(int param_1)
59ade079	FUN_59ade079	FUN_59ade079	Global	DEFAULT	ANALYSIS	__thiscall	undefined4	3	false	\N	false	59ade079-59ade0df	\N	\N	undefined4 __thiscall FUN_59ade079(uint * param_1, int param_2)
59ade0e5	FUN_59ade0e5	FUN_59ade0e5	Global	DEFAULT	ANALYSIS	__thiscall	ushort *	2	false	\N	false	59ade0e5-59ade1ed	\N	\N	ushort * __thiscall FUN_59ade0e5(ushort * param_1)
59ade1f3	FUN_59ade1f3	FUN_59ade1f3	Global	DEFAULT	ANALYSIS	__thiscall	ushort *	2	false	\N	false	59ade1f3-59ade2e8	\N	\N	ushort * __thiscall FUN_59ade1f3(ushort * param_1)
59ade2ee	FUN_59ade2ee	FUN_59ade2ee	Global	DEFAULT	ANALYSIS	__thiscall	undefined	3	false	\N	false	59ade2ee-59ade449	\N	\N	undefined __thiscall FUN_59ade2ee(uint * param_1, int param_2)
59ade44f	FUN_59ade44f	FUN_59ade44f	Global	DEFAULT	ANALYSIS	__thiscall	undefined4	4	false	\N	false	59ade44f-59ade5ff	\N	\N	undefined4 __thiscall FUN_59ade44f(uint * param_1, int param_2, int param_3)
59ade605	FUN_59ade605	FUN_59ade605	Global	DEFAULT	ANALYSIS	__fastcall	undefined4 *	1	false	\N	false	59ade605-59ade616	\N	\N	undefined4 * __fastcall FUN_59ade605(undefined4 * param_1)
59ade61c	FUN_59ade61c	FUN_59ade61c	Global	DEFAULT	ANALYSIS	__thiscall	undefined	3	false	\N	false	59ade61c-59ade6e3	\N	\N	undefined __thiscall FUN_59ade61c(int * param_1, int param_2)
59ade6e9	FUN_59ade6e9	FUN_59ade6e9	Global	DEFAULT	ANALYSIS	__thiscall	void *	3	false	\N	false	59ade6e9-59ade767	\N	\N	void * __thiscall FUN_59ade6e9(undefined4 param_1, int * param_2)
59ade76d	FUN_59ade76d	FUN_59ade76d	Global	DEFAULT	ANALYSIS	__fastcall	undefined4	1	false	\N	false	59ade76d-59ade7b0	\N	\N	undefined4 __fastcall FUN_59ade76d(int * param_1)
59ade7b6	FUN_59ade7b6	FUN_59ade7b6	Global	DEFAULT	ANALYSIS	__cdecl	undefined	1	false	\N	false	59ade7b6-59ade8ff	\N	\N	undefined __cdecl FUN_59ade7b6(wchar_t * param_1)
59ade905	FUN_59ade905	FUN_59ade905	Global	DEFAULT	ANALYSIS	__thiscall	undefined	5	false	\N	false	59ade905-59ade9a8	\N	\N	undefined __thiscall FUN_59ade905(LPCWSTR param_1, DWORD param_2, DWORD param_3, DWORD param_4)
59ade9ae	FUN_59ade9ae	FUN_59ade9ae	Global	DEFAULT	ANALYSIS	__thiscall	typedef BOOL int	2	false	\N	false	59ade9ae-59ade9da	\N	\N	BOOL __thiscall FUN_59ade9ae(DWORD param_1)
59ade9e0	FUN_59ade9e0	FUN_59ade9e0	Global	DEFAULT	ANALYSIS	__fastcall	bool	1	false	\N	false	59ade9e0-59adea34	\N	\N	bool __fastcall FUN_59ade9e0(int * param_1)
59adea3a	FUN_59adea3a	FUN_59adea3a	Global	DEFAULT	ANALYSIS	__fastcall	undefined	1	false	\N	false	59adea3a-59adea45	\N	\N	undefined __fastcall FUN_59adea3a(undefined4 * param_1)
59adea4b	FUN_59adea4b	FUN_59adea4b	Global	DEFAULT	ANALYSIS	__thiscall	bool	4	false	\N	false	59adea4b-59adeb51	\N	\N	bool __thiscall FUN_59adea4b(wchar_t * param_1, int param_2, undefined4 * param_3)
59adeb57	FUN_59adeb57	FUN_59adeb57	Global	DEFAULT	ANALYSIS	__fastcall	undefined	1	false	\N	false	59adeb57-59adeba4	\N	\N	undefined __fastcall FUN_59adeb57(int * param_1)
59adebaa	FUN_59adebaa	FUN_59adebaa	Global	DEFAULT	ANALYSIS	__thiscall	bool	2	false	\N	false	59adebaa-59adec07	\N	\N	bool __thiscall FUN_59adebaa(undefined4 * param_1)
59adec0d	FUN_59adec0d	FUN_59adec0d	Global	DEFAULT	ANALYSIS	__thiscall	undefined4	3	false	\N	false	59adec0d-59aded02	\N	\N	undefined4 __thiscall FUN_59adec0d(uint param_1, uint param_2)
59aded08	FUN_59aded08	FUN_59aded08	Global	DEFAULT	ANALYSIS	__thiscall	undefined	2	false	\N	false	59aded08-59aded3c	\N	\N	undefined __thiscall FUN_59aded08(char * param_1)
59aded42	FUN_59aded42	FUN_59aded42	Global	DEFAULT	ANALYSIS	__thiscall	undefined	4	false	\N	false	59aded42-59aded70	\N	\N	undefined __thiscall FUN_59aded42(undefined2 param_1, undefined4 param_2, undefined4 param_3)
59aded76	FUN_59aded76	FUN_59aded76	Global	DEFAULT	ANALYSIS	__cdecl	int	2	false	\N	false	59aded76-59aded8c	\N	\N	int __cdecl FUN_59aded76(int param_1, int param_2)
59aded92	FUN_59aded92	FUN_59aded92	Global	DEFAULT	ANALYSIS	__fastcall	int	1	false	\N	false	59aded92-59adedea	\N	\N	int __fastcall FUN_59aded92(int param_1)
59adedf0	FUN_59adedf0	FUN_59adedf0	Global	DEFAULT	ANALYSIS	__thiscall	undefined4	2	false	\N	false	59adedf0-59adee7f	\N	\N	undefined4 __thiscall FUN_59adedf0(void * param_1)
59adee85	FUN_59adee85	FUN_59adee85	Global	DEFAULT	ANALYSIS	__thiscall	undefined4	2	false	\N	false	59adee85-59adeec9	\N	\N	undefined4 __thiscall FUN_59adee85(void * param_1)
59adeecf	FUN_59adeecf	FUN_59adeecf	Global	DEFAULT	ANALYSIS	__thiscall	undefined4	3	false	\N	false	59adeecf-59adefa6	\N	\N	undefined4 __thiscall FUN_59adeecf(void * param_1, void * param_2)
59adefac	FUN_59adefac	FUN_59adefac	Global	DEFAULT	ANALYSIS	__cdecl	undefined	2	false	\N	false	59adefac-59adefe7	\N	\N	undefined __cdecl FUN_59adefac(char * param_1, void * param_2)
59adefed	FUN_59adefed	FUN_59adefed	Global	DEFAULT	ANALYSIS	__thiscall	int	2	false	\N	false	59adefed-59adf086	\N	\N	int __thiscall FUN_59adefed(byte * param_1)
59adf08c	FUN_59adf08c	FUN_59adf08c	Global	DEFAULT	ANALYSIS	__thiscall	int	5	false	\N	false	59adf08c-59adf0f1	\N	\N	int __thiscall FUN_59adf08c(short param_1, int param_2, undefined4 param_3, void * param_4)
59adf0f7	FUN_59adf0f7	FUN_59adf0f7	Global	DEFAULT	ANALYSIS	__thiscall	bool	4	false	\N	false	59adf0f7-59adf13b	\N	\N	bool __thiscall FUN_59adf0f7(undefined4 param_1, undefined4 param_2, void * param_3)
59adf141	FUN_59adf141	FUN_59adf141	Global	DEFAULT	ANALYSIS	__fastcall	undefined4	1	false	\N	false	59adf141-59adf1ea	\N	\N	undefined4 __fastcall FUN_59adf141(int param_1)
59adf1f0	FUN_59adf1f0	FUN_59adf1f0	Global	DEFAULT	ANALYSIS	__thiscall	undefined4	2	false	\N	false	59adf1f0-59adf300	\N	\N	undefined4 __thiscall FUN_59adf1f0(void * param_1)
59adf306	FUN_59adf306	FUN_59adf306	Global	DEFAULT	ANALYSIS	__fastcall	undefined4	1	false	\N	false	59adf306-59adf3a7	\N	\N	undefined4 __fastcall FUN_59adf306(int param_1)
59adf3ad	FUN_59adf3ad	FUN_59adf3ad	Global	DEFAULT	ANALYSIS	__thiscall	bool	2	false	\N	false	59adf3ad-59adf425	\N	\N	bool __thiscall FUN_59adf3ad(void * param_1)
59adf42b	FUN_59adf42b	FUN_59adf42b	Global	DEFAULT	ANALYSIS	__thiscall	int	4	false	\N	false	59adf42b-59adf4ca	\N	\N	int __thiscall FUN_59adf42b(int param_1, undefined4 * param_2, void * param_3)
59adf4d0	FUN_59adf4d0	FUN_59adf4d0	Global	DEFAULT	ANALYSIS	__thiscall	undefined4	9	false	\N	false	59adf4d0-59adf58c	\N	\N	undefined4 __thiscall FUN_59adf4d0(byte * param_1, short param_2, int param_3, int param_4, int param_5, int param_6, int * param_7, uint param_8)
59adf592	FUN_59adf592	FUN_59adf592	Global	DEFAULT	ANALYSIS	__thiscall	undefined4	2	false	\N	false	59adf592-59adf6a2	\N	\N	undefined4 __thiscall FUN_59adf592(void * param_1)
59adf6a8	FUN_59adf6a8	FUN_59adf6a8	Global	DEFAULT	ANALYSIS	__fastcall	undefined4	1	false	\N	false	59adf6a8-59adf6d1	\N	\N	undefined4 __fastcall FUN_59adf6a8(int param_1)
59adf6d7	FUN_59adf6d7	FUN_59adf6d7	Global	DEFAULT	ANALYSIS	__thiscall	int	4	false	\N	false	59adf6d7-59adf7b7	\N	\N	int __thiscall FUN_59adf6d7(int param_1, int * param_2, void * param_3)
59adf7bd	FUN_59adf7bd	FUN_59adf7bd	Global	DEFAULT	ANALYSIS	__thiscall	undefined4	2	false	\N	false	59adf7bd-59adf84b	\N	\N	undefined4 __thiscall FUN_59adf7bd(ushort * param_1)
59adf852	__CxxFrameHandler	MSVCRT.DLL::__CxxFrameHandler	MSVCRT.DLL	DEFAULT	DEFAULT	unknown	undefined	0	true	MSVCRT.DLL::__CxxFrameHandler	false	59adf852-59adf857	\N	\N	undefined __CxxFrameHandler()
59adf860	FUN_59adf860	FUN_59adf860	Global	DEFAULT	ANALYSIS	__stdcall	undefined	0	false	\N	false	59adf860-59adf87e	\N	\N	undefined __stdcall FUN_59adf860(void)
59adf884	__ArrayUnwind	__ArrayUnwind	Global	ANALYSIS	IMPORTED	__stdcall	void	4	false	\N	false	59adf884-59adf8b2	Library Function - Single Match\n void __stdcall __ArrayUnwind(void *,unsigned int,int,void (__thiscall*)(void *))\n\nLibrary: Visual Studio 2003 Release	\N	void __stdcall __ArrayUnwind(void * param_1, uint param_2, int param_3, _func_void_void_ptr * param_4)
59adf8e7	`eh_vector_destructor_iterator'	`eh_vector_destructor_iterator'	Global	ANALYSIS	IMPORTED	__stdcall	void	4	false	\N	false	59adf8e7-59adf92e	Library Function - Single Match\n void __stdcall `eh vector destructor iterator'(void *,unsigned int,int,void (__thiscall*)(void *))\n\nLibrary: Visual Studio 2003 Release	\N	void __stdcall `eh_vector_destructor_iterator'(void * param_1, uint param_2, int param_3, _func_void_void_ptr * param_4)
59adf92f	FUN_59adf92f	FUN_59adf92f	Global	DEFAULT	ANALYSIS	__stdcall	undefined	0	false	\N	false	59adf92f-59adf946	\N	\N	undefined __stdcall FUN_59adf92f(void)
59adf94c	FUN_59adf94c	FUN_59adf94c	Global	DEFAULT	ANALYSIS	__thiscall	int *	2	false	\N	false	59adf94c-59adf999	\N	\N	int * __thiscall FUN_59adf94c(byte param_1)
59adf9a0	_CxxThrowException	MSVCRT.DLL::_CxxThrowException	MSVCRT.DLL	DEFAULT	IMPORTED	__stdcall	void	2	true	MSVCRT.DLL::_CxxThrowException	false	59adf9a0-59adf9a5	\N	\N	void __stdcall _CxxThrowException(void * pExceptionObject, ThrowInfo * pThrowInfo)
59adf9b8	~type_info	MSVCRT.DLL::type_info::~type_info	MSVCRT.DLL::type_info	DEFAULT	IMPORTED	__thiscall	void	1	true	MSVCRT.DLL::type_info::~type_info	false	59adf9b8-59adf9bd	\N	\N	void __thiscall ~type_info(void)
59adf9c3	FUN_59adf9c3	FUN_59adf9c3	Global	DEFAULT	ANALYSIS	__fastcall	undefined	1	false	\N	false	59adf9c3-59adf9e6	\N	\N	undefined __fastcall FUN_59adf9c3(undefined4 * param_1)
59adf9ec	FUN_59adf9ec	FUN_59adf9ec	Global	DEFAULT	ANALYSIS	__thiscall	int	2	false	\N	false	59adf9ec-59adfa37	\N	\N	int __thiscall FUN_59adf9ec(uint param_1)
59adfa3d	FUN_59adfa3d	FUN_59adfa3d	Global	DEFAULT	ANALYSIS	__thiscall	undefined4	4	false	\N	false	59adfa3d-59adfad0	\N	\N	undefined4 __thiscall FUN_59adfa3d(uint param_1, undefined4 * param_2, int * param_3)
59adfad6	FUN_59adfad6	FUN_59adfad6	Global	DEFAULT	ANALYSIS	__thiscall	void *	2	false	\N	false	59adfad6-59adfb0f	\N	\N	void * __thiscall FUN_59adfad6(uint param_1)
59adfb15	FUN_59adfb15	FUN_59adfb15	Global	DEFAULT	ANALYSIS	__fastcall	undefined	1	false	\N	false	59adfb15-59adfb3d	\N	\N	undefined __fastcall FUN_59adfb15(undefined4 * param_1)
59adfb66	FUN_59adfb66	FUN_59adfb66	Global	DEFAULT	ANALYSIS	__thiscall	bool	2	false	\N	false	59adfb66-59adfb97	\N	\N	bool __thiscall FUN_59adfb66(uint param_1)
59adfb9d	FUN_59adfb9d	FUN_59adfb9d	Global	DEFAULT	ANALYSIS	__thiscall	undefined	2	false	\N	false	59adfb9d-59adfbb6	\N	\N	undefined __thiscall FUN_59adfb9d(int param_1)
59adfbbc	FUN_59adfbbc	FUN_59adfbbc	Global	DEFAULT	ANALYSIS	__fastcall	undefined	1	false	\N	false	59adfbbc-59adfbff	\N	\N	undefined __fastcall FUN_59adfbbc(int param_1)
59adfc05	FUN_59adfc05	FUN_59adfc05	Global	DEFAULT	ANALYSIS	__fastcall	undefined	1	false	\N	false	59adfc05-59adfc1b	\N	\N	undefined __fastcall FUN_59adfc05(undefined4 * param_1)
59adfc44	FUN_59adfc44	FUN_59adfc44	Global	DEFAULT	ANALYSIS	__thiscall	undefined4	2	false	\N	false	59adfc44-59adfcce	\N	\N	undefined4 __thiscall FUN_59adfc44(uint param_1)
59adfcd4	FUN_59adfcd4	FUN_59adfcd4	Global	DEFAULT	ANALYSIS	__thiscall	uint	4	false	\N	false	59adfcd4-59adfd73	\N	\N	uint __thiscall FUN_59adfcd4(byte * param_1, undefined4 param_2, undefined4 param_3)
59adfd79	FUN_59adfd79	FUN_59adfd79	Global	DEFAULT	ANALYSIS	__thiscall	void *	2	false	\N	false	59adfd79-59adfd99	\N	\N	void * __thiscall FUN_59adfd79(int param_1)
59adfd9f	FUN_59adfd9f	FUN_59adfd9f	Global	DEFAULT	ANALYSIS	__thiscall	undefined4	3	false	\N	false	59adfd9f-59adfdd1	\N	\N	undefined4 __thiscall FUN_59adfd9f(char * param_1, size_t param_2)
59adfdd7	FUN_59adfdd7	FUN_59adfdd7	Global	DEFAULT	ANALYSIS	__thiscall	void *	2	false	\N	false	59adfdd7-59adfe07	\N	\N	void * __thiscall FUN_59adfdd7(uint param_1)
59adfe0d	FUN_59adfe0d	FUN_59adfe0d	Global	DEFAULT	ANALYSIS	__thiscall	undefined	2	false	\N	false	59adfe0d-59adfe29	\N	\N	undefined __thiscall FUN_59adfe0d(int param_1)
59adfe5b	FUN_59adfe5b	FUN_59adfe5b	Global	DEFAULT	ANALYSIS	__thiscall	undefined	2	false	\N	false	59adfe5b-59adfe77	\N	\N	undefined __thiscall FUN_59adfe5b(int param_1)
59adfeb8	FUN_59adfeb8	FUN_59adfeb8	Global	DEFAULT	ANALYSIS	__thiscall	void *	2	false	\N	false	59adfeb8-59adfee6	\N	\N	void * __thiscall FUN_59adfeb8(int param_1)
59adff24	FUN_59adff24	FUN_59adff24	Global	DEFAULT	ANALYSIS	__thiscall	bool	4	false	\N	false	59adff24-59adff55	\N	\N	bool __thiscall FUN_59adff24(uint param_1, int param_2, int param_3)
59adff5b	FUN_59adff5b	FUN_59adff5b	Global	DEFAULT	ANALYSIS	__fastcall	undefined	1	false	\N	false	59adff5b-59adffe1	\N	\N	undefined __fastcall FUN_59adff5b(int * param_1)
59adffe7	FUN_59adffe7	FUN_59adffe7	Global	DEFAULT	ANALYSIS	__fastcall	undefined	1	false	\N	false	59adffe7-59ae0077	\N	\N	undefined __fastcall FUN_59adffe7(int * param_1)
59ae011c	FUN_59ae011c	FUN_59ae011c	Global	DEFAULT	ANALYSIS	__fastcall	undefined	1	false	\N	false	59ae011c-59ae016a	\N	\N	undefined __fastcall FUN_59ae011c(int * param_1)
59ae0170	assign	std::basic_string<char,std::char_traits<char>,std::allocator<char>_>::assign	std::basic_string<char,std::char_traits<char>,std::allocator<char>_>	ANALYSIS	IMPORTED	__thiscall	basic_string<char,struct_std::char_traits<char>,class_std::allocator<char>_> *	2	false	\N	false	59ae0170-59ae0192	Library Function - Single Match\n public: class std::basic_string<char,struct std::char_traits<char>,class std::allocator<char> > & __thiscall std::basic_string<char,struct std::char_traits<char>,class std::allocator<char> >::assign(char const *)\n\nLibraries: Visual Studio 2005 Debug, Visual Studio 2005 Release, Visual Studio 2008 Release	\N	basic_string<char,struct_std::char_traits<char>,class_std::allocator<char>_> * __thiscall assign(char * param_1)
59ae02b2	FUN_59ae02b2	FUN_59ae02b2	Global	DEFAULT	ANALYSIS	__cdecl	bool	4	false	\N	false	59ae02b2-59ae0306	\N	\N	bool __cdecl FUN_59ae02b2(void * param_1, int param_2, int param_3, uint param_4)
59ae0401	FUN_59ae0401	FUN_59ae0401	Global	DEFAULT	ANALYSIS	__cdecl	bool	1	false	\N	false	59ae0401-59ae0420	\N	\N	bool __cdecl FUN_59ae0401(int * param_1)
59ae044c	FUN_59ae044c	FUN_59ae044c	Global	DEFAULT	ANALYSIS	__thiscall	undefined4	4	false	\N	false	59ae044c-59ae049f	\N	\N	undefined4 __thiscall FUN_59ae044c(undefined4 * param_1, uint param_2, int * param_3)
59ae04a5	FUN_59ae04a5	FUN_59ae04a5	Global	DEFAULT	ANALYSIS	__thiscall	undefined4	2	false	\N	false	59ae04a5-59ae04f9	\N	\N	undefined4 __thiscall FUN_59ae04a5(wchar_t * param_1)
59ae04ff	FUN_59ae04ff	FUN_59ae04ff	Global	DEFAULT	ANALYSIS	__thiscall	byte *	2	false	\N	false	59ae04ff-59ae05c1	\N	\N	byte * __thiscall FUN_59ae04ff(byte * param_1)
59ae05c7	FUN_59ae05c7	FUN_59ae05c7	Global	DEFAULT	ANALYSIS	__thiscall	int	5	false	\N	false	59ae05c7-59ae06f0	\N	\N	int __thiscall FUN_59ae05c7(int param_1, char * param_2, uint param_3, undefined1 param_4)
59ae06f6	FUN_59ae06f6	FUN_59ae06f6	Global	DEFAULT	ANALYSIS	__fastcall	int	1	false	\N	false	59ae06f6-59ae0709	\N	\N	int __fastcall FUN_59ae06f6(int param_1)
59ae070f	FUN_59ae070f	FUN_59ae070f	Global	DEFAULT	ANALYSIS	__thiscall	uint	6	false	\N	false	59ae070f-59ae075d	\N	\N	uint __thiscall FUN_59ae070f(uint param_1, undefined4 * param_2, uint * param_3, int * param_4, undefined4 * param_5)
59ae0795	FUN_59ae0795	FUN_59ae0795	Global	DEFAULT	ANALYSIS	__cdecl	char *	1	false	\N	false	59ae0795-59ae07a9	\N	\N	char * __cdecl FUN_59ae0795(int param_1)
59ae07af	FUN_59ae07af	FUN_59ae07af	Global	DEFAULT	ANALYSIS	__cdecl	uint	2	false	\N	false	59ae07af-59ae07cd	\N	\N	uint __cdecl FUN_59ae07af(uint * param_1, uint * param_2)
59ae0820	FUN_59ae0820	FUN_59ae0820	Global	DEFAULT	ANALYSIS	__fastcall	undefined	1	false	\N	false	59ae0820-59ae08f2	\N	\N	undefined __fastcall FUN_59ae0820(int param_1)
59ae0972	FUN_59ae0972	FUN_59ae0972	Global	DEFAULT	ANALYSIS	__thiscall	bool	4	false	\N	false	59ae0972-59ae09b6	\N	\N	bool __thiscall FUN_59ae0972(undefined4 param_1, undefined4 param_2, undefined2 param_3)
59ae09bc	FUN_59ae09bc	FUN_59ae09bc	Global	DEFAULT	ANALYSIS	__fastcall	undefined4	1	false	\N	false	59ae09bc-59ae0a9a	\N	\N	undefined4 __fastcall FUN_59ae09bc(int param_1)
59ae0aa0	FUN_59ae0aa0	FUN_59ae0aa0	Global	DEFAULT	ANALYSIS	__thiscall	uint	6	false	\N	false	59ae0aa0-59ae0b54	\N	\N	uint __thiscall FUN_59ae0aa0(int param_1, void * param_2, uint param_3, uint param_4, byte param_5)
59ae0b5a	FUN_59ae0b5a	FUN_59ae0b5a	Global	DEFAULT	ANALYSIS	__thiscall	bool	8	false	\N	false	59ae0b5a-59ae0bbe	\N	\N	bool __thiscall FUN_59ae0b5a(undefined4 param_1, undefined4 param_2, undefined4 param_3, undefined4 param_4, undefined2 param_5, undefined2 param_6, undefined4 param_7)
59ae0bff	FUN_59ae0bff	FUN_59ae0bff	Global	DEFAULT	ANALYSIS	__thiscall	undefined	3	false	\N	false	59ae0bff-59ae0c49	\N	\N	undefined __thiscall FUN_59ae0bff(undefined4 param_1, undefined4 param_2)
59ae0cfa	FUN_59ae0cfa	FUN_59ae0cfa	Global	DEFAULT	ANALYSIS	__stdcall	undefined4	3	false	\N	false	59ae0cfa-59ae0d9b	\N	\N	undefined4 __stdcall FUN_59ae0cfa(int * param_1, int * param_2, uint * param_3)
59ae0e35	FUN_59ae0e35	FUN_59ae0e35	Global	DEFAULT	ANALYSIS	__thiscall	undefined	3	false	\N	false	59ae0e35-59ae0e5f	\N	\N	undefined __thiscall FUN_59ae0e35(undefined4 param_1, undefined4 param_2)
59ae0e65	FUN_59ae0e65	FUN_59ae0e65	Global	DEFAULT	ANALYSIS	__stdcall	undefined4	3	false	\N	false	59ae0e65-59ae0ebb	\N	\N	undefined4 __stdcall FUN_59ae0e65(int * param_1, int * param_2, uint * param_3)
59ae0ef9	FUN_59ae0ef9	FUN_59ae0ef9	Global	DEFAULT	ANALYSIS	__cdecl	uint	4	false	\N	false	59ae0ef9-59ae0f98	\N	\N	uint __cdecl FUN_59ae0ef9(uint * param_1, uint param_2, int * param_3, uint param_4)
59ae0f9e	FUN_59ae0f9e	FUN_59ae0f9e	Global	DEFAULT	ANALYSIS	__fastcall	undefined	1	false	\N	false	59ae0f9e-59ae1033	\N	\N	undefined __fastcall FUN_59ae0f9e(undefined4 * param_1)
59ae1048	FUN_59ae1048	FUN_59ae1048	Global	DEFAULT	ANALYSIS	__thiscall	undefined4	2	false	\N	false	59ae1048-59ae1411	\N	\N	undefined4 __thiscall FUN_59ae1048(undefined4 * param_1)
59ae1417	FUN_59ae1417	FUN_59ae1417	Global	DEFAULT	ANALYSIS	__thiscall	undefined	3	false	\N	false	59ae1417-59ae1445	\N	\N	undefined __thiscall FUN_59ae1417(undefined4 param_1, undefined4 param_2)
59ae14be	FUN_59ae14be	FUN_59ae14be	Global	DEFAULT	ANALYSIS	__stdcall	undefined	1	false	\N	false	59ae14be-59ae14ce	\N	\N	undefined __stdcall FUN_59ae14be(int param_1)
59ae14d4	FUN_59ae14d4	FUN_59ae14d4	Global	DEFAULT	ANALYSIS	__stdcall	undefined4	3	false	\N	false	59ae14d4-59ae152a	\N	\N	undefined4 __stdcall FUN_59ae14d4(int * param_1, int * param_2, uint * param_3)
59ae154e	FUN_59ae154e	FUN_59ae154e	Global	DEFAULT	ANALYSIS	__thiscall	undefined4	2	false	\N	false	59ae154e-59ae1566	\N	\N	undefined4 __thiscall FUN_59ae154e(int * param_1)
59ae156c	FUN_59ae156c	FUN_59ae156c	Global	DEFAULT	ANALYSIS	__fastcall	undefined	1	false	\N	false	59ae156c-59ae1585	\N	\N	undefined __fastcall FUN_59ae156c(undefined4 * param_1)
59ae158b	FUN_59ae158b	FUN_59ae158b	Global	DEFAULT	ANALYSIS	__thiscall	void *	4	false	\N	false	59ae158b-59ae15c9	\N	\N	void * __thiscall FUN_59ae158b(undefined4 param_1, undefined4 param_2, int * param_3)
59ae1622	FUN_59ae1622	FUN_59ae1622	Global	DEFAULT	ANALYSIS	__stdcall	undefined4	3	false	\N	false	59ae1622-59ae1678	\N	\N	undefined4 __stdcall FUN_59ae1622(int * param_1, int * param_2, uint * param_3)
59ae16cb	FUN_59ae16cb	FUN_59ae16cb	Global	DEFAULT	ANALYSIS	__thiscall	undefined	2	false	\N	false	59ae16cb-59ae1703	\N	\N	undefined __thiscall FUN_59ae16cb(int param_1)
59ae1709	FUN_59ae1709	FUN_59ae1709	Global	DEFAULT	ANALYSIS	__thiscall	void *	3	false	\N	false	59ae1709-59ae173e	\N	\N	void * __thiscall FUN_59ae1709(undefined4 param_1, undefined4 param_2)
59ae1744	FUN_59ae1744	FUN_59ae1744	Global	DEFAULT	ANALYSIS	__stdcall	undefined4	3	false	\N	false	59ae1744-59ae1782	\N	\N	undefined4 __stdcall FUN_59ae1744(int * param_1, int * param_2, uint * param_3)
59ae17c0	FUN_59ae17c0	FUN_59ae17c0	Global	DEFAULT	ANALYSIS	__thiscall	void *	3	false	\N	false	59ae17c0-59ae17f5	\N	\N	void * __thiscall FUN_59ae17c0(undefined4 param_1, undefined4 param_2)
59ae1823	FUN_59ae1823	FUN_59ae1823	Global	DEFAULT	ANALYSIS	__stdcall	undefined4	3	false	\N	false	59ae1823-59ae1861	\N	\N	undefined4 __stdcall FUN_59ae1823(int * param_1, int * param_2, uint * param_3)
59ae18a3	FUN_59ae18a3	FUN_59ae18a3	Global	DEFAULT	ANALYSIS	__thiscall	void *	4	false	\N	false	59ae18a3-59ae18e1	\N	\N	void * __thiscall FUN_59ae18a3(undefined4 param_1, undefined4 param_2, int * param_3)
59ae19a5	FUN_59ae19a5	FUN_59ae19a5	Global	DEFAULT	ANALYSIS	__stdcall	undefined4	3	false	\N	false	59ae19a5-59ae19fb	\N	\N	undefined4 __stdcall FUN_59ae19a5(int * param_1, int * param_2, uint * param_3)
59ae1a10	FUN_59ae1a10	FUN_59ae1a10	Global	DEFAULT	ANALYSIS	__thiscall	void *	3	false	\N	false	59ae1a10-59ae1a45	\N	\N	void * __thiscall FUN_59ae1a10(undefined4 param_1, undefined4 param_2)
59ae1a4b	FUN_59ae1a4b	FUN_59ae1a4b	Global	DEFAULT	ANALYSIS	__thiscall	uint	2	false	\N	false	59ae1a4b-59ae1a97	\N	\N	uint __thiscall FUN_59ae1a4b(undefined4 * param_1)
59ae1a9d	FUN_59ae1a9d	FUN_59ae1a9d	Global	DEFAULT	ANALYSIS	__stdcall	undefined4	3	false	\N	false	59ae1a9d-59ae1adb	\N	\N	undefined4 __stdcall FUN_59ae1a9d(int * param_1, int * param_2, uint * param_3)
59ae1aff	FUN_59ae1aff	FUN_59ae1aff	Global	DEFAULT	ANALYSIS	__thiscall	void *	4	false	\N	false	59ae1aff-59ae1b3d	\N	\N	void * __thiscall FUN_59ae1aff(undefined4 param_1, undefined4 param_2, int * param_3)
59ae1b7c	FUN_59ae1b7c	FUN_59ae1b7c	Global	DEFAULT	ANALYSIS	__thiscall	undefined	6	false	\N	false	59ae1b7c-59ae1bd0	\N	\N	undefined __thiscall FUN_59ae1b7c(int * param_1, undefined4 * param_2, uint * param_3, int * param_4, uint * param_5)
59ae1bd6	FUN_59ae1bd6	FUN_59ae1bd6	Global	DEFAULT	ANALYSIS	__stdcall	undefined4	3	false	\N	false	59ae1bd6-59ae1c2c	\N	\N	undefined4 __stdcall FUN_59ae1bd6(int * param_1, int * param_2, uint * param_3)
59ae1c41	FUN_59ae1c41	FUN_59ae1c41	Global	DEFAULT	ANALYSIS	__thiscall	void *	3	false	\N	false	59ae1c41-59ae1c76	\N	\N	void * __thiscall FUN_59ae1c41(undefined4 param_1, undefined4 param_2)
59ae1cc5	FUN_59ae1cc5	FUN_59ae1cc5	Global	DEFAULT	ANALYSIS	__stdcall	undefined4	3	false	\N	false	59ae1cc5-59ae1d03	\N	\N	undefined4 __stdcall FUN_59ae1cc5(int * param_1, int * param_2, uint * param_3)
59ae1d34	FUN_59ae1d34	FUN_59ae1d34	Global	DEFAULT	ANALYSIS	__thiscall	void *	6	false	\N	false	59ae1d34-59ae1d7d	\N	\N	void * __thiscall FUN_59ae1d34(undefined4 param_1, undefined4 param_2, undefined4 param_3, int * param_4, undefined4 param_5)
59ae1d9a	FUN_59ae1d9a	FUN_59ae1d9a	Global	DEFAULT	ANALYSIS	__stdcall	undefined4	3	false	\N	false	59ae1d9a-59ae1de5	\N	\N	undefined4 __stdcall FUN_59ae1d9a(int * param_1, int * param_2, undefined4 * param_3)
59ae1e79	FUN_59ae1e79	FUN_59ae1e79	Global	DEFAULT	ANALYSIS	__thiscall	undefined4	4	false	\N	false	59ae1e79-59ae1edc	\N	\N	undefined4 __thiscall FUN_59ae1e79(undefined4 param_1, int * param_2, int * param_3)
59ae1f2c	FUN_59ae1f2c	FUN_59ae1f2c	Global	DEFAULT	ANALYSIS	__thiscall	void *	5	false	\N	false	59ae1f2c-59ae1f70	\N	\N	void * __thiscall FUN_59ae1f2c(undefined4 param_1, undefined4 param_2, undefined4 param_3, int * param_4)
59ae1fc4	FUN_59ae1fc4	FUN_59ae1fc4	Global	DEFAULT	ANALYSIS	__stdcall	undefined4	3	false	\N	false	59ae1fc4-59ae201a	\N	\N	undefined4 __stdcall FUN_59ae1fc4(int * param_1, int * param_2, uint * param_3)
59ae203e	FUN_59ae203e	FUN_59ae203e	Global	DEFAULT	ANALYSIS	__thiscall	void *	3	false	\N	false	59ae203e-59ae2073	\N	\N	void * __thiscall FUN_59ae203e(undefined4 param_1, undefined4 param_2)
59ae2079	FUN_59ae2079	FUN_59ae2079	Global	DEFAULT	ANALYSIS	__stdcall	undefined4	3	false	\N	false	59ae2079-59ae20b7	\N	\N	undefined4 __stdcall FUN_59ae2079(int * param_1, int * param_2, uint * param_3)
59ae2126	FUN_59ae2126	FUN_59ae2126	Global	DEFAULT	ANALYSIS	__thiscall	undefined4	2	false	\N	false	59ae2126-59ae2177	\N	\N	undefined4 __thiscall FUN_59ae2126(undefined4 * param_1)
59ae217d	FUN_59ae217d	FUN_59ae217d	Global	DEFAULT	ANALYSIS	__thiscall	void *	4	false	\N	false	59ae217d-59ae21ba	\N	\N	void * __thiscall FUN_59ae217d(undefined4 param_1, undefined4 param_2, int * param_3)
59ae2204	FUN_59ae2204	FUN_59ae2204	Global	DEFAULT	ANALYSIS	__stdcall	undefined4	3	false	\N	false	59ae2204-59ae225a	\N	\N	undefined4 __stdcall FUN_59ae2204(int * param_1, int * param_2, uint * param_3)
59ae22dd	FUN_59ae22dd	FUN_59ae22dd	Global	DEFAULT	ANALYSIS	__thiscall	bool	2	false	\N	false	59ae22dd-59ae2391	\N	\N	bool __thiscall FUN_59ae22dd(undefined4 * param_1)
59ae2397	FUN_59ae2397	FUN_59ae2397	Global	DEFAULT	ANALYSIS	__thiscall	bool	2	false	\N	false	59ae2397-59ae244b	\N	\N	bool __thiscall FUN_59ae2397(undefined4 * param_1)
59ae260d	FUN_59ae260d	FUN_59ae260d	Global	DEFAULT	ANALYSIS	__thiscall	uint	2	false	\N	false	59ae260d-59ae267a	\N	\N	uint __thiscall FUN_59ae260d(int * param_1)
59ae26d2	FUN_59ae26d2	FUN_59ae26d2	Global	DEFAULT	ANALYSIS	__thiscall	uint	2	false	\N	false	59ae26d2-59ae273e	\N	\N	uint __thiscall FUN_59ae26d2(int * param_1)
59ae2744	FUN_59ae2744	FUN_59ae2744	Global	DEFAULT	ANALYSIS	__fastcall	undefined	1	false	\N	false	59ae2744-59ae27fb	\N	\N	undefined __fastcall FUN_59ae2744(int param_1)
59ae2801	FUN_59ae2801	FUN_59ae2801	Global	DEFAULT	ANALYSIS	__fastcall	undefined	1	false	\N	false	59ae2801-59ae2911	\N	\N	undefined __fastcall FUN_59ae2801(int param_1)
59ae2917	FUN_59ae2917	FUN_59ae2917	Global	DEFAULT	ANALYSIS	__fastcall	undefined	1	false	\N	false	59ae2917-59ae2b19	\N	\N	undefined __fastcall FUN_59ae2917(int param_1)
59ae2b80	FUN_59ae2b80	FUN_59ae2b80	Global	DEFAULT	ANALYSIS	__fastcall	undefined	1	false	\N	false	59ae2b80-59ae2c60	\N	\N	undefined __fastcall FUN_59ae2b80(int param_1)
59ae2c66	FUN_59ae2c66	FUN_59ae2c66	Global	DEFAULT	ANALYSIS	__fastcall	undefined	1	false	\N	false	59ae2c66-59ae2cab	\N	\N	undefined __fastcall FUN_59ae2c66(undefined4 * param_1)
59ae2cc4	FUN_59ae2cc4	FUN_59ae2cc4	Global	DEFAULT	ANALYSIS	__thiscall	undefined4	4	false	\N	false	59ae2cc4-59ae2d09	\N	\N	undefined4 __thiscall FUN_59ae2cc4(undefined4 * param_1, uint param_2, int * param_3)
59ae2d7b	FUN_59ae2d7b	FUN_59ae2d7b	Global	DEFAULT	ANALYSIS	__stdcall	undefined4	3	false	\N	false	59ae2d7b-59ae2dd1	\N	\N	undefined4 __stdcall FUN_59ae2d7b(int * param_1, int * param_2, uint * param_3)
59ae2dd7	FUN_59ae2dd7	FUN_59ae2dd7	Global	DEFAULT	ANALYSIS	__fastcall	bool	1	false	\N	false	59ae2dd7-59ae2e18	\N	\N	bool __fastcall FUN_59ae2dd7(int param_1)
59ae2e1e	FUN_59ae2e1e	FUN_59ae2e1e	Global	DEFAULT	ANALYSIS	__thiscall	bool	4	false	\N	false	59ae2e1e-59ae2e5c	\N	\N	bool __thiscall FUN_59ae2e1e(undefined4 param_1, undefined4 param_2, undefined2 param_3)
59ae2e85	FUN_59ae2e85	FUN_59ae2e85	Global	DEFAULT	ANALYSIS	__fastcall	undefined	1	false	\N	false	59ae2e85-59ae2eb8	\N	\N	undefined __fastcall FUN_59ae2e85(undefined4 * param_1)
59ae2ebe	FUN_59ae2ebe	FUN_59ae2ebe	Global	DEFAULT	ANALYSIS	__thiscall	undefined	3	false	\N	false	59ae2ebe-59ae2fd8	\N	\N	undefined __thiscall FUN_59ae2ebe(undefined1 param_1, undefined1 param_2)
59ae3047	FUN_59ae3047	FUN_59ae3047	Global	DEFAULT	ANALYSIS	__thiscall	void *	2	false	\N	false	59ae3047-59ae306d	\N	\N	void * __thiscall FUN_59ae3047(byte param_1)
59ae3096	FUN_59ae3096	FUN_59ae3096	Global	DEFAULT	ANALYSIS	__fastcall	undefined	1	false	\N	false	59ae3096-59ae30af	\N	\N	undefined __fastcall FUN_59ae3096(undefined4 * param_1)
59ae30b5	FUN_59ae30b5	FUN_59ae30b5	Global	DEFAULT	ANALYSIS	__fastcall	undefined	1	false	\N	false	59ae30b5-59ae30ce	\N	\N	undefined __fastcall FUN_59ae30b5(undefined4 * param_1)
59ae30d4	FUN_59ae30d4	FUN_59ae30d4	Global	DEFAULT	ANALYSIS	__cdecl	undefined4	4	false	\N	false	59ae30d4-59ae3143	\N	\N	undefined4 __cdecl FUN_59ae30d4(undefined1 param_1, undefined4 * param_2, int param_3, undefined1 param_4)
59ae3149	FUN_59ae3149	FUN_59ae3149	Global	DEFAULT	ANALYSIS	__cdecl	undefined	2	false	\N	false	59ae3149-59ae3156	\N	\N	undefined __cdecl FUN_59ae3149(int * param_1, undefined4 param_2)
59ae317f	FUN_59ae317f	FUN_59ae317f	Global	DEFAULT	ANALYSIS	__stdcall	undefined4	2	false	\N	false	59ae317f-59ae31bb	\N	\N	undefined4 __stdcall FUN_59ae317f(uchar * param_1, int param_2)
59ae31fe	FUN_59ae31fe	FUN_59ae31fe	Global	DEFAULT	ANALYSIS	__thiscall	undefined4	2	false	\N	false	59ae31fe-59ae329d	\N	\N	undefined4 __thiscall FUN_59ae31fe(uint param_1)
59ae3361	FUN_59ae3361	FUN_59ae3361	Global	DEFAULT	ANALYSIS	__fastcall	undefined	1	false	\N	false	59ae3361-59ae339e	\N	\N	undefined __fastcall FUN_59ae3361(undefined4 * param_1)
59ae33a4	FUN_59ae33a4	FUN_59ae33a4	Global	DEFAULT	ANALYSIS	__thiscall	undefined	3	false	\N	false	59ae33a4-59ae33cc	\N	\N	undefined __thiscall FUN_59ae33a4(undefined4 * param_1, int * param_2)
59ae33d2	FUN_59ae33d2	FUN_59ae33d2	Global	DEFAULT	ANALYSIS	__thiscall	void *	2	false	\N	false	59ae33d2-59ae341d	\N	\N	void * __thiscall FUN_59ae33d2(uint param_1)
59ae3423	FUN_59ae3423	FUN_59ae3423	Global	DEFAULT	ANALYSIS	__thiscall	undefined4	2	false	\N	false	59ae3423-59ae344f	\N	\N	undefined4 __thiscall FUN_59ae3423(uint param_1)
59ae3455	FUN_59ae3455	FUN_59ae3455	Global	DEFAULT	ANALYSIS	__thiscall	undefined	2	false	\N	false	59ae3455-59ae347d	\N	\N	undefined __thiscall FUN_59ae3455(undefined4 * param_1)
59ae3483	FUN_59ae3483	FUN_59ae3483	Global	DEFAULT	ANALYSIS	__thiscall	undefined	2	false	\N	false	59ae3483-59ae349f	\N	\N	undefined __thiscall FUN_59ae3483(undefined4 param_1)
59ae34a5	FUN_59ae34a5	FUN_59ae34a5	Global	DEFAULT	ANALYSIS	__thiscall	undefined	2	false	\N	false	59ae34a5-59ae34c7	\N	\N	undefined __thiscall FUN_59ae34a5(undefined4 * param_1)
59ae34cd	FUN_59ae34cd	FUN_59ae34cd	Global	DEFAULT	ANALYSIS	__thiscall	void *	2	false	\N	false	59ae34cd-59ae351c	\N	\N	void * __thiscall FUN_59ae34cd(uint param_1)
59ae3522	FUN_59ae3522	FUN_59ae3522	Global	DEFAULT	ANALYSIS	__fastcall	undefined4	1	false	\N	false	59ae3522-59ae3551	\N	\N	undefined4 __fastcall FUN_59ae3522(int param_1)
59ae3557	FUN_59ae3557	FUN_59ae3557	Global	DEFAULT	ANALYSIS	__thiscall	undefined4	2	false	\N	false	59ae3557-59ae3603	\N	\N	undefined4 __thiscall FUN_59ae3557(void * param_1)
59ae3609	FUN_59ae3609	FUN_59ae3609	Global	DEFAULT	ANALYSIS	__thiscall	undefined4	3	false	\N	false	59ae3609-59ae36eb	\N	\N	undefined4 __thiscall FUN_59ae3609(int * param_1, uint param_2)
59ae36f1	FUN_59ae36f1	FUN_59ae36f1	Global	DEFAULT	ANALYSIS	__thiscall	undefined4	3	false	\N	false	59ae36f1-59ae3768	\N	\N	undefined4 __thiscall FUN_59ae36f1(uint param_1, uint * param_2)
59ae376e	FUN_59ae376e	FUN_59ae376e	Global	DEFAULT	ANALYSIS	__thiscall	undefined	2	false	\N	false	59ae376e-59ae37b4	\N	\N	undefined __thiscall FUN_59ae376e(undefined4 * param_1)
59ae37f2	FUN_59ae37f2	FUN_59ae37f2	Global	DEFAULT	ANALYSIS	__thiscall	void *	2	false	\N	false	59ae37f2-59ae381e	\N	\N	void * __thiscall FUN_59ae37f2(undefined4 param_1)
59ae3824	FUN_59ae3824	FUN_59ae3824	Global	DEFAULT	ANALYSIS	__thiscall	undefined1	2	false	\N	false	59ae3824-59ae3964	\N	\N	undefined1 __thiscall FUN_59ae3824(byte param_1)
59ae396a	FUN_59ae396a	FUN_59ae396a	Global	DEFAULT	ANALYSIS	__thiscall	undefined1	2	false	\N	false	59ae396a-59ae3a90	\N	\N	undefined1 __thiscall FUN_59ae396a(char param_1)
59ae3a96	FUN_59ae3a96	FUN_59ae3a96	Global	DEFAULT	ANALYSIS	__thiscall	bool	3	false	\N	false	59ae3a96-59ae3aca	\N	\N	bool __thiscall FUN_59ae3a96(uint param_1, int * param_2)
59ae3ad0	FUN_59ae3ad0	FUN_59ae3ad0	Global	DEFAULT	ANALYSIS	__thiscall	undefined4	3	false	\N	false	59ae3ad0-59ae3b3e	\N	\N	undefined4 __thiscall FUN_59ae3ad0(uint param_1, undefined4 * param_2)
59ae3b44	FUN_59ae3b44	FUN_59ae3b44	Global	DEFAULT	ANALYSIS	__fastcall	undefined4	1	false	\N	false	59ae3b44-59ae3bf6	\N	\N	undefined4 __fastcall FUN_59ae3b44(int * param_1)
59ae3e88	FUN_59ae3e88	FUN_59ae3e88	Global	DEFAULT	ANALYSIS	__fastcall	undefined	1	false	\N	false	59ae3e88-59ae3ea2	\N	\N	undefined __fastcall FUN_59ae3e88(undefined4 * param_1)
59ae3ea8	FUN_59ae3ea8	FUN_59ae3ea8	Global	DEFAULT	ANALYSIS	__thiscall	undefined	3	false	\N	false	59ae3ea8-59ae3f3d	\N	\N	undefined __thiscall FUN_59ae3ea8(wchar_t * param_1, undefined4 * param_2)
59ae40bf	FUN_59ae40bf	FUN_59ae40bf	Global	DEFAULT	ANALYSIS	__cdecl	char *	1	false	\N	false	59ae40bf-59ae40d7	\N	\N	char * __cdecl FUN_59ae40bf(ushort * param_1)
59ae412a	FUN_59ae412a	FUN_59ae412a	Global	DEFAULT	ANALYSIS	__cdecl	uint	1	false	\N	false	59ae412a-59ae418c	\N	\N	uint __cdecl FUN_59ae412a(uint param_1)
59ae4192	FUN_59ae4192	FUN_59ae4192	Global	DEFAULT	ANALYSIS	__cdecl	uint	1	false	\N	false	59ae4192-59ae41f2	\N	\N	uint __cdecl FUN_59ae4192(uint param_1)
59ae425a	FUN_59ae425a	FUN_59ae425a	Global	DEFAULT	ANALYSIS	__cdecl	undefined4	1	false	\N	false	59ae425a-59ae4270	\N	\N	undefined4 __cdecl FUN_59ae425a(int param_1)
59ae4276	FUN_59ae4276	FUN_59ae4276	Global	DEFAULT	ANALYSIS	__thiscall	void *	2	false	\N	false	59ae4276-59ae4292	\N	\N	void * __thiscall FUN_59ae4276(int param_1)
59ae4298	FUN_59ae4298	FUN_59ae4298	Global	DEFAULT	ANALYSIS	__fastcall	undefined	1	false	\N	false	59ae4298-59ae42b5	\N	\N	undefined __fastcall FUN_59ae4298(int param_1)
59ae42bb	FUN_59ae42bb	FUN_59ae42bb	Global	DEFAULT	ANALYSIS	__thiscall	void *	2	false	\N	false	59ae42bb-59ae4324	\N	\N	void * __thiscall FUN_59ae42bb(ushort * param_1)
59ae432a	FUN_59ae432a	FUN_59ae432a	Global	DEFAULT	ANALYSIS	__fastcall	undefined4	1	false	\N	false	59ae432a-59ae437a	\N	\N	undefined4 __fastcall FUN_59ae432a(int param_1)
59ae4380	FUN_59ae4380	FUN_59ae4380	Global	DEFAULT	ANALYSIS	__fastcall	undefined4	1	false	\N	false	59ae4380-59ae439d	\N	\N	undefined4 __fastcall FUN_59ae4380(int param_1)
59ae43a3	FUN_59ae43a3	FUN_59ae43a3	Global	DEFAULT	ANALYSIS	__fastcall	uint	1	false	\N	false	59ae43a3-59ae43ca	\N	\N	uint __fastcall FUN_59ae43a3(int param_1)
59ae43d0	FUN_59ae43d0	FUN_59ae43d0	Global	DEFAULT	ANALYSIS	__fastcall	undefined4	1	false	\N	false	59ae43d0-59ae43ea	\N	\N	undefined4 __fastcall FUN_59ae43d0(int param_1)
59ae43f0	FUN_59ae43f0	FUN_59ae43f0	Global	DEFAULT	ANALYSIS	__thiscall	undefined4	2	false	\N	false	59ae43f0-59ae4417	\N	\N	undefined4 __thiscall FUN_59ae43f0(int param_1)
59ae463c	FUN_59ae463c	FUN_59ae463c	Global	DEFAULT	ANALYSIS	__cdecl	undefined4	2	false	\N	false	59ae463c-59ae4678	\N	\N	undefined4 __cdecl FUN_59ae463c(int param_1, int * param_2)
59ae467e	FUN_59ae467e	FUN_59ae467e	Global	DEFAULT	ANALYSIS	__cdecl	undefined4	3	false	\N	false	59ae467e-59ae4728	\N	\N	undefined4 __cdecl FUN_59ae467e(int param_1, undefined2 * param_2, uint * param_3)
59ae479d	FUN_59ae479d	FUN_59ae479d	Global	DEFAULT	ANALYSIS	__cdecl	undefined1	1	false	\N	false	59ae479d-59ae47ab	\N	\N	undefined1 __cdecl FUN_59ae479d(int param_1)
59ae47b1	FUN_59ae47b1	FUN_59ae47b1	Global	DEFAULT	ANALYSIS	__cdecl	undefined4	1	false	\N	false	59ae47b1-59ae47cb	\N	\N	undefined4 __cdecl FUN_59ae47b1(int param_1)
59ae4af0	FUN_59ae4af0	FUN_59ae4af0	Global	DEFAULT	ANALYSIS	__fastcall	bool	1	false	\N	false	59ae4af0-59ae4b9c	\N	\N	bool __fastcall FUN_59ae4af0(undefined4 * param_1)
59ae4c55	FUN_59ae4c55	FUN_59ae4c55	Global	DEFAULT	ANALYSIS	__fastcall	byte *	1	false	\N	false	59ae4c55-59ae4c7b	\N	\N	byte * __fastcall FUN_59ae4c55(int * param_1)
59ae4c81	FUN_59ae4c81	FUN_59ae4c81	Global	DEFAULT	ANALYSIS	__cdecl	undefined4	1	false	\N	false	59ae4c81-59ae4cb9	\N	\N	undefined4 __cdecl FUN_59ae4c81(int param_1)
59ae4cbf	FUN_59ae4cbf	FUN_59ae4cbf	Global	DEFAULT	ANALYSIS	__cdecl	int	1	false	\N	false	59ae4cbf-59ae4cf8	\N	\N	int __cdecl FUN_59ae4cbf(ushort * param_1)
59ae4cfe	FUN_59ae4cfe	FUN_59ae4cfe	Global	DEFAULT	ANALYSIS	__cdecl	undefined4	1	false	\N	false	59ae4cfe-59ae4d12	\N	\N	undefined4 __cdecl FUN_59ae4cfe(int param_1)
59ae4d32	FUN_59ae4d32	FUN_59ae4d32	Global	DEFAULT	ANALYSIS	__fastcall	undefined	3	false	\N	false	59ae4d32-59ae4d6f	\N	\N	undefined __fastcall FUN_59ae4d32(undefined4 param_1, int * param_2, ushort * param_3)
59ae4d75	FUN_59ae4d75	FUN_59ae4d75	Global	DEFAULT	ANALYSIS	__fastcall	uint	1	false	\N	false	59ae4d75-59ae4df0	\N	\N	uint __fastcall FUN_59ae4d75(uint param_1)
59ae4df6	FUN_59ae4df6	FUN_59ae4df6	Global	DEFAULT	ANALYSIS	__fastcall	uint	1	false	\N	false	59ae4df6-59ae4e58	\N	\N	uint __fastcall FUN_59ae4df6(uint param_1)
59ae4e5e	FUN_59ae4e5e	FUN_59ae4e5e	Global	DEFAULT	ANALYSIS	__cdecl	undefined	1	false	\N	false	59ae4e5e-59ae5098	\N	\N	undefined __cdecl FUN_59ae4e5e(ushort * param_1)
59ae50d6	FUN_59ae50d6	FUN_59ae50d6	Global	DEFAULT	ANALYSIS	__stdcall	undefined4	3	false	\N	false	59ae50d6-59ae5239	\N	\N	undefined4 __stdcall FUN_59ae50d6(byte * param_1, byte * param_2, undefined2 param_3)
59ae523f	FUN_59ae523f	FUN_59ae523f	Global	DEFAULT	ANALYSIS	__stdcall	undefined	3	false	\N	false	59ae523f-59ae5341	\N	\N	undefined __stdcall FUN_59ae523f(byte * param_1, byte * param_2, int param_3)
59ae5352	FUN_59ae5352	FUN_59ae5352	Global	DEFAULT	ANALYSIS	__thiscall	bool	5	false	\N	false	59ae5352-59ae54b1	\N	\N	bool __thiscall FUN_59ae5352(int * param_1, uint param_2, uint param_3, int param_4)
59ae54b7	FUN_59ae54b7	FUN_59ae54b7	Global	DEFAULT	ANALYSIS	__fastcall	undefined	1	false	\N	false	59ae54b7-59ae54e2	\N	\N	undefined __fastcall FUN_59ae54b7(undefined4 * param_1)
59ae54e8	FUN_59ae54e8	FUN_59ae54e8	Global	DEFAULT	ANALYSIS	__thiscall	void *	2	false	\N	false	59ae54e8-59ae551a	\N	\N	void * __thiscall FUN_59ae54e8(uint param_1)
59ae5520	FUN_59ae5520	FUN_59ae5520	Global	DEFAULT	ANALYSIS	__thiscall	int	2	false	\N	false	59ae5520-59ae5596	\N	\N	int __thiscall FUN_59ae5520(int param_1)
59ae55a6	FUN_59ae55a6	FUN_59ae55a6	Global	DEFAULT	ANALYSIS	__thiscall	undefined4	2	false	\N	false	59ae55a6-59ae560a	\N	\N	undefined4 __thiscall FUN_59ae55a6(uint param_1)
59ae5610	FUN_59ae5610	FUN_59ae5610	Global	DEFAULT	ANALYSIS	__cdecl	undefined4	1	false	\N	false	59ae5610-59ae5631	\N	\N	undefined4 __cdecl FUN_59ae5610(int param_1)
59ae5637	FUN_59ae5637	FUN_59ae5637	Global	DEFAULT	ANALYSIS	__cdecl	uint	1	false	\N	false	59ae5637-59ae566b	\N	\N	uint __cdecl FUN_59ae5637(int param_1)
59ae5671	FUN_59ae5671	FUN_59ae5671	Global	DEFAULT	ANALYSIS	__stdcall	int	1	false	\N	false	59ae5671-59ae582f	\N	\N	int __stdcall FUN_59ae5671(ushort * param_1)
59ae5835	FUN_59ae5835	FUN_59ae5835	Global	DEFAULT	ANALYSIS	__thiscall	byte *	2	false	\N	false	59ae5835-59ae5887	\N	\N	byte * __thiscall FUN_59ae5835(int param_1)
59ae588d	FUN_59ae588d	FUN_59ae588d	Global	DEFAULT	ANALYSIS	__thiscall	undefined4	4	false	\N	false	59ae588d-59ae58f6	\N	\N	undefined4 __thiscall FUN_59ae588d(byte * param_1, byte * param_2, uint * param_3)
59ae5926	FUN_59ae5926	FUN_59ae5926	Global	DEFAULT	ANALYSIS	__thiscall	undefined4	5	false	\N	false	59ae5926-59ae5981	\N	\N	undefined4 __thiscall FUN_59ae5926(int * param_1, uint param_2, int param_3, int param_4)
59ae5987	FUN_59ae5987	FUN_59ae5987	Global	DEFAULT	ANALYSIS	__thiscall	void *	2	false	\N	false	59ae5987-59ae59d6	\N	\N	void * __thiscall FUN_59ae5987(uint param_1)
59ae59dc	FUN_59ae59dc	FUN_59ae59dc	Global	DEFAULT	ANALYSIS	__fastcall	undefined	1	false	\N	false	59ae59dc-59ae5a19	\N	\N	undefined __fastcall FUN_59ae59dc(undefined4 * param_1)
59ae5a1f	FUN_59ae5a1f	FUN_59ae5a1f	Global	DEFAULT	ANALYSIS	__thiscall	undefined4	2	false	\N	false	59ae5a1f-59ae5a4b	\N	\N	undefined4 __thiscall FUN_59ae5a1f(uint param_1)
59ae5a60	FUN_59ae5a60	FUN_59ae5a60	Global	DEFAULT	ANALYSIS	__thiscall	undefined	2	false	\N	false	59ae5a60-59ae5a88	\N	\N	undefined __thiscall FUN_59ae5a60(undefined4 * param_1)
59ae5a8e	FUN_59ae5a8e	FUN_59ae5a8e	Global	DEFAULT	ANALYSIS	__thiscall	void *	3	false	\N	false	59ae5a8e-59ae5ac6	\N	\N	void * __thiscall FUN_59ae5a8e(uint param_1, int param_2)
59ae5acc	FUN_59ae5acc	FUN_59ae5acc	Global	DEFAULT	ANALYSIS	__cdecl	bool	3	false	\N	false	59ae5acc-59ae5afa	\N	\N	bool __cdecl FUN_59ae5acc(undefined4 * param_1, uint param_2, int param_3)
59ae5b00	FUN_59ae5b00	FUN_59ae5b00	Global	DEFAULT	ANALYSIS	__thiscall	undefined4	4	false	\N	false	59ae5b00-59ae5f25	\N	\N	undefined4 __thiscall FUN_59ae5b00(char * param_1, uint * param_2, int param_3)
59ae5f4f	FUN_59ae5f4f	FUN_59ae5f4f	Global	DEFAULT	ANALYSIS	__thiscall	undefined	4	false	\N	false	59ae5f4f-59ae601b	\N	\N	undefined __thiscall FUN_59ae5f4f(short * param_1, uint * param_2, int param_3)
59ae6021	FUN_59ae6021	FUN_59ae6021	Global	DEFAULT	ANALYSIS	__thiscall	undefined4	4	false	\N	false	59ae6021-59ae608a	\N	\N	undefined4 __thiscall FUN_59ae6021(uint * param_1, uint * param_2, uint * param_3)
59ae6090	FUN_59ae6090	FUN_59ae6090	Global	DEFAULT	ANALYSIS	__thiscall	undefined4	3	false	\N	false	59ae6090-59ae6107	\N	\N	undefined4 __thiscall FUN_59ae6090(uint param_1, uint * param_2)
59ae610d	FUN_59ae610d	FUN_59ae610d	Global	DEFAULT	ANALYSIS	__fastcall	undefined4	1	false	\N	false	59ae610d-59ae613c	\N	\N	undefined4 __fastcall FUN_59ae610d(int param_1)
59ae6142	FUN_59ae6142	FUN_59ae6142	Global	DEFAULT	ANALYSIS	__thiscall	undefined	2	false	\N	false	59ae6142-59ae6188	\N	\N	undefined __thiscall FUN_59ae6142(undefined4 * param_1)
59ae618e	FUN_59ae618e	FUN_59ae618e	Global	DEFAULT	ANALYSIS	__thiscall	undefined4	3	false	\N	false	59ae618e-59ae61f1	\N	\N	undefined4 __thiscall FUN_59ae618e(uint param_1, undefined4 param_2)
59ae61f7	FUN_59ae61f7	FUN_59ae61f7	Global	DEFAULT	ANALYSIS	__thiscall	bool	3	false	\N	false	59ae61f7-59ae6228	\N	\N	bool __thiscall FUN_59ae61f7(uint param_1, int * param_2)
59ae622e	FUN_59ae622e	FUN_59ae622e	Global	DEFAULT	ANALYSIS	__fastcall	undefined4	1	false	\N	false	59ae622e-59ae62df	\N	\N	undefined4 __fastcall FUN_59ae622e(int * param_1)
59ae62f6	FUN_59ae62f6	FUN_59ae62f6	Global	DEFAULT	ANALYSIS	__thiscall	void *	2	false	\N	false	59ae62f6-59ae631e	\N	\N	void * __thiscall FUN_59ae62f6(byte param_1)
59ae6324	FUN_59ae6324	FUN_59ae6324	Global	DEFAULT	ANALYSIS	__thiscall	bool	3	false	\N	false	59ae6324-59ae634d	\N	\N	bool __thiscall FUN_59ae6324(undefined4 * param_1, undefined4 * param_2)
59ae6353	FUN_59ae6353	FUN_59ae6353	Global	DEFAULT	ANALYSIS	__thiscall	uint *	3	false	\N	false	59ae6353-59ae63d9	\N	\N	uint * __thiscall FUN_59ae6353(undefined4 * param_1, uint * param_2)
59ae63df	FUN_59ae63df	FUN_59ae63df	Global	DEFAULT	ANALYSIS	__thiscall	byte *	2	false	\N	false	59ae63df-59ae6463	\N	\N	byte * __thiscall FUN_59ae63df(byte * param_1)
59ae6469	Unwind@59ae6469	Unwind@59ae6469	Global	ANALYSIS	ANALYSIS	__stdcall	undefined	0	false	\N	false	59ae6469-59ae6470	\N	\N	undefined __stdcall Unwind@59ae6469(void)
59ae6471	Unwind@59ae6471	Unwind@59ae6471	Global	ANALYSIS	ANALYSIS	__stdcall	undefined	0	false	\N	false	59ae6471-59ae647a	\N	\N	undefined __stdcall Unwind@59ae6471(void)
59ae647b	Unwind@59ae647b	Unwind@59ae647b	Global	ANALYSIS	ANALYSIS	__stdcall	undefined	0	false	\N	false	59ae647b-59ae6484	\N	\N	undefined __stdcall Unwind@59ae647b(void)
59ae6494	Unwind@59ae6494	Unwind@59ae6494	Global	ANALYSIS	ANALYSIS	__stdcall	undefined	0	false	\N	false	59ae6494-59ae649b	\N	\N	undefined __stdcall Unwind@59ae6494(void)
59ae64ab	Unwind@59ae64ab	Unwind@59ae64ab	Global	ANALYSIS	ANALYSIS	__stdcall	undefined	0	false	\N	false	59ae64ab-59ae64b5	\N	\N	undefined __stdcall Unwind@59ae64ab(void)
59ae64c5	Unwind@59ae64c5	Unwind@59ae64c5	Global	ANALYSIS	ANALYSIS	__stdcall	undefined	0	false	\N	false	59ae64c5-59ae64cc	\N	\N	undefined __stdcall Unwind@59ae64c5(void)
59ae64dc	Unwind@59ae64dc	Unwind@59ae64dc	Global	ANALYSIS	ANALYSIS	__stdcall	undefined	0	false	\N	false	59ae64dc-59ae64e3	\N	\N	undefined __stdcall Unwind@59ae64dc(void)
59ae64e4	Unwind@59ae64e4	Unwind@59ae64e4	Global	ANALYSIS	ANALYSIS	__stdcall	undefined	0	false	\N	false	59ae64e4-59ae64ee	\N	\N	undefined __stdcall Unwind@59ae64e4(void)
59ae64fe	Unwind@59ae64fe	Unwind@59ae64fe	Global	ANALYSIS	ANALYSIS	__stdcall	undefined	0	false	\N	false	59ae64fe-59ae6507	\N	\N	undefined __stdcall Unwind@59ae64fe(void)
59ae6508	Unwind@59ae6508	Unwind@59ae6508	Global	ANALYSIS	ANALYSIS	__stdcall	undefined	0	false	\N	false	59ae6508-59ae6511	\N	\N	undefined __stdcall Unwind@59ae6508(void)
59ae6512	Unwind@59ae6512	Unwind@59ae6512	Global	ANALYSIS	ANALYSIS	__stdcall	undefined	0	false	\N	false	59ae6512-59ae651b	\N	\N	undefined __stdcall Unwind@59ae6512(void)
59ae651c	Unwind@59ae651c	Unwind@59ae651c	Global	ANALYSIS	ANALYSIS	__stdcall	undefined	0	false	\N	false	59ae651c-59ae6525	\N	\N	undefined __stdcall Unwind@59ae651c(void)
59ae6526	Unwind@59ae6526	Unwind@59ae6526	Global	ANALYSIS	ANALYSIS	__stdcall	undefined	0	false	\N	false	59ae6526-59ae652f	\N	\N	undefined __stdcall Unwind@59ae6526(void)
59ae6530	Unwind@59ae6530	Unwind@59ae6530	Global	ANALYSIS	ANALYSIS	__stdcall	undefined	0	false	\N	false	59ae6530-59ae6539	\N	\N	undefined __stdcall Unwind@59ae6530(void)
59ae653a	Unwind@59ae653a	Unwind@59ae653a	Global	ANALYSIS	ANALYSIS	__stdcall	undefined	0	false	\N	false	59ae653a-59ae6543	\N	\N	undefined __stdcall Unwind@59ae653a(void)
59ae6553	Unwind@59ae6553	Unwind@59ae6553	Global	ANALYSIS	ANALYSIS	__stdcall	undefined	0	false	\N	false	59ae6553-59ae655c	\N	\N	undefined __stdcall Unwind@59ae6553(void)
59ae656c	Unwind@59ae656c	Unwind@59ae656c	Global	ANALYSIS	ANALYSIS	__stdcall	undefined	0	false	\N	false	59ae656c-59ae6576	\N	\N	undefined __stdcall Unwind@59ae656c(void)
59ae6586	Unwind@59ae6586	Unwind@59ae6586	Global	ANALYSIS	ANALYSIS	__stdcall	undefined	0	false	\N	false	59ae6586-59ae6590	\N	\N	undefined __stdcall Unwind@59ae6586(void)
59ae65a0	Unwind@59ae65a0	Unwind@59ae65a0	Global	ANALYSIS	ANALYSIS	__stdcall	undefined	0	false	\N	false	59ae65a0-59ae65a9	\N	\N	undefined __stdcall Unwind@59ae65a0(void)
59ae65b9	Unwind@59ae65b9	Unwind@59ae65b9	Global	ANALYSIS	ANALYSIS	__stdcall	undefined	0	false	\N	false	59ae65b9-59ae65c2	\N	\N	undefined __stdcall Unwind@59ae65b9(void)
59ae65c3	Unwind@59ae65c3	Unwind@59ae65c3	Global	ANALYSIS	ANALYSIS	__stdcall	undefined	0	false	\N	false	59ae65c3-59ae65ca	\N	\N	undefined __stdcall Unwind@59ae65c3(void)
59ae65da	Unwind@59ae65da	Unwind@59ae65da	Global	ANALYSIS	ANALYSIS	__stdcall	undefined	0	false	\N	false	59ae65da-59ae65e4	\N	\N	undefined __stdcall Unwind@59ae65da(void)
59ae65f4	Unwind@59ae65f4	Unwind@59ae65f4	Global	ANALYSIS	ANALYSIS	__stdcall	undefined	0	false	\N	false	59ae65f4-59ae6607	\N	\N	undefined __stdcall Unwind@59ae65f4(void)
59ae6617	Unwind@59ae6617	Unwind@59ae6617	Global	ANALYSIS	ANALYSIS	__stdcall	undefined	0	false	\N	false	59ae6617-59ae661e	\N	\N	undefined __stdcall Unwind@59ae6617(void)
59ae662e	Unwind@59ae662e	Unwind@59ae662e	Global	ANALYSIS	ANALYSIS	__stdcall	undefined	0	false	\N	false	59ae662e-59ae6637	\N	\N	undefined __stdcall Unwind@59ae662e(void)
59ae6638	Unwind@59ae6638	Unwind@59ae6638	Global	ANALYSIS	ANALYSIS	__stdcall	undefined	0	false	\N	false	59ae6638-59ae6641	\N	\N	undefined __stdcall Unwind@59ae6638(void)
59ae6642	Unwind@59ae6642	Unwind@59ae6642	Global	ANALYSIS	ANALYSIS	__stdcall	undefined	0	false	\N	false	59ae6642-59ae664b	\N	\N	undefined __stdcall Unwind@59ae6642(void)
59ae664c	Unwind@59ae664c	Unwind@59ae664c	Global	ANALYSIS	ANALYSIS	__stdcall	undefined	0	false	\N	false	59ae664c-59ae6655	\N	\N	undefined __stdcall Unwind@59ae664c(void)
59ae6656	Unwind@59ae6656	Unwind@59ae6656	Global	ANALYSIS	ANALYSIS	__stdcall	undefined	0	false	\N	false	59ae6656-59ae665f	\N	\N	undefined __stdcall Unwind@59ae6656(void)
59ae6660	Unwind@59ae6660	Unwind@59ae6660	Global	ANALYSIS	ANALYSIS	__stdcall	undefined	0	false	\N	false	59ae6660-59ae6669	\N	\N	undefined __stdcall Unwind@59ae6660(void)
59ae666a	Unwind@59ae666a	Unwind@59ae666a	Global	ANALYSIS	ANALYSIS	__stdcall	undefined	0	false	\N	false	59ae666a-59ae6673	\N	\N	undefined __stdcall Unwind@59ae666a(void)
59ae6674	Unwind@59ae6674	Unwind@59ae6674	Global	ANALYSIS	ANALYSIS	__stdcall	undefined	0	false	\N	false	59ae6674-59ae667d	\N	\N	undefined __stdcall Unwind@59ae6674(void)
59ae667e	Unwind@59ae667e	Unwind@59ae667e	Global	ANALYSIS	ANALYSIS	__stdcall	undefined	0	false	\N	false	59ae667e-59ae6687	\N	\N	undefined __stdcall Unwind@59ae667e(void)
59ae6688	Unwind@59ae6688	Unwind@59ae6688	Global	ANALYSIS	ANALYSIS	__stdcall	undefined	0	false	\N	false	59ae6688-59ae6691	\N	\N	undefined __stdcall Unwind@59ae6688(void)
59ae6692	Unwind@59ae6692	Unwind@59ae6692	Global	ANALYSIS	ANALYSIS	__stdcall	undefined	0	false	\N	false	59ae6692-59ae669b	\N	\N	undefined __stdcall Unwind@59ae6692(void)
59ae669c	Unwind@59ae669c	Unwind@59ae669c	Global	ANALYSIS	ANALYSIS	__stdcall	undefined	0	false	\N	false	59ae669c-59ae66a5	\N	\N	undefined __stdcall Unwind@59ae669c(void)
59ae66a6	Unwind@59ae66a6	Unwind@59ae66a6	Global	ANALYSIS	ANALYSIS	__stdcall	undefined	0	false	\N	false	59ae66a6-59ae66af	\N	\N	undefined __stdcall Unwind@59ae66a6(void)
59ae66b0	Unwind@59ae66b0	Unwind@59ae66b0	Global	ANALYSIS	ANALYSIS	__stdcall	undefined	0	false	\N	false	59ae66b0-59ae66b9	\N	\N	undefined __stdcall Unwind@59ae66b0(void)
59ae66ba	Unwind@59ae66ba	Unwind@59ae66ba	Global	ANALYSIS	ANALYSIS	__stdcall	undefined	0	false	\N	false	59ae66ba-59ae66c3	\N	\N	undefined __stdcall Unwind@59ae66ba(void)
59ae66c4	Unwind@59ae66c4	Unwind@59ae66c4	Global	ANALYSIS	ANALYSIS	__stdcall	undefined	0	false	\N	false	59ae66c4-59ae66cd	\N	\N	undefined __stdcall Unwind@59ae66c4(void)
59ae66ce	Unwind@59ae66ce	Unwind@59ae66ce	Global	ANALYSIS	ANALYSIS	__stdcall	undefined	0	false	\N	false	59ae66ce-59ae66d7	\N	\N	undefined __stdcall Unwind@59ae66ce(void)
59ae66d8	Unwind@59ae66d8	Unwind@59ae66d8	Global	ANALYSIS	ANALYSIS	__stdcall	undefined	0	false	\N	false	59ae66d8-59ae66e1	\N	\N	undefined __stdcall Unwind@59ae66d8(void)
59ae66e2	Unwind@59ae66e2	Unwind@59ae66e2	Global	ANALYSIS	ANALYSIS	__stdcall	undefined	0	false	\N	false	59ae66e2-59ae66eb	\N	\N	undefined __stdcall Unwind@59ae66e2(void)
59ae66ec	Unwind@59ae66ec	Unwind@59ae66ec	Global	ANALYSIS	ANALYSIS	__stdcall	undefined	0	false	\N	false	59ae66ec-59ae66f5	\N	\N	undefined __stdcall Unwind@59ae66ec(void)
59ae66f6	Unwind@59ae66f6	Unwind@59ae66f6	Global	ANALYSIS	ANALYSIS	__stdcall	undefined	0	false	\N	false	59ae66f6-59ae66ff	\N	\N	undefined __stdcall Unwind@59ae66f6(void)
59ae6700	Unwind@59ae6700	Unwind@59ae6700	Global	ANALYSIS	ANALYSIS	__stdcall	undefined	0	false	\N	false	59ae6700-59ae6709	\N	\N	undefined __stdcall Unwind@59ae6700(void)
59ae6719	Unwind@59ae6719	Unwind@59ae6719	Global	ANALYSIS	ANALYSIS	__stdcall	undefined	0	false	\N	false	59ae6719-59ae6722	\N	\N	undefined __stdcall Unwind@59ae6719(void)
59ae6723	Unwind@59ae6723	Unwind@59ae6723	Global	ANALYSIS	ANALYSIS	__stdcall	undefined	0	false	\N	false	59ae6723-59ae672c	\N	\N	undefined __stdcall Unwind@59ae6723(void)
59ae672d	Unwind@59ae672d	Unwind@59ae672d	Global	ANALYSIS	ANALYSIS	__stdcall	undefined	0	false	\N	false	59ae672d-59ae6736	\N	\N	undefined __stdcall Unwind@59ae672d(void)
59ae6737	Unwind@59ae6737	Unwind@59ae6737	Global	ANALYSIS	ANALYSIS	__stdcall	undefined	0	false	\N	false	59ae6737-59ae6740	\N	\N	undefined __stdcall Unwind@59ae6737(void)
59ae6741	Unwind@59ae6741	Unwind@59ae6741	Global	ANALYSIS	ANALYSIS	__stdcall	undefined	0	false	\N	false	59ae6741-59ae674a	\N	\N	undefined __stdcall Unwind@59ae6741(void)
59ae674b	Unwind@59ae674b	Unwind@59ae674b	Global	ANALYSIS	ANALYSIS	__stdcall	undefined	0	false	\N	false	59ae674b-59ae6754	\N	\N	undefined __stdcall Unwind@59ae674b(void)
59ae6755	Unwind@59ae6755	Unwind@59ae6755	Global	ANALYSIS	ANALYSIS	__stdcall	undefined	0	false	\N	false	59ae6755-59ae675e	\N	\N	undefined __stdcall Unwind@59ae6755(void)
59ae675f	Unwind@59ae675f	Unwind@59ae675f	Global	ANALYSIS	ANALYSIS	__stdcall	undefined	0	false	\N	false	59ae675f-59ae6768	\N	\N	undefined __stdcall Unwind@59ae675f(void)
59ae6769	Unwind@59ae6769	Unwind@59ae6769	Global	ANALYSIS	ANALYSIS	__stdcall	undefined	0	false	\N	false	59ae6769-59ae6772	\N	\N	undefined __stdcall Unwind@59ae6769(void)
59ae6782	Unwind@59ae6782	Unwind@59ae6782	Global	ANALYSIS	ANALYSIS	__stdcall	undefined	0	false	\N	false	59ae6782-59ae678b	\N	\N	undefined __stdcall Unwind@59ae6782(void)
59ae678c	Unwind@59ae678c	Unwind@59ae678c	Global	ANALYSIS	ANALYSIS	__stdcall	undefined	0	false	\N	false	59ae678c-59ae6795	\N	\N	undefined __stdcall Unwind@59ae678c(void)
59ae6796	Unwind@59ae6796	Unwind@59ae6796	Global	ANALYSIS	ANALYSIS	__stdcall	undefined	0	false	\N	false	59ae6796-59ae679f	\N	\N	undefined __stdcall Unwind@59ae6796(void)
59ae67a0	Unwind@59ae67a0	Unwind@59ae67a0	Global	ANALYSIS	ANALYSIS	__stdcall	undefined	0	false	\N	false	59ae67a0-59ae67a9	\N	\N	undefined __stdcall Unwind@59ae67a0(void)
59ae67aa	Unwind@59ae67aa	Unwind@59ae67aa	Global	ANALYSIS	ANALYSIS	__stdcall	undefined	0	false	\N	false	59ae67aa-59ae67b3	\N	\N	undefined __stdcall Unwind@59ae67aa(void)
59ae67b4	Unwind@59ae67b4	Unwind@59ae67b4	Global	ANALYSIS	ANALYSIS	__stdcall	undefined	0	false	\N	false	59ae67b4-59ae67bd	\N	\N	undefined __stdcall Unwind@59ae67b4(void)
59ae67cd	Unwind@59ae67cd	Unwind@59ae67cd	Global	ANALYSIS	ANALYSIS	__stdcall	undefined	0	false	\N	false	59ae67cd-59ae67d6	\N	\N	undefined __stdcall Unwind@59ae67cd(void)
59ae67d7	Unwind@59ae67d7	Unwind@59ae67d7	Global	ANALYSIS	ANALYSIS	__stdcall	undefined	0	false	\N	false	59ae67d7-59ae67e0	\N	\N	undefined __stdcall Unwind@59ae67d7(void)
59ae67e1	Unwind@59ae67e1	Unwind@59ae67e1	Global	ANALYSIS	ANALYSIS	__stdcall	undefined	0	false	\N	false	59ae67e1-59ae67ea	\N	\N	undefined __stdcall Unwind@59ae67e1(void)
59ae67eb	Unwind@59ae67eb	Unwind@59ae67eb	Global	ANALYSIS	ANALYSIS	__stdcall	undefined	0	false	\N	false	59ae67eb-59ae67f4	\N	\N	undefined __stdcall Unwind@59ae67eb(void)
59ae67f5	Unwind@59ae67f5	Unwind@59ae67f5	Global	ANALYSIS	ANALYSIS	__stdcall	undefined	0	false	\N	false	59ae67f5-59ae67fe	\N	\N	undefined __stdcall Unwind@59ae67f5(void)
59ae67ff	Unwind@59ae67ff	Unwind@59ae67ff	Global	ANALYSIS	ANALYSIS	__stdcall	undefined	0	false	\N	false	59ae67ff-59ae6808	\N	\N	undefined __stdcall Unwind@59ae67ff(void)
59ae6809	Unwind@59ae6809	Unwind@59ae6809	Global	ANALYSIS	ANALYSIS	__stdcall	undefined	0	false	\N	false	59ae6809-59ae6812	\N	\N	undefined __stdcall Unwind@59ae6809(void)
59ae6813	Unwind@59ae6813	Unwind@59ae6813	Global	ANALYSIS	ANALYSIS	__stdcall	undefined	0	false	\N	false	59ae6813-59ae681c	\N	\N	undefined __stdcall Unwind@59ae6813(void)
59ae681d	Unwind@59ae681d	Unwind@59ae681d	Global	ANALYSIS	ANALYSIS	__stdcall	undefined	0	false	\N	false	59ae681d-59ae6826	\N	\N	undefined __stdcall Unwind@59ae681d(void)
59ae6827	Unwind@59ae6827	Unwind@59ae6827	Global	ANALYSIS	ANALYSIS	__stdcall	undefined	0	false	\N	false	59ae6827-59ae6830	\N	\N	undefined __stdcall Unwind@59ae6827(void)
59ae6831	Unwind@59ae6831	Unwind@59ae6831	Global	ANALYSIS	ANALYSIS	__stdcall	undefined	0	false	\N	false	59ae6831-59ae683a	\N	\N	undefined __stdcall Unwind@59ae6831(void)
59ae683b	Unwind@59ae683b	Unwind@59ae683b	Global	ANALYSIS	ANALYSIS	__stdcall	undefined	0	false	\N	false	59ae683b-59ae6844	\N	\N	undefined __stdcall Unwind@59ae683b(void)
59ae6845	Unwind@59ae6845	Unwind@59ae6845	Global	ANALYSIS	ANALYSIS	__stdcall	undefined	0	false	\N	false	59ae6845-59ae684e	\N	\N	undefined __stdcall Unwind@59ae6845(void)
59ae684f	Unwind@59ae684f	Unwind@59ae684f	Global	ANALYSIS	ANALYSIS	__stdcall	undefined	0	false	\N	false	59ae684f-59ae6858	\N	\N	undefined __stdcall Unwind@59ae684f(void)
59ae6859	Unwind@59ae6859	Unwind@59ae6859	Global	ANALYSIS	ANALYSIS	__stdcall	undefined	0	false	\N	false	59ae6859-59ae6862	\N	\N	undefined __stdcall Unwind@59ae6859(void)
59ae6863	Unwind@59ae6863	Unwind@59ae6863	Global	ANALYSIS	ANALYSIS	__stdcall	undefined	0	false	\N	false	59ae6863-59ae686c	\N	\N	undefined __stdcall Unwind@59ae6863(void)
59ae686d	Unwind@59ae686d	Unwind@59ae686d	Global	ANALYSIS	ANALYSIS	__stdcall	undefined	0	false	\N	false	59ae686d-59ae6876	\N	\N	undefined __stdcall Unwind@59ae686d(void)
59ae6877	Unwind@59ae6877	Unwind@59ae6877	Global	ANALYSIS	ANALYSIS	__stdcall	undefined	0	false	\N	false	59ae6877-59ae6880	\N	\N	undefined __stdcall Unwind@59ae6877(void)
59ae6890	Unwind@59ae6890	Unwind@59ae6890	Global	ANALYSIS	ANALYSIS	__stdcall	undefined	0	false	\N	false	59ae6890-59ae6899	\N	\N	undefined __stdcall Unwind@59ae6890(void)
59ae689a	Unwind@59ae689a	Unwind@59ae689a	Global	ANALYSIS	ANALYSIS	__stdcall	undefined	0	false	\N	false	59ae689a-59ae68a3	\N	\N	undefined __stdcall Unwind@59ae689a(void)
59ae68a4	Unwind@59ae68a4	Unwind@59ae68a4	Global	ANALYSIS	ANALYSIS	__stdcall	undefined	0	false	\N	false	59ae68a4-59ae68ad	\N	\N	undefined __stdcall Unwind@59ae68a4(void)
59ae68ae	Unwind@59ae68ae	Unwind@59ae68ae	Global	ANALYSIS	ANALYSIS	__stdcall	undefined	0	false	\N	false	59ae68ae-59ae68b7	\N	\N	undefined __stdcall Unwind@59ae68ae(void)
59ae68b8	Unwind@59ae68b8	Unwind@59ae68b8	Global	ANALYSIS	ANALYSIS	__stdcall	undefined	0	false	\N	false	59ae68b8-59ae68c1	\N	\N	undefined __stdcall Unwind@59ae68b8(void)
59ae68c2	Unwind@59ae68c2	Unwind@59ae68c2	Global	ANALYSIS	ANALYSIS	__stdcall	undefined	0	false	\N	false	59ae68c2-59ae68cb	\N	\N	undefined __stdcall Unwind@59ae68c2(void)
59ae68cc	Unwind@59ae68cc	Unwind@59ae68cc	Global	ANALYSIS	ANALYSIS	__stdcall	undefined	0	false	\N	false	59ae68cc-59ae68d5	\N	\N	undefined __stdcall Unwind@59ae68cc(void)
59ae68d6	Unwind@59ae68d6	Unwind@59ae68d6	Global	ANALYSIS	ANALYSIS	__stdcall	undefined	0	false	\N	false	59ae68d6-59ae68df	\N	\N	undefined __stdcall Unwind@59ae68d6(void)
59ae68e0	Unwind@59ae68e0	Unwind@59ae68e0	Global	ANALYSIS	ANALYSIS	__stdcall	undefined	0	false	\N	false	59ae68e0-59ae68e9	\N	\N	undefined __stdcall Unwind@59ae68e0(void)
59ae68ea	Unwind@59ae68ea	Unwind@59ae68ea	Global	ANALYSIS	ANALYSIS	__stdcall	undefined	0	false	\N	false	59ae68ea-59ae68f3	\N	\N	undefined __stdcall Unwind@59ae68ea(void)
59ae68f4	Unwind@59ae68f4	Unwind@59ae68f4	Global	ANALYSIS	ANALYSIS	__stdcall	undefined	0	false	\N	false	59ae68f4-59ae68fd	\N	\N	undefined __stdcall Unwind@59ae68f4(void)
59ae68fe	Unwind@59ae68fe	Unwind@59ae68fe	Global	ANALYSIS	ANALYSIS	__stdcall	undefined	0	false	\N	false	59ae68fe-59ae6907	\N	\N	undefined __stdcall Unwind@59ae68fe(void)
59ae6908	Unwind@59ae6908	Unwind@59ae6908	Global	ANALYSIS	ANALYSIS	__stdcall	undefined	0	false	\N	false	59ae6908-59ae6911	\N	\N	undefined __stdcall Unwind@59ae6908(void)
59ae6912	Unwind@59ae6912	Unwind@59ae6912	Global	ANALYSIS	ANALYSIS	__stdcall	undefined	0	false	\N	false	59ae6912-59ae691b	\N	\N	undefined __stdcall Unwind@59ae6912(void)
59ae692b	Unwind@59ae692b	Unwind@59ae692b	Global	ANALYSIS	ANALYSIS	__stdcall	undefined	0	false	\N	false	59ae692b-59ae6934	\N	\N	undefined __stdcall Unwind@59ae692b(void)
59ae6944	Unwind@59ae6944	Unwind@59ae6944	Global	ANALYSIS	ANALYSIS	__stdcall	undefined	0	false	\N	false	59ae6944-59ae6957	\N	\N	undefined __stdcall Unwind@59ae6944(void)
59ae6958	Unwind@59ae6958	Unwind@59ae6958	Global	ANALYSIS	ANALYSIS	__stdcall	undefined	0	false	\N	false	59ae6958-59ae6965	\N	\N	undefined __stdcall Unwind@59ae6958(void)
59ae6966	Unwind@59ae6966	Unwind@59ae6966	Global	ANALYSIS	ANALYSIS	__stdcall	undefined	0	false	\N	false	59ae6966-59ae6973	\N	\N	undefined __stdcall Unwind@59ae6966(void)
59ae6974	Unwind@59ae6974	Unwind@59ae6974	Global	ANALYSIS	ANALYSIS	__stdcall	undefined	0	false	\N	false	59ae6974-59ae6981	\N	\N	undefined __stdcall Unwind@59ae6974(void)
59ae6982	Unwind@59ae6982	Unwind@59ae6982	Global	ANALYSIS	ANALYSIS	__stdcall	undefined	0	false	\N	false	59ae6982-59ae698f	\N	\N	undefined __stdcall Unwind@59ae6982(void)
59ae6990	Unwind@59ae6990	Unwind@59ae6990	Global	ANALYSIS	ANALYSIS	__stdcall	undefined	0	false	\N	false	59ae6990-59ae699d	\N	\N	undefined __stdcall Unwind@59ae6990(void)
59ae69ad	Unwind@59ae69ad	Unwind@59ae69ad	Global	ANALYSIS	ANALYSIS	__stdcall	undefined	0	false	\N	false	59ae69ad-59ae69b6	\N	\N	undefined __stdcall Unwind@59ae69ad(void)
59ae69c6	Unwind@59ae69c6	Unwind@59ae69c6	Global	ANALYSIS	ANALYSIS	__stdcall	undefined	0	false	\N	false	59ae69c6-59ae69d9	\N	\N	undefined __stdcall Unwind@59ae69c6(void)
59ae69da	Unwind@59ae69da	Unwind@59ae69da	Global	ANALYSIS	ANALYSIS	__stdcall	undefined	0	false	\N	false	59ae69da-59ae69e4	\N	\N	undefined __stdcall Unwind@59ae69da(void)
59ae69e5	Unwind@59ae69e5	Unwind@59ae69e5	Global	ANALYSIS	ANALYSIS	__stdcall	undefined	0	false	\N	false	59ae69e5-59ae69ef	\N	\N	undefined __stdcall Unwind@59ae69e5(void)
59ae69f0	Unwind@59ae69f0	Unwind@59ae69f0	Global	ANALYSIS	ANALYSIS	__stdcall	undefined	0	false	\N	false	59ae69f0-59ae69fa	\N	\N	undefined __stdcall Unwind@59ae69f0(void)
59ae69fb	Unwind@59ae69fb	Unwind@59ae69fb	Global	ANALYSIS	ANALYSIS	__stdcall	undefined	0	false	\N	false	59ae69fb-59ae6a05	\N	\N	undefined __stdcall Unwind@59ae69fb(void)
59ae6a06	Unwind@59ae6a06	Unwind@59ae6a06	Global	ANALYSIS	ANALYSIS	__stdcall	undefined	0	false	\N	false	59ae6a06-59ae6a10	\N	\N	undefined __stdcall Unwind@59ae6a06(void)
59ae6a11	Unwind@59ae6a11	Unwind@59ae6a11	Global	ANALYSIS	ANALYSIS	__stdcall	undefined	0	false	\N	false	59ae6a11-59ae6a1b	\N	\N	undefined __stdcall Unwind@59ae6a11(void)
59ae6a2b	Unwind@59ae6a2b	Unwind@59ae6a2b	Global	ANALYSIS	ANALYSIS	__stdcall	undefined	0	false	\N	false	59ae6a2b-59ae6a35	\N	\N	undefined __stdcall Unwind@59ae6a2b(void)
59ae6a45	Unwind@59ae6a45	Unwind@59ae6a45	Global	ANALYSIS	ANALYSIS	__stdcall	undefined	0	false	\N	false	59ae6a45-59ae6a4c	\N	\N	undefined __stdcall Unwind@59ae6a45(void)
59ae6a5c	Unwind@59ae6a5c	Unwind@59ae6a5c	Global	ANALYSIS	ANALYSIS	__stdcall	undefined	0	false	\N	false	59ae6a5c-59ae6a63	\N	\N	undefined __stdcall Unwind@59ae6a5c(void)
59ae6a64	Unwind@59ae6a64	Unwind@59ae6a64	Global	ANALYSIS	ANALYSIS	__stdcall	undefined	0	false	\N	false	59ae6a64-59ae6a6e	\N	\N	undefined __stdcall Unwind@59ae6a64(void)
59ae6a7e	Unwind@59ae6a7e	Unwind@59ae6a7e	Global	ANALYSIS	ANALYSIS	__stdcall	undefined	0	false	\N	false	59ae6a7e-59ae6a85	\N	\N	undefined __stdcall Unwind@59ae6a7e(void)
59ae6a95	Unwind@59ae6a95	Unwind@59ae6a95	Global	ANALYSIS	ANALYSIS	__stdcall	undefined	0	false	\N	false	59ae6a95-59ae6a9c	\N	\N	undefined __stdcall Unwind@59ae6a95(void)
59ae6a9d	Unwind@59ae6a9d	Unwind@59ae6a9d	Global	ANALYSIS	ANALYSIS	__stdcall	undefined	0	false	\N	false	59ae6a9d-59ae6aa4	\N	\N	undefined __stdcall Unwind@59ae6a9d(void)
59ae6aa5	Unwind@59ae6aa5	Unwind@59ae6aa5	Global	ANALYSIS	ANALYSIS	__stdcall	undefined	0	false	\N	false	59ae6aa5-59ae6aac	\N	\N	undefined __stdcall Unwind@59ae6aa5(void)
59ae6aad	Unwind@59ae6aad	Unwind@59ae6aad	Global	ANALYSIS	ANALYSIS	__stdcall	undefined	0	false	\N	false	59ae6aad-59ae6ab4	\N	\N	undefined __stdcall Unwind@59ae6aad(void)
59ae6ac4	Unwind@59ae6ac4	Unwind@59ae6ac4	Global	ANALYSIS	ANALYSIS	__stdcall	undefined	0	false	\N	false	59ae6ac4-59ae6acb	\N	\N	undefined __stdcall Unwind@59ae6ac4(void)
59ae6acc	Unwind@59ae6acc	Unwind@59ae6acc	Global	ANALYSIS	ANALYSIS	__stdcall	undefined	0	false	\N	false	59ae6acc-59ae6ad3	\N	\N	undefined __stdcall Unwind@59ae6acc(void)
59ae6ae3	Unwind@59ae6ae3	Unwind@59ae6ae3	Global	ANALYSIS	ANALYSIS	__stdcall	undefined	0	false	\N	false	59ae6ae3-59ae6aea	\N	\N	undefined __stdcall Unwind@59ae6ae3(void)
59ae6aeb	Unwind@59ae6aeb	Unwind@59ae6aeb	Global	ANALYSIS	ANALYSIS	__stdcall	undefined	0	false	\N	false	59ae6aeb-59ae6af2	\N	\N	undefined __stdcall Unwind@59ae6aeb(void)
59ae6b02	Unwind@59ae6b02	Unwind@59ae6b02	Global	ANALYSIS	ANALYSIS	__stdcall	undefined	0	false	\N	false	59ae6b02-59ae6b09	\N	\N	undefined __stdcall Unwind@59ae6b02(void)
59ae6b0a	Unwind@59ae6b0a	Unwind@59ae6b0a	Global	ANALYSIS	ANALYSIS	__stdcall	undefined	0	false	\N	false	59ae6b0a-59ae6b11	\N	\N	undefined __stdcall Unwind@59ae6b0a(void)
59ae6b21	Unwind@59ae6b21	Unwind@59ae6b21	Global	ANALYSIS	ANALYSIS	__stdcall	undefined	0	false	\N	false	59ae6b21-59ae6b28	\N	\N	undefined __stdcall Unwind@59ae6b21(void)
59ae6b29	Unwind@59ae6b29	Unwind@59ae6b29	Global	ANALYSIS	ANALYSIS	__stdcall	undefined	0	false	\N	false	59ae6b29-59ae6b30	\N	\N	undefined __stdcall Unwind@59ae6b29(void)
59ae6b40	Unwind@59ae6b40	Unwind@59ae6b40	Global	ANALYSIS	ANALYSIS	__stdcall	undefined	0	false	\N	false	59ae6b40-59ae6b47	\N	\N	undefined __stdcall Unwind@59ae6b40(void)
59ae6b48	Unwind@59ae6b48	Unwind@59ae6b48	Global	ANALYSIS	ANALYSIS	__stdcall	undefined	0	false	\N	false	59ae6b48-59ae6b51	\N	\N	undefined __stdcall Unwind@59ae6b48(void)
59ae6b52	Unwind@59ae6b52	Unwind@59ae6b52	Global	ANALYSIS	ANALYSIS	__stdcall	undefined	0	false	\N	false	59ae6b52-59ae6b5b	\N	\N	undefined __stdcall Unwind@59ae6b52(void)
59ae6b6b	Unwind@59ae6b6b	Unwind@59ae6b6b	Global	ANALYSIS	ANALYSIS	__stdcall	undefined	0	false	\N	false	59ae6b6b-59ae6b72	\N	\N	undefined __stdcall Unwind@59ae6b6b(void)
59ae6b82	Unwind@59ae6b82	Unwind@59ae6b82	Global	ANALYSIS	ANALYSIS	__stdcall	undefined	0	false	\N	false	59ae6b82-59ae6b89	\N	\N	undefined __stdcall Unwind@59ae6b82(void)
59ae6b99	Unwind@59ae6b99	Unwind@59ae6b99	Global	ANALYSIS	ANALYSIS	__stdcall	undefined	0	false	\N	false	59ae6b99-59ae6ba0	\N	\N	undefined __stdcall Unwind@59ae6b99(void)
59ae6bb0	Unwind@59ae6bb0	Unwind@59ae6bb0	Global	ANALYSIS	ANALYSIS	__stdcall	undefined	0	false	\N	false	59ae6bb0-59ae6bb7	\N	\N	undefined __stdcall Unwind@59ae6bb0(void)
59ae6bb8	Unwind@59ae6bb8	Unwind@59ae6bb8	Global	ANALYSIS	ANALYSIS	__stdcall	undefined	0	false	\N	false	59ae6bb8-59ae6bc2	\N	\N	undefined __stdcall Unwind@59ae6bb8(void)
59ae6bc3	Unwind@59ae6bc3	Unwind@59ae6bc3	Global	ANALYSIS	ANALYSIS	__stdcall	undefined	0	false	\N	false	59ae6bc3-59ae6bcd	\N	\N	undefined __stdcall Unwind@59ae6bc3(void)
59ae6bdd	Unwind@59ae6bdd	Unwind@59ae6bdd	Global	ANALYSIS	ANALYSIS	__stdcall	undefined	0	false	\N	false	59ae6bdd-59ae6be4	\N	\N	undefined __stdcall Unwind@59ae6bdd(void)
59ae6be5	Unwind@59ae6be5	Unwind@59ae6be5	Global	ANALYSIS	ANALYSIS	__stdcall	undefined	0	false	\N	false	59ae6be5-59ae6bec	\N	\N	undefined __stdcall Unwind@59ae6be5(void)
59ae6bed	Unwind@59ae6bed	Unwind@59ae6bed	Global	ANALYSIS	ANALYSIS	__stdcall	undefined	0	false	\N	false	59ae6bed-59ae6bf4	\N	\N	undefined __stdcall Unwind@59ae6bed(void)
59ae6c04	Unwind@59ae6c04	Unwind@59ae6c04	Global	ANALYSIS	ANALYSIS	__stdcall	undefined	0	false	\N	false	59ae6c04-59ae6c0b	\N	\N	undefined __stdcall Unwind@59ae6c04(void)
59ae6c1b	Unwind@59ae6c1b	Unwind@59ae6c1b	Global	ANALYSIS	ANALYSIS	__stdcall	undefined	0	false	\N	false	59ae6c1b-59ae6c22	\N	\N	undefined __stdcall Unwind@59ae6c1b(void)
59ae6c32	Unwind@59ae6c32	Unwind@59ae6c32	Global	ANALYSIS	ANALYSIS	__stdcall	undefined	0	false	\N	false	59ae6c32-59ae6c39	\N	\N	undefined __stdcall Unwind@59ae6c32(void)
59ae6c49	Unwind@59ae6c49	Unwind@59ae6c49	Global	ANALYSIS	ANALYSIS	__stdcall	undefined	0	false	\N	false	59ae6c49-59ae6c53	\N	\N	undefined __stdcall Unwind@59ae6c49(void)
59ae6c54	Unwind@59ae6c54	Unwind@59ae6c54	Global	ANALYSIS	ANALYSIS	__stdcall	undefined	0	false	\N	false	59ae6c54-59ae6c5e	\N	\N	undefined __stdcall Unwind@59ae6c54(void)
59ae6c6e	Unwind@59ae6c6e	Unwind@59ae6c6e	Global	ANALYSIS	ANALYSIS	__stdcall	undefined	0	false	\N	false	59ae6c6e-59ae6c78	\N	\N	undefined __stdcall Unwind@59ae6c6e(void)
59ae6c88	Unwind@59ae6c88	Unwind@59ae6c88	Global	ANALYSIS	ANALYSIS	__stdcall	undefined	0	false	\N	false	59ae6c88-59ae6c9b	\N	\N	undefined __stdcall Unwind@59ae6c88(void)
59ae6c9c	Unwind@59ae6c9c	Unwind@59ae6c9c	Global	ANALYSIS	ANALYSIS	__stdcall	undefined	0	false	\N	false	59ae6c9c-59ae6ca6	\N	\N	undefined __stdcall Unwind@59ae6c9c(void)
59ae6cb6	Unwind@59ae6cb6	Unwind@59ae6cb6	Global	ANALYSIS	ANALYSIS	__stdcall	undefined	0	false	\N	false	59ae6cb6-59ae6cbd	\N	\N	undefined __stdcall Unwind@59ae6cb6(void)
59ae6ccd	Unwind@59ae6ccd	Unwind@59ae6ccd	Global	ANALYSIS	ANALYSIS	__stdcall	undefined	0	false	\N	false	59ae6ccd-59ae6cd4	\N	\N	undefined __stdcall Unwind@59ae6ccd(void)
59ae6ce4	Unwind@59ae6ce4	Unwind@59ae6ce4	Global	ANALYSIS	ANALYSIS	__stdcall	undefined	0	false	\N	false	59ae6ce4-59ae6ceb	\N	\N	undefined __stdcall Unwind@59ae6ce4(void)
59ae6cfb	Unwind@59ae6cfb	Unwind@59ae6cfb	Global	ANALYSIS	ANALYSIS	__stdcall	undefined	0	false	\N	false	59ae6cfb-59ae6d05	\N	\N	undefined __stdcall Unwind@59ae6cfb(void)
59ae6d15	Unwind@59ae6d15	Unwind@59ae6d15	Global	ANALYSIS	ANALYSIS	__stdcall	undefined	0	false	\N	false	59ae6d15-59ae6d28	\N	\N	undefined __stdcall Unwind@59ae6d15(void)
59ae6d29	Unwind@59ae6d29	Unwind@59ae6d29	Global	ANALYSIS	ANALYSIS	__stdcall	undefined	0	false	\N	false	59ae6d29-59ae6d3c	\N	\N	undefined __stdcall Unwind@59ae6d29(void)
59ae6d3d	Unwind@59ae6d3d	Unwind@59ae6d3d	Global	ANALYSIS	ANALYSIS	__stdcall	undefined	0	false	\N	false	59ae6d3d-59ae6d47	\N	\N	undefined __stdcall Unwind@59ae6d3d(void)
59ae6d48	Unwind@59ae6d48	Unwind@59ae6d48	Global	ANALYSIS	ANALYSIS	__stdcall	undefined	0	false	\N	false	59ae6d48-59ae6d52	\N	\N	undefined __stdcall Unwind@59ae6d48(void)
59ae6d62	Unwind@59ae6d62	Unwind@59ae6d62	Global	ANALYSIS	ANALYSIS	__stdcall	undefined	0	false	\N	false	59ae6d62-59ae6d69	\N	\N	undefined __stdcall Unwind@59ae6d62(void)
59ae6d6a	Unwind@59ae6d6a	Unwind@59ae6d6a	Global	ANALYSIS	ANALYSIS	__stdcall	undefined	0	false	\N	false	59ae6d6a-59ae6d77	\N	\N	undefined __stdcall Unwind@59ae6d6a(void)
59ae6d87	Unwind@59ae6d87	Unwind@59ae6d87	Global	ANALYSIS	ANALYSIS	__stdcall	undefined	0	false	\N	false	59ae6d87-59ae6d8e	\N	\N	undefined __stdcall Unwind@59ae6d87(void)
59ae6d8f	Unwind@59ae6d8f	Unwind@59ae6d8f	Global	ANALYSIS	ANALYSIS	__stdcall	undefined	0	false	\N	false	59ae6d8f-59ae6d99	\N	\N	undefined __stdcall Unwind@59ae6d8f(void)
59ae6d9a	Unwind@59ae6d9a	Unwind@59ae6d9a	Global	ANALYSIS	ANALYSIS	__stdcall	undefined	0	false	\N	false	59ae6d9a-59ae6da4	\N	\N	undefined __stdcall Unwind@59ae6d9a(void)
59ae6db4	Unwind@59ae6db4	Unwind@59ae6db4	Global	ANALYSIS	ANALYSIS	__stdcall	undefined	0	false	\N	false	59ae6db4-59ae6dbb	\N	\N	undefined __stdcall Unwind@59ae6db4(void)
59ae6dbc	Unwind@59ae6dbc	Unwind@59ae6dbc	Global	ANALYSIS	ANALYSIS	__stdcall	undefined	0	false	\N	false	59ae6dbc-59ae6dc6	\N	\N	undefined __stdcall Unwind@59ae6dbc(void)
59ae6dc7	Unwind@59ae6dc7	Unwind@59ae6dc7	Global	ANALYSIS	ANALYSIS	__stdcall	undefined	0	false	\N	false	59ae6dc7-59ae6dd1	\N	\N	undefined __stdcall Unwind@59ae6dc7(void)
59ae6dd2	Unwind@59ae6dd2	Unwind@59ae6dd2	Global	ANALYSIS	ANALYSIS	__stdcall	undefined	0	false	\N	false	59ae6dd2-59ae6ddc	\N	\N	undefined __stdcall Unwind@59ae6dd2(void)
59ae6dec	Unwind@59ae6dec	Unwind@59ae6dec	Global	ANALYSIS	ANALYSIS	__stdcall	undefined	0	false	\N	false	59ae6dec-59ae6df3	\N	\N	undefined __stdcall Unwind@59ae6dec(void)
59ae6e03	Unwind@59ae6e03	Unwind@59ae6e03	Global	ANALYSIS	ANALYSIS	__stdcall	undefined	0	false	\N	false	59ae6e03-59ae6e0c	\N	\N	undefined __stdcall Unwind@59ae6e03(void)
59ae6e1c	Unwind@59ae6e1c	Unwind@59ae6e1c	Global	ANALYSIS	ANALYSIS	__stdcall	undefined	0	false	\N	false	59ae6e1c-59ae6e26	\N	\N	undefined __stdcall Unwind@59ae6e1c(void)
59ae6e27	Unwind@59ae6e27	Unwind@59ae6e27	Global	ANALYSIS	ANALYSIS	__stdcall	undefined	0	false	\N	false	59ae6e27-59ae6e31	\N	\N	undefined __stdcall Unwind@59ae6e27(void)
59ae6e32	Unwind@59ae6e32	Unwind@59ae6e32	Global	ANALYSIS	ANALYSIS	__stdcall	undefined	0	false	\N	false	59ae6e32-59ae6e3c	\N	\N	undefined __stdcall Unwind@59ae6e32(void)
59ae6e4c	Unwind@59ae6e4c	Unwind@59ae6e4c	Global	ANALYSIS	ANALYSIS	__stdcall	undefined	0	false	\N	false	59ae6e4c-59ae6e55	\N	\N	undefined __stdcall Unwind@59ae6e4c(void)
59ae6e65	Unwind@59ae6e65	Unwind@59ae6e65	Global	ANALYSIS	ANALYSIS	__stdcall	undefined	0	false	\N	false	59ae6e65-59ae6e6e	\N	\N	undefined __stdcall Unwind@59ae6e65(void)
59ae6e7e	Unwind@59ae6e7e	Unwind@59ae6e7e	Global	ANALYSIS	ANALYSIS	__stdcall	undefined	0	false	\N	false	59ae6e7e-59ae6e87	\N	\N	undefined __stdcall Unwind@59ae6e7e(void)
59ae6e97	Unwind@59ae6e97	Unwind@59ae6e97	Global	ANALYSIS	ANALYSIS	__stdcall	undefined	0	false	\N	false	59ae6e97-59ae6ea0	\N	\N	undefined __stdcall Unwind@59ae6e97(void)
59ae6ea1	Unwind@59ae6ea1	Unwind@59ae6ea1	Global	ANALYSIS	ANALYSIS	__stdcall	undefined	0	false	\N	false	59ae6ea1-59ae6eaa	\N	\N	undefined __stdcall Unwind@59ae6ea1(void)
59ae6eba	Unwind@59ae6eba	Unwind@59ae6eba	Global	ANALYSIS	ANALYSIS	__stdcall	undefined	0	false	\N	false	59ae6eba-59ae6ec1	\N	\N	undefined __stdcall Unwind@59ae6eba(void)
59ae6ed1	Unwind@59ae6ed1	Unwind@59ae6ed1	Global	ANALYSIS	ANALYSIS	__stdcall	undefined	0	false	\N	false	59ae6ed1-59ae6edb	\N	\N	undefined __stdcall Unwind@59ae6ed1(void)
59ae6edc	Unwind@59ae6edc	Unwind@59ae6edc	Global	ANALYSIS	ANALYSIS	__stdcall	undefined	0	false	\N	false	59ae6edc-59ae6ee9	\N	\N	undefined __stdcall Unwind@59ae6edc(void)
59ae6eea	Unwind@59ae6eea	Unwind@59ae6eea	Global	ANALYSIS	ANALYSIS	__stdcall	undefined	0	false	\N	false	59ae6eea-59ae6ef7	\N	\N	undefined __stdcall Unwind@59ae6eea(void)
59ae6ef8	Unwind@59ae6ef8	Unwind@59ae6ef8	Global	ANALYSIS	ANALYSIS	__stdcall	undefined	0	false	\N	false	59ae6ef8-59ae6f05	\N	\N	undefined __stdcall Unwind@59ae6ef8(void)
59ae6f06	Unwind@59ae6f06	Unwind@59ae6f06	Global	ANALYSIS	ANALYSIS	__stdcall	undefined	0	false	\N	false	59ae6f06-59ae6f13	\N	\N	undefined __stdcall Unwind@59ae6f06(void)
59ae6f14	Unwind@59ae6f14	Unwind@59ae6f14	Global	ANALYSIS	ANALYSIS	__stdcall	undefined	0	false	\N	false	59ae6f14-59ae6f21	\N	\N	undefined __stdcall Unwind@59ae6f14(void)
59ae6f22	Unwind@59ae6f22	Unwind@59ae6f22	Global	ANALYSIS	ANALYSIS	__stdcall	undefined	0	false	\N	false	59ae6f22-59ae6f2f	\N	\N	undefined __stdcall Unwind@59ae6f22(void)
59ae6f30	Unwind@59ae6f30	Unwind@59ae6f30	Global	ANALYSIS	ANALYSIS	__stdcall	undefined	0	false	\N	false	59ae6f30-59ae6f3d	\N	\N	undefined __stdcall Unwind@59ae6f30(void)
59ae6f4d	Unwind@59ae6f4d	Unwind@59ae6f4d	Global	ANALYSIS	ANALYSIS	__stdcall	undefined	0	false	\N	false	59ae6f4d-59ae6f54	\N	\N	undefined __stdcall Unwind@59ae6f4d(void)
59ae6f64	Unwind@59ae6f64	Unwind@59ae6f64	Global	ANALYSIS	ANALYSIS	__stdcall	undefined	0	false	\N	false	59ae6f64-59ae6f6b	\N	\N	undefined __stdcall Unwind@59ae6f64(void)
59ae6f6c	Unwind@59ae6f6c	Unwind@59ae6f6c	Global	ANALYSIS	ANALYSIS	__stdcall	undefined	0	false	\N	false	59ae6f6c-59ae6f76	\N	\N	undefined __stdcall Unwind@59ae6f6c(void)
59ae6f77	Unwind@59ae6f77	Unwind@59ae6f77	Global	ANALYSIS	ANALYSIS	__stdcall	undefined	0	false	\N	false	59ae6f77-59ae6f81	\N	\N	undefined __stdcall Unwind@59ae6f77(void)
59ae6f91	Unwind@59ae6f91	Unwind@59ae6f91	Global	ANALYSIS	ANALYSIS	__stdcall	undefined	0	false	\N	false	59ae6f91-59ae6f98	\N	\N	undefined __stdcall Unwind@59ae6f91(void)
59ae6fa8	Unwind@59ae6fa8	Unwind@59ae6fa8	Global	ANALYSIS	ANALYSIS	__stdcall	undefined	0	false	\N	false	59ae6fa8-59ae6fb1	\N	\N	undefined __stdcall Unwind@59ae6fa8(void)
59ae6fc1	Unwind@59ae6fc1	Unwind@59ae6fc1	Global	ANALYSIS	ANALYSIS	__stdcall	undefined	0	false	\N	false	59ae6fc1-59ae6fd4	\N	\N	undefined __stdcall Unwind@59ae6fc1(void)
59ae6fd5	Unwind@59ae6fd5	Unwind@59ae6fd5	Global	ANALYSIS	ANALYSIS	__stdcall	undefined	0	false	\N	false	59ae6fd5-59ae6fdf	\N	\N	undefined __stdcall Unwind@59ae6fd5(void)
59ae6fe0	Unwind@59ae6fe0	Unwind@59ae6fe0	Global	ANALYSIS	ANALYSIS	__stdcall	undefined	0	false	\N	false	59ae6fe0-59ae6fea	\N	\N	undefined __stdcall Unwind@59ae6fe0(void)
59ae6feb	Unwind@59ae6feb	Unwind@59ae6feb	Global	ANALYSIS	ANALYSIS	__stdcall	undefined	0	false	\N	false	59ae6feb-59ae6ff5	\N	\N	undefined __stdcall Unwind@59ae6feb(void)
59ae7005	Unwind@59ae7005	Unwind@59ae7005	Global	ANALYSIS	ANALYSIS	__stdcall	undefined	0	false	\N	false	59ae7005-59ae700c	\N	\N	undefined __stdcall Unwind@59ae7005(void)
59ae700d	Unwind@59ae700d	Unwind@59ae700d	Global	ANALYSIS	ANALYSIS	__stdcall	undefined	0	false	\N	false	59ae700d-59ae7014	\N	\N	undefined __stdcall Unwind@59ae700d(void)
59ae7024	Unwind@59ae7024	Unwind@59ae7024	Global	ANALYSIS	ANALYSIS	__stdcall	undefined	0	false	\N	false	59ae7024-59ae702b	\N	\N	undefined __stdcall Unwind@59ae7024(void)
59ae702c	Unwind@59ae702c	Unwind@59ae702c	Global	ANALYSIS	ANALYSIS	__stdcall	undefined	0	false	\N	false	59ae702c-59ae7033	\N	\N	undefined __stdcall Unwind@59ae702c(void)
59ae7043	Unwind@59ae7043	Unwind@59ae7043	Global	ANALYSIS	ANALYSIS	__stdcall	undefined	0	false	\N	false	59ae7043-59ae704a	\N	\N	undefined __stdcall Unwind@59ae7043(void)
59ae705a	Unwind@59ae705a	Unwind@59ae705a	Global	ANALYSIS	ANALYSIS	__stdcall	undefined	0	false	\N	false	59ae705a-59ae7063	\N	\N	undefined __stdcall Unwind@59ae705a(void)
59ae7073	Unwind@59ae7073	Unwind@59ae7073	Global	ANALYSIS	ANALYSIS	__stdcall	undefined	0	false	\N	false	59ae7073-59ae707c	\N	\N	undefined __stdcall Unwind@59ae7073(void)
59ae708c	Unwind@59ae708c	Unwind@59ae708c	Global	ANALYSIS	ANALYSIS	__stdcall	undefined	0	false	\N	false	59ae708c-59ae7096	\N	\N	undefined __stdcall Unwind@59ae708c(void)
59ae7097	Unwind@59ae7097	Unwind@59ae7097	Global	ANALYSIS	ANALYSIS	__stdcall	undefined	0	false	\N	false	59ae7097-59ae70a1	\N	\N	undefined __stdcall Unwind@59ae7097(void)
59ae70b1	Unwind@59ae70b1	Unwind@59ae70b1	Global	ANALYSIS	ANALYSIS	__stdcall	undefined	0	false	\N	false	59ae70b1-59ae70b8	\N	\N	undefined __stdcall Unwind@59ae70b1(void)
59ae70c8	Unwind@59ae70c8	Unwind@59ae70c8	Global	ANALYSIS	ANALYSIS	__stdcall	undefined	0	false	\N	false	59ae70c8-59ae70cf	\N	\N	undefined __stdcall Unwind@59ae70c8(void)
59ae70df	Unwind@59ae70df	Unwind@59ae70df	Global	ANALYSIS	ANALYSIS	__stdcall	undefined	0	false	\N	false	59ae70df-59ae70e9	\N	\N	undefined __stdcall Unwind@59ae70df(void)
59ae70ea	Unwind@59ae70ea	Unwind@59ae70ea	Global	ANALYSIS	ANALYSIS	__stdcall	undefined	0	false	\N	false	59ae70ea-59ae70f4	\N	\N	undefined __stdcall Unwind@59ae70ea(void)
59ae70f5	Unwind@59ae70f5	Unwind@59ae70f5	Global	ANALYSIS	ANALYSIS	__stdcall	undefined	0	false	\N	false	59ae70f5-59ae70ff	\N	\N	undefined __stdcall Unwind@59ae70f5(void)
59ae710f	Unwind@59ae710f	Unwind@59ae710f	Global	ANALYSIS	ANALYSIS	__stdcall	undefined	0	false	\N	false	59ae710f-59ae7116	\N	\N	undefined __stdcall Unwind@59ae710f(void)
59ae7117	Unwind@59ae7117	Unwind@59ae7117	Global	ANALYSIS	ANALYSIS	__stdcall	undefined	0	false	\N	false	59ae7117-59ae711e	\N	\N	undefined __stdcall Unwind@59ae7117(void)
59ae712e	Unwind@59ae712e	Unwind@59ae712e	Global	ANALYSIS	ANALYSIS	__stdcall	undefined	0	false	\N	false	59ae712e-59ae7137	\N	\N	undefined __stdcall Unwind@59ae712e(void)
59ae7138	Unwind@59ae7138	Unwind@59ae7138	Global	ANALYSIS	ANALYSIS	__stdcall	undefined	0	false	\N	false	59ae7138-59ae713f	\N	\N	undefined __stdcall Unwind@59ae7138(void)
59ae7140	Unwind@59ae7140	Unwind@59ae7140	Global	ANALYSIS	ANALYSIS	__stdcall	undefined	0	false	\N	false	59ae7140-59ae7147	\N	\N	undefined __stdcall Unwind@59ae7140(void)
59ae7148	Unwind@59ae7148	Unwind@59ae7148	Global	ANALYSIS	ANALYSIS	__stdcall	undefined	0	false	\N	false	59ae7148-59ae7151	\N	\N	undefined __stdcall Unwind@59ae7148(void)
59ae7152	Unwind@59ae7152	Unwind@59ae7152	Global	ANALYSIS	ANALYSIS	__stdcall	undefined	0	false	\N	false	59ae7152-59ae7159	\N	\N	undefined __stdcall Unwind@59ae7152(void)
59ae7169	Unwind@59ae7169	Unwind@59ae7169	Global	ANALYSIS	ANALYSIS	__stdcall	undefined	0	false	\N	false	59ae7169-59ae7172	\N	\N	undefined __stdcall Unwind@59ae7169(void)
59ae7173	Unwind@59ae7173	Unwind@59ae7173	Global	ANALYSIS	ANALYSIS	__stdcall	undefined	0	false	\N	false	59ae7173-59ae717a	\N	\N	undefined __stdcall Unwind@59ae7173(void)
59ae717b	Unwind@59ae717b	Unwind@59ae717b	Global	ANALYSIS	ANALYSIS	__stdcall	undefined	0	false	\N	false	59ae717b-59ae7182	\N	\N	undefined __stdcall Unwind@59ae717b(void)
59ae7183	Unwind@59ae7183	Unwind@59ae7183	Global	ANALYSIS	ANALYSIS	__stdcall	undefined	0	false	\N	false	59ae7183-59ae718c	\N	\N	undefined __stdcall Unwind@59ae7183(void)
59ae718d	Unwind@59ae718d	Unwind@59ae718d	Global	ANALYSIS	ANALYSIS	__stdcall	undefined	0	false	\N	false	59ae718d-59ae7194	\N	\N	undefined __stdcall Unwind@59ae718d(void)
59ae71a4	Unwind@59ae71a4	Unwind@59ae71a4	Global	ANALYSIS	ANALYSIS	__stdcall	undefined	0	false	\N	false	59ae71a4-59ae71ab	\N	\N	undefined __stdcall Unwind@59ae71a4(void)
59ae71ac	Unwind@59ae71ac	Unwind@59ae71ac	Global	ANALYSIS	ANALYSIS	__stdcall	undefined	0	false	\N	false	59ae71ac-59ae71b3	\N	\N	undefined __stdcall Unwind@59ae71ac(void)
59ae71b4	Unwind@59ae71b4	Unwind@59ae71b4	Global	ANALYSIS	ANALYSIS	__stdcall	undefined	0	false	\N	false	59ae71b4-59ae71bb	\N	\N	undefined __stdcall Unwind@59ae71b4(void)
59ae71cb	Unwind@59ae71cb	Unwind@59ae71cb	Global	ANALYSIS	ANALYSIS	__stdcall	undefined	0	false	\N	false	59ae71cb-59ae71d2	\N	\N	undefined __stdcall Unwind@59ae71cb(void)
59ae71d3	Unwind@59ae71d3	Unwind@59ae71d3	Global	ANALYSIS	ANALYSIS	__stdcall	undefined	0	false	\N	false	59ae71d3-59ae71da	\N	\N	undefined __stdcall Unwind@59ae71d3(void)
59ae71ea	Unwind@59ae71ea	Unwind@59ae71ea	Global	ANALYSIS	ANALYSIS	__stdcall	undefined	0	false	\N	false	59ae71ea-59ae71f1	\N	\N	undefined __stdcall Unwind@59ae71ea(void)
59ae7201	Unwind@59ae7201	Unwind@59ae7201	Global	ANALYSIS	ANALYSIS	__stdcall	undefined	0	false	\N	false	59ae7201-59ae7208	\N	\N	undefined __stdcall Unwind@59ae7201(void)
59ae7209	Unwind@59ae7209	Unwind@59ae7209	Global	ANALYSIS	ANALYSIS	__stdcall	undefined	0	false	\N	false	59ae7209-59ae7213	\N	\N	undefined __stdcall Unwind@59ae7209(void)
59ae7223	Unwind@59ae7223	Unwind@59ae7223	Global	ANALYSIS	ANALYSIS	__stdcall	undefined	0	false	\N	false	59ae7223-59ae722a	\N	\N	undefined __stdcall Unwind@59ae7223(void)
59ae722b	Unwind@59ae722b	Unwind@59ae722b	Global	ANALYSIS	ANALYSIS	__stdcall	undefined	0	false	\N	false	59ae722b-59ae7234	\N	\N	undefined __stdcall Unwind@59ae722b(void)
59ae7244	Unwind@59ae7244	Unwind@59ae7244	Global	ANALYSIS	ANALYSIS	__stdcall	undefined	0	false	\N	false	59ae7244-59ae724b	\N	\N	undefined __stdcall Unwind@59ae7244(void)
59ae724c	Unwind@59ae724c	Unwind@59ae724c	Global	ANALYSIS	ANALYSIS	__stdcall	undefined	0	false	\N	false	59ae724c-59ae7253	\N	\N	undefined __stdcall Unwind@59ae724c(void)
59ae7263	Unwind@59ae7263	Unwind@59ae7263	Global	ANALYSIS	ANALYSIS	__stdcall	undefined	0	false	\N	false	59ae7263-59ae7276	\N	\N	undefined __stdcall Unwind@59ae7263(void)
59ae7277	Unwind@59ae7277	Unwind@59ae7277	Global	ANALYSIS	ANALYSIS	__stdcall	undefined	0	false	\N	false	59ae7277-59ae7281	\N	\N	undefined __stdcall Unwind@59ae7277(void)
59ae7282	Unwind@59ae7282	Unwind@59ae7282	Global	ANALYSIS	ANALYSIS	__stdcall	undefined	0	false	\N	false	59ae7282-59ae728c	\N	\N	undefined __stdcall Unwind@59ae7282(void)
59ae729c	Unwind@59ae729c	Unwind@59ae729c	Global	ANALYSIS	ANALYSIS	__stdcall	undefined	0	false	\N	false	59ae729c-59ae72a3	\N	\N	undefined __stdcall Unwind@59ae729c(void)
59ae72b3	Unwind@59ae72b3	Unwind@59ae72b3	Global	ANALYSIS	ANALYSIS	__stdcall	undefined	0	false	\N	false	59ae72b3-59ae72ba	\N	\N	undefined __stdcall Unwind@59ae72b3(void)
59ae72bb	Unwind@59ae72bb	Unwind@59ae72bb	Global	ANALYSIS	ANALYSIS	__stdcall	undefined	0	false	\N	false	59ae72bb-59ae72c2	\N	\N	undefined __stdcall Unwind@59ae72bb(void)
59ae72d2	Unwind@59ae72d2	Unwind@59ae72d2	Global	ANALYSIS	ANALYSIS	__stdcall	undefined	0	false	\N	false	59ae72d2-59ae72e5	\N	\N	undefined __stdcall Unwind@59ae72d2(void)
59ae72e6	Unwind@59ae72e6	Unwind@59ae72e6	Global	ANALYSIS	ANALYSIS	__stdcall	undefined	0	false	\N	false	59ae72e6-59ae72f0	\N	\N	undefined __stdcall Unwind@59ae72e6(void)
59ae72f1	Unwind@59ae72f1	Unwind@59ae72f1	Global	ANALYSIS	ANALYSIS	__stdcall	undefined	0	false	\N	false	59ae72f1-59ae72fb	\N	\N	undefined __stdcall Unwind@59ae72f1(void)
59ae730b	Unwind@59ae730b	Unwind@59ae730b	Global	ANALYSIS	ANALYSIS	__stdcall	undefined	0	false	\N	false	59ae730b-59ae7312	\N	\N	undefined __stdcall Unwind@59ae730b(void)
59ae7313	Unwind@59ae7313	Unwind@59ae7313	Global	ANALYSIS	ANALYSIS	__stdcall	undefined	0	false	\N	false	59ae7313-59ae731a	\N	\N	undefined __stdcall Unwind@59ae7313(void)
59ae732a	Unwind@59ae732a	Unwind@59ae732a	Global	ANALYSIS	ANALYSIS	__stdcall	undefined	0	false	\N	false	59ae732a-59ae7334	\N	\N	undefined __stdcall Unwind@59ae732a(void)
59ae7335	Unwind@59ae7335	Unwind@59ae7335	Global	ANALYSIS	ANALYSIS	__stdcall	undefined	0	false	\N	false	59ae7335-59ae733f	\N	\N	undefined __stdcall Unwind@59ae7335(void)
59ae7340	Unwind@59ae7340	Unwind@59ae7340	Global	ANALYSIS	ANALYSIS	__stdcall	undefined	0	false	\N	false	59ae7340-59ae734a	\N	\N	undefined __stdcall Unwind@59ae7340(void)
59ae734b	Unwind@59ae734b	Unwind@59ae734b	Global	ANALYSIS	ANALYSIS	__stdcall	undefined	0	false	\N	false	59ae734b-59ae7355	\N	\N	undefined __stdcall Unwind@59ae734b(void)
59ae7365	Unwind@59ae7365	Unwind@59ae7365	Global	ANALYSIS	ANALYSIS	__stdcall	undefined	0	false	\N	false	59ae7365-59ae736f	\N	\N	undefined __stdcall Unwind@59ae7365(void)
59ae7370	Unwind@59ae7370	Unwind@59ae7370	Global	ANALYSIS	ANALYSIS	__stdcall	undefined	0	false	\N	false	59ae7370-59ae737a	\N	\N	undefined __stdcall Unwind@59ae7370(void)
59ae737b	Unwind@59ae737b	Unwind@59ae737b	Global	ANALYSIS	ANALYSIS	__stdcall	undefined	0	false	\N	false	59ae737b-59ae7385	\N	\N	undefined __stdcall Unwind@59ae737b(void)
59ae7386	Unwind@59ae7386	Unwind@59ae7386	Global	ANALYSIS	ANALYSIS	__stdcall	undefined	0	false	\N	false	59ae7386-59ae7390	\N	\N	undefined __stdcall Unwind@59ae7386(void)
59ae73a0	Unwind@59ae73a0	Unwind@59ae73a0	Global	ANALYSIS	ANALYSIS	__stdcall	undefined	0	false	\N	false	59ae73a0-59ae73a7	\N	\N	undefined __stdcall Unwind@59ae73a0(void)
59ae73a8	Unwind@59ae73a8	Unwind@59ae73a8	Global	ANALYSIS	ANALYSIS	__stdcall	undefined	0	false	\N	false	59ae73a8-59ae73af	\N	\N	undefined __stdcall Unwind@59ae73a8(void)
59ae73bf	Unwind@59ae73bf	Unwind@59ae73bf	Global	ANALYSIS	ANALYSIS	__stdcall	undefined	0	false	\N	false	59ae73bf-59ae73c6	\N	\N	undefined __stdcall Unwind@59ae73bf(void)
59ae73d6	Unwind@59ae73d6	Unwind@59ae73d6	Global	ANALYSIS	ANALYSIS	__stdcall	undefined	0	false	\N	false	59ae73d6-59ae73dd	\N	\N	undefined __stdcall Unwind@59ae73d6(void)
59ae73ed	Unwind@59ae73ed	Unwind@59ae73ed	Global	ANALYSIS	ANALYSIS	__stdcall	undefined	0	false	\N	false	59ae73ed-59ae73f4	\N	\N	undefined __stdcall Unwind@59ae73ed(void)
59ae7404	Unwind@59ae7404	Unwind@59ae7404	Global	ANALYSIS	ANALYSIS	__stdcall	undefined	0	false	\N	false	59ae7404-59ae740e	\N	\N	undefined __stdcall Unwind@59ae7404(void)
59ae740f	Unwind@59ae740f	Unwind@59ae740f	Global	ANALYSIS	ANALYSIS	__stdcall	undefined	0	false	\N	false	59ae740f-59ae7419	\N	\N	undefined __stdcall Unwind@59ae740f(void)
59ae741a	Unwind@59ae741a	Unwind@59ae741a	Global	ANALYSIS	ANALYSIS	__stdcall	undefined	0	false	\N	false	59ae741a-59ae7427	\N	\N	undefined __stdcall Unwind@59ae741a(void)
59ae7437	Unwind@59ae7437	Unwind@59ae7437	Global	ANALYSIS	ANALYSIS	__stdcall	undefined	0	false	\N	false	59ae7437-59ae7441	\N	\N	undefined __stdcall Unwind@59ae7437(void)
59ae7451	Unwind@59ae7451	Unwind@59ae7451	Global	ANALYSIS	ANALYSIS	__stdcall	undefined	0	false	\N	false	59ae7451-59ae7458	\N	\N	undefined __stdcall Unwind@59ae7451(void)
59ae7459	Unwind@59ae7459	Unwind@59ae7459	Global	ANALYSIS	ANALYSIS	__stdcall	undefined	0	false	\N	false	59ae7459-59ae7460	\N	\N	undefined __stdcall Unwind@59ae7459(void)
59ae7461	Unwind@59ae7461	Unwind@59ae7461	Global	ANALYSIS	ANALYSIS	__stdcall	undefined	0	false	\N	false	59ae7461-59ae746a	\N	\N	undefined __stdcall Unwind@59ae7461(void)
59ae747a	Unwind@59ae747a	Unwind@59ae747a	Global	ANALYSIS	ANALYSIS	__stdcall	undefined	0	false	\N	false	59ae747a-59ae7481	\N	\N	undefined __stdcall Unwind@59ae747a(void)
59ae7482	Unwind@59ae7482	Unwind@59ae7482	Global	ANALYSIS	ANALYSIS	__stdcall	undefined	0	false	\N	false	59ae7482-59ae7489	\N	\N	undefined __stdcall Unwind@59ae7482(void)
59ae748a	Unwind@59ae748a	Unwind@59ae748a	Global	ANALYSIS	ANALYSIS	__stdcall	undefined	0	false	\N	false	59ae748a-59ae7491	\N	\N	undefined __stdcall Unwind@59ae748a(void)
59ae7492	Unwind@59ae7492	Unwind@59ae7492	Global	ANALYSIS	ANALYSIS	__stdcall	undefined	0	false	\N	false	59ae7492-59ae749b	\N	\N	undefined __stdcall Unwind@59ae7492(void)
59ae749c	Unwind@59ae749c	Unwind@59ae749c	Global	ANALYSIS	ANALYSIS	__stdcall	undefined	0	false	\N	false	59ae749c-59ae74a5	\N	\N	undefined __stdcall Unwind@59ae749c(void)
59ae74a6	Unwind@59ae74a6	Unwind@59ae74a6	Global	ANALYSIS	ANALYSIS	__stdcall	undefined	0	false	\N	false	59ae74a6-59ae74af	\N	\N	undefined __stdcall Unwind@59ae74a6(void)
59ae74bf	Unwind@59ae74bf	Unwind@59ae74bf	Global	ANALYSIS	ANALYSIS	__stdcall	undefined	0	false	\N	false	59ae74bf-59ae74c6	\N	\N	undefined __stdcall Unwind@59ae74bf(void)
59ae74c7	Unwind@59ae74c7	Unwind@59ae74c7	Global	ANALYSIS	ANALYSIS	__stdcall	undefined	0	false	\N	false	59ae74c7-59ae74ce	\N	\N	undefined __stdcall Unwind@59ae74c7(void)
59ae74de	Unwind@59ae74de	Unwind@59ae74de	Global	ANALYSIS	ANALYSIS	__stdcall	undefined	0	false	\N	false	59ae74de-59ae74e5	\N	\N	undefined __stdcall Unwind@59ae74de(void)
59ae74e6	Unwind@59ae74e6	Unwind@59ae74e6	Global	ANALYSIS	ANALYSIS	__stdcall	undefined	0	false	\N	false	59ae74e6-59ae74ed	\N	\N	undefined __stdcall Unwind@59ae74e6(void)
59ae74ee	Unwind@59ae74ee	Unwind@59ae74ee	Global	ANALYSIS	ANALYSIS	__stdcall	undefined	0	false	\N	false	59ae74ee-59ae74f7	\N	\N	undefined __stdcall Unwind@59ae74ee(void)
59ae7507	Unwind@59ae7507	Unwind@59ae7507	Global	ANALYSIS	ANALYSIS	__stdcall	undefined	0	false	\N	false	59ae7507-59ae750e	\N	\N	undefined __stdcall Unwind@59ae7507(void)
59ae750f	Unwind@59ae750f	Unwind@59ae750f	Global	ANALYSIS	ANALYSIS	__stdcall	undefined	0	false	\N	false	59ae750f-59ae7518	\N	\N	undefined __stdcall Unwind@59ae750f(void)
59ae7519	Unwind@59ae7519	Unwind@59ae7519	Global	ANALYSIS	ANALYSIS	__stdcall	undefined	0	false	\N	false	59ae7519-59ae7520	\N	\N	undefined __stdcall Unwind@59ae7519(void)
59ae7530	Unwind@59ae7530	Unwind@59ae7530	Global	ANALYSIS	ANALYSIS	__stdcall	undefined	0	false	\N	false	59ae7530-59ae7537	\N	\N	undefined __stdcall Unwind@59ae7530(void)
59ae7538	Unwind@59ae7538	Unwind@59ae7538	Global	ANALYSIS	ANALYSIS	__stdcall	undefined	0	false	\N	false	59ae7538-59ae753f	\N	\N	undefined __stdcall Unwind@59ae7538(void)
59ae7540	Unwind@59ae7540	Unwind@59ae7540	Global	ANALYSIS	ANALYSIS	__stdcall	undefined	0	false	\N	false	59ae7540-59ae7549	\N	\N	undefined __stdcall Unwind@59ae7540(void)
59ae7559	Unwind@59ae7559	Unwind@59ae7559	Global	ANALYSIS	ANALYSIS	__stdcall	undefined	0	false	\N	false	59ae7559-59ae7560	\N	\N	undefined __stdcall Unwind@59ae7559(void)
59ae7561	Unwind@59ae7561	Unwind@59ae7561	Global	ANALYSIS	ANALYSIS	__stdcall	undefined	0	false	\N	false	59ae7561-59ae756a	\N	\N	undefined __stdcall Unwind@59ae7561(void)
59ae756b	Unwind@59ae756b	Unwind@59ae756b	Global	ANALYSIS	ANALYSIS	__stdcall	undefined	0	false	\N	false	59ae756b-59ae7572	\N	\N	undefined __stdcall Unwind@59ae756b(void)
59ae7582	Unwind@59ae7582	Unwind@59ae7582	Global	ANALYSIS	ANALYSIS	__stdcall	undefined	0	false	\N	false	59ae7582-59ae758c	\N	\N	undefined __stdcall Unwind@59ae7582(void)
59ae758d	Unwind@59ae758d	Unwind@59ae758d	Global	ANALYSIS	ANALYSIS	__stdcall	undefined	0	false	\N	false	59ae758d-59ae7597	\N	\N	undefined __stdcall Unwind@59ae758d(void)
59ae75a7	Unwind@59ae75a7	Unwind@59ae75a7	Global	ANALYSIS	ANALYSIS	__stdcall	undefined	0	false	\N	false	59ae75a7-59ae75ae	\N	\N	undefined __stdcall Unwind@59ae75a7(void)
59ae75af	Unwind@59ae75af	Unwind@59ae75af	Global	ANALYSIS	ANALYSIS	__stdcall	undefined	0	false	\N	false	59ae75af-59ae75b8	\N	\N	undefined __stdcall Unwind@59ae75af(void)
59ae75c8	Unwind@59ae75c8	Unwind@59ae75c8	Global	ANALYSIS	ANALYSIS	__stdcall	undefined	0	false	\N	false	59ae75c8-59ae75cf	\N	\N	undefined __stdcall Unwind@59ae75c8(void)
59ae75d0	Unwind@59ae75d0	Unwind@59ae75d0	Global	ANALYSIS	ANALYSIS	__stdcall	undefined	0	false	\N	false	59ae75d0-59ae75d7	\N	\N	undefined __stdcall Unwind@59ae75d0(void)
59ae75d8	Unwind@59ae75d8	Unwind@59ae75d8	Global	ANALYSIS	ANALYSIS	__stdcall	undefined	0	false	\N	false	59ae75d8-59ae75e1	\N	\N	undefined __stdcall Unwind@59ae75d8(void)
59ae75f1	Unwind@59ae75f1	Unwind@59ae75f1	Global	ANALYSIS	ANALYSIS	__stdcall	undefined	0	false	\N	false	59ae75f1-59ae75fb	\N	\N	undefined __stdcall Unwind@59ae75f1(void)
59ae75fc	Unwind@59ae75fc	Unwind@59ae75fc	Global	ANALYSIS	ANALYSIS	__stdcall	undefined	0	false	\N	false	59ae75fc-59ae7606	\N	\N	undefined __stdcall Unwind@59ae75fc(void)
59ae7616	Unwind@59ae7616	Unwind@59ae7616	Global	ANALYSIS	ANALYSIS	__stdcall	undefined	0	false	\N	false	59ae7616-59ae761d	\N	\N	undefined __stdcall Unwind@59ae7616(void)
59ae761e	Unwind@59ae761e	Unwind@59ae761e	Global	ANALYSIS	ANALYSIS	__stdcall	undefined	0	false	\N	false	59ae761e-59ae7625	\N	\N	undefined __stdcall Unwind@59ae761e(void)
59ae7626	Unwind@59ae7626	Unwind@59ae7626	Global	ANALYSIS	ANALYSIS	__stdcall	undefined	0	false	\N	false	59ae7626-59ae762f	\N	\N	undefined __stdcall Unwind@59ae7626(void)
59ae763f	Unwind@59ae763f	Unwind@59ae763f	Global	ANALYSIS	ANALYSIS	__stdcall	undefined	0	false	\N	false	59ae763f-59ae7649	\N	\N	undefined __stdcall Unwind@59ae763f(void)
59ae7659	Unwind@59ae7659	Unwind@59ae7659	Global	ANALYSIS	ANALYSIS	__stdcall	undefined	0	false	\N	false	59ae7659-59ae766c	\N	\N	undefined __stdcall Unwind@59ae7659(void)
59ae767c	Unwind@59ae767c	Unwind@59ae767c	Global	ANALYSIS	ANALYSIS	__stdcall	undefined	0	false	\N	false	59ae767c-59ae7686	\N	\N	undefined __stdcall Unwind@59ae767c(void)
59ae7687	Unwind@59ae7687	Unwind@59ae7687	Global	ANALYSIS	ANALYSIS	__stdcall	undefined	0	false	\N	false	59ae7687-59ae7691	\N	\N	undefined __stdcall Unwind@59ae7687(void)
59ae7692	Unwind@59ae7692	Unwind@59ae7692	Global	ANALYSIS	ANALYSIS	__stdcall	undefined	0	false	\N	false	59ae7692-59ae769c	\N	\N	undefined __stdcall Unwind@59ae7692(void)
59ae76ac	Unwind@59ae76ac	Unwind@59ae76ac	Global	ANALYSIS	ANALYSIS	__stdcall	undefined	0	false	\N	false	59ae76ac-59ae76b5	\N	\N	undefined __stdcall Unwind@59ae76ac(void)
59ae76b6	Unwind@59ae76b6	Unwind@59ae76b6	Global	ANALYSIS	ANALYSIS	__stdcall	undefined	0	false	\N	false	59ae76b6-59ae76bd	\N	\N	undefined __stdcall Unwind@59ae76b6(void)
59ae76cd	Unwind@59ae76cd	Unwind@59ae76cd	Global	ANALYSIS	ANALYSIS	__stdcall	undefined	0	false	\N	false	59ae76cd-59ae76d4	\N	\N	undefined __stdcall Unwind@59ae76cd(void)
59ae76e4	Unwind@59ae76e4	Unwind@59ae76e4	Global	ANALYSIS	ANALYSIS	__stdcall	undefined	0	false	\N	false	59ae76e4-59ae76eb	\N	\N	undefined __stdcall Unwind@59ae76e4(void)
59ae76ec	Unwind@59ae76ec	Unwind@59ae76ec	Global	ANALYSIS	ANALYSIS	__stdcall	undefined	0	false	\N	false	59ae76ec-59ae76f3	\N	\N	undefined __stdcall Unwind@59ae76ec(void)
59ae76f4	Unwind@59ae76f4	Unwind@59ae76f4	Global	ANALYSIS	ANALYSIS	__stdcall	undefined	0	false	\N	false	59ae76f4-59ae76fd	\N	\N	undefined __stdcall Unwind@59ae76f4(void)
59ae770d	Unwind@59ae770d	Unwind@59ae770d	Global	ANALYSIS	ANALYSIS	__stdcall	undefined	0	false	\N	false	59ae770d-59ae7714	\N	\N	undefined __stdcall Unwind@59ae770d(void)
59ae7715	Unwind@59ae7715	Unwind@59ae7715	Global	ANALYSIS	ANALYSIS	__stdcall	undefined	0	false	\N	false	59ae7715-59ae771c	\N	\N	undefined __stdcall Unwind@59ae7715(void)
59ae771d	Unwind@59ae771d	Unwind@59ae771d	Global	ANALYSIS	ANALYSIS	__stdcall	undefined	0	false	\N	false	59ae771d-59ae7726	\N	\N	undefined __stdcall Unwind@59ae771d(void)
59ae7727	Unwind@59ae7727	Unwind@59ae7727	Global	ANALYSIS	ANALYSIS	__stdcall	undefined	0	false	\N	false	59ae7727-59ae7730	\N	\N	undefined __stdcall Unwind@59ae7727(void)
59ae7731	Unwind@59ae7731	Unwind@59ae7731	Global	ANALYSIS	ANALYSIS	__stdcall	undefined	0	false	\N	false	59ae7731-59ae773a	\N	\N	undefined __stdcall Unwind@59ae7731(void)
59ae773b	Unwind@59ae773b	Unwind@59ae773b	Global	ANALYSIS	ANALYSIS	__stdcall	undefined	0	false	\N	false	59ae773b-59ae7744	\N	\N	undefined __stdcall Unwind@59ae773b(void)
59ae7745	Unwind@59ae7745	Unwind@59ae7745	Global	ANALYSIS	ANALYSIS	__stdcall	undefined	0	false	\N	false	59ae7745-59ae774e	\N	\N	undefined __stdcall Unwind@59ae7745(void)
59ae774f	Unwind@59ae774f	Unwind@59ae774f	Global	ANALYSIS	ANALYSIS	__stdcall	undefined	0	false	\N	false	59ae774f-59ae7758	\N	\N	undefined __stdcall Unwind@59ae774f(void)
59ae7759	Unwind@59ae7759	Unwind@59ae7759	Global	ANALYSIS	ANALYSIS	__stdcall	undefined	0	false	\N	false	59ae7759-59ae7762	\N	\N	undefined __stdcall Unwind@59ae7759(void)
59ae7763	Unwind@59ae7763	Unwind@59ae7763	Global	ANALYSIS	ANALYSIS	__stdcall	undefined	0	false	\N	false	59ae7763-59ae776c	\N	\N	undefined __stdcall Unwind@59ae7763(void)
59ae777c	Unwind@59ae777c	Unwind@59ae777c	Global	ANALYSIS	ANALYSIS	__stdcall	undefined	0	false	\N	false	59ae777c-59ae7783	\N	\N	undefined __stdcall Unwind@59ae777c(void)
59ae7793	Unwind@59ae7793	Unwind@59ae7793	Global	ANALYSIS	ANALYSIS	__stdcall	undefined	0	false	\N	false	59ae7793-59ae779a	\N	\N	undefined __stdcall Unwind@59ae7793(void)
59ae779b	Unwind@59ae779b	Unwind@59ae779b	Global	ANALYSIS	ANALYSIS	__stdcall	undefined	0	false	\N	false	59ae779b-59ae77a2	\N	\N	undefined __stdcall Unwind@59ae779b(void)
59ae77a3	Unwind@59ae77a3	Unwind@59ae77a3	Global	ANALYSIS	ANALYSIS	__stdcall	undefined	0	false	\N	false	59ae77a3-59ae77aa	\N	\N	undefined __stdcall Unwind@59ae77a3(void)
59ae77ab	Unwind@59ae77ab	Unwind@59ae77ab	Global	ANALYSIS	ANALYSIS	__stdcall	undefined	0	false	\N	false	59ae77ab-59ae77b4	\N	\N	undefined __stdcall Unwind@59ae77ab(void)
59ae77b5	Unwind@59ae77b5	Unwind@59ae77b5	Global	ANALYSIS	ANALYSIS	__stdcall	undefined	0	false	\N	false	59ae77b5-59ae77be	\N	\N	undefined __stdcall Unwind@59ae77b5(void)
59ae77bf	Unwind@59ae77bf	Unwind@59ae77bf	Global	ANALYSIS	ANALYSIS	__stdcall	undefined	0	false	\N	false	59ae77bf-59ae77c8	\N	\N	undefined __stdcall Unwind@59ae77bf(void)
59ae77c9	Unwind@59ae77c9	Unwind@59ae77c9	Global	ANALYSIS	ANALYSIS	__stdcall	undefined	0	false	\N	false	59ae77c9-59ae77d2	\N	\N	undefined __stdcall Unwind@59ae77c9(void)
59ae77d3	Unwind@59ae77d3	Unwind@59ae77d3	Global	ANALYSIS	ANALYSIS	__stdcall	undefined	0	false	\N	false	59ae77d3-59ae77dc	\N	\N	undefined __stdcall Unwind@59ae77d3(void)
59ae77dd	Unwind@59ae77dd	Unwind@59ae77dd	Global	ANALYSIS	ANALYSIS	__stdcall	undefined	0	false	\N	false	59ae77dd-59ae77e6	\N	\N	undefined __stdcall Unwind@59ae77dd(void)
59ae77e7	Unwind@59ae77e7	Unwind@59ae77e7	Global	ANALYSIS	ANALYSIS	__stdcall	undefined	0	false	\N	false	59ae77e7-59ae77f0	\N	\N	undefined __stdcall Unwind@59ae77e7(void)
59ae77f1	Unwind@59ae77f1	Unwind@59ae77f1	Global	ANALYSIS	ANALYSIS	__stdcall	undefined	0	false	\N	false	59ae77f1-59ae77fa	\N	\N	undefined __stdcall Unwind@59ae77f1(void)
59ae77fb	Unwind@59ae77fb	Unwind@59ae77fb	Global	ANALYSIS	ANALYSIS	__stdcall	undefined	0	false	\N	false	59ae77fb-59ae7804	\N	\N	undefined __stdcall Unwind@59ae77fb(void)
59ae7805	Unwind@59ae7805	Unwind@59ae7805	Global	ANALYSIS	ANALYSIS	__stdcall	undefined	0	false	\N	false	59ae7805-59ae780e	\N	\N	undefined __stdcall Unwind@59ae7805(void)
59ae780f	Unwind@59ae780f	Unwind@59ae780f	Global	ANALYSIS	ANALYSIS	__stdcall	undefined	0	false	\N	false	59ae780f-59ae7818	\N	\N	undefined __stdcall Unwind@59ae780f(void)
59ae7819	Unwind@59ae7819	Unwind@59ae7819	Global	ANALYSIS	ANALYSIS	__stdcall	undefined	0	false	\N	false	59ae7819-59ae7820	\N	\N	undefined __stdcall Unwind@59ae7819(void)
59ae7821	Unwind@59ae7821	Unwind@59ae7821	Global	ANALYSIS	ANALYSIS	__stdcall	undefined	0	false	\N	false	59ae7821-59ae7828	\N	\N	undefined __stdcall Unwind@59ae7821(void)
59ae7829	Unwind@59ae7829	Unwind@59ae7829	Global	ANALYSIS	ANALYSIS	__stdcall	undefined	0	false	\N	false	59ae7829-59ae7830	\N	\N	undefined __stdcall Unwind@59ae7829(void)
59ae7831	Unwind@59ae7831	Unwind@59ae7831	Global	ANALYSIS	ANALYSIS	__stdcall	undefined	0	false	\N	false	59ae7831-59ae783a	\N	\N	undefined __stdcall Unwind@59ae7831(void)
59ae783b	Unwind@59ae783b	Unwind@59ae783b	Global	ANALYSIS	ANALYSIS	__stdcall	undefined	0	false	\N	false	59ae783b-59ae7844	\N	\N	undefined __stdcall Unwind@59ae783b(void)
59ae7845	Unwind@59ae7845	Unwind@59ae7845	Global	ANALYSIS	ANALYSIS	__stdcall	undefined	0	false	\N	false	59ae7845-59ae784e	\N	\N	undefined __stdcall Unwind@59ae7845(void)
59ae784f	Unwind@59ae784f	Unwind@59ae784f	Global	ANALYSIS	ANALYSIS	__stdcall	undefined	0	false	\N	false	59ae784f-59ae7858	\N	\N	undefined __stdcall Unwind@59ae784f(void)
59ae7868	Unwind@59ae7868	Unwind@59ae7868	Global	ANALYSIS	ANALYSIS	__stdcall	undefined	0	false	\N	false	59ae7868-59ae786f	\N	\N	undefined __stdcall Unwind@59ae7868(void)
59ae7870	Unwind@59ae7870	Unwind@59ae7870	Global	ANALYSIS	ANALYSIS	__stdcall	undefined	0	false	\N	false	59ae7870-59ae7877	\N	\N	undefined __stdcall Unwind@59ae7870(void)
59ae7878	Unwind@59ae7878	Unwind@59ae7878	Global	ANALYSIS	ANALYSIS	__stdcall	undefined	0	false	\N	false	59ae7878-59ae7881	\N	\N	undefined __stdcall Unwind@59ae7878(void)
59ae7882	Unwind@59ae7882	Unwind@59ae7882	Global	ANALYSIS	ANALYSIS	__stdcall	undefined	0	false	\N	false	59ae7882-59ae788b	\N	\N	undefined __stdcall Unwind@59ae7882(void)
59ae788c	Unwind@59ae788c	Unwind@59ae788c	Global	ANALYSIS	ANALYSIS	__stdcall	undefined	0	false	\N	false	59ae788c-59ae7895	\N	\N	undefined __stdcall Unwind@59ae788c(void)
59ae7896	Unwind@59ae7896	Unwind@59ae7896	Global	ANALYSIS	ANALYSIS	__stdcall	undefined	0	false	\N	false	59ae7896-59ae789f	\N	\N	undefined __stdcall Unwind@59ae7896(void)
59ae78a0	Unwind@59ae78a0	Unwind@59ae78a0	Global	ANALYSIS	ANALYSIS	__stdcall	undefined	0	false	\N	false	59ae78a0-59ae78a9	\N	\N	undefined __stdcall Unwind@59ae78a0(void)
59ae78aa	Unwind@59ae78aa	Unwind@59ae78aa	Global	ANALYSIS	ANALYSIS	__stdcall	undefined	0	false	\N	false	59ae78aa-59ae78b3	\N	\N	undefined __stdcall Unwind@59ae78aa(void)
59ae78b4	Unwind@59ae78b4	Unwind@59ae78b4	Global	ANALYSIS	ANALYSIS	__stdcall	undefined	0	false	\N	false	59ae78b4-59ae78bb	\N	\N	undefined __stdcall Unwind@59ae78b4(void)
59ae78cb	Unwind@59ae78cb	Unwind@59ae78cb	Global	ANALYSIS	ANALYSIS	__stdcall	undefined	0	false	\N	false	59ae78cb-59ae78d2	\N	\N	undefined __stdcall Unwind@59ae78cb(void)
59ae78d3	Unwind@59ae78d3	Unwind@59ae78d3	Global	ANALYSIS	ANALYSIS	__stdcall	undefined	0	false	\N	false	59ae78d3-59ae78da	\N	\N	undefined __stdcall Unwind@59ae78d3(void)
59ae78db	Unwind@59ae78db	Unwind@59ae78db	Global	ANALYSIS	ANALYSIS	__stdcall	undefined	0	false	\N	false	59ae78db-59ae78e2	\N	\N	undefined __stdcall Unwind@59ae78db(void)
59ae78e3	Unwind@59ae78e3	Unwind@59ae78e3	Global	ANALYSIS	ANALYSIS	__stdcall	undefined	0	false	\N	false	59ae78e3-59ae78ec	\N	\N	undefined __stdcall Unwind@59ae78e3(void)
59ae78fc	Unwind@59ae78fc	Unwind@59ae78fc	Global	ANALYSIS	ANALYSIS	__stdcall	undefined	0	false	\N	false	59ae78fc-59ae7903	\N	\N	undefined __stdcall Unwind@59ae78fc(void)
59ae7904	Unwind@59ae7904	Unwind@59ae7904	Global	ANALYSIS	ANALYSIS	__stdcall	undefined	0	false	\N	false	59ae7904-59ae790b	\N	\N	undefined __stdcall Unwind@59ae7904(void)
59ae790c	Unwind@59ae790c	Unwind@59ae790c	Global	ANALYSIS	ANALYSIS	__stdcall	undefined	0	false	\N	false	59ae790c-59ae7913	\N	\N	undefined __stdcall Unwind@59ae790c(void)
59ae7914	Unwind@59ae7914	Unwind@59ae7914	Global	ANALYSIS	ANALYSIS	__stdcall	undefined	0	false	\N	false	59ae7914-59ae791d	\N	\N	undefined __stdcall Unwind@59ae7914(void)
59ae791e	Unwind@59ae791e	Unwind@59ae791e	Global	ANALYSIS	ANALYSIS	__stdcall	undefined	0	false	\N	false	59ae791e-59ae7925	\N	\N	undefined __stdcall Unwind@59ae791e(void)
59ae7935	Unwind@59ae7935	Unwind@59ae7935	Global	ANALYSIS	ANALYSIS	__stdcall	undefined	0	false	\N	false	59ae7935-59ae793c	\N	\N	undefined __stdcall Unwind@59ae7935(void)
59ae793d	Unwind@59ae793d	Unwind@59ae793d	Global	ANALYSIS	ANALYSIS	__stdcall	undefined	0	false	\N	false	59ae793d-59ae7944	\N	\N	undefined __stdcall Unwind@59ae793d(void)
59ae7945	Unwind@59ae7945	Unwind@59ae7945	Global	ANALYSIS	ANALYSIS	__stdcall	undefined	0	false	\N	false	59ae7945-59ae794e	\N	\N	undefined __stdcall Unwind@59ae7945(void)
59ae794f	Unwind@59ae794f	Unwind@59ae794f	Global	ANALYSIS	ANALYSIS	__stdcall	undefined	0	false	\N	false	59ae794f-59ae7956	\N	\N	undefined __stdcall Unwind@59ae794f(void)
59ae7966	Unwind@59ae7966	Unwind@59ae7966	Global	ANALYSIS	ANALYSIS	__stdcall	undefined	0	false	\N	false	59ae7966-59ae796d	\N	\N	undefined __stdcall Unwind@59ae7966(void)
59ae796e	Unwind@59ae796e	Unwind@59ae796e	Global	ANALYSIS	ANALYSIS	__stdcall	undefined	0	false	\N	false	59ae796e-59ae7977	\N	\N	undefined __stdcall Unwind@59ae796e(void)
59ae7978	Unwind@59ae7978	Unwind@59ae7978	Global	ANALYSIS	ANALYSIS	__stdcall	undefined	0	false	\N	false	59ae7978-59ae797f	\N	\N	undefined __stdcall Unwind@59ae7978(void)
59ae7980	Unwind@59ae7980	Unwind@59ae7980	Global	ANALYSIS	ANALYSIS	__stdcall	undefined	0	false	\N	false	59ae7980-59ae7987	\N	\N	undefined __stdcall Unwind@59ae7980(void)
59ae7997	Unwind@59ae7997	Unwind@59ae7997	Global	ANALYSIS	ANALYSIS	__stdcall	undefined	0	false	\N	false	59ae7997-59ae79a0	\N	\N	undefined __stdcall Unwind@59ae7997(void)
59ae79a1	Unwind@59ae79a1	Unwind@59ae79a1	Global	ANALYSIS	ANALYSIS	__stdcall	undefined	0	false	\N	false	59ae79a1-59ae79aa	\N	\N	undefined __stdcall Unwind@59ae79a1(void)
59ae79ab	Unwind@59ae79ab	Unwind@59ae79ab	Global	ANALYSIS	ANALYSIS	__stdcall	undefined	0	false	\N	false	59ae79ab-59ae79b4	\N	\N	undefined __stdcall Unwind@59ae79ab(void)
59ae79b5	Unwind@59ae79b5	Unwind@59ae79b5	Global	ANALYSIS	ANALYSIS	__stdcall	undefined	0	false	\N	false	59ae79b5-59ae79be	\N	\N	undefined __stdcall Unwind@59ae79b5(void)
59ae79bf	Unwind@59ae79bf	Unwind@59ae79bf	Global	ANALYSIS	ANALYSIS	__stdcall	undefined	0	false	\N	false	59ae79bf-59ae79c8	\N	\N	undefined __stdcall Unwind@59ae79bf(void)
59ae79d8	Unwind@59ae79d8	Unwind@59ae79d8	Global	ANALYSIS	ANALYSIS	__stdcall	undefined	0	false	\N	false	59ae79d8-59ae79e1	\N	\N	undefined __stdcall Unwind@59ae79d8(void)
59ae79e2	Unwind@59ae79e2	Unwind@59ae79e2	Global	ANALYSIS	ANALYSIS	__stdcall	undefined	0	false	\N	false	59ae79e2-59ae79eb	\N	\N	undefined __stdcall Unwind@59ae79e2(void)
59ae79ec	Unwind@59ae79ec	Unwind@59ae79ec	Global	ANALYSIS	ANALYSIS	__stdcall	undefined	0	false	\N	false	59ae79ec-59ae79f5	\N	\N	undefined __stdcall Unwind@59ae79ec(void)
59ae79f6	Unwind@59ae79f6	Unwind@59ae79f6	Global	ANALYSIS	ANALYSIS	__stdcall	undefined	0	false	\N	false	59ae79f6-59ae79ff	\N	\N	undefined __stdcall Unwind@59ae79f6(void)
59ae7a00	Unwind@59ae7a00	Unwind@59ae7a00	Global	ANALYSIS	ANALYSIS	__stdcall	undefined	0	false	\N	false	59ae7a00-59ae7a09	\N	\N	undefined __stdcall Unwind@59ae7a00(void)
59ae7a0a	Unwind@59ae7a0a	Unwind@59ae7a0a	Global	ANALYSIS	ANALYSIS	__stdcall	undefined	0	false	\N	false	59ae7a0a-59ae7a13	\N	\N	undefined __stdcall Unwind@59ae7a0a(void)
59ae7a14	Unwind@59ae7a14	Unwind@59ae7a14	Global	ANALYSIS	ANALYSIS	__stdcall	undefined	0	false	\N	false	59ae7a14-59ae7a1d	\N	\N	undefined __stdcall Unwind@59ae7a14(void)
59ae7a1e	Unwind@59ae7a1e	Unwind@59ae7a1e	Global	ANALYSIS	ANALYSIS	__stdcall	undefined	0	false	\N	false	59ae7a1e-59ae7a27	\N	\N	undefined __stdcall Unwind@59ae7a1e(void)
59ae7a28	Unwind@59ae7a28	Unwind@59ae7a28	Global	ANALYSIS	ANALYSIS	__stdcall	undefined	0	false	\N	false	59ae7a28-59ae7a31	\N	\N	undefined __stdcall Unwind@59ae7a28(void)
59ae7a32	Unwind@59ae7a32	Unwind@59ae7a32	Global	ANALYSIS	ANALYSIS	__stdcall	undefined	0	false	\N	false	59ae7a32-59ae7a3b	\N	\N	undefined __stdcall Unwind@59ae7a32(void)
59ae7a3c	Unwind@59ae7a3c	Unwind@59ae7a3c	Global	ANALYSIS	ANALYSIS	__stdcall	undefined	0	false	\N	false	59ae7a3c-59ae7a45	\N	\N	undefined __stdcall Unwind@59ae7a3c(void)
59ae7a46	Unwind@59ae7a46	Unwind@59ae7a46	Global	ANALYSIS	ANALYSIS	__stdcall	undefined	0	false	\N	false	59ae7a46-59ae7a4f	\N	\N	undefined __stdcall Unwind@59ae7a46(void)
59ae7a50	Unwind@59ae7a50	Unwind@59ae7a50	Global	ANALYSIS	ANALYSIS	__stdcall	undefined	0	false	\N	false	59ae7a50-59ae7a59	\N	\N	undefined __stdcall Unwind@59ae7a50(void)
59ae7a5a	Unwind@59ae7a5a	Unwind@59ae7a5a	Global	ANALYSIS	ANALYSIS	__stdcall	undefined	0	false	\N	false	59ae7a5a-59ae7a63	\N	\N	undefined __stdcall Unwind@59ae7a5a(void)
59ae7a73	Unwind@59ae7a73	Unwind@59ae7a73	Global	ANALYSIS	ANALYSIS	__stdcall	undefined	0	false	\N	false	59ae7a73-59ae7a7c	\N	\N	undefined __stdcall Unwind@59ae7a73(void)
59ae7a7d	Unwind@59ae7a7d	Unwind@59ae7a7d	Global	ANALYSIS	ANALYSIS	__stdcall	undefined	0	false	\N	false	59ae7a7d-59ae7a86	\N	\N	undefined __stdcall Unwind@59ae7a7d(void)
59ae7a87	Unwind@59ae7a87	Unwind@59ae7a87	Global	ANALYSIS	ANALYSIS	__stdcall	undefined	0	false	\N	false	59ae7a87-59ae7a90	\N	\N	undefined __stdcall Unwind@59ae7a87(void)
59ae7a91	Unwind@59ae7a91	Unwind@59ae7a91	Global	ANALYSIS	ANALYSIS	__stdcall	undefined	0	false	\N	false	59ae7a91-59ae7a9a	\N	\N	undefined __stdcall Unwind@59ae7a91(void)
59ae7a9b	Unwind@59ae7a9b	Unwind@59ae7a9b	Global	ANALYSIS	ANALYSIS	__stdcall	undefined	0	false	\N	false	59ae7a9b-59ae7aa4	\N	\N	undefined __stdcall Unwind@59ae7a9b(void)
59ae7aa5	Unwind@59ae7aa5	Unwind@59ae7aa5	Global	ANALYSIS	ANALYSIS	__stdcall	undefined	0	false	\N	false	59ae7aa5-59ae7aae	\N	\N	undefined __stdcall Unwind@59ae7aa5(void)
59ae7aaf	Unwind@59ae7aaf	Unwind@59ae7aaf	Global	ANALYSIS	ANALYSIS	__stdcall	undefined	0	false	\N	false	59ae7aaf-59ae7ab8	\N	\N	undefined __stdcall Unwind@59ae7aaf(void)
59ae7ab9	Unwind@59ae7ab9	Unwind@59ae7ab9	Global	ANALYSIS	ANALYSIS	__stdcall	undefined	0	false	\N	false	59ae7ab9-59ae7ac2	\N	\N	undefined __stdcall Unwind@59ae7ab9(void)
59ae7ac3	Unwind@59ae7ac3	Unwind@59ae7ac3	Global	ANALYSIS	ANALYSIS	__stdcall	undefined	0	false	\N	false	59ae7ac3-59ae7acc	\N	\N	undefined __stdcall Unwind@59ae7ac3(void)
59ae7acd	Unwind@59ae7acd	Unwind@59ae7acd	Global	ANALYSIS	ANALYSIS	__stdcall	undefined	0	false	\N	false	59ae7acd-59ae7ad6	\N	\N	undefined __stdcall Unwind@59ae7acd(void)
59ae7ad7	Unwind@59ae7ad7	Unwind@59ae7ad7	Global	ANALYSIS	ANALYSIS	__stdcall	undefined	0	false	\N	false	59ae7ad7-59ae7ae0	\N	\N	undefined __stdcall Unwind@59ae7ad7(void)
59ae7ae1	Unwind@59ae7ae1	Unwind@59ae7ae1	Global	ANALYSIS	ANALYSIS	__stdcall	undefined	0	false	\N	false	59ae7ae1-59ae7aea	\N	\N	undefined __stdcall Unwind@59ae7ae1(void)
59ae7aeb	Unwind@59ae7aeb	Unwind@59ae7aeb	Global	ANALYSIS	ANALYSIS	__stdcall	undefined	0	false	\N	false	59ae7aeb-59ae7af4	\N	\N	undefined __stdcall Unwind@59ae7aeb(void)
59ae7af5	Unwind@59ae7af5	Unwind@59ae7af5	Global	ANALYSIS	ANALYSIS	__stdcall	undefined	0	false	\N	false	59ae7af5-59ae7afe	\N	\N	undefined __stdcall Unwind@59ae7af5(void)
59ae7aff	Unwind@59ae7aff	Unwind@59ae7aff	Global	ANALYSIS	ANALYSIS	__stdcall	undefined	0	false	\N	false	59ae7aff-59ae7b08	\N	\N	undefined __stdcall Unwind@59ae7aff(void)
59ae7b09	Unwind@59ae7b09	Unwind@59ae7b09	Global	ANALYSIS	ANALYSIS	__stdcall	undefined	0	false	\N	false	59ae7b09-59ae7b12	\N	\N	undefined __stdcall Unwind@59ae7b09(void)
59ae7b13	Unwind@59ae7b13	Unwind@59ae7b13	Global	ANALYSIS	ANALYSIS	__stdcall	undefined	0	false	\N	false	59ae7b13-59ae7b1c	\N	\N	undefined __stdcall Unwind@59ae7b13(void)
59ae7b1d	Unwind@59ae7b1d	Unwind@59ae7b1d	Global	ANALYSIS	ANALYSIS	__stdcall	undefined	0	false	\N	false	59ae7b1d-59ae7b26	\N	\N	undefined __stdcall Unwind@59ae7b1d(void)
59ae7b27	Unwind@59ae7b27	Unwind@59ae7b27	Global	ANALYSIS	ANALYSIS	__stdcall	undefined	0	false	\N	false	59ae7b27-59ae7b30	\N	\N	undefined __stdcall Unwind@59ae7b27(void)
59ae7b31	Unwind@59ae7b31	Unwind@59ae7b31	Global	ANALYSIS	ANALYSIS	__stdcall	undefined	0	false	\N	false	59ae7b31-59ae7b3a	\N	\N	undefined __stdcall Unwind@59ae7b31(void)
59ae7b3b	Unwind@59ae7b3b	Unwind@59ae7b3b	Global	ANALYSIS	ANALYSIS	__stdcall	undefined	0	false	\N	false	59ae7b3b-59ae7b44	\N	\N	undefined __stdcall Unwind@59ae7b3b(void)
59ae7b45	Unwind@59ae7b45	Unwind@59ae7b45	Global	ANALYSIS	ANALYSIS	__stdcall	undefined	0	false	\N	false	59ae7b45-59ae7b4e	\N	\N	undefined __stdcall Unwind@59ae7b45(void)
59ae7b4f	Unwind@59ae7b4f	Unwind@59ae7b4f	Global	ANALYSIS	ANALYSIS	__stdcall	undefined	0	false	\N	false	59ae7b4f-59ae7b58	\N	\N	undefined __stdcall Unwind@59ae7b4f(void)
59ae7b59	Unwind@59ae7b59	Unwind@59ae7b59	Global	ANALYSIS	ANALYSIS	__stdcall	undefined	0	false	\N	false	59ae7b59-59ae7b62	\N	\N	undefined __stdcall Unwind@59ae7b59(void)
59ae7b63	Unwind@59ae7b63	Unwind@59ae7b63	Global	ANALYSIS	ANALYSIS	__stdcall	undefined	0	false	\N	false	59ae7b63-59ae7b6c	\N	\N	undefined __stdcall Unwind@59ae7b63(void)
59ae7b6d	Unwind@59ae7b6d	Unwind@59ae7b6d	Global	ANALYSIS	ANALYSIS	__stdcall	undefined	0	false	\N	false	59ae7b6d-59ae7b76	\N	\N	undefined __stdcall Unwind@59ae7b6d(void)
59ae7b77	Unwind@59ae7b77	Unwind@59ae7b77	Global	ANALYSIS	ANALYSIS	__stdcall	undefined	0	false	\N	false	59ae7b77-59ae7b80	\N	\N	undefined __stdcall Unwind@59ae7b77(void)
59ae7b81	Unwind@59ae7b81	Unwind@59ae7b81	Global	ANALYSIS	ANALYSIS	__stdcall	undefined	0	false	\N	false	59ae7b81-59ae7b8a	\N	\N	undefined __stdcall Unwind@59ae7b81(void)
59ae7b8b	Unwind@59ae7b8b	Unwind@59ae7b8b	Global	ANALYSIS	ANALYSIS	__stdcall	undefined	0	false	\N	false	59ae7b8b-59ae7b94	\N	\N	undefined __stdcall Unwind@59ae7b8b(void)
59ae7b95	Unwind@59ae7b95	Unwind@59ae7b95	Global	ANALYSIS	ANALYSIS	__stdcall	undefined	0	false	\N	false	59ae7b95-59ae7b9e	\N	\N	undefined __stdcall Unwind@59ae7b95(void)
59ae7b9f	Unwind@59ae7b9f	Unwind@59ae7b9f	Global	ANALYSIS	ANALYSIS	__stdcall	undefined	0	false	\N	false	59ae7b9f-59ae7ba8	\N	\N	undefined __stdcall Unwind@59ae7b9f(void)
59ae7ba9	Unwind@59ae7ba9	Unwind@59ae7ba9	Global	ANALYSIS	ANALYSIS	__stdcall	undefined	0	false	\N	false	59ae7ba9-59ae7bb2	\N	\N	undefined __stdcall Unwind@59ae7ba9(void)
59ae7bb3	Unwind@59ae7bb3	Unwind@59ae7bb3	Global	ANALYSIS	ANALYSIS	__stdcall	undefined	0	false	\N	false	59ae7bb3-59ae7bbc	\N	\N	undefined __stdcall Unwind@59ae7bb3(void)
59ae7bbd	Unwind@59ae7bbd	Unwind@59ae7bbd	Global	ANALYSIS	ANALYSIS	__stdcall	undefined	0	false	\N	false	59ae7bbd-59ae7bc6	\N	\N	undefined __stdcall Unwind@59ae7bbd(void)
59ae7bc7	Unwind@59ae7bc7	Unwind@59ae7bc7	Global	ANALYSIS	ANALYSIS	__stdcall	undefined	0	false	\N	false	59ae7bc7-59ae7bd0	\N	\N	undefined __stdcall Unwind@59ae7bc7(void)
59ae7bd1	Unwind@59ae7bd1	Unwind@59ae7bd1	Global	ANALYSIS	ANALYSIS	__stdcall	undefined	0	false	\N	false	59ae7bd1-59ae7bda	\N	\N	undefined __stdcall Unwind@59ae7bd1(void)
59ae7bdb	Unwind@59ae7bdb	Unwind@59ae7bdb	Global	ANALYSIS	ANALYSIS	__stdcall	undefined	0	false	\N	false	59ae7bdb-59ae7be4	\N	\N	undefined __stdcall Unwind@59ae7bdb(void)
59ae7be5	Unwind@59ae7be5	Unwind@59ae7be5	Global	ANALYSIS	ANALYSIS	__stdcall	undefined	0	false	\N	false	59ae7be5-59ae7bee	\N	\N	undefined __stdcall Unwind@59ae7be5(void)
59ae7bef	Unwind@59ae7bef	Unwind@59ae7bef	Global	ANALYSIS	ANALYSIS	__stdcall	undefined	0	false	\N	false	59ae7bef-59ae7bf8	\N	\N	undefined __stdcall Unwind@59ae7bef(void)
59ae7bf9	Unwind@59ae7bf9	Unwind@59ae7bf9	Global	ANALYSIS	ANALYSIS	__stdcall	undefined	0	false	\N	false	59ae7bf9-59ae7c02	\N	\N	undefined __stdcall Unwind@59ae7bf9(void)
59ae7c03	Unwind@59ae7c03	Unwind@59ae7c03	Global	ANALYSIS	ANALYSIS	__stdcall	undefined	0	false	\N	false	59ae7c03-59ae7c0c	\N	\N	undefined __stdcall Unwind@59ae7c03(void)
59ae7c0d	Unwind@59ae7c0d	Unwind@59ae7c0d	Global	ANALYSIS	ANALYSIS	__stdcall	undefined	0	false	\N	false	59ae7c0d-59ae7c16	\N	\N	undefined __stdcall Unwind@59ae7c0d(void)
59ae7c17	Unwind@59ae7c17	Unwind@59ae7c17	Global	ANALYSIS	ANALYSIS	__stdcall	undefined	0	false	\N	false	59ae7c17-59ae7c20	\N	\N	undefined __stdcall Unwind@59ae7c17(void)
59ae7c21	Unwind@59ae7c21	Unwind@59ae7c21	Global	ANALYSIS	ANALYSIS	__stdcall	undefined	0	false	\N	false	59ae7c21-59ae7c2a	\N	\N	undefined __stdcall Unwind@59ae7c21(void)
59ae7c2b	Unwind@59ae7c2b	Unwind@59ae7c2b	Global	ANALYSIS	ANALYSIS	__stdcall	undefined	0	false	\N	false	59ae7c2b-59ae7c34	\N	\N	undefined __stdcall Unwind@59ae7c2b(void)
59ae7c35	Unwind@59ae7c35	Unwind@59ae7c35	Global	ANALYSIS	ANALYSIS	__stdcall	undefined	0	false	\N	false	59ae7c35-59ae7c3e	\N	\N	undefined __stdcall Unwind@59ae7c35(void)
59ae7c3f	Unwind@59ae7c3f	Unwind@59ae7c3f	Global	ANALYSIS	ANALYSIS	__stdcall	undefined	0	false	\N	false	59ae7c3f-59ae7c48	\N	\N	undefined __stdcall Unwind@59ae7c3f(void)
59ae7c49	Unwind@59ae7c49	Unwind@59ae7c49	Global	ANALYSIS	ANALYSIS	__stdcall	undefined	0	false	\N	false	59ae7c49-59ae7c52	\N	\N	undefined __stdcall Unwind@59ae7c49(void)
59ae7c53	Unwind@59ae7c53	Unwind@59ae7c53	Global	ANALYSIS	ANALYSIS	__stdcall	undefined	0	false	\N	false	59ae7c53-59ae7c5c	\N	\N	undefined __stdcall Unwind@59ae7c53(void)
59ae7c5d	Unwind@59ae7c5d	Unwind@59ae7c5d	Global	ANALYSIS	ANALYSIS	__stdcall	undefined	0	false	\N	false	59ae7c5d-59ae7c66	\N	\N	undefined __stdcall Unwind@59ae7c5d(void)
59ae7c67	Unwind@59ae7c67	Unwind@59ae7c67	Global	ANALYSIS	ANALYSIS	__stdcall	undefined	0	false	\N	false	59ae7c67-59ae7c70	\N	\N	undefined __stdcall Unwind@59ae7c67(void)
59ae7c71	Unwind@59ae7c71	Unwind@59ae7c71	Global	ANALYSIS	ANALYSIS	__stdcall	undefined	0	false	\N	false	59ae7c71-59ae7c7a	\N	\N	undefined __stdcall Unwind@59ae7c71(void)
59ae7c7b	Unwind@59ae7c7b	Unwind@59ae7c7b	Global	ANALYSIS	ANALYSIS	__stdcall	undefined	0	false	\N	false	59ae7c7b-59ae7c84	\N	\N	undefined __stdcall Unwind@59ae7c7b(void)
59ae7c85	Unwind@59ae7c85	Unwind@59ae7c85	Global	ANALYSIS	ANALYSIS	__stdcall	undefined	0	false	\N	false	59ae7c85-59ae7c8e	\N	\N	undefined __stdcall Unwind@59ae7c85(void)
59ae7c8f	Unwind@59ae7c8f	Unwind@59ae7c8f	Global	ANALYSIS	ANALYSIS	__stdcall	undefined	0	false	\N	false	59ae7c8f-59ae7c98	\N	\N	undefined __stdcall Unwind@59ae7c8f(void)
59ae7c99	Unwind@59ae7c99	Unwind@59ae7c99	Global	ANALYSIS	ANALYSIS	__stdcall	undefined	0	false	\N	false	59ae7c99-59ae7ca2	\N	\N	undefined __stdcall Unwind@59ae7c99(void)
59ae7ca3	Unwind@59ae7ca3	Unwind@59ae7ca3	Global	ANALYSIS	ANALYSIS	__stdcall	undefined	0	false	\N	false	59ae7ca3-59ae7cac	\N	\N	undefined __stdcall Unwind@59ae7ca3(void)
59ae7cad	Unwind@59ae7cad	Unwind@59ae7cad	Global	ANALYSIS	ANALYSIS	__stdcall	undefined	0	false	\N	false	59ae7cad-59ae7cb6	\N	\N	undefined __stdcall Unwind@59ae7cad(void)
59ae7cb7	Unwind@59ae7cb7	Unwind@59ae7cb7	Global	ANALYSIS	ANALYSIS	__stdcall	undefined	0	false	\N	false	59ae7cb7-59ae7cc0	\N	\N	undefined __stdcall Unwind@59ae7cb7(void)
59ae7cc1	Unwind@59ae7cc1	Unwind@59ae7cc1	Global	ANALYSIS	ANALYSIS	__stdcall	undefined	0	false	\N	false	59ae7cc1-59ae7cca	\N	\N	undefined __stdcall Unwind@59ae7cc1(void)
59ae7ccb	Unwind@59ae7ccb	Unwind@59ae7ccb	Global	ANALYSIS	ANALYSIS	__stdcall	undefined	0	false	\N	false	59ae7ccb-59ae7cd4	\N	\N	undefined __stdcall Unwind@59ae7ccb(void)
59ae7cd5	Unwind@59ae7cd5	Unwind@59ae7cd5	Global	ANALYSIS	ANALYSIS	__stdcall	undefined	0	false	\N	false	59ae7cd5-59ae7cde	\N	\N	undefined __stdcall Unwind@59ae7cd5(void)
59ae7cdf	Unwind@59ae7cdf	Unwind@59ae7cdf	Global	ANALYSIS	ANALYSIS	__stdcall	undefined	0	false	\N	false	59ae7cdf-59ae7ce8	\N	\N	undefined __stdcall Unwind@59ae7cdf(void)
59ae7ce9	Unwind@59ae7ce9	Unwind@59ae7ce9	Global	ANALYSIS	ANALYSIS	__stdcall	undefined	0	false	\N	false	59ae7ce9-59ae7cf2	\N	\N	undefined __stdcall Unwind@59ae7ce9(void)
59ae7cf3	Unwind@59ae7cf3	Unwind@59ae7cf3	Global	ANALYSIS	ANALYSIS	__stdcall	undefined	0	false	\N	false	59ae7cf3-59ae7cfc	\N	\N	undefined __stdcall Unwind@59ae7cf3(void)
59ae7cfd	Unwind@59ae7cfd	Unwind@59ae7cfd	Global	ANALYSIS	ANALYSIS	__stdcall	undefined	0	false	\N	false	59ae7cfd-59ae7d06	\N	\N	undefined __stdcall Unwind@59ae7cfd(void)
59ae7d07	Unwind@59ae7d07	Unwind@59ae7d07	Global	ANALYSIS	ANALYSIS	__stdcall	undefined	0	false	\N	false	59ae7d07-59ae7d10	\N	\N	undefined __stdcall Unwind@59ae7d07(void)
59ae7d11	Unwind@59ae7d11	Unwind@59ae7d11	Global	ANALYSIS	ANALYSIS	__stdcall	undefined	0	false	\N	false	59ae7d11-59ae7d1a	\N	\N	undefined __stdcall Unwind@59ae7d11(void)
59ae7d1b	Unwind@59ae7d1b	Unwind@59ae7d1b	Global	ANALYSIS	ANALYSIS	__stdcall	undefined	0	false	\N	false	59ae7d1b-59ae7d24	\N	\N	undefined __stdcall Unwind@59ae7d1b(void)
59ae7d25	Unwind@59ae7d25	Unwind@59ae7d25	Global	ANALYSIS	ANALYSIS	__stdcall	undefined	0	false	\N	false	59ae7d25-59ae7d2e	\N	\N	undefined __stdcall Unwind@59ae7d25(void)
59ae7d2f	Unwind@59ae7d2f	Unwind@59ae7d2f	Global	ANALYSIS	ANALYSIS	__stdcall	undefined	0	false	\N	false	59ae7d2f-59ae7d38	\N	\N	undefined __stdcall Unwind@59ae7d2f(void)
59ae7d39	Unwind@59ae7d39	Unwind@59ae7d39	Global	ANALYSIS	ANALYSIS	__stdcall	undefined	0	false	\N	false	59ae7d39-59ae7d42	\N	\N	undefined __stdcall Unwind@59ae7d39(void)
59ae7d43	Unwind@59ae7d43	Unwind@59ae7d43	Global	ANALYSIS	ANALYSIS	__stdcall	undefined	0	false	\N	false	59ae7d43-59ae7d4c	\N	\N	undefined __stdcall Unwind@59ae7d43(void)
59ae7d4d	Unwind@59ae7d4d	Unwind@59ae7d4d	Global	ANALYSIS	ANALYSIS	__stdcall	undefined	0	false	\N	false	59ae7d4d-59ae7d56	\N	\N	undefined __stdcall Unwind@59ae7d4d(void)
59ae7d57	Unwind@59ae7d57	Unwind@59ae7d57	Global	ANALYSIS	ANALYSIS	__stdcall	undefined	0	false	\N	false	59ae7d57-59ae7d60	\N	\N	undefined __stdcall Unwind@59ae7d57(void)
59ae7d61	Unwind@59ae7d61	Unwind@59ae7d61	Global	ANALYSIS	ANALYSIS	__stdcall	undefined	0	false	\N	false	59ae7d61-59ae7d6a	\N	\N	undefined __stdcall Unwind@59ae7d61(void)
59ae7d6b	Unwind@59ae7d6b	Unwind@59ae7d6b	Global	ANALYSIS	ANALYSIS	__stdcall	undefined	0	false	\N	false	59ae7d6b-59ae7d74	\N	\N	undefined __stdcall Unwind@59ae7d6b(void)
59ae7d75	Unwind@59ae7d75	Unwind@59ae7d75	Global	ANALYSIS	ANALYSIS	__stdcall	undefined	0	false	\N	false	59ae7d75-59ae7d7e	\N	\N	undefined __stdcall Unwind@59ae7d75(void)
59ae7d7f	Unwind@59ae7d7f	Unwind@59ae7d7f	Global	ANALYSIS	ANALYSIS	__stdcall	undefined	0	false	\N	false	59ae7d7f-59ae7d88	\N	\N	undefined __stdcall Unwind@59ae7d7f(void)
59ae7d89	Unwind@59ae7d89	Unwind@59ae7d89	Global	ANALYSIS	ANALYSIS	__stdcall	undefined	0	false	\N	false	59ae7d89-59ae7d92	\N	\N	undefined __stdcall Unwind@59ae7d89(void)
59ae7d93	Unwind@59ae7d93	Unwind@59ae7d93	Global	ANALYSIS	ANALYSIS	__stdcall	undefined	0	false	\N	false	59ae7d93-59ae7d9c	\N	\N	undefined __stdcall Unwind@59ae7d93(void)
59ae7d9d	Unwind@59ae7d9d	Unwind@59ae7d9d	Global	ANALYSIS	ANALYSIS	__stdcall	undefined	0	false	\N	false	59ae7d9d-59ae7da6	\N	\N	undefined __stdcall Unwind@59ae7d9d(void)
59ae7da7	Unwind@59ae7da7	Unwind@59ae7da7	Global	ANALYSIS	ANALYSIS	__stdcall	undefined	0	false	\N	false	59ae7da7-59ae7db0	\N	\N	undefined __stdcall Unwind@59ae7da7(void)
59ae7db1	Unwind@59ae7db1	Unwind@59ae7db1	Global	ANALYSIS	ANALYSIS	__stdcall	undefined	0	false	\N	false	59ae7db1-59ae7dba	\N	\N	undefined __stdcall Unwind@59ae7db1(void)
59ae7dbb	Unwind@59ae7dbb	Unwind@59ae7dbb	Global	ANALYSIS	ANALYSIS	__stdcall	undefined	0	false	\N	false	59ae7dbb-59ae7dc4	\N	\N	undefined __stdcall Unwind@59ae7dbb(void)
59ae7dc5	Unwind@59ae7dc5	Unwind@59ae7dc5	Global	ANALYSIS	ANALYSIS	__stdcall	undefined	0	false	\N	false	59ae7dc5-59ae7dce	\N	\N	undefined __stdcall Unwind@59ae7dc5(void)
59ae7dcf	Unwind@59ae7dcf	Unwind@59ae7dcf	Global	ANALYSIS	ANALYSIS	__stdcall	undefined	0	false	\N	false	59ae7dcf-59ae7dd8	\N	\N	undefined __stdcall Unwind@59ae7dcf(void)
59ae7dd9	Unwind@59ae7dd9	Unwind@59ae7dd9	Global	ANALYSIS	ANALYSIS	__stdcall	undefined	0	false	\N	false	59ae7dd9-59ae7de2	\N	\N	undefined __stdcall Unwind@59ae7dd9(void)
59ae7de3	Unwind@59ae7de3	Unwind@59ae7de3	Global	ANALYSIS	ANALYSIS	__stdcall	undefined	0	false	\N	false	59ae7de3-59ae7dec	\N	\N	undefined __stdcall Unwind@59ae7de3(void)
59ae7ded	Unwind@59ae7ded	Unwind@59ae7ded	Global	ANALYSIS	ANALYSIS	__stdcall	undefined	0	false	\N	false	59ae7ded-59ae7df6	\N	\N	undefined __stdcall Unwind@59ae7ded(void)
59ae7df7	Unwind@59ae7df7	Unwind@59ae7df7	Global	ANALYSIS	ANALYSIS	__stdcall	undefined	0	false	\N	false	59ae7df7-59ae7e00	\N	\N	undefined __stdcall Unwind@59ae7df7(void)
59ae7e01	Unwind@59ae7e01	Unwind@59ae7e01	Global	ANALYSIS	ANALYSIS	__stdcall	undefined	0	false	\N	false	59ae7e01-59ae7e0a	\N	\N	undefined __stdcall Unwind@59ae7e01(void)
59ae7e1a	Unwind@59ae7e1a	Unwind@59ae7e1a	Global	ANALYSIS	ANALYSIS	__stdcall	undefined	0	false	\N	false	59ae7e1a-59ae7e21	\N	\N	undefined __stdcall Unwind@59ae7e1a(void)
59ae7e31	Unwind@59ae7e31	Unwind@59ae7e31	Global	ANALYSIS	ANALYSIS	__stdcall	undefined	0	false	\N	false	59ae7e31-59ae7e3b	\N	\N	undefined __stdcall Unwind@59ae7e31(void)
59ae7e4b	Unwind@59ae7e4b	Unwind@59ae7e4b	Global	ANALYSIS	ANALYSIS	__stdcall	undefined	0	false	\N	false	59ae7e4b-59ae7e55	\N	\N	undefined __stdcall Unwind@59ae7e4b(void)
59ae7e56	Unwind@59ae7e56	Unwind@59ae7e56	Global	ANALYSIS	ANALYSIS	__stdcall	undefined	0	false	\N	false	59ae7e56-59ae7e60	\N	\N	undefined __stdcall Unwind@59ae7e56(void)
59ae7e61	Unwind@59ae7e61	Unwind@59ae7e61	Global	ANALYSIS	ANALYSIS	__stdcall	undefined	0	false	\N	false	59ae7e61-59ae7e6b	\N	\N	undefined __stdcall Unwind@59ae7e61(void)
59ae7e6c	Unwind@59ae7e6c	Unwind@59ae7e6c	Global	ANALYSIS	ANALYSIS	__stdcall	undefined	0	false	\N	false	59ae7e6c-59ae7e76	\N	\N	undefined __stdcall Unwind@59ae7e6c(void)
59ae7e77	Unwind@59ae7e77	Unwind@59ae7e77	Global	ANALYSIS	ANALYSIS	__stdcall	undefined	0	false	\N	false	59ae7e77-59ae7e81	\N	\N	undefined __stdcall Unwind@59ae7e77(void)
59ae7e82	Unwind@59ae7e82	Unwind@59ae7e82	Global	ANALYSIS	ANALYSIS	__stdcall	undefined	0	false	\N	false	59ae7e82-59ae7e8c	\N	\N	undefined __stdcall Unwind@59ae7e82(void)
59ae7e8d	Unwind@59ae7e8d	Unwind@59ae7e8d	Global	ANALYSIS	ANALYSIS	__stdcall	undefined	0	false	\N	false	59ae7e8d-59ae7e97	\N	\N	undefined __stdcall Unwind@59ae7e8d(void)
59ae7e98	Unwind@59ae7e98	Unwind@59ae7e98	Global	ANALYSIS	ANALYSIS	__stdcall	undefined	0	false	\N	false	59ae7e98-59ae7ea2	\N	\N	undefined __stdcall Unwind@59ae7e98(void)
59ae7eb2	Unwind@59ae7eb2	Unwind@59ae7eb2	Global	ANALYSIS	ANALYSIS	__stdcall	undefined	0	false	\N	false	59ae7eb2-59ae7ebc	\N	\N	undefined __stdcall Unwind@59ae7eb2(void)
59ae7ecc	Unwind@59ae7ecc	Unwind@59ae7ecc	Global	ANALYSIS	ANALYSIS	__stdcall	undefined	0	false	\N	false	59ae7ecc-59ae7ed3	\N	\N	undefined __stdcall Unwind@59ae7ecc(void)
59ae7ee3	Unwind@59ae7ee3	Unwind@59ae7ee3	Global	ANALYSIS	ANALYSIS	__stdcall	undefined	0	false	\N	false	59ae7ee3-59ae7eed	\N	\N	undefined __stdcall Unwind@59ae7ee3(void)
59ae7eee	Unwind@59ae7eee	Unwind@59ae7eee	Global	ANALYSIS	ANALYSIS	__stdcall	undefined	0	false	\N	false	59ae7eee-59ae7ef8	\N	\N	undefined __stdcall Unwind@59ae7eee(void)
59ae7f08	Unwind@59ae7f08	Unwind@59ae7f08	Global	ANALYSIS	ANALYSIS	__stdcall	undefined	0	false	\N	false	59ae7f08-59ae7f12	\N	\N	undefined __stdcall Unwind@59ae7f08(void)
59ae7f22	Unwind@59ae7f22	Unwind@59ae7f22	Global	ANALYSIS	ANALYSIS	__stdcall	undefined	0	false	\N	false	59ae7f22-59ae7f2c	\N	\N	undefined __stdcall Unwind@59ae7f22(void)
59ae7f3c	Unwind@59ae7f3c	Unwind@59ae7f3c	Global	ANALYSIS	ANALYSIS	__stdcall	undefined	0	false	\N	false	59ae7f3c-59ae7f45	\N	\N	undefined __stdcall Unwind@59ae7f3c(void)
59ae7f55	Unwind@59ae7f55	Unwind@59ae7f55	Global	ANALYSIS	ANALYSIS	__stdcall	undefined	0	false	\N	false	59ae7f55-59ae7f5f	\N	\N	undefined __stdcall Unwind@59ae7f55(void)
59ae7f6f	Unwind@59ae7f6f	Unwind@59ae7f6f	Global	ANALYSIS	ANALYSIS	__stdcall	undefined	0	false	\N	false	59ae7f6f-59ae7f76	\N	\N	undefined __stdcall Unwind@59ae7f6f(void)
59ae7f86	Unwind@59ae7f86	Unwind@59ae7f86	Global	ANALYSIS	ANALYSIS	__stdcall	undefined	0	false	\N	false	59ae7f86-59ae7f8d	\N	\N	undefined __stdcall Unwind@59ae7f86(void)
59ae7f9d	Unwind@59ae7f9d	Unwind@59ae7f9d	Global	ANALYSIS	ANALYSIS	__stdcall	undefined	0	false	\N	false	59ae7f9d-59ae7fa6	\N	\N	undefined __stdcall Unwind@59ae7f9d(void)
59ae7fb6	Unwind@59ae7fb6	Unwind@59ae7fb6	Global	ANALYSIS	ANALYSIS	__stdcall	undefined	0	false	\N	false	59ae7fb6-59ae7fbd	\N	\N	undefined __stdcall Unwind@59ae7fb6(void)
59ae7fcd	Unwind@59ae7fcd	Unwind@59ae7fcd	Global	ANALYSIS	ANALYSIS	__stdcall	undefined	0	false	\N	false	59ae7fcd-59ae7fd6	\N	\N	undefined __stdcall Unwind@59ae7fcd(void)
59ae7fe6	Unwind@59ae7fe6	Unwind@59ae7fe6	Global	ANALYSIS	ANALYSIS	__stdcall	undefined	0	false	\N	false	59ae7fe6-59ae7fed	\N	\N	undefined __stdcall Unwind@59ae7fe6(void)
59ae7fee	Unwind@59ae7fee	Unwind@59ae7fee	Global	ANALYSIS	ANALYSIS	__stdcall	undefined	0	false	\N	false	59ae7fee-59ae7ff8	\N	\N	undefined __stdcall Unwind@59ae7fee(void)
59ae7ff9	Unwind@59ae7ff9	Unwind@59ae7ff9	Global	ANALYSIS	ANALYSIS	__stdcall	undefined	0	false	\N	false	59ae7ff9-59ae8003	\N	\N	undefined __stdcall Unwind@59ae7ff9(void)
59ae8013	Unwind@59ae8013	Unwind@59ae8013	Global	ANALYSIS	ANALYSIS	__stdcall	undefined	0	false	\N	false	59ae8013-59ae801a	\N	\N	undefined __stdcall Unwind@59ae8013(void)
59ae802a	Unwind@59ae802a	Unwind@59ae802a	Global	ANALYSIS	ANALYSIS	__stdcall	undefined	0	false	\N	false	59ae802a-59ae8034	\N	\N	undefined __stdcall Unwind@59ae802a(void)
59ae8044	Unwind@59ae8044	Unwind@59ae8044	Global	ANALYSIS	ANALYSIS	__stdcall	undefined	0	false	\N	false	59ae8044-59ae804b	\N	\N	undefined __stdcall Unwind@59ae8044(void)
59ae804c	Unwind@59ae804c	Unwind@59ae804c	Global	ANALYSIS	ANALYSIS	__stdcall	undefined	0	false	\N	false	59ae804c-59ae8056	\N	\N	undefined __stdcall Unwind@59ae804c(void)
59ae8066	Unwind@59ae8066	Unwind@59ae8066	Global	ANALYSIS	ANALYSIS	__stdcall	undefined	0	false	\N	false	59ae8066-59ae806d	\N	\N	undefined __stdcall Unwind@59ae8066(void)
59ae806e	Unwind@59ae806e	Unwind@59ae806e	Global	ANALYSIS	ANALYSIS	__stdcall	undefined	0	false	\N	false	59ae806e-59ae8078	\N	\N	undefined __stdcall Unwind@59ae806e(void)
59ae8088	Unwind@59ae8088	Unwind@59ae8088	Global	ANALYSIS	ANALYSIS	__stdcall	undefined	0	false	\N	false	59ae8088-59ae808f	\N	\N	undefined __stdcall Unwind@59ae8088(void)
59ae8090	Unwind@59ae8090	Unwind@59ae8090	Global	ANALYSIS	ANALYSIS	__stdcall	undefined	0	false	\N	false	59ae8090-59ae809a	\N	\N	undefined __stdcall Unwind@59ae8090(void)
59ae809b	Unwind@59ae809b	Unwind@59ae809b	Global	ANALYSIS	ANALYSIS	__stdcall	undefined	0	false	\N	false	59ae809b-59ae80a4	\N	\N	undefined __stdcall Unwind@59ae809b(void)
59ae80b4	Unwind@59ae80b4	Unwind@59ae80b4	Global	ANALYSIS	ANALYSIS	__stdcall	undefined	0	false	\N	false	59ae80b4-59ae80bb	\N	\N	undefined __stdcall Unwind@59ae80b4(void)
59ae80bc	Unwind@59ae80bc	Unwind@59ae80bc	Global	ANALYSIS	ANALYSIS	__stdcall	undefined	0	false	\N	false	59ae80bc-59ae80c6	\N	\N	undefined __stdcall Unwind@59ae80bc(void)
59ae80d6	Unwind@59ae80d6	Unwind@59ae80d6	Global	ANALYSIS	ANALYSIS	__stdcall	undefined	0	false	\N	false	59ae80d6-59ae80dd	\N	\N	undefined __stdcall Unwind@59ae80d6(void)
59ae80de	Unwind@59ae80de	Unwind@59ae80de	Global	ANALYSIS	ANALYSIS	__stdcall	undefined	0	false	\N	false	59ae80de-59ae80e8	\N	\N	undefined __stdcall Unwind@59ae80de(void)
59ae80f8	Unwind@59ae80f8	Unwind@59ae80f8	Global	ANALYSIS	ANALYSIS	__stdcall	undefined	0	false	\N	false	59ae80f8-59ae80ff	\N	\N	undefined __stdcall Unwind@59ae80f8(void)
59ae8100	Unwind@59ae8100	Unwind@59ae8100	Global	ANALYSIS	ANALYSIS	__stdcall	undefined	0	false	\N	false	59ae8100-59ae810a	\N	\N	undefined __stdcall Unwind@59ae8100(void)
59ae810b	Unwind@59ae810b	Unwind@59ae810b	Global	ANALYSIS	ANALYSIS	__stdcall	undefined	0	false	\N	false	59ae810b-59ae8115	\N	\N	undefined __stdcall Unwind@59ae810b(void)
59ae8125	Unwind@59ae8125	Unwind@59ae8125	Global	ANALYSIS	ANALYSIS	__stdcall	undefined	0	false	\N	false	59ae8125-59ae812e	\N	\N	undefined __stdcall Unwind@59ae8125(void)
59ae812f	Unwind@59ae812f	Unwind@59ae812f	Global	ANALYSIS	ANALYSIS	__stdcall	undefined	0	false	\N	false	59ae812f-59ae8138	\N	\N	undefined __stdcall Unwind@59ae812f(void)
59ae8148	Unwind@59ae8148	Unwind@59ae8148	Global	ANALYSIS	ANALYSIS	__stdcall	undefined	0	false	\N	false	59ae8148-59ae8151	\N	\N	undefined __stdcall Unwind@59ae8148(void)
59ae8161	Unwind@59ae8161	Unwind@59ae8161	Global	ANALYSIS	ANALYSIS	__stdcall	undefined	0	false	\N	false	59ae8161-59ae816a	\N	\N	undefined __stdcall Unwind@59ae8161(void)
59ae817a	Unwind@59ae817a	Unwind@59ae817a	Global	ANALYSIS	ANALYSIS	__stdcall	undefined	0	false	\N	false	59ae817a-59ae8181	\N	\N	undefined __stdcall Unwind@59ae817a(void)
59ae8182	Unwind@59ae8182	Unwind@59ae8182	Global	ANALYSIS	ANALYSIS	__stdcall	undefined	0	false	\N	false	59ae8182-59ae818c	\N	\N	undefined __stdcall Unwind@59ae8182(void)
59ae819c	Unwind@59ae819c	Unwind@59ae819c	Global	ANALYSIS	ANALYSIS	__stdcall	undefined	0	false	\N	false	59ae819c-59ae81a3	\N	\N	undefined __stdcall Unwind@59ae819c(void)
59ae81b3	Unwind@59ae81b3	Unwind@59ae81b3	Global	ANALYSIS	ANALYSIS	__stdcall	undefined	0	false	\N	false	59ae81b3-59ae81bd	\N	\N	undefined __stdcall Unwind@59ae81b3(void)
59ae81cd	Unwind@59ae81cd	Unwind@59ae81cd	Global	ANALYSIS	ANALYSIS	__stdcall	undefined	0	false	\N	false	59ae81cd-59ae81d4	\N	\N	undefined __stdcall Unwind@59ae81cd(void)
59ae81d5	Unwind@59ae81d5	Unwind@59ae81d5	Global	ANALYSIS	ANALYSIS	__stdcall	undefined	0	false	\N	false	59ae81d5-59ae81dc	\N	\N	undefined __stdcall Unwind@59ae81d5(void)
59ae81ec	Unwind@59ae81ec	Unwind@59ae81ec	Global	ANALYSIS	ANALYSIS	__stdcall	undefined	0	false	\N	false	59ae81ec-59ae81f3	\N	\N	undefined __stdcall Unwind@59ae81ec(void)
59ae81f4	Unwind@59ae81f4	Unwind@59ae81f4	Global	ANALYSIS	ANALYSIS	__stdcall	undefined	0	false	\N	false	59ae81f4-59ae81fe	\N	\N	undefined __stdcall Unwind@59ae81f4(void)
59ae81ff	Unwind@59ae81ff	Unwind@59ae81ff	Global	ANALYSIS	ANALYSIS	__stdcall	undefined	0	false	\N	false	59ae81ff-59ae8209	\N	\N	undefined __stdcall Unwind@59ae81ff(void)
59ae820a	Unwind@59ae820a	Unwind@59ae820a	Global	ANALYSIS	ANALYSIS	__stdcall	undefined	0	false	\N	false	59ae820a-59ae8211	\N	\N	undefined __stdcall Unwind@59ae820a(void)
59ae8221	Unwind@59ae8221	Unwind@59ae8221	Global	ANALYSIS	ANALYSIS	__stdcall	undefined	0	false	\N	false	59ae8221-59ae8228	\N	\N	undefined __stdcall Unwind@59ae8221(void)
59ae8229	Unwind@59ae8229	Unwind@59ae8229	Global	ANALYSIS	ANALYSIS	__stdcall	undefined	0	false	\N	false	59ae8229-59ae8233	\N	\N	undefined __stdcall Unwind@59ae8229(void)
59ae8234	Unwind@59ae8234	Unwind@59ae8234	Global	ANALYSIS	ANALYSIS	__stdcall	undefined	0	false	\N	false	59ae8234-59ae823e	\N	\N	undefined __stdcall Unwind@59ae8234(void)
59ae824e	Unwind@59ae824e	Unwind@59ae824e	Global	ANALYSIS	ANALYSIS	__stdcall	undefined	0	false	\N	false	59ae824e-59ae8257	\N	\N	undefined __stdcall Unwind@59ae824e(void)
59ae8258	Unwind@59ae8258	Unwind@59ae8258	Global	ANALYSIS	ANALYSIS	__stdcall	undefined	0	false	\N	false	59ae8258-59ae8261	\N	\N	undefined __stdcall Unwind@59ae8258(void)
59ae8271	Unwind@59ae8271	Unwind@59ae8271	Global	ANALYSIS	ANALYSIS	__stdcall	undefined	0	false	\N	false	59ae8271-59ae827a	\N	\N	undefined __stdcall Unwind@59ae8271(void)
59ae828a	Unwind@59ae828a	Unwind@59ae828a	Global	ANALYSIS	ANALYSIS	__stdcall	undefined	0	false	\N	false	59ae828a-59ae8291	\N	\N	undefined __stdcall Unwind@59ae828a(void)
59ae8292	Unwind@59ae8292	Unwind@59ae8292	Global	ANALYSIS	ANALYSIS	__stdcall	undefined	0	false	\N	false	59ae8292-59ae829c	\N	\N	undefined __stdcall Unwind@59ae8292(void)
59ae82ac	Unwind@59ae82ac	Unwind@59ae82ac	Global	ANALYSIS	ANALYSIS	__stdcall	undefined	0	false	\N	false	59ae82ac-59ae82b3	\N	\N	undefined __stdcall Unwind@59ae82ac(void)
59ae82c3	Unwind@59ae82c3	Unwind@59ae82c3	Global	ANALYSIS	ANALYSIS	__stdcall	undefined	0	false	\N	false	59ae82c3-59ae82ca	\N	\N	undefined __stdcall Unwind@59ae82c3(void)
59ae82cb	Unwind@59ae82cb	Unwind@59ae82cb	Global	ANALYSIS	ANALYSIS	__stdcall	undefined	0	false	\N	false	59ae82cb-59ae82d5	\N	\N	undefined __stdcall Unwind@59ae82cb(void)
59ae82e5	Unwind@59ae82e5	Unwind@59ae82e5	Global	ANALYSIS	ANALYSIS	__stdcall	undefined	0	false	\N	false	59ae82e5-59ae82ef	\N	\N	undefined __stdcall Unwind@59ae82e5(void)
59ae82ff	Unwind@59ae82ff	Unwind@59ae82ff	Global	ANALYSIS	ANALYSIS	__stdcall	undefined	0	false	\N	false	59ae82ff-59ae8308	\N	\N	undefined __stdcall Unwind@59ae82ff(void)
59ae8327	FUN_59ae8327	FUN_59ae8327	Global	DEFAULT	ANALYSIS	__stdcall	undefined	0	false	\N	false	59ae8327-59ae88d7	\N	\N	undefined __stdcall FUN_59ae8327(void)
59ae88dd	FUN_59ae88dd	FUN_59ae88dd	Global	DEFAULT	ANALYSIS	__stdcall	undefined	0	false	\N	false	59ae88dd-59ae8b50	\N	\N	undefined __stdcall FUN_59ae88dd(void)
59ae8b56	FUN_59ae8b56	FUN_59ae8b56	Global	DEFAULT	ANALYSIS	__stdcall	undefined	0	false	\N	false	59ae8b56-59ae8cf9	\N	\N	undefined __stdcall FUN_59ae8b56(void)
59ae8cff	FUN_59ae8cff	FUN_59ae8cff	Global	DEFAULT	ANALYSIS	__stdcall	undefined	0	false	\N	false	59ae8cff-59ae918a	\N	\N	undefined __stdcall FUN_59ae8cff(void)
59ae9190	FUN_59ae9190	FUN_59ae9190	Global	DEFAULT	ANALYSIS	__stdcall	undefined	0	false	\N	false	59ae9190-59ae954e	\N	\N	undefined __stdcall FUN_59ae9190(void)
59ae9554	FUN_59ae9554	FUN_59ae9554	Global	DEFAULT	ANALYSIS	__stdcall	undefined	0	false	\N	false	59ae9554-59ae9676	\N	\N	undefined __stdcall FUN_59ae9554(void)
59ae967c	FUN_59ae967c	FUN_59ae967c	Global	DEFAULT	ANALYSIS	__stdcall	undefined	0	false	\N	false	59ae967c-59ae9a3c	\N	\N	undefined __stdcall FUN_59ae967c(void)
59ae9a42	FUN_59ae9a42	FUN_59ae9a42	Global	DEFAULT	ANALYSIS	__stdcall	undefined	0	false	\N	false	59ae9a42-59aeb28f	\N	\N	undefined __stdcall FUN_59ae9a42(void)
59aeb32b	FUN_59aeb32b	FUN_59aeb32b	Global	DEFAULT	ANALYSIS	__stdcall	undefined	0	false	\N	false	59aeb32b-59aeb33e	\N	\N	undefined __stdcall FUN_59aeb32b(void)
59aeb344	FUN_59aeb344	FUN_59aeb344	Global	DEFAULT	ANALYSIS	__stdcall	undefined	0	false	\N	false	59aeb344-59aeb357	\N	\N	undefined __stdcall FUN_59aeb344(void)
59aeb35d	FUN_59aeb35d	FUN_59aeb35d	Global	DEFAULT	ANALYSIS	__stdcall	undefined	0	false	\N	false	59aeb35d-59aeb370	\N	\N	undefined __stdcall FUN_59aeb35d(void)
59aeb376	FUN_59aeb376	FUN_59aeb376	Global	DEFAULT	ANALYSIS	__stdcall	undefined	0	false	\N	false	59aeb376-59aeb389	\N	\N	undefined __stdcall FUN_59aeb376(void)
59aeb38f	FUN_59aeb38f	FUN_59aeb38f	Global	DEFAULT	ANALYSIS	__stdcall	undefined	0	false	\N	false	59aeb38f-59aeb3a2	\N	\N	undefined __stdcall FUN_59aeb38f(void)
59aeb3a8	FUN_59aeb3a8	FUN_59aeb3a8	Global	DEFAULT	ANALYSIS	__stdcall	undefined	0	false	\N	false	59aeb3a8-59aeb3bb	\N	\N	undefined __stdcall FUN_59aeb3a8(void)
59aeb3c1	FUN_59aeb3c1	FUN_59aeb3c1	Global	DEFAULT	ANALYSIS	__stdcall	undefined	0	false	\N	false	59aeb3c1-59aeb3d4	\N	\N	undefined __stdcall FUN_59aeb3c1(void)
59aeb3da	FUN_59aeb3da	FUN_59aeb3da	Global	DEFAULT	ANALYSIS	__stdcall	undefined	0	false	\N	false	59aeb3da-59aeb3ed	\N	\N	undefined __stdcall FUN_59aeb3da(void)
59aeb3f3	FUN_59aeb3f3	FUN_59aeb3f3	Global	DEFAULT	ANALYSIS	__stdcall	undefined	0	false	\N	false	59aeb3f3-59aeb3fe	\N	\N	undefined __stdcall FUN_59aeb3f3(void)
59aeb404	FUN_59aeb404	FUN_59aeb404	Global	DEFAULT	ANALYSIS	__stdcall	undefined	0	false	\N	false	59aeb404-59aeb40f	\N	\N	undefined __stdcall FUN_59aeb404(void)
59aeb415	FUN_59aeb415	FUN_59aeb415	Global	DEFAULT	ANALYSIS	__stdcall	undefined	0	false	\N	false	59aeb415-59aeb421	\N	\N	undefined __stdcall FUN_59aeb415(void)
59aeb427	FUN_59aeb427	FUN_59aeb427	Global	DEFAULT	ANALYSIS	__stdcall	undefined	0	false	\N	false	59aeb427-59aeb433	\N	\N	undefined __stdcall FUN_59aeb427(void)
59aeb439	FUN_59aeb439	FUN_59aeb439	Global	DEFAULT	ANALYSIS	__stdcall	undefined	0	false	\N	false	59aeb439-59aeb442	\N	\N	undefined __stdcall FUN_59aeb439(void)
59aeb448	FUN_59aeb448	FUN_59aeb448	Global	DEFAULT	ANALYSIS	__stdcall	undefined	0	false	\N	false	59aeb448-59aeb453	\N	\N	undefined __stdcall FUN_59aeb448(void)
