address	type	name	full_name	namespace	source	primary	external	external_entry
EXTERNAL:00000001	Function	DirectDrawCreate	DDRAW.DLL::DirectDrawCreate	DDRAW.DLL	IMPORTED	true	true	false
EXTERNAL:00000002	Function	GetModuleHandleA	KERNEL32.DLL::GetModuleHandleA	KERNEL32.DLL	IMPORTED	true	true	false
EXTERNAL:00000003	Function	DeviceIoControl	KERNEL32.DLL::DeviceIoControl	KERNEL32.DLL	IMPORTED	true	true	false
EXTERNAL:00000004	Function	CreateFileA	KERNEL32.DLL::CreateFileA	KERNEL32.DLL	IMPORTED	true	true	false
EXTERNAL:00000005	Function	GetModuleFileNameA	KERNEL32.DLL::GetModuleFileNameA	KERNEL32.DLL	IMPORTED	true	true	false
EXTERNAL:00000006	Function	VirtualAlloc	KERNEL32.DLL::VirtualAlloc	KERNEL32.DLL	IMPORTED	true	true	false
EXTERNAL:00000007	Label	GetOEMCP	KERNEL32.DLL::GetOEMCP	KERNEL32.DLL	IMPORTED	true	true	false
EXTERNAL:00000008	Label	GetACP	KERNEL32.DLL::GetACP	KERNEL32.DLL	IMPORTED	true	true	false
EXTERNAL:00000009	Function	GetLocaleInfoW	KERNEL32.DLL::GetLocaleInfoW	KERNEL32.DLL	IMPORTED	true	true	false
EXTERNAL:0000000a	Function	GetLocaleInfoA	KERNEL32.DLL::GetLocaleInfoA	KERNEL32.DLL	IMPORTED	true	true	false
EXTERNAL:0000000b	Function	HeapAlloc	KERNEL32.DLL::HeapAlloc	KERNEL32.DLL	IMPORTED	true	true	false
EXTERNAL:0000000c	Function	ExitProcess	KERNEL32.DLL::ExitProcess	KERNEL32.DLL	IMPORTED	true	true	false
EXTERNAL:0000000d	Function	TerminateProcess	KERNEL32.DLL::TerminateProcess	KERNEL32.DLL	IMPORTED	true	true	false
EXTERNAL:0000000e	Function	GetCurrentProcess	KERNEL32.DLL::GetCurrentProcess	KERNEL32.DLL	IMPORTED	true	true	false
EXTERNAL:0000000f	Function	GetCommandLineA	KERNEL32.DLL::GetCommandLineA	KERNEL32.DLL	IMPORTED	true	true	false
EXTERNAL:00000010	Function	GetProcAddress	KERNEL32.DLL::GetProcAddress	KERNEL32.DLL	IMPORTED	true	true	false
EXTERNAL:00000011	Function	GetVersion	KERNEL32.DLL::GetVersion	KERNEL32.DLL	IMPORTED	true	true	false
EXTERNAL:00000012	Function	HeapFree	KERNEL32.DLL::HeapFree	KERNEL32.DLL	IMPORTED	true	true	false
EXTERNAL:00000013	Function	GetLastError	KERNEL32.DLL::GetLastError	KERNEL32.DLL	IMPORTED	true	true	false
EXTERNAL:00000014	Function	CloseHandle	KERNEL32.DLL::CloseHandle	KERNEL32.DLL	IMPORTED	true	true	false
EXTERNAL:00000015	Function	SetHandleCount	KERNEL32.DLL::SetHandleCount	KERNEL32.DLL	IMPORTED	true	true	false
EXTERNAL:00000016	Function	GetFileType	KERNEL32.DLL::GetFileType	KERNEL32.DLL	IMPORTED	true	true	false
EXTERNAL:00000017	Function	GetStdHandle	KERNEL32.DLL::GetStdHandle	KERNEL32.DLL	IMPORTED	true	true	false
EXTERNAL:00000018	Function	GetStartupInfoA	KERNEL32.DLL::GetStartupInfoA	KERNEL32.DLL	IMPORTED	true	true	false
EXTERNAL:00000019	Function	ReadFile	KERNEL32.DLL::ReadFile	KERNEL32.DLL	IMPORTED	true	true	false
EXTERNAL:0000001a	Function	HeapDestroy	KERNEL32.DLL::HeapDestroy	KERNEL32.DLL	IMPORTED	true	true	false
EXTERNAL:0000001b	Function	HeapCreate	KERNEL32.DLL::HeapCreate	KERNEL32.DLL	IMPORTED	true	true	false
EXTERNAL:0000001c	Function	VirtualFree	KERNEL32.DLL::VirtualFree	KERNEL32.DLL	IMPORTED	true	true	false
EXTERNAL:0000001d	Function	LCMapStringA	KERNEL32.DLL::LCMapStringA	KERNEL32.DLL	IMPORTED	true	true	false
EXTERNAL:0000001e	Function	WideCharToMultiByte	KERNEL32.DLL::WideCharToMultiByte	KERNEL32.DLL	IMPORTED	true	true	false
EXTERNAL:0000001f	Function	GetCPInfo	KERNEL32.DLL::GetCPInfo	KERNEL32.DLL	IMPORTED	true	true	false
EXTERNAL:00000020	Function	HeapReAlloc	KERNEL32.DLL::HeapReAlloc	KERNEL32.DLL	IMPORTED	true	true	false
EXTERNAL:00000021	Function	SetEnvironmentVariableW	KERNEL32.DLL::SetEnvironmentVariableW	KERNEL32.DLL	IMPORTED	true	true	false
EXTERNAL:00000022	Function	FreeEnvironmentStringsA	KERNEL32.DLL::FreeEnvironmentStringsA	KERNEL32.DLL	IMPORTED	true	true	false
EXTERNAL:00000023	Function	MultiByteToWideChar	KERNEL32.DLL::MultiByteToWideChar	KERNEL32.DLL	IMPORTED	true	true	false
EXTERNAL:00000024	Function	GetEnvironmentStrings	KERNEL32.DLL::GetEnvironmentStrings	KERNEL32.DLL	IMPORTED	true	true	false
EXTERNAL:00000025	Function	FreeEnvironmentStringsW	KERNEL32.DLL::FreeEnvironmentStringsW	KERNEL32.DLL	IMPORTED	true	true	false
EXTERNAL:00000026	Function	GetEnvironmentStringsW	KERNEL32.DLL::GetEnvironmentStringsW	KERNEL32.DLL	IMPORTED	true	true	false
EXTERNAL:00000027	Function	DisableThreadLibraryCalls	KERNEL32.DLL::DisableThreadLibraryCalls	KERNEL32.DLL	IMPORTED	true	true	false
EXTERNAL:00000028	Function	WriteFile	KERNEL32.DLL::WriteFile	KERNEL32.DLL	IMPORTED	true	true	false
EXTERNAL:00000029	Function	FlushFileBuffers	KERNEL32.DLL::FlushFileBuffers	KERNEL32.DLL	IMPORTED	true	true	false
EXTERNAL:0000002a	Function	CompareStringA	KERNEL32.DLL::CompareStringA	KERNEL32.DLL	IMPORTED	true	true	false
EXTERNAL:0000002b	Function	LCMapStringW	KERNEL32.DLL::LCMapStringW	KERNEL32.DLL	IMPORTED	true	true	false
EXTERNAL:0000002c	Function	GetStringTypeA	KERNEL32.DLL::GetStringTypeA	KERNEL32.DLL	IMPORTED	true	true	false
EXTERNAL:0000002d	Function	GetStringTypeW	KERNEL32.DLL::GetStringTypeW	KERNEL32.DLL	IMPORTED	true	true	false
EXTERNAL:0000002e	Function	SetStdHandle	KERNEL32.DLL::SetStdHandle	KERNEL32.DLL	IMPORTED	true	true	false
EXTERNAL:0000002f	Function	SetFilePointer	KERNEL32.DLL::SetFilePointer	KERNEL32.DLL	IMPORTED	true	true	false
EXTERNAL:00000030	Function	CompareStringW	KERNEL32.DLL::CompareStringW	KERNEL32.DLL	IMPORTED	true	true	false
EXTERNAL:00000031	Function	SetEnvironmentVariableA	KERNEL32.DLL::SetEnvironmentVariableA	KERNEL32.DLL	IMPORTED	true	true	false
EXTERNAL:00000032	Function	LoadLibraryA	KERNEL32.DLL::LoadLibraryA	KERNEL32.DLL	IMPORTED	true	true	false
EXTERNAL:00000033	Function	SetEndOfFile	KERNEL32.DLL::SetEndOfFile	KERNEL32.DLL	IMPORTED	true	true	false
EXTERNAL:00000034	Function	RaiseException	KERNEL32.DLL::RaiseException	KERNEL32.DLL	IMPORTED	true	true	false
EXTERNAL:00000035	Function	MessageBoxA	USER32.DLL::MessageBoxA	USER32.DLL	IMPORTED	true	true	false
EXTERNAL:00000036	Function	GetActiveWindow	USER32.DLL::GetActiveWindow	USER32.DLL	IMPORTED	true	true	false
EXTERNAL:00000037	Function	GetClientRect	USER32.DLL::GetClientRect	USER32.DLL	IMPORTED	true	true	false
EXTERNAL:00000038	Function	ClientToScreen	USER32.DLL::ClientToScreen	USER32.DLL	IMPORTED	true	true	false
10001000	Function	FUN_10001000	FUN_10001000	Global	DEFAULT	true	false	false
10001009	Label	switchD	switchD_10001009::switchD	switchD_10001009	ANALYSIS	true	false	false
10001010	Label	caseD_0	switchD_10001009::caseD_0	switchD_10001009	ANALYSIS	true	false	false
10001022	Label	caseD_1	switchD_10001009::caseD_1	switchD_10001009	ANALYSIS	true	false	false
10001034	Label	caseD_2	switchD_10001009::caseD_2	switchD_10001009	ANALYSIS	true	false	false
1000104d	Label	caseD_3	switchD_10001009::caseD_3	switchD_10001009	ANALYSIS	true	false	false
1000105f	Label	caseD_4	switchD_10001009::caseD_4	switchD_10001009	ANALYSIS	true	false	false
10001077	Label	default	switchD_10001009::default	switchD_10001009	ANALYSIS	true	false	false
10001078	Label	switchdataD_10001078	switchD_10001009::switchdataD_10001078	switchD_10001009	ANALYSIS	true	false	false
10001090	Label	Ordinal_59	Ordinal_59	Global	IMPORTED	false	false	true
10001090	Function	grSplash	grSplash	Global	ANALYSIS	true	false	true
10001090	Label	_grSplash@20	_grSplash@20	Global	IMPORTED	false	false	true
100015f0	Function	FUN_100015f0	FUN_100015f0	Global	DEFAULT	true	false	false
10001650	Function	FUN_10001650	FUN_10001650	Global	DEFAULT	true	false	false
100016d0	Function	FUN_100016d0	FUN_100016d0	Global	DEFAULT	true	false	false
100016e8	Label	switchD	switchD_100016e8::switchD	switchD_100016e8	ANALYSIS	true	false	false
100016ef	Label	caseD_1	switchD_100016e8::caseD_1	switchD_100016e8	ANALYSIS	true	false	false
100016ef	Label	caseD_9	switchD_100016e8::caseD_9	switchD_100016e8	ANALYSIS	false	false	false
100016f2	Label	caseD_5	switchD_100016e8::caseD_5	switchD_100016e8	ANALYSIS	true	false	false
100016f2	Label	caseD_e	switchD_100016e8::caseD_e	switchD_100016e8	ANALYSIS	false	false	false
100016f7	Label	caseD_2	switchD_100016e8::caseD_2	switchD_100016e8	ANALYSIS	true	false	false
100016f7	Label	caseD_3	switchD_100016e8::caseD_3	switchD_100016e8	ANALYSIS	false	false	false
100016f7	Label	caseD_4	switchD_100016e8::caseD_4	switchD_100016e8	ANALYSIS	false	false	false
100016f7	Label	caseD_6	switchD_100016e8::caseD_6	switchD_100016e8	ANALYSIS	false	false	false
100016f7	Label	caseD_7	switchD_100016e8::caseD_7	switchD_100016e8	ANALYSIS	false	false	false
100016f7	Label	caseD_8	switchD_100016e8::caseD_8	switchD_100016e8	ANALYSIS	false	false	false
100016f7	Label	caseD_a	switchD_100016e8::caseD_a	switchD_100016e8	ANALYSIS	false	false	false
100016f7	Label	caseD_b	switchD_100016e8::caseD_b	switchD_100016e8	ANALYSIS	false	false	false
100016f7	Label	caseD_c	switchD_100016e8::caseD_c	switchD_100016e8	ANALYSIS	false	false	false
100016f7	Label	caseD_d	switchD_100016e8::caseD_d	switchD_100016e8	ANALYSIS	false	false	false
100016f8	Label	switchdataD_100016f8	switchD_100016e8::switchdataD_100016f8	switchD_100016e8	ANALYSIS	true	false	false
1000170c	Label	switchdataD_1000170c	switchD_100016e8::switchdataD_1000170c	switchD_100016e8	ANALYSIS	true	false	false
10001720	Function	FUN_10001720	FUN_10001720	Global	DEFAULT	true	false	false
10001800	Function	FUN_10001800	FUN_10001800	Global	DEFAULT	true	false	false
10001870	Function	FUN_10001870	FUN_10001870	Global	DEFAULT	true	false	false
100018d0	Function	FUN_100018d0	FUN_100018d0	Global	DEFAULT	true	false	false
10001cb0	Function	FUN_10001cb0	FUN_10001cb0	Global	DEFAULT	true	false	false
10001d00	Function	FUN_10001d00	FUN_10001d00	Global	DEFAULT	true	false	false
10001d0d	Label	switchD	switchD_10001d0d::switchD	switchD_10001d0d	ANALYSIS	true	false	false
10001d14	Label	caseD_0	switchD_10001d0d::caseD_0	switchD_10001d0d	ANALYSIS	true	false	false
10001d83	Label	caseD_1	switchD_10001d0d::caseD_1	switchD_10001d0d	ANALYSIS	true	false	false
10001dd7	Label	caseD_2	switchD_10001d0d::caseD_2	switchD_10001d0d	ANALYSIS	true	false	false
10001dd7	Label	caseD_3	switchD_10001d0d::caseD_3	switchD_10001d0d	ANALYSIS	false	false	false
10001dd7	Label	caseD_4	switchD_10001d0d::caseD_4	switchD_10001d0d	ANALYSIS	false	false	false
10001df0	Label	default	switchD_10001d0d::default	switchD_10001d0d	ANALYSIS	true	false	false
10001df4	Label	switchdataD_10001df4	switchD_10001d0d::switchdataD_10001df4	switchD_10001d0d	ANALYSIS	true	false	false
10001e10	Function	FUN_10001e10	FUN_10001e10	Global	DEFAULT	true	false	false
10002140	Function	FUN_10002140	FUN_10002140	Global	DEFAULT	true	false	false
10002180	Function	FUN_10002180	FUN_10002180	Global	DEFAULT	true	false	false
100021a0	Label	Ordinal_99	Ordinal_99	Global	IMPORTED	false	false	true
100021a0	Function	gu3dfGetInfo	gu3dfGetInfo	Global	ANALYSIS	true	false	true
100021a0	Label	_gu3dfGetInfo@8	_gu3dfGetInfo@8	Global	IMPORTED	false	false	true
10002494	Label	switchD	switchD_10002494::switchD	switchD_10002494	ANALYSIS	true	false	false
100024bf	Label	caseD_10	switchD_10002494::caseD_10	switchD_10002494	ANALYSIS	true	false	false
100024c8	Label	caseD_20	switchD_10002494::caseD_20	switchD_10002494	ANALYSIS	true	false	false
100024d1	Label	caseD_40	switchD_10002494::caseD_40	switchD_10002494	ANALYSIS	true	false	false
100024da	Label	caseD_80	switchD_10002494::caseD_80	switchD_10002494	ANALYSIS	true	false	false
100024e3	Label	caseD_100	switchD_10002494::caseD_100	switchD_10002494	ANALYSIS	true	false	false
100024ea	Label	caseD_11	switchD_10002494::caseD_11	switchD_10002494	ANALYSIS	true	false	false
100024ea	Label	caseD_12	switchD_10002494::caseD_12	switchD_10002494	ANALYSIS	false	false	false
100024ea	Label	caseD_13	switchD_10002494::caseD_13	switchD_10002494	ANALYSIS	false	false	false
100024ea	Label	caseD_14	switchD_10002494::caseD_14	switchD_10002494	ANALYSIS	false	false	false
100024ea	Label	caseD_15	switchD_10002494::caseD_15	switchD_10002494	ANALYSIS	false	false	false
100024ea	Label	caseD_16	switchD_10002494::caseD_16	switchD_10002494	ANALYSIS	false	false	false
100024ea	Label	caseD_17	switchD_10002494::caseD_17	switchD_10002494	ANALYSIS	false	false	false
100024ea	Label	caseD_18	switchD_10002494::caseD_18	switchD_10002494	ANALYSIS	false	false	false
100024ea	Label	caseD_19	switchD_10002494::caseD_19	switchD_10002494	ANALYSIS	false	false	false
100024ea	Label	caseD_1a	switchD_10002494::caseD_1a	switchD_10002494	ANALYSIS	false	false	false
100024ea	Label	caseD_1b	switchD_10002494::caseD_1b	switchD_10002494	ANALYSIS	false	false	false
100024ea	Label	caseD_1c	switchD_10002494::caseD_1c	switchD_10002494	ANALYSIS	false	false	false
100024ea	Label	caseD_1d	switchD_10002494::caseD_1d	switchD_10002494	ANALYSIS	false	false	false
100024ea	Label	caseD_1e	switchD_10002494::caseD_1e	switchD_10002494	ANALYSIS	false	false	false
100024ea	Label	caseD_1f	switchD_10002494::caseD_1f	switchD_10002494	ANALYSIS	false	false	false
100024ea	Label	caseD_21	switchD_10002494::caseD_21	switchD_10002494	ANALYSIS	false	false	false
100024ea	Label	caseD_22	switchD_10002494::caseD_22	switchD_10002494	ANALYSIS	false	false	false
100024ea	Label	caseD_23	switchD_10002494::caseD_23	switchD_10002494	ANALYSIS	false	false	false
100024ea	Label	caseD_24	switchD_10002494::caseD_24	switchD_10002494	ANALYSIS	false	false	false
100024ea	Label	caseD_25	switchD_10002494::caseD_25	switchD_10002494	ANALYSIS	false	false	false
100024ea	Label	caseD_26	switchD_10002494::caseD_26	switchD_10002494	ANALYSIS	false	false	false
100024ea	Label	caseD_27	switchD_10002494::caseD_27	switchD_10002494	ANALYSIS	false	false	false
100024ea	Label	caseD_28	switchD_10002494::caseD_28	switchD_10002494	ANALYSIS	false	false	false
100024ea	Label	caseD_29	switchD_10002494::caseD_29	switchD_10002494	ANALYSIS	false	false	false
100024ea	Label	caseD_2a	switchD_10002494::caseD_2a	switchD_10002494	ANALYSIS	false	false	false
100024ea	Label	caseD_2b	switchD_10002494::caseD_2b	switchD_10002494	ANALYSIS	false	false	false
100024ea	Label	caseD_2c	switchD_10002494::caseD_2c	switchD_10002494	ANALYSIS	false	false	false
100024ea	Label	caseD_2d	switchD_10002494::caseD_2d	switchD_10002494	ANALYSIS	false	false	false
100024ea	Label	caseD_2e	switchD_10002494::caseD_2e	switchD_10002494	ANALYSIS	false	false	false
100024ea	Label	caseD_2f	switchD_10002494::caseD_2f	switchD_10002494	ANALYSIS	false	false	false
100024ea	Label	caseD_30	switchD_10002494::caseD_30	switchD_10002494	ANALYSIS	false	false	false
100024ea	Label	caseD_31	switchD_10002494::caseD_31	switchD_10002494	ANALYSIS	false	false	false
100024ea	Label	caseD_32	switchD_10002494::caseD_32	switchD_10002494	ANALYSIS	false	false	false
100024ea	Label	caseD_33	switchD_10002494::caseD_33	switchD_10002494	ANALYSIS	false	false	false
100024ea	Label	caseD_34	switchD_10002494::caseD_34	switchD_10002494	ANALYSIS	false	false	false
100024ea	Label	caseD_35	switchD_10002494::caseD_35	switchD_10002494	ANALYSIS	false	false	false
100024ea	Label	caseD_36	switchD_10002494::caseD_36	switchD_10002494	ANALYSIS	false	false	false
100024ea	Label	caseD_37	switchD_10002494::caseD_37	switchD_10002494	ANALYSIS	false	false	false
100024ea	Label	caseD_38	switchD_10002494::caseD_38	switchD_10002494	ANALYSIS	false	false	false
100024ea	Label	caseD_39	switchD_10002494::caseD_39	switchD_10002494	ANALYSIS	false	false	false
100024ea	Label	caseD_3a	switchD_10002494::caseD_3a	switchD_10002494	ANALYSIS	false	false	false
100024ea	Label	caseD_3b	switchD_10002494::caseD_3b	switchD_10002494	ANALYSIS	false	false	false
100024ea	Label	caseD_3c	switchD_10002494::caseD_3c	switchD_10002494	ANALYSIS	false	false	false
100024ea	Label	caseD_3d	switchD_10002494::caseD_3d	switchD_10002494	ANALYSIS	false	false	false
100024ea	Label	caseD_3e	switchD_10002494::caseD_3e	switchD_10002494	ANALYSIS	false	false	false
100024ea	Label	caseD_3f	switchD_10002494::caseD_3f	switchD_10002494	ANALYSIS	false	false	false
100024ea	Label	caseD_41	switchD_10002494::caseD_41	switchD_10002494	ANALYSIS	false	false	false
100024ea	Label	caseD_42	switchD_10002494::caseD_42	switchD_10002494	ANALYSIS	false	false	false
100024ea	Label	caseD_43	switchD_10002494::caseD_43	switchD_10002494	ANALYSIS	false	false	false
100024ea	Label	caseD_44	switchD_10002494::caseD_44	switchD_10002494	ANALYSIS	false	false	false
100024ea	Label	caseD_45	switchD_10002494::caseD_45	switchD_10002494	ANALYSIS	false	false	false
100024ea	Label	caseD_46	switchD_10002494::caseD_46	switchD_10002494	ANALYSIS	false	false	false
100024ea	Label	caseD_47	switchD_10002494::caseD_47	switchD_10002494	ANALYSIS	false	false	false
100024ea	Label	caseD_48	switchD_10002494::caseD_48	switchD_10002494	ANALYSIS	false	false	false
100024ea	Label	caseD_49	switchD_10002494::caseD_49	switchD_10002494	ANALYSIS	false	false	false
100024ea	Label	caseD_4a	switchD_10002494::caseD_4a	switchD_10002494	ANALYSIS	false	false	false
100024ea	Label	caseD_4b	switchD_10002494::caseD_4b	switchD_10002494	ANALYSIS	false	false	false
100024ea	Label	caseD_4c	switchD_10002494::caseD_4c	switchD_10002494	ANALYSIS	false	false	false
100024ea	Label	caseD_4d	switchD_10002494::caseD_4d	switchD_10002494	ANALYSIS	false	false	false
100024ea	Label	caseD_4e	switchD_10002494::caseD_4e	switchD_10002494	ANALYSIS	false	false	false
100024ea	Label	caseD_4f	switchD_10002494::caseD_4f	switchD_10002494	ANALYSIS	false	false	false
100024ea	Label	caseD_50	switchD_10002494::caseD_50	switchD_10002494	ANALYSIS	false	false	false
100024ea	Label	caseD_51	switchD_10002494::caseD_51	switchD_10002494	ANALYSIS	false	false	false
100024ea	Label	caseD_52	switchD_10002494::caseD_52	switchD_10002494	ANALYSIS	false	false	false
100024ea	Label	caseD_53	switchD_10002494::caseD_53	switchD_10002494	ANALYSIS	false	false	false
100024ea	Label	caseD_54	switchD_10002494::caseD_54	switchD_10002494	ANALYSIS	false	false	false
100024ea	Label	caseD_55	switchD_10002494::caseD_55	switchD_10002494	ANALYSIS	false	false	false
100024ea	Label	caseD_56	switchD_10002494::caseD_56	switchD_10002494	ANALYSIS	false	false	false
100024ea	Label	caseD_57	switchD_10002494::caseD_57	switchD_10002494	ANALYSIS	false	false	false
100024ea	Label	caseD_58	switchD_10002494::caseD_58	switchD_10002494	ANALYSIS	false	false	false
100024ea	Label	caseD_59	switchD_10002494::caseD_59	switchD_10002494	ANALYSIS	false	false	false
100024ea	Label	caseD_5a	switchD_10002494::caseD_5a	switchD_10002494	ANALYSIS	false	false	false
100024ea	Label	caseD_5b	switchD_10002494::caseD_5b	switchD_10002494	ANALYSIS	false	false	false
100024ea	Label	caseD_5c	switchD_10002494::caseD_5c	switchD_10002494	ANALYSIS	false	false	false
100024ea	Label	caseD_5d	switchD_10002494::caseD_5d	switchD_10002494	ANALYSIS	false	false	false
100024ea	Label	caseD_5e	switchD_10002494::caseD_5e	switchD_10002494	ANALYSIS	false	false	false
100024ea	Label	caseD_5f	switchD_10002494::caseD_5f	switchD_10002494	ANALYSIS	false	false	false
100024ea	Label	caseD_60	switchD_10002494::caseD_60	switchD_10002494	ANALYSIS	false	false	false
100024ea	Label	caseD_61	switchD_10002494::caseD_61	switchD_10002494	ANALYSIS	false	false	false
100024ea	Label	caseD_62	switchD_10002494::caseD_62	switchD_10002494	ANALYSIS	false	false	false
100024ea	Label	caseD_63	switchD_10002494::caseD_63	switchD_10002494	ANALYSIS	false	false	false
100024ea	Label	caseD_64	switchD_10002494::caseD_64	switchD_10002494	ANALYSIS	false	false	false
100024ea	Label	caseD_65	switchD_10002494::caseD_65	switchD_10002494	ANALYSIS	false	false	false
100024ea	Label	caseD_66	switchD_10002494::caseD_66	switchD_10002494	ANALYSIS	false	false	false
100024ea	Label	caseD_67	switchD_10002494::caseD_67	switchD_10002494	ANALYSIS	false	false	false
100024ea	Label	caseD_68	switchD_10002494::caseD_68	switchD_10002494	ANALYSIS	false	false	false
100024ea	Label	caseD_69	switchD_10002494::caseD_69	switchD_10002494	ANALYSIS	false	false	false
100024ea	Label	caseD_6a	switchD_10002494::caseD_6a	switchD_10002494	ANALYSIS	false	false	false
100024ea	Label	caseD_6b	switchD_10002494::caseD_6b	switchD_10002494	ANALYSIS	false	false	false
100024ea	Label	caseD_6c	switchD_10002494::caseD_6c	switchD_10002494	ANALYSIS	false	false	false
100024ea	Label	caseD_6d	switchD_10002494::caseD_6d	switchD_10002494	ANALYSIS	false	false	false
100024ea	Label	caseD_6e	switchD_10002494::caseD_6e	switchD_10002494	ANALYSIS	false	false	false
100024ea	Label	caseD_6f	switchD_10002494::caseD_6f	switchD_10002494	ANALYSIS	false	false	false
100024ea	Label	caseD_70	switchD_10002494::caseD_70	switchD_10002494	ANALYSIS	false	false	false
100024ea	Label	caseD_71	switchD_10002494::caseD_71	switchD_10002494	ANALYSIS	false	false	false
100024ea	Label	caseD_72	switchD_10002494::caseD_72	switchD_10002494	ANALYSIS	false	false	false
100024ea	Label	caseD_73	switchD_10002494::caseD_73	switchD_10002494	ANALYSIS	false	false	false
100024ea	Label	caseD_74	switchD_10002494::caseD_74	switchD_10002494	ANALYSIS	false	false	false
100024ea	Label	caseD_75	switchD_10002494::caseD_75	switchD_10002494	ANALYSIS	false	false	false
100024ea	Label	caseD_76	switchD_10002494::caseD_76	switchD_10002494	ANALYSIS	false	false	false
100024ea	Label	caseD_77	switchD_10002494::caseD_77	switchD_10002494	ANALYSIS	false	false	false
100024ea	Label	caseD_78	switchD_10002494::caseD_78	switchD_10002494	ANALYSIS	false	false	false
100024ea	Label	caseD_79	switchD_10002494::caseD_79	switchD_10002494	ANALYSIS	false	false	false
100024ea	Label	caseD_7a	switchD_10002494::caseD_7a	switchD_10002494	ANALYSIS	false	false	false
100024ea	Label	caseD_7b	switchD_10002494::caseD_7b	switchD_10002494	ANALYSIS	false	false	false
100024ea	Label	caseD_7c	switchD_10002494::caseD_7c	switchD_10002494	ANALYSIS	false	false	false
100024ea	Label	caseD_7d	switchD_10002494::caseD_7d	switchD_10002494	ANALYSIS	false	false	false
100024ea	Label	caseD_7e	switchD_10002494::caseD_7e	switchD_10002494	ANALYSIS	false	false	false
100024ea	Label	caseD_7f	switchD_10002494::caseD_7f	switchD_10002494	ANALYSIS	false	false	false
100024ea	Label	caseD_81	switchD_10002494::caseD_81	switchD_10002494	ANALYSIS	false	false	false
100024ea	Label	caseD_82	switchD_10002494::caseD_82	switchD_10002494	ANALYSIS	false	false	false
100024ea	Label	caseD_83	switchD_10002494::caseD_83	switchD_10002494	ANALYSIS	false	false	false
100024ea	Label	caseD_84	switchD_10002494::caseD_84	switchD_10002494	ANALYSIS	false	false	false
100024ea	Label	caseD_85	switchD_10002494::caseD_85	switchD_10002494	ANALYSIS	false	false	false
100024ea	Label	caseD_86	switchD_10002494::caseD_86	switchD_10002494	ANALYSIS	false	false	false
100024ea	Label	caseD_87	switchD_10002494::caseD_87	switchD_10002494	ANALYSIS	false	false	false
100024ea	Label	caseD_88	switchD_10002494::caseD_88	switchD_10002494	ANALYSIS	false	false	false
100024ea	Label	caseD_89	switchD_10002494::caseD_89	switchD_10002494	ANALYSIS	false	false	false
100024ea	Label	caseD_8a	switchD_10002494::caseD_8a	switchD_10002494	ANALYSIS	false	false	false
100024ea	Label	caseD_8b	switchD_10002494::caseD_8b	switchD_10002494	ANALYSIS	false	false	false
100024ea	Label	caseD_8c	switchD_10002494::caseD_8c	switchD_10002494	ANALYSIS	false	false	false
100024ea	Label	caseD_8d	switchD_10002494::caseD_8d	switchD_10002494	ANALYSIS	false	false	false
100024ea	Label	caseD_8e	switchD_10002494::caseD_8e	switchD_10002494	ANALYSIS	false	false	false
100024ea	Label	caseD_8f	switchD_10002494::caseD_8f	switchD_10002494	ANALYSIS	false	false	false
100024ea	Label	caseD_90	switchD_10002494::caseD_90	switchD_10002494	ANALYSIS	false	false	false
100024ea	Label	caseD_91	switchD_10002494::caseD_91	switchD_10002494	ANALYSIS	false	false	false
100024ea	Label	caseD_92	switchD_10002494::caseD_92	switchD_10002494	ANALYSIS	false	false	false
100024ea	Label	caseD_93	switchD_10002494::caseD_93	switchD_10002494	ANALYSIS	false	false	false
100024ea	Label	caseD_94	switchD_10002494::caseD_94	switchD_10002494	ANALYSIS	false	false	false
100024ea	Label	caseD_95	switchD_10002494::caseD_95	switchD_10002494	ANALYSIS	false	false	false
100024ea	Label	caseD_96	switchD_10002494::caseD_96	switchD_10002494	ANALYSIS	false	false	false
100024ea	Label	caseD_97	switchD_10002494::caseD_97	switchD_10002494	ANALYSIS	false	false	false
100024ea	Label	caseD_98	switchD_10002494::caseD_98	switchD_10002494	ANALYSIS	false	false	false
100024ea	Label	caseD_99	switchD_10002494::caseD_99	switchD_10002494	ANALYSIS	false	false	false
100024ea	Label	caseD_9a	switchD_10002494::caseD_9a	switchD_10002494	ANALYSIS	false	false	false
100024ea	Label	caseD_9b	switchD_10002494::caseD_9b	switchD_10002494	ANALYSIS	false	false	false
100024ea	Label	caseD_9c	switchD_10002494::caseD_9c	switchD_10002494	ANALYSIS	false	false	false
100024ea	Label	caseD_9d	switchD_10002494::caseD_9d	switchD_10002494	ANALYSIS	false	false	false
100024ea	Label	caseD_9e	switchD_10002494::caseD_9e	switchD_10002494	ANALYSIS	false	false	false
100024ea	Label	caseD_9f	switchD_10002494::caseD_9f	switchD_10002494	ANALYSIS	false	false	false
100024ea	Label	caseD_a0	switchD_10002494::caseD_a0	switchD_10002494	ANALYSIS	false	false	false
100024ea	Label	caseD_a1	switchD_10002494::caseD_a1	switchD_10002494	ANALYSIS	false	false	false
100024ea	Label	caseD_a2	switchD_10002494::caseD_a2	switchD_10002494	ANALYSIS	false	false	false
100024ea	Label	caseD_a3	switchD_10002494::caseD_a3	switchD_10002494	ANALYSIS	false	false	false
100024ea	Label	caseD_a4	switchD_10002494::caseD_a4	switchD_10002494	ANALYSIS	false	false	false
100024ea	Label	caseD_a5	switchD_10002494::caseD_a5	switchD_10002494	ANALYSIS	false	false	false
100024ea	Label	caseD_a6	switchD_10002494::caseD_a6	switchD_10002494	ANALYSIS	false	false	false
100024ea	Label	caseD_a7	switchD_10002494::caseD_a7	switchD_10002494	ANALYSIS	false	false	false
100024ea	Label	caseD_a8	switchD_10002494::caseD_a8	switchD_10002494	ANALYSIS	false	false	false
100024ea	Label	caseD_a9	switchD_10002494::caseD_a9	switchD_10002494	ANALYSIS	false	false	false
100024ea	Label	caseD_aa	switchD_10002494::caseD_aa	switchD_10002494	ANALYSIS	false	false	false
100024ea	Label	caseD_ab	switchD_10002494::caseD_ab	switchD_10002494	ANALYSIS	false	false	false
100024ea	Label	caseD_ac	switchD_10002494::caseD_ac	switchD_10002494	ANALYSIS	false	false	false
100024ea	Label	caseD_ad	switchD_10002494::caseD_ad	switchD_10002494	ANALYSIS	false	false	false
100024ea	Label	caseD_ae	switchD_10002494::caseD_ae	switchD_10002494	ANALYSIS	false	false	false
100024ea	Label	caseD_af	switchD_10002494::caseD_af	switchD_10002494	ANALYSIS	false	false	false
100024ea	Label	caseD_b0	switchD_10002494::caseD_b0	switchD_10002494	ANALYSIS	false	false	false
100024ea	Label	caseD_b1	switchD_10002494::caseD_b1	switchD_10002494	ANALYSIS	false	false	false
100024ea	Label	caseD_b2	switchD_10002494::caseD_b2	switchD_10002494	ANALYSIS	false	false	false
100024ea	Label	caseD_b3	switchD_10002494::caseD_b3	switchD_10002494	ANALYSIS	false	false	false
100024ea	Label	caseD_b4	switchD_10002494::caseD_b4	switchD_10002494	ANALYSIS	false	false	false
100024ea	Label	caseD_b5	switchD_10002494::caseD_b5	switchD_10002494	ANALYSIS	false	false	false
100024ea	Label	caseD_b6	switchD_10002494::caseD_b6	switchD_10002494	ANALYSIS	false	false	false
100024ea	Label	caseD_b7	switchD_10002494::caseD_b7	switchD_10002494	ANALYSIS	false	false	false
100024ea	Label	caseD_b8	switchD_10002494::caseD_b8	switchD_10002494	ANALYSIS	false	false	false
100024ea	Label	caseD_b9	switchD_10002494::caseD_b9	switchD_10002494	ANALYSIS	false	false	false
100024ea	Label	caseD_ba	switchD_10002494::caseD_ba	switchD_10002494	ANALYSIS	false	false	false
100024ea	Label	caseD_bb	switchD_10002494::caseD_bb	switchD_10002494	ANALYSIS	false	false	false
100024ea	Label	caseD_bc	switchD_10002494::caseD_bc	switchD_10002494	ANALYSIS	false	false	false
100024ea	Label	caseD_bd	switchD_10002494::caseD_bd	switchD_10002494	ANALYSIS	false	false	false
100024ea	Label	caseD_be	switchD_10002494::caseD_be	switchD_10002494	ANALYSIS	false	false	false
100024ea	Label	caseD_bf	switchD_10002494::caseD_bf	switchD_10002494	ANALYSIS	false	false	false
100024ea	Label	caseD_c0	switchD_10002494::caseD_c0	switchD_10002494	ANALYSIS	false	false	false
100024ea	Label	caseD_c1	switchD_10002494::caseD_c1	switchD_10002494	ANALYSIS	false	false	false
100024ea	Label	caseD_c2	switchD_10002494::caseD_c2	switchD_10002494	ANALYSIS	false	false	false
100024ea	Label	caseD_c3	switchD_10002494::caseD_c3	switchD_10002494	ANALYSIS	false	false	false
100024ea	Label	caseD_c4	switchD_10002494::caseD_c4	switchD_10002494	ANALYSIS	false	false	false
100024ea	Label	caseD_c5	switchD_10002494::caseD_c5	switchD_10002494	ANALYSIS	false	false	false
100024ea	Label	caseD_c6	switchD_10002494::caseD_c6	switchD_10002494	ANALYSIS	false	false	false
100024ea	Label	caseD_c7	switchD_10002494::caseD_c7	switchD_10002494	ANALYSIS	false	false	false
100024ea	Label	caseD_c8	switchD_10002494::caseD_c8	switchD_10002494	ANALYSIS	false	false	false
100024ea	Label	caseD_c9	switchD_10002494::caseD_c9	switchD_10002494	ANALYSIS	false	false	false
100024ea	Label	caseD_ca	switchD_10002494::caseD_ca	switchD_10002494	ANALYSIS	false	false	false
100024ea	Label	caseD_cb	switchD_10002494::caseD_cb	switchD_10002494	ANALYSIS	false	false	false
100024ea	Label	caseD_cc	switchD_10002494::caseD_cc	switchD_10002494	ANALYSIS	false	false	false
100024ea	Label	caseD_cd	switchD_10002494::caseD_cd	switchD_10002494	ANALYSIS	false	false	false
100024ea	Label	caseD_ce	switchD_10002494::caseD_ce	switchD_10002494	ANALYSIS	false	false	false
100024ea	Label	caseD_cf	switchD_10002494::caseD_cf	switchD_10002494	ANALYSIS	false	false	false
100024ea	Label	caseD_d0	switchD_10002494::caseD_d0	switchD_10002494	ANALYSIS	false	false	false
100024ea	Label	caseD_d1	switchD_10002494::caseD_d1	switchD_10002494	ANALYSIS	false	false	false
100024ea	Label	caseD_d2	switchD_10002494::caseD_d2	switchD_10002494	ANALYSIS	false	false	false
100024ea	Label	caseD_d3	switchD_10002494::caseD_d3	switchD_10002494	ANALYSIS	false	false	false
100024ea	Label	caseD_d4	switchD_10002494::caseD_d4	switchD_10002494	ANALYSIS	false	false	false
100024ea	Label	caseD_d5	switchD_10002494::caseD_d5	switchD_10002494	ANALYSIS	false	false	false
100024ea	Label	caseD_d6	switchD_10002494::caseD_d6	switchD_10002494	ANALYSIS	false	false	false
100024ea	Label	caseD_d7	switchD_10002494::caseD_d7	switchD_10002494	ANALYSIS	false	false	false
100024ea	Label	caseD_d8	switchD_10002494::caseD_d8	switchD_10002494	ANALYSIS	false	false	false
100024ea	Label	caseD_d9	switchD_10002494::caseD_d9	switchD_10002494	ANALYSIS	false	false	false
100024ea	Label	caseD_da	switchD_10002494::caseD_da	switchD_10002494	ANALYSIS	false	false	false
100024ea	Label	caseD_db	switchD_10002494::caseD_db	switchD_10002494	ANALYSIS	false	false	false
100024ea	Label	caseD_dc	switchD_10002494::caseD_dc	switchD_10002494	ANALYSIS	false	false	false
100024ea	Label	caseD_dd	switchD_10002494::caseD_dd	switchD_10002494	ANALYSIS	false	false	false
100024ea	Label	caseD_de	switchD_10002494::caseD_de	switchD_10002494	ANALYSIS	false	false	false
100024ea	Label	caseD_df	switchD_10002494::caseD_df	switchD_10002494	ANALYSIS	false	false	false
100024ea	Label	caseD_e0	switchD_10002494::caseD_e0	switchD_10002494	ANALYSIS	false	false	false
100024ea	Label	caseD_e1	switchD_10002494::caseD_e1	switchD_10002494	ANALYSIS	false	false	false
100024ea	Label	caseD_e2	switchD_10002494::caseD_e2	switchD_10002494	ANALYSIS	false	false	false
100024ea	Label	caseD_e3	switchD_10002494::caseD_e3	switchD_10002494	ANALYSIS	false	false	false
100024ea	Label	caseD_e4	switchD_10002494::caseD_e4	switchD_10002494	ANALYSIS	false	false	false
100024ea	Label	caseD_e5	switchD_10002494::caseD_e5	switchD_10002494	ANALYSIS	false	false	false
100024ea	Label	caseD_e6	switchD_10002494::caseD_e6	switchD_10002494	ANALYSIS	false	false	false
100024ea	Label	caseD_e7	switchD_10002494::caseD_e7	switchD_10002494	ANALYSIS	false	false	false
100024ea	Label	caseD_e8	switchD_10002494::caseD_e8	switchD_10002494	ANALYSIS	false	false	false
100024ea	Label	caseD_e9	switchD_10002494::caseD_e9	switchD_10002494	ANALYSIS	false	false	false
100024ea	Label	caseD_ea	switchD_10002494::caseD_ea	switchD_10002494	ANALYSIS	false	false	false
100024ea	Label	caseD_eb	switchD_10002494::caseD_eb	switchD_10002494	ANALYSIS	false	false	false
100024ea	Label	caseD_ec	switchD_10002494::caseD_ec	switchD_10002494	ANALYSIS	false	false	false
100024ea	Label	caseD_ed	switchD_10002494::caseD_ed	switchD_10002494	ANALYSIS	false	false	false
100024ea	Label	caseD_ee	switchD_10002494::caseD_ee	switchD_10002494	ANALYSIS	false	false	false
100024ea	Label	caseD_ef	switchD_10002494::caseD_ef	switchD_10002494	ANALYSIS	false	false	false
100024ea	Label	caseD_f0	switchD_10002494::caseD_f0	switchD_10002494	ANALYSIS	false	false	false
100024ea	Label	caseD_f1	switchD_10002494::caseD_f1	switchD_10002494	ANALYSIS	false	false	false
100024ea	Label	caseD_f2	switchD_10002494::caseD_f2	switchD_10002494	ANALYSIS	false	false	false
100024ea	Label	caseD_f3	switchD_10002494::caseD_f3	switchD_10002494	ANALYSIS	false	false	false
100024ea	Label	caseD_f4	switchD_10002494::caseD_f4	switchD_10002494	ANALYSIS	false	false	false
100024ea	Label	caseD_f5	switchD_10002494::caseD_f5	switchD_10002494	ANALYSIS	false	false	false
100024ea	Label	caseD_f6	switchD_10002494::caseD_f6	switchD_10002494	ANALYSIS	false	false	false
100024ea	Label	caseD_f7	switchD_10002494::caseD_f7	switchD_10002494	ANALYSIS	false	false	false
100024ea	Label	caseD_f8	switchD_10002494::caseD_f8	switchD_10002494	ANALYSIS	false	false	false
100024ea	Label	caseD_f9	switchD_10002494::caseD_f9	switchD_10002494	ANALYSIS	false	false	false
100024ea	Label	caseD_fa	switchD_10002494::caseD_fa	switchD_10002494	ANALYSIS	false	false	false
100024ea	Label	caseD_fb	switchD_10002494::caseD_fb	switchD_10002494	ANALYSIS	false	false	false
100024ea	Label	caseD_fc	switchD_10002494::caseD_fc	switchD_10002494	ANALYSIS	false	false	false
100024ea	Label	caseD_fd	switchD_10002494::caseD_fd	switchD_10002494	ANALYSIS	false	false	false
100024ea	Label	caseD_fe	switchD_10002494::caseD_fe	switchD_10002494	ANALYSIS	false	false	false
100024ea	Label	caseD_ff	switchD_10002494::caseD_ff	switchD_10002494	ANALYSIS	false	false	false
10002518	Label	switchD	switchD_10002518::switchD	switchD_10002518	ANALYSIS	true	false	false
10002543	Label	caseD_10	switchD_10002518::caseD_10	switchD_10002518	ANALYSIS	true	false	false
1000254c	Label	caseD_20	switchD_10002518::caseD_20	switchD_10002518	ANALYSIS	true	false	false
10002555	Label	caseD_40	switchD_10002518::caseD_40	switchD_10002518	ANALYSIS	true	false	false
1000255e	Label	caseD_80	switchD_10002518::caseD_80	switchD_10002518	ANALYSIS	true	false	false
10002567	Label	caseD_100	switchD_10002518::caseD_100	switchD_10002518	ANALYSIS	true	false	false
1000256e	Label	caseD_11	switchD_10002518::caseD_11	switchD_10002518	ANALYSIS	true	false	false
1000256e	Label	caseD_12	switchD_10002518::caseD_12	switchD_10002518	ANALYSIS	false	false	false
1000256e	Label	caseD_13	switchD_10002518::caseD_13	switchD_10002518	ANALYSIS	false	false	false
1000256e	Label	caseD_14	switchD_10002518::caseD_14	switchD_10002518	ANALYSIS	false	false	false
1000256e	Label	caseD_15	switchD_10002518::caseD_15	switchD_10002518	ANALYSIS	false	false	false
1000256e	Label	caseD_16	switchD_10002518::caseD_16	switchD_10002518	ANALYSIS	false	false	false
1000256e	Label	caseD_17	switchD_10002518::caseD_17	switchD_10002518	ANALYSIS	false	false	false
1000256e	Label	caseD_18	switchD_10002518::caseD_18	switchD_10002518	ANALYSIS	false	false	false
1000256e	Label	caseD_19	switchD_10002518::caseD_19	switchD_10002518	ANALYSIS	false	false	false
1000256e	Label	caseD_1a	switchD_10002518::caseD_1a	switchD_10002518	ANALYSIS	false	false	false
1000256e	Label	caseD_1b	switchD_10002518::caseD_1b	switchD_10002518	ANALYSIS	false	false	false
1000256e	Label	caseD_1c	switchD_10002518::caseD_1c	switchD_10002518	ANALYSIS	false	false	false
1000256e	Label	caseD_1d	switchD_10002518::caseD_1d	switchD_10002518	ANALYSIS	false	false	false
1000256e	Label	caseD_1e	switchD_10002518::caseD_1e	switchD_10002518	ANALYSIS	false	false	false
1000256e	Label	caseD_1f	switchD_10002518::caseD_1f	switchD_10002518	ANALYSIS	false	false	false
1000256e	Label	caseD_21	switchD_10002518::caseD_21	switchD_10002518	ANALYSIS	false	false	false
1000256e	Label	caseD_22	switchD_10002518::caseD_22	switchD_10002518	ANALYSIS	false	false	false
1000256e	Label	caseD_23	switchD_10002518::caseD_23	switchD_10002518	ANALYSIS	false	false	false
1000256e	Label	caseD_24	switchD_10002518::caseD_24	switchD_10002518	ANALYSIS	false	false	false
1000256e	Label	caseD_25	switchD_10002518::caseD_25	switchD_10002518	ANALYSIS	false	false	false
1000256e	Label	caseD_26	switchD_10002518::caseD_26	switchD_10002518	ANALYSIS	false	false	false
1000256e	Label	caseD_27	switchD_10002518::caseD_27	switchD_10002518	ANALYSIS	false	false	false
1000256e	Label	caseD_28	switchD_10002518::caseD_28	switchD_10002518	ANALYSIS	false	false	false
1000256e	Label	caseD_29	switchD_10002518::caseD_29	switchD_10002518	ANALYSIS	false	false	false
1000256e	Label	caseD_2a	switchD_10002518::caseD_2a	switchD_10002518	ANALYSIS	false	false	false
1000256e	Label	caseD_2b	switchD_10002518::caseD_2b	switchD_10002518	ANALYSIS	false	false	false
1000256e	Label	caseD_2c	switchD_10002518::caseD_2c	switchD_10002518	ANALYSIS	false	false	false
1000256e	Label	caseD_2d	switchD_10002518::caseD_2d	switchD_10002518	ANALYSIS	false	false	false
1000256e	Label	caseD_2e	switchD_10002518::caseD_2e	switchD_10002518	ANALYSIS	false	false	false
1000256e	Label	caseD_2f	switchD_10002518::caseD_2f	switchD_10002518	ANALYSIS	false	false	false
1000256e	Label	caseD_30	switchD_10002518::caseD_30	switchD_10002518	ANALYSIS	false	false	false
1000256e	Label	caseD_31	switchD_10002518::caseD_31	switchD_10002518	ANALYSIS	false	false	false
1000256e	Label	caseD_32	switchD_10002518::caseD_32	switchD_10002518	ANALYSIS	false	false	false
1000256e	Label	caseD_33	switchD_10002518::caseD_33	switchD_10002518	ANALYSIS	false	false	false
1000256e	Label	caseD_34	switchD_10002518::caseD_34	switchD_10002518	ANALYSIS	false	false	false
1000256e	Label	caseD_35	switchD_10002518::caseD_35	switchD_10002518	ANALYSIS	false	false	false
1000256e	Label	caseD_36	switchD_10002518::caseD_36	switchD_10002518	ANALYSIS	false	false	false
1000256e	Label	caseD_37	switchD_10002518::caseD_37	switchD_10002518	ANALYSIS	false	false	false
1000256e	Label	caseD_38	switchD_10002518::caseD_38	switchD_10002518	ANALYSIS	false	false	false
1000256e	Label	caseD_39	switchD_10002518::caseD_39	switchD_10002518	ANALYSIS	false	false	false
1000256e	Label	caseD_3a	switchD_10002518::caseD_3a	switchD_10002518	ANALYSIS	false	false	false
1000256e	Label	caseD_3b	switchD_10002518::caseD_3b	switchD_10002518	ANALYSIS	false	false	false
1000256e	Label	caseD_3c	switchD_10002518::caseD_3c	switchD_10002518	ANALYSIS	false	false	false
1000256e	Label	caseD_3d	switchD_10002518::caseD_3d	switchD_10002518	ANALYSIS	false	false	false
1000256e	Label	caseD_3e	switchD_10002518::caseD_3e	switchD_10002518	ANALYSIS	false	false	false
1000256e	Label	caseD_3f	switchD_10002518::caseD_3f	switchD_10002518	ANALYSIS	false	false	false
1000256e	Label	caseD_41	switchD_10002518::caseD_41	switchD_10002518	ANALYSIS	false	false	false
1000256e	Label	caseD_42	switchD_10002518::caseD_42	switchD_10002518	ANALYSIS	false	false	false
1000256e	Label	caseD_43	switchD_10002518::caseD_43	switchD_10002518	ANALYSIS	false	false	false
1000256e	Label	caseD_44	switchD_10002518::caseD_44	switchD_10002518	ANALYSIS	false	false	false
1000256e	Label	caseD_45	switchD_10002518::caseD_45	switchD_10002518	ANALYSIS	false	false	false
1000256e	Label	caseD_46	switchD_10002518::caseD_46	switchD_10002518	ANALYSIS	false	false	false
1000256e	Label	caseD_47	switchD_10002518::caseD_47	switchD_10002518	ANALYSIS	false	false	false
1000256e	Label	caseD_48	switchD_10002518::caseD_48	switchD_10002518	ANALYSIS	false	false	false
1000256e	Label	caseD_49	switchD_10002518::caseD_49	switchD_10002518	ANALYSIS	false	false	false
1000256e	Label	caseD_4a	switchD_10002518::caseD_4a	switchD_10002518	ANALYSIS	false	false	false
1000256e	Label	caseD_4b	switchD_10002518::caseD_4b	switchD_10002518	ANALYSIS	false	false	false
1000256e	Label	caseD_4c	switchD_10002518::caseD_4c	switchD_10002518	ANALYSIS	false	false	false
1000256e	Label	caseD_4d	switchD_10002518::caseD_4d	switchD_10002518	ANALYSIS	false	false	false
1000256e	Label	caseD_4e	switchD_10002518::caseD_4e	switchD_10002518	ANALYSIS	false	false	false
1000256e	Label	caseD_4f	switchD_10002518::caseD_4f	switchD_10002518	ANALYSIS	false	false	false
1000256e	Label	caseD_50	switchD_10002518::caseD_50	switchD_10002518	ANALYSIS	false	false	false
1000256e	Label	caseD_51	switchD_10002518::caseD_51	switchD_10002518	ANALYSIS	false	false	false
1000256e	Label	caseD_52	switchD_10002518::caseD_52	switchD_10002518	ANALYSIS	false	false	false
1000256e	Label	caseD_53	switchD_10002518::caseD_53	switchD_10002518	ANALYSIS	false	false	false
1000256e	Label	caseD_54	switchD_10002518::caseD_54	switchD_10002518	ANALYSIS	false	false	false
1000256e	Label	caseD_55	switchD_10002518::caseD_55	switchD_10002518	ANALYSIS	false	false	false
1000256e	Label	caseD_56	switchD_10002518::caseD_56	switchD_10002518	ANALYSIS	false	false	false
1000256e	Label	caseD_57	switchD_10002518::caseD_57	switchD_10002518	ANALYSIS	false	false	false
1000256e	Label	caseD_58	switchD_10002518::caseD_58	switchD_10002518	ANALYSIS	false	false	false
1000256e	Label	caseD_59	switchD_10002518::caseD_59	switchD_10002518	ANALYSIS	false	false	false
1000256e	Label	caseD_5a	switchD_10002518::caseD_5a	switchD_10002518	ANALYSIS	false	false	false
1000256e	Label	caseD_5b	switchD_10002518::caseD_5b	switchD_10002518	ANALYSIS	false	false	false
1000256e	Label	caseD_5c	switchD_10002518::caseD_5c	switchD_10002518	ANALYSIS	false	false	false
1000256e	Label	caseD_5d	switchD_10002518::caseD_5d	switchD_10002518	ANALYSIS	false	false	false
1000256e	Label	caseD_5e	switchD_10002518::caseD_5e	switchD_10002518	ANALYSIS	false	false	false
1000256e	Label	caseD_5f	switchD_10002518::caseD_5f	switchD_10002518	ANALYSIS	false	false	false
1000256e	Label	caseD_60	switchD_10002518::caseD_60	switchD_10002518	ANALYSIS	false	false	false
1000256e	Label	caseD_61	switchD_10002518::caseD_61	switchD_10002518	ANALYSIS	false	false	false
1000256e	Label	caseD_62	switchD_10002518::caseD_62	switchD_10002518	ANALYSIS	false	false	false
1000256e	Label	caseD_63	switchD_10002518::caseD_63	switchD_10002518	ANALYSIS	false	false	false
1000256e	Label	caseD_64	switchD_10002518::caseD_64	switchD_10002518	ANALYSIS	false	false	false
1000256e	Label	caseD_65	switchD_10002518::caseD_65	switchD_10002518	ANALYSIS	false	false	false
1000256e	Label	caseD_66	switchD_10002518::caseD_66	switchD_10002518	ANALYSIS	false	false	false
1000256e	Label	caseD_67	switchD_10002518::caseD_67	switchD_10002518	ANALYSIS	false	false	false
1000256e	Label	caseD_68	switchD_10002518::caseD_68	switchD_10002518	ANALYSIS	false	false	false
1000256e	Label	caseD_69	switchD_10002518::caseD_69	switchD_10002518	ANALYSIS	false	false	false
1000256e	Label	caseD_6a	switchD_10002518::caseD_6a	switchD_10002518	ANALYSIS	false	false	false
1000256e	Label	caseD_6b	switchD_10002518::caseD_6b	switchD_10002518	ANALYSIS	false	false	false
1000256e	Label	caseD_6c	switchD_10002518::caseD_6c	switchD_10002518	ANALYSIS	false	false	false
1000256e	Label	caseD_6d	switchD_10002518::caseD_6d	switchD_10002518	ANALYSIS	false	false	false
1000256e	Label	caseD_6e	switchD_10002518::caseD_6e	switchD_10002518	ANALYSIS	false	false	false
1000256e	Label	caseD_6f	switchD_10002518::caseD_6f	switchD_10002518	ANALYSIS	false	false	false
1000256e	Label	caseD_70	switchD_10002518::caseD_70	switchD_10002518	ANALYSIS	false	false	false
1000256e	Label	caseD_71	switchD_10002518::caseD_71	switchD_10002518	ANALYSIS	false	false	false
1000256e	Label	caseD_72	switchD_10002518::caseD_72	switchD_10002518	ANALYSIS	false	false	false
1000256e	Label	caseD_73	switchD_10002518::caseD_73	switchD_10002518	ANALYSIS	false	false	false
1000256e	Label	caseD_74	switchD_10002518::caseD_74	switchD_10002518	ANALYSIS	false	false	false
1000256e	Label	caseD_75	switchD_10002518::caseD_75	switchD_10002518	ANALYSIS	false	false	false
1000256e	Label	caseD_76	switchD_10002518::caseD_76	switchD_10002518	ANALYSIS	false	false	false
1000256e	Label	caseD_77	switchD_10002518::caseD_77	switchD_10002518	ANALYSIS	false	false	false
1000256e	Label	caseD_78	switchD_10002518::caseD_78	switchD_10002518	ANALYSIS	false	false	false
1000256e	Label	caseD_79	switchD_10002518::caseD_79	switchD_10002518	ANALYSIS	false	false	false
1000256e	Label	caseD_7a	switchD_10002518::caseD_7a	switchD_10002518	ANALYSIS	false	false	false
1000256e	Label	caseD_7b	switchD_10002518::caseD_7b	switchD_10002518	ANALYSIS	false	false	false
1000256e	Label	caseD_7c	switchD_10002518::caseD_7c	switchD_10002518	ANALYSIS	false	false	false
1000256e	Label	caseD_7d	switchD_10002518::caseD_7d	switchD_10002518	ANALYSIS	false	false	false
1000256e	Label	caseD_7e	switchD_10002518::caseD_7e	switchD_10002518	ANALYSIS	false	false	false
1000256e	Label	caseD_7f	switchD_10002518::caseD_7f	switchD_10002518	ANALYSIS	false	false	false
1000256e	Label	caseD_81	switchD_10002518::caseD_81	switchD_10002518	ANALYSIS	false	false	false
1000256e	Label	caseD_82	switchD_10002518::caseD_82	switchD_10002518	ANALYSIS	false	false	false
1000256e	Label	caseD_83	switchD_10002518::caseD_83	switchD_10002518	ANALYSIS	false	false	false
1000256e	Label	caseD_84	switchD_10002518::caseD_84	switchD_10002518	ANALYSIS	false	false	false
1000256e	Label	caseD_85	switchD_10002518::caseD_85	switchD_10002518	ANALYSIS	false	false	false
1000256e	Label	caseD_86	switchD_10002518::caseD_86	switchD_10002518	ANALYSIS	false	false	false
1000256e	Label	caseD_87	switchD_10002518::caseD_87	switchD_10002518	ANALYSIS	false	false	false
1000256e	Label	caseD_88	switchD_10002518::caseD_88	switchD_10002518	ANALYSIS	false	false	false
1000256e	Label	caseD_89	switchD_10002518::caseD_89	switchD_10002518	ANALYSIS	false	false	false
1000256e	Label	caseD_8a	switchD_10002518::caseD_8a	switchD_10002518	ANALYSIS	false	false	false
1000256e	Label	caseD_8b	switchD_10002518::caseD_8b	switchD_10002518	ANALYSIS	false	false	false
1000256e	Label	caseD_8c	switchD_10002518::caseD_8c	switchD_10002518	ANALYSIS	false	false	false
1000256e	Label	caseD_8d	switchD_10002518::caseD_8d	switchD_10002518	ANALYSIS	false	false	false
1000256e	Label	caseD_8e	switchD_10002518::caseD_8e	switchD_10002518	ANALYSIS	false	false	false
1000256e	Label	caseD_8f	switchD_10002518::caseD_8f	switchD_10002518	ANALYSIS	false	false	false
1000256e	Label	caseD_90	switchD_10002518::caseD_90	switchD_10002518	ANALYSIS	false	false	false
1000256e	Label	caseD_91	switchD_10002518::caseD_91	switchD_10002518	ANALYSIS	false	false	false
1000256e	Label	caseD_92	switchD_10002518::caseD_92	switchD_10002518	ANALYSIS	false	false	false
1000256e	Label	caseD_93	switchD_10002518::caseD_93	switchD_10002518	ANALYSIS	false	false	false
1000256e	Label	caseD_94	switchD_10002518::caseD_94	switchD_10002518	ANALYSIS	false	false	false
1000256e	Label	caseD_95	switchD_10002518::caseD_95	switchD_10002518	ANALYSIS	false	false	false
1000256e	Label	caseD_96	switchD_10002518::caseD_96	switchD_10002518	ANALYSIS	false	false	false
1000256e	Label	caseD_97	switchD_10002518::caseD_97	switchD_10002518	ANALYSIS	false	false	false
1000256e	Label	caseD_98	switchD_10002518::caseD_98	switchD_10002518	ANALYSIS	false	false	false
1000256e	Label	caseD_99	switchD_10002518::caseD_99	switchD_10002518	ANALYSIS	false	false	false
1000256e	Label	caseD_9a	switchD_10002518::caseD_9a	switchD_10002518	ANALYSIS	false	false	false
1000256e	Label	caseD_9b	switchD_10002518::caseD_9b	switchD_10002518	ANALYSIS	false	false	false
1000256e	Label	caseD_9c	switchD_10002518::caseD_9c	switchD_10002518	ANALYSIS	false	false	false
1000256e	Label	caseD_9d	switchD_10002518::caseD_9d	switchD_10002518	ANALYSIS	false	false	false
1000256e	Label	caseD_9e	switchD_10002518::caseD_9e	switchD_10002518	ANALYSIS	false	false	false
1000256e	Label	caseD_9f	switchD_10002518::caseD_9f	switchD_10002518	ANALYSIS	false	false	false
1000256e	Label	caseD_a0	switchD_10002518::caseD_a0	switchD_10002518	ANALYSIS	false	false	false
1000256e	Label	caseD_a1	switchD_10002518::caseD_a1	switchD_10002518	ANALYSIS	false	false	false
1000256e	Label	caseD_a2	switchD_10002518::caseD_a2	switchD_10002518	ANALYSIS	false	false	false
1000256e	Label	caseD_a3	switchD_10002518::caseD_a3	switchD_10002518	ANALYSIS	false	false	false
1000256e	Label	caseD_a4	switchD_10002518::caseD_a4	switchD_10002518	ANALYSIS	false	false	false
1000256e	Label	caseD_a5	switchD_10002518::caseD_a5	switchD_10002518	ANALYSIS	false	false	false
1000256e	Label	caseD_a6	switchD_10002518::caseD_a6	switchD_10002518	ANALYSIS	false	false	false
1000256e	Label	caseD_a7	switchD_10002518::caseD_a7	switchD_10002518	ANALYSIS	false	false	false
1000256e	Label	caseD_a8	switchD_10002518::caseD_a8	switchD_10002518	ANALYSIS	false	false	false
1000256e	Label	caseD_a9	switchD_10002518::caseD_a9	switchD_10002518	ANALYSIS	false	false	false
1000256e	Label	caseD_aa	switchD_10002518::caseD_aa	switchD_10002518	ANALYSIS	false	false	false
1000256e	Label	caseD_ab	switchD_10002518::caseD_ab	switchD_10002518	ANALYSIS	false	false	false
1000256e	Label	caseD_ac	switchD_10002518::caseD_ac	switchD_10002518	ANALYSIS	false	false	false
1000256e	Label	caseD_ad	switchD_10002518::caseD_ad	switchD_10002518	ANALYSIS	false	false	false
1000256e	Label	caseD_ae	switchD_10002518::caseD_ae	switchD_10002518	ANALYSIS	false	false	false
1000256e	Label	caseD_af	switchD_10002518::caseD_af	switchD_10002518	ANALYSIS	false	false	false
1000256e	Label	caseD_b0	switchD_10002518::caseD_b0	switchD_10002518	ANALYSIS	false	false	false
1000256e	Label	caseD_b1	switchD_10002518::caseD_b1	switchD_10002518	ANALYSIS	false	false	false
1000256e	Label	caseD_b2	switchD_10002518::caseD_b2	switchD_10002518	ANALYSIS	false	false	false
1000256e	Label	caseD_b3	switchD_10002518::caseD_b3	switchD_10002518	ANALYSIS	false	false	false
1000256e	Label	caseD_b4	switchD_10002518::caseD_b4	switchD_10002518	ANALYSIS	false	false	false
1000256e	Label	caseD_b5	switchD_10002518::caseD_b5	switchD_10002518	ANALYSIS	false	false	false
1000256e	Label	caseD_b6	switchD_10002518::caseD_b6	switchD_10002518	ANALYSIS	false	false	false
1000256e	Label	caseD_b7	switchD_10002518::caseD_b7	switchD_10002518	ANALYSIS	false	false	false
1000256e	Label	caseD_b8	switchD_10002518::caseD_b8	switchD_10002518	ANALYSIS	false	false	false
1000256e	Label	caseD_b9	switchD_10002518::caseD_b9	switchD_10002518	ANALYSIS	false	false	false
1000256e	Label	caseD_ba	switchD_10002518::caseD_ba	switchD_10002518	ANALYSIS	false	false	false
1000256e	Label	caseD_bb	switchD_10002518::caseD_bb	switchD_10002518	ANALYSIS	false	false	false
1000256e	Label	caseD_bc	switchD_10002518::caseD_bc	switchD_10002518	ANALYSIS	false	false	false
1000256e	Label	caseD_bd	switchD_10002518::caseD_bd	switchD_10002518	ANALYSIS	false	false	false
1000256e	Label	caseD_be	switchD_10002518::caseD_be	switchD_10002518	ANALYSIS	false	false	false
1000256e	Label	caseD_bf	switchD_10002518::caseD_bf	switchD_10002518	ANALYSIS	false	false	false
1000256e	Label	caseD_c0	switchD_10002518::caseD_c0	switchD_10002518	ANALYSIS	false	false	false
1000256e	Label	caseD_c1	switchD_10002518::caseD_c1	switchD_10002518	ANALYSIS	false	false	false
1000256e	Label	caseD_c2	switchD_10002518::caseD_c2	switchD_10002518	ANALYSIS	false	false	false
1000256e	Label	caseD_c3	switchD_10002518::caseD_c3	switchD_10002518	ANALYSIS	false	false	false
1000256e	Label	caseD_c4	switchD_10002518::caseD_c4	switchD_10002518	ANALYSIS	false	false	false
1000256e	Label	caseD_c5	switchD_10002518::caseD_c5	switchD_10002518	ANALYSIS	false	false	false
1000256e	Label	caseD_c6	switchD_10002518::caseD_c6	switchD_10002518	ANALYSIS	false	false	false
1000256e	Label	caseD_c7	switchD_10002518::caseD_c7	switchD_10002518	ANALYSIS	false	false	false
1000256e	Label	caseD_c8	switchD_10002518::caseD_c8	switchD_10002518	ANALYSIS	false	false	false
1000256e	Label	caseD_c9	switchD_10002518::caseD_c9	switchD_10002518	ANALYSIS	false	false	false
1000256e	Label	caseD_ca	switchD_10002518::caseD_ca	switchD_10002518	ANALYSIS	false	false	false
1000256e	Label	caseD_cb	switchD_10002518::caseD_cb	switchD_10002518	ANALYSIS	false	false	false
1000256e	Label	caseD_cc	switchD_10002518::caseD_cc	switchD_10002518	ANALYSIS	false	false	false
1000256e	Label	caseD_cd	switchD_10002518::caseD_cd	switchD_10002518	ANALYSIS	false	false	false
1000256e	Label	caseD_ce	switchD_10002518::caseD_ce	switchD_10002518	ANALYSIS	false	false	false
1000256e	Label	caseD_cf	switchD_10002518::caseD_cf	switchD_10002518	ANALYSIS	false	false	false
1000256e	Label	caseD_d0	switchD_10002518::caseD_d0	switchD_10002518	ANALYSIS	false	false	false
1000256e	Label	caseD_d1	switchD_10002518::caseD_d1	switchD_10002518	ANALYSIS	false	false	false
1000256e	Label	caseD_d2	switchD_10002518::caseD_d2	switchD_10002518	ANALYSIS	false	false	false
1000256e	Label	caseD_d3	switchD_10002518::caseD_d3	switchD_10002518	ANALYSIS	false	false	false
1000256e	Label	caseD_d4	switchD_10002518::caseD_d4	switchD_10002518	ANALYSIS	false	false	false
1000256e	Label	caseD_d5	switchD_10002518::caseD_d5	switchD_10002518	ANALYSIS	false	false	false
1000256e	Label	caseD_d6	switchD_10002518::caseD_d6	switchD_10002518	ANALYSIS	false	false	false
1000256e	Label	caseD_d7	switchD_10002518::caseD_d7	switchD_10002518	ANALYSIS	false	false	false
1000256e	Label	caseD_d8	switchD_10002518::caseD_d8	switchD_10002518	ANALYSIS	false	false	false
1000256e	Label	caseD_d9	switchD_10002518::caseD_d9	switchD_10002518	ANALYSIS	false	false	false
1000256e	Label	caseD_da	switchD_10002518::caseD_da	switchD_10002518	ANALYSIS	false	false	false
1000256e	Label	caseD_db	switchD_10002518::caseD_db	switchD_10002518	ANALYSIS	false	false	false
1000256e	Label	caseD_dc	switchD_10002518::caseD_dc	switchD_10002518	ANALYSIS	false	false	false
1000256e	Label	caseD_dd	switchD_10002518::caseD_dd	switchD_10002518	ANALYSIS	false	false	false
1000256e	Label	caseD_de	switchD_10002518::caseD_de	switchD_10002518	ANALYSIS	false	false	false
1000256e	Label	caseD_df	switchD_10002518::caseD_df	switchD_10002518	ANALYSIS	false	false	false
1000256e	Label	caseD_e0	switchD_10002518::caseD_e0	switchD_10002518	ANALYSIS	false	false	false
1000256e	Label	caseD_e1	switchD_10002518::caseD_e1	switchD_10002518	ANALYSIS	false	false	false
1000256e	Label	caseD_e2	switchD_10002518::caseD_e2	switchD_10002518	ANALYSIS	false	false	false
1000256e	Label	caseD_e3	switchD_10002518::caseD_e3	switchD_10002518	ANALYSIS	false	false	false
1000256e	Label	caseD_e4	switchD_10002518::caseD_e4	switchD_10002518	ANALYSIS	false	false	false
1000256e	Label	caseD_e5	switchD_10002518::caseD_e5	switchD_10002518	ANALYSIS	false	false	false
1000256e	Label	caseD_e6	switchD_10002518::caseD_e6	switchD_10002518	ANALYSIS	false	false	false
1000256e	Label	caseD_e7	switchD_10002518::caseD_e7	switchD_10002518	ANALYSIS	false	false	false
1000256e	Label	caseD_e8	switchD_10002518::caseD_e8	switchD_10002518	ANALYSIS	false	false	false
1000256e	Label	caseD_e9	switchD_10002518::caseD_e9	switchD_10002518	ANALYSIS	false	false	false
1000256e	Label	caseD_ea	switchD_10002518::caseD_ea	switchD_10002518	ANALYSIS	false	false	false
1000256e	Label	caseD_eb	switchD_10002518::caseD_eb	switchD_10002518	ANALYSIS	false	false	false
1000256e	Label	caseD_ec	switchD_10002518::caseD_ec	switchD_10002518	ANALYSIS	false	false	false
1000256e	Label	caseD_ed	switchD_10002518::caseD_ed	switchD_10002518	ANALYSIS	false	false	false
1000256e	Label	caseD_ee	switchD_10002518::caseD_ee	switchD_10002518	ANALYSIS	false	false	false
1000256e	Label	caseD_ef	switchD_10002518::caseD_ef	switchD_10002518	ANALYSIS	false	false	false
1000256e	Label	caseD_f0	switchD_10002518::caseD_f0	switchD_10002518	ANALYSIS	false	false	false
1000256e	Label	caseD_f1	switchD_10002518::caseD_f1	switchD_10002518	ANALYSIS	false	false	false
1000256e	Label	caseD_f2	switchD_10002518::caseD_f2	switchD_10002518	ANALYSIS	false	false	false
1000256e	Label	caseD_f3	switchD_10002518::caseD_f3	switchD_10002518	ANALYSIS	false	false	false
1000256e	Label	caseD_f4	switchD_10002518::caseD_f4	switchD_10002518	ANALYSIS	false	false	false
1000256e	Label	caseD_f5	switchD_10002518::caseD_f5	switchD_10002518	ANALYSIS	false	false	false
1000256e	Label	caseD_f6	switchD_10002518::caseD_f6	switchD_10002518	ANALYSIS	false	false	false
1000256e	Label	caseD_f7	switchD_10002518::caseD_f7	switchD_10002518	ANALYSIS	false	false	false
1000256e	Label	caseD_f8	switchD_10002518::caseD_f8	switchD_10002518	ANALYSIS	false	false	false
1000256e	Label	caseD_f9	switchD_10002518::caseD_f9	switchD_10002518	ANALYSIS	false	false	false
1000256e	Label	caseD_fa	switchD_10002518::caseD_fa	switchD_10002518	ANALYSIS	false	false	false
1000256e	Label	caseD_fb	switchD_10002518::caseD_fb	switchD_10002518	ANALYSIS	false	false	false
1000256e	Label	caseD_fc	switchD_10002518::caseD_fc	switchD_10002518	ANALYSIS	false	false	false
1000256e	Label	caseD_fd	switchD_10002518::caseD_fd	switchD_10002518	ANALYSIS	false	false	false
1000256e	Label	caseD_fe	switchD_10002518::caseD_fe	switchD_10002518	ANALYSIS	false	false	false
1000256e	Label	caseD_ff	switchD_10002518::caseD_ff	switchD_10002518	ANALYSIS	false	false	false
10002640	Label	switchdataD_10002640	switchD_10002494::switchdataD_10002640	switchD_10002494	ANALYSIS	true	false	false
10002658	Label	switchdataD_10002658	switchD_10002494::switchdataD_10002658	switchD_10002494	ANALYSIS	true	false	false
1000274c	Label	switchdataD_1000274c	switchD_10002518::switchdataD_1000274c	switchD_10002518	ANALYSIS	true	false	false
10002764	Label	switchdataD_10002764	switchD_10002518::switchdataD_10002764	switchD_10002518	ANALYSIS	true	false	false
10002860	Label	Ordinal_100	Ordinal_100	Global	IMPORTED	false	false	true
10002860	Function	gu3dfLoad	gu3dfLoad	Global	ANALYSIS	true	false	true
10002860	Label	_gu3dfLoad@8	_gu3dfLoad@8	Global	IMPORTED	false	false	true
10002a6d	Label	switchD	switchD_10002a6d::switchD	switchD_10002a6d	ANALYSIS	true	false	false
10002a74	Label	caseD_6	switchD_10002a6d::caseD_6	switchD_10002a6d	ANALYSIS	true	false	false
10002a74	Label	caseD_7	switchD_10002a6d::caseD_7	switchD_10002a6d	ANALYSIS	false	false	false
10002a80	Label	caseD_0	switchD_10002a6d::caseD_0	switchD_10002a6d	ANALYSIS	true	false	false
10002a80	Label	caseD_1	switchD_10002a6d::caseD_1	switchD_10002a6d	ANALYSIS	false	false	false
10002a80	Label	caseD_2	switchD_10002a6d::caseD_2	switchD_10002a6d	ANALYSIS	false	false	false
10002a80	Label	caseD_3	switchD_10002a6d::caseD_3	switchD_10002a6d	ANALYSIS	false	false	false
10002a80	Label	caseD_4	switchD_10002a6d::caseD_4	switchD_10002a6d	ANALYSIS	false	false	false
10002a80	Label	caseD_5	switchD_10002a6d::caseD_5	switchD_10002a6d	ANALYSIS	false	false	false
10002a9b	Label	caseD_8	switchD_10002a6d::caseD_8	switchD_10002a6d	ANALYSIS	true	false	false
10002a9b	Label	caseD_9	switchD_10002a6d::caseD_9	switchD_10002a6d	ANALYSIS	false	false	false
10002a9b	Label	caseD_a	switchD_10002a6d::caseD_a	switchD_10002a6d	ANALYSIS	false	false	false
10002a9b	Label	caseD_b	switchD_10002a6d::caseD_b	switchD_10002a6d	ANALYSIS	false	false	false
10002a9b	Label	caseD_c	switchD_10002a6d::caseD_c	switchD_10002a6d	ANALYSIS	false	false	false
10002a9b	Label	caseD_d	switchD_10002a6d::caseD_d	switchD_10002a6d	ANALYSIS	false	false	false
10002a9b	Label	caseD_e	switchD_10002a6d::caseD_e	switchD_10002a6d	ANALYSIS	false	false	false
10002ad0	Label	switchdataD_10002ad0	switchD_10002a6d::switchdataD_10002ad0	switchD_10002a6d	ANALYSIS	true	false	false
10002adc	Label	switchdataD_10002adc	switchD_10002a6d::switchdataD_10002adc	switchD_10002a6d	ANALYSIS	true	false	false
10002af0	Function	FUN_10002af0	FUN_10002af0	Global	DEFAULT	true	false	false
10002b40	Function	FUN_10002b40	FUN_10002b40	Global	DEFAULT	true	false	false
10002bb0	Function	FUN_10002bb0	FUN_10002bb0	Global	DEFAULT	true	false	false
10002c10	Function	FUN_10002c10	FUN_10002c10	Global	DEFAULT	true	false	false
10002c60	Label	Ordinal_102	Ordinal_102	Global	IMPORTED	false	false	true
10002c60	Function	guAlphaSource	guAlphaSource	Global	ANALYSIS	true	false	true
10002c60	Label	_guAlphaSource@4	_guAlphaSource@4	Global	IMPORTED	false	false	true
10002c69	Label	switchD	switchD_10002c69::switchD	switchD_10002c69	ANALYSIS	true	false	false
10002c70	Label	caseD_0	switchD_10002c69::caseD_0	switchD_10002c69	ANALYSIS	true	false	false
10002c82	Label	caseD_1	switchD_10002c69::caseD_1	switchD_10002c69	ANALYSIS	true	false	false
10002c94	Label	caseD_2	switchD_10002c69::caseD_2	switchD_10002c69	ANALYSIS	true	false	false
10002ca6	Label	caseD_3	switchD_10002c69::caseD_3	switchD_10002c69	ANALYSIS	true	false	false
10002cb5	Label	default	switchD_10002c69::default	switchD_10002c69	ANALYSIS	true	false	false
10002cb8	Label	switchdataD_10002cb8	switchD_10002c69::switchdataD_10002cb8	switchD_10002c69	ANALYSIS	true	false	false
10002cd0	Label	Ordinal_103	Ordinal_103	Global	IMPORTED	false	false	true
10002cd0	Function	guColorCombineFunction	guColorCombineFunction	Global	ANALYSIS	true	false	true
10002cd0	Label	_guColorCombineFunction@4	_guColorCombineFunction@4	Global	IMPORTED	false	false	true
10002ce0	Label	switchD	switchD_10002ce0::switchD	switchD_10002ce0	ANALYSIS	true	false	false
10002ce7	Label	caseD_0	switchD_10002ce0::caseD_0	switchD_10002ce0	ANALYSIS	true	false	false
10002cf9	Label	caseD_1	switchD_10002ce0::caseD_1	switchD_10002ce0	ANALYSIS	true	false	false
10002d0b	Label	caseD_3	switchD_10002ce0::caseD_3	switchD_10002ce0	ANALYSIS	true	false	false
10002d12	Label	caseD_2	switchD_10002ce0::caseD_2	switchD_10002ce0	ANALYSIS	true	false	false
10002d24	Label	caseD_4	switchD_10002ce0::caseD_4	switchD_10002ce0	ANALYSIS	true	false	false
10002d36	Label	caseD_5	switchD_10002ce0::caseD_5	switchD_10002ce0	ANALYSIS	true	false	false
10002d48	Label	caseD_7	switchD_10002ce0::caseD_7	switchD_10002ce0	ANALYSIS	true	false	false
10002d4f	Label	caseD_6	switchD_10002ce0::caseD_6	switchD_10002ce0	ANALYSIS	true	false	false
10002d5e	Label	default	switchD_10002ce0::default	switchD_10002ce0	ANALYSIS	true	false	false
10002d61	Label	caseD_8	switchD_10002ce0::caseD_8	switchD_10002ce0	ANALYSIS	true	false	false
10002d73	Label	caseD_9	switchD_10002ce0::caseD_9	switchD_10002ce0	ANALYSIS	true	false	false
10002d85	Label	caseD_a	switchD_10002ce0::caseD_a	switchD_10002ce0	ANALYSIS	true	false	false
10002d97	Label	caseD_b	switchD_10002ce0::caseD_b	switchD_10002ce0	ANALYSIS	true	false	false
10002da9	Label	caseD_c	switchD_10002ce0::caseD_c	switchD_10002ce0	ANALYSIS	true	false	false
10002dbb	Label	caseD_d	switchD_10002ce0::caseD_d	switchD_10002ce0	ANALYSIS	true	false	false
10002dcd	Label	caseD_e	switchD_10002ce0::caseD_e	switchD_10002ce0	ANALYSIS	true	false	false
10002ddf	Label	caseD_f	switchD_10002ce0::caseD_f	switchD_10002ce0	ANALYSIS	true	false	false
10002df1	Label	caseD_10	switchD_10002ce0::caseD_10	switchD_10002ce0	ANALYSIS	true	false	false
10002e04	Label	switchdataD_10002e04	switchD_10002ce0::switchdataD_10002e04	switchD_10002ce0	ANALYSIS	true	false	false
10002e50	Label	Ordinal_108	Ordinal_108	Global	IMPORTED	false	false	true
10002e50	Function	guEndianSwapWords	guEndianSwapWords	Global	ANALYSIS	true	false	true
10002e50	Label	_guEndianSwapWords@4	_guEndianSwapWords@4	Global	IMPORTED	false	false	true
10002e70	Label	Ordinal_107	Ordinal_107	Global	IMPORTED	false	false	true
10002e70	Function	guEndianSwapBytes	guEndianSwapBytes	Global	ANALYSIS	true	false	true
10002e70	Label	_guEndianSwapBytes@4	_guEndianSwapBytes@4	Global	IMPORTED	false	false	true
10002e80	Label	Ordinal_114	Ordinal_114	Global	IMPORTED	false	false	true
10002e80	Function	guFogTableIndexToW	guFogTableIndexToW	Global	ANALYSIS	true	false	true
10002e80	Label	_guFogTableIndexToW@4	_guFogTableIndexToW@4	Global	IMPORTED	false	false	true
10002ed0	Label	Ordinal_112	Ordinal_112	Global	IMPORTED	false	false	true
10002ed0	Function	guFogGenerateExp	guFogGenerateExp	Global	ANALYSIS	true	false	true
10002ed0	Label	_guFogGenerateExp@8	_guFogGenerateExp@8	Global	IMPORTED	false	false	true
10002fa0	Label	Ordinal_111	Ordinal_111	Global	IMPORTED	false	false	true
10002fa0	Function	guFogGenerateExp2	guFogGenerateExp2	Global	ANALYSIS	true	false	true
10002fa0	Label	_guFogGenerateExp2@8	_guFogGenerateExp2@8	Global	IMPORTED	false	false	true
10003080	Label	Ordinal_113	Ordinal_113	Global	IMPORTED	false	false	true
10003080	Function	guFogGenerateLinear	guFogGenerateLinear	Global	ANALYSIS	true	false	true
10003080	Label	_guFogGenerateLinear@12	_guFogGenerateLinear@12	Global	IMPORTED	false	false	true
10003120	Label	Ordinal_125	Ordinal_125	Global	IMPORTED	false	false	true
10003120	Function	guTexCreateColorMipMap	guTexCreateColorMipMap	Global	ANALYSIS	true	false	true
10003120	Label	_guTexCreateColorMipMap@0	_guTexCreateColorMipMap@0	Global	IMPORTED	false	false	true
10003210	Function	FUN_10003210	FUN_10003210	Global	DEFAULT	true	false	false
10003260	Label	Ordinal_106	Ordinal_106	Global	IMPORTED	false	false	true
10003260	Function	guEncodeRLE16	guEncodeRLE16	Global	ANALYSIS	true	false	true
10003260	Label	_guEncodeRLE16@16	_guEncodeRLE16@16	Global	IMPORTED	false	false	true
10003340	Label	Ordinal_105	Ordinal_105	Global	IMPORTED	false	false	true
10003340	Function	guDrawTriangleWithClip	guDrawTriangleWithClip	Global	ANALYSIS	true	false	true
10003340	Label	_guDrawTriangleWithClip@12	_guDrawTriangleWithClip@12	Global	IMPORTED	false	false	true
10003610	Function	FUN_10003610	FUN_10003610	Global	DEFAULT	true	false	false
100038c0	Function	FUN_100038c0	FUN_100038c0	Global	DEFAULT	true	false	false
10003a30	Label	Ordinal_101	Ordinal_101	Global	IMPORTED	false	false	true
10003a30	Function	guAADrawTriangleWithClip	guAADrawTriangleWithClip	Global	ANALYSIS	true	false	true
10003a30	Label	_guAADrawTriangleWithClip@12	_guAADrawTriangleWithClip@12	Global	IMPORTED	false	false	true
10003cc0	Label	Ordinal_104	Ordinal_104	Global	IMPORTED	false	false	true
10003cc0	Function	guDrawPolygonVertexListWithClip	guDrawPolygonVertexListWithClip	Global	ANALYSIS	true	false	true
10003cc0	Label	_guDrawPolygonVertexListWithClip@8	_guDrawPolygonVertexListWithClip@8	Global	IMPORTED	false	false	true
10003de0	Function	FUN_10003de0	FUN_10003de0	Global	DEFAULT	true	false	false
10003f40	Function	FUN_10003f40	FUN_10003f40	Global	DEFAULT	true	false	false
10003f4e	Function	FUN_10003f4e	FUN_10003f4e	Global	DEFAULT	true	false	false
10004190	Function	FUN_10004190	FUN_10004190	Global	DEFAULT	true	false	false
100041b0	Label	Ordinal_116	Ordinal_116	Global	IMPORTED	false	false	true
100041b0	Function	guMPInit	guMPInit	Global	ANALYSIS	true	false	true
100041b0	Label	_guMPInit@0	_guMPInit@0	Global	IMPORTED	false	false	true
100041d0	Label	Ordinal_117	Ordinal_117	Global	IMPORTED	false	false	true
100041d0	Function	guMPTexCombineFunction	guMPTexCombineFunction	Global	ANALYSIS	true	false	true
100041d0	Label	_guMPTexCombineFunction@4	_guMPTexCombineFunction@4	Global	IMPORTED	false	false	true
100041e0	Label	Ordinal_118	Ordinal_118	Global	IMPORTED	false	false	true
100041e0	Function	guMPTexSource	guMPTexSource	Global	ANALYSIS	true	false	true
100041e0	Label	_guMPTexSource@8	_guMPTexSource@8	Global	IMPORTED	false	false	true
10004200	Function	FUN_10004200	FUN_10004200	Global	DEFAULT	true	false	false
10004360	Function	FUN_10004360	FUN_10004360	Global	DEFAULT	true	false	false
10004400	Label	Ordinal_43	Ordinal_43	Global	IMPORTED	false	false	true
10004400	Function	grGlideGetVersion	grGlideGetVersion	Global	ANALYSIS	true	false	true
10004400	Label	_grGlideGetVersion@4	_grGlideGetVersion@4	Global	IMPORTED	false	false	true
10004430	Label	Ordinal_42	Ordinal_42	Global	IMPORTED	false	false	true
10004430	Function	grGlideGetState	grGlideGetState	Global	ANALYSIS	true	false	true
10004430	Label	_grGlideGetState@4	_grGlideGetState@4	Global	IMPORTED	false	false	true
10004450	Label	Ordinal_48	Ordinal_48	Global	IMPORTED	false	false	true
10004450	Function	grHints	grHints	Global	ANALYSIS	true	false	true
10004450	Label	_grHints@8	_grHints@8	Global	IMPORTED	false	false	true
10004463	Label	switchD	switchD_10004463::switchD	switchD_10004463	ANALYSIS	true	false	false
1000446a	Label	caseD_0	switchD_10004463::caseD_0	switchD_10004463	ANALYSIS	true	false	false
1000448e	Label	caseD_1	switchD_10004463::caseD_1	switchD_10004463	ANALYSIS	true	false	false
100044d8	Label	caseD_2	switchD_10004463::caseD_2	switchD_10004463	ANALYSIS	true	false	false
100044f0	Label	caseD_3	switchD_10004463::caseD_3	switchD_10004463	ANALYSIS	true	false	false
100044fa	Label	default	switchD_10004463::default	switchD_10004463	ANALYSIS	true	false	false
10004500	Label	switchdataD_10004500	switchD_10004463::switchdataD_10004500	switchD_10004463	ANALYSIS	true	false	false
10004510	Label	Ordinal_44	Ordinal_44	Global	IMPORTED	false	false	true
10004510	Function	grGlideInit	grGlideInit	Global	ANALYSIS	true	false	true
10004510	Label	_grGlideInit@0	_grGlideInit@0	Global	IMPORTED	false	false	true
10004520	Label	Ordinal_46	Ordinal_46	Global	IMPORTED	false	false	true
10004520	Function	grGlideShamelessPlug	grGlideShamelessPlug	Global	ANALYSIS	true	false	true
10004520	Label	_grGlideShamelessPlug@4	_grGlideShamelessPlug@4	Global	IMPORTED	false	false	true
10004530	Label	Ordinal_58	Ordinal_58	Global	IMPORTED	false	false	true
10004530	Function	grResetTriStats	grResetTriStats	Global	ANALYSIS	true	false	true
10004530	Label	_grResetTriStats@0	_grResetTriStats@0	Global	IMPORTED	false	false	true
10004560	Label	Ordinal_98	Ordinal_98	Global	IMPORTED	false	false	true
10004560	Function	grTriStats	grTriStats	Global	ANALYSIS	true	false	true
10004560	Label	_grTriStats@8	_grTriStats@8	Global	IMPORTED	false	false	true
10004590	Label	Ordinal_66	Ordinal_66	Global	IMPORTED	false	false	true
10004590	Function	grSstQueryBoards	grSstQueryBoards	Global	ANALYSIS	true	false	true
10004590	Label	_grSstQueryBoards@4	_grSstQueryBoards@4	Global	IMPORTED	false	false	true
100045b0	Label	Ordinal_67	Ordinal_67	Global	IMPORTED	false	false	true
100045b0	Function	grSstQueryHardware	grSstQueryHardware	Global	ANALYSIS	true	false	true
100045b0	Label	_grSstQueryHardware@4	_grSstQueryHardware@4	Global	IMPORTED	false	false	true
100045f0	Label	Ordinal_71	Ordinal_71	Global	IMPORTED	false	false	true
100045f0	Function	grSstSelect	grSstSelect	Global	ANALYSIS	true	false	true
100045f0	Label	_grSstSelect@4	_grSstSelect@4	Global	IMPORTED	false	false	true
10004670	Label	Ordinal_70	Ordinal_70	Global	IMPORTED	false	false	true
10004670	Function	grSstScreenWidth	grSstScreenWidth	Global	ANALYSIS	true	false	true
10004670	Label	_grSstScreenWidth@0	_grSstScreenWidth@0	Global	IMPORTED	false	false	true
10004680	Label	Ordinal_69	Ordinal_69	Global	IMPORTED	false	false	true
10004680	Function	grSstScreenHeight	grSstScreenHeight	Global	ANALYSIS	true	false	true
10004680	Label	_grSstScreenHeight@0	_grSstScreenHeight@0	Global	IMPORTED	false	false	true
10004690	Label	Ordinal_74	Ordinal_74	Global	IMPORTED	false	false	true
10004690	Function	grSstVidMode	grSstVidMode	Global	ANALYSIS	true	false	true
10004690	Label	_grSstVidMode@8	_grSstVidMode@8	Global	IMPORTED	false	false	true
100046c0	Function	FUN_100046c0	FUN_100046c0	Global	DEFAULT	true	false	false
10004740	Function	FUN_10004740	FUN_10004740	Global	DEFAULT	true	false	false
100047d0	Function	FUN_100047d0	FUN_100047d0	Global	DEFAULT	true	false	false
100047f0	Function	FUN_100047f0	FUN_100047f0	Global	DEFAULT	true	false	false
10004860	Label	Ordinal_78	Ordinal_78	Global	IMPORTED	false	false	true
10004860	Function	grTexCalcMemRequired	grTexCalcMemRequired	Global	ANALYSIS	true	false	true
10004860	Label	_grTexCalcMemRequired@16	_grTexCalcMemRequired@16	Global	IMPORTED	false	false	true
10004890	Label	Ordinal_82	Ordinal_82	Global	IMPORTED	false	false	true
10004890	Function	grTexDetailControl	grTexDetailControl	Global	ANALYSIS	true	false	true
10004890	Label	_grTexDetailControl@16	_grTexDetailControl@16	Global	IMPORTED	false	false	true
100048d0	Label	Ordinal_91	Ordinal_91	Global	IMPORTED	false	false	true
100048d0	Function	grTexMinAddress	grTexMinAddress	Global	ANALYSIS	true	false	true
100048d0	Label	_grTexMinAddress@4	_grTexMinAddress@4	Global	IMPORTED	false	false	true
100048f0	Label	Ordinal_90	Ordinal_90	Global	IMPORTED	false	false	true
100048f0	Function	grTexMaxAddress	grTexMaxAddress	Global	ANALYSIS	true	false	true
100048f0	Label	_grTexMaxAddress@4	_grTexMaxAddress@4	Global	IMPORTED	false	false	true
10004920	Label	Ordinal_97	Ordinal_97	Global	IMPORTED	false	false	true
10004920	Function	grTexTextureMemRequired	grTexTextureMemRequired	Global	ANALYSIS	true	false	true
10004920	Label	_grTexTextureMemRequired@8	_grTexTextureMemRequired@8	Global	IMPORTED	false	false	true
10004950	Label	Ordinal_83	Ordinal_83	Global	IMPORTED	false	false	true
10004950	Function	grTexDownloadMipMap	grTexDownloadMipMap	Global	ANALYSIS	true	false	true
10004950	Label	_grTexDownloadMipMap@16	_grTexDownloadMipMap@16	Global	IMPORTED	false	false	true
100049f0	Label	Ordinal_87	Ordinal_87	Global	IMPORTED	false	false	true
100049f0	Function	grTexDownloadTablePartial	grTexDownloadTablePartial	Global	ANALYSIS	true	false	true
100049f0	Label	_grTexDownloadTablePartial@20	_grTexDownloadTablePartial@20	Global	IMPORTED	false	false	true
10004a40	Label	Ordinal_84	Ordinal_84	Global	IMPORTED	false	false	true
10004a40	Function	grTexDownloadMipMapLevel	grTexDownloadMipMapLevel	Global	ANALYSIS	true	false	true
10004a40	Label	_grTexDownloadMipMapLevel@32	_grTexDownloadMipMapLevel@32	Global	IMPORTED	false	false	true
10004a90	Function	FUN_10004a90	FUN_10004a90	Global	DEFAULT	true	false	false
10004aa0	Function	FUN_10004aa0	FUN_10004aa0	Global	DEFAULT	true	false	false
10004be0	Label	Ordinal_37	Ordinal_37	Global	IMPORTED	false	false	true
10004be0	Function	grErrorSetCallback	grErrorSetCallback	Global	ANALYSIS	true	false	true
10004be0	Label	_grErrorSetCallback@4	_grErrorSetCallback@4	Global	IMPORTED	false	false	true
10004c30	Label	Ordinal_120	Ordinal_120	Global	IMPORTED	false	false	true
10004c30	Function	guMovieStart	guMovieStart	Global	ANALYSIS	true	false	true
10004c30	Label	_guMovieStart@0	_guMovieStart@0	Global	IMPORTED	false	false	true
10004c50	Label	Ordinal_121	Ordinal_121	Global	IMPORTED	false	false	true
10004c50	Function	guMovieStop	guMovieStop	Global	ANALYSIS	true	false	true
10004c50	Label	_guMovieStop@0	_guMovieStop@0	Global	IMPORTED	false	false	true
10004c70	Label	Ordinal_119	Ordinal_119	Global	IMPORTED	false	false	true
10004c70	Function	guMovieSetName	guMovieSetName	Global	ANALYSIS	true	false	true
10004c70	Label	_guMovieSetName@4	_guMovieSetName@4	Global	IMPORTED	false	false	true
10004c90	Label	Ordinal_122	Ordinal_122	Global	IMPORTED	false	false	true
10004c90	Function	guTexAllocateMemory	guTexAllocateMemory	Global	ANALYSIS	true	false	true
10004c90	Label	_guTexAllocateMemory@60	_guTexAllocateMemory@60	Global	IMPORTED	false	false	true
10004f40	Label	Ordinal_123	Ordinal_123	Global	IMPORTED	false	false	true
10004f40	Function	guTexChangeAttributes	guTexChangeAttributes	Global	ANALYSIS	true	false	true
10004f40	Label	_guTexChangeAttributes@48	_guTexChangeAttributes@48	Global	IMPORTED	false	false	true
10005020	Function	FUN_10005020	FUN_10005020	Global	DEFAULT	true	false	false
100050f0	Label	Ordinal_81	Ordinal_81	Global	IMPORTED	false	false	true
100050f0	Function	grTexCombineFunction	grTexCombineFunction	Global	ANALYSIS	true	false	true
100050f0	Label	_grTexCombineFunction@8	_grTexCombineFunction@8	Global	IMPORTED	false	false	true
10005110	Label	Ordinal_124	Ordinal_124	Global	IMPORTED	false	false	true
10005110	Function	guTexCombineFunction	guTexCombineFunction	Global	ANALYSIS	true	false	true
10005110	Label	_guTexCombineFunction@8	_guTexCombineFunction@8	Global	IMPORTED	false	false	true
10005119	Label	switchD	switchD_10005119::switchD	switchD_10005119	ANALYSIS	true	false	false
10005120	Label	default	switchD_10005119::default	switchD_10005119	ANALYSIS	true	false	false
10005133	Label	caseD_0	switchD_10005119::caseD_0	switchD_10005119	ANALYSIS	true	false	false
1000514c	Label	caseD_1	switchD_10005119::caseD_1	switchD_10005119	ANALYSIS	true	false	false
10005165	Label	caseD_2	switchD_10005119::caseD_2	switchD_10005119	ANALYSIS	true	false	false
1000517e	Label	caseD_3	switchD_10005119::caseD_3	switchD_10005119	ANALYSIS	true	false	false
10005197	Label	caseD_4	switchD_10005119::caseD_4	switchD_10005119	ANALYSIS	true	false	false
100051b0	Label	caseD_5	switchD_10005119::caseD_5	switchD_10005119	ANALYSIS	true	false	false
100051c9	Label	caseD_6	switchD_10005119::caseD_6	switchD_10005119	ANALYSIS	true	false	false
100051e2	Label	caseD_7	switchD_10005119::caseD_7	switchD_10005119	ANALYSIS	true	false	false
100051fb	Label	caseD_8	switchD_10005119::caseD_8	switchD_10005119	ANALYSIS	true	false	false
10005214	Label	caseD_9	switchD_10005119::caseD_9	switchD_10005119	ANALYSIS	true	false	false
1000522d	Label	caseD_a	switchD_10005119::caseD_a	switchD_10005119	ANALYSIS	true	false	false
10005248	Label	switchdataD_10005248	switchD_10005119::switchdataD_10005248	switchD_10005119	ANALYSIS	true	false	false
10005280	Label	Ordinal_126	Ordinal_126	Global	IMPORTED	false	false	true
10005280	Function	guTexDownloadMipMap	guTexDownloadMipMap	Global	ANALYSIS	true	false	true
10005280	Label	_guTexDownloadMipMap@12	_guTexDownloadMipMap@12	Global	IMPORTED	false	false	true
10005300	Label	Ordinal_127	Ordinal_127	Global	IMPORTED	false	false	true
10005300	Function	guTexDownloadMipMapLevel	guTexDownloadMipMapLevel	Global	ANALYSIS	true	false	true
10005300	Label	_guTexDownloadMipMapLevel@12	_guTexDownloadMipMapLevel@12	Global	IMPORTED	false	false	true
100053a0	Label	Ordinal_128	Ordinal_128	Global	IMPORTED	false	false	true
100053a0	Function	guTexGetCurrentMipMap	guTexGetCurrentMipMap	Global	ANALYSIS	true	false	true
100053a0	Label	_guTexGetCurrentMipMap@4	_guTexGetCurrentMipMap@4	Global	IMPORTED	false	false	true
100053d0	Label	Ordinal_129	Ordinal_129	Global	IMPORTED	false	false	true
100053d0	Function	guTexGetMipMapInfo	guTexGetMipMapInfo	Global	ANALYSIS	true	false	true
100053d0	Label	_guTexGetMipMapInfo@4	_guTexGetMipMapInfo@4	Global	IMPORTED	false	false	true
10005400	Label	Ordinal_130	Ordinal_130	Global	IMPORTED	false	false	true
10005400	Function	guTexMemQueryAvail	guTexMemQueryAvail	Global	ANALYSIS	true	false	true
10005400	Label	_guTexMemQueryAvail@4	_guTexMemQueryAvail@4	Global	IMPORTED	false	false	true
10005440	Label	Ordinal_131	Ordinal_131	Global	IMPORTED	false	false	true
10005440	Function	guTexMemReset	guTexMemReset	Global	ANALYSIS	true	false	true
10005440	Label	_guTexMemReset@0	_guTexMemReset@0	Global	IMPORTED	false	false	true
100054a0	Function	FUN_100054a0	FUN_100054a0	Global	DEFAULT	true	false	false
100054da	Label	switchD	switchD_100054da::switchD	switchD_100054da	ANALYSIS	true	false	false
100054e1	Label	default	switchD_100054da::default	switchD_100054da	ANALYSIS	true	false	false
100054f8	Label	caseD_0	switchD_100054da::caseD_0	switchD_100054da	ANALYSIS	true	false	false
10005510	Label	caseD_1	switchD_100054da::caseD_1	switchD_100054da	ANALYSIS	true	false	false
10005528	Label	caseD_2	switchD_100054da::caseD_2	switchD_100054da	ANALYSIS	true	false	false
10005540	Label	caseD_3	switchD_100054da::caseD_3	switchD_100054da	ANALYSIS	true	false	false
10005558	Label	caseD_4	switchD_100054da::caseD_4	switchD_100054da	ANALYSIS	true	false	false
10005568	Label	caseD_5	switchD_100054da::caseD_5	switchD_100054da	ANALYSIS	true	false	false
100055be	Label	caseD_6	switchD_100054da::caseD_6	switchD_100054da	ANALYSIS	true	false	false
100055d8	Label	switchdataD_100055d8	switchD_100054da::switchdataD_100055d8	switchD_100054da	ANALYSIS	true	false	false
10005600	Label	Ordinal_115	Ordinal_115	Global	IMPORTED	false	false	true
10005600	Function	guMPDrawTriangle	guMPDrawTriangle	Global	ANALYSIS	true	false	true
10005600	Label	_guMPDrawTriangle@12	_guMPDrawTriangle@12	Global	IMPORTED	false	false	true
10005e20	Label	Ordinal_3	Ordinal_3	Global	IMPORTED	false	false	true
10005e20	Function	grAADrawPoint	grAADrawPoint	Global	ANALYSIS	true	false	true
10005e20	Label	_grAADrawPoint@4	_grAADrawPoint@4	Global	IMPORTED	false	false	true
10005f70	Label	Ordinal_2	Ordinal_2	Global	IMPORTED	false	false	true
10005f70	Function	grAADrawLine	grAADrawLine	Global	ANALYSIS	true	false	true
10005f70	Label	_grAADrawLine@8	_grAADrawLine@8	Global	IMPORTED	false	false	true
10006170	Label	Ordinal_6	Ordinal_6	Global	IMPORTED	false	false	true
10006170	Function	grAADrawTriangle	grAADrawTriangle	Global	ANALYSIS	true	false	true
10006170	Label	_grAADrawTriangle@24	_grAADrawTriangle@24	Global	IMPORTED	false	false	true
100062d0	Function	FUN_100062d0	FUN_100062d0	Global	DEFAULT	true	false	false
10006315	Label	switchD	switchD_10006315::switchD	switchD_10006315	ANALYSIS	true	false	false
1000631c	Label	caseD_0	switchD_10006315::caseD_0	switchD_10006315	ANALYSIS	true	false	false
1000633c	Label	caseD_1	switchD_10006315::caseD_1	switchD_10006315	ANALYSIS	true	false	false
10006354	Label	caseD_2	switchD_10006315::caseD_2	switchD_10006315	ANALYSIS	true	false	false
10006374	Label	caseD_3	switchD_10006315::caseD_3	switchD_10006315	ANALYSIS	true	false	false
10006392	Label	default	switchD_10006315::default	switchD_10006315	ANALYSIS	true	false	false
100063f4	Label	switchdataD_100063f4	switchD_10006315::switchdataD_100063f4	switchD_10006315	ANALYSIS	true	false	false
10006410	Function	FUN_10006410	FUN_10006410	Global	DEFAULT	true	false	false
100068c0	Function	FUN_100068c0	FUN_100068c0	Global	DEFAULT	true	false	false
10006980	Label	Ordinal_4	Ordinal_4	Global	IMPORTED	false	false	true
10006980	Function	grAADrawPolygon	grAADrawPolygon	Global	ANALYSIS	true	false	true
10006980	Label	_grAADrawPolygon@12	_grAADrawPolygon@12	Global	IMPORTED	false	false	true
10006a70	Label	Ordinal_5	Ordinal_5	Global	IMPORTED	false	false	true
10006a70	Function	grAADrawPolygonVertexList	grAADrawPolygonVertexList	Global	ANALYSIS	true	false	true
10006a70	Label	_grAADrawPolygonVertexList@8	_grAADrawPolygonVertexList@8	Global	IMPORTED	false	false	true
10006b00	Label	Ordinal_33	Ordinal_33	Global	IMPORTED	false	false	true
10006b00	Function	grDrawPoint	grDrawPoint	Global	ANALYSIS	true	false	true
10006b00	Label	_grDrawPoint@4	_grDrawPoint@4	Global	IMPORTED	false	false	true
10006df0	Label	Ordinal_30	Ordinal_30	Global	IMPORTED	false	false	true
10006df0	Function	grDrawLine	grDrawLine	Global	ANALYSIS	true	false	true
10006df0	Label	_grDrawLine@8	_grDrawLine@8	Global	IMPORTED	false	false	true
100076b0	Label	Ordinal_36	Ordinal_36	Global	IMPORTED	false	false	true
100076b0	Function	grDrawTriangle	grDrawTriangle	Global	ANALYSIS	true	false	true
100076b0	Label	_grDrawTriangle@12	_grDrawTriangle@12	Global	IMPORTED	false	false	true
100076d0	Label	Ordinal_31	Ordinal_31	Global	IMPORTED	false	false	true
100076d0	Function	grDrawPlanarPolygon	grDrawPlanarPolygon	Global	ANALYSIS	true	false	true
100076d0	Label	_grDrawPlanarPolygon@12	_grDrawPlanarPolygon@12	Global	IMPORTED	false	false	true
100076e0	Label	Ordinal_32	Ordinal_32	Global	IMPORTED	false	false	true
100076e0	Function	grDrawPlanarPolygonVertexList	grDrawPlanarPolygonVertexList	Global	ANALYSIS	true	false	true
100076e0	Label	_grDrawPlanarPolygonVertexList@8	_grDrawPlanarPolygonVertexList@8	Global	IMPORTED	false	false	true
10007750	Label	Ordinal_34	Ordinal_34	Global	IMPORTED	false	false	true
10007750	Function	grDrawPolygon	grDrawPolygon	Global	ANALYSIS	true	false	true
10007750	Label	_grDrawPolygon@12	_grDrawPolygon@12	Global	IMPORTED	false	false	true
100077b0	Label	Ordinal_35	Ordinal_35	Global	IMPORTED	false	false	true
100077b0	Function	grDrawPolygonVertexList	grDrawPolygonVertexList	Global	ANALYSIS	true	false	true
100077b0	Label	_grDrawPolygonVertexList@8	_grDrawPolygonVertexList@8	Global	IMPORTED	false	false	true
100077e0	Function	FUN_100077e0	FUN_100077e0	Global	DEFAULT	true	false	false
10007a40	Label	Ordinal_7	Ordinal_7	Global	IMPORTED	false	false	true
10007a40	Function	grAlphaBlendFunction	grAlphaBlendFunction	Global	ANALYSIS	true	false	true
10007a40	Label	_grAlphaBlendFunction@16	_grAlphaBlendFunction@16	Global	IMPORTED	false	false	true
10007b10	Label	Ordinal_8	Ordinal_8	Global	IMPORTED	false	false	true
10007b10	Function	grAlphaCombine	grAlphaCombine	Global	ANALYSIS	true	false	true
10007b10	Label	_grAlphaCombine@20	_grAlphaCombine@20	Global	IMPORTED	false	false	true
10007bcc	Label	switchD	switchD_10007bcc::switchD	switchD_10007bcc	ANALYSIS	true	false	false
10007bd3	Label	caseD_0	switchD_10007bcc::caseD_0	switchD_10007bcc	ANALYSIS	true	false	false
10007bdb	Label	caseD_1	switchD_10007bcc::caseD_1	switchD_10007bcc	ANALYSIS	true	false	false
10007bdb	Label	caseD_2	switchD_10007bcc::caseD_2	switchD_10007bcc	ANALYSIS	false	false	false
10007be3	Label	caseD_4	switchD_10007bcc::caseD_4	switchD_10007bcc	ANALYSIS	true	false	false
10007be3	Label	caseD_5	switchD_10007bcc::caseD_5	switchD_10007bcc	ANALYSIS	false	false	false
10007beb	Label	caseD_6	switchD_10007bcc::caseD_6	switchD_10007bcc	ANALYSIS	true	false	false
10007bf3	Label	caseD_7	switchD_10007bcc::caseD_7	switchD_10007bcc	ANALYSIS	true	false	false
10007bf3	Label	caseD_8	switchD_10007bcc::caseD_8	switchD_10007bcc	ANALYSIS	false	false	false
10007bfb	Label	caseD_9	switchD_10007bcc::caseD_9	switchD_10007bcc	ANALYSIS	true	false	false
10007bfb	Label	caseD_10	switchD_10007bcc::caseD_10	switchD_10007bcc	ANALYSIS	false	false	false
10007c01	Label	caseD_3	switchD_10007bcc::caseD_3	switchD_10007bcc	ANALYSIS	true	false	false
10007c01	Label	caseD_a	switchD_10007bcc::caseD_a	switchD_10007bcc	ANALYSIS	false	false	false
10007c01	Label	caseD_b	switchD_10007bcc::caseD_b	switchD_10007bcc	ANALYSIS	false	false	false
10007c01	Label	caseD_c	switchD_10007bcc::caseD_c	switchD_10007bcc	ANALYSIS	false	false	false
10007c01	Label	caseD_d	switchD_10007bcc::caseD_d	switchD_10007bcc	ANALYSIS	false	false	false
10007c01	Label	caseD_e	switchD_10007bcc::caseD_e	switchD_10007bcc	ANALYSIS	false	false	false
10007c01	Label	caseD_f	switchD_10007bcc::caseD_f	switchD_10007bcc	ANALYSIS	false	false	false
10007cb8	Label	switchdataD_10007cb8	switchD_10007bcc::switchdataD_10007cb8	switchD_10007bcc	ANALYSIS	true	false	false
10007cd8	Label	switchdataD_10007cd8	switchD_10007bcc::switchdataD_10007cd8	switchD_10007bcc	ANALYSIS	true	false	false
10007cf0	Label	Ordinal_9	Ordinal_9	Global	IMPORTED	false	false	true
10007cf0	Function	grAlphaControlsITRGBLighting	grAlphaControlsITRGBLighting	Global	ANALYSIS	true	false	true
10007cf0	Label	_grAlphaControlsITRGBLighting@4	_grAlphaControlsITRGBLighting@4	Global	IMPORTED	false	false	true
10007d80	Label	Ordinal_10	Ordinal_10	Global	IMPORTED	false	false	true
10007d80	Function	grAlphaTestFunction	grAlphaTestFunction	Global	ANALYSIS	true	false	true
10007d80	Label	_grAlphaTestFunction@4	_grAlphaTestFunction@4	Global	IMPORTED	false	false	true
10007e10	Label	Ordinal_11	Ordinal_11	Global	IMPORTED	false	false	true
10007e10	Function	grAlphaTestReferenceValue	grAlphaTestReferenceValue	Global	ANALYSIS	true	false	true
10007e10	Label	_grAlphaTestReferenceValue@4	_grAlphaTestReferenceValue@4	Global	IMPORTED	false	false	true
10007e90	Label	Ordinal_12	Ordinal_12	Global	IMPORTED	false	false	true
10007e90	Function	grBufferClear	grBufferClear	Global	ANALYSIS	true	false	true
10007e90	Label	_grBufferClear@12	_grBufferClear@12	Global	IMPORTED	false	false	true
100081f0	Label	Ordinal_14	Ordinal_14	Global	IMPORTED	false	false	true
100081f0	Function	grBufferSwap	grBufferSwap	Global	ANALYSIS	true	false	true
100081f0	Label	_grBufferSwap@4	_grBufferSwap@4	Global	IMPORTED	false	false	true
10008230	Label	Ordinal_13	Ordinal_13	Global	IMPORTED	false	false	true
10008230	Function	grBufferNumPending	grBufferNumPending	Global	ANALYSIS	true	false	true
10008230	Label	_grBufferNumPending@0	_grBufferNumPending@0	Global	IMPORTED	false	false	true
10008240	Label	Ordinal_16	Ordinal_16	Global	IMPORTED	false	false	true
10008240	Function	grChromakeyMode	grChromakeyMode	Global	ANALYSIS	true	false	true
10008240	Label	_grChromakeyMode@4	_grChromakeyMode@4	Global	IMPORTED	false	false	true
100082d0	Label	Ordinal_17	Ordinal_17	Global	IMPORTED	false	false	true
100082d0	Function	grChromakeyValue	grChromakeyValue	Global	ANALYSIS	true	false	true
100082d0	Label	_grChromakeyValue@4	_grChromakeyValue@4	Global	IMPORTED	false	false	true
10008350	Label	Ordinal_18	Ordinal_18	Global	IMPORTED	false	false	true
10008350	Function	grClipWindow	grClipWindow	Global	ANALYSIS	true	false	true
10008350	Label	_grClipWindow@16	_grClipWindow@16	Global	IMPORTED	false	false	true
10008450	Label	Ordinal_19	Ordinal_19	Global	IMPORTED	false	false	true
10008450	Function	grColorCombine	grColorCombine	Global	ANALYSIS	true	false	true
10008450	Label	_grColorCombine@20	_grColorCombine@20	Global	IMPORTED	false	false	true
1000850f	Label	switchD	switchD_1000850f::switchD	switchD_1000850f	ANALYSIS	true	false	false
10008516	Label	caseD_0	switchD_1000850f::caseD_0	switchD_1000850f	ANALYSIS	true	false	false
1000851e	Label	caseD_1	switchD_1000850f::caseD_1	switchD_1000850f	ANALYSIS	true	false	false
10008526	Label	caseD_2	switchD_1000850f::caseD_2	switchD_1000850f	ANALYSIS	true	false	false
1000852e	Label	caseD_4	switchD_1000850f::caseD_4	switchD_1000850f	ANALYSIS	true	false	false
10008536	Label	caseD_5	switchD_1000850f::caseD_5	switchD_1000850f	ANALYSIS	true	false	false
1000853e	Label	caseD_6	switchD_1000850f::caseD_6	switchD_1000850f	ANALYSIS	true	false	false
10008546	Label	caseD_7	switchD_1000850f::caseD_7	switchD_1000850f	ANALYSIS	true	false	false
1000854e	Label	caseD_8	switchD_1000850f::caseD_8	switchD_1000850f	ANALYSIS	true	false	false
10008556	Label	caseD_9	switchD_1000850f::caseD_9	switchD_1000850f	ANALYSIS	true	false	false
1000855e	Label	caseD_10	switchD_1000850f::caseD_10	switchD_1000850f	ANALYSIS	true	false	false
10008564	Label	caseD_3	switchD_1000850f::caseD_3	switchD_1000850f	ANALYSIS	true	false	false
10008564	Label	caseD_a	switchD_1000850f::caseD_a	switchD_1000850f	ANALYSIS	false	false	false
10008564	Label	caseD_b	switchD_1000850f::caseD_b	switchD_1000850f	ANALYSIS	false	false	false
10008564	Label	caseD_c	switchD_1000850f::caseD_c	switchD_1000850f	ANALYSIS	false	false	false
10008564	Label	caseD_d	switchD_1000850f::caseD_d	switchD_1000850f	ANALYSIS	false	false	false
10008564	Label	caseD_e	switchD_1000850f::caseD_e	switchD_1000850f	ANALYSIS	false	false	false
10008564	Label	caseD_f	switchD_1000850f::caseD_f	switchD_1000850f	ANALYSIS	false	false	false
10008618	Label	switchdataD_10008618	switchD_1000850f::switchdataD_10008618	switchD_1000850f	ANALYSIS	true	false	false
10008644	Label	switchdataD_10008644	switchD_1000850f::switchdataD_10008644	switchD_1000850f	ANALYSIS	true	false	false
10008660	Label	Ordinal_20	Ordinal_20	Global	IMPORTED	false	false	true
10008660	Function	grColorMask	grColorMask	Global	ANALYSIS	true	false	true
10008660	Label	_grColorMask@8	_grColorMask@8	Global	IMPORTED	false	false	true
10008710	Label	Ordinal_22	Ordinal_22	Global	IMPORTED	false	false	true
10008710	Function	grConstantColorValue	grConstantColorValue	Global	ANALYSIS	true	false	true
10008710	Label	_grConstantColorValue@4	_grConstantColorValue@4	Global	IMPORTED	false	false	true
100087e0	Label	Ordinal_21	Ordinal_21	Global	IMPORTED	false	false	true
100087e0	Function	grConstantColorValue4	grConstantColorValue4	Global	ANALYSIS	true	false	true
100087e0	Label	_grConstantColorValue4@16	_grConstantColorValue4@16	Global	IMPORTED	false	false	true
10008900	Label	Ordinal_23	Ordinal_23	Global	IMPORTED	false	false	true
10008900	Function	grCullMode	grCullMode	Global	ANALYSIS	true	false	true
10008900	Label	_grCullMode@4	_grCullMode@4	Global	IMPORTED	false	false	true
10008920	Label	Ordinal_24	Ordinal_24	Global	IMPORTED	false	false	true
10008920	Function	grDepthBiasLevel	grDepthBiasLevel	Global	ANALYSIS	true	false	true
10008920	Label	_grDepthBiasLevel@4	_grDepthBiasLevel@4	Global	IMPORTED	false	false	true
100089b0	Label	Ordinal_25	Ordinal_25	Global	IMPORTED	false	false	true
100089b0	Function	grDepthBufferFunction	grDepthBufferFunction	Global	ANALYSIS	true	false	true
100089b0	Label	_grDepthBufferFunction@4	_grDepthBufferFunction@4	Global	IMPORTED	false	false	true
10008a30	Label	Ordinal_26	Ordinal_26	Global	IMPORTED	false	false	true
10008a30	Function	grDepthBufferMode	grDepthBufferMode	Global	ANALYSIS	true	false	true
10008a30	Label	_grDepthBufferMode@4	_grDepthBufferMode@4	Global	IMPORTED	false	false	true
10008a6a	Label	switchD	switchD_10008a6a::switchD	switchD_10008a6a	ANALYSIS	true	false	false
10008a71	Label	caseD_1	switchD_10008a6a::caseD_1	switchD_10008a6a	ANALYSIS	true	false	false
10008a79	Label	caseD_2	switchD_10008a6a::caseD_2	switchD_10008a6a	ANALYSIS	true	false	false
10008a81	Label	caseD_3	switchD_10008a6a::caseD_3	switchD_10008a6a	ANALYSIS	true	false	false
10008a89	Label	caseD_4	switchD_10008a6a::caseD_4	switchD_10008a6a	ANALYSIS	true	false	false
10008a8f	Label	default	switchD_10008a6a::default	switchD_10008a6a	ANALYSIS	true	false	false
10008adc	Label	switchdataD_10008adc	switchD_10008a6a::switchdataD_10008adc	switchD_10008a6a	ANALYSIS	true	false	false
10008af0	Label	Ordinal_27	Ordinal_27	Global	IMPORTED	false	false	true
10008af0	Function	grDepthMask	grDepthMask	Global	ANALYSIS	true	false	true
10008af0	Label	_grDepthMask@4	_grDepthMask@4	Global	IMPORTED	false	false	true
10008b80	Label	Ordinal_28	Ordinal_28	Global	IMPORTED	false	false	true
10008b80	Function	grDisableAllEffects	grDisableAllEffects	Global	ANALYSIS	true	false	true
10008b80	Label	_grDisableAllEffects@0	_grDisableAllEffects@0	Global	IMPORTED	false	false	true
10008bc0	Label	Ordinal_29	Ordinal_29	Global	IMPORTED	false	false	true
10008bc0	Function	grDitherMode	grDitherMode	Global	ANALYSIS	true	false	true
10008bc0	Label	_grDitherMode@4	_grDitherMode@4	Global	IMPORTED	false	false	true
10008c70	Label	Ordinal_39	Ordinal_39	Global	IMPORTED	false	false	true
10008c70	Function	grFogMode	grFogMode	Global	ANALYSIS	true	false	true
10008c70	Label	_grFogMode@4	_grFogMode@4	Global	IMPORTED	false	false	true
10008d20	Label	Ordinal_38	Ordinal_38	Global	IMPORTED	false	false	true
10008d20	Function	grFogColorValue	grFogColorValue	Global	ANALYSIS	true	false	true
10008d20	Label	_grFogColorValue@4	_grFogColorValue@4	Global	IMPORTED	false	false	true
10008da0	Label	Ordinal_40	Ordinal_40	Global	IMPORTED	false	false	true
10008da0	Function	grFogTable	grFogTable	Global	ANALYSIS	true	false	true
10008da0	Label	_grFogTable@4	_grFogTable@4	Global	IMPORTED	false	false	true
10008e80	Label	Ordinal_47	Ordinal_47	Global	IMPORTED	false	false	true
10008e80	Function	grGlideShutdown	grGlideShutdown	Global	ANALYSIS	true	false	true
10008e80	Label	_grGlideShutdown@0	_grGlideShutdown@0	Global	IMPORTED	false	false	true
10008ef0	Label	Ordinal_45	Ordinal_45	Global	IMPORTED	false	false	true
10008ef0	Function	grGlideSetState	grGlideSetState	Global	ANALYSIS	true	false	true
10008ef0	Label	_grGlideSetState@4	_grGlideSetState@4	Global	IMPORTED	false	false	true
10009500	Label	Ordinal_57	Ordinal_57	Global	IMPORTED	false	false	true
10009500	Function	grRenderBuffer	grRenderBuffer	Global	ANALYSIS	true	false	true
10009500	Label	_grRenderBuffer@4	_grRenderBuffer@4	Global	IMPORTED	false	false	true
10009510	Label	Ordinal_15	Ordinal_15	Global	IMPORTED	false	false	true
10009510	Function	grCheckForRoom	grCheckForRoom	Global	ANALYSIS	true	false	true
10009510	Label	_grCheckForRoom@4	_grCheckForRoom@4	Global	IMPORTED	false	false	true
10009530	Function	FUN_10009530	FUN_10009530	Global	DEFAULT	true	false	false
10009680	Function	FUN_10009680	FUN_10009680	Global	DEFAULT	true	false	false
100098e0	Label	Ordinal_49	Ordinal_49	Global	IMPORTED	false	false	true
100098e0	Function	grLfbConstantAlpha	grLfbConstantAlpha	Global	ANALYSIS	true	false	true
100098e0	Label	_grLfbConstantAlpha@4	_grLfbConstantAlpha@4	Global	IMPORTED	false	false	true
10009900	Label	Ordinal_50	Ordinal_50	Global	IMPORTED	false	false	true
10009900	Function	grLfbConstantDepth	grLfbConstantDepth	Global	ANALYSIS	true	false	true
10009900	Label	_grLfbConstantDepth@4	_grLfbConstantDepth@4	Global	IMPORTED	false	false	true
10009920	Label	Ordinal_51	Ordinal_51	Global	IMPORTED	false	false	true
10009920	Function	grLfbLock	grLfbLock	Global	ANALYSIS	true	false	true
10009920	Label	_grLfbLock@24	_grLfbLock@24	Global	IMPORTED	false	false	true
10009a30	Label	Ordinal_53	Ordinal_53	Global	IMPORTED	false	false	true
10009a30	Function	grLfbUnlock	grLfbUnlock	Global	ANALYSIS	true	false	true
10009a30	Label	_grLfbUnlock@8	_grLfbUnlock@8	Global	IMPORTED	false	false	true
10009a70	Label	Ordinal_54	Ordinal_54	Global	IMPORTED	false	false	true
10009a70	Function	grLfbWriteColorFormat	grLfbWriteColorFormat	Global	ANALYSIS	true	false	true
10009a70	Label	_grLfbWriteColorFormat@4	_grLfbWriteColorFormat@4	Global	IMPORTED	false	false	true
10009a80	Label	Ordinal_55	Ordinal_55	Global	IMPORTED	false	false	true
10009a80	Function	grLfbWriteColorSwizzle	grLfbWriteColorSwizzle	Global	ANALYSIS	true	false	true
10009a80	Label	_grLfbWriteColorSwizzle@8	_grLfbWriteColorSwizzle@8	Global	IMPORTED	false	false	true
10009a90	Label	Ordinal_56	Ordinal_56	Global	IMPORTED	false	false	true
10009a90	Function	grLfbWriteRegion	grLfbWriteRegion	Global	ANALYSIS	true	false	true
10009a90	Label	_grLfbWriteRegion@32	_grLfbWriteRegion@32	Global	IMPORTED	false	false	true
10009c10	Label	Ordinal_52	Ordinal_52	Global	IMPORTED	false	false	true
10009c10	Function	grLfbReadRegion	grLfbReadRegion	Global	ANALYSIS	true	false	true
10009c10	Label	_grLfbReadRegion@28	_grLfbReadRegion@28	Global	IMPORTED	false	false	true
10009d60	Label	Ordinal_77	Ordinal_77	Global	IMPORTED	false	false	true
10009d60	Function	grSstWinOpen	grSstWinOpen	Global	ANALYSIS	true	false	true
10009d60	Label	_grSstWinOpen@28	_grSstWinOpen@28	Global	IMPORTED	false	false	true
1000a1d0	Label	Ordinal_76	Ordinal_76	Global	IMPORTED	false	false	true
1000a1d0	Function	grSstWinClose	grSstWinClose	Global	ANALYSIS	true	false	true
1000a1d0	Label	_grSstWinClose@0	_grSstWinClose@0	Global	IMPORTED	false	false	true
1000a200	Label	Ordinal_61	Ordinal_61	Global	IMPORTED	false	false	true
1000a200	Function	grSstControl	grSstControl	Global	ANALYSIS	true	false	true
1000a200	Label	_grSstControl@4	_grSstControl@4	Global	IMPORTED	false	false	true
1000a280	Label	Ordinal_65	Ordinal_65	Global	IMPORTED	false	false	true
1000a280	Function	grSstPerfStats	grSstPerfStats	Global	ANALYSIS	true	false	true
1000a280	Label	_grSstPerfStats@4	_grSstPerfStats@4	Global	IMPORTED	false	false	true
1000a2c0	Label	Ordinal_68	Ordinal_68	Global	IMPORTED	false	false	true
1000a2c0	Function	grSstResetPerfStats	grSstResetPerfStats	Global	ANALYSIS	true	false	true
1000a2c0	Label	_grSstResetPerfStats@0	_grSstResetPerfStats@0	Global	IMPORTED	false	false	true
1000a330	Label	Ordinal_72	Ordinal_72	Global	IMPORTED	false	false	true
1000a330	Function	grSstStatus	grSstStatus	Global	ANALYSIS	true	false	true
1000a330	Label	_grSstStatus@0	_grSstStatus@0	Global	IMPORTED	false	false	true
1000a340	Label	Ordinal_75	Ordinal_75	Global	IMPORTED	false	false	true
1000a340	Function	grSstVideoLine	grSstVideoLine	Global	ANALYSIS	true	false	true
1000a340	Label	_grSstVideoLine@0	_grSstVideoLine@0	Global	IMPORTED	false	false	true
1000a350	Label	Ordinal_73	Ordinal_73	Global	IMPORTED	false	false	true
1000a350	Function	grSstVRetraceOn	grSstVRetraceOn	Global	ANALYSIS	true	false	true
1000a350	Label	_grSstVRetraceOn@0	_grSstVRetraceOn@0	Global	IMPORTED	false	false	true
1000a370	Label	Ordinal_63	Ordinal_63	Global	IMPORTED	false	false	true
1000a370	Function	grSstIsBusy	grSstIsBusy	Global	ANALYSIS	true	false	true
1000a370	Label	_grSstIsBusy@0	_grSstIsBusy@0	Global	IMPORTED	false	false	true
1000a380	Label	Ordinal_41	Ordinal_41	Global	IMPORTED	false	false	true
1000a380	Function	grGammaCorrectionValue	grGammaCorrectionValue	Global	ANALYSIS	true	false	true
1000a380	Label	_grGammaCorrectionValue@4	_grGammaCorrectionValue@4	Global	IMPORTED	false	false	true
1000a3a0	Label	Ordinal_62	Ordinal_62	Global	IMPORTED	false	false	true
1000a3a0	Function	grSstIdle	grSstIdle	Global	ANALYSIS	true	false	true
1000a3a0	Label	_grSstIdle@0	_grSstIdle@0	Global	IMPORTED	false	false	true
1000a3b0	Label	Ordinal_64	Ordinal_64	Global	IMPORTED	false	false	true
1000a3b0	Function	grSstOrigin	grSstOrigin	Global	ANALYSIS	true	false	true
1000a3b0	Label	_grSstOrigin@4	_grSstOrigin@4	Global	IMPORTED	false	false	true
1000a440	Label	Ordinal_60	Ordinal_60	Global	IMPORTED	false	false	true
1000a440	Function	grSstConfigPipeline	grSstConfigPipeline	Global	ANALYSIS	true	false	true
1000a440	Label	_grSstConfigPipeline@12	_grSstConfigPipeline@12	Global	IMPORTED	false	false	true
1000a4d0	Label	Ordinal_79	Ordinal_79	Global	IMPORTED	false	false	true
1000a4d0	Function	grTexClampMode	grTexClampMode	Global	ANALYSIS	true	false	true
1000a4d0	Label	_grTexClampMode@12	_grTexClampMode@12	Global	IMPORTED	false	false	true
1000a580	Label	Ordinal_80	Ordinal_80	Global	IMPORTED	false	false	true
1000a580	Function	grTexCombine	grTexCombine	Global	ANALYSIS	true	false	true
1000a580	Label	_grTexCombine@28	_grTexCombine@28	Global	IMPORTED	false	false	true
1000a680	Label	switchD	switchD_1000a680::switchD	switchD_1000a680	ANALYSIS	true	false	false
1000a687	Label	caseD_0	switchD_1000a680::caseD_0	switchD_1000a680	ANALYSIS	true	false	false
1000a68f	Label	caseD_1	switchD_1000a680::caseD_1	switchD_1000a680	ANALYSIS	true	false	false
1000a697	Label	caseD_2	switchD_1000a680::caseD_2	switchD_1000a680	ANALYSIS	true	false	false
1000a69f	Label	caseD_4	switchD_1000a680::caseD_4	switchD_1000a680	ANALYSIS	true	false	false
1000a6a7	Label	caseD_5	switchD_1000a680::caseD_5	switchD_1000a680	ANALYSIS	true	false	false
1000a6af	Label	caseD_6	switchD_1000a680::caseD_6	switchD_1000a680	ANALYSIS	true	false	false
1000a6b7	Label	caseD_7	switchD_1000a680::caseD_7	switchD_1000a680	ANALYSIS	true	false	false
1000a6bf	Label	caseD_8	switchD_1000a680::caseD_8	switchD_1000a680	ANALYSIS	true	false	false
1000a6c7	Label	caseD_9	switchD_1000a680::caseD_9	switchD_1000a680	ANALYSIS	true	false	false
1000a6cf	Label	caseD_10	switchD_1000a680::caseD_10	switchD_1000a680	ANALYSIS	true	false	false
1000a6db	Label	caseD_3	switchD_1000a680::caseD_3	switchD_1000a680	ANALYSIS	true	false	false
1000a6db	Label	caseD_a	switchD_1000a680::caseD_a	switchD_1000a680	ANALYSIS	false	false	false
1000a6db	Label	caseD_b	switchD_1000a680::caseD_b	switchD_1000a680	ANALYSIS	false	false	false
1000a6db	Label	caseD_c	switchD_1000a680::caseD_c	switchD_1000a680	ANALYSIS	false	false	false
1000a6db	Label	caseD_d	switchD_1000a680::caseD_d	switchD_1000a680	ANALYSIS	false	false	false
1000a6db	Label	caseD_e	switchD_1000a680::caseD_e	switchD_1000a680	ANALYSIS	false	false	false
1000a6db	Label	caseD_f	switchD_1000a680::caseD_f	switchD_1000a680	ANALYSIS	false	false	false
1000a6ec	Label	switchD	switchD_1000a6ec::switchD	switchD_1000a6ec	ANALYSIS	true	false	false
1000a6f3	Label	caseD_0	switchD_1000a6ec::caseD_0	switchD_1000a6ec	ANALYSIS	true	false	false
1000a6fb	Label	caseD_1	switchD_1000a6ec::caseD_1	switchD_1000a6ec	ANALYSIS	true	false	false
1000a703	Label	caseD_2	switchD_1000a6ec::caseD_2	switchD_1000a6ec	ANALYSIS	true	false	false
1000a70b	Label	caseD_4	switchD_1000a6ec::caseD_4	switchD_1000a6ec	ANALYSIS	true	false	false
1000a713	Label	caseD_5	switchD_1000a6ec::caseD_5	switchD_1000a6ec	ANALYSIS	true	false	false
1000a71b	Label	caseD_6	switchD_1000a6ec::caseD_6	switchD_1000a6ec	ANALYSIS	true	false	false
1000a723	Label	caseD_7	switchD_1000a6ec::caseD_7	switchD_1000a6ec	ANALYSIS	true	false	false
1000a72b	Label	caseD_8	switchD_1000a6ec::caseD_8	switchD_1000a6ec	ANALYSIS	true	false	false
1000a733	Label	caseD_9	switchD_1000a6ec::caseD_9	switchD_1000a6ec	ANALYSIS	true	false	false
1000a73b	Label	caseD_10	switchD_1000a6ec::caseD_10	switchD_1000a6ec	ANALYSIS	true	false	false
1000a747	Label	caseD_3	switchD_1000a6ec::caseD_3	switchD_1000a6ec	ANALYSIS	true	false	false
1000a747	Label	caseD_a	switchD_1000a6ec::caseD_a	switchD_1000a6ec	ANALYSIS	false	false	false
1000a747	Label	caseD_b	switchD_1000a6ec::caseD_b	switchD_1000a6ec	ANALYSIS	false	false	false
1000a747	Label	caseD_c	switchD_1000a6ec::caseD_c	switchD_1000a6ec	ANALYSIS	false	false	false
1000a747	Label	caseD_d	switchD_1000a6ec::caseD_d	switchD_1000a6ec	ANALYSIS	false	false	false
1000a747	Label	caseD_e	switchD_1000a6ec::caseD_e	switchD_1000a6ec	ANALYSIS	false	false	false
1000a747	Label	caseD_f	switchD_1000a6ec::caseD_f	switchD_1000a6ec	ANALYSIS	false	false	false
1000a82c	Label	switchdataD_1000a82c	switchD_1000a680::switchdataD_1000a82c	switchD_1000a680	ANALYSIS	true	false	false
1000a858	Label	switchdataD_1000a858	switchD_1000a680::switchdataD_1000a858	switchD_1000a680	ANALYSIS	true	false	false
1000a86c	Label	switchdataD_1000a86c	switchD_1000a6ec::switchdataD_1000a86c	switchD_1000a6ec	ANALYSIS	true	false	false
1000a898	Label	switchdataD_1000a898	switchD_1000a6ec::switchdataD_1000a898	switchD_1000a6ec	ANALYSIS	true	false	false
1000a8b0	Function	FUN_1000a8b0	FUN_1000a8b0	Global	DEFAULT	true	false	false
1000a940	Label	Ordinal_88	Ordinal_88	Global	IMPORTED	false	false	true
1000a940	Function	grTexFilterMode	grTexFilterMode	Global	ANALYSIS	true	false	true
1000a940	Label	_grTexFilterMode@12	_grTexFilterMode@12	Global	IMPORTED	false	false	true
1000a9f0	Label	Ordinal_89	Ordinal_89	Global	IMPORTED	false	false	true
1000a9f0	Function	grTexLodBiasValue	grTexLodBiasValue	Global	ANALYSIS	true	false	true
1000a9f0	Label	_grTexLodBiasValue@8	_grTexLodBiasValue@8	Global	IMPORTED	false	false	true
1000aab0	Label	Ordinal_92	Ordinal_92	Global	IMPORTED	false	false	true
1000aab0	Function	grTexMipMapMode	grTexMipMapMode	Global	ANALYSIS	true	false	true
1000aab0	Label	_grTexMipMapMode@12	_grTexMipMapMode@12	Global	IMPORTED	false	false	true
1000ac50	Label	Ordinal_95	Ordinal_95	Global	IMPORTED	false	false	true
1000ac50	Function	grTexNCCTable	grTexNCCTable	Global	ANALYSIS	true	false	true
1000ac50	Label	_grTexNCCTable@8	_grTexNCCTable@8	Global	IMPORTED	false	false	true
1000ad00	Label	Ordinal_96	Ordinal_96	Global	IMPORTED	false	false	true
1000ad00	Function	grTexSource	grTexSource	Global	ANALYSIS	true	false	true
1000ad00	Label	_grTexSource@16	_grTexSource@16	Global	IMPORTED	false	false	true
1000aed0	Label	Ordinal_93	Ordinal_93	Global	IMPORTED	false	false	true
1000aed0	Function	grTexMultibase	grTexMultibase	Global	ANALYSIS	true	false	true
1000aed0	Label	_grTexMultibase@8	_grTexMultibase@8	Global	IMPORTED	false	false	true
1000af80	Label	Ordinal_94	Ordinal_94	Global	IMPORTED	false	false	true
1000af80	Function	grTexMultibaseAddress	grTexMultibaseAddress	Global	ANALYSIS	true	false	true
1000af80	Label	_grTexMultibaseAddress@20	_grTexMultibaseAddress@20	Global	IMPORTED	false	false	true
1000afbf	Label	switchD	switchD_1000afbf::switchD	switchD_1000afbf	ANALYSIS	true	false	false
1000afc6	Label	caseD_0	switchD_1000afbf::caseD_0	switchD_1000afbf	ANALYSIS	true	false	false
1000b03d	Label	caseD_1	switchD_1000afbf::caseD_1	switchD_1000afbf	ANALYSIS	true	false	false
1000b0b4	Label	caseD_2	switchD_1000afbf::caseD_2	switchD_1000afbf	ANALYSIS	true	false	false
1000b12b	Label	caseD_3	switchD_1000afbf::caseD_3	switchD_1000afbf	ANALYSIS	true	false	false
1000b19b	Label	default	switchD_1000afbf::default	switchD_1000afbf	ANALYSIS	true	false	false
1000b1a4	Label	switchdataD_1000b1a4	switchD_1000afbf::switchdataD_1000b1a4	switchD_1000afbf	ANALYSIS	true	false	false
1000b1c0	Function	FUN_1000b1c0	FUN_1000b1c0	Global	DEFAULT	true	false	false
1000b2e0	Label	Ordinal_86	Ordinal_86	Global	IMPORTED	false	false	true
1000b2e0	Function	grTexDownloadTable	grTexDownloadTable	Global	ANALYSIS	true	false	true
1000b2e0	Label	_grTexDownloadTable@12	_grTexDownloadTable@12	Global	IMPORTED	false	false	true
1000b330	Label	Ordinal_85	Ordinal_85	Global	IMPORTED	false	false	true
1000b330	Function	grTexDownloadMipMapLevelPartial	grTexDownloadMipMapLevelPartial	Global	ANALYSIS	true	false	true
1000b330	Label	_grTexDownloadMipMapLevelPartial@40	_grTexDownloadMipMapLevelPartial@40	Global	IMPORTED	false	false	true
1000bc80	Function	FUN_1000bc80	FUN_1000bc80	Global	DEFAULT	true	false	false
1000bd80	Label	Ordinal_1	Ordinal_1	Global	IMPORTED	false	false	true
1000bd80	Function	_ConvertAndDownloadRle@64	_ConvertAndDownloadRle@64	Global	IMPORTED	true	false	true
1000c290	Label	Ordinal_132	Ordinal_132	Global	IMPORTED	false	false	true
1000c290	Function	guTexSource	guTexSource	Global	ANALYSIS	true	false	true
1000c290	Label	_guTexSource@4	_guTexSource@4	Global	IMPORTED	false	false	true
1000c500	Function	FUN_1000c500	FUN_1000c500	Global	DEFAULT	true	false	false
1000c970	Function	FUN_1000c970	FUN_1000c970	Global	DEFAULT	true	false	false
1000ccd0	Label	Ordinal_109	Ordinal_109	Global	IMPORTED	false	false	true
1000ccd0	Function	guFbReadRegion	guFbReadRegion	Global	ANALYSIS	true	false	true
1000ccd0	Label	_guFbReadRegion@24	_guFbReadRegion@24	Global	IMPORTED	false	false	true
1000cdb0	Label	Ordinal_110	Ordinal_110	Global	IMPORTED	false	false	true
1000cdb0	Function	guFbWriteRegion	guFbWriteRegion	Global	ANALYSIS	true	false	true
1000cdb0	Label	_guFbWriteRegion@24	_guFbWriteRegion@24	Global	IMPORTED	false	false	true
1000d0f0	Function	FUN_1000d0f0	FUN_1000d0f0	Global	DEFAULT	true	false	false
1000d20c	Function	FUN_1000d20c	FUN_1000d20c	Global	DEFAULT	true	false	false
1000d224	Function	FUN_1000d224	FUN_1000d224	Global	DEFAULT	true	false	false
1000d240	Function	FUN_1000d240	FUN_1000d240	Global	DEFAULT	true	false	false
1000d450	Function	FUN_1000d450	FUN_1000d450	Global	DEFAULT	true	false	false
1000d470	Function	FUN_1000d470	FUN_1000d470	Global	DEFAULT	true	false	false
1000d4b0	Function	FUN_1000d4b0	FUN_1000d4b0	Global	DEFAULT	true	false	false
1000d500	Function	FUN_1000d500	FUN_1000d500	Global	DEFAULT	true	false	false
1000d520	Function	FUN_1000d520	FUN_1000d520	Global	DEFAULT	true	false	false
1000d570	Function	FUN_1000d570	FUN_1000d570	Global	DEFAULT	true	false	false
1000d580	Function	FUN_1000d580	FUN_1000d580	Global	DEFAULT	true	false	false
1000d5b0	Function	FUN_1000d5b0	FUN_1000d5b0	Global	DEFAULT	true	false	false
1000d5c0	Function	FUN_1000d5c0	FUN_1000d5c0	Global	DEFAULT	true	false	false
1000d5e0	Function	FUN_1000d5e0	FUN_1000d5e0	Global	DEFAULT	true	false	false
1000d5f0	Function	FUN_1000d5f0	FUN_1000d5f0	Global	DEFAULT	true	false	false
1000d610	Function	FUN_1000d610	FUN_1000d610	Global	DEFAULT	true	false	false
1000d620	Function	FUN_1000d620	FUN_1000d620	Global	DEFAULT	true	false	false
1000d650	Function	FUN_1000d650	FUN_1000d650	Global	DEFAULT	true	false	false
1000d670	Function	FUN_1000d670	FUN_1000d670	Global	DEFAULT	true	false	false
1000d6c0	Function	FUN_1000d6c0	FUN_1000d6c0	Global	DEFAULT	true	false	false
1000d6f0	Function	FUN_1000d6f0	FUN_1000d6f0	Global	DEFAULT	true	false	false
1000d720	Function	FUN_1000d720	FUN_1000d720	Global	DEFAULT	true	false	false
1000d780	Function	FUN_1000d780	FUN_1000d780	Global	DEFAULT	true	false	false
1000d7f0	Function	FUN_1000d7f0	FUN_1000d7f0	Global	DEFAULT	true	false	false
1000d8a0	Function	FUN_1000d8a0	FUN_1000d8a0	Global	DEFAULT	true	false	false
1000d990	Function	FUN_1000d990	FUN_1000d990	Global	DEFAULT	true	false	false
1000d9d0	Function	FUN_1000d9d0	FUN_1000d9d0	Global	DEFAULT	true	false	false
1000dac0	Function	FUN_1000dac0	FUN_1000dac0	Global	DEFAULT	true	false	false
1000db50	Function	FUN_1000db50	FUN_1000db50	Global	DEFAULT	true	false	false
1000db90	Function	FUN_1000db90	FUN_1000db90	Global	DEFAULT	true	false	false
1000e1a5	Function	FUN_1000e1a5	FUN_1000e1a5	Global	DEFAULT	true	false	false
1000eeaf	Function	FUN_1000eeaf	FUN_1000eeaf	Global	DEFAULT	true	false	false
1000f240	Function	FUN_1000f240	FUN_1000f240	Global	DEFAULT	true	false	false
1000f49b	Function	FUN_1000f49b	FUN_1000f49b	Global	DEFAULT	true	false	false
1000f53b	Function	FUN_1000f53b	FUN_1000f53b	Global	DEFAULT	true	false	false
1000f561	Function	FUN_1000f561	FUN_1000f561	Global	DEFAULT	true	false	false
1000f815	Function	FUN_1000f815	FUN_1000f815	Global	DEFAULT	true	false	false
1000f8b0	Function	FUN_1000f8b0	FUN_1000f8b0	Global	DEFAULT	true	false	false
1000fa30	Function	FUN_1000fa30	FUN_1000fa30	Global	DEFAULT	true	false	false
1000fb50	Function	FUN_1000fb50	FUN_1000fb50	Global	DEFAULT	true	false	false
1000fc40	Function	FUN_1000fc40	FUN_1000fc40	Global	DEFAULT	true	false	false
1000fdc0	Function	FUN_1000fdc0	FUN_1000fdc0	Global	DEFAULT	true	false	false
1000feb0	Function	FUN_1000feb0	FUN_1000feb0	Global	DEFAULT	true	false	false
1000ff60	Function	FUN_1000ff60	FUN_1000ff60	Global	DEFAULT	true	false	false
10010290	Function	FUN_10010290	FUN_10010290	Global	DEFAULT	true	false	false
100102b0	Function	FUN_100102b0	FUN_100102b0	Global	DEFAULT	true	false	false
100103b0	Function	FUN_100103b0	FUN_100103b0	Global	DEFAULT	true	false	false
100103f0	Function	FUN_100103f0	FUN_100103f0	Global	DEFAULT	true	false	false
10010480	Function	FUN_10010480	FUN_10010480	Global	DEFAULT	true	false	false
100104b0	Function	FUN_100104b0	FUN_100104b0	Global	DEFAULT	true	false	false
10010580	Function	FUN_10010580	FUN_10010580	Global	DEFAULT	true	false	false
100105d0	Function	FUN_100105d0	FUN_100105d0	Global	DEFAULT	true	false	false
100106c0	Function	FUN_100106c0	FUN_100106c0	Global	DEFAULT	true	false	false
10010730	Function	FUN_10010730	FUN_10010730	Global	DEFAULT	true	false	false
10010820	Function	FUN_10010820	FUN_10010820	Global	DEFAULT	true	false	false
10010852	Label	switchD	switchD_10010852::switchD	switchD_10010852	ANALYSIS	true	false	false
10010859	Label	caseD_0	switchD_10010852::caseD_0	switchD_10010852	ANALYSIS	true	false	false
1001085d	Label	caseD_1	switchD_10010852::caseD_1	switchD_10010852	ANALYSIS	true	false	false
10010861	Label	caseD_2	switchD_10010852::caseD_2	switchD_10010852	ANALYSIS	true	false	false
10010865	Label	caseD_6	switchD_10010852::caseD_6	switchD_10010852	ANALYSIS	true	false	false
10010867	Label	caseD_3	switchD_10010852::caseD_3	switchD_10010852	ANALYSIS	true	false	false
10010867	Label	caseD_4	switchD_10010852::caseD_4	switchD_10010852	ANALYSIS	false	false	false
10010867	Label	caseD_5	switchD_10010852::caseD_5	switchD_10010852	ANALYSIS	false	false	false
100109e8	Label	switchdataD_100109e8	switchD_10010852::switchdataD_100109e8	switchD_10010852	ANALYSIS	true	false	false
10010a10	Function	FUN_10010a10	FUN_10010a10	Global	DEFAULT	true	false	false
10010a50	Function	FUN_10010a50	FUN_10010a50	Global	DEFAULT	true	false	false
10010a70	Function	FUN_10010a70	FUN_10010a70	Global	DEFAULT	true	false	false
10010b10	Function	FUN_10010b10	FUN_10010b10	Global	DEFAULT	true	false	false
10010be0	Function	FUN_10010be0	FUN_10010be0	Global	DEFAULT	true	false	false
10011540	Label	Ordinal_141	Ordinal_141	Global	IMPORTED	false	false	true
10011540	Function	pciOpen	pciOpen	Global	ANALYSIS	true	false	true
10011540	Label	_pciOpen@0	_pciOpen@0	Global	IMPORTED	false	false	true
10011720	Label	Ordinal_133	Ordinal_133	Global	IMPORTED	false	false	true
10011720	Function	pciClose	pciClose	Global	ANALYSIS	true	false	true
10011720	Label	_pciClose@0	_pciClose@0	Global	IMPORTED	false	false	true
10011740	Label	Ordinal_134	Ordinal_134	Global	IMPORTED	false	false	true
10011740	Function	pciDeviceExists	pciDeviceExists	Global	ANALYSIS	true	false	true
10011740	Label	_pciDeviceExists@4	_pciDeviceExists@4	Global	IMPORTED	false	false	true
10011770	Label	Ordinal_137	Ordinal_137	Global	IMPORTED	false	false	true
10011770	Function	pciGetConfigData	pciGetConfigData	Global	ANALYSIS	true	false	true
10011770	Label	_pciGetConfigData@20	_pciGetConfigData@20	Global	IMPORTED	false	false	true
10011800	Label	Ordinal_142	Ordinal_142	Global	IMPORTED	false	false	true
10011800	Function	pciSetConfigData	pciSetConfigData	Global	ANALYSIS	true	false	true
10011800	Label	_pciSetConfigData@20	_pciSetConfigData@20	Global	IMPORTED	false	false	true
10011890	Label	Ordinal_140	Ordinal_140	Global	IMPORTED	false	false	true
10011890	Function	pciMapPhysicalToLinear	pciMapPhysicalToLinear	Global	ANALYSIS	true	false	true
10011890	Label	_pciMapPhysicalToLinear@12	_pciMapPhysicalToLinear@12	Global	IMPORTED	false	false	true
10011960	Label	Ordinal_143	Ordinal_143	Global	IMPORTED	false	false	true
10011960	Function	pciUnmapPhysical	pciUnmapPhysical	Global	ANALYSIS	true	false	true
10011960	Label	_pciUnmapPhysical@8	_pciUnmapPhysical@8	Global	IMPORTED	false	false	true
10011970	Label	Ordinal_136	Ordinal_136	Global	IMPORTED	false	false	true
10011970	Function	pciFindCardMulti	pciFindCardMulti	Global	ANALYSIS	true	false	true
10011970	Label	_pciFindCardMulti@16	_pciFindCardMulti@16	Global	IMPORTED	false	false	true
10011a40	Label	Ordinal_135	Ordinal_135	Global	IMPORTED	false	false	true
10011a40	Function	pciFindCard	pciFindCard	Global	ANALYSIS	true	false	true
10011a40	Label	_pciFindCard@12	_pciFindCard@12	Global	IMPORTED	false	false	true
10011a60	Label	Ordinal_139	Ordinal_139	Global	IMPORTED	false	false	true
10011a60	Function	pciMapCardMulti	pciMapCardMulti	Global	ANALYSIS	true	false	true
10011a60	Label	_pciMapCardMulti@24	_pciMapCardMulti@24	Global	IMPORTED	false	false	true
10011b50	Function	FUN_10011b50	FUN_10011b50	Global	DEFAULT	true	false	false
10011b90	Label	Ordinal_138	Ordinal_138	Global	IMPORTED	false	false	true
10011b90	Function	pciMapCard	pciMapCard	Global	ANALYSIS	true	false	true
10011b90	Label	_pciMapCard@20	_pciMapCard@20	Global	IMPORTED	false	false	true
10011bd2	Function	FUN_10011bd2	FUN_10011bd2	Global	DEFAULT	true	false	false
10011efd	Function	FUN_10011efd	FUN_10011efd	Global	DEFAULT	true	false	false
10011f64	Function	FUN_10011f64	FUN_10011f64	Global	DEFAULT	true	false	false
10012122	Function	FUN_10012122	FUN_10012122	Global	DEFAULT	true	false	false
10012292	Function	FUN_10012292	FUN_10012292	Global	DEFAULT	true	false	false
10012666	Function	FUN_10012666	FUN_10012666	Global	DEFAULT	true	false	false
1001281f	Function	FUN_1001281f	FUN_1001281f	Global	DEFAULT	true	false	false
10012e90	Function	FUN_10012e90	FUN_10012e90	Global	DEFAULT	true	false	false
10012fd8	Function	FUN_10012fd8	FUN_10012fd8	Global	DEFAULT	true	false	false
10013378	Function	FUN_10013378	FUN_10013378	Global	DEFAULT	true	false	false
10013640	Function	FUN_10013640	FUN_10013640	Global	DEFAULT	true	false	false
10013908	Function	FUN_10013908	FUN_10013908	Global	DEFAULT	true	false	false
10013993	Function	FUN_10013993	FUN_10013993	Global	DEFAULT	true	false	false
10013a50	Function	FUN_10013a50	FUN_10013a50	Global	DEFAULT	true	false	false
10013b33	Function	FUN_10013b33	FUN_10013b33	Global	DEFAULT	true	false	false
10013b70	Function	FUN_10013b70	FUN_10013b70	Global	DEFAULT	true	false	false
10013dc7	Function	FUN_10013dc7	FUN_10013dc7	Global	DEFAULT	true	false	false
10013e27	Function	FUN_10013e27	FUN_10013e27	Global	DEFAULT	true	false	false
10013ea3	Function	FUN_10013ea3	FUN_10013ea3	Global	DEFAULT	true	false	false
10013f0f	Function	FUN_10013f0f	FUN_10013f0f	Global	DEFAULT	true	false	false
10013f33	Function	FUN_10013f33	FUN_10013f33	Global	DEFAULT	true	false	false
1001405c	Function	FUN_1001405c	FUN_1001405c	Global	DEFAULT	true	false	false
10014139	Function	FUN_10014139	FUN_10014139	Global	DEFAULT	true	false	false
10014552	Function	FUN_10014552	FUN_10014552	Global	DEFAULT	true	false	false
10014573	Function	FUN_10014573	FUN_10014573	Global	DEFAULT	true	false	false
10014590	Function	FUN_10014590	FUN_10014590	Global	DEFAULT	true	false	false
100155f1	Function	FUN_100155f1	FUN_100155f1	Global	DEFAULT	true	false	false
10015873	Function	FUN_10015873	FUN_10015873	Global	DEFAULT	true	false	false
10015b2a	Function	FUN_10015b2a	FUN_10015b2a	Global	DEFAULT	true	false	false
10015c20	Function	FUN_10015c20	FUN_10015c20	Global	DEFAULT	true	false	false
10015dd1	Function	FUN_10015dd1	FUN_10015dd1	Global	DEFAULT	true	false	false
10015f05	Function	FUN_10015f05	FUN_10015f05	Global	DEFAULT	true	false	false
10016010	Function	FUN_10016010	FUN_10016010	Global	DEFAULT	true	false	false
10016190	Function	FUN_10016190	FUN_10016190	Global	DEFAULT	true	false	false
10016336	Function	FUN_10016336	FUN_10016336	Global	DEFAULT	true	false	false
10016467	Function	FUN_10016467	FUN_10016467	Global	DEFAULT	true	false	false
10016615	Function	FUN_10016615	FUN_10016615	Global	DEFAULT	true	false	false
1001669c	Function	FUN_1001669c	FUN_1001669c	Global	DEFAULT	true	false	false
10016756	Function	FUN_10016756	FUN_10016756	Global	DEFAULT	true	false	false
10016b95	Function	FUN_10016b95	FUN_10016b95	Global	DEFAULT	true	false	false
10016bd3	Function	FUN_10016bd3	FUN_10016bd3	Global	DEFAULT	true	false	false
10016fc0	Function	FUN_10016fc0	FUN_10016fc0	Global	DEFAULT	true	false	false
10017035	Label	caseD_b	switchD_10017160::caseD_b	switchD_10017160	ANALYSIS	true	false	false
10017059	Label	caseD_3	switchD_10017160::caseD_3	switchD_10017160	ANALYSIS	true	false	false
1001707d	Label	caseD_6	switchD_10017160::caseD_6	switchD_10017160	ANALYSIS	true	false	false
100170a1	Label	caseD_7	switchD_10017160::caseD_7	switchD_10017160	ANALYSIS	true	false	false
100170c5	Label	caseD_8	switchD_10017160::caseD_8	switchD_10017160	ANALYSIS	true	false	false
100170e9	Label	caseD_a	switchD_10017160::caseD_a	switchD_10017160	ANALYSIS	true	false	false
1001710d	Label	caseD_9	switchD_10017160::caseD_9	switchD_10017160	ANALYSIS	true	false	false
10017131	Label	caseD_4	switchD_10017160::caseD_4	switchD_10017160	ANALYSIS	true	false	false
10017131	Label	caseD_5	switchD_10017160::caseD_5	switchD_10017160	ANALYSIS	false	false	false
10017160	Label	switchD	switchD_10017160::switchD	switchD_10017160	ANALYSIS	true	false	false
10017167	Label	switchdataD_10017167	switchD_10017160::switchdataD_10017167	switchD_10017160	ANALYSIS	true	false	false
10017196	Label	caseD_0	switchD_1001722d::caseD_0	switchD_1001722d	ANALYSIS	true	false	false
100171a2	Label	caseD_1	switchD_1001722d::caseD_1	switchD_1001722d	ANALYSIS	true	false	false
100171ae	Label	caseD_2	switchD_1001722d::caseD_2	switchD_1001722d	ANALYSIS	true	false	false
100171ba	Label	caseD_3	switchD_1001722d::caseD_3	switchD_1001722d	ANALYSIS	true	false	false
100171c6	Label	caseD_4	switchD_1001722d::caseD_4	switchD_1001722d	ANALYSIS	true	false	false
100171d2	Label	caseD_7	switchD_1001722d::caseD_7	switchD_1001722d	ANALYSIS	true	false	false
100171de	Label	caseD_5	switchD_1001722d::caseD_5	switchD_1001722d	ANALYSIS	true	false	false
100171ea	Label	caseD_6	switchD_1001722d::caseD_6	switchD_1001722d	ANALYSIS	true	false	false
100171f6	Label	caseD_8	switchD_1001722d::caseD_8	switchD_1001722d	ANALYSIS	true	false	false
10017202	Label	default	switchD_1001722d::default	switchD_1001722d	ANALYSIS	true	false	false
1001722d	Label	switchD	switchD_1001722d::switchD	switchD_1001722d	ANALYSIS	true	false	false
10017234	Label	switchdataD_10017234	switchD_1001722d::switchdataD_10017234	switchD_1001722d	ANALYSIS	true	false	false
10018cb5	Function	FUN_10018cb5	FUN_10018cb5	Global	DEFAULT	true	false	false
10018da6	Function	FUN_10018da6	FUN_10018da6	Global	DEFAULT	true	false	false
10018e57	Function	FUN_10018e57	FUN_10018e57	Global	DEFAULT	true	false	false
10018f58	Function	FUN_10018f58	FUN_10018f58	Global	DEFAULT	true	false	false
1001909e	Function	FUN_1001909e	FUN_1001909e	Global	DEFAULT	true	false	false
100190e0	Function	FUN_100190e0	FUN_100190e0	Global	DEFAULT	true	false	false
1001919b	Function	FUN_1001919b	FUN_1001919b	Global	DEFAULT	true	false	false
10019236	Function	FUN_10019236	FUN_10019236	Global	DEFAULT	true	false	false
1001947b	Function	FUN_1001947b	FUN_1001947b	Global	DEFAULT	true	false	false
1001967e	Function	FUN_1001967e	FUN_1001967e	Global	DEFAULT	true	false	false
1001972b	Function	FUN_1001972b	FUN_1001972b	Global	DEFAULT	true	false	false
10019926	Function	FUN_10019926	FUN_10019926	Global	DEFAULT	true	false	false
10019b21	Function	FUN_10019b21	FUN_10019b21	Global	DEFAULT	true	false	false
10019c6d	Function	FUN_10019c6d	FUN_10019c6d	Global	DEFAULT	true	false	false
10019d67	Function	FUN_10019d67	FUN_10019d67	Global	DEFAULT	true	false	false
10019e12	Function	FUN_10019e12	FUN_10019e12	Global	DEFAULT	true	false	false
1001a108	Function	FUN_1001a108	FUN_1001a108	Global	DEFAULT	true	false	false
1001a1f6	Function	FUN_1001a1f6	FUN_1001a1f6	Global	DEFAULT	true	false	false
1001a3b9	Function	FUN_1001a3b9	FUN_1001a3b9	Global	DEFAULT	true	false	false
1001a5f6	Function	FUN_1001a5f6	FUN_1001a5f6	Global	DEFAULT	true	false	false
1001a78c	Function	FUN_1001a78c	FUN_1001a78c	Global	DEFAULT	true	false	false
1001a9e8	Function	FUN_1001a9e8	FUN_1001a9e8	Global	DEFAULT	true	false	false
1001ac51	Function	FUN_1001ac51	FUN_1001ac51	Global	DEFAULT	true	false	false
1001ad01	Function	FUN_1001ad01	FUN_1001ad01	Global	DEFAULT	true	false	false
1001ae76	Function	FUN_1001ae76	FUN_1001ae76	Global	DEFAULT	true	false	false
1001b03b	Function	FUN_1001b03b	FUN_1001b03b	Global	DEFAULT	true	false	false
1001b380	Function	FUN_1001b380	FUN_1001b380	Global	DEFAULT	true	false	false
1001b566	Function	FUN_1001b566	FUN_1001b566	Global	DEFAULT	true	false	false
1001b910	Function	FUN_1001b910	FUN_1001b910	Global	DEFAULT	true	false	false
1001b980	Function	FUN_1001b980	FUN_1001b980	Global	DEFAULT	true	false	false
1001bb80	Function	FUN_1001bb80	FUN_1001bb80	Global	DEFAULT	true	false	false
1001be80	Function	FUN_1001be80	FUN_1001be80	Global	DEFAULT	true	false	false
1001bea0	Function	FUN_1001bea0	FUN_1001bea0	Global	DEFAULT	true	false	false
1001bf10	Function	FUN_1001bf10	FUN_1001bf10	Global	DEFAULT	true	false	false
1001c0f0	Function	FUN_1001c0f0	FUN_1001c0f0	Global	DEFAULT	true	false	false
1001c0fb	Function	FUN_1001c0fb	FUN_1001c0fb	Global	DEFAULT	true	false	false
1001c590	Function	FUN_1001c590	FUN_1001c590	Global	DEFAULT	true	false	false
1001c59a	Function	FUN_1001c59a	FUN_1001c59a	Global	DEFAULT	true	false	false
1001c6f0	Function	FUN_1001c6f0	FUN_1001c6f0	Global	DEFAULT	true	false	false
1001c6fb	Function	FUN_1001c6fb	FUN_1001c6fb	Global	DEFAULT	true	false	false
1001c765	Label	switchD	switchD_1001c765::switchD	switchD_1001c765	ANALYSIS	true	false	false
1001c76c	Label	default	switchD_1001c765::default	switchD_1001c765	ANALYSIS	true	false	false
1001c775	Label	caseD_3	switchD_1001c765::caseD_3	switchD_1001c765	ANALYSIS	true	false	false
1001c7e0	Label	caseD_4	switchD_1001c765::caseD_4	switchD_1001c765	ANALYSIS	true	false	false
1001c80b	Label	caseD_1	switchD_1001c765::caseD_1	switchD_1001c765	ANALYSIS	true	false	false
1001c80b	Label	caseD_2	switchD_1001c765::caseD_2	switchD_1001c765	ANALYSIS	false	false	false
1001c860	Label	switchdataD_1001c860	switchD_1001c765::switchdataD_1001c860	switchD_1001c765	ANALYSIS	true	false	false
1001c870	Function	FUN_1001c870	FUN_1001c870	Global	DEFAULT	true	false	false
1001c940	Function	FUN_1001c940	FUN_1001c940	Global	DEFAULT	true	false	false
1001c9d0	Function	FUN_1001c9d0	FUN_1001c9d0	Global	DEFAULT	true	false	false
1001cae0	Function	DirectDrawCreate	DDRAW.DLL::DirectDrawCreate	DDRAW.DLL	DEFAULT	true	false	false
1001caf0	Function	__fpmath	__fpmath	Global	ANALYSIS	true	false	false
1001cb20	Function	FUN_1001cb20	FUN_1001cb20	Global	DEFAULT	true	false	false
1001cb58	Function	__ftol	__ftol	Global	ANALYSIS	true	false	false
1001cb80	Function	_fclose	_fclose	Global	ANALYSIS	true	false	false
1001cbf0	Function	_sscanf	_sscanf	Global	ANALYSIS	true	false	false
1001cc40	Function	__filbuf	__filbuf	Global	ANALYSIS	true	false	false
1001cd30	Function	__fsopen	__fsopen	Global	ANALYSIS	true	false	false
1001cd60	Function	FUN_1001cd60	FUN_1001cd60	Global	DEFAULT	true	false	false
1001cd80	Function	_fread	_fread	Global	ANALYSIS	true	false	false
1001cef2	Function	FUN_1001cef2	FUN_1001cef2	Global	DEFAULT	true	false	false
1001cf20	Function	_malloc	_malloc	Global	ANALYSIS	true	false	false
1001cf40	Function	__nh_malloc	__nh_malloc	Global	ANALYSIS	true	false	false
1001cf90	Function	__heap_alloc	__heap_alloc	Global	ANALYSIS	true	false	false
1001cfd0	Function	FUN_1001cfd0	FUN_1001cfd0	Global	DEFAULT	true	false	false
1001d000	Function	_atol	_atol	Global	ANALYSIS	true	false	false
1001d0b0	Function	_atoi	_atoi	Global	ANALYSIS	true	false	false
1001d0c0	Function	FID_conflict:__getenv_lk	FID_conflict:__getenv_lk	Global	ANALYSIS	true	false	false
1001d0c0	Label	_getenv	_getenv	Global	ANALYSIS	false	false	false
1001d0c0	Label	__getenv_lk	__getenv_lk	Global	ANALYSIS	false	false	false
1001d160	Function	_sprintf	_sprintf	Global	ANALYSIS	true	false	false
1001d1d0	Function	_puts	_puts	Global	ANALYSIS	true	false	false
1001d250	Function	__cinit	__cinit	Global	ANALYSIS	true	false	false
1001d280	Function	_exit	_exit	Global	ANALYSIS	true	false	false
1001d2a0	Function	__exit	__exit	Global	ANALYSIS	true	false	false
1001d2c0	Function	__cexit	__cexit	Global	ANALYSIS	true	false	false
1001d2d0	Function	doexit	doexit	Global	ANALYSIS	true	false	false
1001d2d0	Label	_doexit	_doexit	Global	ANALYSIS	false	false	false
1001d380	Function	__initterm	__initterm	Global	ANALYSIS	true	false	false
1001d3a0	Function	__CRT_INIT@12	__CRT_INIT@12	Global	ANALYSIS	true	false	false
1001d4d0	Function	entry	entry	Global	IMPORTED	true	false	true
1001d590	Function	__amsg_exit	__amsg_exit	Global	ANALYSIS	true	false	false
1001d6c0	Function	_fflush	_fflush	Global	ANALYSIS	true	false	false
1001d710	Function	__flush	__flush	Global	ANALYSIS	true	false	false
1001d790	Function	flsall	flsall	Global	ANALYSIS	true	false	false
1001d790	Label	_flsall	_flsall	Global	ANALYSIS	false	false	false
1001d820	Function	_vfprintf	_vfprintf	Global	ANALYSIS	true	false	false
1001d860	Function	_fprintf	_fprintf	Global	ANALYSIS	true	false	false
1001d8a0	Function	_printf	_printf	Global	ANALYSIS	true	false	false
1001d8e0	Function	FID_conflict:__toupper_lk	FID_conflict:__toupper_lk	Global	ANALYSIS	true	false	false
1001d8e0	Label	_toupper	_toupper	Global	ANALYSIS	false	false	false
1001d8e0	Label	__toupper_lk	__toupper_lk	Global	ANALYSIS	false	false	false
1001d9d0	Function	__isctype	__isctype	Global	ANALYSIS	true	false	false
1001da70	Function	_fgetc	_fgetc	Global	ANALYSIS	true	false	false
1001daa0	Function	_strtok	_strtok	Global	ANALYSIS	true	false	false
1001db80	Function	FID_conflict:_tolower	FID_conflict:_tolower	Global	ANALYSIS	true	false	false
1001db80	Label	__tolower_lk	__tolower_lk	Global	ANALYSIS	false	false	false
1001db80	Label	_tolower	_tolower	Global	ANALYSIS	false	false	false
1001dc70	Function	_atof	_atof	Global	ANALYSIS	true	false	false
1001dcd0	Function	__setdefaultprecision	__setdefaultprecision	Global	ANALYSIS	true	false	false
1001dcf0	Function	__ms_p5_test_fdiv	__ms_p5_test_fdiv	Global	ANALYSIS	true	false	false
1001dd40	Function	__ms_p5_mp_test_fdiv	__ms_p5_mp_test_fdiv	Global	ANALYSIS	true	false	false
1001deb0	Function	__cftoe	__cftoe	Global	ANALYSIS	true	false	false
1001dff0	Function	__cftof	__cftof	Global	ANALYSIS	true	false	false
1001e0f0	Function	__cftog	__cftog	Global	ANALYSIS	true	false	false
1001e1a0	Function	__cftoe_g	__cftoe_g	Global	ANALYSIS	true	false	false
1001e1d0	Function	__cftof_g	__cftof_g	Global	ANALYSIS	true	false	false
1001e270	Function	__shift	__shift	Global	ANALYSIS	true	false	false
1001e2a0	Function	_free	_free	Global	ANALYSIS	true	false	false
1001e2f0	Function	__close	__close	Global	ANALYSIS	true	false	false
1001e3c0	Function	__freebuf	__freebuf	Global	ANALYSIS	true	false	false
1001e400	Function	__input	__input	Global	ANALYSIS	true	false	false
1001e55f	Label	switchD	switchD_1001e55f::switchD	switchD_1001e55f	ANALYSIS	true	false	false
1001e566	Label	caseD_2a	switchD_1001e55f::caseD_2a	switchD_1001e55f	ANALYSIS	true	false	false
1001e56c	Label	caseD_49	switchD_1001e55f::caseD_49	switchD_1001e55f	ANALYSIS	true	false	false
1001e59e	Label	caseD_4c	switchD_1001e55f::caseD_4c	switchD_1001e55f	ANALYSIS	true	false	false
1001e5a4	Label	caseD_68	switchD_1001e55f::caseD_68	switchD_1001e55f	ANALYSIS	true	false	false
1001e5ae	Label	caseD_6c	switchD_1001e55f::caseD_6c	switchD_1001e55f	ANALYSIS	true	false	false
1001e5b2	Label	caseD_77	switchD_1001e55f::caseD_77	switchD_1001e55f	ANALYSIS	true	false	false
1001e5b8	Label	caseD_2b	switchD_1001e55f::caseD_2b	switchD_1001e55f	ANALYSIS	true	false	false
1001e5b8	Label	caseD_2c	switchD_1001e55f::caseD_2c	switchD_1001e55f	ANALYSIS	false	false	false
1001e5b8	Label	caseD_2d	switchD_1001e55f::caseD_2d	switchD_1001e55f	ANALYSIS	false	false	false
1001e5b8	Label	caseD_2e	switchD_1001e55f::caseD_2e	switchD_1001e55f	ANALYSIS	false	false	false
1001e5b8	Label	caseD_2f	switchD_1001e55f::caseD_2f	switchD_1001e55f	ANALYSIS	false	false	false
1001e5b8	Label	caseD_30	switchD_1001e55f::caseD_30	switchD_1001e55f	ANALYSIS	false	false	false
1001e5b8	Label	caseD_31	switchD_1001e55f::caseD_31	switchD_1001e55f	ANALYSIS	false	false	false
1001e5b8	Label	caseD_32	switchD_1001e55f::caseD_32	switchD_1001e55f	ANALYSIS	false	false	false
1001e5b8	Label	caseD_33	switchD_1001e55f::caseD_33	switchD_1001e55f	ANALYSIS	false	false	false
1001e5b8	Label	caseD_34	switchD_1001e55f::caseD_34	switchD_1001e55f	ANALYSIS	false	false	false
1001e5b8	Label	caseD_35	switchD_1001e55f::caseD_35	switchD_1001e55f	ANALYSIS	false	false	false
1001e5b8	Label	caseD_36	switchD_1001e55f::caseD_36	switchD_1001e55f	ANALYSIS	false	false	false
1001e5b8	Label	caseD_37	switchD_1001e55f::caseD_37	switchD_1001e55f	ANALYSIS	false	false	false
1001e5b8	Label	caseD_38	switchD_1001e55f::caseD_38	switchD_1001e55f	ANALYSIS	false	false	false
1001e5b8	Label	caseD_39	switchD_1001e55f::caseD_39	switchD_1001e55f	ANALYSIS	false	false	false
1001e5b8	Label	caseD_3a	switchD_1001e55f::caseD_3a	switchD_1001e55f	ANALYSIS	false	false	false
1001e5b8	Label	caseD_3b	switchD_1001e55f::caseD_3b	switchD_1001e55f	ANALYSIS	false	false	false
1001e5b8	Label	caseD_3c	switchD_1001e55f::caseD_3c	switchD_1001e55f	ANALYSIS	false	false	false
1001e5b8	Label	caseD_3d	switchD_1001e55f::caseD_3d	switchD_1001e55f	ANALYSIS	false	false	false
1001e5b8	Label	caseD_3e	switchD_1001e55f::caseD_3e	switchD_1001e55f	ANALYSIS	false	false	false
1001e5b8	Label	caseD_3f	switchD_1001e55f::caseD_3f	switchD_1001e55f	ANALYSIS	false	false	false
1001e5b8	Label	caseD_40	switchD_1001e55f::caseD_40	switchD_1001e55f	ANALYSIS	false	false	false
1001e5b8	Label	caseD_41	switchD_1001e55f::caseD_41	switchD_1001e55f	ANALYSIS	false	false	false
1001e5b8	Label	caseD_42	switchD_1001e55f::caseD_42	switchD_1001e55f	ANALYSIS	false	false	false
1001e5b8	Label	caseD_43	switchD_1001e55f::caseD_43	switchD_1001e55f	ANALYSIS	false	false	false
1001e5b8	Label	caseD_44	switchD_1001e55f::caseD_44	switchD_1001e55f	ANALYSIS	false	false	false
1001e5b8	Label	caseD_45	switchD_1001e55f::caseD_45	switchD_1001e55f	ANALYSIS	false	false	false
1001e5b8	Label	caseD_47	switchD_1001e55f::caseD_47	switchD_1001e55f	ANALYSIS	false	false	false
1001e5b8	Label	caseD_48	switchD_1001e55f::caseD_48	switchD_1001e55f	ANALYSIS	false	false	false
1001e5b8	Label	caseD_4a	switchD_1001e55f::caseD_4a	switchD_1001e55f	ANALYSIS	false	false	false
1001e5b8	Label	caseD_4b	switchD_1001e55f::caseD_4b	switchD_1001e55f	ANALYSIS	false	false	false
1001e5b8	Label	caseD_4d	switchD_1001e55f::caseD_4d	switchD_1001e55f	ANALYSIS	false	false	false
1001e5b8	Label	caseD_4f	switchD_1001e55f::caseD_4f	switchD_1001e55f	ANALYSIS	false	false	false
1001e5b8	Label	caseD_50	switchD_1001e55f::caseD_50	switchD_1001e55f	ANALYSIS	false	false	false
1001e5b8	Label	caseD_51	switchD_1001e55f::caseD_51	switchD_1001e55f	ANALYSIS	false	false	false
1001e5b8	Label	caseD_52	switchD_1001e55f::caseD_52	switchD_1001e55f	ANALYSIS	false	false	false
1001e5b8	Label	caseD_53	switchD_1001e55f::caseD_53	switchD_1001e55f	ANALYSIS	false	false	false
1001e5b8	Label	caseD_54	switchD_1001e55f::caseD_54	switchD_1001e55f	ANALYSIS	false	false	false
1001e5b8	Label	caseD_55	switchD_1001e55f::caseD_55	switchD_1001e55f	ANALYSIS	false	false	false
1001e5b8	Label	caseD_56	switchD_1001e55f::caseD_56	switchD_1001e55f	ANALYSIS	false	false	false
1001e5b8	Label	caseD_57	switchD_1001e55f::caseD_57	switchD_1001e55f	ANALYSIS	false	false	false
1001e5b8	Label	caseD_58	switchD_1001e55f::caseD_58	switchD_1001e55f	ANALYSIS	false	false	false
1001e5b8	Label	caseD_59	switchD_1001e55f::caseD_59	switchD_1001e55f	ANALYSIS	false	false	false
1001e5b8	Label	caseD_5a	switchD_1001e55f::caseD_5a	switchD_1001e55f	ANALYSIS	false	false	false
1001e5b8	Label	caseD_5b	switchD_1001e55f::caseD_5b	switchD_1001e55f	ANALYSIS	false	false	false
1001e5b8	Label	caseD_5c	switchD_1001e55f::caseD_5c	switchD_1001e55f	ANALYSIS	false	false	false
1001e5b8	Label	caseD_5d	switchD_1001e55f::caseD_5d	switchD_1001e55f	ANALYSIS	false	false	false
1001e5b8	Label	caseD_5e	switchD_1001e55f::caseD_5e	switchD_1001e55f	ANALYSIS	false	false	false
1001e5b8	Label	caseD_5f	switchD_1001e55f::caseD_5f	switchD_1001e55f	ANALYSIS	false	false	false
1001e5b8	Label	caseD_60	switchD_1001e55f::caseD_60	switchD_1001e55f	ANALYSIS	false	false	false
1001e5b8	Label	caseD_61	switchD_1001e55f::caseD_61	switchD_1001e55f	ANALYSIS	false	false	false
1001e5b8	Label	caseD_62	switchD_1001e55f::caseD_62	switchD_1001e55f	ANALYSIS	false	false	false
1001e5b8	Label	caseD_63	switchD_1001e55f::caseD_63	switchD_1001e55f	ANALYSIS	false	false	false
1001e5b8	Label	caseD_64	switchD_1001e55f::caseD_64	switchD_1001e55f	ANALYSIS	false	false	false
1001e5b8	Label	caseD_65	switchD_1001e55f::caseD_65	switchD_1001e55f	ANALYSIS	false	false	false
1001e5b8	Label	caseD_66	switchD_1001e55f::caseD_66	switchD_1001e55f	ANALYSIS	false	false	false
1001e5b8	Label	caseD_67	switchD_1001e55f::caseD_67	switchD_1001e55f	ANALYSIS	false	false	false
1001e5b8	Label	caseD_69	switchD_1001e55f::caseD_69	switchD_1001e55f	ANALYSIS	false	false	false
1001e5b8	Label	caseD_6a	switchD_1001e55f::caseD_6a	switchD_1001e55f	ANALYSIS	false	false	false
1001e5b8	Label	caseD_6b	switchD_1001e55f::caseD_6b	switchD_1001e55f	ANALYSIS	false	false	false
1001e5b8	Label	caseD_6d	switchD_1001e55f::caseD_6d	switchD_1001e55f	ANALYSIS	false	false	false
1001e5b8	Label	caseD_6e	switchD_1001e55f::caseD_6e	switchD_1001e55f	ANALYSIS	false	false	false
1001e5b8	Label	caseD_6f	switchD_1001e55f::caseD_6f	switchD_1001e55f	ANALYSIS	false	false	false
1001e5b8	Label	caseD_70	switchD_1001e55f::caseD_70	switchD_1001e55f	ANALYSIS	false	false	false
1001e5b8	Label	caseD_71	switchD_1001e55f::caseD_71	switchD_1001e55f	ANALYSIS	false	false	false
1001e5b8	Label	caseD_72	switchD_1001e55f::caseD_72	switchD_1001e55f	ANALYSIS	false	false	false
1001e5b8	Label	caseD_73	switchD_1001e55f::caseD_73	switchD_1001e55f	ANALYSIS	false	false	false
1001e5b8	Label	caseD_74	switchD_1001e55f::caseD_74	switchD_1001e55f	ANALYSIS	false	false	false
1001e5b8	Label	caseD_75	switchD_1001e55f::caseD_75	switchD_1001e55f	ANALYSIS	false	false	false
1001e5b8	Label	caseD_76	switchD_1001e55f::caseD_76	switchD_1001e55f	ANALYSIS	false	false	false
1001e5bc	Label	caseD_46	switchD_1001e55f::caseD_46	switchD_1001e55f	ANALYSIS	true	false	false
1001e5bc	Label	caseD_4e	switchD_1001e55f::caseD_4e	switchD_1001e55f	ANALYSIS	false	false	false
1001e67a	Label	switchD	switchD_1001e67a::switchD	switchD_1001e67a	ANALYSIS	true	false	false
1001e681	Label	caseD_68	switchD_1001e67a::caseD_68	switchD_1001e67a	ANALYSIS	true	false	false
1001e681	Label	caseD_6a	switchD_1001e67a::caseD_6a	switchD_1001e67a	ANALYSIS	false	false	false
1001e681	Label	caseD_6b	switchD_1001e67a::caseD_6b	switchD_1001e67a	ANALYSIS	false	false	false
1001e681	Label	caseD_6c	switchD_1001e67a::caseD_6c	switchD_1001e67a	ANALYSIS	false	false	false
1001e681	Label	caseD_6d	switchD_1001e67a::caseD_6d	switchD_1001e67a	ANALYSIS	false	false	false
1001e681	Label	caseD_71	switchD_1001e67a::caseD_71	switchD_1001e67a	ANALYSIS	false	false	false
1001e681	Label	caseD_72	switchD_1001e67a::caseD_72	switchD_1001e67a	ANALYSIS	false	false	false
1001e681	Label	caseD_74	switchD_1001e67a::caseD_74	switchD_1001e67a	ANALYSIS	false	false	false
1001e681	Label	caseD_76	switchD_1001e67a::caseD_76	switchD_1001e67a	ANALYSIS	false	false	false
1001e681	Label	caseD_77	switchD_1001e67a::caseD_77	switchD_1001e67a	ANALYSIS	false	false	false
1001e681	Label	caseD_79	switchD_1001e67a::caseD_79	switchD_1001e67a	ANALYSIS	false	false	false
1001e681	Label	caseD_7a	switchD_1001e67a::caseD_7a	switchD_1001e67a	ANALYSIS	false	false	false
1001e6b3	Label	caseD_63	switchD_1001e67a::caseD_63	switchD_1001e67a	ANALYSIS	true	false	false
1001e6d8	Label	caseD_65	switchD_1001e67a::caseD_65	switchD_1001e67a	ANALYSIS	true	false	false
1001e6d8	Label	caseD_66	switchD_1001e67a::caseD_66	switchD_1001e67a	ANALYSIS	false	false	false
1001e6d8	Label	caseD_67	switchD_1001e67a::caseD_67	switchD_1001e67a	ANALYSIS	false	false	false
1001e8a7	Label	caseD_69	switchD_1001e67a::caseD_69	switchD_1001e67a	ANALYSIS	true	false	false
1001e8af	Label	caseD_78	switchD_1001e67a::caseD_78	switchD_1001e67a	ANALYSIS	true	false	false
1001e8c2	Label	caseD_6e	switchD_1001e67a::caseD_6e	switchD_1001e67a	ANALYSIS	true	false	false
1001e8d6	Label	caseD_70	switchD_1001e67a::caseD_70	switchD_1001e67a	ANALYSIS	true	false	false
1001e8db	Label	caseD_64	switchD_1001e67a::caseD_64	switchD_1001e67a	ANALYSIS	true	false	false
1001e8db	Label	caseD_6f	switchD_1001e67a::caseD_6f	switchD_1001e67a	ANALYSIS	false	false	false
1001e8db	Label	caseD_75	switchD_1001e67a::caseD_75	switchD_1001e67a	ANALYSIS	false	false	false
1001e8ee	Label	caseD_73	switchD_1001e67a::caseD_73	switchD_1001e67a	ANALYSIS	true	false	false
1001e904	Label	caseD_7b	switchD_1001e67a::caseD_7b	switchD_1001e67a	ANALYSIS	true	false	false
1001efdc	Label	switchdataD_1001efdc	switchD_1001e55f::switchdataD_1001efdc	switchD_1001e55f	ANALYSIS	true	false	false
1001f000	Label	switchdataD_1001f000	switchD_1001e55f::switchdataD_1001f000	switchD_1001e55f	ANALYSIS	true	false	false
1001f050	Label	switchdataD_1001f050	switchD_1001e67a::switchdataD_1001f050	switchD_1001e67a	ANALYSIS	true	false	false
1001f080	Label	switchdataD_1001f080	switchD_1001e67a::switchdataD_1001f080	switchD_1001e67a	ANALYSIS	true	false	false
1001f0a0	Function	__hextodec	__hextodec	Global	ANALYSIS	true	false	false
1001f0e0	Function	__inc	__inc	Global	ANALYSIS	true	false	false
1001f110	Function	__un_inc	__un_inc	Global	ANALYSIS	true	false	false
1001f130	Function	__whiteout	__whiteout	Global	ANALYSIS	true	false	false
1001f160	Function	__ioinit	__ioinit	Global	ANALYSIS	true	false	false
1001f340	Function	__ioterm	__ioterm	Global	ANALYSIS	true	false	false
1001f370	Function	__read	__read	Global	ANALYSIS	true	false	false
1001f5e0	Function	__getbuf	__getbuf	Global	ANALYSIS	true	false	false
1001f630	Function	__openfile	__openfile	Global	ANALYSIS	true	false	false
1001f6b6	Label	switchD	switchD_1001f6b6::switchD	switchD_1001f6b6	ANALYSIS	true	false	false
1001f6bd	Label	caseD_2c	switchD_1001f6b6::caseD_2c	switchD_1001f6b6	ANALYSIS	true	false	false
1001f6bd	Label	caseD_2d	switchD_1001f6b6::caseD_2d	switchD_1001f6b6	ANALYSIS	false	false	false
1001f6bd	Label	caseD_2e	switchD_1001f6b6::caseD_2e	switchD_1001f6b6	ANALYSIS	false	false	false
1001f6bd	Label	caseD_2f	switchD_1001f6b6::caseD_2f	switchD_1001f6b6	ANALYSIS	false	false	false
1001f6bd	Label	caseD_30	switchD_1001f6b6::caseD_30	switchD_1001f6b6	ANALYSIS	false	false	false
1001f6bd	Label	caseD_31	switchD_1001f6b6::caseD_31	switchD_1001f6b6	ANALYSIS	false	false	false
1001f6bd	Label	caseD_32	switchD_1001f6b6::caseD_32	switchD_1001f6b6	ANALYSIS	false	false	false
1001f6bd	Label	caseD_33	switchD_1001f6b6::caseD_33	switchD_1001f6b6	ANALYSIS	false	false	false
1001f6bd	Label	caseD_34	switchD_1001f6b6::caseD_34	switchD_1001f6b6	ANALYSIS	false	false	false
1001f6bd	Label	caseD_35	switchD_1001f6b6::caseD_35	switchD_1001f6b6	ANALYSIS	false	false	false
1001f6bd	Label	caseD_36	switchD_1001f6b6::caseD_36	switchD_1001f6b6	ANALYSIS	false	false	false
1001f6bd	Label	caseD_37	switchD_1001f6b6::caseD_37	switchD_1001f6b6	ANALYSIS	false	false	false
1001f6bd	Label	caseD_38	switchD_1001f6b6::caseD_38	switchD_1001f6b6	ANALYSIS	false	false	false
1001f6bd	Label	caseD_39	switchD_1001f6b6::caseD_39	switchD_1001f6b6	ANALYSIS	false	false	false
1001f6bd	Label	caseD_3a	switchD_1001f6b6::caseD_3a	switchD_1001f6b6	ANALYSIS	false	false	false
1001f6bd	Label	caseD_3b	switchD_1001f6b6::caseD_3b	switchD_1001f6b6	ANALYSIS	false	false	false
1001f6bd	Label	caseD_3c	switchD_1001f6b6::caseD_3c	switchD_1001f6b6	ANALYSIS	false	false	false
1001f6bd	Label	caseD_3d	switchD_1001f6b6::caseD_3d	switchD_1001f6b6	ANALYSIS	false	false	false
1001f6bd	Label	caseD_3e	switchD_1001f6b6::caseD_3e	switchD_1001f6b6	ANALYSIS	false	false	false
1001f6bd	Label	caseD_3f	switchD_1001f6b6::caseD_3f	switchD_1001f6b6	ANALYSIS	false	false	false
1001f6bd	Label	caseD_40	switchD_1001f6b6::caseD_40	switchD_1001f6b6	ANALYSIS	false	false	false
1001f6bd	Label	caseD_41	switchD_1001f6b6::caseD_41	switchD_1001f6b6	ANALYSIS	false	false	false
1001f6bd	Label	caseD_42	switchD_1001f6b6::caseD_42	switchD_1001f6b6	ANALYSIS	false	false	false
1001f6bd	Label	caseD_43	switchD_1001f6b6::caseD_43	switchD_1001f6b6	ANALYSIS	false	false	false
1001f6bd	Label	caseD_45	switchD_1001f6b6::caseD_45	switchD_1001f6b6	ANALYSIS	false	false	false
1001f6bd	Label	caseD_46	switchD_1001f6b6::caseD_46	switchD_1001f6b6	ANALYSIS	false	false	false
1001f6bd	Label	caseD_47	switchD_1001f6b6::caseD_47	switchD_1001f6b6	ANALYSIS	false	false	false
1001f6bd	Label	caseD_48	switchD_1001f6b6::caseD_48	switchD_1001f6b6	ANALYSIS	false	false	false
1001f6bd	Label	caseD_49	switchD_1001f6b6::caseD_49	switchD_1001f6b6	ANALYSIS	false	false	false
1001f6bd	Label	caseD_4a	switchD_1001f6b6::caseD_4a	switchD_1001f6b6	ANALYSIS	false	false	false
1001f6bd	Label	caseD_4b	switchD_1001f6b6::caseD_4b	switchD_1001f6b6	ANALYSIS	false	false	false
1001f6bd	Label	caseD_4c	switchD_1001f6b6::caseD_4c	switchD_1001f6b6	ANALYSIS	false	false	false
1001f6bd	Label	caseD_4d	switchD_1001f6b6::caseD_4d	switchD_1001f6b6	ANALYSIS	false	false	false
1001f6bd	Label	caseD_4e	switchD_1001f6b6::caseD_4e	switchD_1001f6b6	ANALYSIS	false	false	false
1001f6bd	Label	caseD_4f	switchD_1001f6b6::caseD_4f	switchD_1001f6b6	ANALYSIS	false	false	false
1001f6bd	Label	caseD_50	switchD_1001f6b6::caseD_50	switchD_1001f6b6	ANALYSIS	false	false	false
1001f6bd	Label	caseD_51	switchD_1001f6b6::caseD_51	switchD_1001f6b6	ANALYSIS	false	false	false
1001f6bd	Label	caseD_55	switchD_1001f6b6::caseD_55	switchD_1001f6b6	ANALYSIS	false	false	false
1001f6bd	Label	caseD_56	switchD_1001f6b6::caseD_56	switchD_1001f6b6	ANALYSIS	false	false	false
1001f6bd	Label	caseD_57	switchD_1001f6b6::caseD_57	switchD_1001f6b6	ANALYSIS	false	false	false
1001f6bd	Label	caseD_58	switchD_1001f6b6::caseD_58	switchD_1001f6b6	ANALYSIS	false	false	false
1001f6bd	Label	caseD_59	switchD_1001f6b6::caseD_59	switchD_1001f6b6	ANALYSIS	false	false	false
1001f6bd	Label	caseD_5a	switchD_1001f6b6::caseD_5a	switchD_1001f6b6	ANALYSIS	false	false	false
1001f6bd	Label	caseD_5b	switchD_1001f6b6::caseD_5b	switchD_1001f6b6	ANALYSIS	false	false	false
1001f6bd	Label	caseD_5c	switchD_1001f6b6::caseD_5c	switchD_1001f6b6	ANALYSIS	false	false	false
1001f6bd	Label	caseD_5d	switchD_1001f6b6::caseD_5d	switchD_1001f6b6	ANALYSIS	false	false	false
1001f6bd	Label	caseD_5e	switchD_1001f6b6::caseD_5e	switchD_1001f6b6	ANALYSIS	false	false	false
1001f6bd	Label	caseD_5f	switchD_1001f6b6::caseD_5f	switchD_1001f6b6	ANALYSIS	false	false	false
1001f6bd	Label	caseD_60	switchD_1001f6b6::caseD_60	switchD_1001f6b6	ANALYSIS	false	false	false
1001f6bd	Label	caseD_61	switchD_1001f6b6::caseD_61	switchD_1001f6b6	ANALYSIS	false	false	false
1001f6bd	Label	caseD_64	switchD_1001f6b6::caseD_64	switchD_1001f6b6	ANALYSIS	false	false	false
1001f6bd	Label	caseD_65	switchD_1001f6b6::caseD_65	switchD_1001f6b6	ANALYSIS	false	false	false
1001f6bd	Label	caseD_66	switchD_1001f6b6::caseD_66	switchD_1001f6b6	ANALYSIS	false	false	false
1001f6bd	Label	caseD_67	switchD_1001f6b6::caseD_67	switchD_1001f6b6	ANALYSIS	false	false	false
1001f6bd	Label	caseD_68	switchD_1001f6b6::caseD_68	switchD_1001f6b6	ANALYSIS	false	false	false
1001f6bd	Label	caseD_69	switchD_1001f6b6::caseD_69	switchD_1001f6b6	ANALYSIS	false	false	false
1001f6bd	Label	caseD_6a	switchD_1001f6b6::caseD_6a	switchD_1001f6b6	ANALYSIS	false	false	false
1001f6bd	Label	caseD_6b	switchD_1001f6b6::caseD_6b	switchD_1001f6b6	ANALYSIS	false	false	false
1001f6bd	Label	caseD_6c	switchD_1001f6b6::caseD_6c	switchD_1001f6b6	ANALYSIS	false	false	false
1001f6bd	Label	caseD_6d	switchD_1001f6b6::caseD_6d	switchD_1001f6b6	ANALYSIS	false	false	false
1001f6bd	Label	caseD_6f	switchD_1001f6b6::caseD_6f	switchD_1001f6b6	ANALYSIS	false	false	false
1001f6bd	Label	caseD_70	switchD_1001f6b6::caseD_70	switchD_1001f6b6	ANALYSIS	false	false	false
1001f6bd	Label	caseD_71	switchD_1001f6b6::caseD_71	switchD_1001f6b6	ANALYSIS	false	false	false
1001f6bd	Label	caseD_72	switchD_1001f6b6::caseD_72	switchD_1001f6b6	ANALYSIS	false	false	false
1001f6bd	Label	caseD_73	switchD_1001f6b6::caseD_73	switchD_1001f6b6	ANALYSIS	false	false	false
1001f6c4	Label	caseD_2b	switchD_1001f6b6::caseD_2b	switchD_1001f6b6	ANALYSIS	true	false	false
1001f6e4	Label	caseD_44	switchD_1001f6b6::caseD_44	switchD_1001f6b6	ANALYSIS	true	false	false
1001f6f5	Label	caseD_52	switchD_1001f6b6::caseD_52	switchD_1001f6b6	ANALYSIS	true	false	false
1001f707	Label	caseD_53	switchD_1001f6b6::caseD_53	switchD_1001f6b6	ANALYSIS	true	false	false
1001f719	Label	caseD_54	switchD_1001f6b6::caseD_54	switchD_1001f6b6	ANALYSIS	true	false	false
1001f72a	Label	caseD_62	switchD_1001f6b6::caseD_62	switchD_1001f6b6	ANALYSIS	true	false	false
1001f73b	Label	caseD_63	switchD_1001f6b6::caseD_63	switchD_1001f6b6	ANALYSIS	true	false	false
1001f750	Label	caseD_6e	switchD_1001f6b6::caseD_6e	switchD_1001f6b6	ANALYSIS	true	false	false
1001f765	Label	caseD_74	switchD_1001f6b6::caseD_74	switchD_1001f6b6	ANALYSIS	true	false	false
1001f7cc	Label	switchdataD_1001f7cc	switchD_1001f6b6::switchdataD_1001f7cc	switchD_1001f6b6	ANALYSIS	true	false	false
1001f7f4	Label	switchdataD_1001f7f4	switchD_1001f6b6::switchdataD_1001f7f4	switchD_1001f6b6	ANALYSIS	true	false	false
1001f840	Function	__getstream	__getstream	Global	ANALYSIS	true	false	false
1001fa1e	Function	FUN_1001fa1e	FUN_1001fa1e	Global	DEFAULT	true	false	false
1001fa61	Function	FUN_1001fa61	FUN_1001fa61	Global	DEFAULT	true	false	false
1001fad0	Function	__cintrindisp2	__cintrindisp2	Global	ANALYSIS	true	false	false
1001fb0e	Function	__cintrindisp1	__cintrindisp1	Global	ANALYSIS	true	false	false
1001fb44	Function	__ctrandisp2	__ctrandisp2	Global	ANALYSIS	true	false	false
1001fb7e	Function	FUN_1001fb7e	FUN_1001fb7e	Global	DEFAULT	true	false	false
1001fb85	Function	FUN_1001fb85	FUN_1001fb85	Global	DEFAULT	true	false	false
1001fcb5	Function	__ctrandisp1	__ctrandisp1	Global	ANALYSIS	true	false	false
1001fce1	Function	__fload	__fload	Global	ANALYSIS	true	false	false
1001fd20	Function	__callnewh	__callnewh	Global	ANALYSIS	true	false	false
1001fd50	Function	__heap_init	__heap_init	Global	ANALYSIS	true	false	false
1001fd90	Function	__heap_term	__heap_term	Global	ANALYSIS	true	false	false
1001fdd0	Function	___sbh_new_region	___sbh_new_region	Global	ANALYSIS	true	false	false
1001ff40	Function	___sbh_release_region	___sbh_release_region	Global	ANALYSIS	true	false	false
1001ffa0	Function	___sbh_decommit_pages	___sbh_decommit_pages	Global	ANALYSIS	true	false	false
10020080	Function	___sbh_find_block	___sbh_find_block	Global	ANALYSIS	true	false	false
100200e0	Function	___sbh_free_block	___sbh_free_block	Global	ANALYSIS	true	false	false
10020130	Function	___sbh_alloc_block	___sbh_alloc_block	Global	ANALYSIS	true	false	false
100203b0	Function	___sbh_alloc_block_from_page	___sbh_alloc_block_from_page	Global	ANALYSIS	true	false	false
10020530	Function	___sbh_resize_block	___sbh_resize_block	Global	ANALYSIS	true	false	false
10020600	Function	__allmul	__allmul	Global	ANALYSIS	true	false	false
10020640	Function	__mbsnbicoll	__mbsnbicoll	Global	ANALYSIS	true	false	false
10020680	Function	___wtomb_environ	___wtomb_environ	Global	ANALYSIS	true	false	false
10020710	Function	__flsbuf	__flsbuf	Global	ANALYSIS	true	false	false
10020860	Function	__output	__output	Global	ANALYSIS	true	false	false
100208e5	Label	switchD	switchD_100208e5::switchD	switchD_100208e5	ANALYSIS	true	false	false
100208ec	Label	caseD_1	switchD_100208e5::caseD_1	switchD_100208e5	ANALYSIS	true	false	false
1002091c	Label	caseD_2	switchD_100208e5::caseD_2	switchD_100208e5	ANALYSIS	true	false	false
10020933	Label	switchD	switchD_10020933::switchD	switchD_10020933	ANALYSIS	true	false	false
1002093a	Label	caseD_20	switchD_10020933::caseD_20	switchD_10020933	ANALYSIS	true	false	false
10020942	Label	caseD_23	switchD_10020933::caseD_23	switchD_10020933	ANALYSIS	true	false	false
1002094d	Label	caseD_2b	switchD_10020933::caseD_2b	switchD_10020933	ANALYSIS	true	false	false
10020955	Label	caseD_2d	switchD_10020933::caseD_2d	switchD_10020933	ANALYSIS	true	false	false
1002095d	Label	caseD_30	switchD_10020933::caseD_30	switchD_10020933	ANALYSIS	true	false	false
10020965	Label	caseD_3	switchD_100208e5::caseD_3	switchD_100208e5	ANALYSIS	true	false	false
100209ab	Label	caseD_4	switchD_100208e5::caseD_4	switchD_100208e5	ANALYSIS	true	false	false
100209b2	Label	caseD_5	switchD_100208e5::caseD_5	switchD_100208e5	ANALYSIS	true	false	false
100209eb	Label	caseD_6	switchD_100208e5::caseD_6	switchD_100208e5	ANALYSIS	true	false	false
10020a02	Label	switchD	switchD_10020a02::switchD	switchD_10020a02	ANALYSIS	true	false	false
10020a09	Label	caseD_49	switchD_10020a02::caseD_49	switchD_10020a02	ANALYSIS	true	false	false
10020a33	Label	caseD_0	switchD_100208e5::caseD_0	switchD_100208e5	ANALYSIS	true	false	false
10020a8e	Label	default	switchD_100208e5::default	switchD_100208e5	ANALYSIS	true	false	false
10020a8e	Label	caseD_4a	switchD_10020a02::caseD_4a	switchD_10020a02	ANALYSIS	false	false	false
10020a8e	Label	caseD_4b	switchD_10020a02::caseD_4b	switchD_10020a02	ANALYSIS	false	false	false
10020a8e	Label	caseD_4c	switchD_10020a02::caseD_4c	switchD_10020a02	ANALYSIS	false	false	false
10020a8e	Label	caseD_4d	switchD_10020a02::caseD_4d	switchD_10020a02	ANALYSIS	false	false	false
10020a8e	Label	caseD_4e	switchD_10020a02::caseD_4e	switchD_10020a02	ANALYSIS	false	false	false
10020a8e	Label	caseD_4f	switchD_10020a02::caseD_4f	switchD_10020a02	ANALYSIS	false	false	false
10020a8e	Label	caseD_50	switchD_10020a02::caseD_50	switchD_10020a02	ANALYSIS	false	false	false
10020a8e	Label	caseD_51	switchD_10020a02::caseD_51	switchD_10020a02	ANALYSIS	false	false	false
10020a8e	Label	caseD_52	switchD_10020a02::caseD_52	switchD_10020a02	ANALYSIS	false	false	false
10020a8e	Label	caseD_53	switchD_10020a02::caseD_53	switchD_10020a02	ANALYSIS	false	false	false
10020a8e	Label	caseD_54	switchD_10020a02::caseD_54	switchD_10020a02	ANALYSIS	false	false	false
10020a8e	Label	caseD_55	switchD_10020a02::caseD_55	switchD_10020a02	ANALYSIS	false	false	false
10020a8e	Label	caseD_56	switchD_10020a02::caseD_56	switchD_10020a02	ANALYSIS	false	false	false
10020a8e	Label	caseD_57	switchD_10020a02::caseD_57	switchD_10020a02	ANALYSIS	false	false	false
10020a8e	Label	caseD_58	switchD_10020a02::caseD_58	switchD_10020a02	ANALYSIS	false	false	false
10020a8e	Label	caseD_59	switchD_10020a02::caseD_59	switchD_10020a02	ANALYSIS	false	false	false
10020a8e	Label	caseD_5a	switchD_10020a02::caseD_5a	switchD_10020a02	ANALYSIS	false	false	false
10020a8e	Label	caseD_5b	switchD_10020a02::caseD_5b	switchD_10020a02	ANALYSIS	false	false	false
10020a8e	Label	caseD_5c	switchD_10020a02::caseD_5c	switchD_10020a02	ANALYSIS	false	false	false
10020a8e	Label	caseD_5d	switchD_10020a02::caseD_5d	switchD_10020a02	ANALYSIS	false	false	false
10020a8e	Label	caseD_5e	switchD_10020a02::caseD_5e	switchD_10020a02	ANALYSIS	false	false	false
10020a8e	Label	caseD_5f	switchD_10020a02::caseD_5f	switchD_10020a02	ANALYSIS	false	false	false
10020a8e	Label	caseD_60	switchD_10020a02::caseD_60	switchD_10020a02	ANALYSIS	false	false	false
10020a8e	Label	caseD_61	switchD_10020a02::caseD_61	switchD_10020a02	ANALYSIS	false	false	false
10020a8e	Label	caseD_62	switchD_10020a02::caseD_62	switchD_10020a02	ANALYSIS	false	false	false
10020a8e	Label	caseD_63	switchD_10020a02::caseD_63	switchD_10020a02	ANALYSIS	false	false	false
10020a8e	Label	caseD_64	switchD_10020a02::caseD_64	switchD_10020a02	ANALYSIS	false	false	false
10020a8e	Label	caseD_65	switchD_10020a02::caseD_65	switchD_10020a02	ANALYSIS	false	false	false
10020a8e	Label	caseD_66	switchD_10020a02::caseD_66	switchD_10020a02	ANALYSIS	false	false	false
10020a8e	Label	caseD_67	switchD_10020a02::caseD_67	switchD_10020a02	ANALYSIS	false	false	false
10020a8e	Label	caseD_69	switchD_10020a02::caseD_69	switchD_10020a02	ANALYSIS	false	false	false
10020a8e	Label	caseD_6a	switchD_10020a02::caseD_6a	switchD_10020a02	ANALYSIS	false	false	false
10020a8e	Label	caseD_6b	switchD_10020a02::caseD_6b	switchD_10020a02	ANALYSIS	false	false	false
10020a8e	Label	caseD_6d	switchD_10020a02::caseD_6d	switchD_10020a02	ANALYSIS	false	false	false
10020a8e	Label	caseD_6e	switchD_10020a02::caseD_6e	switchD_10020a02	ANALYSIS	false	false	false
10020a8e	Label	caseD_6f	switchD_10020a02::caseD_6f	switchD_10020a02	ANALYSIS	false	false	false
10020a8e	Label	caseD_70	switchD_10020a02::caseD_70	switchD_10020a02	ANALYSIS	false	false	false
10020a8e	Label	caseD_71	switchD_10020a02::caseD_71	switchD_10020a02	ANALYSIS	false	false	false
10020a8e	Label	caseD_72	switchD_10020a02::caseD_72	switchD_10020a02	ANALYSIS	false	false	false
10020a8e	Label	caseD_73	switchD_10020a02::caseD_73	switchD_10020a02	ANALYSIS	false	false	false
10020a8e	Label	caseD_74	switchD_10020a02::caseD_74	switchD_10020a02	ANALYSIS	false	false	false
10020a8e	Label	caseD_75	switchD_10020a02::caseD_75	switchD_10020a02	ANALYSIS	false	false	false
10020a8e	Label	caseD_76	switchD_10020a02::caseD_76	switchD_10020a02	ANALYSIS	false	false	false
10020a8e	Label	caseD_21	switchD_10020933::caseD_21	switchD_10020933	ANALYSIS	false	false	false
10020a8e	Label	caseD_22	switchD_10020933::caseD_22	switchD_10020933	ANALYSIS	false	false	false
10020a8e	Label	caseD_24	switchD_10020933::caseD_24	switchD_10020933	ANALYSIS	false	false	false
10020a8e	Label	caseD_25	switchD_10020933::caseD_25	switchD_10020933	ANALYSIS	false	false	false
10020a8e	Label	caseD_26	switchD_10020933::caseD_26	switchD_10020933	ANALYSIS	false	false	false
10020a8e	Label	caseD_27	switchD_10020933::caseD_27	switchD_10020933	ANALYSIS	false	false	false
10020a8e	Label	caseD_28	switchD_10020933::caseD_28	switchD_10020933	ANALYSIS	false	false	false
10020a8e	Label	caseD_29	switchD_10020933::caseD_29	switchD_10020933	ANALYSIS	false	false	false
10020a8e	Label	caseD_2a	switchD_10020933::caseD_2a	switchD_10020933	ANALYSIS	false	false	false
10020a8e	Label	caseD_2c	switchD_10020933::caseD_2c	switchD_10020933	ANALYSIS	false	false	false
10020a8e	Label	caseD_2e	switchD_10020933::caseD_2e	switchD_10020933	ANALYSIS	false	false	false
10020a8e	Label	caseD_2f	switchD_10020933::caseD_2f	switchD_10020933	ANALYSIS	false	false	false
10020ab5	Label	caseD_68	switchD_10020a02::caseD_68	switchD_10020a02	ANALYSIS	true	false	false
10020aba	Label	caseD_6c	switchD_10020a02::caseD_6c	switchD_10020a02	ANALYSIS	true	false	false
10020abf	Label	caseD_77	switchD_10020a02::caseD_77	switchD_10020a02	ANALYSIS	true	false	false
10020ac7	Label	caseD_7	switchD_100208e5::caseD_7	switchD_100208e5	ANALYSIS	true	false	false
10020ade	Label	switchD	switchD_10020ade::switchD	switchD_10020ade	ANALYSIS	true	false	false
10020ae5	Label	caseD_43	switchD_10020ade::caseD_43	switchD_10020ade	ANALYSIS	true	false	false
10020af3	Label	caseD_63	switchD_10020ade::caseD_63	switchD_10020ade	ANALYSIS	true	false	false
10020b34	Label	caseD_45	switchD_10020ade::caseD_45	switchD_10020ade	ANALYSIS	true	false	false
10020b34	Label	caseD_47	switchD_10020ade::caseD_47	switchD_10020ade	ANALYSIS	false	false	false
10020b3f	Label	caseD_65	switchD_10020ade::caseD_65	switchD_10020ade	ANALYSIS	true	false	false
10020b3f	Label	caseD_66	switchD_10020ade::caseD_66	switchD_10020ade	ANALYSIS	false	false	false
10020b3f	Label	caseD_67	switchD_10020ade::caseD_67	switchD_10020ade	ANALYSIS	false	false	false
10020b5c	Label	caseD_53	switchD_10020ade::caseD_53	switchD_10020ade	ANALYSIS	true	false	false
10020b6a	Label	caseD_73	switchD_10020ade::caseD_73	switchD_10020ade	ANALYSIS	true	false	false
10020bd2	Label	caseD_5a	switchD_10020ade::caseD_5a	switchD_10020ade	ANALYSIS	true	false	false
10020c3e	Label	caseD_64	switchD_10020ade::caseD_64	switchD_10020ade	ANALYSIS	true	false	false
10020c3e	Label	caseD_69	switchD_10020ade::caseD_69	switchD_10020ade	ANALYSIS	false	false	false
10020c4b	Label	caseD_6e	switchD_10020ade::caseD_6e	switchD_10020ade	ANALYSIS	true	false	false
10020c7b	Label	caseD_6f	switchD_10020ade::caseD_6f	switchD_10020ade	ANALYSIS	true	false	false
10020c93	Label	caseD_70	switchD_10020ade::caseD_70	switchD_10020ade	ANALYSIS	true	false	false
10020c98	Label	caseD_58	switchD_10020ade::caseD_58	switchD_10020ade	ANALYSIS	true	false	false
10020cec	Label	caseD_75	switchD_10020ade::caseD_75	switchD_10020ade	ANALYSIS	true	false	false
10020cf6	Label	caseD_78	switchD_10020ade::caseD_78	switchD_10020ade	ANALYSIS	true	false	false
10020f93	Label	caseD_44	switchD_10020ade::caseD_44	switchD_10020ade	ANALYSIS	true	false	false
10020f93	Label	caseD_46	switchD_10020ade::caseD_46	switchD_10020ade	ANALYSIS	false	false	false
10020f93	Label	caseD_48	switchD_10020ade::caseD_48	switchD_10020ade	ANALYSIS	false	false	false
10020f93	Label	caseD_49	switchD_10020ade::caseD_49	switchD_10020ade	ANALYSIS	false	false	false
10020f93	Label	caseD_4a	switchD_10020ade::caseD_4a	switchD_10020ade	ANALYSIS	false	false	false
10020f93	Label	caseD_4b	switchD_10020ade::caseD_4b	switchD_10020ade	ANALYSIS	false	false	false
10020f93	Label	caseD_4c	switchD_10020ade::caseD_4c	switchD_10020ade	ANALYSIS	false	false	false
10020f93	Label	caseD_4d	switchD_10020ade::caseD_4d	switchD_10020ade	ANALYSIS	false	false	false
10020f93	Label	caseD_4e	switchD_10020ade::caseD_4e	switchD_10020ade	ANALYSIS	false	false	false
10020f93	Label	caseD_4f	switchD_10020ade::caseD_4f	switchD_10020ade	ANALYSIS	false	false	false
10020f93	Label	caseD_50	switchD_10020ade::caseD_50	switchD_10020ade	ANALYSIS	false	false	false
10020f93	Label	caseD_51	switchD_10020ade::caseD_51	switchD_10020ade	ANALYSIS	false	false	false
10020f93	Label	caseD_52	switchD_10020ade::caseD_52	switchD_10020ade	ANALYSIS	false	false	false
10020f93	Label	caseD_54	switchD_10020ade::caseD_54	switchD_10020ade	ANALYSIS	false	false	false
10020f93	Label	caseD_55	switchD_10020ade::caseD_55	switchD_10020ade	ANALYSIS	false	false	false
10020f93	Label	caseD_56	switchD_10020ade::caseD_56	switchD_10020ade	ANALYSIS	false	false	false
10020f93	Label	caseD_57	switchD_10020ade::caseD_57	switchD_10020ade	ANALYSIS	false	false	false
10020f93	Label	caseD_59	switchD_10020ade::caseD_59	switchD_10020ade	ANALYSIS	false	false	false
10020f93	Label	caseD_5b	switchD_10020ade::caseD_5b	switchD_10020ade	ANALYSIS	false	false	false
10020f93	Label	caseD_5c	switchD_10020ade::caseD_5c	switchD_10020ade	ANALYSIS	false	false	false
10020f93	Label	caseD_5d	switchD_10020ade::caseD_5d	switchD_10020ade	ANALYSIS	false	false	false
10020f93	Label	caseD_5e	switchD_10020ade::caseD_5e	switchD_10020ade	ANALYSIS	false	false	false
10020f93	Label	caseD_5f	switchD_10020ade::caseD_5f	switchD_10020ade	ANALYSIS	false	false	false
10020f93	Label	caseD_60	switchD_10020ade::caseD_60	switchD_10020ade	ANALYSIS	false	false	false
10020f93	Label	caseD_61	switchD_10020ade::caseD_61	switchD_10020ade	ANALYSIS	false	false	false
10020f93	Label	caseD_62	switchD_10020ade::caseD_62	switchD_10020ade	ANALYSIS	false	false	false
10020f93	Label	caseD_68	switchD_10020ade::caseD_68	switchD_10020ade	ANALYSIS	false	false	false
10020f93	Label	caseD_6a	switchD_10020ade::caseD_6a	switchD_10020ade	ANALYSIS	false	false	false
10020f93	Label	caseD_6b	switchD_10020ade::caseD_6b	switchD_10020ade	ANALYSIS	false	false	false
10020f93	Label	caseD_6c	switchD_10020ade::caseD_6c	switchD_10020ade	ANALYSIS	false	false	false
10020f93	Label	caseD_6d	switchD_10020ade::caseD_6d	switchD_10020ade	ANALYSIS	false	false	false
10020f93	Label	caseD_71	switchD_10020ade::caseD_71	switchD_10020ade	ANALYSIS	false	false	false
10020f93	Label	caseD_72	switchD_10020ade::caseD_72	switchD_10020ade	ANALYSIS	false	false	false
10020f93	Label	caseD_74	switchD_10020ade::caseD_74	switchD_10020ade	ANALYSIS	false	false	false
10020f93	Label	caseD_76	switchD_10020ade::caseD_76	switchD_10020ade	ANALYSIS	false	false	false
10020f93	Label	caseD_77	switchD_10020ade::caseD_77	switchD_10020ade	ANALYSIS	false	false	false
100210f8	Label	switchdataD_100210f8	switchD_100208e5::switchdataD_100210f8	switchD_100208e5	ANALYSIS	true	false	false
10021118	Label	switchdataD_10021118	switchD_10020933::switchdataD_10021118	switchD_10020933	ANALYSIS	true	false	false
10021130	Label	switchdataD_10021130	switchD_10020933::switchdataD_10021130	switchD_10020933	ANALYSIS	true	false	false
10021144	Label	switchdataD_10021144	switchD_10020a02::switchdataD_10021144	switchD_10020a02	ANALYSIS	true	false	false
10021158	Label	switchdataD_10021158	switchD_10020a02::switchdataD_10021158	switchD_10020a02	ANALYSIS	true	false	false
10021188	Label	switchdataD_10021188	switchD_10020ade::switchdataD_10021188	switchD_10020ade	ANALYSIS	true	false	false
100211cc	Label	switchdataD_100211cc	switchD_10020ade::switchdataD_100211cc	switchD_10020ade	ANALYSIS	true	false	false
10021210	Function	write_char	write_char	Global	ANALYSIS	true	false	false
10021210	Label	_write_char	_write_char	Global	ANALYSIS	false	false	false
10021260	Function	write_multi_char	write_multi_char	Global	ANALYSIS	true	false	false
10021260	Label	_write_multi_char	_write_multi_char	Global	ANALYSIS	false	false	false
100212a0	Function	write_string	write_string	Global	ANALYSIS	true	false	false
100212a0	Label	_write_string	_write_string	Global	ANALYSIS	false	false	false
100212e0	Function	get_int_arg	get_int_arg	Global	ANALYSIS	true	false	false
100212e0	Label	_get_int_arg	_get_int_arg	Global	ANALYSIS	false	false	false
100212f0	Function	get_int64_arg	get_int64_arg	Global	ANALYSIS	true	false	false
100212f0	Label	_get_int64_arg	_get_int64_arg	Global	ANALYSIS	false	false	false
10021310	Function	get_short_arg	get_short_arg	Global	ANALYSIS	true	false	false
10021310	Label	_get_short_arg	_get_short_arg	Global	ANALYSIS	false	false	false
10021320	Function	__stbuf	__stbuf	Global	ANALYSIS	true	false	false
100213c0	Function	__ftbuf	__ftbuf	Global	ANALYSIS	true	false	false
10021410	Function	_fwrite	_fwrite	Global	ANALYSIS	true	false	false
10021590	Function	__setenvp	__setenvp	Global	ANALYSIS	true	false	false
10021680	Function	__setargv	__setargv	Global	ANALYSIS	true	false	false
10021720	Function	parse_cmdline	parse_cmdline	Global	ANALYSIS	true	false	false
10021720	Label	_parse_cmdline	_parse_cmdline	Global	ANALYSIS	false	false	false
10021900	Function	__setmbcp	__setmbcp	Global	ANALYSIS	true	false	false
10021ae0	Function	getSystemCP	getSystemCP	Global	ANALYSIS	true	false	false
10021ae0	Label	_getSystemCP	_getSystemCP	Global	ANALYSIS	false	false	false
10021b30	Function	_CPtoLCID	_CPtoLCID	Global	ANALYSIS	true	false	false
10021b46	Label	switchD	switchD_10021b46::switchD	switchD_10021b46	ANALYSIS	true	false	false
10021b4d	Label	caseD_3a5	switchD_10021b46::caseD_3a5	switchD_10021b46	ANALYSIS	true	false	false
10021b4d	Label	caseD_3a6	switchD_10021b46::caseD_3a6	switchD_10021b46	ANALYSIS	false	false	false
10021b4d	Label	caseD_3a7	switchD_10021b46::caseD_3a7	switchD_10021b46	ANALYSIS	false	false	false
10021b4d	Label	caseD_3a9	switchD_10021b46::caseD_3a9	switchD_10021b46	ANALYSIS	false	false	false
10021b4d	Label	caseD_3aa	switchD_10021b46::caseD_3aa	switchD_10021b46	ANALYSIS	false	false	false
10021b4d	Label	caseD_3ab	switchD_10021b46::caseD_3ab	switchD_10021b46	ANALYSIS	false	false	false
10021b4d	Label	caseD_3ac	switchD_10021b46::caseD_3ac	switchD_10021b46	ANALYSIS	false	false	false
10021b4d	Label	caseD_3ad	switchD_10021b46::caseD_3ad	switchD_10021b46	ANALYSIS	false	false	false
10021b4d	Label	caseD_3ae	switchD_10021b46::caseD_3ae	switchD_10021b46	ANALYSIS	false	false	false
10021b4d	Label	caseD_3af	switchD_10021b46::caseD_3af	switchD_10021b46	ANALYSIS	false	false	false
10021b4d	Label	caseD_3b0	switchD_10021b46::caseD_3b0	switchD_10021b46	ANALYSIS	false	false	false
10021b4d	Label	caseD_3b1	switchD_10021b46::caseD_3b1	switchD_10021b46	ANALYSIS	false	false	false
10021b4d	Label	caseD_3b2	switchD_10021b46::caseD_3b2	switchD_10021b46	ANALYSIS	false	false	false
10021b4d	Label	caseD_3b3	switchD_10021b46::caseD_3b3	switchD_10021b46	ANALYSIS	false	false	false
10021b4d	Label	caseD_3b4	switchD_10021b46::caseD_3b4	switchD_10021b46	ANALYSIS	false	false	false
10021b50	Label	caseD_3a4	switchD_10021b46::caseD_3a4	switchD_10021b46	ANALYSIS	true	false	false
10021b56	Label	caseD_3a8	switchD_10021b46::caseD_3a8	switchD_10021b46	ANALYSIS	true	false	false
10021b5c	Label	caseD_3b5	switchD_10021b46::caseD_3b5	switchD_10021b46	ANALYSIS	true	false	false
10021b62	Label	caseD_3b6	switchD_10021b46::caseD_3b6	switchD_10021b46	ANALYSIS	true	false	false
10021b68	Label	switchdataD_10021b68	switchD_10021b46::switchdataD_10021b68	switchD_10021b46	ANALYSIS	true	false	false
10021b7c	Label	switchdataD_10021b7c	switchD_10021b46::switchdataD_10021b7c	switchD_10021b46	ANALYSIS	true	false	false
10021b90	Function	setSBCS	setSBCS	Global	ANALYSIS	true	false	false
10021b90	Label	_setSBCS	_setSBCS	Global	ANALYSIS	false	false	false
10021bc0	Function	___initmbctable	___initmbctable	Global	ANALYSIS	true	false	false
10021bd0	Function	___crtGetEnvironmentStringsA	___crtGetEnvironmentStringsA	Global	ANALYSIS	true	false	false
10021d60	Function	FUN_10021d60	FUN_10021d60	Global	DEFAULT	true	false	false
10021d70	Function	_DllMain@12	_DllMain@12	Global	ANALYSIS	true	false	false
10021da0	Function	__FF_MSGBANNER	__FF_MSGBANNER	Global	ANALYSIS	true	false	false
10021de0	Function	__NMSG_WRITE	__NMSG_WRITE	Global	ANALYSIS	true	false	false
10021fe0	Function	_calloc	_calloc	Global	ANALYSIS	true	false	false
10022080	Function	__fcloseall	__fcloseall	Global	ANALYSIS	true	false	false
10022100	Function	__commit	__commit	Global	ANALYSIS	true	false	false
10022170	Function	__write	__write	Global	ANALYSIS	true	false	false
100223a0	Function	___crtLCMapStringW	___crtLCMapStringW	Global	ANALYSIS	true	false	false
100225b0	Function	wcsncnt	wcsncnt	Global	ANALYSIS	true	false	false
100225b0	Label	_wcsncnt	_wcsncnt	Global	ANALYSIS	false	false	false
100225f0	Function	___crtLCMapStringA	___crtLCMapStringA	Global	ANALYSIS	true	false	false
10022820	Function	_strncnt	_strncnt	Global	ANALYSIS	true	false	false
10022850	Function	___crtGetStringTypeW	___crtGetStringTypeW	Global	ANALYSIS	true	false	false
10022a10	Function	___crtGetStringTypeA	___crtGetStringTypeA	Global	ANALYSIS	true	false	false
10022b40	Function	__fltin	__fltin	Global	ANALYSIS	true	false	false
10022bf0	Function	__control87	__control87	Global	ANALYSIS	true	false	false
10022c40	Function	__controlfp	__controlfp	Global	ANALYSIS	true	false	false
10022c60	Function	__abstract_cw	__abstract_cw	Global	ANALYSIS	true	false	false
10022d10	Function	__hw_cw	__hw_cw	Global	ANALYSIS	true	false	false
10022da0	Function	__fptrap	__fptrap	Global	ANALYSIS	true	false	false
10022db0	Function	__ZeroTail	__ZeroTail	Global	ANALYSIS	true	false	false
10022e20	Function	__IncMan	__IncMan	Global	ANALYSIS	true	false	false
10022e90	Function	__RoundMan	__RoundMan	Global	ANALYSIS	true	false	false
10022f40	Function	__CopyMan	__CopyMan	Global	ANALYSIS	true	false	false
10022f60	Function	__FillZeroMan	__FillZeroMan	Global	ANALYSIS	true	false	false
10022f70	Function	__IsZeroMan	__IsZeroMan	Global	ANALYSIS	true	false	false
10022f90	Function	__ShrMan	__ShrMan	Global	ANALYSIS	true	false	false
10023040	Function	__ld12cvt	__ld12cvt	Global	ANALYSIS	true	false	false
10023210	Function	__ld12tod	__ld12tod	Global	ANALYSIS	true	false	false
10023230	Function	__ld12tof	__ld12tof	Global	ANALYSIS	true	false	false
10023250	Function	FID_conflict:__atodbl	FID_conflict:__atodbl	Global	ANALYSIS	true	false	false
10023250	Label	__atoflt	__atoflt	Global	ANALYSIS	false	false	false
10023250	Label	__atodbl	__atodbl	Global	ANALYSIS	false	false	false
10023290	Function	FID_conflict:__atodbl	FID_conflict:__atodbl	Global	ANALYSIS	true	false	false
10023290	Label	__atoflt	__atoflt	Global	ANALYSIS	false	false	false
10023290	Label	__atodbl	__atodbl	Global	ANALYSIS	false	false	false
100232d0	Function	__fptostr	__fptostr	Global	ANALYSIS	true	false	false
10023360	Function	__fltout	__fltout	Global	ANALYSIS	true	false	false
100233d0	Function	___dtold	___dtold	Global	ANALYSIS	true	false	false
10023490	Function	FID_conflict:_memcpy	FID_conflict:_memcpy	Global	ANALYSIS	true	false	false
10023490	Label	_memmove	_memmove	Global	ANALYSIS	false	false	false
10023490	Label	_memcpy	_memcpy	Global	ANALYSIS	false	false	false
100234c0	Label	switchD	switchD_100234c0::switchD	switchD_100234c0	ANALYSIS	true	false	false
100234c8	Label	switchdataD_100234c8	switchD_100234c0::switchdataD_100234c8	switchD_100234c0	ANALYSIS	true	false	false
100234d8	Label	caseD_3	switchD_100234c0::caseD_3	switchD_100234c0	ANALYSIS	true	false	false
100234d8	Label	caseD_3	switchD_10023526::caseD_3	switchD_10023526	ANALYSIS	false	false	false
100234ec	Label	caseD_2	switchD_100234c0::caseD_2	switchD_100234c0	ANALYSIS	true	false	false
100234ec	Label	caseD_2	switchD_10023526::caseD_2	switchD_10023526	ANALYSIS	false	false	false
100234fc	Label	caseD_1	switchD_100234c0::caseD_1	switchD_100234c0	ANALYSIS	true	false	false
100234fc	Label	caseD_1	switchD_10023526::caseD_1	switchD_10023526	ANALYSIS	false	false	false
10023500	Label	caseD_0	switchD_100234c0::caseD_0	switchD_100234c0	ANALYSIS	true	false	false
10023500	Label	caseD_0	switchD_10023526::caseD_0	switchD_10023526	ANALYSIS	false	false	false
10023526	Label	switchD	switchD_10023526::switchD	switchD_10023526	ANALYSIS	true	false	false
10023559	Label	switchD	switchD_10023559::switchD	switchD_10023559	ANALYSIS	true	false	false
10023560	Label	switchdataD_10023560	switchD_10023559::switchdataD_10023560	switchD_10023559	ANALYSIS	true	false	false
10023570	Label	caseD_3	switchD_10023559::caseD_3	switchD_10023559	ANALYSIS	true	false	false
10023570	Label	caseD_3	switchD_100235cc::caseD_3	switchD_100235cc	ANALYSIS	false	false	false
10023588	Label	caseD_2	switchD_10023559::caseD_2	switchD_10023559	ANALYSIS	true	false	false
10023588	Label	caseD_2	switchD_100235cc::caseD_2	switchD_100235cc	ANALYSIS	false	false	false
10023598	Label	caseD_1	switchD_10023559::caseD_1	switchD_10023559	ANALYSIS	true	false	false
10023598	Label	caseD_1	switchD_100235cc::caseD_1	switchD_100235cc	ANALYSIS	false	false	false
1002359e	Label	caseD_0	switchD_10023559::caseD_0	switchD_10023559	ANALYSIS	true	false	false
1002359e	Label	caseD_0	switchD_100235cc::caseD_0	switchD_100235cc	ANALYSIS	false	false	false
100235cc	Label	switchD	switchD_100235cc::switchD	switchD_100235cc	ANALYSIS	true	false	false
100235e0	Function	__dosmaperr	__dosmaperr	Global	ANALYSIS	true	false	false
10023650	Function	__alloc_osfhnd	__alloc_osfhnd	Global	ANALYSIS	true	false	false
10023710	Function	__set_osfhnd	__set_osfhnd	Global	ANALYSIS	true	false	false
100237c0	Function	__free_osfhnd	__free_osfhnd	Global	ANALYSIS	true	false	false
10023850	Function	__get_osfhandle	__get_osfhandle	Global	ANALYSIS	true	false	false
100238a0	Function	_mbtowc	_mbtowc	Global	ANALYSIS	true	false	false
100239b0	Function	_isspace	_isspace	Global	ANALYSIS	true	false	false
100239e0	Function	FID_conflict:_ungetc	FID_conflict:_ungetc	Global	ANALYSIS	true	false	false
100239e0	Label	__ungetc_lk	__ungetc_lk	Global	ANALYSIS	false	false	false
100239e0	Label	_ungetc	_ungetc	Global	ANALYSIS	false	false	false
10023a70	Function	__lseek	__lseek	Global	ANALYSIS	true	false	false
10023b30	Function	__sopen	__sopen	Global	ANALYSIS	true	false	false
10023be4	Label	switchD	switchD_10023be4::switchD	switchD_10023be4	ANALYSIS	true	false	false
10023beb	Label	caseD_11	switchD_10023be4::caseD_11	switchD_10023be4	ANALYSIS	true	false	false
10023beb	Label	caseD_12	switchD_10023be4::caseD_12	switchD_10023be4	ANALYSIS	false	false	false
10023beb	Label	caseD_13	switchD_10023be4::caseD_13	switchD_10023be4	ANALYSIS	false	false	false
10023beb	Label	caseD_14	switchD_10023be4::caseD_14	switchD_10023be4	ANALYSIS	false	false	false
10023beb	Label	caseD_15	switchD_10023be4::caseD_15	switchD_10023be4	ANALYSIS	false	false	false
10023beb	Label	caseD_16	switchD_10023be4::caseD_16	switchD_10023be4	ANALYSIS	false	false	false
10023beb	Label	caseD_17	switchD_10023be4::caseD_17	switchD_10023be4	ANALYSIS	false	false	false
10023beb	Label	caseD_18	switchD_10023be4::caseD_18	switchD_10023be4	ANALYSIS	false	false	false
10023beb	Label	caseD_19	switchD_10023be4::caseD_19	switchD_10023be4	ANALYSIS	false	false	false
10023beb	Label	caseD_1a	switchD_10023be4::caseD_1a	switchD_10023be4	ANALYSIS	false	false	false
10023beb	Label	caseD_1b	switchD_10023be4::caseD_1b	switchD_10023be4	ANALYSIS	false	false	false
10023beb	Label	caseD_1c	switchD_10023be4::caseD_1c	switchD_10023be4	ANALYSIS	false	false	false
10023beb	Label	caseD_1d	switchD_10023be4::caseD_1d	switchD_10023be4	ANALYSIS	false	false	false
10023beb	Label	caseD_1e	switchD_10023be4::caseD_1e	switchD_10023be4	ANALYSIS	false	false	false
10023beb	Label	caseD_1f	switchD_10023be4::caseD_1f	switchD_10023be4	ANALYSIS	false	false	false
10023beb	Label	caseD_21	switchD_10023be4::caseD_21	switchD_10023be4	ANALYSIS	false	false	false
10023beb	Label	caseD_22	switchD_10023be4::caseD_22	switchD_10023be4	ANALYSIS	false	false	false
10023beb	Label	caseD_23	switchD_10023be4::caseD_23	switchD_10023be4	ANALYSIS	false	false	false
10023beb	Label	caseD_24	switchD_10023be4::caseD_24	switchD_10023be4	ANALYSIS	false	false	false
10023beb	Label	caseD_25	switchD_10023be4::caseD_25	switchD_10023be4	ANALYSIS	false	false	false
10023beb	Label	caseD_26	switchD_10023be4::caseD_26	switchD_10023be4	ANALYSIS	false	false	false
10023beb	Label	caseD_27	switchD_10023be4::caseD_27	switchD_10023be4	ANALYSIS	false	false	false
10023beb	Label	caseD_28	switchD_10023be4::caseD_28	switchD_10023be4	ANALYSIS	false	false	false
10023beb	Label	caseD_29	switchD_10023be4::caseD_29	switchD_10023be4	ANALYSIS	false	false	false
10023beb	Label	caseD_2a	switchD_10023be4::caseD_2a	switchD_10023be4	ANALYSIS	false	false	false
10023beb	Label	caseD_2b	switchD_10023be4::caseD_2b	switchD_10023be4	ANALYSIS	false	false	false
10023beb	Label	caseD_2c	switchD_10023be4::caseD_2c	switchD_10023be4	ANALYSIS	false	false	false
10023beb	Label	caseD_2d	switchD_10023be4::caseD_2d	switchD_10023be4	ANALYSIS	false	false	false
10023beb	Label	caseD_2e	switchD_10023be4::caseD_2e	switchD_10023be4	ANALYSIS	false	false	false
10023beb	Label	caseD_2f	switchD_10023be4::caseD_2f	switchD_10023be4	ANALYSIS	false	false	false
10023beb	Label	caseD_31	switchD_10023be4::caseD_31	switchD_10023be4	ANALYSIS	false	false	false
10023beb	Label	caseD_32	switchD_10023be4::caseD_32	switchD_10023be4	ANALYSIS	false	false	false
10023beb	Label	caseD_33	switchD_10023be4::caseD_33	switchD_10023be4	ANALYSIS	false	false	false
10023beb	Label	caseD_34	switchD_10023be4::caseD_34	switchD_10023be4	ANALYSIS	false	false	false
10023beb	Label	caseD_35	switchD_10023be4::caseD_35	switchD_10023be4	ANALYSIS	false	false	false
10023beb	Label	caseD_36	switchD_10023be4::caseD_36	switchD_10023be4	ANALYSIS	false	false	false
10023beb	Label	caseD_37	switchD_10023be4::caseD_37	switchD_10023be4	ANALYSIS	false	false	false
10023beb	Label	caseD_38	switchD_10023be4::caseD_38	switchD_10023be4	ANALYSIS	false	false	false
10023beb	Label	caseD_39	switchD_10023be4::caseD_39	switchD_10023be4	ANALYSIS	false	false	false
10023beb	Label	caseD_3a	switchD_10023be4::caseD_3a	switchD_10023be4	ANALYSIS	false	false	false
10023beb	Label	caseD_3b	switchD_10023be4::caseD_3b	switchD_10023be4	ANALYSIS	false	false	false
10023beb	Label	caseD_3c	switchD_10023be4::caseD_3c	switchD_10023be4	ANALYSIS	false	false	false
10023beb	Label	caseD_3d	switchD_10023be4::caseD_3d	switchD_10023be4	ANALYSIS	false	false	false
10023beb	Label	caseD_3e	switchD_10023be4::caseD_3e	switchD_10023be4	ANALYSIS	false	false	false
10023beb	Label	caseD_3f	switchD_10023be4::caseD_3f	switchD_10023be4	ANALYSIS	false	false	false
10023c0c	Label	caseD_10	switchD_10023be4::caseD_10	switchD_10023be4	ANALYSIS	true	false	false
10023c16	Label	caseD_20	switchD_10023be4::caseD_20	switchD_10023be4	ANALYSIS	true	false	false
10023c20	Label	caseD_30	switchD_10023be4::caseD_30	switchD_10023be4	ANALYSIS	true	false	false
10023c2a	Label	caseD_40	switchD_10023be4::caseD_40	switchD_10023be4	ANALYSIS	true	false	false
10023f00	Label	switchdataD_10023f00	switchD_10023be4::switchdataD_10023f00	switchD_10023be4	ANALYSIS	true	false	false
10023f14	Label	switchdataD_10023f14	switchD_10023be4::switchdataD_10023f14	switchD_10023be4	ANALYSIS	true	false	false
10023f50	Function	__trandisp1	__trandisp1	Global	ANALYSIS	true	false	false
10023fb7	Function	__trandisp2	__trandisp2	Global	ANALYSIS	true	false	false
10024048	Function	FUN_10024048	FUN_10024048	Global	DEFAULT	true	false	false
10024056	Function	FUN_10024056	FUN_10024056	Global	DEFAULT	true	false	false
1002405b	Function	FUN_1002405b	FUN_1002405b	Global	DEFAULT	true	false	false
100240f6	Function	FUN_100240f6	FUN_100240f6	Global	DEFAULT	true	false	false
10024120	Function	FUN_10024120	FUN_10024120	Global	DEFAULT	true	false	false
10024370	Function	FUN_10024370	FUN_10024370	Global	DEFAULT	true	false	false
100243f0	Function	FUN_100243f0	FUN_100243f0	Global	DEFAULT	true	false	false
10024be1	Function	FUN_10024be1	FUN_10024be1	Global	DEFAULT	true	false	false
10025180	Function	__87except	__87except	Global	ANALYSIS	true	false	false
1002519f	Label	switchD	switchD_1002519f::switchD	switchD_1002519f	ANALYSIS	true	false	false
100251a6	Label	caseD_1	switchD_1002519f::caseD_1	switchD_1002519f	ANALYSIS	true	false	false
100251a6	Label	caseD_5	switchD_1002519f::caseD_5	switchD_1002519f	ANALYSIS	false	false	false
100251ad	Label	caseD_2	switchD_1002519f::caseD_2	switchD_1002519f	ANALYSIS	true	false	false
100251b4	Label	caseD_3	switchD_1002519f::caseD_3	switchD_1002519f	ANALYSIS	true	false	false
100251bb	Label	caseD_4	switchD_1002519f::caseD_4	switchD_1002519f	ANALYSIS	true	false	false
100251c2	Label	caseD_7	switchD_1002519f::caseD_7	switchD_1002519f	ANALYSIS	true	false	false
100251c8	Label	caseD_6	switchD_1002519f::caseD_6	switchD_1002519f	ANALYSIS	true	false	false
100251fe	Label	caseD_8	switchD_1002519f::caseD_8	switchD_1002519f	ANALYSIS	true	false	false
10025280	Label	switchdataD_10025280	switchD_1002519f::switchdataD_10025280	switchD_1002519f	ANALYSIS	true	false	false
100252a0	Function	___crtCompareStringW	___crtCompareStringW	Global	ANALYSIS	true	false	false
100254e0	Function	wcsncnt	wcsncnt	Global	ANALYSIS	true	false	false
100254e0	Label	_wcsncnt	_wcsncnt	Global	ANALYSIS	false	false	false
10025520	Function	___crtCompareStringA	___crtCompareStringA	Global	ANALYSIS	true	false	false
10025810	Function	_strncnt	_strncnt	Global	ANALYSIS	true	false	false
10025840	Function	___crtsetenv	___crtsetenv	Global	ANALYSIS	true	false	false
10025a90	Function	findenv	findenv	Global	ANALYSIS	true	false	false
10025a90	Label	_findenv	_findenv	Global	ANALYSIS	false	false	false
10025af0	Function	copy_environ	copy_environ	Global	ANALYSIS	true	false	false
10025af0	Label	_copy_environ	_copy_environ	Global	ANALYSIS	false	false	false
10025b70	Function	__isatty	__isatty	Global	ANALYSIS	true	false	false
10025ba0	Function	_wctomb	_wctomb	Global	ANALYSIS	true	false	false
10025c40	Function	__aulldiv	__aulldiv	Global	ANALYSIS	true	false	false
10025cb0	Function	__aullrem	__aullrem	Global	ANALYSIS	true	false	false
10025d30	Function	FUN_10025d30	FUN_10025d30	Global	DEFAULT	true	false	false
10025d50	Function	___crtMessageBoxA	___crtMessageBoxA	Global	ANALYSIS	true	false	false
10025df0	Function	_strncpy	_strncpy	Global	ANALYSIS	true	false	false
10025ef0	Function	___strgtold12	___strgtold12	Global	ANALYSIS	true	false	false
10025f55	Label	switchD	switchD_10025f55::switchD	switchD_10025f55	ANALYSIS	true	false	false
10025f5c	Label	caseD_0	switchD_10025f55::caseD_0	switchD_10025f55	ANALYSIS	true	false	false
10025fc5	Label	caseD_1	switchD_10025f55::caseD_1	switchD_10025f55	ANALYSIS	true	false	false
1002600a	Label	switchD	switchD_1002600a::switchD	switchD_1002600a	ANALYSIS	true	false	false
10026011	Label	caseD_2b	switchD_1002600a::caseD_2b	switchD_1002600a	ANALYSIS	true	false	false
10026011	Label	caseD_2d	switchD_1002600a::caseD_2d	switchD_1002600a	ANALYSIS	false	false	false
1002601c	Label	caseD_30	switchD_1002600a::caseD_30	switchD_1002600a	ANALYSIS	true	false	false
10026026	Label	caseD_44	switchD_1002600a::caseD_44	switchD_1002600a	ANALYSIS	true	false	false
10026026	Label	caseD_45	switchD_1002600a::caseD_45	switchD_1002600a	ANALYSIS	false	false	false
10026026	Label	caseD_64	switchD_1002600a::caseD_64	switchD_1002600a	ANALYSIS	false	false	false
10026026	Label	caseD_65	switchD_1002600a::caseD_65	switchD_1002600a	ANALYSIS	false	false	false
10026030	Label	caseD_2	switchD_10025f55::caseD_2	switchD_10025f55	ANALYSIS	true	false	false
10026076	Label	caseD_3	switchD_10025f55::caseD_3	switchD_10025f55	ANALYSIS	true	false	false
100260f9	Label	switchD	switchD_100260f9::switchD	switchD_100260f9	ANALYSIS	true	false	false
10026100	Label	caseD_2b	switchD_100260f9::caseD_2b	switchD_100260f9	ANALYSIS	true	false	false
10026100	Label	caseD_2d	switchD_100260f9::caseD_2d	switchD_100260f9	ANALYSIS	false	false	false
1002610b	Label	caseD_44	switchD_100260f9::caseD_44	switchD_100260f9	ANALYSIS	true	false	false
1002610b	Label	caseD_45	switchD_100260f9::caseD_45	switchD_100260f9	ANALYSIS	false	false	false
1002610b	Label	caseD_64	switchD_100260f9::caseD_64	switchD_100260f9	ANALYSIS	false	false	false
1002610b	Label	caseD_65	switchD_100260f9::caseD_65	switchD_100260f9	ANALYSIS	false	false	false
10026115	Label	caseD_4	switchD_10025f55::caseD_4	switchD_10025f55	ANALYSIS	true	false	false
100261a0	Label	switchD	switchD_100261a0::switchD	switchD_100261a0	ANALYSIS	true	false	false
100261a7	Label	caseD_2b	switchD_100261a0::caseD_2b	switchD_100261a0	ANALYSIS	true	false	false
100261a7	Label	caseD_2d	switchD_100261a0::caseD_2d	switchD_100261a0	ANALYSIS	false	false	false
100261b2	Label	caseD_44	switchD_100261a0::caseD_44	switchD_100261a0	ANALYSIS	true	false	false
100261b2	Label	caseD_45	switchD_100261a0::caseD_45	switchD_100261a0	ANALYSIS	false	false	false
100261b2	Label	caseD_64	switchD_100261a0::caseD_64	switchD_100261a0	ANALYSIS	false	false	false
100261b2	Label	caseD_65	switchD_100261a0::caseD_65	switchD_100261a0	ANALYSIS	false	false	false
100261bc	Label	caseD_5	switchD_10025f55::caseD_5	switchD_10025f55	ANALYSIS	true	false	false
1002620d	Label	caseD_6	switchD_10025f55::caseD_6	switchD_10025f55	ANALYSIS	true	false	false
1002626e	Label	caseD_7	switchD_10025f55::caseD_7	switchD_10025f55	ANALYSIS	true	false	false
100262a2	Label	caseD_8	switchD_10025f55::caseD_8	switchD_10025f55	ANALYSIS	true	false	false
100262d3	Label	caseD_9	switchD_10025f55::caseD_9	switchD_10025f55	ANALYSIS	true	false	false
10026360	Label	caseD_b	switchD_10025f55::caseD_b	switchD_10025f55	ANALYSIS	true	false	false
1002639f	Label	caseD_2c	switchD_100261a0::caseD_2c	switchD_100261a0	ANALYSIS	true	false	false
1002639f	Label	caseD_2e	switchD_100261a0::caseD_2e	switchD_100261a0	ANALYSIS	false	false	false
1002639f	Label	caseD_2f	switchD_100261a0::caseD_2f	switchD_100261a0	ANALYSIS	false	false	false
1002639f	Label	caseD_30	switchD_100261a0::caseD_30	switchD_100261a0	ANALYSIS	false	false	false
1002639f	Label	caseD_31	switchD_100261a0::caseD_31	switchD_100261a0	ANALYSIS	false	false	false
1002639f	Label	caseD_32	switchD_100261a0::caseD_32	switchD_100261a0	ANALYSIS	false	false	false
1002639f	Label	caseD_33	switchD_100261a0::caseD_33	switchD_100261a0	ANALYSIS	false	false	false
1002639f	Label	caseD_34	switchD_100261a0::caseD_34	switchD_100261a0	ANALYSIS	false	false	false
1002639f	Label	caseD_35	switchD_100261a0::caseD_35	switchD_100261a0	ANALYSIS	false	false	false
1002639f	Label	caseD_36	switchD_100261a0::caseD_36	switchD_100261a0	ANALYSIS	false	false	false
1002639f	Label	caseD_37	switchD_100261a0::caseD_37	switchD_100261a0	ANALYSIS	false	false	false
1002639f	Label	caseD_38	switchD_100261a0::caseD_38	switchD_100261a0	ANALYSIS	false	false	false
1002639f	Label	caseD_39	switchD_100261a0::caseD_39	switchD_100261a0	ANALYSIS	false	false	false
1002639f	Label	caseD_3a	switchD_100261a0::caseD_3a	switchD_100261a0	ANALYSIS	false	false	false
1002639f	Label	caseD_3b	switchD_100261a0::caseD_3b	switchD_100261a0	ANALYSIS	false	false	false
1002639f	Label	caseD_3c	switchD_100261a0::caseD_3c	switchD_100261a0	ANALYSIS	false	false	false
1002639f	Label	caseD_3d	switchD_100261a0::caseD_3d	switchD_100261a0	ANALYSIS	false	false	false
1002639f	Label	caseD_3e	switchD_100261a0::caseD_3e	switchD_100261a0	ANALYSIS	false	false	false
1002639f	Label	caseD_3f	switchD_100261a0::caseD_3f	switchD_100261a0	ANALYSIS	false	false	false
1002639f	Label	caseD_40	switchD_100261a0::caseD_40	switchD_100261a0	ANALYSIS	false	false	false
1002639f	Label	caseD_41	switchD_100261a0::caseD_41	switchD_100261a0	ANALYSIS	false	false	false
1002639f	Label	caseD_42	switchD_100261a0::caseD_42	switchD_100261a0	ANALYSIS	false	false	false
1002639f	Label	caseD_43	switchD_100261a0::caseD_43	switchD_100261a0	ANALYSIS	false	false	false
1002639f	Label	caseD_46	switchD_100261a0::caseD_46	switchD_100261a0	ANALYSIS	false	false	false
1002639f	Label	caseD_47	switchD_100261a0::caseD_47	switchD_100261a0	ANALYSIS	false	false	false
1002639f	Label	caseD_48	switchD_100261a0::caseD_48	switchD_100261a0	ANALYSIS	false	false	false
1002639f	Label	caseD_49	switchD_100261a0::caseD_49	switchD_100261a0	ANALYSIS	false	false	false
1002639f	Label	caseD_4a	switchD_100261a0::caseD_4a	switchD_100261a0	ANALYSIS	false	false	false
1002639f	Label	caseD_4b	switchD_100261a0::caseD_4b	switchD_100261a0	ANALYSIS	false	false	false
1002639f	Label	caseD_4c	switchD_100261a0::caseD_4c	switchD_100261a0	ANALYSIS	false	false	false
1002639f	Label	caseD_4d	switchD_100261a0::caseD_4d	switchD_100261a0	ANALYSIS	false	false	false
1002639f	Label	caseD_4e	switchD_100261a0::caseD_4e	switchD_100261a0	ANALYSIS	false	false	false
1002639f	Label	caseD_4f	switchD_100261a0::caseD_4f	switchD_100261a0	ANALYSIS	false	false	false
1002639f	Label	caseD_50	switchD_100261a0::caseD_50	switchD_100261a0	ANALYSIS	false	false	false
1002639f	Label	caseD_51	switchD_100261a0::caseD_51	switchD_100261a0	ANALYSIS	false	false	false
1002639f	Label	caseD_52	switchD_100261a0::caseD_52	switchD_100261a0	ANALYSIS	false	false	false
1002639f	Label	caseD_53	switchD_100261a0::caseD_53	switchD_100261a0	ANALYSIS	false	false	false
1002639f	Label	caseD_54	switchD_100261a0::caseD_54	switchD_100261a0	ANALYSIS	false	false	false
1002639f	Label	caseD_55	switchD_100261a0::caseD_55	switchD_100261a0	ANALYSIS	false	false	false
1002639f	Label	caseD_56	switchD_100261a0::caseD_56	switchD_100261a0	ANALYSIS	false	false	false
1002639f	Label	caseD_57	switchD_100261a0::caseD_57	switchD_100261a0	ANALYSIS	false	false	false
1002639f	Label	caseD_58	switchD_100261a0::caseD_58	switchD_100261a0	ANALYSIS	false	false	false
1002639f	Label	caseD_59	switchD_100261a0::caseD_59	switchD_100261a0	ANALYSIS	false	false	false
1002639f	Label	caseD_5a	switchD_100261a0::caseD_5a	switchD_100261a0	ANALYSIS	false	false	false
1002639f	Label	caseD_5b	switchD_100261a0::caseD_5b	switchD_100261a0	ANALYSIS	false	false	false
1002639f	Label	caseD_5c	switchD_100261a0::caseD_5c	switchD_100261a0	ANALYSIS	false	false	false
1002639f	Label	caseD_5d	switchD_100261a0::caseD_5d	switchD_100261a0	ANALYSIS	false	false	false
1002639f	Label	caseD_5e	switchD_100261a0::caseD_5e	switchD_100261a0	ANALYSIS	false	false	false
1002639f	Label	caseD_5f	switchD_100261a0::caseD_5f	switchD_100261a0	ANALYSIS	false	false	false
1002639f	Label	caseD_60	switchD_100261a0::caseD_60	switchD_100261a0	ANALYSIS	false	false	false
1002639f	Label	caseD_61	switchD_100261a0::caseD_61	switchD_100261a0	ANALYSIS	false	false	false
1002639f	Label	caseD_62	switchD_100261a0::caseD_62	switchD_100261a0	ANALYSIS	false	false	false
1002639f	Label	caseD_63	switchD_100261a0::caseD_63	switchD_100261a0	ANALYSIS	false	false	false
1002639f	Label	caseD_2c	switchD_100260f9::caseD_2c	switchD_100260f9	ANALYSIS	false	false	false
1002639f	Label	caseD_2e	switchD_100260f9::caseD_2e	switchD_100260f9	ANALYSIS	false	false	false
1002639f	Label	caseD_2f	switchD_100260f9::caseD_2f	switchD_100260f9	ANALYSIS	false	false	false
1002639f	Label	caseD_30	switchD_100260f9::caseD_30	switchD_100260f9	ANALYSIS	false	false	false
1002639f	Label	caseD_31	switchD_100260f9::caseD_31	switchD_100260f9	ANALYSIS	false	false	false
1002639f	Label	caseD_32	switchD_100260f9::caseD_32	switchD_100260f9	ANALYSIS	false	false	false
1002639f	Label	caseD_33	switchD_100260f9::caseD_33	switchD_100260f9	ANALYSIS	false	false	false
1002639f	Label	caseD_34	switchD_100260f9::caseD_34	switchD_100260f9	ANALYSIS	false	false	false
1002639f	Label	caseD_35	switchD_100260f9::caseD_35	switchD_100260f9	ANALYSIS	false	false	false
1002639f	Label	caseD_36	switchD_100260f9::caseD_36	switchD_100260f9	ANALYSIS	false	false	false
1002639f	Label	caseD_37	switchD_100260f9::caseD_37	switchD_100260f9	ANALYSIS	false	false	false
1002639f	Label	caseD_38	switchD_100260f9::caseD_38	switchD_100260f9	ANALYSIS	false	false	false
1002639f	Label	caseD_39	switchD_100260f9::caseD_39	switchD_100260f9	ANALYSIS	false	false	false
1002639f	Label	caseD_3a	switchD_100260f9::caseD_3a	switchD_100260f9	ANALYSIS	false	false	false
1002639f	Label	caseD_3b	switchD_100260f9::caseD_3b	switchD_100260f9	ANALYSIS	false	false	false
1002639f	Label	caseD_3c	switchD_100260f9::caseD_3c	switchD_100260f9	ANALYSIS	false	false	false
1002639f	Label	caseD_3d	switchD_100260f9::caseD_3d	switchD_100260f9	ANALYSIS	false	false	false
1002639f	Label	caseD_3e	switchD_100260f9::caseD_3e	switchD_100260f9	ANALYSIS	false	false	false
1002639f	Label	caseD_3f	switchD_100260f9::caseD_3f	switchD_100260f9	ANALYSIS	false	false	false
1002639f	Label	caseD_40	switchD_100260f9::caseD_40	switchD_100260f9	ANALYSIS	false	false	false
1002639f	Label	caseD_41	switchD_100260f9::caseD_41	switchD_100260f9	ANALYSIS	false	false	false
1002639f	Label	caseD_42	switchD_100260f9::caseD_42	switchD_100260f9	ANALYSIS	false	false	false
1002639f	Label	caseD_43	switchD_100260f9::caseD_43	switchD_100260f9	ANALYSIS	false	false	false
1002639f	Label	caseD_46	switchD_100260f9::caseD_46	switchD_100260f9	ANALYSIS	false	false	false
1002639f	Label	caseD_47	switchD_100260f9::caseD_47	switchD_100260f9	ANALYSIS	false	false	false
1002639f	Label	caseD_48	switchD_100260f9::caseD_48	switchD_100260f9	ANALYSIS	false	false	false
1002639f	Label	caseD_49	switchD_100260f9::caseD_49	switchD_100260f9	ANALYSIS	false	false	false
1002639f	Label	caseD_4a	switchD_100260f9::caseD_4a	switchD_100260f9	ANALYSIS	false	false	false
1002639f	Label	caseD_4b	switchD_100260f9::caseD_4b	switchD_100260f9	ANALYSIS	false	false	false
1002639f	Label	caseD_4c	switchD_100260f9::caseD_4c	switchD_100260f9	ANALYSIS	false	false	false
1002639f	Label	caseD_4d	switchD_100260f9::caseD_4d	switchD_100260f9	ANALYSIS	false	false	false
1002639f	Label	caseD_4e	switchD_100260f9::caseD_4e	switchD_100260f9	ANALYSIS	false	false	false
1002639f	Label	caseD_4f	switchD_100260f9::caseD_4f	switchD_100260f9	ANALYSIS	false	false	false
1002639f	Label	caseD_50	switchD_100260f9::caseD_50	switchD_100260f9	ANALYSIS	false	false	false
1002639f	Label	caseD_51	switchD_100260f9::caseD_51	switchD_100260f9	ANALYSIS	false	false	false
1002639f	Label	caseD_52	switchD_100260f9::caseD_52	switchD_100260f9	ANALYSIS	false	false	false
1002639f	Label	caseD_53	switchD_100260f9::caseD_53	switchD_100260f9	ANALYSIS	false	false	false
1002639f	Label	caseD_54	switchD_100260f9::caseD_54	switchD_100260f9	ANALYSIS	false	false	false
1002639f	Label	caseD_55	switchD_100260f9::caseD_55	switchD_100260f9	ANALYSIS	false	false	false
1002639f	Label	caseD_56	switchD_100260f9::caseD_56	switchD_100260f9	ANALYSIS	false	false	false
1002639f	Label	caseD_57	switchD_100260f9::caseD_57	switchD_100260f9	ANALYSIS	false	false	false
1002639f	Label	caseD_58	switchD_100260f9::caseD_58	switchD_100260f9	ANALYSIS	false	false	false
1002639f	Label	caseD_59	switchD_100260f9::caseD_59	switchD_100260f9	ANALYSIS	false	false	false
1002639f	Label	caseD_5a	switchD_100260f9::caseD_5a	switchD_100260f9	ANALYSIS	false	false	false
1002639f	Label	caseD_5b	switchD_100260f9::caseD_5b	switchD_100260f9	ANALYSIS	false	false	false
1002639f	Label	caseD_5c	switchD_100260f9::caseD_5c	switchD_100260f9	ANALYSIS	false	false	false
1002639f	Label	caseD_5d	switchD_100260f9::caseD_5d	switchD_100260f9	ANALYSIS	false	false	false
1002639f	Label	caseD_5e	switchD_100260f9::caseD_5e	switchD_100260f9	ANALYSIS	false	false	false
1002639f	Label	caseD_5f	switchD_100260f9::caseD_5f	switchD_100260f9	ANALYSIS	false	false	false
1002639f	Label	caseD_60	switchD_100260f9::caseD_60	switchD_100260f9	ANALYSIS	false	false	false
1002639f	Label	caseD_61	switchD_100260f9::caseD_61	switchD_100260f9	ANALYSIS	false	false	false
1002639f	Label	caseD_62	switchD_100260f9::caseD_62	switchD_100260f9	ANALYSIS	false	false	false
1002639f	Label	caseD_63	switchD_100260f9::caseD_63	switchD_100260f9	ANALYSIS	false	false	false
1002639f	Label	caseD_2c	switchD_1002600a::caseD_2c	switchD_1002600a	ANALYSIS	false	false	false
1002639f	Label	caseD_2e	switchD_1002600a::caseD_2e	switchD_1002600a	ANALYSIS	false	false	false
1002639f	Label	caseD_2f	switchD_1002600a::caseD_2f	switchD_1002600a	ANALYSIS	false	false	false
1002639f	Label	caseD_31	switchD_1002600a::caseD_31	switchD_1002600a	ANALYSIS	false	false	false
1002639f	Label	caseD_32	switchD_1002600a::caseD_32	switchD_1002600a	ANALYSIS	false	false	false
1002639f	Label	caseD_33	switchD_1002600a::caseD_33	switchD_1002600a	ANALYSIS	false	false	false
1002639f	Label	caseD_34	switchD_1002600a::caseD_34	switchD_1002600a	ANALYSIS	false	false	false
1002639f	Label	caseD_35	switchD_1002600a::caseD_35	switchD_1002600a	ANALYSIS	false	false	false
1002639f	Label	caseD_36	switchD_1002600a::caseD_36	switchD_1002600a	ANALYSIS	false	false	false
1002639f	Label	caseD_37	switchD_1002600a::caseD_37	switchD_1002600a	ANALYSIS	false	false	false
1002639f	Label	caseD_38	switchD_1002600a::caseD_38	switchD_1002600a	ANALYSIS	false	false	false
1002639f	Label	caseD_39	switchD_1002600a::caseD_39	switchD_1002600a	ANALYSIS	false	false	false
1002639f	Label	caseD_3a	switchD_1002600a::caseD_3a	switchD_1002600a	ANALYSIS	false	false	false
1002639f	Label	caseD_3b	switchD_1002600a::caseD_3b	switchD_1002600a	ANALYSIS	false	false	false
1002639f	Label	caseD_3c	switchD_1002600a::caseD_3c	switchD_1002600a	ANALYSIS	false	false	false
1002639f	Label	caseD_3d	switchD_1002600a::caseD_3d	switchD_1002600a	ANALYSIS	false	false	false
1002639f	Label	caseD_3e	switchD_1002600a::caseD_3e	switchD_1002600a	ANALYSIS	false	false	false
1002639f	Label	caseD_3f	switchD_1002600a::caseD_3f	switchD_1002600a	ANALYSIS	false	false	false
1002639f	Label	caseD_40	switchD_1002600a::caseD_40	switchD_1002600a	ANALYSIS	false	false	false
1002639f	Label	caseD_41	switchD_1002600a::caseD_41	switchD_1002600a	ANALYSIS	false	false	false
1002639f	Label	caseD_42	switchD_1002600a::caseD_42	switchD_1002600a	ANALYSIS	false	false	false
1002639f	Label	caseD_43	switchD_1002600a::caseD_43	switchD_1002600a	ANALYSIS	false	false	false
1002639f	Label	caseD_46	switchD_1002600a::caseD_46	switchD_1002600a	ANALYSIS	false	false	false
1002639f	Label	caseD_47	switchD_1002600a::caseD_47	switchD_1002600a	ANALYSIS	false	false	false
1002639f	Label	caseD_48	switchD_1002600a::caseD_48	switchD_1002600a	ANALYSIS	false	false	false
1002639f	Label	caseD_49	switchD_1002600a::caseD_49	switchD_1002600a	ANALYSIS	false	false	false
1002639f	Label	caseD_4a	switchD_1002600a::caseD_4a	switchD_1002600a	ANALYSIS	false	false	false
1002639f	Label	caseD_4b	switchD_1002600a::caseD_4b	switchD_1002600a	ANALYSIS	false	false	false
1002639f	Label	caseD_4c	switchD_1002600a::caseD_4c	switchD_1002600a	ANALYSIS	false	false	false
1002639f	Label	caseD_4d	switchD_1002600a::caseD_4d	switchD_1002600a	ANALYSIS	false	false	false
1002639f	Label	caseD_4e	switchD_1002600a::caseD_4e	switchD_1002600a	ANALYSIS	false	false	false
1002639f	Label	caseD_4f	switchD_1002600a::caseD_4f	switchD_1002600a	ANALYSIS	false	false	false
1002639f	Label	caseD_50	switchD_1002600a::caseD_50	switchD_1002600a	ANALYSIS	false	false	false
1002639f	Label	caseD_51	switchD_1002600a::caseD_51	switchD_1002600a	ANALYSIS	false	false	false
1002639f	Label	caseD_52	switchD_1002600a::caseD_52	switchD_1002600a	ANALYSIS	false	false	false
1002639f	Label	caseD_53	switchD_1002600a::caseD_53	switchD_1002600a	ANALYSIS	false	false	false
1002639f	Label	caseD_54	switchD_1002600a::caseD_54	switchD_1002600a	ANALYSIS	false	false	false
1002639f	Label	caseD_55	switchD_1002600a::caseD_55	switchD_1002600a	ANALYSIS	false	false	false
1002639f	Label	caseD_56	switchD_1002600a::caseD_56	switchD_1002600a	ANALYSIS	false	false	false
1002639f	Label	caseD_57	switchD_1002600a::caseD_57	switchD_1002600a	ANALYSIS	false	false	false
1002639f	Label	caseD_58	switchD_1002600a::caseD_58	switchD_1002600a	ANALYSIS	false	false	false
1002639f	Label	caseD_59	switchD_1002600a::caseD_59	switchD_1002600a	ANALYSIS	false	false	false
1002639f	Label	caseD_5a	switchD_1002600a::caseD_5a	switchD_1002600a	ANALYSIS	false	false	false
1002639f	Label	caseD_5b	switchD_1002600a::caseD_5b	switchD_1002600a	ANALYSIS	false	false	false
1002639f	Label	caseD_5c	switchD_1002600a::caseD_5c	switchD_1002600a	ANALYSIS	false	false	false
1002639f	Label	caseD_5d	switchD_1002600a::caseD_5d	switchD_1002600a	ANALYSIS	false	false	false
1002639f	Label	caseD_5e	switchD_1002600a::caseD_5e	switchD_1002600a	ANALYSIS	false	false	false
1002639f	Label	caseD_5f	switchD_1002600a::caseD_5f	switchD_1002600a	ANALYSIS	false	false	false
1002639f	Label	caseD_60	switchD_1002600a::caseD_60	switchD_1002600a	ANALYSIS	false	false	false
1002639f	Label	caseD_61	switchD_1002600a::caseD_61	switchD_1002600a	ANALYSIS	false	false	false
1002639f	Label	caseD_62	switchD_1002600a::caseD_62	switchD_1002600a	ANALYSIS	false	false	false
1002639f	Label	caseD_63	switchD_1002600a::caseD_63	switchD_1002600a	ANALYSIS	false	false	false
100263a5	Label	caseD_a	switchD_10025f55::caseD_a	switchD_10025f55	ANALYSIS	true	false	false
10026518	Label	switchdataD_10026518	switchD_10025f55::switchdataD_10026518	switchD_10025f55	ANALYSIS	true	false	false
10026548	Label	switchdataD_10026548	switchD_1002600a::switchdataD_10026548	switchD_1002600a	ANALYSIS	true	false	false
10026560	Label	switchdataD_10026560	switchD_1002600a::switchdataD_10026560	switchD_1002600a	ANALYSIS	true	false	false
1002659c	Label	switchdataD_1002659c	switchD_100260f9::switchdataD_1002659c	switchD_100260f9	ANALYSIS	true	false	false
100265b0	Label	switchdataD_100265b0	switchD_100260f9::switchdataD_100265b0	switchD_100260f9	ANALYSIS	true	false	false
100265ec	Label	switchdataD_100265ec	switchD_100261a0::switchdataD_100265ec	switchD_100261a0	ANALYSIS	true	false	false
10026600	Label	switchdataD_10026600	switchD_100261a0::switchdataD_10026600	switchD_100261a0	ANALYSIS	true	false	false
10026640	Function	___addl	___addl	Global	ANALYSIS	true	false	false
10026670	Function	___add_12	___add_12	Global	ANALYSIS	true	false	false
100266e0	Function	___shl_12	___shl_12	Global	ANALYSIS	true	false	false
10026720	Function	___shr_12	___shr_12	Global	ANALYSIS	true	false	false
10026760	Function	___mtold12	___mtold12	Global	ANALYSIS	true	false	false
10026850	Function	$I10_OUTPUT	$I10_OUTPUT	Global	ANALYSIS	true	false	false
10026850	Label	_$I10_OUTPUT	_$I10_OUTPUT	Global	ANALYSIS	false	false	false
10026bf0	Function	__chsize	__chsize	Global	ANALYSIS	true	false	false
10026d60	Function	__set_exp	__set_exp	Global	ANALYSIS	true	false	false
10026da0	Function	FUN_10026da0	FUN_10026da0	Global	DEFAULT	true	false	false
10026e10	Function	__decomp	__decomp	Global	ANALYSIS	true	false	false
10026f00	Function	FUN_10026f00	FUN_10026f00	Global	DEFAULT	true	false	false
10026f20	Function	FUN_10026f20	FUN_10026f20	Global	DEFAULT	true	false	false
10026fd0	Function	__raise_exc	__raise_exc	Global	ANALYSIS	true	false	false
1002729d	Label	switchD	switchD_1002729d::switchD	switchD_1002729d	ANALYSIS	true	false	false
100272a4	Label	caseD_0	switchD_1002729d::caseD_0	switchD_1002729d	ANALYSIS	true	false	false
100272ac	Label	caseD_1	switchD_1002729d::caseD_1	switchD_1002729d	ANALYSIS	true	false	false
100272bc	Label	caseD_2	switchD_1002729d::caseD_2	switchD_1002729d	ANALYSIS	true	false	false
100272cc	Label	caseD_3	switchD_1002729d::caseD_3	switchD_1002729d	ANALYSIS	true	false	false
100272d2	Label	default	switchD_1002729d::default	switchD_1002729d	ANALYSIS	true	false	false
1002732c	Label	switchdataD_1002732c	switchD_1002729d::switchdataD_1002732c	switchD_1002729d	ANALYSIS	true	false	false
10027340	Function	__handle_exc	__handle_exc	Global	ANALYSIS	true	false	false
10027600	Function	__set_errno	__set_errno	Global	ANALYSIS	true	false	false
10027630	Function	FUN_10027630	FUN_10027630	Global	DEFAULT	true	false	false
10027640	Function	__statfp	__statfp	Global	ANALYSIS	true	false	false
10027660	Function	__clrfp	__clrfp	Global	ANALYSIS	true	false	false
10027680	Function	__ctrlfp	__ctrlfp	Global	ANALYSIS	true	false	false
100276c0	Function	FUN_100276c0	FUN_100276c0	Global	DEFAULT	true	false	false
10027720	Function	_realloc	_realloc	Global	ANALYSIS	true	false	false
100278d0	Function	__mbschr	__mbschr	Global	ANALYSIS	true	false	false
10027960	Function	__strdup	__strdup	Global	ANALYSIS	true	false	false
10027990	Function	___ld12mul	___ld12mul	Global	ANALYSIS	true	false	false
10027c40	Function	___multtenpow12	___multtenpow12	Global	ANALYSIS	true	false	false
10027cc0	Function	__setmode	__setmode	Global	ANALYSIS	true	false	false
10027d50	Function	_strchr	_strchr	Global	ANALYSIS	true	false	false
10027e10	Function	_strlen	_strlen	Global	ANALYSIS	true	false	false
10027e90	Function	FID_conflict:__mbscpy	FID_conflict:__mbscpy	Global	ANALYSIS	true	false	false
10027e90	Label	_strcpy	_strcpy	Global	ANALYSIS	false	false	false
10027e90	Label	__mbscpy	__mbscpy	Global	ANALYSIS	false	false	false
10027f80	Function	__strupr	__strupr	Global	ANALYSIS	true	false	false
10028040	Function	FID_conflict:__putenv_lk	FID_conflict:__putenv_lk	Global	ANALYSIS	true	false	false
10028040	Label	__putenv	__putenv	Global	ANALYSIS	false	false	false
10028040	Label	__putenv_lk	__putenv_lk	Global	ANALYSIS	false	false	false
10028130	Function	___crtwsetenv	___crtwsetenv	Global	ANALYSIS	true	false	false
10028370	Function	wfindenv	wfindenv	Global	ANALYSIS	true	false	false
10028370	Label	_wfindenv	_wfindenv	Global	ANALYSIS	false	false	false
100283d0	Function	copy_environ	copy_environ	Global	ANALYSIS	true	false	false
100283d0	Label	_copy_environ	_copy_environ	Global	ANALYSIS	false	false	false
10028450	Function	_wcscpy	_wcscpy	Global	ANALYSIS	true	false	false
10028480	Function	___mbtow_environ	___mbtow_environ	Global	ANALYSIS	true	false	false
10028510	Function	_wcschr	_wcschr	Global	ANALYSIS	true	false	false
10028540	Function	__wcsnicoll	__wcsnicoll	Global	ANALYSIS	true	false	false
100285f0	Function	__wcsdup	__wcsdup	Global	ANALYSIS	true	false	false
10028630	Function	_wcstol	_wcstol	Global	ANALYSIS	true	false	false
10028650	Function	wcstoxl	wcstoxl	Global	ANALYSIS	true	false	false
10028650	Label	_wcstoxl	_wcstoxl	Global	ANALYSIS	false	false	false
10028860	Function	___crtGetLocaleInfoW	___crtGetLocaleInfoW	Global	ANALYSIS	true	false	false
10028990	Function	__wcsnicmp	__wcsnicmp	Global	ANALYSIS	true	false	false
10028a30	Function	_towupper	_towupper	Global	ANALYSIS	true	false	false
10028ad0	Function	_iswctype	_iswctype	Global	ANALYSIS	true	false	false
10028b50	Function	_towlower	_towlower	Global	ANALYSIS	true	false	false
10138060	Label	Rsrc_Version_1_409	Rsrc_Version_1_409	Global	IMPORTED	true	false	false
