entry	name	full_name	namespace	name_source	signature_source	calling_convention	return_type	parameter_count	is_thunk	thunk_target	is_external	body_ranges	comment	repeatable_comment	prototype
10001000	FUN_10001000	FUN_10001000	Global	DEFAULT	ANALYSIS	__cdecl	undefined	2	false	\N	false	10001000-10001077	\N	\N	undefined __cdecl FUN_10001000(undefined4 param_1, undefined4 * param_2)
10001090	grSplash	grSplash	Global	ANALYSIS	ANALYSIS	__stdcall	undefined	5	false	\N	false	10001090-100015ef	__stdcall grSplash,20	\N	undefined __stdcall grSplash(float param_1, float param_2, float param_3, float param_4, uint param_5)
100015f0	FUN_100015f0	FUN_100015f0	Global	DEFAULT	ANALYSIS	__stdcall	undefined	0	false	\N	false	100015f0-10001644	\N	\N	undefined __stdcall FUN_100015f0(void)
10001650	FUN_10001650	FUN_10001650	Global	DEFAULT	ANALYSIS	__cdecl	undefined	2	false	\N	false	10001650-100016c9	\N	\N	undefined __cdecl FUN_10001650(int * param_1, int param_2)
100016d0	FUN_100016d0	FUN_100016d0	Global	DEFAULT	ANALYSIS	__cdecl	undefined4	1	false	\N	false	100016d0-100016f7	\N	\N	undefined4 __cdecl FUN_100016d0(undefined4 param_1)
10001720	FUN_10001720	FUN_10001720	Global	DEFAULT	ANALYSIS	__cdecl	undefined	2	false	\N	false	10001720-100017f7	\N	\N	undefined __cdecl FUN_10001720(int param_1, int param_2)
10001800	FUN_10001800	FUN_10001800	Global	DEFAULT	ANALYSIS	__cdecl	undefined	3	false	\N	false	10001800-10001861	\N	\N	undefined __cdecl FUN_10001800(float * param_1, float * param_2, float * param_3)
10001870	FUN_10001870	FUN_10001870	Global	DEFAULT	ANALYSIS	__cdecl	undefined	3	false	\N	false	10001870-100018c8	\N	\N	undefined __cdecl FUN_10001870(float * param_1, float * param_2, float * param_3)
100018d0	FUN_100018d0	FUN_100018d0	Global	DEFAULT	ANALYSIS	__cdecl	undefined	2	false	\N	false	100018d0-10001caa	\N	\N	undefined __cdecl FUN_100018d0(undefined4 param_1, int param_2)
10001cb0	FUN_10001cb0	FUN_10001cb0	Global	DEFAULT	ANALYSIS	__cdecl	undefined	1	false	\N	false	10001cb0-10001cf0	\N	\N	undefined __cdecl FUN_10001cb0(int * param_1)
10001d00	FUN_10001d00	FUN_10001d00	Global	DEFAULT	ANALYSIS	__cdecl	undefined	1	false	\N	false	10001d00-10001df0	\N	\N	undefined __cdecl FUN_10001d00(undefined4 param_1)
10001e10	FUN_10001e10	FUN_10001e10	Global	DEFAULT	ANALYSIS	__cdecl	undefined	4	false	\N	false	10001e10-10002133	\N	\N	undefined __cdecl FUN_10001e10(int param_1, int param_2, int param_3, float * param_4)
10002140	FUN_10002140	FUN_10002140	Global	DEFAULT	ANALYSIS	__cdecl	undefined	4	false	\N	false	10002140-1000217c	\N	\N	undefined __cdecl FUN_10002140(float * param_1, float * param_2, float * param_3, float param_4)
10002180	FUN_10002180	FUN_10002180	Global	DEFAULT	ANALYSIS	__cdecl	float10	1	false	\N	false	10002180-1000219c	\N	\N	float10 __cdecl FUN_10002180(float * param_1)
100021a0	gu3dfGetInfo	gu3dfGetInfo	Global	ANALYSIS	ANALYSIS	__stdcall	int	2	false	\N	false	100021a0-1000263f	__stdcall gu3dfGetInfo,8	\N	int __stdcall gu3dfGetInfo(char * param_1, int * param_2)
10002860	gu3dfLoad	gu3dfLoad	Global	ANALYSIS	ANALYSIS	__stdcall	undefined4	2	false	\N	false	10002860-10002ace	__stdcall gu3dfLoad,8	\N	undefined4 __stdcall gu3dfLoad(char * param_1, int param_2)
10002af0	FUN_10002af0	FUN_10002af0	Global	DEFAULT	ANALYSIS	__cdecl	undefined	5	false	\N	false	10002af0-10002b3b	\N	\N	undefined __cdecl FUN_10002af0(void * param_1, FILE * param_2, int param_3, int param_4, int param_5)
10002b40	FUN_10002b40	FUN_10002b40	Global	DEFAULT	ANALYSIS	__cdecl	undefined	5	false	\N	false	10002b40-10002ba4	\N	\N	undefined __cdecl FUN_10002b40(undefined2 * param_1, FILE * param_2, int param_3, int param_4, int param_5)
10002bb0	FUN_10002bb0	FUN_10002bb0	Global	DEFAULT	ANALYSIS	__cdecl	undefined4	1	false	\N	false	10002bb0-10002c03	\N	\N	undefined4 __cdecl FUN_10002bb0(FILE * param_1)
10002c10	FUN_10002c10	FUN_10002c10	Global	DEFAULT	ANALYSIS	__cdecl	uint	1	false	\N	false	10002c10-10002c53	\N	\N	uint __cdecl FUN_10002c10(FILE * param_1)
10002c60	guAlphaSource	guAlphaSource	Global	ANALYSIS	ANALYSIS	__stdcall	undefined	1	false	\N	false	10002c60-10002cb7	__stdcall guAlphaSource,4	\N	undefined __stdcall guAlphaSource(undefined4 param_1)
10002cd0	guColorCombineFunction	guColorCombineFunction	Global	ANALYSIS	ANALYSIS	__stdcall	undefined	1	false	\N	false	10002cd0-10002e02	__stdcall guColorCombineFunction,4	\N	undefined __stdcall guColorCombineFunction(undefined4 param_1)
10002e50	guEndianSwapWords	guEndianSwapWords	Global	ANALYSIS	ANALYSIS	__stdcall	uint	1	false	\N	false	10002e50-10002e60	__stdcall guEndianSwapWords,4	\N	uint __stdcall guEndianSwapWords(uint param_1)
10002e70	guEndianSwapBytes	guEndianSwapBytes	Global	ANALYSIS	ANALYSIS	__stdcall	undefined2	1	false	\N	false	10002e70-10002e7e	__stdcall guEndianSwapBytes,4	\N	undefined2 __stdcall guEndianSwapBytes(undefined2 param_1)
10002e80	guFogTableIndexToW	guFogTableIndexToW	Global	ANALYSIS	ANALYSIS	__stdcall	float10	1	false	\N	false	10002e80-10002ec0	__stdcall guFogTableIndexToW,4	\N	float10 __stdcall guFogTableIndexToW(uint param_1)
10002ed0	guFogGenerateExp	guFogGenerateExp	Global	ANALYSIS	ANALYSIS	__stdcall	undefined	2	false	\N	false	10002ed0-10002f9c	__stdcall guFogGenerateExp,8	\N	undefined __stdcall guFogGenerateExp(int param_1, float param_2)
10002fa0	guFogGenerateExp2	guFogGenerateExp2	Global	ANALYSIS	ANALYSIS	__stdcall	undefined	2	false	\N	false	10002fa0-10003070	__stdcall guFogGenerateExp2,8	\N	undefined __stdcall guFogGenerateExp2(int param_1, float param_2)
10003080	guFogGenerateLinear	guFogGenerateLinear	Global	ANALYSIS	ANALYSIS	__stdcall	undefined	1	false	\N	false	10003080-10003117	__stdcall guFogGenerateLinear,12	\N	undefined __stdcall guFogGenerateLinear(int param_1)
10003120	guTexCreateColorMipMap	guTexCreateColorMipMap	Global	ANALYSIS	ANALYSIS	__stdcall	undefined4 *	0	false	\N	false	10003120-1000320f	__stdcall guTexCreateColorMipMap,0	\N	undefined4 * __stdcall guTexCreateColorMipMap(void)
10003210	FUN_10003210	FUN_10003210	Global	DEFAULT	ANALYSIS	__cdecl	undefined	4	false	\N	false	10003210-10003254	\N	\N	undefined __cdecl FUN_10003210(undefined4 * param_1, undefined2 param_2, uint param_3, int param_4)
10003260	guEncodeRLE16	guEncodeRLE16	Global	ANALYSIS	ANALYSIS	__stdcall	int	4	false	\N	false	10003260-10003338	__stdcall guEncodeRLE16,16	\N	int __stdcall guEncodeRLE16(uint * param_1, ushort * param_2, int param_3, int param_4)
10003340	guDrawTriangleWithClip	guDrawTriangleWithClip	Global	ANALYSIS	ANALYSIS	__stdcall	undefined	3	false	\N	false	10003340-100035a5	__stdcall guDrawTriangleWithClip,12	\N	undefined __stdcall guDrawTriangleWithClip(float * param_1, float * param_2, float * param_3)
10003610	FUN_10003610	FUN_10003610	Global	DEFAULT	ANALYSIS	__cdecl	undefined	4	false	\N	false	10003610-1000371f	\N	\N	undefined __cdecl FUN_10003610(int param_1, int param_2, int param_3, float param_4)
100038c0	FUN_100038c0	FUN_100038c0	Global	DEFAULT	ANALYSIS	__cdecl	undefined	6	false	\N	false	100038c0-10003a20	\N	\N	undefined __cdecl FUN_100038c0(undefined4 * param_1, int param_2, int param_3, int * param_4, undefined * param_5, undefined * param_6)
10003a30	guAADrawTriangleWithClip	guAADrawTriangleWithClip	Global	ANALYSIS	ANALYSIS	__stdcall	undefined	3	false	\N	false	10003a30-10003cb8	__stdcall guAADrawTriangleWithClip,12	\N	undefined __stdcall guAADrawTriangleWithClip(float * param_1, float * param_2, float * param_3)
10003cc0	guDrawPolygonVertexListWithClip	guDrawPolygonVertexListWithClip	Global	ANALYSIS	ANALYSIS	__stdcall	undefined	0	false	\N	false	10003cc0-10003dd5	__stdcall guDrawPolygonVertexListWithClip,8	\N	undefined __stdcall guDrawPolygonVertexListWithClip(void)
10003de0	FUN_10003de0	FUN_10003de0	Global	DEFAULT	ANALYSIS	__stdcall	undefined4	0	false	\N	false	10003de0-10003f32	\N	\N	undefined4 __stdcall FUN_10003de0(void)
10003f40	FUN_10003f40	FUN_10003f40	Global	DEFAULT	ANALYSIS	__stdcall	undefined	0	false	\N	false	10003f40-10003f4d	\N	\N	undefined __stdcall FUN_10003f40(void)
10003f4e	FUN_10003f4e	FUN_10003f4e	Global	DEFAULT	ANALYSIS	__stdcall	undefined	0	false	\N	false	10003f4e-1000418e	\N	\N	undefined __stdcall FUN_10003f4e(void)
10004190	FUN_10004190	FUN_10004190	Global	DEFAULT	ANALYSIS	__cdecl	int	2	false	\N	false	10004190-100041a0	\N	\N	int __cdecl FUN_10004190(int param_1, int param_2)
100041b0	guMPInit	guMPInit	Global	ANALYSIS	ANALYSIS	__stdcall	undefined	0	false	\N	false	100041b0-100041cc	__stdcall guMPInit,0	\N	undefined __stdcall guMPInit(void)
100041d0	guMPTexCombineFunction	guMPTexCombineFunction	Global	ANALYSIS	ANALYSIS	__stdcall	undefined	1	false	\N	false	100041d0-100041db	__stdcall guMPTexCombineFunction,4	\N	undefined __stdcall guMPTexCombineFunction(undefined4 param_1)
100041e0	guMPTexSource	guMPTexSource	Global	ANALYSIS	ANALYSIS	__stdcall	undefined	2	false	\N	false	100041e0-100041f1	__stdcall guMPTexSource,8	\N	undefined __stdcall guMPTexSource(int param_1, undefined4 param_2)
10004200	FUN_10004200	FUN_10004200	Global	DEFAULT	ANALYSIS	__stdcall	undefined	0	false	\N	false	10004200-100042e6	\N	\N	undefined __stdcall FUN_10004200(void)
10004360	FUN_10004360	FUN_10004360	Global	DEFAULT	ANALYSIS	__cdecl	undefined	1	false	\N	false	10004360-100043f2	\N	\N	undefined __cdecl FUN_10004360(uint * param_1)
10004400	grGlideGetVersion	grGlideGetVersion	Global	ANALYSIS	ANALYSIS	__stdcall	undefined	1	false	\N	false	10004400-1000442c	__stdcall grGlideGetVersion,4	\N	undefined __stdcall grGlideGetVersion(char * param_1)
10004430	grGlideGetState	grGlideGetState	Global	ANALYSIS	ANALYSIS	__stdcall	undefined	1	false	\N	false	10004430-1000444d	__stdcall grGlideGetState,4	\N	undefined __stdcall grGlideGetState(undefined4 * param_1)
10004450	grHints	grHints	Global	ANALYSIS	ANALYSIS	__stdcall	undefined	2	false	\N	false	10004450-100044fc	__stdcall grHints,8	\N	undefined __stdcall grHints(undefined4 param_1, uint param_2)
10004510	grGlideInit	grGlideInit	Global	ANALYSIS	ANALYSIS	__stdcall	undefined	0	false	\N	false	10004510-1000451e	__stdcall grGlideInit,0	\N	undefined __stdcall grGlideInit(void)
10004520	grGlideShamelessPlug	grGlideShamelessPlug	Global	ANALYSIS	ANALYSIS	__stdcall	undefined	1	false	\N	false	10004520-1000452b	__stdcall grGlideShamelessPlug,4	\N	undefined __stdcall grGlideShamelessPlug(undefined4 param_1)
10004530	grResetTriStats	grResetTriStats	Global	ANALYSIS	ANALYSIS	__stdcall	undefined	0	false	\N	false	10004530-1000455f	__stdcall grResetTriStats,0	\N	undefined __stdcall grResetTriStats(void)
10004560	grTriStats	grTriStats	Global	ANALYSIS	ANALYSIS	__stdcall	undefined	2	false	\N	false	10004560-1000457a	__stdcall grTriStats,8	\N	undefined __stdcall grTriStats(undefined4 * param_1, undefined4 * param_2)
10004590	grSstQueryBoards	grSstQueryBoards	Global	ANALYSIS	ANALYSIS	__stdcall	undefined4	1	false	\N	false	10004590-100045a2	__stdcall grSstQueryBoards,4	\N	undefined4 __stdcall grSstQueryBoards(int * param_1)
100045b0	grSstQueryHardware	grSstQueryHardware	Global	ANALYSIS	ANALYSIS	__stdcall	bool	1	false	\N	false	100045b0-100045e8	__stdcall grSstQueryHardware,4	\N	bool __stdcall grSstQueryHardware(undefined4 * param_1)
100045f0	grSstSelect	grSstSelect	Global	ANALYSIS	ANALYSIS	__stdcall	undefined	1	false	\N	false	100045f0-10004669	__stdcall grSstSelect,4	\N	undefined __stdcall grSstSelect(uint param_1)
10004670	grSstScreenWidth	grSstScreenWidth	Global	ANALYSIS	ANALYSIS	__stdcall	longlong	0	false	\N	false	10004670-1000467f	__stdcall grSstScreenWidth,0	\N	longlong __stdcall grSstScreenWidth(void)
10004680	grSstScreenHeight	grSstScreenHeight	Global	ANALYSIS	ANALYSIS	__stdcall	longlong	0	false	\N	false	10004680-1000468f	__stdcall grSstScreenHeight,0	\N	longlong __stdcall grSstScreenHeight(void)
10004690	grSstVidMode	grSstVidMode	Global	ANALYSIS	ANALYSIS	__stdcall	undefined	2	false	\N	false	10004690-100046ba	__stdcall grSstVidMode,8	\N	undefined __stdcall grSstVidMode(int param_1, undefined4 param_2)
100046c0	FUN_100046c0	FUN_100046c0	Global	DEFAULT	ANALYSIS	__stdcall	undefined	0	false	\N	false	100046c0-10004736	\N	\N	undefined __stdcall FUN_100046c0(void)
10004740	FUN_10004740	FUN_10004740	Global	DEFAULT	ANALYSIS	__cdecl	uint	5	false	\N	false	10004740-100047c5	\N	\N	uint __cdecl FUN_10004740(int param_1, uint param_2, int param_3, int param_4, int param_5)
100047d0	FUN_100047d0	FUN_100047d0	Global	DEFAULT	ANALYSIS	__stdcall	ulonglong	0	false	\N	false	100047d0-100047ee	\N	\N	ulonglong __stdcall FUN_100047d0(void)
100047f0	FUN_100047f0	FUN_100047f0	Global	DEFAULT	ANALYSIS	__cdecl	int	5	false	\N	false	100047f0-10004851	\N	\N	int __cdecl FUN_100047f0(int param_1, uint param_2, int param_3, int param_4, int param_5)
10004860	grTexCalcMemRequired	grTexCalcMemRequired	Global	ANALYSIS	ANALYSIS	__stdcall	undefined	4	false	\N	false	10004860-10004880	__stdcall grTexCalcMemRequired,16	\N	undefined __stdcall grTexCalcMemRequired(int param_1, uint param_2, int param_3, int param_4)
10004890	grTexDetailControl	grTexDetailControl	Global	ANALYSIS	ANALYSIS	__stdcall	undefined	3	false	\N	false	10004890-100048c6	__stdcall grTexDetailControl,16	\N	undefined __stdcall grTexDetailControl(int param_1, uint3 param_2, byte param_3)
100048d0	grTexMinAddress	grTexMinAddress	Global	ANALYSIS	ANALYSIS	__stdcall	undefined4	0	false	\N	false	100048d0-100048e5	__stdcall grTexMinAddress,4	\N	undefined4 __stdcall grTexMinAddress(void)
100048f0	grTexMaxAddress	grTexMaxAddress	Global	ANALYSIS	ANALYSIS	__stdcall	int	1	false	\N	false	100048f0-1000491d	__stdcall grTexMaxAddress,4	\N	int __stdcall grTexMaxAddress(int param_1)
10004920	grTexTextureMemRequired	grTexTextureMemRequired	Global	ANALYSIS	ANALYSIS	__stdcall	undefined	2	false	\N	false	10004920-10004944	__stdcall grTexTextureMemRequired,8	\N	undefined __stdcall grTexTextureMemRequired(int param_1, int * param_2)
10004950	grTexDownloadMipMap	grTexDownloadMipMap	Global	ANALYSIS	ANALYSIS	__stdcall	undefined	4	false	\N	false	10004950-100049e0	__stdcall grTexDownloadMipMap,16	\N	undefined __stdcall grTexDownloadMipMap(int param_1, uint param_2, uint param_3, int * param_4)
100049f0	grTexDownloadTablePartial	grTexDownloadTablePartial	Global	ANALYSIS	ANALYSIS	__stdcall	undefined	5	false	\N	false	100049f0-10004a3c	__stdcall grTexDownloadTablePartial,20	\N	undefined __stdcall grTexDownloadTablePartial(int param_1, int param_2, int param_3, uint param_4, int param_5)
10004a40	grTexDownloadMipMapLevel	grTexDownloadMipMapLevel	Global	ANALYSIS	ANALYSIS	__stdcall	undefined	8	false	\N	false	10004a40-10004a83	__stdcall grTexDownloadMipMapLevel,32	\N	undefined __stdcall grTexDownloadMipMapLevel(int param_1, uint param_2, uint param_3, uint param_4, int param_5, int param_6, uint param_7, ushort * param_8)
10004a90	FUN_10004a90	FUN_10004a90	Global	DEFAULT	ANALYSIS	__stdcall	undefined	0	false	\N	false	10004a90-10004a90	\N	\N	undefined __stdcall FUN_10004a90(void)
10004aa0	FUN_10004aa0	FUN_10004aa0	Global	DEFAULT	ANALYSIS	__stdcall	undefined	0	false	\N	false	10004aa0-10004b91	\N	\N	undefined __stdcall FUN_10004aa0(void)
10004be0	grErrorSetCallback	grErrorSetCallback	Global	ANALYSIS	ANALYSIS	__stdcall	undefined	1	false	\N	false	10004be0-10004beb	__stdcall grErrorSetCallback,4	\N	undefined __stdcall grErrorSetCallback(undefined4 param_1)
10004c30	guMovieStart	guMovieStart	Global	ANALYSIS	ANALYSIS	__stdcall	undefined	0	false	\N	false	10004c30-10004c40	__stdcall guMovieStart,0	\N	undefined __stdcall guMovieStart(void)
10004c50	guMovieStop	guMovieStop	Global	ANALYSIS	ANALYSIS	__stdcall	undefined	0	false	\N	false	10004c50-10004c60	__stdcall guMovieStop,0	\N	undefined __stdcall guMovieStop(void)
10004c70	guMovieSetName	guMovieSetName	Global	ANALYSIS	ANALYSIS	__stdcall	undefined	0	false	\N	false	10004c70-10004c82	__stdcall guMovieSetName,4	\N	undefined __stdcall guMovieSetName(void)
10004c90	guTexAllocateMemory	guTexAllocateMemory	Global	ANALYSIS	ANALYSIS	__stdcall	uint	15	false	\N	false	10004c90-10004f35	__stdcall guTexAllocateMemory,60	\N	uint __stdcall guTexAllocateMemory(int param_1, byte param_2, undefined4 param_3, undefined4 param_4, int param_5, int param_6, uint param_7, uint param_8, int param_9, int param_10, int param_11, int param_12, int param_13, undefined4 param_14, int param_15)
10004f40	guTexChangeAttributes	guTexChangeAttributes	Global	ANALYSIS	ANALYSIS	__stdcall	undefined4	12	false	\N	false	10004f40-1000501a	__stdcall guTexChangeAttributes,48	\N	undefined4 __stdcall guTexChangeAttributes(int param_1, int param_2, int param_3, int param_4, int param_5, int param_6, int param_7, int param_8, int param_9, int param_10, int param_11, int param_12)
10005020	FUN_10005020	FUN_10005020	Global	DEFAULT	ANALYSIS	__cdecl	undefined	1	false	\N	false	10005020-100050e2	\N	\N	undefined __cdecl FUN_10005020(int param_1)
100050f0	grTexCombineFunction	grTexCombineFunction	Global	ANALYSIS	ANALYSIS	__stdcall	undefined	2	false	\N	false	100050f0-10005101	__stdcall grTexCombineFunction,8	\N	undefined __stdcall grTexCombineFunction(int param_1, undefined4 param_2)
10005110	guTexCombineFunction	guTexCombineFunction	Global	ANALYSIS	ANALYSIS	__stdcall	undefined	2	false	\N	false	10005110-10005245	__stdcall guTexCombineFunction,8	\N	undefined __stdcall guTexCombineFunction(int param_1, undefined4 param_2)
10005280	guTexDownloadMipMap	guTexDownloadMipMap	Global	ANALYSIS	ANALYSIS	__stdcall	undefined	3	false	\N	false	10005280-100052fc	__stdcall guTexDownloadMipMap,12	\N	undefined __stdcall guTexDownloadMipMap(int param_1, int param_2, undefined4 * param_3)
10005300	guTexDownloadMipMapLevel	guTexDownloadMipMapLevel	Global	ANALYSIS	ANALYSIS	__stdcall	undefined	3	false	\N	false	10005300-1000539d	__stdcall guTexDownloadMipMapLevel,12	\N	undefined __stdcall guTexDownloadMipMapLevel(int param_1, uint param_2, int * param_3)
100053a0	guTexGetCurrentMipMap	guTexGetCurrentMipMap	Global	ANALYSIS	ANALYSIS	__stdcall	undefined4	1	false	\N	false	100053a0-100053c1	__stdcall guTexGetCurrentMipMap,4	\N	undefined4 __stdcall guTexGetCurrentMipMap(int param_1)
100053d0	guTexGetMipMapInfo	guTexGetMipMapInfo	Global	ANALYSIS	ANALYSIS	__stdcall	int	1	false	\N	false	100053d0-100053f1	__stdcall guTexGetMipMapInfo,4	\N	int __stdcall guTexGetMipMapInfo(int param_1)
10005400	guTexMemQueryAvail	guTexMemQueryAvail	Global	ANALYSIS	ANALYSIS	__stdcall	int	1	false	\N	false	10005400-10005436	__stdcall guTexMemQueryAvail,4	\N	int __stdcall guTexMemQueryAvail(int param_1)
10005440	guTexMemReset	guTexMemReset	Global	ANALYSIS	ANALYSIS	__stdcall	undefined	0	false	\N	false	10005440-1000549f	__stdcall guTexMemReset,0	\N	undefined __stdcall guTexMemReset(void)
100054a0	FUN_100054a0	FUN_100054a0	Global	DEFAULT	ANALYSIS	__stdcall	undefined	1	false	\N	false	100054a0-100055d4	\N	\N	undefined __stdcall FUN_100054a0(int param_1)
10005600	guMPDrawTriangle	guMPDrawTriangle	Global	ANALYSIS	ANALYSIS	__stdcall	undefined	3	false	\N	false	10005600-10005e16	__stdcall guMPDrawTriangle,12	\N	undefined __stdcall guMPDrawTriangle(float * param_1, float * param_2, float * param_3)
10005e20	grAADrawPoint	grAADrawPoint	Global	ANALYSIS	ANALYSIS	__stdcall	undefined	1	false	\N	false	10005e20-10005f65	__stdcall grAADrawPoint,4	\N	undefined __stdcall grAADrawPoint(float * param_1)
10005f70	grAADrawLine	grAADrawLine	Global	ANALYSIS	ANALYSIS	__stdcall	undefined	2	false	\N	false	10005f70-1000616f	__stdcall grAADrawLine,8	\N	undefined __stdcall grAADrawLine(float * param_1, float * param_2)
10006170	grAADrawTriangle	grAADrawTriangle	Global	ANALYSIS	ANALYSIS	__stdcall	undefined	6	false	\N	false	10006170-100062c4	__stdcall grAADrawTriangle,24	\N	undefined __stdcall grAADrawTriangle(float * param_1, float * param_2, float * param_3, int param_4, int param_5, int param_6)
100062d0	FUN_100062d0	FUN_100062d0	Global	DEFAULT	ANALYSIS	__cdecl	undefined	3	false	\N	false	100062d0-100063f2	\N	\N	undefined __cdecl FUN_100062d0(float * param_1, float * param_2, undefined4 param_3)
10006410	FUN_10006410	FUN_10006410	Global	DEFAULT	ANALYSIS	__cdecl	undefined	3	false	\N	false	10006410-100068ba	\N	\N	undefined __cdecl FUN_10006410(float * param_1, float * param_2, float * param_3)
100068c0	FUN_100068c0	FUN_100068c0	Global	DEFAULT	ANALYSIS	__cdecl	undefined4	3	false	\N	false	100068c0-1000697f	\N	\N	undefined4 __cdecl FUN_100068c0(float * param_1, float * param_2, float * param_3)
10006980	grAADrawPolygon	grAADrawPolygon	Global	ANALYSIS	ANALYSIS	__stdcall	undefined	3	false	\N	false	10006980-10006a61	__stdcall grAADrawPolygon,12	\N	undefined __stdcall grAADrawPolygon(int param_1, int * param_2, int param_3)
10006a70	grAADrawPolygonVertexList	grAADrawPolygonVertexList	Global	ANALYSIS	ANALYSIS	__stdcall	undefined	2	false	\N	false	10006a70-10006afe	__stdcall grAADrawPolygonVertexList,8	\N	undefined __stdcall grAADrawPolygonVertexList(int param_1, float * param_2)
10006b00	grDrawPoint	grDrawPoint	Global	ANALYSIS	ANALYSIS	__stdcall	undefined	1	false	\N	false	10006b00-10006dec	__stdcall grDrawPoint,4	\N	undefined __stdcall grDrawPoint(float * param_1)
10006df0	grDrawLine	grDrawLine	Global	ANALYSIS	ANALYSIS	__stdcall	undefined	2	false	\N	false	10006df0-100076a1	__stdcall grDrawLine,8	\N	undefined __stdcall grDrawLine(float * param_1, float * param_2)
100076b0	grDrawTriangle	grDrawTriangle	Global	ANALYSIS	ANALYSIS	__stdcall	undefined	3	false	\N	false	100076b0-100076c6	__stdcall grDrawTriangle,12	\N	undefined __stdcall grDrawTriangle(float * param_1, float * param_2, float * param_3)
100076d0	grDrawPlanarPolygon	grDrawPlanarPolygon	Global	ANALYSIS	ANALYSIS	__stdcall	undefined	0	false	\N	false	100076d0-100076d2	__stdcall grDrawPlanarPolygon,12	\N	undefined __stdcall grDrawPlanarPolygon(void)
100076e0	grDrawPlanarPolygonVertexList	grDrawPlanarPolygonVertexList	Global	ANALYSIS	ANALYSIS	__stdcall	undefined	2	false	\N	false	100076e0-1000774a	__stdcall grDrawPlanarPolygonVertexList,8	\N	undefined __stdcall grDrawPlanarPolygonVertexList(int param_1, float * param_2)
10007750	grDrawPolygon	grDrawPolygon	Global	ANALYSIS	ANALYSIS	__stdcall	undefined	3	false	\N	false	10007750-100077ab	__stdcall grDrawPolygon,12	\N	undefined __stdcall grDrawPolygon(int param_1, int * param_2, int param_3)
100077b0	grDrawPolygonVertexList	grDrawPolygonVertexList	Global	ANALYSIS	ANALYSIS	__stdcall	undefined	2	false	\N	false	100077b0-100077df	__stdcall grDrawPolygonVertexList,8	\N	undefined __stdcall grDrawPolygonVertexList(int param_1, float * param_2)
100077e0	FUN_100077e0	FUN_100077e0	Global	DEFAULT	ANALYSIS	__stdcall	undefined	1	false	\N	false	100077e0-10007a39	\N	\N	undefined __stdcall FUN_100077e0(int param_1)
10007a40	grAlphaBlendFunction	grAlphaBlendFunction	Global	ANALYSIS	ANALYSIS	__stdcall	undefined	4	false	\N	false	10007a40-10007b0e	__stdcall grAlphaBlendFunction,16	\N	undefined __stdcall grAlphaBlendFunction(uint param_1, int param_2, int param_3, int param_4)
10007b10	grAlphaCombine	grAlphaCombine	Global	ANALYSIS	ANALYSIS	__stdcall	undefined	5	false	\N	false	10007b10-10007cb4	__stdcall grAlphaCombine,20	\N	undefined __stdcall grAlphaCombine(undefined4 param_1, uint param_2, int param_3, int param_4, int param_5)
10007cf0	grAlphaControlsITRGBLighting	grAlphaControlsITRGBLighting	Global	ANALYSIS	ANALYSIS	__stdcall	undefined	1	false	\N	false	10007cf0-10007d75	__stdcall grAlphaControlsITRGBLighting,4	\N	undefined __stdcall grAlphaControlsITRGBLighting(int param_1)
10007d80	grAlphaTestFunction	grAlphaTestFunction	Global	ANALYSIS	ANALYSIS	__stdcall	undefined	1	false	\N	false	10007d80-10007e02	__stdcall grAlphaTestFunction,4	\N	undefined __stdcall grAlphaTestFunction(int param_1)
10007e10	grAlphaTestReferenceValue	grAlphaTestReferenceValue	Global	ANALYSIS	ANALYSIS	__stdcall	undefined	1	false	\N	false	10007e10-10007e8e	__stdcall grAlphaTestReferenceValue,4	\N	undefined __stdcall grAlphaTestReferenceValue(byte param_1)
10007e90	grBufferClear	grBufferClear	Global	ANALYSIS	ANALYSIS	__stdcall	undefined	3	false	\N	false	10007e90-100081e8	__stdcall grBufferClear,12	\N	undefined __stdcall grBufferClear(uint param_1, byte param_2, uint param_3)
100081f0	grBufferSwap	grBufferSwap	Global	ANALYSIS	ANALYSIS	__stdcall	undefined	1	false	\N	false	100081f0-10008222	__stdcall grBufferSwap,4	\N	undefined __stdcall grBufferSwap(undefined4 param_1)
10008230	grBufferNumPending	grBufferNumPending	Global	ANALYSIS	ANALYSIS	__stdcall	uint	0	false	\N	false	10008230-1000823b	__stdcall grBufferNumPending,0	\N	uint __stdcall grBufferNumPending(void)
10008240	grChromakeyMode	grChromakeyMode	Global	ANALYSIS	ANALYSIS	__stdcall	undefined	1	false	\N	false	10008240-100082c0	__stdcall grChromakeyMode,4	\N	undefined __stdcall grChromakeyMode(int param_1)
100082d0	grChromakeyValue	grChromakeyValue	Global	ANALYSIS	ANALYSIS	__stdcall	undefined	1	false	\N	false	100082d0-1000834e	__stdcall grChromakeyValue,4	\N	undefined __stdcall grChromakeyValue(uint param_1)
10008350	grClipWindow	grClipWindow	Global	ANALYSIS	ANALYSIS	__stdcall	undefined	4	false	\N	false	10008350-1000844c	__stdcall grClipWindow,16	\N	undefined __stdcall grClipWindow(uint param_1, int param_2, uint param_3, uint param_4)
10008450	grColorCombine	grColorCombine	Global	ANALYSIS	ANALYSIS	__stdcall	undefined	5	false	\N	false	10008450-10008617	__stdcall grColorCombine,20	\N	undefined __stdcall grColorCombine(undefined4 param_1, uint param_2, int param_3, uint param_4, int param_5)
10008660	grColorMask	grColorMask	Global	ANALYSIS	ANALYSIS	__stdcall	undefined	2	false	\N	false	10008660-1000870b	__stdcall grColorMask,8	\N	undefined __stdcall grColorMask(int param_1, int param_2)
10008710	grConstantColorValue	grConstantColorValue	Global	ANALYSIS	ANALYSIS	__stdcall	undefined	1	false	\N	false	10008710-100087d5	__stdcall grConstantColorValue,4	\N	undefined __stdcall grConstantColorValue(uint param_1)
100087e0	grConstantColorValue4	grConstantColorValue4	Global	ANALYSIS	ANALYSIS	__stdcall	undefined	4	false	\N	false	100087e0-100088f7	__stdcall grConstantColorValue4,16	\N	undefined __stdcall grConstantColorValue4(undefined4 param_1, undefined4 param_2, undefined4 param_3, undefined4 param_4)
10008900	grCullMode	grCullMode	Global	ANALYSIS	ANALYSIS	__stdcall	undefined	1	false	\N	false	10008900-10008912	__stdcall grCullMode,4	\N	undefined __stdcall grCullMode(undefined4 param_1)
10008920	grDepthBiasLevel	grDepthBiasLevel	Global	ANALYSIS	ANALYSIS	__stdcall	undefined	1	false	\N	false	10008920-100089a0	__stdcall grDepthBiasLevel,4	\N	undefined __stdcall grDepthBiasLevel(uint param_1)
100089b0	grDepthBufferFunction	grDepthBufferFunction	Global	ANALYSIS	ANALYSIS	__stdcall	undefined	1	false	\N	false	100089b0-10008a2e	__stdcall grDepthBufferFunction,4	\N	undefined __stdcall grDepthBufferFunction(int param_1)
10008a30	grDepthBufferMode	grDepthBufferMode	Global	ANALYSIS	ANALYSIS	__stdcall	undefined	1	false	\N	false	10008a30-10008ad9	__stdcall grDepthBufferMode,4	\N	undefined __stdcall grDepthBufferMode(undefined4 param_1)
10008af0	grDepthMask	grDepthMask	Global	ANALYSIS	ANALYSIS	__stdcall	undefined	1	false	\N	false	10008af0-10008b75	__stdcall grDepthMask,4	\N	undefined __stdcall grDepthMask(int param_1)
10008b80	grDisableAllEffects	grDisableAllEffects	Global	ANALYSIS	ANALYSIS	__stdcall	undefined	0	false	\N	false	10008b80-10008bb0	__stdcall grDisableAllEffects,0	\N	undefined __stdcall grDisableAllEffects(void)
10008bc0	grDitherMode	grDitherMode	Global	ANALYSIS	ANALYSIS	__stdcall	undefined	1	false	\N	false	10008bc0-10008c65	__stdcall grDitherMode,4	\N	undefined __stdcall grDitherMode(int param_1)
10008c70	grFogMode	grFogMode	Global	ANALYSIS	ANALYSIS	__stdcall	undefined	1	false	\N	false	10008c70-10008d17	__stdcall grFogMode,4	\N	undefined __stdcall grFogMode(uint param_1)
10008d20	grFogColorValue	grFogColorValue	Global	ANALYSIS	ANALYSIS	__stdcall	undefined	1	false	\N	false	10008d20-10008d9e	__stdcall grFogColorValue,4	\N	undefined __stdcall grFogColorValue(uint param_1)
10008da0	grFogTable	grFogTable	Global	ANALYSIS	ANALYSIS	__stdcall	undefined	1	false	\N	false	10008da0-10008e79	__stdcall grFogTable,4	\N	undefined __stdcall grFogTable(byte * param_1)
10008e80	grGlideShutdown	grGlideShutdown	Global	ANALYSIS	ANALYSIS	__stdcall	undefined	0	false	\N	false	10008e80-10008ee5	__stdcall grGlideShutdown,0	\N	undefined __stdcall grGlideShutdown(void)
10008ef0	grGlideSetState	grGlideSetState	Global	ANALYSIS	ANALYSIS	__stdcall	undefined	1	false	\N	false	10008ef0-100094f6	__stdcall grGlideSetState,4	\N	undefined __stdcall grGlideSetState(undefined4 * param_1)
10009500	grRenderBuffer	grRenderBuffer	Global	ANALYSIS	ANALYSIS	__stdcall	undefined	1	false	\N	false	10009500-1000950f	__stdcall grRenderBuffer,4	\N	undefined __stdcall grRenderBuffer(undefined4 param_1)
10009510	grCheckForRoom	grCheckForRoom	Global	ANALYSIS	ANALYSIS	__stdcall	undefined	1	false	\N	false	10009510-1000952c	__stdcall grCheckForRoom,4	\N	undefined __stdcall grCheckForRoom(int param_1)
10009530	FUN_10009530	FUN_10009530	Global	DEFAULT	ANALYSIS	__stdcall	undefined	0	false	\N	false	10009530-10009675	\N	\N	undefined __stdcall FUN_10009530(void)
10009680	FUN_10009680	FUN_10009680	Global	DEFAULT	ANALYSIS	__stdcall	undefined	0	false	\N	false	10009680-100098d6	\N	\N	undefined __stdcall FUN_10009680(void)
100098e0	grLfbConstantAlpha	grLfbConstantAlpha	Global	ANALYSIS	ANALYSIS	__stdcall	undefined	1	false	\N	false	100098e0-100098f1	__stdcall grLfbConstantAlpha,4	\N	undefined __stdcall grLfbConstantAlpha(undefined1 param_1)
10009900	grLfbConstantDepth	grLfbConstantDepth	Global	ANALYSIS	ANALYSIS	__stdcall	undefined	1	false	\N	false	10009900-10009914	__stdcall grLfbConstantDepth,4	\N	undefined __stdcall grLfbConstantDepth(undefined2 param_1)
10009920	grLfbLock	grLfbLock	Global	ANALYSIS	ANALYSIS	__stdcall	bool	6	false	\N	false	10009920-10009a2c	__stdcall grLfbLock,24	\N	bool __stdcall grLfbLock(uint param_1, undefined4 param_2, int param_3, int param_4, int param_5, int param_6)
10009a30	grLfbUnlock	grLfbUnlock	Global	ANALYSIS	ANALYSIS	__stdcall	undefined4	2	false	\N	false	10009a30-10009a6d	__stdcall grLfbUnlock,8	\N	undefined4 __stdcall grLfbUnlock(uint param_1, int param_2)
10009a70	grLfbWriteColorFormat	grLfbWriteColorFormat	Global	ANALYSIS	ANALYSIS	__stdcall	undefined	0	false	\N	false	10009a70-10009a72	__stdcall grLfbWriteColorFormat,4	\N	undefined __stdcall grLfbWriteColorFormat(void)
10009a80	grLfbWriteColorSwizzle	grLfbWriteColorSwizzle	Global	ANALYSIS	ANALYSIS	__stdcall	undefined	0	false	\N	false	10009a80-10009a82	__stdcall grLfbWriteColorSwizzle,8	\N	undefined __stdcall grLfbWriteColorSwizzle(void)
10009a90	grLfbWriteRegion	grLfbWriteRegion	Global	ANALYSIS	ANALYSIS	__stdcall	undefined4	8	false	\N	false	10009a90-10009c00	__stdcall grLfbWriteRegion,32	\N	undefined4 __stdcall grLfbWriteRegion(int param_1, int param_2, int param_3, int param_4, int param_5, int param_6, int param_7, undefined4 * param_8)
10009c10	grLfbReadRegion	grLfbReadRegion	Global	ANALYSIS	ANALYSIS	__stdcall	undefined4	7	false	\N	false	10009c10-10009d5d	__stdcall grLfbReadRegion,28	\N	undefined4 __stdcall grLfbReadRegion(int param_1, int param_2, int param_3, int param_4, int param_5, int param_6, undefined4 * param_7)
10009d60	grSstWinOpen	grSstWinOpen	Global	ANALYSIS	ANALYSIS	__stdcall	int	7	false	\N	false	10009d60-1000a1cd	__stdcall grSstWinOpen,28	\N	int __stdcall grSstWinOpen(undefined4 param_1, int param_2, undefined4 param_3, undefined4 param_4, int param_5, int param_6, undefined4 param_7)
1000a1d0	grSstWinClose	grSstWinClose	Global	ANALYSIS	ANALYSIS	__stdcall	undefined	0	false	\N	false	1000a1d0-1000a1fd	__stdcall grSstWinClose,0	\N	undefined __stdcall grSstWinClose(void)
1000a200	grSstControl	grSstControl	Global	ANALYSIS	ANALYSIS	__stdcall	undefined4	1	false	\N	false	1000a200-1000a278	__stdcall grSstControl,4	\N	undefined4 __stdcall grSstControl(undefined4 param_1)
1000a280	grSstPerfStats	grSstPerfStats	Global	ANALYSIS	ANALYSIS	__stdcall	undefined	1	false	\N	false	1000a280-1000a2be	__stdcall grSstPerfStats,4	\N	undefined __stdcall grSstPerfStats(undefined4 * param_1)
1000a2c0	grSstResetPerfStats	grSstResetPerfStats	Global	ANALYSIS	ANALYSIS	__stdcall	undefined	0	false	\N	false	1000a2c0-1000a322	__stdcall grSstResetPerfStats,0	\N	undefined __stdcall grSstResetPerfStats(void)
1000a330	grSstStatus	grSstStatus	Global	ANALYSIS	ANALYSIS	__stdcall	undefined4	0	false	\N	false	1000a330-1000a334	__stdcall grSstStatus,0	\N	undefined4 __stdcall grSstStatus(void)
1000a340	grSstVideoLine	grSstVideoLine	Global	ANALYSIS	ANALYSIS	__stdcall	undefined4	0	false	\N	false	1000a340-1000a345	__stdcall grSstVideoLine,0	\N	undefined4 __stdcall grSstVideoLine(void)
1000a350	grSstVRetraceOn	grSstVRetraceOn	Global	ANALYSIS	ANALYSIS	__stdcall	bool	0	false	\N	false	1000a350-1000a360	__stdcall grSstVRetraceOn,0	\N	bool __stdcall grSstVRetraceOn(void)
1000a370	grSstIsBusy	grSstIsBusy	Global	ANALYSIS	ANALYSIS	__stdcall	undefined4	0	false	\N	false	1000a370-1000a374	__stdcall grSstIsBusy,0	\N	undefined4 __stdcall grSstIsBusy(void)
1000a380	grGammaCorrectionValue	grGammaCorrectionValue	Global	ANALYSIS	ANALYSIS	__stdcall	undefined	1	false	\N	false	1000a380-1000a394	__stdcall grGammaCorrectionValue,4	\N	undefined __stdcall grGammaCorrectionValue(float param_1)
1000a3a0	grSstIdle	grSstIdle	Global	ANALYSIS	ANALYSIS	__stdcall	undefined	0	false	\N	false	1000a3a0-1000a3a4	__stdcall grSstIdle,0	\N	undefined __stdcall grSstIdle(void)
1000a3b0	grSstOrigin	grSstOrigin	Global	ANALYSIS	ANALYSIS	__stdcall	undefined	1	false	\N	false	1000a3b0-1000a43e	__stdcall grSstOrigin,4	\N	undefined __stdcall grSstOrigin(int param_1)
1000a440	grSstConfigPipeline	grSstConfigPipeline	Global	ANALYSIS	ANALYSIS	__stdcall	undefined	3	false	\N	false	1000a440-1000a4c6	__stdcall grSstConfigPipeline,12	\N	undefined __stdcall grSstConfigPipeline(int param_1, int param_2, undefined4 param_3)
1000a4d0	grTexClampMode	grTexClampMode	Global	ANALYSIS	ANALYSIS	__stdcall	undefined	3	false	\N	false	1000a4d0-1000a57e	__stdcall grTexClampMode,12	\N	undefined __stdcall grTexClampMode(int param_1, int param_2, int param_3)
1000a580	grTexCombine	grTexCombine	Global	ANALYSIS	ANALYSIS	__stdcall	undefined	7	false	\N	false	1000a580-1000a828	__stdcall grTexCombine,28	\N	undefined __stdcall grTexCombine(int param_1, undefined4 param_2, uint param_3, undefined4 param_4, uint param_5, int param_6, int param_7)
1000a8b0	FUN_1000a8b0	FUN_1000a8b0	Global	DEFAULT	ANALYSIS	__stdcall	undefined	2	false	\N	false	1000a8b0-1000a935	\N	\N	undefined __stdcall FUN_1000a8b0(int param_1, undefined4 param_2)
1000a940	grTexFilterMode	grTexFilterMode	Global	ANALYSIS	ANALYSIS	__stdcall	undefined	3	false	\N	false	1000a940-1000a9e7	__stdcall grTexFilterMode,12	\N	undefined __stdcall grTexFilterMode(int param_1, int param_2, int param_3)
1000a9f0	grTexLodBiasValue	grTexLodBiasValue	Global	ANALYSIS	ANALYSIS	__stdcall	undefined	1	false	\N	false	1000a9f0-1000aaab	__stdcall grTexLodBiasValue,8	\N	undefined __stdcall grTexLodBiasValue(int param_1)
1000aab0	grTexMipMapMode	grTexMipMapMode	Global	ANALYSIS	ANALYSIS	__stdcall	undefined	3	false	\N	false	1000aab0-1000ac48	__stdcall grTexMipMapMode,12	\N	undefined __stdcall grTexMipMapMode(int param_1, int param_2, int param_3)
1000ac50	grTexNCCTable	grTexNCCTable	Global	ANALYSIS	ANALYSIS	__stdcall	undefined	2	false	\N	false	1000ac50-1000acf5	__stdcall grTexNCCTable,8	\N	undefined __stdcall grTexNCCTable(int param_1, int param_2)
1000ad00	grTexSource	grTexSource	Global	ANALYSIS	ANALYSIS	__stdcall	undefined	4	false	\N	false	1000ad00-1000aec1	__stdcall grTexSource,16	\N	undefined __stdcall grTexSource(int param_1, int param_2, int param_3, int * param_4)
1000aed0	grTexMultibase	grTexMultibase	Global	ANALYSIS	ANALYSIS	__stdcall	undefined	2	false	\N	false	1000aed0-1000af72	__stdcall grTexMultibase,8	\N	undefined __stdcall grTexMultibase(int param_1, int param_2)
1000af80	grTexMultibaseAddress	grTexMultibaseAddress	Global	ANALYSIS	ANALYSIS	__stdcall	undefined	5	false	\N	false	1000af80-1000b1a1	__stdcall grTexMultibaseAddress,20	\N	undefined __stdcall grTexMultibaseAddress(int param_1, undefined4 param_2, int param_3, int param_4, int param_5)
1000b1c0	FUN_1000b1c0	FUN_1000b1c0	Global	DEFAULT	ANALYSIS	__stdcall	undefined	5	false	\N	false	1000b1c0-1000b2d0	\N	\N	undefined __stdcall FUN_1000b1c0(int param_1, int param_2, int param_3, int param_4, int param_5)
1000b2e0	grTexDownloadTable	grTexDownloadTable	Global	ANALYSIS	ANALYSIS	__stdcall	undefined	3	false	\N	false	1000b2e0-1000b32d	__stdcall grTexDownloadTable,12	\N	undefined __stdcall grTexDownloadTable(int param_1, int param_2, int param_3)
1000b330	grTexDownloadMipMapLevelPartial	grTexDownloadMipMapLevelPartial	Global	ANALYSIS	ANALYSIS	__stdcall	undefined	10	false	\N	false	1000b330-1000bc74	__stdcall grTexDownloadMipMapLevelPartial,40	\N	undefined __stdcall grTexDownloadMipMapLevelPartial(int param_1, uint param_2, uint param_3, uint param_4, int param_5, int param_6, uint param_7, ushort * param_8, int param_9, int param_10)
1000bc80	FUN_1000bc80	FUN_1000bc80	Global	DEFAULT	ANALYSIS	__stdcall	int	4	false	\N	false	1000bc80-1000bd70	\N	\N	int __stdcall FUN_1000bc80(byte param_1, int param_2, uint param_3, int param_4)
1000bd80	_ConvertAndDownloadRle@64	_ConvertAndDownloadRle@64	Global	IMPORTED	ANALYSIS	__stdcall	undefined	15	false	\N	false	1000bd80-1000c28a	\N	\N	undefined __stdcall _ConvertAndDownloadRle@64(int param_1, uint param_2, uint param_3, uint param_4, int param_5, int param_6, uint param_7, undefined4 param_8, undefined4 param_9, int param_10, uint param_11, uint param_12, uint param_13, uint param_14, uint param_15)
1000c290	guTexSource	guTexSource	Global	ANALYSIS	ANALYSIS	__stdcall	undefined	1	false	\N	false	1000c290-1000c4f0	__stdcall guTexSource,4	\N	undefined __stdcall guTexSource(int param_1)
1000c500	FUN_1000c500	FUN_1000c500	Global	DEFAULT	ANALYSIS	__stdcall	undefined4	3	false	\N	false	1000c500-1000c963	\N	\N	undefined4 __stdcall FUN_1000c500(float * param_1, float * param_2, float * param_3)
1000c970	FUN_1000c970	FUN_1000c970	Global	DEFAULT	ANALYSIS	__stdcall	undefined4	3	false	\N	false	1000c970-1000ccc2	\N	\N	undefined4 __stdcall FUN_1000c970(float * param_1, float * param_2, float * param_3)
1000ccd0	guFbReadRegion	guFbReadRegion	Global	ANALYSIS	ANALYSIS	__stdcall	undefined	6	false	\N	false	1000ccd0-1000cda7	__stdcall guFbReadRegion,24	\N	undefined __stdcall guFbReadRegion(uint param_1, int param_2, int param_3, int param_4, undefined4 * param_5, int param_6)
1000cdb0	guFbWriteRegion	guFbWriteRegion	Global	ANALYSIS	ANALYSIS	__stdcall	undefined	6	false	\N	false	1000cdb0-1000d08b	__stdcall guFbWriteRegion,24	\N	undefined __stdcall guFbWriteRegion(uint param_1, int param_2, int param_3, int param_4, ushort * param_5, uint param_6)
1000d0f0	FUN_1000d0f0	FUN_1000d0f0	Global	DEFAULT	ANALYSIS	__stdcall	undefined	0	false	\N	false	1000d0f0-1000d103	\N	\N	undefined __stdcall FUN_1000d0f0(void)
1000d20c	FUN_1000d20c	FUN_1000d20c	Global	DEFAULT	ANALYSIS	__stdcall	ushort	0	false	\N	false	1000d20c-1000d222	\N	\N	ushort __stdcall FUN_1000d20c(void)
1000d224	FUN_1000d224	FUN_1000d224	Global	DEFAULT	ANALYSIS	__stdcall	ushort	0	false	\N	false	1000d224-1000d23f	\N	\N	ushort __stdcall FUN_1000d224(void)
1000d240	FUN_1000d240	FUN_1000d240	Global	DEFAULT	ANALYSIS	__cdecl	undefined	1	false	\N	false	1000d240-1000d44f	\N	\N	undefined __cdecl FUN_1000d240(undefined * param_1)
1000d450	FUN_1000d450	FUN_1000d450	Global	DEFAULT	ANALYSIS	__stdcall	undefined	0	false	\N	false	1000d450-1000d463	\N	\N	undefined __stdcall FUN_1000d450(void)
1000d470	FUN_1000d470	FUN_1000d470	Global	DEFAULT	ANALYSIS	__cdecl	undefined4	2	false	\N	false	1000d470-1000d4a4	\N	\N	undefined4 __cdecl FUN_1000d470(uint param_1, undefined4 * param_2)
1000d4b0	FUN_1000d4b0	FUN_1000d4b0	Global	DEFAULT	ANALYSIS	__cdecl	undefined4	1	false	\N	false	1000d4b0-1000d4ff	\N	\N	undefined4 __cdecl FUN_1000d4b0(uint param_1)
1000d500	FUN_1000d500	FUN_1000d500	Global	DEFAULT	ANALYSIS	__cdecl	undefined	1	false	\N	false	1000d500-1000d512	\N	\N	undefined __cdecl FUN_1000d500(undefined4 param_1)
1000d520	FUN_1000d520	FUN_1000d520	Global	DEFAULT	ANALYSIS	__cdecl	undefined4	10	false	\N	false	1000d520-1000d56c	\N	\N	undefined4 __cdecl FUN_1000d520(undefined4 param_1, undefined4 param_2, undefined4 param_3, undefined4 param_4, undefined4 param_5, undefined4 param_6, undefined4 param_7, undefined4 param_8, undefined4 param_9, undefined4 param_10)
1000d570	FUN_1000d570	FUN_1000d570	Global	DEFAULT	ANALYSIS	__stdcall	undefined	0	false	\N	false	1000d570-1000d57c	\N	\N	undefined __stdcall FUN_1000d570(void)
1000d580	FUN_1000d580	FUN_1000d580	Global	DEFAULT	ANALYSIS	__cdecl	undefined4	1	false	\N	false	1000d580-1000d5a0	\N	\N	undefined4 __cdecl FUN_1000d580(undefined4 param_1)
1000d5b0	FUN_1000d5b0	FUN_1000d5b0	Global	DEFAULT	ANALYSIS	__stdcall	undefined	0	false	\N	false	1000d5b0-1000d5bc	\N	\N	undefined __stdcall FUN_1000d5b0(void)
1000d5c0	FUN_1000d5c0	FUN_1000d5c0	Global	DEFAULT	ANALYSIS	__cdecl	undefined	1	false	\N	false	1000d5c0-1000d5dc	\N	\N	undefined __cdecl FUN_1000d5c0(undefined4 param_1)
1000d5e0	FUN_1000d5e0	FUN_1000d5e0	Global	DEFAULT	ANALYSIS	__stdcall	undefined4	0	false	\N	false	1000d5e0-1000d5ee	\N	\N	undefined4 __stdcall FUN_1000d5e0(void)
1000d5f0	FUN_1000d5f0	FUN_1000d5f0	Global	DEFAULT	ANALYSIS	__stdcall	undefined4	0	false	\N	false	1000d5f0-1000d601	\N	\N	undefined4 __stdcall FUN_1000d5f0(void)
1000d610	FUN_1000d610	FUN_1000d610	Global	DEFAULT	ANALYSIS	__stdcall	undefined	0	false	\N	false	1000d610-1000d61c	\N	\N	undefined __stdcall FUN_1000d610(void)
1000d620	FUN_1000d620	FUN_1000d620	Global	DEFAULT	ANALYSIS	__cdecl	undefined4	2	false	\N	false	1000d620-1000d645	\N	\N	undefined4 __cdecl FUN_1000d620(undefined4 param_1, undefined4 param_2)
1000d650	FUN_1000d650	FUN_1000d650	Global	DEFAULT	ANALYSIS	__cdecl	undefined	1	false	\N	false	1000d650-1000d66c	\N	\N	undefined __cdecl FUN_1000d650(undefined4 param_1)
1000d670	FUN_1000d670	FUN_1000d670	Global	DEFAULT	ANALYSIS	__cdecl	undefined	1	false	\N	false	1000d670-1000d68c	\N	\N	undefined __cdecl FUN_1000d670(undefined4 param_1)
1000d6c0	FUN_1000d6c0	FUN_1000d6c0	Global	DEFAULT	ANALYSIS	__cdecl	undefined4	1	false	\N	false	1000d6c0-1000d6e0	\N	\N	undefined4 __cdecl FUN_1000d6c0(undefined4 param_1)
1000d6f0	FUN_1000d6f0	FUN_1000d6f0	Global	DEFAULT	ANALYSIS	__cdecl	undefined4	1	false	\N	false	1000d6f0-1000d710	\N	\N	undefined4 __cdecl FUN_1000d6f0(undefined4 param_1)
1000d720	FUN_1000d720	FUN_1000d720	Global	DEFAULT	ANALYSIS	__cdecl	undefined	2	false	\N	false	1000d720-1000d741	\N	\N	undefined __cdecl FUN_1000d720(undefined4 param_1, undefined4 param_2)
1000d780	FUN_1000d780	FUN_1000d780	Global	DEFAULT	ANALYSIS	__stdcall	undefined	0	false	\N	false	1000d780-1000d7e2	\N	\N	undefined __stdcall FUN_1000d780(void)
1000d7f0	FUN_1000d7f0	FUN_1000d7f0	Global	DEFAULT	ANALYSIS	__cdecl	undefined	1	false	\N	false	1000d7f0-1000d89b	\N	\N	undefined __cdecl FUN_1000d7f0(char * param_1)
1000d8a0	FUN_1000d8a0	FUN_1000d8a0	Global	DEFAULT	ANALYSIS	__cdecl	char *	2	false	\N	false	1000d8a0-1000d957	\N	\N	char * __cdecl FUN_1000d8a0(char * param_1, undefined1 param_2)
1000d990	FUN_1000d990	FUN_1000d990	Global	DEFAULT	ANALYSIS	__stdcall	undefined	2	false	\N	false	1000d990-1000d9be	\N	\N	undefined __stdcall FUN_1000d990(char * param_1, va_list param_2)
1000d9d0	FUN_1000d9d0	FUN_1000d9d0	Global	DEFAULT	ANALYSIS	__stdcall	undefined4	0	false	\N	false	1000d9d0-1000da73	\N	\N	undefined4 __stdcall FUN_1000d9d0(void)
1000dac0	FUN_1000dac0	FUN_1000dac0	Global	DEFAULT	ANALYSIS	__cdecl	undefined	2	false	\N	false	1000dac0-1000db3b	\N	\N	undefined __cdecl FUN_1000dac0(undefined4 param_1, char * param_2)
1000db50	FUN_1000db50	FUN_1000db50	Global	DEFAULT	ANALYSIS	__stdcall	int	1	false	\N	false	1000db50-1000db6b	\N	\N	int __stdcall FUN_1000db50(int param_1)
1000db90	FUN_1000db90	FUN_1000db90	Global	DEFAULT	ANALYSIS	__stdcall	bool	1	false	\N	false	1000db90-1000dbd2	\N	\N	bool __stdcall FUN_1000db90(char * param_1)
1000e1a5	FUN_1000e1a5	FUN_1000e1a5	Global	DEFAULT	ANALYSIS	__stdcall	undefined4	1	false	\N	false	1000e1a5-1000eeae	\N	\N	undefined4 __stdcall FUN_1000e1a5(undefined4 * param_1)
1000eeaf	FUN_1000eeaf	FUN_1000eeaf	Global	DEFAULT	ANALYSIS	__stdcall	undefined	1	false	\N	false	1000eeaf-1000f23f	\N	\N	undefined __stdcall FUN_1000eeaf(undefined4 * param_1)
1000f240	FUN_1000f240	FUN_1000f240	Global	DEFAULT	ANALYSIS	__stdcall	undefined4	1	false	\N	false	1000f240-1000f49a	\N	\N	undefined4 __stdcall FUN_1000f240(undefined4 * param_1)
1000f49b	FUN_1000f49b	FUN_1000f49b	Global	DEFAULT	ANALYSIS	__stdcall	undefined4	1	false	\N	false	1000f49b-1000f53a	\N	\N	undefined4 __stdcall FUN_1000f49b(int param_1)
1000f53b	FUN_1000f53b	FUN_1000f53b	Global	DEFAULT	ANALYSIS	__stdcall	undefined4	1	false	\N	false	1000f53b-1000f560	\N	\N	undefined4 __stdcall FUN_1000f53b(int param_1)
1000f561	FUN_1000f561	FUN_1000f561	Global	DEFAULT	ANALYSIS	__stdcall	undefined	0	false	\N	false	1000f561-1000f814	\N	\N	undefined __stdcall FUN_1000f561(void)
1000f815	FUN_1000f815	FUN_1000f815	Global	DEFAULT	ANALYSIS	__stdcall	int	0	false	\N	false	1000f815-1000f8aa	\N	\N	int __stdcall FUN_1000f815(void)
1000f8b0	FUN_1000f8b0	FUN_1000f8b0	Global	DEFAULT	ANALYSIS	__cdecl	undefined	1	false	\N	false	1000f8b0-1000f923	\N	\N	undefined __cdecl FUN_1000f8b0(undefined4 * param_1)
1000fa30	FUN_1000fa30	FUN_1000fa30	Global	DEFAULT	ANALYSIS	__cdecl	undefined	1	false	\N	false	1000fa30-1000faa3	\N	\N	undefined __cdecl FUN_1000fa30(undefined4 * param_1)
1000fb50	FUN_1000fb50	FUN_1000fb50	Global	DEFAULT	ANALYSIS	__stdcall	undefined4	0	false	\N	false	1000fb50-1000fb5a	\N	\N	undefined4 __stdcall FUN_1000fb50(void)
1000fc40	FUN_1000fc40	FUN_1000fc40	Global	DEFAULT	ANALYSIS	__cdecl	undefined	1	false	\N	false	1000fc40-1000fcb3	\N	\N	undefined __cdecl FUN_1000fc40(undefined4 * param_1)
1000fdc0	FUN_1000fdc0	FUN_1000fdc0	Global	DEFAULT	ANALYSIS	__stdcall	undefined	0	false	\N	false	1000fdc0-1000fdce	\N	\N	undefined __stdcall FUN_1000fdc0(void)
1000feb0	FUN_1000feb0	FUN_1000feb0	Global	DEFAULT	ANALYSIS	__stdcall	undefined4	3	false	\N	false	1000feb0-1000ff5d	\N	\N	undefined4 __stdcall FUN_1000feb0(int * param_1, uint param_2, uint param_3)
1000ff60	FUN_1000ff60	FUN_1000ff60	Global	DEFAULT	ANALYSIS	__stdcall	int	3	false	\N	false	1000ff60-1001028f	\N	\N	int __stdcall FUN_1000ff60(HWND param_1, int param_2, undefined4 param_3)
10010290	FUN_10010290	FUN_10010290	Global	DEFAULT	ANALYSIS	__stdcall	undefined	1	false	\N	false	10010290-100102aa	\N	\N	undefined __stdcall FUN_10010290(undefined4 param_1)
100102b0	FUN_100102b0	FUN_100102b0	Global	DEFAULT	ANALYSIS	__stdcall	undefined4	1	false	\N	false	100102b0-100103a2	\N	\N	undefined4 __stdcall FUN_100102b0(int * param_1)
100103b0	FUN_100103b0	FUN_100103b0	Global	DEFAULT	ANALYSIS	__stdcall	undefined	0	false	\N	false	100103b0-100103e2	\N	\N	undefined __stdcall FUN_100103b0(void)
100103f0	FUN_100103f0	FUN_100103f0	Global	DEFAULT	ANALYSIS	__stdcall	undefined	2	false	\N	false	100103f0-1001047f	\N	\N	undefined __stdcall FUN_100103f0(undefined4 param_1, undefined * param_2)
10010480	FUN_10010480	FUN_10010480	Global	DEFAULT	ANALYSIS	__stdcall	undefined	1	false	\N	false	10010480-100104a2	\N	\N	undefined __stdcall FUN_10010480(undefined * param_1)
100104b0	FUN_100104b0	FUN_100104b0	Global	DEFAULT	ANALYSIS	__stdcall	int	2	false	\N	false	100104b0-10010570	\N	\N	int __stdcall FUN_100104b0(int param_1, undefined4 * param_2)
10010580	FUN_10010580	FUN_10010580	Global	DEFAULT	ANALYSIS	__stdcall	undefined	2	false	\N	false	10010580-100105c5	\N	\N	undefined __stdcall FUN_10010580(int param_1, undefined * param_2)
100105d0	FUN_100105d0	FUN_100105d0	Global	DEFAULT	ANALYSIS	__stdcall	undefined	2	false	\N	false	100105d0-100106b4	\N	\N	undefined __stdcall FUN_100105d0(int param_1, undefined * param_2)
100106c0	FUN_100106c0	FUN_100106c0	Global	DEFAULT	ANALYSIS	__stdcall	uint	1	false	\N	false	100106c0-1001072c	\N	\N	uint __stdcall FUN_100106c0(undefined4 param_1)
10010730	FUN_10010730	FUN_10010730	Global	DEFAULT	ANALYSIS	__stdcall	undefined4	2	false	\N	false	10010730-1001081c	\N	\N	undefined4 __stdcall FUN_10010730(int param_1, undefined4 * param_2)
10010820	FUN_10010820	FUN_10010820	Global	DEFAULT	ANALYSIS	__cdecl	undefined4	4	false	\N	false	10010820-100109e4	\N	\N	undefined4 __cdecl FUN_10010820(int param_1, int param_2, undefined4 param_3, int param_4)
10010a10	FUN_10010a10	FUN_10010a10	Global	DEFAULT	ANALYSIS	__cdecl	uint	4	false	\N	false	10010a10-10010a47	\N	\N	uint __cdecl FUN_10010a10(uint param_1, uint param_2, uint param_3, uint param_4)
10010a50	FUN_10010a50	FUN_10010a50	Global	DEFAULT	ANALYSIS	__cdecl	short	2	false	\N	false	10010a50-10010a68	\N	\N	short __cdecl FUN_10010a50(short param_1, ushort param_2)
10010a70	FUN_10010a70	FUN_10010a70	Global	DEFAULT	ANALYSIS	__cdecl	ulonglong	4	false	\N	false	10010a70-10010b0e	\N	\N	ulonglong __cdecl FUN_10010a70(uint param_1, int param_2, uint param_3, int param_4)
10010b10	FUN_10010b10	FUN_10010b10	Global	DEFAULT	ANALYSIS	__cdecl	undefined8	5	false	\N	false	10010b10-10010bd4	\N	\N	undefined8 __cdecl FUN_10010b10(uint param_1, uint param_2, int param_3, uint param_4, int param_5)
10010be0	FUN_10010be0	FUN_10010be0	Global	DEFAULT	ANALYSIS	__stdcall	undefined *	0	false	\N	false	10010be0-10010be5	\N	\N	undefined * __stdcall FUN_10010be0(void)
10011540	pciOpen	pciOpen	Global	ANALYSIS	ANALYSIS	__stdcall	longlong	0	false	\N	false	10011540-1001171f	__stdcall pciOpen,0	\N	longlong __stdcall pciOpen(void)
10011720	pciClose	pciClose	Global	ANALYSIS	ANALYSIS	__stdcall	undefined4	0	false	\N	false	10011720-1001173b	__stdcall pciClose,0	\N	undefined4 __stdcall pciClose(void)
10011740	pciDeviceExists	pciDeviceExists	Global	ANALYSIS	ANALYSIS	__stdcall	undefined4	1	false	\N	false	10011740-10011767	__stdcall pciDeviceExists,4	\N	undefined4 __stdcall pciDeviceExists(uint param_1)
10011770	pciGetConfigData	pciGetConfigData	Global	ANALYSIS	ANALYSIS	__stdcall	undefined8	5	false	\N	false	10011770-100117fb	__stdcall pciGetConfigData,20	\N	undefined8 __stdcall pciGetConfigData(uint param_1, int param_2, int param_3, uint param_4, undefined4 * param_5)
10011800	pciSetConfigData	pciSetConfigData	Global	ANALYSIS	ANALYSIS	__stdcall	undefined8	5	false	\N	false	10011800-1001188b	__stdcall pciSetConfigData,20	\N	undefined8 __stdcall pciSetConfigData(uint param_1, int param_2, int param_3, uint param_4, uint * param_5)
10011890	pciMapPhysicalToLinear	pciMapPhysicalToLinear	Global	ANALYSIS	ANALYSIS	__stdcall	undefined4	3	false	\N	false	10011890-1001195b	__stdcall pciMapPhysicalToLinear,12	\N	undefined4 __stdcall pciMapPhysicalToLinear(undefined4 * param_1, undefined4 param_2, undefined4 * param_3)
10011960	pciUnmapPhysical	pciUnmapPhysical	Global	ANALYSIS	ANALYSIS	__stdcall	undefined	0	false	\N	false	10011960-10011962	__stdcall pciUnmapPhysical,8	\N	undefined __stdcall pciUnmapPhysical(void)
10011970	pciFindCardMulti	pciFindCardMulti	Global	ANALYSIS	ANALYSIS	__stdcall	undefined4	4	false	\N	false	10011970-10011999;1001199d-10011a37	__stdcall pciFindCardMulti,16	\N	undefined4 __stdcall pciFindCardMulti(int param_1, int param_2, uint * param_3, int param_4)
10011a40	pciFindCard	pciFindCard	Global	ANALYSIS	ANALYSIS	__stdcall	undefined	3	false	\N	false	10011a40-10011a58	__stdcall pciFindCard,12	\N	undefined __stdcall pciFindCard(int param_1, int param_2, uint * param_3)
10011a60	pciMapCardMulti	pciMapCardMulti	Global	ANALYSIS	ANALYSIS	__stdcall	int	6	false	\N	false	10011a60-10011b36;10011b3a-10011b44	__stdcall pciMapCardMulti,24	\N	int __stdcall pciMapCardMulti(int param_1, int param_2, int param_3, uint * param_4, int param_5, int param_6)
10011b50	FUN_10011b50	FUN_10011b50	Global	DEFAULT	ANALYSIS	__stdcall	undefined4	0	false	\N	false	10011b50-10011b86	\N	\N	undefined4 __stdcall FUN_10011b50(void)
10011b90	pciMapCard	pciMapCard	Global	ANALYSIS	ANALYSIS	__stdcall	undefined	5	false	\N	false	10011b90-10011bb2	__stdcall pciMapCard,20	\N	undefined __stdcall pciMapCard(int param_1, int param_2, int param_3, uint * param_4, int param_5)
10011bd2	FUN_10011bd2	FUN_10011bd2	Global	DEFAULT	ANALYSIS	__cdecl	undefined	2	false	\N	false	10011bd2-10011c7b;10011c81-10011cae;10011cb4-10011d04;10011d08-10011d34;10011d38-10011e50;10011e56-10011ebe;10011ec4-10011efc	\N	\N	undefined __cdecl FUN_10011bd2(undefined4 param_1, int param_2)
10011efd	FUN_10011efd	FUN_10011efd	Global	DEFAULT	ANALYSIS	__cdecl	int	2	false	\N	false	10011efd-10011f63	\N	\N	int __cdecl FUN_10011efd(undefined1 * param_1, FILE * param_2)
10011f64	FUN_10011f64	FUN_10011f64	Global	DEFAULT	ANALYSIS	__cdecl	int	1	false	\N	false	10011f64-10011f9d;10011fa3-10011fcc;10011fd2-10012019;1001201f-10012051;10012057-1001205b;10012061-10012121	\N	\N	int __cdecl FUN_10011f64(FILE * param_1)
10012122	FUN_10012122	FUN_10012122	Global	DEFAULT	ANALYSIS	__cdecl	undefined4	1	false	\N	false	10012122-100121d9;100121df-10012291	\N	\N	undefined4 __cdecl FUN_10012122(char * param_1)
10012292	FUN_10012292	FUN_10012292	Global	DEFAULT	ANALYSIS	__cdecl	undefined4	1	false	\N	false	10012292-10012337;1001233d-10012665	\N	\N	undefined4 __cdecl FUN_10012292(char * param_1)
10012666	FUN_10012666	FUN_10012666	Global	DEFAULT	ANALYSIS	__cdecl	undefined4	2	false	\N	false	10012666-1001281e	\N	\N	undefined4 __cdecl FUN_10012666(char * param_1, int param_2)
1001281f	FUN_1001281f	FUN_1001281f	Global	DEFAULT	ANALYSIS	__cdecl	undefined4	2	false	\N	false	1001281f-10012e8f	\N	\N	undefined4 __cdecl FUN_1001281f(char * param_1, undefined1 * param_2)
10012e90	FUN_10012e90	FUN_10012e90	Global	DEFAULT	ANALYSIS	__cdecl	undefined	2	false	\N	false	10012e90-10012fd7	\N	\N	undefined __cdecl FUN_10012e90(char * param_1, undefined4 param_2)
10012fd8	FUN_10012fd8	FUN_10012fd8	Global	DEFAULT	ANALYSIS	__cdecl	undefined4	2	false	\N	false	10012fd8-10013377	\N	\N	undefined4 __cdecl FUN_10012fd8(char * param_1, int param_2)
10013378	FUN_10013378	FUN_10013378	Global	DEFAULT	ANALYSIS	__cdecl	undefined4	2	false	\N	false	10013378-1001363f	\N	\N	undefined4 __cdecl FUN_10013378(char * param_1, int param_2)
10013640	FUN_10013640	FUN_10013640	Global	DEFAULT	ANALYSIS	__cdecl	undefined4	2	false	\N	false	10013640-10013907	\N	\N	undefined4 __cdecl FUN_10013640(char * param_1, int param_2)
10013908	FUN_10013908	FUN_10013908	Global	DEFAULT	ANALYSIS	__cdecl	undefined	1	false	\N	false	10013908-10013992	\N	\N	undefined __cdecl FUN_10013908(char * param_1)
10013993	FUN_10013993	FUN_10013993	Global	DEFAULT	ANALYSIS	__stdcall	byte *	1	false	\N	false	10013993-10013a4d	\N	\N	byte * __stdcall FUN_10013993(byte * param_1)
10013a50	FUN_10013a50	FUN_10013a50	Global	DEFAULT	ANALYSIS	__cdecl	undefined	1	false	\N	false	10013a50-10013b32	\N	\N	undefined __cdecl FUN_10013a50(char * param_1)
10013b33	FUN_10013b33	FUN_10013b33	Global	DEFAULT	ANALYSIS	__stdcall	undefined	2	false	\N	false	10013b33-10013b63	\N	\N	undefined __stdcall FUN_10013b33(char * param_1, va_list param_2)
10013b70	FUN_10013b70	FUN_10013b70	Global	DEFAULT	ANALYSIS	__stdcall	undefined4	1	false	\N	false	10013b70-10013dc6	\N	\N	undefined4 __stdcall FUN_10013b70(undefined4 * param_1)
10013dc7	FUN_10013dc7	FUN_10013dc7	Global	DEFAULT	ANALYSIS	__cdecl	undefined	1	false	\N	false	10013dc7-10013e26	\N	\N	undefined __cdecl FUN_10013dc7(undefined4 * param_1)
10013e27	FUN_10013e27	FUN_10013e27	Global	DEFAULT	ANALYSIS	__stdcall	undefined4	1	false	\N	false	10013e27-10013ea2	\N	\N	undefined4 __stdcall FUN_10013e27(undefined4 * param_1)
10013ea3	FUN_10013ea3	FUN_10013ea3	Global	DEFAULT	ANALYSIS	__stdcall	undefined4	1	false	\N	false	10013ea3-10013f0e	\N	\N	undefined4 __stdcall FUN_10013ea3(undefined4 * param_1)
10013f0f	FUN_10013f0f	FUN_10013f0f	Global	DEFAULT	ANALYSIS	__stdcall	undefined	1	false	\N	false	10013f0f-10013f32	\N	\N	undefined __stdcall FUN_10013f0f(undefined4 * param_1)
10013f33	FUN_10013f33	FUN_10013f33	Global	DEFAULT	ANALYSIS	__stdcall	undefined4	1	false	\N	false	10013f33-1001405b	\N	\N	undefined4 __stdcall FUN_10013f33(undefined4 * param_1)
1001405c	FUN_1001405c	FUN_1001405c	Global	DEFAULT	ANALYSIS	__stdcall	undefined4	2	false	\N	false	1001405c-10014138	\N	\N	undefined4 __stdcall FUN_1001405c(int param_1, int param_2)
10014139	FUN_10014139	FUN_10014139	Global	DEFAULT	ANALYSIS	__cdecl	bool	1	false	\N	false	10014139-1001453d;10014543-10014551	\N	\N	bool __cdecl FUN_10014139(undefined4 * param_1)
10014552	FUN_10014552	FUN_10014552	Global	DEFAULT	ANALYSIS	__stdcall	undefined4	2	false	\N	false	10014552-10014572	\N	\N	undefined4 __stdcall FUN_10014552(undefined4 * param_1, undefined4 param_2)
10014573	FUN_10014573	FUN_10014573	Global	DEFAULT	ANALYSIS	__stdcall	undefined4	1	false	\N	false	10014573-1001458f	\N	\N	undefined4 __stdcall FUN_10014573(undefined4 * param_1)
10014590	FUN_10014590	FUN_10014590	Global	DEFAULT	ANALYSIS	__stdcall	undefined4	2	false	\N	false	10014590-10014c6d;10014c73-10014cb1;10014cb7-10014cd3;10014cd9-100155f0	\N	\N	undefined4 __stdcall FUN_10014590(undefined4 * param_1, undefined4 * param_2)
100155f1	FUN_100155f1	FUN_100155f1	Global	DEFAULT	ANALYSIS	__stdcall	undefined4	1	false	\N	false	100155f1-10015813;10015819-10015831;10015837-10015872	\N	\N	undefined4 __stdcall FUN_100155f1(undefined4 * param_1)
10015873	FUN_10015873	FUN_10015873	Global	DEFAULT	ANALYSIS	__stdcall	undefined4	2	false	\N	false	10015873-10015b29	\N	\N	undefined4 __stdcall FUN_10015873(undefined4 * param_1, int param_2)
10015b2a	FUN_10015b2a	FUN_10015b2a	Global	DEFAULT	ANALYSIS	__stdcall	int	1	false	\N	false	10015b2a-10015c19	\N	\N	int __stdcall FUN_10015b2a(int param_1)
10015c20	FUN_10015c20	FUN_10015c20	Global	DEFAULT	ANALYSIS	__stdcall	undefined4	4	false	\N	false	10015c20-10015dd0	\N	\N	undefined4 __stdcall FUN_10015c20(undefined4 * param_1, int param_2, uint param_3, int * param_4)
10015dd1	FUN_10015dd1	FUN_10015dd1	Global	DEFAULT	ANALYSIS	__cdecl	undefined4	5	false	\N	false	10015dd1-10015f04	\N	\N	undefined4 __cdecl FUN_10015dd1(undefined4 * param_1, int param_2, int param_3, uint param_4, uint param_5)
10015f05	FUN_10015f05	FUN_10015f05	Global	DEFAULT	ANALYSIS	__cdecl	undefined	4	false	\N	false	10015f05-1001600f	\N	\N	undefined __cdecl FUN_10015f05(int param_1, int param_2, int param_3, int param_4)
10016010	FUN_10016010	FUN_10016010	Global	DEFAULT	ANALYSIS	__stdcall	undefined4	2	false	\N	false	10016010-1001618f	\N	\N	undefined4 __stdcall FUN_10016010(undefined4 * param_1, int param_2)
10016190	FUN_10016190	FUN_10016190	Global	DEFAULT	ANALYSIS	__cdecl	undefined4	1	false	\N	false	10016190-10016335	\N	\N	undefined4 __cdecl FUN_10016190(undefined4 * param_1)
10016336	FUN_10016336	FUN_10016336	Global	DEFAULT	ANALYSIS	__cdecl	undefined4	6	false	\N	false	10016336-10016466	\N	\N	undefined4 __cdecl FUN_10016336(undefined4 * param_1, uint param_2, int param_3, int * param_4, int * param_5, int * param_6)
10016467	FUN_10016467	FUN_10016467	Global	DEFAULT	ANALYSIS	__cdecl	undefined4	2	false	\N	false	10016467-10016614	\N	\N	undefined4 __cdecl FUN_10016467(undefined4 * param_1, int param_2)
10016615	FUN_10016615	FUN_10016615	Global	DEFAULT	ANALYSIS	__cdecl	undefined4	4	false	\N	false	10016615-1001669b	\N	\N	undefined4 __cdecl FUN_10016615(int param_1, int param_2, int param_3, uint * param_4)
1001669c	FUN_1001669c	FUN_1001669c	Global	DEFAULT	ANALYSIS	__stdcall	undefined4	2	false	\N	false	1001669c-10016755	\N	\N	undefined4 __stdcall FUN_1001669c(undefined4 * param_1, int param_2)
10016756	FUN_10016756	FUN_10016756	Global	DEFAULT	ANALYSIS	__cdecl	int	1	false	\N	false	10016756-10016b94	\N	\N	int __cdecl FUN_10016756(undefined4 * param_1)
10016b95	FUN_10016b95	FUN_10016b95	Global	DEFAULT	ANALYSIS	__stdcall	int	2	false	\N	false	10016b95-10016bd2	\N	\N	int __stdcall FUN_10016b95(int param_1, undefined4 * param_2)
10016bd3	FUN_10016bd3	FUN_10016bd3	Global	DEFAULT	ANALYSIS	__cdecl	undefined4	2	false	\N	false	10016bd3-10016de7;10016ded-10016fb9	\N	\N	undefined4 __cdecl FUN_10016bd3(undefined4 * param_1, int param_2)
10016fc0	FUN_10016fc0	FUN_10016fc0	Global	DEFAULT	ANALYSIS	__stdcall	undefined4	4	false	\N	false	10016fc0-10017144;1001714f-10017166;1001718b-10017215;10017220-10017233;10017258-1001775f;1001776a-10018076;1001807c-10018cb4	\N	\N	undefined4 __stdcall FUN_10016fc0(undefined4 * param_1, undefined4 param_2, undefined4 param_3, uint * param_4)
10018cb5	FUN_10018cb5	FUN_10018cb5	Global	DEFAULT	ANALYSIS	__cdecl	int	2	false	\N	false	10018cb5-10018d33;10018d39-10018d6b;10018d71-10018d94;10018d9a-10018da5	\N	\N	int __cdecl FUN_10018cb5(undefined4 * param_1, int param_2)
10018da6	FUN_10018da6	FUN_10018da6	Global	DEFAULT	ANALYSIS	__stdcall	undefined	3	false	\N	false	10018da6-10018e56	\N	\N	undefined __stdcall FUN_10018da6(int param_1, int param_2, int param_3)
10018e57	FUN_10018e57	FUN_10018e57	Global	DEFAULT	ANALYSIS	__stdcall	undefined4	2	false	\N	false	10018e57-10018f1b;10018f21-10018f44;10018f4a-10018f57	\N	\N	undefined4 __stdcall FUN_10018e57(undefined4 * param_1, float param_2)
10018f58	FUN_10018f58	FUN_10018f58	Global	DEFAULT	ANALYSIS	__stdcall	bool	2	false	\N	false	10018f58-1001909d	\N	\N	bool __stdcall FUN_10018f58(undefined4 * param_1, int param_2)
1001909e	FUN_1001909e	FUN_1001909e	Global	DEFAULT	ANALYSIS	__stdcall	bool	2	false	\N	false	1001909e-100190db	\N	\N	bool __stdcall FUN_1001909e(int param_1, undefined4 param_2)
100190e0	FUN_100190e0	FUN_100190e0	Global	DEFAULT	ANALYSIS	__stdcall	uint	2	false	\N	false	100190e0-1001919a	\N	\N	uint __stdcall FUN_100190e0(undefined4 * param_1, int param_2)
1001919b	FUN_1001919b	FUN_1001919b	Global	DEFAULT	ANALYSIS	__stdcall	undefined	3	false	\N	false	1001919b-10019235	\N	\N	undefined __stdcall FUN_1001919b(undefined4 * param_1, undefined3 param_2, undefined1 param_3)
10019236	FUN_10019236	FUN_10019236	Global	DEFAULT	ANALYSIS	__cdecl	undefined4	2	false	\N	false	10019236-1001947a	\N	\N	undefined4 __cdecl FUN_10019236(undefined4 * param_1, char * param_2)
1001947b	FUN_1001947b	FUN_1001947b	Global	DEFAULT	ANALYSIS	__stdcall	int	1	false	\N	false	1001947b-1001967d	\N	\N	int __stdcall FUN_1001947b(undefined4 * param_1)
1001967e	FUN_1001967e	FUN_1001967e	Global	DEFAULT	ANALYSIS	__cdecl	int	1	false	\N	false	1001967e-1001972a	\N	\N	int __cdecl FUN_1001967e(undefined4 * param_1)
1001972b	FUN_1001972b	FUN_1001972b	Global	DEFAULT	ANALYSIS	__cdecl	undefined4	1	false	\N	false	1001972b-10019925	\N	\N	undefined4 __cdecl FUN_1001972b(undefined4 * param_1)
10019926	FUN_10019926	FUN_10019926	Global	DEFAULT	ANALYSIS	__cdecl	undefined4	1	false	\N	false	10019926-10019b20	\N	\N	undefined4 __cdecl FUN_10019926(undefined4 * param_1)
10019b21	FUN_10019b21	FUN_10019b21	Global	DEFAULT	ANALYSIS	__cdecl	undefined4	1	false	\N	false	10019b21-10019c6c	\N	\N	undefined4 __cdecl FUN_10019b21(undefined4 * param_1)
10019c6d	FUN_10019c6d	FUN_10019c6d	Global	DEFAULT	ANALYSIS	__stdcall	undefined4	1	false	\N	false	10019c6d-10019d66	\N	\N	undefined4 __stdcall FUN_10019c6d(int param_1)
10019d67	FUN_10019d67	FUN_10019d67	Global	DEFAULT	ANALYSIS	__stdcall	bool	1	false	\N	false	10019d67-10019e11	\N	\N	bool __stdcall FUN_10019d67(undefined4 * param_1)
10019e12	FUN_10019e12	FUN_10019e12	Global	DEFAULT	ANALYSIS	__fastcall	undefined8	4	false	\N	false	10019e12-1001a107	\N	\N	undefined8 __fastcall FUN_10019e12(undefined4 param_1, uint param_2, float param_3, float * param_4)
1001a108	FUN_1001a108	FUN_1001a108	Global	DEFAULT	ANALYSIS	__cdecl	undefined4	2	false	\N	false	1001a108-1001a1f5	\N	\N	undefined4 __cdecl FUN_1001a108(undefined4 * param_1, int param_2)
1001a1f6	FUN_1001a1f6	FUN_1001a1f6	Global	DEFAULT	ANALYSIS	__cdecl	undefined4	2	false	\N	false	1001a1f6-1001a3b8	\N	\N	undefined4 __cdecl FUN_1001a1f6(undefined4 * param_1, int param_2)
1001a3b9	FUN_1001a3b9	FUN_1001a3b9	Global	DEFAULT	ANALYSIS	__cdecl	int	5	false	\N	false	1001a3b9-1001a5f5	\N	\N	int __cdecl FUN_1001a3b9(undefined4 * param_1, int param_2, int param_3, int param_4, int param_5)
1001a5f6	FUN_1001a5f6	FUN_1001a5f6	Global	DEFAULT	ANALYSIS	__cdecl	undefined4	2	false	\N	false	1001a5f6-1001a78b	\N	\N	undefined4 __cdecl FUN_1001a5f6(undefined4 * param_1, int param_2)
1001a78c	FUN_1001a78c	FUN_1001a78c	Global	DEFAULT	ANALYSIS	__cdecl	undefined4	2	false	\N	false	1001a78c-1001a9e7	\N	\N	undefined4 __cdecl FUN_1001a78c(undefined4 * param_1, int param_2)
1001a9e8	FUN_1001a9e8	FUN_1001a9e8	Global	DEFAULT	ANALYSIS	__cdecl	int	1	false	\N	false	1001a9e8-1001ac50	\N	\N	int __cdecl FUN_1001a9e8(undefined4 * param_1)
1001ac51	FUN_1001ac51	FUN_1001ac51	Global	DEFAULT	ANALYSIS	__cdecl	undefined4	2	false	\N	false	1001ac51-1001ad00	\N	\N	undefined4 __cdecl FUN_1001ac51(undefined4 * param_1, int param_2)
1001ad01	FUN_1001ad01	FUN_1001ad01	Global	DEFAULT	ANALYSIS	__cdecl	undefined4	2	false	\N	false	1001ad01-1001ae75	\N	\N	undefined4 __cdecl FUN_1001ad01(undefined4 * param_1, int param_2)
1001ae76	FUN_1001ae76	FUN_1001ae76	Global	DEFAULT	ANALYSIS	__cdecl	int	2	false	\N	false	1001ae76-1001b03a	\N	\N	int __cdecl FUN_1001ae76(undefined4 * param_1, int param_2)
1001b03b	FUN_1001b03b	FUN_1001b03b	Global	DEFAULT	ANALYSIS	__stdcall	undefined4	2	false	\N	false	1001b03b-1001b371	\N	\N	undefined4 __stdcall FUN_1001b03b(undefined4 * param_1, int param_2)
1001b380	FUN_1001b380	FUN_1001b380	Global	DEFAULT	ANALYSIS	__stdcall	undefined4	3	false	\N	false	1001b380-1001b565	\N	\N	undefined4 __stdcall FUN_1001b380(undefined4 * param_1, undefined4 param_2, undefined4 param_3)
1001b566	FUN_1001b566	FUN_1001b566	Global	DEFAULT	ANALYSIS	__stdcall	undefined4	1	false	\N	false	1001b566-1001b900	\N	\N	undefined4 __stdcall FUN_1001b566(undefined4 * param_1)
1001b910	FUN_1001b910	FUN_1001b910	Global	DEFAULT	ANALYSIS	__stdcall	undefined4	1	false	\N	false	1001b910-1001b926	\N	\N	undefined4 __stdcall FUN_1001b910(int * param_1)
1001b980	FUN_1001b980	FUN_1001b980	Global	DEFAULT	ANALYSIS	__stdcall	bool	1	false	\N	false	1001b980-1001b9ea	\N	\N	bool __stdcall FUN_1001b980(int * param_1)
1001bb80	FUN_1001bb80	FUN_1001bb80	Global	DEFAULT	ANALYSIS	__stdcall	undefined4	1	false	\N	false	1001bb80-1001bbab	\N	\N	undefined4 __stdcall FUN_1001bb80(int * param_1)
1001be80	FUN_1001be80	FUN_1001be80	Global	DEFAULT	ANALYSIS	__cdecl	undefined4	2	false	\N	false	1001be80-1001be9b	\N	\N	undefined4 __cdecl FUN_1001be80(HWND param_1, LPCSTR param_2)
1001bea0	FUN_1001bea0	FUN_1001bea0	Global	DEFAULT	ANALYSIS	__cdecl	undefined4	1	false	\N	false	1001bea0-1001bf0d	\N	\N	undefined4 __cdecl FUN_1001bea0(int * param_1)
1001bf10	FUN_1001bf10	FUN_1001bf10	Global	DEFAULT	ANALYSIS	__cdecl	undefined4	1	false	\N	false	1001bf10-1001c0ec	\N	\N	undefined4 __cdecl FUN_1001bf10(undefined4 * param_1)
1001c0f0	FUN_1001c0f0	FUN_1001c0f0	Global	DEFAULT	ANALYSIS	__stdcall	undefined	0	false	\N	false	1001c0f0-1001c0fa	\N	\N	undefined __stdcall FUN_1001c0f0(void)
1001c0fb	FUN_1001c0fb	FUN_1001c0fb	Global	DEFAULT	ANALYSIS	__stdcall	undefined	0	false	\N	false	1001c0fb-1001c58d	\N	\N	undefined __stdcall FUN_1001c0fb(void)
1001c590	FUN_1001c590	FUN_1001c590	Global	DEFAULT	ANALYSIS	__stdcall	undefined4	3	false	\N	false	1001c590-1001c599	\N	\N	undefined4 __stdcall FUN_1001c590(HWND param_1, int param_2, undefined4 param_3)
1001c59a	FUN_1001c59a	FUN_1001c59a	Global	DEFAULT	ANALYSIS	__cdecl	undefined4	6	false	\N	false	1001c59a-1001c6e3	\N	\N	undefined4 __cdecl FUN_1001c59a(undefined4 param_1, LONG param_2, LONG param_3, undefined4 param_4, undefined4 param_5, int param_6)
1001c6f0	FUN_1001c6f0	FUN_1001c6f0	Global	DEFAULT	ANALYSIS	__stdcall	undefined4	4	false	\N	false	1001c6f0-1001c6fa	\N	\N	undefined4 __stdcall FUN_1001c6f0(undefined4 param_1, undefined4 * param_2, int * param_3, int * param_4)
1001c6fb	FUN_1001c6fb	FUN_1001c6fb	Global	DEFAULT	ANALYSIS	__cdecl	undefined4	8	false	\N	false	1001c6fb-1001c85c	\N	\N	undefined4 __cdecl FUN_1001c6fb(undefined4 param_1, int param_2, int param_3, undefined4 param_4, undefined4 param_5, undefined4 * param_6, int * param_7, int * param_8)
1001c870	FUN_1001c870	FUN_1001c870	Global	DEFAULT	ANALYSIS	__stdcall	undefined4	0	false	\N	false	1001c870-1001c93a	\N	\N	undefined4 __stdcall FUN_1001c870(void)
1001c940	FUN_1001c940	FUN_1001c940	Global	DEFAULT	ANALYSIS	__stdcall	undefined4	0	false	\N	false	1001c940-1001c9ca	\N	\N	undefined4 __stdcall FUN_1001c940(void)
1001c9d0	FUN_1001c9d0	FUN_1001c9d0	Global	DEFAULT	ANALYSIS	__stdcall	undefined	0	false	\N	false	1001c9d0-1001cadc	\N	\N	undefined __stdcall FUN_1001c9d0(void)
1001cae0	DirectDrawCreate	DDRAW.DLL::DirectDrawCreate	DDRAW.DLL	DEFAULT	DEFAULT	unknown	undefined	0	true	DDRAW.DLL::DirectDrawCreate	false	1001cae0-1001cae5	\N	\N	undefined DirectDrawCreate()
1001caf0	__fpmath	__fpmath	Global	ANALYSIS	IMPORTED	__cdecl	void	1	false	\N	false	1001caf0-1001cb06	Library Function - Single Match\n __fpmath\n\nLibrary: Visual Studio 1998 Release	\N	void __cdecl __fpmath(int param_1)
1001cb20	FUN_1001cb20	FUN_1001cb20	Global	DEFAULT	ANALYSIS	__stdcall	undefined	0	false	\N	false	1001cb20-1001cb57	\N	\N	undefined __stdcall FUN_1001cb20(void)
1001cb58	__ftol	__ftol	Global	ANALYSIS	ANALYSIS	__stdcall	longlong	0	false	\N	false	1001cb58-1001cb7e	Library Function - Single Match\n __ftol\n\nLibrary: Visual Studio	\N	longlong __stdcall __ftol(void)
1001cb80	_fclose	_fclose	Global	ANALYSIS	IMPORTED	__cdecl	int	1	false	\N	false	1001cb80-1001cbef	Library Function - Single Match\n _fclose\n\nLibrary: Visual Studio 1998 Release	\N	int __cdecl _fclose(FILE * _File)
1001cbf0	_sscanf	_sscanf	Global	ANALYSIS	IMPORTED	__cdecl	int	2	false	\N	false	1001cbf0-1001cc33	Library Function - Single Match\n _sscanf\n\nLibrary: Visual Studio 1998 Release	\N	int __cdecl _sscanf(char * _Src, char * _Format, ...)
1001cc40	__filbuf	__filbuf	Global	ANALYSIS	IMPORTED	__cdecl	int	1	false	\N	false	1001cc40-1001cd2f	Library Function - Single Match\n __filbuf\n\nLibrary: Visual Studio 1998 Release	\N	int __cdecl __filbuf(FILE * _File)
1001cd30	__fsopen	__fsopen	Global	ANALYSIS	IMPORTED	__cdecl	FILE *	3	false	\N	false	1001cd30-1001cd54	Library Function - Single Match\n __fsopen\n\nLibrary: Visual Studio 1998 Release	\N	FILE * __cdecl __fsopen(char * _Filename, char * _Mode, int _ShFlag)
1001cd60	FUN_1001cd60	FUN_1001cd60	Global	DEFAULT	ANALYSIS	__cdecl	undefined	2	false	\N	false	1001cd60-1001cd74	\N	\N	undefined __cdecl FUN_1001cd60(char * param_1, char * param_2)
1001cd80	_fread	_fread	Global	ANALYSIS	IMPORTED	__cdecl	typedef size_t uint	4	false	\N	false	1001cd80-1001cec7	Library Function - Single Match\n _fread\n\nLibrary: Visual Studio 1998 Release	\N	size_t __cdecl _fread(void * _DstBuf, size_t _ElementSize, size_t _Count, FILE * _File)
1001cef2	FUN_1001cef2	FUN_1001cef2	Global	DEFAULT	ANALYSIS	__fastcall	undefined	1	false	\N	false	1001cef2-1001cefb	\N	\N	undefined __fastcall FUN_1001cef2(undefined4 param_1)
1001cf20	_malloc	_malloc	Global	ANALYSIS	IMPORTED	__cdecl	void *	1	false	\N	false	1001cf20-1001cf33	Library Function - Single Match\n _malloc\n\nLibrary: Visual Studio 1998 Release	\N	void * __cdecl _malloc(size_t _Size)
1001cf40	__nh_malloc	__nh_malloc	Global	ANALYSIS	IMPORTED	__cdecl	void *	2	false	\N	false	1001cf40-1001cf89	Library Function - Single Match\n __nh_malloc\n\nLibrary: Visual Studio 1998 Release	\N	void * __cdecl __nh_malloc(size_t _Size, int _NhFlag)
1001cf90	__heap_alloc	__heap_alloc	Global	ANALYSIS	IMPORTED	__cdecl	void *	1	false	\N	false	1001cf90-1001cfc5	Library Function - Single Match\n __heap_alloc\n\nLibrary: Visual Studio 1998 Release	\N	void * __cdecl __heap_alloc(size_t _Size)
1001cfd0	FUN_1001cfd0	FUN_1001cfd0	Global	DEFAULT	ANALYSIS	__stdcall	undefined	0	false	\N	false	1001cfd0-1001cffe	\N	\N	undefined __stdcall FUN_1001cfd0(void)
1001d000	_atol	_atol	Global	ANALYSIS	IMPORTED	__cdecl	long	1	false	\N	false	1001d000-1001d0a3	Library Function - Single Match\n _atol\n\nLibrary: Visual Studio 1998 Release	\N	long __cdecl _atol(char * _Str)
1001d0b0	_atoi	_atoi	Global	ANALYSIS	IMPORTED	__cdecl	int	1	false	\N	false	1001d0b0-1001d0bd	Library Function - Single Match\n _atoi\n\nLibrary: Visual Studio 1998 Release	\N	int __cdecl _atoi(char * _Str)
1001d0c0	FID_conflict:__getenv_lk	FID_conflict:__getenv_lk	Global	ANALYSIS	IMPORTED	__cdecl	char *	1	false	\N	false	1001d0c0-1001d155	Library Function - Multiple Matches With Different Base Names\n __getenv_lk\n _getenv\n\nLibrary: Visual Studio 1998 Release	\N	char * __cdecl FID_conflict:__getenv_lk(char * _VarName)
1001d160	_sprintf	_sprintf	Global	ANALYSIS	IMPORTED	__cdecl	int	2	false	\N	false	1001d160-1001d1c6	Library Function - Single Match\n _sprintf\n\nLibrary: Visual Studio 1998 Release	\N	int __cdecl _sprintf(char * _Dest, char * _Format, ...)
1001d1d0	_puts	_puts	Global	ANALYSIS	IMPORTED	__cdecl	int	1	false	\N	false	1001d1d0-1001d249	Library Function - Single Match\n _puts\n\nLibrary: Visual Studio 1998 Release	\N	int __cdecl _puts(char * _Str)
1001d250	__cinit	__cinit	Global	ANALYSIS	IMPORTED	__cdecl	int	1	false	\N	false	1001d250-1001d27f	Library Function - Single Match\n __cinit\n\nLibrary: Visual Studio 1998 Release	\N	int __cdecl __cinit(int param_1)
1001d280	_exit	_exit	Global	ANALYSIS	IMPORTED	__cdecl	void	1	false	\N	false	1001d280-1001d291	Library Function - Single Match\n _exit\n\nLibrary: Visual Studio 1998 Release	\N	void __cdecl _exit(int _Code)
1001d2a0	__exit	__exit	Global	ANALYSIS	ANALYSIS	__cdecl	undefined	1	false	\N	false	1001d2a0-1001d2b1	Library Function - Single Match\n __exit\n\nLibrary: Visual Studio 1998 Release	\N	undefined __cdecl __exit(UINT param_1)
1001d2c0	__cexit	__cexit	Global	ANALYSIS	IMPORTED	__cdecl	void	0	false	\N	false	1001d2c0-1001d2ce	Library Function - Single Match\n __cexit\n\nLibrary: Visual Studio 1998 Release	\N	void __cdecl __cexit(void)
1001d2d0	doexit	doexit	Global	ANALYSIS	ANALYSIS	__cdecl	undefined	3	false	\N	false	1001d2d0-1001d372	Library Function - Single Match\n _doexit\n\nLibrary: Visual Studio 1998 Release	\N	undefined __cdecl doexit(UINT param_1, int param_2, int param_3)
1001d380	__initterm	__initterm	Global	ANALYSIS	ANALYSIS	__cdecl	undefined	2	false	\N	false	1001d380-1001d39f	Library Function - Single Match\n __initterm\n\nLibrary: Visual Studio 1998 Release	\N	undefined __cdecl __initterm(undefined4 * param_1, undefined4 * param_2)
1001d3a0	__CRT_INIT@12	__CRT_INIT@12	Global	ANALYSIS	ANALYSIS	__stdcall	undefined4	2	false	\N	false	1001d3a0-1001d4c6	Library Function - Single Match\n __CRT_INIT@12\n\nLibrary: Visual Studio 1998 Release	\N	undefined4 __stdcall __CRT_INIT@12(undefined4 param_1, int param_2)
1001d4d0	entry	entry	Global	IMPORTED	ANALYSIS	__stdcall	int	3	false	\N	false	1001d4d0-1001d58e	\N	\N	int __stdcall entry(HMODULE param_1, int param_2, undefined4 param_3)
1001d590	__amsg_exit	__amsg_exit	Global	ANALYSIS	IMPORTED	__cdecl	void	1	false	\N	false	1001d590-1001d5c7	Library Function - Single Match\n __amsg_exit\n\nLibrary: Visual Studio 1998 Release	\N	void __cdecl __amsg_exit(int param_1)
1001d6c0	_fflush	_fflush	Global	ANALYSIS	IMPORTED	__cdecl	int	1	false	\N	false	1001d6c0-1001d70b	Library Function - Single Match\n _fflush\n\nLibrary: Visual Studio 1998 Release	\N	int __cdecl _fflush(FILE * _File)
1001d710	__flush	__flush	Global	ANALYSIS	IMPORTED	__cdecl	int	1	false	\N	false	1001d710-1001d773	Library Function - Single Match\n __flush\n\nLibrary: Visual Studio 1998 Release	\N	int __cdecl __flush(FILE * _File)
1001d790	flsall	flsall	Global	ANALYSIS	ANALYSIS	__cdecl	int	1	false	\N	false	1001d790-1001d818	Library Function - Single Match\n _flsall\n\nLibrary: Visual Studio 1998 Release	\N	int __cdecl flsall(int param_1)
1001d820	_vfprintf	_vfprintf	Global	ANALYSIS	IMPORTED	__cdecl	int	3	false	\N	false	1001d820-1001d856	Library Function - Single Match\n _vfprintf\n\nLibrary: Visual Studio 1998 Release	\N	int __cdecl _vfprintf(FILE * _File, char * _Format, va_list _ArgList)
1001d860	_fprintf	_fprintf	Global	ANALYSIS	IMPORTED	__cdecl	int	2	false	\N	false	1001d860-1001d896	Library Function - Single Match\n _fprintf\n\nLibrary: Visual Studio 1998 Release	\N	int __cdecl _fprintf(FILE * _File, char * _Format, ...)
1001d8a0	_printf	_printf	Global	ANALYSIS	IMPORTED	__cdecl	int	1	false	\N	false	1001d8a0-1001d8dc	Library Function - Single Match\n _printf\n\nLibrary: Visual Studio 1998 Release	\N	int __cdecl _printf(char * _Format, ...)
1001d8e0	FID_conflict:__toupper_lk	FID_conflict:__toupper_lk	Global	ANALYSIS	IMPORTED	__cdecl	int	1	false	\N	false	1001d8e0-1001d9c4	Library Function - Multiple Matches With Different Base Names\n __toupper_lk\n _toupper\n\nLibrary: Visual Studio 1998 Release	\N	int __cdecl FID_conflict:__toupper_lk(int _C)
1001d9d0	__isctype	__isctype	Global	ANALYSIS	IMPORTED	__cdecl	int	2	false	\N	false	1001d9d0-1001da60	Library Function - Single Match\n __isctype\n\nLibrary: Visual Studio 1998 Release	\N	int __cdecl __isctype(int _C, int _Type)
1001da70	_fgetc	_fgetc	Global	ANALYSIS	IMPORTED	__cdecl	int	1	false	\N	false	1001da70-1001da90	Library Function - Single Match\n _fgetc\n\nLibrary: Visual Studio 1998 Release	\N	int __cdecl _fgetc(FILE * _File)
1001daa0	_strtok	_strtok	Global	ANALYSIS	IMPORTED	__cdecl	char *	2	false	\N	false	1001daa0-1001db74	Library Function - Single Match\n _strtok\n\nLibrary: Visual Studio 1998 Release	\N	char * __cdecl _strtok(char * _Str, char * _Delim)
1001db80	FID_conflict:_tolower	FID_conflict:_tolower	Global	ANALYSIS	IMPORTED	__cdecl	int	1	false	\N	false	1001db80-1001dc64	Library Function - Multiple Matches With Different Base Names\n __tolower_lk\n _tolower\n\nLibrary: Visual Studio 1998 Release	\N	int __cdecl FID_conflict:_tolower(int _C)
1001dc70	_atof	_atof	Global	ANALYSIS	IMPORTED	__cdecl	double	1	false	\N	false	1001dc70-1001dccf	Library Function - Single Match\n _atof\n\nLibrary: Visual Studio 1998 Release	\N	double __cdecl _atof(char * _String)
1001dcd0	__setdefaultprecision	__setdefaultprecision	Global	ANALYSIS	ANALYSIS	__stdcall	undefined	0	false	\N	false	1001dcd0-1001dce2	Library Function - Single Match\n __setdefaultprecision\n\nLibrary: Visual Studio 1998 Release	\N	undefined __stdcall __setdefaultprecision(void)
1001dcf0	__ms_p5_test_fdiv	__ms_p5_test_fdiv	Global	ANALYSIS	ANALYSIS	__stdcall	undefined1	0	false	\N	false	1001dcf0-1001dd3e	Library Function - Single Match\n __ms_p5_test_fdiv\n\nLibrary: Visual Studio 1998 Release	\N	undefined1 __stdcall __ms_p5_test_fdiv(void)
1001dd40	__ms_p5_mp_test_fdiv	__ms_p5_mp_test_fdiv	Global	ANALYSIS	ANALYSIS	__stdcall	undefined	0	false	\N	false	1001dd40-1001dd68	Library Function - Single Match\n __ms_p5_mp_test_fdiv\n\nLibrary: Visual Studio 1998 Release	\N	undefined __stdcall __ms_p5_mp_test_fdiv(void)
1001deb0	__cftoe	__cftoe	Global	ANALYSIS	IMPORTED	__cdecl	typedef errno_t int	5	false	\N	false	1001deb0-1001dfe5	Library Function - Single Match\n __cftoe\n\nLibrary: Visual Studio 1998 Release	\N	errno_t __cdecl __cftoe(double * _Value, char * _Buf, size_t _SizeInBytes, int _Dec, int _Caps)
1001dff0	__cftof	__cftof	Global	ANALYSIS	IMPORTED	__cdecl	typedef errno_t int	4	false	\N	false	1001dff0-1001e0ea	Library Function - Single Match\n __cftof\n\nLibrary: Visual Studio 1998 Release	\N	errno_t __cdecl __cftof(double * _Value, char * _Buf, size_t _SizeInBytes, int _Dec)
1001e0f0	__cftog	__cftog	Global	ANALYSIS	ANALYSIS	__cdecl	undefined	4	false	\N	false	1001e0f0-1001e19f	Library Function - Single Match\n __cftog\n\nLibrary: Visual Studio 1998 Release	\N	undefined __cdecl __cftog(double * param_1, char * param_2, size_t param_3, int param_4)
1001e1a0	__cftoe_g	__cftoe_g	Global	ANALYSIS	ANALYSIS	__cdecl	undefined	4	false	\N	false	1001e1a0-1001e1ca	Library Function - Single Match\n __cftoe_g\n\nLibrary: Visual Studio 1998 Release	\N	undefined __cdecl __cftoe_g(double * param_1, char * param_2, size_t param_3, int param_4)
1001e1d0	__cftof_g	__cftof_g	Global	ANALYSIS	ANALYSIS	__cdecl	undefined	3	false	\N	false	1001e1d0-1001e1f5	Library Function - Single Match\n __cftof_g\n\nLibrary: Visual Studio 1998 Release	\N	undefined __cdecl __cftof_g(double * param_1, char * param_2, size_t param_3)
1001e270	__shift	__shift	Global	ANALYSIS	ANALYSIS	__cdecl	undefined	2	false	\N	false	1001e270-1001e29a	Library Function - Single Match\n __shift\n\nLibrary: Visual Studio 1998 Release	\N	undefined __cdecl __shift(char * param_1, int param_2)
1001e2a0	_free	_free	Global	ANALYSIS	IMPORTED	__cdecl	void	1	false	\N	false	1001e2a0-1001e2ee	Library Function - Single Match\n _free\n\nLibrary: Visual Studio 1998 Release	\N	void __cdecl _free(void * _Memory)
1001e2f0	__close	__close	Global	ANALYSIS	IMPORTED	__cdecl	int	1	false	\N	false	1001e2f0-1001e3b6	Library Function - Single Match\n __close\n\nLibrary: Visual Studio 1998 Release	\N	int __cdecl __close(int _FileHandle)
1001e3c0	__freebuf	__freebuf	Global	ANALYSIS	IMPORTED	__cdecl	void	1	false	\N	false	1001e3c0-1001e3f8	Library Function - Single Match\n __freebuf\n\nLibrary: Visual Studio 1998 Release	\N	void __cdecl __freebuf(FILE * _File)
1001e400	__input	__input	Global	ANALYSIS	ANALYSIS	__cdecl	int	3	false	\N	false	1001e400-1001efd9	Library Function - Single Match\n __input\n\nLibrary: Visual Studio 1998 Release	\N	int __cdecl __input(FILE * param_1, byte * param_2, undefined4 * param_3)
1001f0a0	__hextodec	__hextodec	Global	ANALYSIS	ANALYSIS	__cdecl	uint	1	false	\N	false	1001f0a0-1001f0dd	Library Function - Single Match\n __hextodec\n\nLibrary: Visual Studio 1998 Release	\N	uint __cdecl __hextodec(uint param_1)
1001f0e0	__inc	__inc	Global	ANALYSIS	ANALYSIS	__cdecl	uint	1	false	\N	false	1001f0e0-1001f102	Library Function - Single Match\n __inc\n\nLibrary: Visual Studio 1998 Release	\N	uint __cdecl __inc(FILE * param_1)
1001f110	__un_inc	__un_inc	Global	ANALYSIS	ANALYSIS	__cdecl	undefined	2	false	\N	false	1001f110-1001f127	Library Function - Single Match\n __un_inc\n\nLibrary: Visual Studio 1998 Release	\N	undefined __cdecl __un_inc(int param_1, FILE * param_2)
1001f130	__whiteout	__whiteout	Global	ANALYSIS	ANALYSIS	__cdecl	uint	2	false	\N	false	1001f130-1001f15a	Library Function - Single Match\n __whiteout\n\nLibrary: Visual Studio 1998 Release	\N	uint __cdecl __whiteout(int * param_1, FILE * param_2)
1001f160	__ioinit	__ioinit	Global	ANALYSIS	IMPORTED	__cdecl	int	0	false	\N	false	1001f160-1001f337	Library Function - Single Match\n __ioinit\n\nLibrary: Visual Studio 1998 Release	\N	int __cdecl __ioinit(void)
1001f340	__ioterm	__ioterm	Global	ANALYSIS	IMPORTED	__cdecl	void	0	false	\N	false	1001f340-1001f361	Library Function - Single Match\n __ioterm\n\nLibrary: Visual Studio 1998 Release	\N	void __cdecl __ioterm(void)
1001f370	__read	__read	Global	ANALYSIS	IMPORTED	__cdecl	int	3	false	\N	false	1001f370-1001f5d2	Library Function - Single Match\n __read\n\nLibrary: Visual Studio 1998 Release	\N	int __cdecl __read(int _FileHandle, void * _DstBuf, uint _MaxCharCount)
1001f5e0	__getbuf	__getbuf	Global	ANALYSIS	IMPORTED	__cdecl	void	1	false	\N	false	1001f5e0-1001f62a	Library Function - Single Match\n __getbuf\n\nLibrary: Visual Studio 1998 Release	\N	void __cdecl __getbuf(FILE * _File)
1001f630	__openfile	__openfile	Global	ANALYSIS	IMPORTED	__cdecl	FILE *	4	false	\N	false	1001f630-1001f7ca	Library Function - Single Match\n __openfile\n\nLibrary: Visual Studio 1998 Release	\N	FILE * __cdecl __openfile(char * _Filename, char * _Mode, int _ShFlag, FILE * _File)
1001f840	__getstream	__getstream	Global	ANALYSIS	IMPORTED	__cdecl	FILE *	0	false	\N	false	1001f840-1001f8bd	Library Function - Single Match\n __getstream\n\nLibrary: Visual Studio 1998 Release	\N	FILE * __cdecl __getstream(void)
1001fa1e	FUN_1001fa1e	FUN_1001fa1e	Global	DEFAULT	ANALYSIS	__fastcall	undefined5	2	false	\N	false	1001f9d0-1001f9fe;1001fa1e-1001fa60	\N	\N	undefined5 __fastcall FUN_1001fa1e(undefined4 param_1, undefined1 param_2)
1001fa61	FUN_1001fa61	FUN_1001fa61	Global	DEFAULT	ANALYSIS	__stdcall	undefined4	0	false	\N	false	1001fa61-1001fa94	\N	\N	undefined4 __stdcall FUN_1001fa61(void)
1001fad0	__cintrindisp2	__cintrindisp2	Global	ANALYSIS	ANALYSIS	__fastcall	undefined	2	false	\N	false	1001fad0-1001fb0d	Library Function - Single Match\n __cintrindisp2\n\nLibraries: Visual Studio 1998, Visual Studio 2003, Visual Studio 2019	\N	undefined __fastcall __cintrindisp2(undefined4 param_1, int param_2)
1001fb0e	__cintrindisp1	__cintrindisp1	Global	ANALYSIS	ANALYSIS	__fastcall	undefined	2	false	\N	false	1001fb0e-1001fb43	Library Function - Single Match\n __cintrindisp1\n\nLibraries: Visual Studio 1998, Visual Studio 2003, Visual Studio 2019	\N	undefined __fastcall __cintrindisp1(undefined4 param_1, int param_2)
1001fb44	__ctrandisp2	__ctrandisp2	Global	ANALYSIS	ANALYSIS	__cdecl	undefined	4	false	\N	false	1001fb44-1001fb7d	Library Function - Single Match\n __ctrandisp2\n\nLibraries: Visual Studio 1998, Visual Studio 2003, Visual Studio 2019	\N	undefined __cdecl __ctrandisp2(uint param_1, int param_2, uint param_3, int param_4)
1001fb7e	FUN_1001fb7e	FUN_1001fb7e	Global	DEFAULT	ANALYSIS	__stdcall	undefined	0	false	\N	false	1001fb7e-1001fb84	\N	\N	undefined __stdcall FUN_1001fb7e(void)
1001fb85	FUN_1001fb85	FUN_1001fb85	Global	DEFAULT	ANALYSIS	__stdcall	undefined	0	false	\N	false	1001fb85-1001fcb4	\N	\N	undefined __stdcall FUN_1001fb85(void)
1001fcb5	__ctrandisp1	__ctrandisp1	Global	ANALYSIS	ANALYSIS	__cdecl	undefined	2	false	\N	false	1001fcb5-1001fce0	Library Function - Single Match\n __ctrandisp1\n\nLibraries: Visual Studio 1998, Visual Studio 2003, Visual Studio 2019	\N	undefined __cdecl __ctrandisp1(uint param_1, int param_2)
1001fce1	__fload	__fload	Global	ANALYSIS	ANALYSIS	__cdecl	float10	2	false	\N	false	1001fce1-1001fd1c	Library Function - Single Match\n __fload\n\nLibraries: Visual Studio 1998, Visual Studio 2003, Visual Studio 2019	\N	float10 __cdecl __fload(uint param_1, int param_2)
1001fd20	__callnewh	__callnewh	Global	ANALYSIS	IMPORTED	__cdecl	int	1	false	\N	false	1001fd20-1001fd40	Library Function - Single Match\n __callnewh\n\nLibrary: Visual Studio 1998 Release	\N	int __cdecl __callnewh(size_t _Size)
1001fd50	__heap_init	__heap_init	Global	ANALYSIS	IMPORTED	__cdecl	int	0	false	\N	false	1001fd50-1001fd88	Library Function - Single Match\n __heap_init\n\nLibrary: Visual Studio 1998 Release	\N	int __cdecl __heap_init(void)
1001fd90	__heap_term	__heap_term	Global	ANALYSIS	IMPORTED	__cdecl	void	0	false	\N	false	1001fd90-1001fdc9	Library Function - Single Match\n __heap_term\n\nLibrary: Visual Studio 1998 Release	\N	void __cdecl __heap_term(void)
1001fdd0	___sbh_new_region	___sbh_new_region	Global	ANALYSIS	ANALYSIS	__stdcall	undefined * *	0	false	\N	false	1001fdd0-1001ff3f	Library Function - Single Match\n ___sbh_new_region\n\nLibrary: Visual Studio 1998 Release	\N	undefined * * __stdcall ___sbh_new_region(void)
1001ff40	___sbh_release_region	___sbh_release_region	Global	ANALYSIS	ANALYSIS	__cdecl	undefined	1	false	\N	false	1001ff40-1001ff9d	Library Function - Single Match\n ___sbh_release_region\n\nLibrary: Visual Studio 1998 Release	\N	undefined __cdecl ___sbh_release_region(undefined * * param_1)
1001ffa0	___sbh_decommit_pages	___sbh_decommit_pages	Global	ANALYSIS	ANALYSIS	__cdecl	undefined	1	false	\N	false	1001ffa0-10020076	Library Function - Single Match\n ___sbh_decommit_pages\n\nLibrary: Visual Studio 1998 Release	\N	undefined __cdecl ___sbh_decommit_pages(int param_1)
10020080	___sbh_find_block	___sbh_find_block	Global	ANALYSIS	ANALYSIS	__cdecl	int	3	false	\N	false	10020080-100200d0	Library Function - Single Match\n ___sbh_find_block\n\nLibrary: Visual Studio 1998 Release	\N	int __cdecl ___sbh_find_block(undefined * param_1, undefined4 * param_2, uint * param_3)
100200e0	___sbh_free_block	___sbh_free_block	Global	ANALYSIS	ANALYSIS	__cdecl	undefined	3	false	\N	false	100200e0-10020125	Library Function - Single Match\n ___sbh_free_block\n\nLibrary: Visual Studio 1998 Release	\N	undefined __cdecl ___sbh_free_block(int param_1, int param_2, char * param_3)
10020130	___sbh_alloc_block	___sbh_alloc_block	Global	ANALYSIS	ANALYSIS	__cdecl	undefined *	1	false	\N	false	10020130-100203aa	Library Function - Single Match\n ___sbh_alloc_block\n\nLibrary: Visual Studio 1998 Release	\N	undefined * __cdecl ___sbh_alloc_block(uint param_1)
100203b0	___sbh_alloc_block_from_page	___sbh_alloc_block_from_page	Global	ANALYSIS	ANALYSIS	__cdecl	int	3	false	\N	false	100203b0-1002052b	Library Function - Single Match\n ___sbh_alloc_block_from_page\n\nLibrary: Visual Studio 1998 Release	\N	int __cdecl ___sbh_alloc_block_from_page(int * param_1, uint param_2, uint param_3)
10020530	___sbh_resize_block	___sbh_resize_block	Global	ANALYSIS	ANALYSIS	__cdecl	undefined4	4	false	\N	false	10020530-100205f7	Library Function - Single Match\n ___sbh_resize_block\n\nLibrary: Visual Studio 1998 Release	\N	undefined4 __cdecl ___sbh_resize_block(int param_1, int * param_2, byte * param_3, uint param_4)
10020600	__allmul	__allmul	Global	ANALYSIS	ANALYSIS	__stdcall	longlong	4	false	\N	false	10020600-10020633	Library Function - Single Match\n __allmul\n\nLibrary: Visual Studio 1998 Release	\N	longlong __stdcall __allmul(uint param_1, int param_2, uint param_3, int param_4)
10020640	__mbsnbicoll	__mbsnbicoll	Global	ANALYSIS	IMPORTED	__cdecl	int	3	false	\N	false	10020640-1002067a	Library Function - Single Match\n __mbsnbicoll\n\nLibrary: Visual Studio 1998 Release	\N	int __cdecl __mbsnbicoll(uchar * _Str1, uchar * _Str2, size_t _MaxCount)
10020680	___wtomb_environ	___wtomb_environ	Global	ANALYSIS	IMPORTED	__cdecl	int	0	false	\N	false	10020680-10020709	Library Function - Single Match\n ___wtomb_environ\n\nLibrary: Visual Studio 1998 Release	\N	int __cdecl ___wtomb_environ(void)
10020710	__flsbuf	__flsbuf	Global	ANALYSIS	IMPORTED	__cdecl	int	2	false	\N	false	10020710-10020857	Library Function - Single Match\n __flsbuf\n\nLibrary: Visual Studio 1998 Release	\N	int __cdecl __flsbuf(int _Ch, FILE * _File)
10020860	__output	__output	Global	ANALYSIS	ANALYSIS	__cdecl	int	3	false	\N	false	10020860-100210f6	Library Function - Single Match\n __output\n\nLibrary: Visual Studio 1998 Release	\N	int __cdecl __output(FILE * param_1, byte * param_2, undefined4 * param_3)
10021210	write_char	write_char	Global	ANALYSIS	ANALYSIS	__cdecl	undefined	3	false	\N	false	10021210-10021250	Library Function - Single Match\n _write_char\n\nLibrary: Visual Studio 1998 Release	\N	undefined __cdecl write_char(int param_1, FILE * param_2, int * param_3)
10021260	write_multi_char	write_multi_char	Global	ANALYSIS	ANALYSIS	__cdecl	undefined	4	false	\N	false	10021260-10021290	Library Function - Single Match\n _write_multi_char\n\nLibrary: Visual Studio 1998 Release	\N	undefined __cdecl write_multi_char(int param_1, int param_2, FILE * param_3, int * param_4)
100212a0	write_string	write_string	Global	ANALYSIS	ANALYSIS	__cdecl	undefined	4	false	\N	false	100212a0-100212d6	Library Function - Single Match\n _write_string\n\nLibrary: Visual Studio 1998 Release	\N	undefined __cdecl write_string(char * param_1, int param_2, FILE * param_3, int * param_4)
100212e0	get_int_arg	get_int_arg	Global	ANALYSIS	ANALYSIS	__cdecl	undefined4	1	false	\N	false	100212e0-100212ee	Library Function - Single Match\n _get_int_arg\n\nLibrary: Visual Studio 1998 Release	\N	undefined4 __cdecl get_int_arg(int * param_1)
100212f0	get_int64_arg	get_int64_arg	Global	ANALYSIS	ANALYSIS	__cdecl	undefined8	1	false	\N	false	100212f0-10021304	Library Function - Single Match\n _get_int64_arg\n\nLibrary: Visual Studio 1998 Release	\N	undefined8 __cdecl get_int64_arg(int * param_1)
10021310	get_short_arg	get_short_arg	Global	ANALYSIS	ANALYSIS	__cdecl	undefined2	1	false	\N	false	10021310-1002131f	Library Function - Single Match\n _get_short_arg\n\nLibrary: Visual Studio 1998 Release	\N	undefined2 __cdecl get_short_arg(undefined4 * param_1)
10021320	__stbuf	__stbuf	Global	ANALYSIS	IMPORTED	__cdecl	int	1	false	\N	false	10021320-100213b1	Library Function - Single Match\n __stbuf\n\nLibrary: Visual Studio 1998 Release	\N	int __cdecl __stbuf(FILE * _File)
100213c0	__ftbuf	__ftbuf	Global	ANALYSIS	IMPORTED	__cdecl	void	2	false	\N	false	100213c0-10021408	Library Function - Single Match\n __ftbuf\n\nLibrary: Visual Studio 1998 Release	\N	void __cdecl __ftbuf(int _Flag, FILE * _File)
10021410	_fwrite	_fwrite	Global	ANALYSIS	IMPORTED	__cdecl	typedef size_t uint	4	false	\N	false	10021410-1002158f	Library Function - Single Match\n _fwrite\n\nLibrary: Visual Studio 1998 Release	\N	size_t __cdecl _fwrite(void * _Str, size_t _Size, size_t _Count, FILE * _File)
10021590	__setenvp	__setenvp	Global	ANALYSIS	IMPORTED	__cdecl	int	0	false	\N	false	10021590-10021674	Library Function - Single Match\n __setenvp\n\nLibrary: Visual Studio 1998 Release	\N	int __cdecl __setenvp(void)
10021680	__setargv	__setargv	Global	ANALYSIS	IMPORTED	__cdecl	int	0	false	\N	false	10021680-1002171a	Library Function - Single Match\n __setargv\n\nLibrary: Visual Studio 1998 Release	\N	int __cdecl __setargv(void)
10021720	parse_cmdline	parse_cmdline	Global	ANALYSIS	ANALYSIS	__cdecl	undefined	5	false	\N	false	10021720-100218f1	Library Function - Single Match\n _parse_cmdline\n\nLibrary: Visual Studio 1998 Release	\N	undefined __cdecl parse_cmdline(byte * param_1, undefined4 * param_2, byte * param_3, int * param_4, int * param_5)
10021900	__setmbcp	__setmbcp	Global	ANALYSIS	IMPORTED	__cdecl	int	1	false	\N	false	10021900-10021ada	Library Function - Single Match\n __setmbcp\n\nLibrary: Visual Studio 1998 Release	\N	int __cdecl __setmbcp(int _CodePage)
10021ae0	getSystemCP	getSystemCP	Global	ANALYSIS	ANALYSIS	__cdecl	int	1	false	\N	false	10021ae0-10021b2c	Library Function - Single Match\n _getSystemCP\n\nLibrary: Visual Studio 1998 Release	\N	int __cdecl getSystemCP(int param_1)
10021b30	_CPtoLCID	_CPtoLCID	Global	ANALYSIS	ANALYSIS	__cdecl	undefined4	1	false	\N	false	10021b30-10021b67	Library Function - Single Match\n _CPtoLCID\n\nLibrary: Visual Studio 1998 Release	\N	undefined4 __cdecl _CPtoLCID(undefined4 param_1)
10021b90	setSBCS	setSBCS	Global	ANALYSIS	ANALYSIS	__cdecl	undefined	0	false	\N	false	10021b90-10021bbb	Library Function - Single Match\n _setSBCS\n\nLibrary: Visual Studio 1998 Release	\N	undefined __cdecl setSBCS(void)
10021bc0	___initmbctable	___initmbctable	Global	ANALYSIS	ANALYSIS	__stdcall	undefined	0	false	\N	false	10021bc0-10021bca	Library Function - Single Match\n ___initmbctable\n\nLibrary: Visual Studio 1998 Release	\N	undefined __stdcall ___initmbctable(void)
10021bd0	___crtGetEnvironmentStringsA	___crtGetEnvironmentStringsA	Global	ANALYSIS	IMPORTED	__cdecl	typedef LPVOID void *	0	false	\N	false	10021bd0-10021d5b	Library Function - Single Match\n ___crtGetEnvironmentStringsA\n\nLibrary: Visual Studio 1998 Release	\N	LPVOID __cdecl ___crtGetEnvironmentStringsA(void)
10021d60	FUN_10021d60	FUN_10021d60	Global	DEFAULT	ANALYSIS	__cdecl	undefined	1	false	\N	false	10021d60-10021d69	\N	\N	undefined __cdecl FUN_10021d60(undefined4 param_1)
10021d70	_DllMain@12	_DllMain@12	Global	ANALYSIS	ANALYSIS	__stdcall	undefined4	2	false	\N	false	10021d70-10021d92	Library Function - Single Match\n _DllMain@12\n\nLibrary: Visual Studio 1998 Release	\N	undefined4 __stdcall _DllMain@12(HMODULE param_1, int param_2)
10021da0	__FF_MSGBANNER	__FF_MSGBANNER	Global	ANALYSIS	IMPORTED	__cdecl	void	0	false	\N	false	10021da0-10021ddc	Library Function - Single Match\n __FF_MSGBANNER\n\nLibrary: Visual Studio 1998 Release	\N	void __cdecl __FF_MSGBANNER(void)
10021de0	__NMSG_WRITE	__NMSG_WRITE	Global	ANALYSIS	IMPORTED	__cdecl	void	1	false	\N	false	10021de0-10021fd5	Library Function - Single Match\n __NMSG_WRITE\n\nLibrary: Visual Studio 1998 Release	\N	void __cdecl __NMSG_WRITE(int param_1)
10021fe0	_calloc	_calloc	Global	ANALYSIS	IMPORTED	__cdecl	void *	2	false	\N	false	10021fe0-10022073	Library Function - Single Match\n _calloc\n\nLibrary: Visual Studio 1998 Release	\N	void * __cdecl _calloc(size_t _Count, size_t _Size)
10022080	__fcloseall	__fcloseall	Global	ANALYSIS	IMPORTED	__cdecl	int	0	false	\N	false	10022080-100220f2	Library Function - Single Match\n __fcloseall\n\nLibrary: Visual Studio 1998 Release	\N	int __cdecl __fcloseall(void)
10022100	__commit	__commit	Global	ANALYSIS	IMPORTED	__cdecl	int	1	false	\N	false	10022100-1002216e	Library Function - Single Match\n __commit\n\nLibrary: Visual Studio 1998 Release	\N	int __cdecl __commit(int _FileHandle)
10022170	__write	__write	Global	ANALYSIS	IMPORTED	__cdecl	int	3	false	\N	false	10022170-1002239a	Library Function - Single Match\n __write\n\nLibrary: Visual Studio 1998 Release	\N	int __cdecl __write(int _FileHandle, void * _Buf, uint _MaxCharCount)
100223a0	___crtLCMapStringW	___crtLCMapStringW	Global	ANALYSIS	IMPORTED	__cdecl	int	6	false	\N	false	100223a0-100225ab	Library Function - Single Match\n ___crtLCMapStringW\n\nLibrary: Visual Studio 1998 Release	\N	int __cdecl ___crtLCMapStringW(LPCWSTR _LocaleName, DWORD _DWMapFlag, LPCWSTR _LpSrcStr, int _CchSrc, LPWSTR _LpDestStr, int _CchDest)
100225b0	wcsncnt	wcsncnt	Global	ANALYSIS	ANALYSIS	__cdecl	int	2	false	\N	false	100225b0-100225e2	Library Function - Single Match\n _wcsncnt\n\nLibrary: Visual Studio 1998 Release	\N	int __cdecl wcsncnt(short * param_1, int param_2)
100225f0	___crtLCMapStringA	___crtLCMapStringA	Global	ANALYSIS	IMPORTED	__cdecl	int	9	false	\N	false	100225f0-1002281a	Library Function - Single Match\n ___crtLCMapStringA\n\nLibrary: Visual Studio 1998 Release	\N	int __cdecl ___crtLCMapStringA(_locale_t _Plocinfo, LPCWSTR _LocaleName, DWORD _DwMapFlag, LPCSTR _LpSrcStr, int _CchSrc, LPSTR _LpDestStr, int _CchDest, int _Code_page, BOOL _BError)
10022820	_strncnt	_strncnt	Global	ANALYSIS	IMPORTED	__cdecl	typedef size_t uint	2	false	\N	false	10022820-1002284b	Library Function - Single Match\n _strncnt\n\nLibrary: Visual Studio 1998 Release	\N	size_t __cdecl _strncnt(char * _String, size_t _Cnt)
10022850	___crtGetStringTypeW	___crtGetStringTypeW	Global	ANALYSIS	ANALYSIS	__cdecl	typedef BOOL int	6	false	\N	false	10022850-10022a03	Library Function - Single Match\n ___crtGetStringTypeW\n\nLibrary: Visual Studio 1998 Release	\N	BOOL __cdecl ___crtGetStringTypeW(DWORD param_1, LPCWSTR param_2, int param_3, LPWORD param_4, UINT param_5, LCID param_6)
10022a10	___crtGetStringTypeA	___crtGetStringTypeA	Global	ANALYSIS	IMPORTED	__cdecl	typedef BOOL int	7	false	\N	false	10022a10-10022b32	Library Function - Single Match\n ___crtGetStringTypeA\n\nLibrary: Visual Studio 1998 Release	\N	BOOL __cdecl ___crtGetStringTypeA(_locale_t _Plocinfo, DWORD _DWInfoType, LPCSTR _LpSrcStr, int _CchSrc, LPWORD _LpCharType, int _Code_page, BOOL _BError)
10022b40	__fltin	__fltin	Global	ANALYSIS	ANALYSIS	__cdecl	undefined *	1	false	\N	false	10022b40-10022be7	Library Function - Single Match\n __fltin\n\nLibrary: Visual Studio 1998 Release	\N	undefined * __cdecl __fltin(char * param_1)
10022bf0	__control87	__control87	Global	ANALYSIS	IMPORTED	__cdecl	uint	2	false	\N	false	10022bf0-10022c30	Library Function - Single Match\n __control87\n\nLibrary: Visual Studio 1998 Release	\N	uint __cdecl __control87(uint _NewValue, uint _Mask)
10022c40	__controlfp	__controlfp	Global	ANALYSIS	IMPORTED	__cdecl	uint	2	false	\N	false	10022c40-10022c57	Library Function - Single Match\n __controlfp\n\nLibrary: Visual Studio 1998 Release	\N	uint __cdecl __controlfp(uint _NewValue, uint _Mask)
10022c60	__abstract_cw	__abstract_cw	Global	ANALYSIS	ANALYSIS	__cdecl	uint	1	false	\N	false	10022c60-10022d00	Library Function - Single Match\n __abstract_cw\n\nLibrary: Visual Studio 1998 Release	\N	uint __cdecl __abstract_cw(ushort param_1)
10022d10	__hw_cw	__hw_cw	Global	ANALYSIS	ANALYSIS	__stdcall	undefined	0	false	\N	false	10022d10-10022d9c	Library Function - Single Match\n __hw_cw\n\nLibrary: Visual Studio 1998 Release	\N	undefined __stdcall __hw_cw(void)
10022da0	__fptrap	__fptrap	Global	ANALYSIS	IMPORTED	__cdecl	void	0	false	\N	false	10022da0-10022daa	Library Function - Single Match\n __fptrap\n\nLibrary: Visual Studio 1998 Release	\N	void __cdecl __fptrap(void)
10022db0	__ZeroTail	__ZeroTail	Global	ANALYSIS	ANALYSIS	__cdecl	undefined4	2	false	\N	false	10022db0-10022e13	Library Function - Single Match\n __ZeroTail\n\nLibrary: Visual Studio 1998 Release	\N	undefined4 __cdecl __ZeroTail(int param_1, int param_2)
10022e20	__IncMan	__IncMan	Global	ANALYSIS	ANALYSIS	__cdecl	undefined	2	false	\N	false	10022e20-10022e82	Library Function - Single Match\n __IncMan\n\nLibrary: Visual Studio 1998 Release	\N	undefined __cdecl __IncMan(int param_1, int param_2)
10022e90	__RoundMan	__RoundMan	Global	ANALYSIS	ANALYSIS	__cdecl	undefined4	2	false	\N	false	10022e90-10022f3b	Library Function - Single Match\n __RoundMan\n\nLibrary: Visual Studio 1998 Release	\N	undefined4 __cdecl __RoundMan(int param_1, int param_2)
10022f40	__CopyMan	__CopyMan	Global	ANALYSIS	ANALYSIS	__cdecl	undefined	2	false	\N	false	10022f40-10022f5c	Library Function - Single Match\n __CopyMan\n\nLibrary: Visual Studio 1998 Release	\N	undefined __cdecl __CopyMan(undefined4 * param_1, undefined4 * param_2)
10022f60	__FillZeroMan	__FillZeroMan	Global	ANALYSIS	ANALYSIS	__cdecl	undefined	1	false	\N	false	10022f60-10022f6e	Library Function - Single Match\n __FillZeroMan\n\nLibrary: Visual Studio 1998 Release	\N	undefined __cdecl __FillZeroMan(undefined4 * param_1)
10022f70	__IsZeroMan	__IsZeroMan	Global	ANALYSIS	ANALYSIS	__cdecl	undefined4	1	false	\N	false	10022f70-10022f8c	Library Function - Single Match\n __IsZeroMan\n\nLibrary: Visual Studio 1998 Release	\N	undefined4 __cdecl __IsZeroMan(int * param_1)
10022f90	__ShrMan	__ShrMan	Global	ANALYSIS	ANALYSIS	__cdecl	undefined	2	false	\N	false	10022f90-1002303c	Library Function - Single Match\n __ShrMan\n\nLibrary: Visual Studio 1998 Release	\N	undefined __cdecl __ShrMan(uint * param_1, int param_2)
10023040	__ld12cvt	__ld12cvt	Global	ANALYSIS	ANALYSIS	__cdecl	undefined4	3	false	\N	false	10023040-1002320a	Library Function - Single Match\n __ld12cvt\n\nLibrary: Visual Studio 1998 Release	\N	undefined4 __cdecl __ld12cvt(ushort * param_1, uint * param_2, int * param_3)
10023210	__ld12tod	__ld12tod	Global	ANALYSIS	IMPORTED	__cdecl	typedef INTRNCVT_STATUS enum_3272	2	false	\N	false	10023210-10023227	Library Function - Single Match\n __ld12tod\n\nLibrary: Visual Studio 1998 Release	\N	INTRNCVT_STATUS __cdecl __ld12tod(_LDBL12 * _Ifp, _CRT_DOUBLE * _D)
10023230	__ld12tof	__ld12tof	Global	ANALYSIS	IMPORTED	__cdecl	typedef INTRNCVT_STATUS enum_3272	2	false	\N	false	10023230-10023247	Library Function - Multiple Matches With Different Base Names\n __ld12tod\n __ld12tof\n\nLibrary: Visual Studio 1998 Release	\N	INTRNCVT_STATUS __cdecl __ld12tof(_LDBL12 * _Ifp, _CRT_FLOAT * _F)
10023250	FID_conflict:__atodbl	FID_conflict:__atodbl	Global	ANALYSIS	IMPORTED	__cdecl	int	2	false	\N	false	10023250-10023284	Library Function - Multiple Matches With Different Base Names\n __atodbl\n __atoflt\n\nLibrary: Visual Studio 1998 Release	\N	int __cdecl FID_conflict:__atodbl(_CRT_FLOAT * _Result, char * _Str)
10023290	FID_conflict:__atodbl	FID_conflict:__atodbl	Global	ANALYSIS	IMPORTED	__cdecl	int	2	false	\N	false	10023290-100232c4	Library Function - Multiple Matches With Different Base Names\n __atodbl\n __atoflt\n\nLibrary: Visual Studio 1998 Release	\N	int __cdecl FID_conflict:__atodbl(_CRT_FLOAT * _Result, char * _Str)
100232d0	__fptostr	__fptostr	Global	ANALYSIS	IMPORTED	__cdecl	typedef errno_t int	4	false	\N	false	100232d0-10023350	Library Function - Single Match\n __fptostr\n\nLibrary: Visual Studio 1998 Release	\N	errno_t __cdecl __fptostr(char * _Buf, size_t _SizeInBytes, int _Digits, STRFLT _PtFlt)
10023360	__fltout	__fltout	Global	ANALYSIS	ANALYSIS	__stdcall	undefined *	0	false	\N	false	10023360-100233c6	Library Function - Single Match\n __fltout\n\nLibrary: Visual Studio 1998 Release	\N	undefined * __stdcall __fltout(void)
100233d0	___dtold	___dtold	Global	ANALYSIS	ANALYSIS	__cdecl	undefined	2	false	\N	false	100233d0-1002348b	Library Function - Single Match\n ___dtold\n\nLibrary: Visual Studio 1998 Release	\N	undefined __cdecl ___dtold(uint * param_1, uint * param_2)
10023490	FID_conflict:_memcpy	FID_conflict:_memcpy	Global	ANALYSIS	IMPORTED	__cdecl	void *	3	false	\N	false	10023490-100234c6;100234d8-100234ea;100234ec-100234f8;100234fc-10023506;10023508-1002352c;10023530-10023538;1002353c-1002355f;10023570-10023585;10023588-100235a5;100235a8-100235d2;100235d4-100235dd	Library Function - Multiple Matches With Different Base Names\n _memcpy\n _memmove\n\nLibraries: Visual Studio 1998 Debug, Visual Studio 1998 Release	\N	void * __cdecl FID_conflict:_memcpy(void * _Dst, void * _Src, size_t _Size)
100235e0	__dosmaperr	__dosmaperr	Global	ANALYSIS	IMPORTED	__cdecl	void	1	false	\N	false	100235e0-10023648	Library Function - Single Match\n __dosmaperr\n\nLibrary: Visual Studio 1998 Release	\N	void __cdecl __dosmaperr(ulong param_1)
10023650	__alloc_osfhnd	__alloc_osfhnd	Global	ANALYSIS	IMPORTED	__cdecl	int	0	false	\N	false	10023650-10023709	Library Function - Single Match\n __alloc_osfhnd\n\nLibrary: Visual Studio 1998 Release	\N	int __cdecl __alloc_osfhnd(void)
10023710	__set_osfhnd	__set_osfhnd	Global	ANALYSIS	IMPORTED	__cdecl	int	2	false	\N	false	10023710-100237b2	Library Function - Single Match\n __set_osfhnd\n\nLibrary: Visual Studio 1998 Release	\N	int __cdecl __set_osfhnd(int param_1, intptr_t param_2)
100237c0	__free_osfhnd	__free_osfhnd	Global	ANALYSIS	IMPORTED	__cdecl	int	1	false	\N	false	100237c0-1002384f	Library Function - Single Match\n __free_osfhnd\n\nLibrary: Visual Studio 1998 Release	\N	int __cdecl __free_osfhnd(int param_1)
10023850	__get_osfhandle	__get_osfhandle	Global	ANALYSIS	IMPORTED	__cdecl	typedef intptr_t int	1	false	\N	false	10023850-10023892	Library Function - Single Match\n __get_osfhandle\n\nLibrary: Visual Studio 1998 Release	\N	intptr_t __cdecl __get_osfhandle(int _FileHandle)
100238a0	_mbtowc	_mbtowc	Global	ANALYSIS	IMPORTED	__cdecl	int	3	false	\N	false	100238a0-100239a2	Library Function - Single Match\n _mbtowc\n\nLibrary: Visual Studio 1998 Release	\N	int __cdecl _mbtowc(wchar_t * _DstCh, char * _SrcCh, size_t _SrcSizeInBytes)
100239b0	_isspace	_isspace	Global	ANALYSIS	IMPORTED	__cdecl	int	1	false	\N	false	100239b0-100239dc	Library Function - Single Match\n _isspace\n\nLibrary: Visual Studio 1998 Release	\N	int __cdecl _isspace(int _C)
100239e0	FID_conflict:_ungetc	FID_conflict:_ungetc	Global	ANALYSIS	IMPORTED	__cdecl	int	2	false	\N	false	100239e0-10023a67	Library Function - Multiple Matches With Different Base Names\n __ungetc_lk\n _ungetc\n\nLibrary: Visual Studio 1998 Release	\N	int __cdecl FID_conflict:_ungetc(int _Ch, FILE * _File)
10023a70	__lseek	__lseek	Global	ANALYSIS	IMPORTED	__cdecl	long	3	false	\N	false	10023a70-10023b2b	Library Function - Single Match\n __lseek\n\nLibrary: Visual Studio 1998 Release	\N	long __cdecl __lseek(int _FileHandle, long _Offset, int _Origin)
10023b30	__sopen	__sopen	Global	ANALYSIS	IMPORTED	__cdecl	int	3	false	\N	false	10023b30-10023efe	Library Function - Single Match\n __sopen\n\nLibrary: Visual Studio 1998 Release	\N	int __cdecl __sopen(char * _Filename, int _OpenFlag, int _ShareFlag, ...)
10023f50	__trandisp1	__trandisp1	Global	ANALYSIS	ANALYSIS	__fastcall	undefined	2	false	\N	false	10023f50-10023fb6	Library Function - Single Match\n __trandisp1\n\nLibraries: Visual Studio 1998, Visual Studio 2003, Visual Studio 2019	\N	undefined __fastcall __trandisp1(undefined4 param_1, int param_2)
10023fb7	__trandisp2	__trandisp2	Global	ANALYSIS	ANALYSIS	__fastcall	undefined	2	false	\N	false	10023fb7-10024042	Library Function - Single Match\n __trandisp2\n\nLibraries: Visual Studio 1998, Visual Studio 2003, Visual Studio 2019	\N	undefined __fastcall __trandisp2(undefined4 param_1, int param_2)
10024048	FUN_10024048	FUN_10024048	Global	DEFAULT	ANALYSIS	__stdcall	undefined	0	false	\N	false	10024048-1002404c	\N	\N	undefined __stdcall FUN_10024048(void)
10024056	FUN_10024056	FUN_10024056	Global	DEFAULT	ANALYSIS	__stdcall	float10	0	false	\N	false	10024056-1002405a	\N	\N	float10 __stdcall FUN_10024056(void)
1002405b	FUN_1002405b	FUN_1002405b	Global	DEFAULT	ANALYSIS	__stdcall	float10	0	false	\N	false	1002405b-10024061	\N	\N	float10 __stdcall FUN_1002405b(void)
100240f6	FUN_100240f6	FUN_100240f6	Global	DEFAULT	ANALYSIS	__stdcall	undefined1[10]	0	false	\N	false	100240f6-10024112	\N	\N	undefined1[10] __stdcall FUN_100240f6(void)
10024120	FUN_10024120	FUN_10024120	Global	DEFAULT	ANALYSIS	__cdecl	undefined4	5	false	\N	false	10024120-10024367	\N	\N	undefined4 __cdecl FUN_10024120(int param_1, int param_2, int param_3, uint param_4, undefined4 * param_5)
10024370	FUN_10024370	FUN_10024370	Global	DEFAULT	ANALYSIS	__cdecl	undefined4	2	false	\N	false	10024370-100243ee	\N	\N	undefined4 __cdecl FUN_10024370(int param_1, uint param_2)
100243f0	FUN_100243f0	FUN_100243f0	Global	DEFAULT	ANALYSIS	__cdecl	uint	6	false	\N	false	100243f0-10024506	\N	\N	uint __cdecl FUN_100243f0(int param_1, uint param_2, ushort param_3, undefined4 param_4, uint param_5, uint param_6)
10024be1	FUN_10024be1	FUN_10024be1	Global	DEFAULT	ANALYSIS	__stdcall	undefined4	0	false	\N	false	10024be1-10024bf5	\N	\N	undefined4 __stdcall FUN_10024be1(void)
10025180	__87except	__87except	Global	ANALYSIS	ANALYSIS	__cdecl	undefined	3	false	\N	false	10025180-1002527e	Library Function - Single Match\n __87except\n\nLibrary: Visual Studio 1998 Release	\N	undefined __cdecl __87except(int param_1, int * param_2, ushort * param_3)
100252a0	___crtCompareStringW	___crtCompareStringW	Global	ANALYSIS	IMPORTED	__cdecl	int	6	false	\N	false	100252a0-100254da	Library Function - Single Match\n ___crtCompareStringW\n\nLibrary: Visual Studio 1998 Release	\N	int __cdecl ___crtCompareStringW(LPCWSTR _LocaleName, DWORD _DwCmpFlags, LPCWSTR _LpString1, int _CchCount1, LPCWSTR _LpString2, int _CchCount2)
100254e0	wcsncnt	wcsncnt	Global	ANALYSIS	ANALYSIS	__cdecl	int	2	false	\N	false	100254e0-10025512	Library Function - Single Match\n _wcsncnt\n\nLibrary: Visual Studio 1998 Release	\N	int __cdecl wcsncnt(short * param_1, int param_2)
10025520	___crtCompareStringA	___crtCompareStringA	Global	ANALYSIS	IMPORTED	__cdecl	int	8	false	\N	false	10025520-1002580c	Library Function - Single Match\n ___crtCompareStringA\n\nLibrary: Visual Studio 1998 Release	\N	int __cdecl ___crtCompareStringA(_locale_t _Plocinfo, LPCWSTR _LocaleName, DWORD _DwCmpFlags, LPCSTR _LpString1, int _CchCount1, LPCSTR _LpString2, int _CchCount2, int _Code_page)
10025810	_strncnt	_strncnt	Global	ANALYSIS	IMPORTED	__cdecl	typedef size_t uint	2	false	\N	false	10025810-1002583b	Library Function - Single Match\n _strncnt\n\nLibrary: Visual Studio 1998 Release	\N	size_t __cdecl _strncnt(char * _String, size_t _Cnt)
10025840	___crtsetenv	___crtsetenv	Global	ANALYSIS	IMPORTED	__cdecl	int	2	false	\N	false	10025840-10025a8a	Library Function - Single Match\n ___crtsetenv\n\nLibrary: Visual Studio 1998 Release	\N	int __cdecl ___crtsetenv(char * * _POption, int _Primary)
10025a90	findenv	findenv	Global	ANALYSIS	ANALYSIS	__cdecl	int	2	false	\N	false	10025a90-10025aeb	Library Function - Single Match\n _findenv\n\nLibrary: Visual Studio 1998 Release	\N	int __cdecl findenv(uchar * param_1, size_t param_2)
10025af0	copy_environ	copy_environ	Global	ANALYSIS	ANALYSIS	__cdecl	undefined4 *	1	false	\N	false	10025af0-10025b63	Library Function - Single Match\n _copy_environ\n\nLibrary: Visual Studio 1998 Release	\N	undefined4 * __cdecl copy_environ(int * param_1)
10025b70	__isatty	__isatty	Global	ANALYSIS	IMPORTED	__cdecl	int	1	false	\N	false	10025b70-10025b99	Library Function - Single Match\n __isatty\n\nLibrary: Visual Studio 1998 Release	\N	int __cdecl __isatty(int _FileHandle)
10025ba0	_wctomb	_wctomb	Global	ANALYSIS	IMPORTED	__cdecl	int	2	false	\N	false	10025ba0-10025c31	Library Function - Single Match\n _wctomb\n\nLibrary: Visual Studio 1998 Release	\N	int __cdecl _wctomb(char * _MbCh, wchar_t _WCh)
10025c40	__aulldiv	__aulldiv	Global	ANALYSIS	ANALYSIS	__stdcall	undefined8	4	false	\N	false	10025c40-10025ca7	Library Function - Single Match\n __aulldiv\n\nLibrary: Visual Studio 1998 Release	\N	undefined8 __stdcall __aulldiv(uint param_1, uint param_2, uint param_3, uint param_4)
10025cb0	__aullrem	__aullrem	Global	ANALYSIS	ANALYSIS	__stdcall	undefined8	4	false	\N	false	10025cb0-10025d24	Library Function - Single Match\n __aullrem\n\nLibrary: Visual Studio 1998 Release	\N	undefined8 __stdcall __aullrem(uint param_1, uint param_2, uint param_3, uint param_4)
10025d30	FUN_10025d30	FUN_10025d30	Global	DEFAULT	ANALYSIS	__cdecl	int	1	false	\N	false	10025d30-10025d47	\N	\N	int __cdecl FUN_10025d30(short * param_1)
10025d50	___crtMessageBoxA	___crtMessageBoxA	Global	ANALYSIS	IMPORTED	__cdecl	int	3	false	\N	false	10025d50-10025de1	Library Function - Single Match\n ___crtMessageBoxA\n\nLibrary: Visual Studio 1998 Release	\N	int __cdecl ___crtMessageBoxA(LPCSTR _LpText, LPCSTR _LpCaption, UINT _UType)
10025df0	_strncpy	_strncpy	Global	ANALYSIS	IMPORTED	__cdecl	char *	3	false	\N	false	10025df0-10025eed	Library Function - Single Match\n _strncpy\n\nLibrary: Visual Studio 1998 Release	\N	char * __cdecl _strncpy(char * _Dest, char * _Source, size_t _Count)
10025ef0	___strgtold12	___strgtold12	Global	ANALYSIS	IMPORTED	__cdecl	uint	7	false	\N	false	10025ef0-10026516	Library Function - Single Match\n ___strgtold12\n\nLibrary: Visual Studio 1998 Release	\N	uint __cdecl ___strgtold12(_LDBL12 * pld12, char * * p_end_ptr, char * str, int mult12, int scale, int decpt, int implicit_E)
10026640	___addl	___addl	Global	ANALYSIS	ANALYSIS	__cdecl	undefined4	3	false	\N	false	10026640-10026662	Library Function - Single Match\n ___addl\n\nLibrary: Visual Studio 1998 Release	\N	undefined4 __cdecl ___addl(uint param_1, uint param_2, uint * param_3)
10026670	___add_12	___add_12	Global	ANALYSIS	ANALYSIS	__cdecl	undefined	2	false	\N	false	10026670-100266d5	Library Function - Single Match\n ___add_12\n\nLibrary: Visual Studio 1998 Release	\N	undefined __cdecl ___add_12(uint * param_1, uint * param_2)
100266e0	___shl_12	___shl_12	Global	ANALYSIS	ANALYSIS	__cdecl	undefined	1	false	\N	false	100266e0-1002671d	Library Function - Single Match\n ___shl_12\n\nLibrary: Visual Studio 1998 Release	\N	undefined __cdecl ___shl_12(uint * param_1)
10026720	___shr_12	___shr_12	Global	ANALYSIS	ANALYSIS	__cdecl	undefined	1	false	\N	false	10026720-10026755	Library Function - Single Match\n ___shr_12\n\nLibrary: Visual Studio 1998 Release	\N	undefined __cdecl ___shr_12(uint * param_1)
10026760	___mtold12	___mtold12	Global	ANALYSIS	ANALYSIS	__cdecl	undefined	3	false	\N	false	10026760-10026847	Library Function - Single Match\n ___mtold12\n\nLibrary: Visual Studio 1998 Release	\N	undefined __cdecl ___mtold12(char * param_1, int param_2, uint * param_3)
10026850	$I10_OUTPUT	$I10_OUTPUT	Global	ANALYSIS	ANALYSIS	__cdecl	undefined4	6	false	\N	false	10026850-10026bea	Library Function - Single Match\n _$I10_OUTPUT\n\nLibrary: Visual Studio 1998 Release	\N	undefined4 __cdecl $I10_OUTPUT(int param_1, uint param_2, ushort param_3, int param_4, byte param_5, short * param_6)
10026bf0	__chsize	__chsize	Global	ANALYSIS	IMPORTED	__cdecl	int	2	false	\N	false	10026bf0-10026d56	Library Function - Single Match\n __chsize\n\nLibrary: Visual Studio 1998 Release	\N	int __cdecl __chsize(int _FileHandle, long _Size)
10026d60	__set_exp	__set_exp	Global	ANALYSIS	ANALYSIS	__cdecl	float10	3	false	\N	false	10026d60-10026d98	Library Function - Single Match\n __set_exp\n\nLibrary: Visual Studio 1998 Release	\N	float10 __cdecl __set_exp(undefined4 param_1, undefined4 param_2, short param_3)
10026da0	FUN_10026da0	FUN_10026da0	Global	DEFAULT	ANALYSIS	__cdecl	undefined4	2	false	\N	false	10026da0-10026e02	\N	\N	undefined4 __cdecl FUN_10026da0(int param_1, uint param_2)
10026e10	__decomp	__decomp	Global	ANALYSIS	ANALYSIS	__cdecl	float10	3	false	\N	false	10026e10-10026efd	Library Function - Single Match\n __decomp\n\nLibrary: Visual Studio 1998 Release	\N	float10 __cdecl __decomp(uint param_1, uint param_2, int * param_3)
10026f00	FUN_10026f00	FUN_10026f00	Global	DEFAULT	ANALYSIS	__cdecl	float10	1	false	\N	false	10026f00-10026f14	\N	\N	float10 __cdecl FUN_10026f00(double param_1)
10026f20	FUN_10026f20	FUN_10026f20	Global	DEFAULT	ANALYSIS	__cdecl	int	2	false	\N	false	10026f20-10026fc1	\N	\N	int __cdecl FUN_10026f20(int param_1, uint param_2)
10026fd0	__raise_exc	__raise_exc	Global	ANALYSIS	ANALYSIS	__cdecl	undefined	6	false	\N	false	10026fd0-10027329	Library Function - Single Match\n __raise_exc\n\nLibrary: Visual Studio 1998 Release	\N	undefined __cdecl __raise_exc(uint * param_1, uint * param_2, uint param_3, int param_4, uint * param_5, uint * param_6)
10027340	__handle_exc	__handle_exc	Global	ANALYSIS	ANALYSIS	__cdecl	bool	3	false	\N	false	10027340-100275ff	Library Function - Single Match\n __handle_exc\n\nLibrary: Visual Studio 1998 Release	\N	bool __cdecl __handle_exc(uint param_1, double * param_2, uint param_3)
10027600	__set_errno	__set_errno	Global	ANALYSIS	IMPORTED	__cdecl	typedef errno_t int	1	false	\N	false	10027600-10027629	Library Function - Single Match\n __set_errno\n\nLibrary: Visual Studio 1998 Release	\N	errno_t __cdecl __set_errno(int _Value)
10027630	FUN_10027630	FUN_10027630	Global	DEFAULT	ANALYSIS	__stdcall	undefined4	0	false	\N	false	10027630-10027632	\N	\N	undefined4 __stdcall FUN_10027630(void)
10027640	__statfp	__statfp	Global	ANALYSIS	ANALYSIS	__stdcall	int	0	false	\N	false	10027640-10027650	Library Function - Single Match\n __statfp\n\nLibrary: Visual Studio 1998 Release	\N	int __stdcall __statfp(void)
10027660	__clrfp	__clrfp	Global	ANALYSIS	ANALYSIS	__stdcall	int	0	false	\N	false	10027660-10027671	Library Function - Single Match\n __clrfp\n\nLibrary: Visual Studio 1998 Release	\N	int __stdcall __clrfp(void)
10027680	__ctrlfp	__ctrlfp	Global	ANALYSIS	ANALYSIS	__stdcall	int	0	false	\N	false	10027680-100276b1	Library Function - Single Match\n __ctrlfp\n\nLibrary: Visual Studio 1998 Release	\N	int __stdcall __ctrlfp(void)
100276c0	FUN_100276c0	FUN_100276c0	Global	DEFAULT	ANALYSIS	__stdcall	undefined	0	false	\N	false	100276c0-1002771a	\N	\N	undefined __stdcall FUN_100276c0(void)
10027720	_realloc	_realloc	Global	ANALYSIS	IMPORTED	__cdecl	void *	2	false	\N	false	10027720-100278c7	Library Function - Single Match\n _realloc\n\nLibrary: Visual Studio 1998 Release	\N	void * __cdecl _realloc(void * _Memory, size_t _NewSize)
100278d0	__mbschr	__mbschr	Global	ANALYSIS	IMPORTED	__cdecl	uchar *	2	false	\N	false	100278d0-1002795c	Library Function - Single Match\n __mbschr\n\nLibrary: Visual Studio 1998 Release	\N	uchar * __cdecl __mbschr(uchar * _Str, uint _Ch)
10027960	__strdup	__strdup	Global	ANALYSIS	IMPORTED	__cdecl	char *	1	false	\N	false	10027960-10027985	Library Function - Single Match\n __strdup\n\nLibrary: Visual Studio 1998 Release	\N	char * __cdecl __strdup(char * _Src)
10027990	___ld12mul	___ld12mul	Global	ANALYSIS	ANALYSIS	__cdecl	undefined	2	false	\N	false	10027990-10027c35	Library Function - Single Match\n ___ld12mul\n\nLibrary: Visual Studio 1998 Release	\N	undefined __cdecl ___ld12mul(int * param_1, int * param_2)
10027c40	___multtenpow12	___multtenpow12	Global	ANALYSIS	ANALYSIS	__cdecl	undefined	3	false	\N	false	10027c40-10027cba	Library Function - Single Match\n ___multtenpow12\n\nLibrary: Visual Studio 1998 Release	\N	undefined __cdecl ___multtenpow12(int * param_1, uint param_2, int param_3)
10027cc0	__setmode	__setmode	Global	ANALYSIS	IMPORTED	__cdecl	int	2	false	\N	false	10027cc0-10027d3f	Library Function - Single Match\n __setmode\n\nLibrary: Visual Studio 1998 Release	\N	int __cdecl __setmode(int _FileHandle, int _Mode)
10027d50	_strchr	_strchr	Global	ANALYSIS	IMPORTED	__cdecl	char *	2	false	\N	false	10027d40-10027d44;10027d50-10027e0b	Library Function - Single Match\n _strchr\n\nLibrary: Visual Studio 1998 Release	\N	char * __cdecl _strchr(char * _Str, int _Val)
10027e10	_strlen	_strlen	Global	ANALYSIS	IMPORTED	__cdecl	typedef size_t uint	1	false	\N	false	10027e10-10027e8a	Library Function - Single Match\n _strlen\n\nLibraries: Visual Studio 1998 Debug, Visual Studio 1998 Release	\N	size_t __cdecl _strlen(char * _Str)
10027e90	FID_conflict:__mbscpy	FID_conflict:__mbscpy	Global	ANALYSIS	IMPORTED	__cdecl	char *	2	false	\N	false	10027e90-10027e96;10027f01-10027f7f	Library Function - Multiple Matches With Different Base Names\n __mbscpy\n _strcpy\n\nLibraries: Visual Studio 1998 Debug, Visual Studio 1998 Release	\N	char * __cdecl FID_conflict:__mbscpy(char * _Dest, char * _Source)
10027f80	__strupr	__strupr	Global	ANALYSIS	IMPORTED	__cdecl	char *	1	false	\N	false	10027f80-1002803a	Library Function - Single Match\n __strupr\n\nLibrary: Visual Studio 1998 Release	\N	char * __cdecl __strupr(char * _String)
10028040	FID_conflict:__putenv_lk	FID_conflict:__putenv_lk	Global	ANALYSIS	IMPORTED	__cdecl	int	1	false	\N	false	10028040-1002812c	Library Function - Multiple Matches With Different Base Names\n __putenv\n __putenv_lk\n\nLibrary: Visual Studio 1998 Release	\N	int __cdecl FID_conflict:__putenv_lk(char * _EnvString)
10028130	___crtwsetenv	___crtwsetenv	Global	ANALYSIS	IMPORTED	__cdecl	int	2	false	\N	false	10028130-1002836e	Library Function - Single Match\n ___crtwsetenv\n\nLibrary: Visual Studio 1998 Release	\N	int __cdecl ___crtwsetenv(wchar_t * * _POption, int _Primary)
10028370	wfindenv	wfindenv	Global	ANALYSIS	ANALYSIS	__cdecl	int	2	false	\N	false	10028370-100283cf	Library Function - Single Match\n _wfindenv\n\nLibrary: Visual Studio 1998 Release	\N	int __cdecl wfindenv(wchar_t * param_1, size_t param_2)
100283d0	copy_environ	copy_environ	Global	ANALYSIS	ANALYSIS	__cdecl	undefined4 *	1	false	\N	false	100283d0-10028443	Library Function - Single Match\n _copy_environ\n\nLibrary: Visual Studio 1998 Release	\N	undefined4 * __cdecl copy_environ(int * param_1)
10028450	_wcscpy	_wcscpy	Global	ANALYSIS	IMPORTED	__cdecl	wchar_t *	2	false	\N	false	10028450-10028471	Library Function - Single Match\n _wcscpy\n\nLibrary: Visual Studio 1998 Release	\N	wchar_t * __cdecl _wcscpy(wchar_t * _Dest, wchar_t * _Source)
10028480	___mbtow_environ	___mbtow_environ	Global	ANALYSIS	IMPORTED	__cdecl	int	0	false	\N	false	10028480-10028508	Library Function - Single Match\n ___mbtow_environ\n\nLibrary: Visual Studio 1998 Release	\N	int __cdecl ___mbtow_environ(void)
10028510	_wcschr	_wcschr	Global	ANALYSIS	IMPORTED	__cdecl	wchar_t *	2	false	\N	false	10028510-1002853b	Library Function - Single Match\n _wcschr\n\nLibrary: Visual Studio 1998 Release	\N	wchar_t * __cdecl _wcschr(wchar_t * _Str, wchar_t _Ch)
10028540	__wcsnicoll	__wcsnicoll	Global	ANALYSIS	IMPORTED	__cdecl	int	3	false	\N	false	10028540-100285ed	Library Function - Single Match\n __wcsnicoll\n\nLibrary: Visual Studio 1998 Release	\N	int __cdecl __wcsnicoll(wchar_t * _Str1, wchar_t * _Str2, size_t _MaxCount)
100285f0	__wcsdup	__wcsdup	Global	ANALYSIS	IMPORTED	__cdecl	wchar_t *	1	false	\N	false	100285f0-10028629	Library Function - Single Match\n __wcsdup\n\nLibrary: Visual Studio 1998 Release	\N	wchar_t * __cdecl __wcsdup(wchar_t * _Str)
10028630	_wcstol	_wcstol	Global	ANALYSIS	IMPORTED	__cdecl	long	3	false	\N	false	10028630-10028649	Library Function - Single Match\n _wcstol\n\nLibrary: Visual Studio 1998 Release	\N	long __cdecl _wcstol(wchar_t * _Str, wchar_t * * _EndPtr, int _Radix)
10028650	wcstoxl	wcstoxl	Global	ANALYSIS	ANALYSIS	__cdecl	uint	4	false	\N	false	10028650-10028857	Library Function - Single Match\n _wcstoxl\n\nLibrary: Visual Studio 1998 Release	\N	uint __cdecl wcstoxl(wint_t * param_1, undefined4 * param_2, uint param_3, uint param_4)
10028860	___crtGetLocaleInfoW	___crtGetLocaleInfoW	Global	ANALYSIS	ANALYSIS	__cdecl	int	5	false	\N	false	10028860-1002898d	Library Function - Single Match\n ___crtGetLocaleInfoW\n\nLibrary: Visual Studio 1998 Release	\N	int __cdecl ___crtGetLocaleInfoW(LCID param_1, LCTYPE param_2, LPWSTR param_3, int param_4, UINT param_5)
10028990	__wcsnicmp	__wcsnicmp	Global	ANALYSIS	IMPORTED	__cdecl	int	3	false	\N	false	10028990-10028a2d	Library Function - Single Match\n __wcsnicmp\n\nLibrary: Visual Studio 1998 Release	\N	int __cdecl __wcsnicmp(wchar_t * _Str1, wchar_t * _Str2, size_t _MaxCount)
10028a30	_towupper	_towupper	Global	ANALYSIS	IMPORTED	__cdecl	typedef wint_t ushort	1	false	\N	false	10028a30-10028acb	Library Function - Single Match\n _towupper\n\nLibrary: Visual Studio 1998 Release	\N	wint_t __cdecl _towupper(wint_t _C)
10028ad0	_iswctype	_iswctype	Global	ANALYSIS	IMPORTED	__cdecl	int	2	false	\N	false	10028ad0-10028b42	Library Function - Single Match\n _iswctype\n\nLibrary: Visual Studio 1998 Release	\N	int __cdecl _iswctype(wint_t _C, wctype_t _Type)
10028b50	_towlower	_towlower	Global	ANALYSIS	IMPORTED	__cdecl	typedef wint_t ushort	1	false	\N	false	10028b50-10028beb	Library Function - Single Match\n _towlower\n\nLibrary: Visual Studio 1998 Release	\N	wint_t __cdecl _towlower(wint_t _C)
