entry	name	full_name	namespace	name_source	signature_source	calling_convention	return_type	parameter_count	is_thunk	thunk_target	is_external	body_ranges	comment	repeatable_comment	prototype
1000100a	Glide_GetRendererDescription	Glide_GetRendererDescription	Global	DEFAULT	ANALYSIS	__cdecl	undefined	2	true	Glide_GetRendererDescription	false	1000100a-1000100e	\N	\N	undefined __cdecl Glide_GetRendererDescription(undefined4 * param_1, undefined4 * param_2)
10001019	thunk_FUN_1000cd10	thunk_FUN_1000cd10	Global	DEFAULT	ANALYSIS	__cdecl	undefined	6	true	FUN_1000cd10	false	10001019-1000101d	\N	\N	undefined __cdecl thunk_FUN_1000cd10(int param_1, float param_2, float param_3, float param_4, float * param_5, float * param_6)
10001023	thunk_FUN_1000ca10	thunk_FUN_1000ca10	Global	DEFAULT	ANALYSIS	__cdecl	int	2	true	FUN_1000ca10	false	10001023-10001027	\N	\N	int __cdecl thunk_FUN_1000ca10(int param_1, int param_2)
10001028	thunk_FUN_1000d230	thunk_FUN_1000d230	Global	DEFAULT	ANALYSIS	__thiscall	undefined4	2	true	FUN_1000d230	false	10001028-1000102c	\N	\N	undefined4 __thiscall thunk_FUN_1000d230(uint param_1)
10001032	thunk_FUN_1000d270	thunk_FUN_1000d270	Global	DEFAULT	ANALYSIS	__cdecl	float10	1	true	FUN_1000d270	false	10001032-10001036	\N	\N	float10 __cdecl thunk_FUN_1000d270(int param_1)
1000103c	Glide_SetClipWindow	Glide_SetClipWindow	Global	DEFAULT	ANALYSIS	__cdecl	undefined	4	true	Glide_SetClipWindow	false	1000103c-10001040	\N	\N	undefined __cdecl Glide_SetClipWindow(int param_1, int param_2, int param_3, int param_4)
10001046	Glide_InitRenderStates	Glide_InitRenderStates	Global	DEFAULT	ANALYSIS	__stdcall	undefined	0	true	Glide_InitRenderStates	false	10001046-1000104a	\N	\N	undefined __stdcall Glide_InitRenderStates(void)
1000104b	Tex_AllocateAndUploadTile	Tex_AllocateAndUploadTile	Global	DEFAULT	ANALYSIS	__thiscall	int	4	true	Tex_AllocateAndUploadTile	false	1000104b-1000104f	\N	\N	int __thiscall Tex_AllocateAndUploadTile(int * param_1, int param_2, int param_3)
10001050	thunk_FUN_1000ce40	thunk_FUN_1000ce40	Global	DEFAULT	ANALYSIS	__fastcall	undefined4	1	true	FUN_1000ce40	false	10001050-10001054	\N	\N	undefined4 __fastcall thunk_FUN_1000ce40(undefined4 param_1)
10001055	thunk_FUN_1000c3f0	thunk_FUN_1000c3f0	Global	DEFAULT	ANALYSIS	__cdecl	uint	1	true	FUN_1000c3f0	false	10001055-10001059	\N	\N	uint __cdecl thunk_FUN_1000c3f0(uint param_1)
1000105a	thunk_FUN_100035f9	thunk_FUN_100035f9	Global	DEFAULT	ANALYSIS	__cdecl	float10	1	true	FUN_100035f9	false	1000105a-1000105e	\N	\N	float10 __cdecl thunk_FUN_100035f9(float param_1)
1000105f	thunk_FUN_1000c600	thunk_FUN_1000c600	Global	DEFAULT	ANALYSIS	__cdecl	undefined4	1	true	FUN_1000c600	false	1000105f-10001063	\N	\N	undefined4 __cdecl thunk_FUN_1000c600(int param_1)
10001064	thunk_FUN_1000818b	thunk_FUN_1000818b	Global	DEFAULT	ANALYSIS	__thiscall	undefined4 *	3	true	FUN_1000818b	false	10001064-10001068	\N	\N	undefined4 * __thiscall thunk_FUN_1000818b(undefined4 param_1, undefined4 param_2)
10001069	thunk_FUN_10008cb9	thunk_FUN_10008cb9	Global	DEFAULT	ANALYSIS	__fastcall	undefined	1	true	FUN_10008cb9	false	10001069-1000106d	\N	\N	undefined __fastcall thunk_FUN_10008cb9(void * param_1)
10001073	instantiate_winsys	instantiate_winsys	Global	IMPORTED	ANALYSIS	__cdecl	int	1	true	WinsysGlide_CreateRendererObject	false	10001073-10001077	Creates the Glide winsys renderer object, captures the host game interface, fills its virtual dispatch table, and validates initialization.	\N	int __cdecl instantiate_winsys(int param_1)
10001082	thunk_FUN_1000ce00	thunk_FUN_1000ce00	Global	DEFAULT	ANALYSIS	__thiscall	undefined4 *	4	true	FUN_1000ce00	false	10001082-10001086	\N	\N	undefined4 * __thiscall thunk_FUN_1000ce00(undefined4 param_1, undefined4 param_2, undefined4 param_3)
10001087	thunk_FUN_1000c3e0	thunk_FUN_1000c3e0	Global	DEFAULT	ANALYSIS	__stdcall	undefined	0	true	FUN_1000c3e0	false	10001087-1000108b	\N	\N	undefined __stdcall thunk_FUN_1000c3e0(void)
10001091	thunk_FUN_1000cef0	thunk_FUN_1000cef0	Global	DEFAULT	ANALYSIS	__thiscall	undefined4	2	true	FUN_1000cef0	false	10001091-10001095	\N	\N	undefined4 __thiscall thunk_FUN_1000cef0(uint param_1)
10001096	thunk_FUN_10003698	thunk_FUN_10003698	Global	DEFAULT	ANALYSIS	__stdcall	undefined	0	true	FUN_10003698	false	10001096-1000109a	\N	\N	undefined __stdcall thunk_FUN_10003698(void)
100010a0	thunk_FUN_10008128	thunk_FUN_10008128	Global	DEFAULT	ANALYSIS	__stdcall	int	0	true	FUN_10008128	false	100010a0-100010a4	\N	\N	int __stdcall thunk_FUN_10008128(void)
100010a5	thunk_FUN_1000cf70	thunk_FUN_1000cf70	Global	DEFAULT	ANALYSIS	__fastcall	undefined4 *	1	true	FUN_1000cf70	false	100010a5-100010a9	\N	\N	undefined4 * __fastcall thunk_FUN_1000cf70(int * param_1)
100010aa	thunk_FUN_10009638	thunk_FUN_10009638	Global	DEFAULT	ANALYSIS	__fastcall	undefined	1	true	FUN_10009638	false	100010aa-100010ae	\N	\N	undefined __fastcall thunk_FUN_10009638(int param_1)
100010af	thunk_FUN_1000515b	thunk_FUN_1000515b	Global	DEFAULT	ANALYSIS	__stdcall	undefined	0	true	FUN_1000515b	false	100010af-100010b3	\N	\N	undefined __stdcall thunk_FUN_1000515b(void)
100010b9	thunk_FUN_1000cb10	thunk_FUN_1000cb10	Global	DEFAULT	ANALYSIS	__stdcall	undefined	0	true	FUN_1000cb10	false	100010b9-100010bd	\N	\N	undefined __stdcall thunk_FUN_1000cb10(void)
100010c3	thunk_FUN_10002042	thunk_FUN_10002042	Global	DEFAULT	ANALYSIS	__cdecl	int	1	true	FUN_10002042	false	100010c3-100010c7	\N	\N	int __cdecl thunk_FUN_10002042(int param_1)
100010c8	thunk_FUN_1000cdc0	thunk_FUN_1000cdc0	Global	DEFAULT	ANALYSIS	__fastcall	undefined4	1	true	FUN_1000cdc0	false	100010c8-100010cc	\N	\N	undefined4 __fastcall thunk_FUN_1000cdc0(undefined4 param_1)
100010cd	thunk_FUN_10006b1f	thunk_FUN_10006b1f	Global	DEFAULT	ANALYSIS	__cdecl	undefined	5	true	FUN_10006b1f	false	100010cd-100010d1	\N	\N	undefined __cdecl thunk_FUN_10006b1f(int param_1, int * param_2, int * param_3, int * param_4, int * param_5)
100010e1	thunk_FUN_10009942	thunk_FUN_10009942	Global	DEFAULT	ANALYSIS	__cdecl	undefined	6	true	FUN_10009942	false	100010e1-100010e5	\N	\N	undefined __cdecl thunk_FUN_10009942(int param_1, int param_2, int param_3, int param_4, int param_5, int param_6)
100010e6	thunk_FUN_1000ca50	thunk_FUN_1000ca50	Global	DEFAULT	ANALYSIS	__cdecl	undefined4	1	true	FUN_1000ca50	false	100010e6-100010ea	\N	\N	undefined4 __cdecl thunk_FUN_1000ca50(int param_1)
100010eb	thunk_FUN_10002f8a	thunk_FUN_10002f8a	Global	DEFAULT	ANALYSIS	__cdecl	undefined4 *	3	true	FUN_10002f8a	false	100010eb-100010ef	\N	\N	undefined4 * __cdecl thunk_FUN_10002f8a(int * param_1, int param_2, int param_3)
100010f0	thunk_FUN_100088a3	thunk_FUN_100088a3	Global	DEFAULT	ANALYSIS	__thiscall	undefined	3	true	FUN_100088a3	false	100010f0-100010f4	\N	\N	undefined __thiscall thunk_FUN_100088a3(char param_1, char param_2)
100010f5	thunk_FUN_1000d4e4	thunk_FUN_1000d4e4	Global	DEFAULT	ANALYSIS	__fastcall	undefined4	1	true	FUN_1000d4e4	false	100010f5-100010f9	\N	\N	undefined4 __fastcall thunk_FUN_1000d4e4(undefined4 * param_1)
100010fa	thunk_FUN_100087c9	thunk_FUN_100087c9	Global	DEFAULT	ANALYSIS	__thiscall	uint	2	true	FUN_100087c9	false	100010fa-100010fe	\N	\N	uint __thiscall thunk_FUN_100087c9(int param_1)
100010ff	thunk_FUN_10003263	thunk_FUN_10003263	Global	DEFAULT	ANALYSIS	__cdecl	undefined	3	true	FUN_10003263	false	100010ff-10001103	\N	\N	undefined __cdecl thunk_FUN_10003263(int param_1, int param_2, int param_3)
10001104	thunk_FUN_10002cd4	thunk_FUN_10002cd4	Global	DEFAULT	ANALYSIS	__cdecl	undefined	2	true	FUN_10002cd4	false	10001104-10001108	\N	\N	undefined __cdecl thunk_FUN_10002cd4(int param_1, uint param_2)
10001109	thunk_FUN_10008231	thunk_FUN_10008231	Global	DEFAULT	ANALYSIS	__thiscall	undefined	3	true	FUN_10008231	false	10001109-1000110d	\N	\N	undefined __thiscall thunk_FUN_10008231(undefined4 param_1, int param_2)
1000110e	thunk_FUN_1000c290	thunk_FUN_1000c290	Global	DEFAULT	ANALYSIS	__cdecl	undefined	1	true	FUN_1000c290	false	1000110e-10001112	\N	\N	undefined __cdecl thunk_FUN_1000c290(int param_1)
10001113	thunk_FUN_10001790	thunk_FUN_10001790	Global	DEFAULT	ANALYSIS	__cdecl	uint	4	true	FUN_10001790	false	10001113-10001117	\N	\N	uint __cdecl thunk_FUN_10001790(uint * param_1, uint * param_2, uint param_3, uint param_4)
1000111d	thunk_FUN_10003de0	thunk_FUN_10003de0	Global	DEFAULT	ANALYSIS	__cdecl	undefined	3	true	FUN_10003de0	false	1000111d-10001121	\N	\N	undefined __cdecl thunk_FUN_10003de0(int param_1, uint param_2, float param_3)
10001127	thunk_FUN_1000cb30	thunk_FUN_1000cb30	Global	DEFAULT	ANALYSIS	__cdecl	int	4	true	FUN_1000cb30	false	10001127-1000112b	\N	\N	int __cdecl thunk_FUN_1000cb30(int param_1, int param_2, float * param_3, int param_4)
1000112c	thunk_FUN_1000ca70	thunk_FUN_1000ca70	Global	DEFAULT	ANALYSIS	__cdecl	int	2	true	FUN_1000ca70	false	1000112c-10001130	\N	\N	int __cdecl thunk_FUN_1000ca70(int param_1, int param_2)
10001131	thunk_FUN_1000c0e0	thunk_FUN_1000c0e0	Global	DEFAULT	ANALYSIS	__cdecl	int	1	true	FUN_1000c0e0	false	10001131-10001135	\N	\N	int __cdecl thunk_FUN_1000c0e0(int param_1)
10001136	thunk_FUN_10002008	thunk_FUN_10002008	Global	DEFAULT	ANALYSIS	__cdecl	undefined	1	true	FUN_10002008	false	10001136-1000113a	\N	\N	undefined __cdecl thunk_FUN_10002008(undefined4 param_1)
1000113b	thunk_FUN_10002528	thunk_FUN_10002528	Global	DEFAULT	ANALYSIS	__stdcall	undefined	0	true	FUN_10002528	false	1000113b-1000113f	\N	\N	undefined __stdcall thunk_FUN_10002528(void)
10001145	thunk_FUN_10006a88	thunk_FUN_10006a88	Global	DEFAULT	ANALYSIS	__thiscall	int	2	true	FUN_10006a88	false	10001145-10001149	\N	\N	int __thiscall thunk_FUN_10006a88(undefined4 param_1)
10001154	thunk_FUN_10009674	thunk_FUN_10009674	Global	DEFAULT	ANALYSIS	__fastcall	undefined	1	true	FUN_10009674	false	10001154-10001158	\N	\N	undefined __fastcall thunk_FUN_10009674(int param_1)
1000115e	thunk_FUN_1000c3a0	thunk_FUN_1000c3a0	Global	DEFAULT	ANALYSIS	__thiscall	int	2	true	FUN_1000c3a0	false	1000115e-10001162	\N	\N	int __thiscall thunk_FUN_1000c3a0(uint param_1)
10001163	thunk_FUN_1000cab0	thunk_FUN_1000cab0	Global	DEFAULT	ANALYSIS	__cdecl	int	2	true	FUN_1000cab0	false	10001163-10001167	\N	\N	int __cdecl thunk_FUN_1000cab0(int param_1, int param_2)
1000116d	Glide_BindTextureSource	Glide_BindTextureSource	Global	DEFAULT	ANALYSIS	__cdecl	undefined	2	true	Glide_BindTextureSource	false	1000116d-10001171	\N	\N	undefined __cdecl Glide_BindTextureSource(int param_1, int param_2)
10001172	thunk_FUN_1000c1d0	thunk_FUN_1000c1d0	Global	DEFAULT	ANALYSIS	__cdecl	undefined4	1	true	FUN_1000c1d0	false	10001172-10001176	\N	\N	undefined4 __cdecl thunk_FUN_1000c1d0(int param_1)
1000117c	thunk_FUN_1000ccf0	thunk_FUN_1000ccf0	Global	DEFAULT	ANALYSIS	__cdecl	float10	2	true	FUN_1000ccf0	false	1000117c-10001180	\N	\N	float10 __cdecl thunk_FUN_1000ccf0(float param_1, float param_2)
10001186	thunk_FUN_1000c170	thunk_FUN_1000c170	Global	DEFAULT	ANALYSIS	__cdecl	undefined	1	true	FUN_1000c170	false	10001186-1000118a	\N	\N	undefined __cdecl thunk_FUN_1000c170(int param_1)
1000118b	Render_DrawTexturedQuad	Render_DrawTexturedQuad	Global	DEFAULT	ANALYSIS	__cdecl	undefined4	11	true	Render_DrawTexturedQuad	false	1000118b-1000118f	\N	\N	undefined4 __cdecl Render_DrawTexturedQuad(int param_1, int param_2, int param_3, int param_4, int param_5, int param_6, float param_7, int param_8, int param_9, int param_10, int param_11)
10001190	Render_DrawDualTextureTriangle	Render_DrawDualTextureTriangle	Global	DEFAULT	ANALYSIS	__cdecl	undefined4	7	true	Render_DrawDualTextureTriangle	false	10001190-10001194	\N	\N	undefined4 __cdecl Render_DrawDualTextureTriangle(int param_1, int param_2, uint param_3, int param_4, int param_5, int param_6, int param_7)
1000119a	thunk_FUN_1000c970	thunk_FUN_1000c970	Global	DEFAULT	ANALYSIS	__cdecl	undefined4	1	true	FUN_1000c970	false	1000119a-1000119e	\N	\N	undefined4 __cdecl thunk_FUN_1000c970(undefined4 param_1)
1000119f	thunk_FUN_10002273	thunk_FUN_10002273	Global	DEFAULT	ANALYSIS	__stdcall	undefined	0	true	FUN_10002273	false	1000119f-100011a3	\N	\N	undefined __stdcall thunk_FUN_10002273(void)
100011a4	thunk_FUN_1000837c	thunk_FUN_1000837c	Global	DEFAULT	ANALYSIS	__thiscall	int *	2	true	FUN_1000837c	false	100011a4-100011a8	\N	\N	int * __thiscall thunk_FUN_1000837c(int param_1)
100011a9	thunk_FUN_10002dd3	thunk_FUN_10002dd3	Global	DEFAULT	ANALYSIS	__cdecl	undefined	2	true	FUN_10002dd3	false	100011a9-100011ad	\N	\N	undefined __cdecl thunk_FUN_10002dd3(undefined4 param_1, uint param_2)
100011b3	thunk_FUN_10006c5b	thunk_FUN_10006c5b	Global	DEFAULT	ANALYSIS	__cdecl	undefined	5	true	FUN_10006c5b	false	100011b3-100011b7	\N	\N	undefined __cdecl thunk_FUN_10006c5b(int param_1, float param_2, float param_3, float param_4, undefined1 param_5)
100011b8	thunk_FUN_10003b3e	thunk_FUN_10003b3e	Global	DEFAULT	ANALYSIS	__stdcall	undefined	0	true	FUN_10003b3e	false	100011b8-100011bc	\N	\N	undefined __stdcall thunk_FUN_10003b3e(void)
100011bd	thunk_FUN_1000942d	thunk_FUN_1000942d	Global	DEFAULT	ANALYSIS	__fastcall	undefined	1	true	FUN_1000942d	false	100011bd-100011c1	\N	\N	undefined __fastcall thunk_FUN_1000942d(int param_1)
100011c2	thunk_FUN_1000ce60	thunk_FUN_1000ce60	Global	DEFAULT	ANALYSIS	__cdecl	undefined	4	true	FUN_1000ce60	false	100011c2-100011c6	\N	\N	undefined __cdecl thunk_FUN_1000ce60(int param_1, float * param_2, undefined1 param_3, undefined4 param_4)
100011c7	thunk_FUN_1000d45c	thunk_FUN_1000d45c	Global	DEFAULT	ANALYSIS	__fastcall	undefined4	1	true	FUN_1000d45c	false	100011c7-100011cb	\N	\N	undefined4 __fastcall thunk_FUN_1000d45c(int param_1)
100011cc	thunk_FUN_1000d451	thunk_FUN_1000d451	Global	DEFAULT	ANALYSIS	__stdcall	undefined	0	true	FUN_1000d451	false	100011cc-100011d0	\N	\N	undefined __stdcall thunk_FUN_1000d451(void)
100011d1	thunk_FUN_1000c9b0	thunk_FUN_1000c9b0	Global	DEFAULT	ANALYSIS	__cdecl	undefined	3	true	FUN_1000c9b0	false	100011d1-100011d5	\N	\N	undefined __cdecl thunk_FUN_1000c9b0(int param_1, float param_2, float param_3)
100011db	thunk_FUN_1000813b	thunk_FUN_1000813b	Global	DEFAULT	ANALYSIS	__cdecl	int	2	true	FUN_1000813b	false	100011db-100011df	\N	\N	int __cdecl thunk_FUN_1000813b(int param_1, int param_2)
100011e5	deallocate_winsys	deallocate_winsys	Global	ANALYSIS	IMPORTED	__cdecl	void	1	false	\N	false	100011e5-100011e9	Destroys a Glide winsys instance if one was allocated.	\N	void __cdecl deallocate_winsys(Winsys * param_1)
100011ef	thunk_FUN_100040cd	thunk_FUN_100040cd	Global	DEFAULT	ANALYSIS	__cdecl	undefined	4	true	FUN_100040cd	false	100011ef-100011f3	\N	\N	undefined __cdecl thunk_FUN_100040cd(uint param_1, float * param_2, float * param_3, float * param_4)
100011f9	detect_winsys	detect_winsys	Global	IMPORTED	ANALYSIS	__cdecl	undefined4	2	true	FUN_10007c49	false	100011f9-100011fd	Detects available 3dfx Glide hardware, fills the winsys display/mode names, initializes Glide for probing, and returns a renderer priority score.	\N	undefined4 __cdecl detect_winsys(undefined4 * param_1, undefined4 * param_2)
100011fe	thunk_FUN_100063c7	thunk_FUN_100063c7	Global	DEFAULT	ANALYSIS	__cdecl	undefined	10	true	FUN_100063c7	false	100011fe-10001202	\N	\N	undefined __cdecl thunk_FUN_100063c7(float * param_1, float param_2, float param_3, float param_4, float param_5, float param_6, float * param_7, float * param_8, float * param_9, float * param_10)
10001203	thunk_FUN_1000c220	thunk_FUN_1000c220	Global	DEFAULT	ANALYSIS	__cdecl	int	1	true	FUN_1000c220	false	10001203-10001207	\N	\N	int __cdecl thunk_FUN_1000c220(uint param_1)
1000120d	thunk_FUN_10006b68	thunk_FUN_10006b68	Global	DEFAULT	ANALYSIS	__cdecl	undefined	1	true	FUN_10006b68	false	1000120d-10001211	\N	\N	undefined __cdecl thunk_FUN_10006b68(int param_1)
10001212	thunk_FUN_100090bc	thunk_FUN_100090bc	Global	DEFAULT	ANALYSIS	__cdecl	int	2	true	FUN_100090bc	false	10001212-10001216	\N	\N	int __cdecl thunk_FUN_100090bc(int param_1, int param_2)
1000121c	thunk_FUN_1000414c	thunk_FUN_1000414c	Global	DEFAULT	ANALYSIS	__cdecl	undefined	1	true	FUN_1000414c	false	1000121c-10001220	\N	\N	undefined __cdecl thunk_FUN_1000414c(float param_1)
10001226	thunk_FUN_10002f61	thunk_FUN_10002f61	Global	DEFAULT	ANALYSIS	__cdecl	typedef HGLOBAL HANDLE	1	true	FUN_10002f61	false	10001226-1000122a	\N	\N	HGLOBAL __cdecl thunk_FUN_10002f61(SIZE_T param_1)
1000122b	thunk_FUN_100049f6	thunk_FUN_100049f6	Global	DEFAULT	ANALYSIS	__cdecl	undefined	4	true	FUN_100049f6	false	1000122b-1000122f	\N	\N	undefined __cdecl thunk_FUN_100049f6(int param_1, float param_2, float param_3, undefined1 param_4)
10001230	thunk_FUN_10001d36	thunk_FUN_10001d36	Global	DEFAULT	ANALYSIS	__cdecl	uint	3	true	FUN_10001d36	false	10001230-10001234	\N	\N	uint __cdecl thunk_FUN_10001d36(int * param_1, int param_2, int param_3)
10001235	thunk_FUN_10009355	thunk_FUN_10009355	Global	DEFAULT	ANALYSIS	__fastcall	undefined	1	true	FUN_10009355	false	10001235-10001239	\N	\N	undefined __fastcall thunk_FUN_10009355(int param_1)
1000123a	thunk_FUN_10009245	thunk_FUN_10009245	Global	DEFAULT	ANALYSIS	__thiscall	undefined	3	true	FUN_10009245	false	1000123a-1000123e	\N	\N	undefined __thiscall thunk_FUN_10009245(int param_1, int param_2)
10001244	thunk_FUN_1000c8d0	thunk_FUN_1000c8d0	Global	DEFAULT	ANALYSIS	__cdecl	undefined	3	true	FUN_1000c8d0	false	10001244-10001248	\N	\N	undefined __cdecl thunk_FUN_1000c8d0(float * param_1, int param_2, int param_3)
10001249	thunk_FUN_10008701	thunk_FUN_10008701	Global	DEFAULT	ANALYSIS	__thiscall	uint	2	true	FUN_10008701	false	10001249-1000124d	\N	\N	uint __thiscall thunk_FUN_10008701(int param_1)
1000124e	Tex_DownloadMipMap	Tex_DownloadMipMap	Global	DEFAULT	ANALYSIS	__thiscall	undefined4	4	true	Tex_DownloadMipMap	false	1000124e-10001252	\N	\N	undefined4 __thiscall Tex_DownloadMipMap(int * param_1, int param_2, undefined4 param_3)
10001258	thunk_FUN_1000246b	thunk_FUN_1000246b	Global	DEFAULT	ANALYSIS	__stdcall	undefined	0	true	FUN_1000246b	false	10001258-1000125c	\N	\N	undefined __stdcall thunk_FUN_1000246b(void)
1000125d	thunk_FUN_10002f7b	thunk_FUN_10002f7b	Global	DEFAULT	ANALYSIS	__cdecl	undefined	1	true	FUN_10002f7b	false	1000125d-10001261	\N	\N	undefined __cdecl thunk_FUN_10002f7b(HGLOBAL param_1)
10001262	thunk_FUN_10002168	thunk_FUN_10002168	Global	DEFAULT	ANALYSIS	__cdecl	undefined	4	true	FUN_10002168	false	10001262-10001266	\N	\N	undefined __cdecl thunk_FUN_10002168(int param_1, int param_2, int param_3, undefined4 * param_4)
10001267	thunk_FUN_1000d020	thunk_FUN_1000d020	Global	DEFAULT	ANALYSIS	__cdecl	undefined	1	true	FUN_1000d020	false	10001267-1000126b	\N	\N	undefined __cdecl thunk_FUN_1000d020(undefined4 * param_1)
1000126c	thunk_FUN_1000d050	thunk_FUN_1000d050	Global	DEFAULT	ANALYSIS	__thiscall	undefined	2	true	FUN_1000d050	false	1000126c-10001270	\N	\N	undefined __thiscall thunk_FUN_1000d050(undefined4 * param_1)
10001271	thunk_FUN_10009469	thunk_FUN_10009469	Global	DEFAULT	ANALYSIS	__thiscall	undefined	2	true	FUN_10009469	false	10001271-10001275	\N	\N	undefined __thiscall thunk_FUN_10009469(int param_1)
10001276	thunk_FUN_1000c260	thunk_FUN_1000c260	Global	DEFAULT	ANALYSIS	__cdecl	int	2	true	FUN_1000c260	false	10001276-1000127a	\N	\N	int __cdecl thunk_FUN_1000c260(int param_1, int param_2)
1000127b	thunk_FUN_10008f76	thunk_FUN_10008f76	Global	DEFAULT	ANALYSIS	__fastcall	undefined	1	true	FUN_10008f76	false	1000127b-1000127f	\N	\N	undefined __fastcall thunk_FUN_10008f76(int param_1)
10001280	thunk_FUN_1000cde0	thunk_FUN_1000cde0	Global	DEFAULT	ANALYSIS	__fastcall	undefined4	1	true	FUN_1000cde0	false	10001280-10001284	\N	\N	undefined4 __fastcall thunk_FUN_1000cde0(undefined4 param_1)
10001285	thunk_FUN_10001976	thunk_FUN_10001976	Global	DEFAULT	ANALYSIS	__thiscall	undefined	5	true	FUN_10001976	false	10001285-10001289	\N	\N	undefined __thiscall thunk_FUN_10001976(int * param_1, float * param_2, undefined1 * param_3, float param_4)
1000128a	Render_DrawClippedLine	Render_DrawClippedLine	Global	DEFAULT	ANALYSIS	__cdecl	undefined	6	true	Render_DrawClippedLine	false	1000128a-1000128e	\N	\N	undefined __cdecl Render_DrawClippedLine(int * param_1, int param_2, int param_3, int param_4, int param_5, undefined1 param_6)
1000128f	thunk_FUN_1000d2f0	thunk_FUN_1000d2f0	Global	DEFAULT	ANALYSIS	__fastcall	int	1	true	FUN_1000d2f0	false	1000128f-10001293	\N	\N	int __fastcall thunk_FUN_1000d2f0(int param_1)
10001294	thunk_FUN_100031eb	thunk_FUN_100031eb	Global	DEFAULT	ANALYSIS	__stdcall	undefined	0	true	FUN_100031eb	false	10001294-10001298	\N	\N	undefined __stdcall thunk_FUN_100031eb(void)
10001299	Render_DrawTexturedTriangle	Render_DrawTexturedTriangle	Global	DEFAULT	ANALYSIS	__cdecl	int	5	true	Render_DrawTexturedTriangle	false	10001299-1000129d	\N	\N	int __cdecl Render_DrawTexturedTriangle(int * param_1, float * param_2, int param_3, uint param_4, int param_5)
1000129e	thunk_FUN_10008226	thunk_FUN_10008226	Global	DEFAULT	ANALYSIS	__stdcall	undefined	0	true	FUN_10008226	false	1000129e-100012a2	\N	\N	undefined __stdcall thunk_FUN_10008226(void)
100012a8	thunk_FUN_1000c840	thunk_FUN_1000c840	Global	DEFAULT	ANALYSIS	__thiscall	undefined	4	true	FUN_1000c840	false	100012a8-100012ac	\N	\N	undefined __thiscall thunk_FUN_1000c840(int param_1, undefined4 param_2, int param_3)
100012b2	Glide_RestoreRenderStateSlot	Glide_RestoreRenderStateSlot	Global	DEFAULT	ANALYSIS	__cdecl	undefined	1	true	Glide_RestoreRenderStateSlot	false	100012b2-100012b6	\N	\N	undefined __cdecl Glide_RestoreRenderStateSlot(int param_1)
100012b7	thunk_FUN_1000c660	thunk_FUN_1000c660	Global	DEFAULT	ANALYSIS	__cdecl	int	5	true	FUN_1000c660	false	100012b7-100012bb	\N	\N	int __cdecl thunk_FUN_1000c660(undefined4 * param_1, int param_2, int param_3, int param_4, int param_5)
100012d5	thunk_FUN_100023ba	thunk_FUN_100023ba	Global	DEFAULT	ANALYSIS	__stdcall	undefined	0	true	FUN_100023ba	false	100012d5-100012d9	\N	\N	undefined __stdcall thunk_FUN_100023ba(void)
100012da	thunk_FUN_1000d170	thunk_FUN_1000d170	Global	DEFAULT	ANALYSIS	__cdecl	uint	1	true	FUN_1000d170	false	100012da-100012de	\N	\N	uint __cdecl thunk_FUN_1000d170(int param_1)
100012df	thunk_FUN_1000caf0	thunk_FUN_1000caf0	Global	DEFAULT	ANALYSIS	__stdcall	undefined	0	true	FUN_1000caf0	false	100012df-100012e3	\N	\N	undefined __stdcall thunk_FUN_1000caf0(void)
100012e4	thunk_FUN_1000c2e0	thunk_FUN_1000c2e0	Global	DEFAULT	ANALYSIS	__stdcall	undefined	0	true	FUN_1000c2e0	false	100012e4-100012e8	\N	\N	undefined __stdcall thunk_FUN_1000c2e0(void)
100012f3	thunk_FUN_10002e89	thunk_FUN_10002e89	Global	DEFAULT	ANALYSIS	__cdecl	undefined4	1	true	FUN_10002e89	false	100012f3-100012f7	\N	\N	undefined4 __cdecl thunk_FUN_10002e89(int param_1)
100012f8	thunk_FUN_1000c920	thunk_FUN_1000c920	Global	DEFAULT	ANALYSIS	__cdecl	undefined	1	true	FUN_1000c920	false	100012f8-100012fc	\N	\N	undefined __cdecl thunk_FUN_1000c920(float param_1)
100012fd	thunk_FUN_100098fe	thunk_FUN_100098fe	Global	DEFAULT	ANALYSIS	__thiscall	undefined	2	true	FUN_100098fe	false	100012fd-10001301	\N	\N	undefined __thiscall thunk_FUN_100098fe(undefined4 param_1)
10001307	thunk_FUN_1000c4d0	thunk_FUN_1000c4d0	Global	DEFAULT	ANALYSIS	__cdecl	undefined	3	true	FUN_1000c4d0	false	10001307-1000130b	\N	\N	undefined __cdecl thunk_FUN_1000c4d0(int param_1, float * param_2, undefined1 param_3)
1000130c	thunk_FUN_10004ec3	thunk_FUN_10004ec3	Global	DEFAULT	ANALYSIS	__cdecl	undefined	6	true	FUN_10004ec3	false	1000130c-10001310	\N	\N	undefined __cdecl thunk_FUN_10004ec3(int param_1, int param_2, int param_3, int param_4, int param_5, float param_6)
10001311	thunk_FUN_1000c300	thunk_FUN_1000c300	Global	DEFAULT	ANALYSIS	__cdecl	int	1	true	FUN_1000c300	false	10001311-10001315	\N	\N	int __cdecl thunk_FUN_1000c300(int param_1)
10001316	thunk_FUN_1000d1f0	thunk_FUN_1000d1f0	Global	DEFAULT	ANALYSIS	__thiscall	undefined4	2	true	FUN_1000d1f0	false	10001316-1000131a	\N	\N	undefined4 __thiscall thunk_FUN_1000d1f0(uint param_1)
1000131b	thunk_FUN_100031b4	thunk_FUN_100031b4	Global	DEFAULT	ANALYSIS	__cdecl	undefined	3	true	FUN_100031b4	false	1000131b-1000131f	\N	\N	undefined __cdecl thunk_FUN_100031b4(int * param_1, int param_2, int param_3)
10001320	thunk_FUN_100077cd	thunk_FUN_100077cd	Global	DEFAULT	ANALYSIS	__cdecl	undefined	2	true	FUN_100077cd	false	10001320-10001324	\N	\N	undefined __cdecl thunk_FUN_100077cd(undefined4 param_1, undefined4 * param_2)
10001325	thunk_FUN_1000828b	thunk_FUN_1000828b	Global	DEFAULT	ANALYSIS	__thiscall	undefined	3	true	FUN_1000828b	false	10001325-10001329	\N	\N	undefined __thiscall thunk_FUN_1000828b(int param_1, int param_2)
1000132a	thunk_FUN_10002eb3	thunk_FUN_10002eb3	Global	DEFAULT	ANALYSIS	__cdecl	undefined	1	true	FUN_10002eb3	false	1000132a-1000132e	\N	\N	undefined __cdecl thunk_FUN_10002eb3(int param_1)
10001334	thunk_FUN_10001ff0	thunk_FUN_10001ff0	Global	DEFAULT	ANALYSIS	__cdecl	undefined	1	true	FUN_10001ff0	false	10001334-10001338	\N	\N	undefined __cdecl thunk_FUN_10001ff0(undefined4 param_1)
10001343	thunk_FUN_1000851b	thunk_FUN_1000851b	Global	DEFAULT	ANALYSIS	__thiscall	undefined4	3	true	FUN_1000851b	false	10001343-10001347	\N	\N	undefined4 __thiscall thunk_FUN_1000851b(void * param_1, int param_2)
10001348	thunk_FUN_1000926d	thunk_FUN_1000926d	Global	DEFAULT	ANALYSIS	__fastcall	void *	1	true	FUN_1000926d	false	10001348-1000134c	\N	\N	void * __fastcall thunk_FUN_1000926d(void * param_1)
1000134d	thunk_FUN_10002138	thunk_FUN_10002138	Global	DEFAULT	ANALYSIS	__stdcall	undefined	0	true	FUN_10002138	false	1000134d-10001351	\N	\N	undefined __stdcall thunk_FUN_10002138(void)
10001352	thunk_FUN_1000c380	thunk_FUN_1000c380	Global	DEFAULT	ANALYSIS	__stdcall	undefined	0	true	FUN_1000c380	false	10001352-10001356	\N	\N	undefined __stdcall thunk_FUN_1000c380(void)
1000135c	thunk_FUN_100085fd	thunk_FUN_100085fd	Global	DEFAULT	ANALYSIS	__thiscall	undefined4	3	true	FUN_100085fd	false	1000135c-10001360	\N	\N	undefined4 __thiscall thunk_FUN_100085fd(void * param_1, int param_2)
10001361	Tex_EnsureTileResident	Tex_EnsureTileResident	Global	DEFAULT	ANALYSIS	__thiscall	undefined4	4	true	Tex_EnsureTileResident	false	10001361-10001365	\N	\N	undefined4 __thiscall Tex_EnsureTileResident(int param_1, int param_2, int param_3)
10001366	thunk_FUN_1000d140	thunk_FUN_1000d140	Global	DEFAULT	ANALYSIS	__thiscall	int	2	true	FUN_1000d140	false	10001366-1000136a	\N	\N	int __thiscall thunk_FUN_1000d140(int param_1)
1000136b	thunk_FUN_100089e1	thunk_FUN_100089e1	Global	DEFAULT	ANALYSIS	__fastcall	undefined	1	true	FUN_100089e1	false	1000136b-1000136f	\N	\N	undefined __fastcall thunk_FUN_100089e1(void * param_1)
10001370	thunk_FUN_100093a1	thunk_FUN_100093a1	Global	DEFAULT	ANALYSIS	__fastcall	undefined	1	true	FUN_100093a1	false	10001370-10001374	\N	\N	undefined __fastcall thunk_FUN_100093a1(int param_1)
10001375	thunk_FUN_10009f43	thunk_FUN_10009f43	Global	DEFAULT	ANALYSIS	__cdecl	undefined	5	true	FUN_10009f43	false	10001375-10001379	\N	\N	undefined __cdecl thunk_FUN_10009f43(int param_1, int param_2, int param_3, int * param_4, int * param_5)
1000137a	thunk_FUN_1000c110	thunk_FUN_1000c110	Global	DEFAULT	ANALYSIS	__cdecl	undefined	1	true	FUN_1000c110	false	1000137a-1000137e	\N	\N	undefined __cdecl thunk_FUN_1000c110(int param_1)
1000137f	thunk_FUN_1000309d	thunk_FUN_1000309d	Global	DEFAULT	ANALYSIS	__cdecl	typedef HGLOBAL HANDLE	1	true	FUN_1000309d	false	1000137f-10001383	\N	\N	HGLOBAL __cdecl thunk_FUN_1000309d(int * param_1)
10001384	thunk_FUN_10002412	thunk_FUN_10002412	Global	DEFAULT	ANALYSIS	__stdcall	undefined	0	true	FUN_10002412	false	10001384-10001388	\N	\N	undefined __stdcall thunk_FUN_10002412(void)
10001389	thunk_FUN_1000180a	thunk_FUN_1000180a	Global	DEFAULT	ANALYSIS	__cdecl	undefined4	11	true	FUN_1000180a	false	10001389-1000138d	\N	\N	undefined4 __cdecl thunk_FUN_1000180a(int param_1, int param_2, int param_3, int param_4, int param_5, int * param_6, int * param_7, int * param_8, int * param_9, int * param_10, int * param_11)
10001398	thunk_FUN_10008b51	thunk_FUN_10008b51	Global	DEFAULT	ANALYSIS	__thiscall	undefined4	2	true	FUN_10008b51	false	10001398-1000139c	\N	\N	undefined4 __thiscall thunk_FUN_10008b51(int param_1)
1000139d	thunk_FUN_1000c890	thunk_FUN_1000c890	Global	DEFAULT	ANALYSIS	__cdecl	undefined	2	true	FUN_1000c890	false	1000139d-100013a1	\N	\N	undefined __cdecl thunk_FUN_1000c890(int param_1, undefined4 param_2)
100013ac	thunk_FUN_10005114	thunk_FUN_10005114	Global	DEFAULT	ANALYSIS	__stdcall	undefined	0	true	FUN_10005114	false	100013ac-100013b0	\N	\N	undefined __stdcall thunk_FUN_10005114(void)
100013b1	thunk_FUN_1000ccc0	thunk_FUN_1000ccc0	Global	DEFAULT	ANALYSIS	__cdecl	float10	2	true	FUN_1000ccc0	false	100013b1-100013b5	\N	\N	float10 __cdecl thunk_FUN_1000ccc0(float param_1, float param_2)
100013b6	Tex_InitTmuArenaManager	Tex_InitTmuArenaManager	Global	DEFAULT	ANALYSIS	__thiscall	undefined	3	true	Tex_InitTmuArenaManager	false	100013b6-100013ba	\N	\N	undefined __thiscall Tex_InitTmuArenaManager(undefined4 param_1, int param_2)
100013bb	process_exit	process_exit	Global	IMPORTED	ANALYSIS	__stdcall	undefined	0	true	Glide_ProcessExitImpl	false	100013bb-100013bf	Runs one-time Glide process shutdown and logs the renderer exit path.	\N	undefined __stdcall process_exit(void)
100013c0	thunk_FUN_1000cf30	thunk_FUN_1000cf30	Global	DEFAULT	ANALYSIS	__stdcall	undefined4 *	0	true	FUN_1000cf30	false	100013c0-100013c4	\N	\N	undefined4 * __stdcall thunk_FUN_1000cf30(void)
10001790	FUN_10001790	FUN_10001790	Global	DEFAULT	ANALYSIS	__cdecl	uint	4	false	\N	false	10001790-10001809	\N	\N	uint __cdecl FUN_10001790(uint * param_1, uint * param_2, uint param_3, uint param_4)
1000180a	FUN_1000180a	FUN_1000180a	Global	DEFAULT	ANALYSIS	__cdecl	undefined4	11	false	\N	false	1000180a-10001975	\N	\N	undefined4 __cdecl FUN_1000180a(int param_1, int param_2, int param_3, int param_4, int param_5, int * param_6, int * param_7, int * param_8, int * param_9, int * param_10, int * param_11)
10001976	FUN_10001976	FUN_10001976	Global	DEFAULT	ANALYSIS	__thiscall	undefined	5	false	\N	false	10001976-10001d35	\N	\N	undefined __thiscall FUN_10001976(int * param_1, float * param_2, undefined1 * param_3, float param_4)
10001d36	FUN_10001d36	FUN_10001d36	Global	DEFAULT	ANALYSIS	__cdecl	uint	3	false	\N	false	10001d36-10001e20	\N	\N	uint __cdecl FUN_10001d36(int * param_1, int param_2, int param_3)
10001e21	FUN_10001e21	FUN_10001e21	Global	DEFAULT	ANALYSIS	__stdcall	undefined	0	false	\N	false	10001e21-10001e2a	\N	\N	undefined __stdcall FUN_10001e21(void)
10001e2b	FUN_10001e2b	FUN_10001e2b	Global	DEFAULT	ANALYSIS	__stdcall	undefined	0	false	\N	false	10001e2b-10001e41	\N	\N	undefined __stdcall FUN_10001e2b(void)
10001ff0	FUN_10001ff0	FUN_10001ff0	Global	DEFAULT	ANALYSIS	__cdecl	undefined	1	false	\N	false	10001ff0-10002007	\N	\N	undefined __cdecl FUN_10001ff0(undefined4 param_1)
10002008	FUN_10002008	FUN_10002008	Global	DEFAULT	ANALYSIS	__cdecl	undefined	1	false	\N	false	10002008-1000201f	\N	\N	undefined __cdecl FUN_10002008(undefined4 param_1)
10002020	FUN_10002020	FUN_10002020	Global	DEFAULT	ANALYSIS	__stdcall	undefined	0	false	\N	false	10002020-10002041	\N	\N	undefined __stdcall FUN_10002020(void)
10002042	FUN_10002042	FUN_10002042	Global	DEFAULT	ANALYSIS	__cdecl	int	1	false	\N	false	10002042-100020af	\N	\N	int __cdecl FUN_10002042(int param_1)
100020b0	Glide_SetClipWindow	Glide_SetClipWindow	Global	USER_DEFINED	ANALYSIS	__cdecl	undefined	4	false	\N	false	100020b0-10002137	Applies the active clipping rectangle, directly corresponding to glViewport/scissor-style behavior.	\N	undefined __cdecl Glide_SetClipWindow(int param_1, int param_2, int param_3, int param_4)
10002138	FUN_10002138	FUN_10002138	Global	DEFAULT	ANALYSIS	__stdcall	undefined	0	false	\N	false	10002138-10002167	\N	\N	undefined __stdcall FUN_10002138(void)
10002168	FUN_10002168	FUN_10002168	Global	DEFAULT	ANALYSIS	__cdecl	undefined	4	false	\N	false	10002168-10002216	\N	\N	undefined __cdecl FUN_10002168(int param_1, int param_2, int param_3, undefined4 * param_4)
10002217	Glide_RestoreRenderStateSlot	Glide_RestoreRenderStateSlot	Global	USER_DEFINED	ANALYSIS	__cdecl	undefined	1	false	\N	false	10002217-10002272	Restores one of the precomputed render-state blocks by index.	\N	undefined __cdecl Glide_RestoreRenderStateSlot(int param_1)
10002273	FUN_10002273	FUN_10002273	Global	DEFAULT	ANALYSIS	__stdcall	undefined	0	false	\N	false	10002273-100023b9	\N	\N	undefined __stdcall FUN_10002273(void)
100023ba	FUN_100023ba	FUN_100023ba	Global	DEFAULT	ANALYSIS	__stdcall	undefined	0	false	\N	false	100023ba-10002411	\N	\N	undefined __stdcall FUN_100023ba(void)
10002412	FUN_10002412	FUN_10002412	Global	DEFAULT	ANALYSIS	__stdcall	undefined	0	false	\N	false	10002412-1000246a	\N	\N	undefined __stdcall FUN_10002412(void)
1000246b	FUN_1000246b	FUN_1000246b	Global	DEFAULT	ANALYSIS	__stdcall	undefined	0	false	\N	false	1000246b-10002474	\N	\N	undefined __stdcall FUN_1000246b(void)
10002475	FUN_10002475	FUN_10002475	Global	DEFAULT	ANALYSIS	__stdcall	undefined	0	false	\N	false	10002475-10002527	\N	\N	undefined __stdcall FUN_10002475(void)
10002528	FUN_10002528	FUN_10002528	Global	DEFAULT	ANALYSIS	__stdcall	undefined	0	false	\N	false	10002528-1000255f	\N	\N	undefined __stdcall FUN_10002528(void)
10002560	Glide_InitRenderStates	Glide_InitRenderStates	Global	USER_DEFINED	ANALYSIS	__stdcall	undefined	0	false	\N	false	10002560-10002cd3	Builds the renderer's saved Glide state table for opaque, blended, textured, fogged, chromakey, and multitexture modes.	\N	undefined __stdcall Glide_InitRenderStates(void)
10002cd4	FUN_10002cd4	FUN_10002cd4	Global	DEFAULT	ANALYSIS	__cdecl	undefined	2	false	\N	false	10002cd4-10002dd2	\N	\N	undefined __cdecl FUN_10002cd4(int param_1, uint param_2)
10002dd3	FUN_10002dd3	FUN_10002dd3	Global	DEFAULT	ANALYSIS	__cdecl	undefined	2	false	\N	false	10002dd3-10002df9	\N	\N	undefined __cdecl FUN_10002dd3(undefined4 param_1, uint param_2)
10002dfa	FUN_10002dfa	FUN_10002dfa	Global	DEFAULT	ANALYSIS	__cdecl	int	4	false	\N	false	10002dfa-10002e88	\N	\N	int __cdecl FUN_10002dfa(int * param_1, int param_2, int param_3, int param_4)
10002e89	FUN_10002e89	FUN_10002e89	Global	DEFAULT	ANALYSIS	__cdecl	undefined4	1	false	\N	false	10002e89-10002eb2	\N	\N	undefined4 __cdecl FUN_10002e89(int param_1)
10002eb3	FUN_10002eb3	FUN_10002eb3	Global	DEFAULT	ANALYSIS	__cdecl	undefined	1	false	\N	false	10002eb3-10002f60	\N	\N	undefined __cdecl FUN_10002eb3(int param_1)
10002f61	FUN_10002f61	FUN_10002f61	Global	DEFAULT	ANALYSIS	__cdecl	typedef HGLOBAL HANDLE	1	false	\N	false	10002f61-10002f7a	\N	\N	HGLOBAL __cdecl FUN_10002f61(SIZE_T param_1)
10002f7b	FUN_10002f7b	FUN_10002f7b	Global	DEFAULT	ANALYSIS	__cdecl	undefined	1	false	\N	false	10002f7b-10002f89	\N	\N	undefined __cdecl FUN_10002f7b(HGLOBAL param_1)
10002f8a	FUN_10002f8a	FUN_10002f8a	Global	DEFAULT	ANALYSIS	__cdecl	undefined4 *	3	false	\N	false	10002f8a-1000309c	\N	\N	undefined4 * __cdecl FUN_10002f8a(int * param_1, int param_2, int param_3)
1000309d	FUN_1000309d	FUN_1000309d	Global	DEFAULT	ANALYSIS	__cdecl	typedef HGLOBAL HANDLE	1	false	\N	false	1000309d-100031b3	\N	\N	HGLOBAL __cdecl FUN_1000309d(int * param_1)
100031b4	FUN_100031b4	FUN_100031b4	Global	DEFAULT	ANALYSIS	__cdecl	undefined	3	false	\N	false	100031b4-100031ea	\N	\N	undefined __cdecl FUN_100031b4(int * param_1, int param_2, int param_3)
100031eb	FUN_100031eb	FUN_100031eb	Global	DEFAULT	ANALYSIS	__stdcall	undefined	0	false	\N	false	100031eb-10003262	\N	\N	undefined __stdcall FUN_100031eb(void)
10003263	FUN_10003263	FUN_10003263	Global	DEFAULT	ANALYSIS	__cdecl	undefined	3	false	\N	false	10003263-100032e4	\N	\N	undefined __cdecl FUN_10003263(int param_1, int param_2, int param_3)
100032e5	FUN_100032e5	FUN_100032e5	Global	DEFAULT	ANALYSIS	__cdecl	undefined	1	false	\N	false	100032e5-10003314	\N	\N	undefined __cdecl FUN_100032e5(int param_1)
10003315	FUN_10003315	FUN_10003315	Global	DEFAULT	ANALYSIS	__stdcall	undefined4	0	false	\N	false	10003315-1000331e	\N	\N	undefined4 __stdcall FUN_10003315(void)
1000331f	FUN_1000331f	FUN_1000331f	Global	DEFAULT	ANALYSIS	__cdecl	undefined	1	false	\N	false	1000331f-10003342	\N	\N	undefined __cdecl FUN_1000331f(undefined4 param_1)
10003343	FUN_10003343	FUN_10003343	Global	DEFAULT	ANALYSIS	__stdcall	undefined	0	false	\N	false	10003343-10003347	\N	\N	undefined __stdcall FUN_10003343(void)
10003348	FUN_10003348	FUN_10003348	Global	DEFAULT	ANALYSIS	__cdecl	char *	1	false	\N	false	10003348-1000336b	\N	\N	char * __cdecl FUN_10003348(int param_1)
1000336c	Glide_DrawTextureTiled	Glide_DrawTextureTiled	Global	USER_DEFINED	ANALYSIS	__cdecl	undefined4	5	false	\N	false	1000336c-100034d6	Draws a texture region through Glide, splitting non-special textures into mip-sized tiles after checking that rendering is enabled.	\N	undefined4 __cdecl Glide_DrawTextureTiled(int param_1, int param_2, int param_3, int param_4, float param_5)
100034d7	FUN_100034d7	FUN_100034d7	Global	DEFAULT	ANALYSIS	__cdecl	undefined4	4	false	\N	false	100034d7-100035f8	\N	\N	undefined4 __cdecl FUN_100034d7(int param_1, int param_2, int param_3, int param_4)
100035f9	FUN_100035f9	FUN_100035f9	Global	DEFAULT	ANALYSIS	__cdecl	float10	1	false	\N	false	100035f9-10003697	\N	\N	float10 __cdecl FUN_100035f9(float param_1)
10003698	FUN_10003698	FUN_10003698	Global	DEFAULT	ANALYSIS	__stdcall	undefined	0	false	\N	false	10003698-100036f1	\N	\N	undefined __stdcall FUN_10003698(void)
100036f2	WinsysGlide_OpenGlideWindow	WinsysGlide_OpenGlideWindow	Global	USER_DEFINED	ANALYSIS	__stdcall	undefined	0	false	\N	false	100036f2-100037c5	Selects SST 0, opens the Glide fullscreen/window context, and initializes render state.	\N	undefined __stdcall WinsysGlide_OpenGlideWindow(void)
100037c6	FUN_100037c6	FUN_100037c6	Global	DEFAULT	ANALYSIS	__cdecl	undefined	2	false	\N	false	100037c6-1000388a	\N	\N	undefined __cdecl FUN_100037c6(int * param_1, int param_2)
1000388b	FUN_1000388b	FUN_1000388b	Global	DEFAULT	ANALYSIS	__cdecl	undefined	2	false	\N	false	1000388b-100038ef	\N	\N	undefined __cdecl FUN_1000388b(int * param_1, int param_2)
100038f0	FUN_100038f0	FUN_100038f0	Global	DEFAULT	ANALYSIS	__cdecl	undefined	1	false	\N	false	100038f0-1000393e	\N	\N	undefined __cdecl FUN_100038f0(int param_1)
1000393f	FUN_1000393f	FUN_1000393f	Global	DEFAULT	ANALYSIS	__cdecl	undefined	5	false	\N	false	1000393f-100039a6	\N	\N	undefined __cdecl FUN_1000393f(undefined4 * param_1, undefined4 * param_2, undefined4 * param_3, undefined4 * param_4, undefined4 * param_5)
100039a7	WinsysGlide_ClearFrame	WinsysGlide_ClearFrame	Global	USER_DEFINED	ANALYSIS	__stdcall	undefined	0	false	\N	false	100039a7-10003a2f	Resets render state and clears color/depth at frame start.	\N	undefined __stdcall WinsysGlide_ClearFrame(void)
10003a30	WinsysGlide_PresentFrame	WinsysGlide_PresentFrame	Global	USER_DEFINED	ANALYSIS	__cdecl	undefined	1	false	\N	false	10003a30-10003ab0	Presents the back buffer and idles Glide, mapping to buffer swap in an OpenGL replacement.	\N	undefined __cdecl WinsysGlide_PresentFrame(char param_1)
10003ab1	FUN_10003ab1	FUN_10003ab1	Global	DEFAULT	ANALYSIS	__cdecl	undefined	2	false	\N	false	10003ab1-10003add	\N	\N	undefined __cdecl FUN_10003ab1(undefined4 * param_1, undefined4 * param_2)
10003ade	FUN_10003ade	FUN_10003ade	Global	DEFAULT	ANALYSIS	__cdecl	undefined	1	false	\N	false	10003ade-10003b02	\N	\N	undefined __cdecl FUN_10003ade(int param_1)
10003b03	FUN_10003b03	FUN_10003b03	Global	DEFAULT	ANALYSIS	__cdecl	undefined	1	false	\N	false	10003b03-10003b21	\N	\N	undefined __cdecl FUN_10003b03(undefined1 param_1)
10003b22	FUN_10003b22	FUN_10003b22	Global	DEFAULT	ANALYSIS	__stdcall	undefined4	0	false	\N	false	10003b22-10003b3d	\N	\N	undefined4 __stdcall FUN_10003b22(void)
10003b3e	FUN_10003b3e	FUN_10003b3e	Global	DEFAULT	ANALYSIS	__stdcall	undefined	0	false	\N	false	10003b3e-10003b42	\N	\N	undefined __stdcall FUN_10003b3e(void)
10003b43	WinsysGlide_SetRenderEnabled	WinsysGlide_SetRenderEnabled	Global	USER_DEFINED	ANALYSIS	__cdecl	undefined	1	false	\N	false	10003b43-10003c2b	Toggles active rendering, opening/showing or closing/hiding the Glide window and maintaining should_render state.	\N	undefined __cdecl WinsysGlide_SetRenderEnabled(char param_1)
10003c2c	FUN_10003c2c	FUN_10003c2c	Global	DEFAULT	ANALYSIS	__stdcall	undefined	0	false	\N	false	10003c2c-10003c69	\N	\N	undefined __stdcall FUN_10003c2c(void)
10003c6a	FUN_10003c6a	FUN_10003c6a	Global	DEFAULT	ANALYSIS	__stdcall	undefined	0	false	\N	false	10003c6a-10003c9e	\N	\N	undefined __stdcall FUN_10003c6a(void)
10003c9f	WinsysGlide_ShutdownRendererWindow	WinsysGlide_ShutdownRendererWindow	Global	USER_DEFINED	ANALYSIS	__stdcall	undefined	0	false	\N	false	10003c9f-10003d68	Closes Glide/window resources and disables rendering flags.	\N	undefined __stdcall WinsysGlide_ShutdownRendererWindow(void)
10003d69	FUN_10003d69	FUN_10003d69	Global	DEFAULT	ANALYSIS	__stdcall	undefined	0	false	\N	false	10003d69-10003d6d	\N	\N	undefined __stdcall FUN_10003d69(void)
10003d6e	WinsysGlide_ClearBackBufferColor	WinsysGlide_ClearBackBufferColor	Global	USER_DEFINED	ANALYSIS	__cdecl	undefined	2	false	\N	false	10003d6e-10003ddf	Clears the render buffer to a palette-derived color and max depth.	\N	undefined __cdecl WinsysGlide_ClearBackBufferColor(int param_1, uint param_2)
10003de0	FUN_10003de0	FUN_10003de0	Global	DEFAULT	ANALYSIS	__cdecl	undefined	3	false	\N	false	10003de0-10003e6a	\N	\N	undefined __cdecl FUN_10003de0(int param_1, uint param_2, float param_3)
10003e6b	Render_FillRectSolid	Render_FillRectSolid	Global	USER_DEFINED	ANALYSIS	__cdecl	undefined	6	false	\N	false	10003e6b-100040cc	Draws a solid screen-space rectangle as two Glide triangles.	\N	undefined __cdecl Render_FillRectSolid(int param_1, uint param_2, uint param_3, uint param_4, uint param_5, undefined1 param_6)
100040cd	FUN_100040cd	FUN_100040cd	Global	DEFAULT	ANALYSIS	__cdecl	undefined	4	false	\N	false	100040cd-1000414b	\N	\N	undefined __cdecl FUN_100040cd(uint param_1, float * param_2, float * param_3, float * param_4)
1000414c	FUN_1000414c	FUN_1000414c	Global	DEFAULT	ANALYSIS	__cdecl	undefined	1	false	\N	false	1000414c-1000419e	\N	\N	undefined __cdecl FUN_1000414c(float param_1)
1000419f	Render_DrawClippedLine	Render_DrawClippedLine	Global	USER_DEFINED	ANALYSIS	__cdecl	undefined	6	false	\N	false	1000419f-1000444a	Clips a line segment against the current viewport before issuing the line draw.	\N	undefined __cdecl Render_DrawClippedLine(int * param_1, int param_2, int param_3, int param_4, int param_5, undefined1 param_6)
1000444b	FUN_1000444b	FUN_1000444b	Global	DEFAULT	ANALYSIS	__cdecl	undefined	7	false	\N	false	1000444b-100045cb	\N	\N	undefined __cdecl FUN_1000444b(int param_1, char param_2, int param_3, int param_4, int param_5, int param_6, undefined1 param_7)
100045cc	FUN_100045cc	FUN_100045cc	Global	DEFAULT	ANALYSIS	__stdcall	undefined	0	false	\N	false	100045cc-100045d5	\N	\N	undefined __stdcall FUN_100045cc(void)
100045d6	FUN_100045d6	FUN_100045d6	Global	DEFAULT	ANALYSIS	__stdcall	undefined	0	false	\N	false	100045d6-100045ec	\N	\N	undefined __stdcall FUN_100045d6(void)
100045ed	FUN_100045ed	FUN_100045ed	Global	DEFAULT	ANALYSIS	__cdecl	undefined	6	false	\N	false	100045ed-1000469c	\N	\N	undefined __cdecl FUN_100045ed(int * param_1, int param_2, int param_3, int param_4, int param_5, undefined1 param_6)
1000469d	FUN_1000469d	FUN_1000469d	Global	DEFAULT	ANALYSIS	__cdecl	undefined	5	false	\N	false	1000469d-10004834	\N	\N	undefined __cdecl FUN_1000469d(int * param_1, undefined4 param_2, undefined4 param_3, float param_4, byte param_5)
10004835	FUN_10004835	FUN_10004835	Global	DEFAULT	ANALYSIS	__cdecl	undefined	7	false	\N	false	10004835-100049f5	\N	\N	undefined __cdecl FUN_10004835(int * param_1, int param_2, int param_3, int param_4, int param_5, uint param_6, char param_7)
100049f6	FUN_100049f6	FUN_100049f6	Global	DEFAULT	ANALYSIS	__cdecl	undefined	4	false	\N	false	100049f6-10004ad9	\N	\N	undefined __cdecl FUN_100049f6(int param_1, float param_2, float param_3, undefined1 param_4)
10004ada	FUN_10004ada	FUN_10004ada	Global	DEFAULT	ANALYSIS	__cdecl	undefined	3	false	\N	false	10004ada-10004b27	\N	\N	undefined __cdecl FUN_10004ada(int param_1, float * param_2, undefined1 param_3)
10004b28	Render_DrawTexturedQuad	Render_DrawTexturedQuad	Global	USER_DEFINED	ANALYSIS	__cdecl	undefined4	11	false	\N	false	10004b28-10004ec2	Draws a clipped textured tile quad using Glide polygon vertices.	\N	undefined4 __cdecl Render_DrawTexturedQuad(int param_1, int param_2, int param_3, int param_4, int param_5, int param_6, float param_7, int param_8, int param_9, int param_10, int param_11)
10004ec3	FUN_10004ec3	FUN_10004ec3	Global	DEFAULT	ANALYSIS	__cdecl	undefined	6	false	\N	false	10004ec3-10004f2a	\N	\N	undefined __cdecl FUN_10004ec3(int param_1, int param_2, int param_3, int param_4, int param_5, float param_6)
10004f2b	FUN_10004f2b	FUN_10004f2b	Global	DEFAULT	ANALYSIS	__stdcall	undefined	0	false	\N	false	10004f2b-100050fa	\N	\N	undefined __stdcall FUN_10004f2b(void)
100050fb	FUN_100050fb	FUN_100050fb	Global	DEFAULT	ANALYSIS	__stdcall	undefined	0	false	\N	false	100050fb-10005104	\N	\N	undefined __stdcall FUN_100050fb(void)
10005105	FUN_10005105	FUN_10005105	Global	DEFAULT	ANALYSIS	__stdcall	undefined	0	false	\N	false	10005105-10005113	\N	\N	undefined __stdcall FUN_10005105(void)
10005114	FUN_10005114	FUN_10005114	Global	DEFAULT	ANALYSIS	__stdcall	undefined	0	false	\N	false	10005114-1000515a	\N	\N	undefined __stdcall FUN_10005114(void)
1000515b	FUN_1000515b	FUN_1000515b	Global	DEFAULT	ANALYSIS	__stdcall	undefined	0	false	\N	false	1000515b-100051a7	\N	\N	undefined __stdcall FUN_1000515b(void)
100051a8	Render_DrawTexturedTriangle	Render_DrawTexturedTriangle	Global	USER_DEFINED	ANALYSIS	__cdecl	int	5	false	\N	false	100051a8-100055de	Converts three engine vertices/UVs into Glide vertices and draws one textured triangle.	\N	int __cdecl Render_DrawTexturedTriangle(int * param_1, float * param_2, int param_3, uint param_4, int param_5)
100055df	Render_DrawDualTextureTriangle	Render_DrawDualTextureTriangle	Global	USER_DEFINED	ANALYSIS	__cdecl	undefined4	7	false	\N	false	100055df-1000582b	Draws one triangle using two TMUs, useful for detail/lightmap replacement behavior.	\N	undefined4 __cdecl Render_DrawDualTextureTriangle(int param_1, int param_2, uint param_3, int param_4, int param_5, int param_6, int param_7)
1000582c	FUN_1000582c	FUN_1000582c	Global	DEFAULT	ANALYSIS	__cdecl	int	5	false	\N	false	1000582c-1000596c	\N	\N	int __cdecl FUN_1000582c(int * param_1, float * param_2, int param_3, uint param_4, uint param_5)
1000596d	Render_DrawTriangleBatch	Render_DrawTriangleBatch	Global	USER_DEFINED	ANALYSIS	__cdecl	undefined	2	false	\N	false	1000596d-10005c49	Submits a batch of triangle records, dispatching single-texture, dual-texture, or callback draw paths.	\N	undefined __cdecl Render_DrawTriangleBatch(undefined4 param_1, int param_2)
10005c4a	FUN_10005c4a	FUN_10005c4a	Global	DEFAULT	ANALYSIS	__cdecl	undefined	7	false	\N	false	10005c4a-10005df0	\N	\N	undefined __cdecl FUN_10005c4a(int param_1, int param_2, float param_3, int param_4, int param_5, char * param_6, int param_7)
10005df1	FUN_10005df1	FUN_10005df1	Global	DEFAULT	ANALYSIS	__cdecl	undefined	7	false	\N	false	10005df1-10005f4c	\N	\N	undefined __cdecl FUN_10005df1(int param_1, int param_2, int param_3, int param_4, char param_5, float param_6, int param_7)
10005f4d	FUN_10005f4d	FUN_10005f4d	Global	DEFAULT	ANALYSIS	__cdecl	undefined	7	false	\N	false	10005f4d-1000613a	\N	\N	undefined __cdecl FUN_10005f4d(int param_1, int param_2, int param_3, int param_4, uint param_5, char * param_6, int param_7)
1000613b	FUN_1000613b	FUN_1000613b	Global	DEFAULT	ANALYSIS	__cdecl	undefined	6	false	\N	false	1000613b-100063c6	\N	\N	undefined __cdecl FUN_1000613b(int param_1, uint param_2, uint param_3, uint param_4, uint param_5, float param_6)
100063c7	FUN_100063c7	FUN_100063c7	Global	DEFAULT	ANALYSIS	__cdecl	undefined	10	false	\N	false	100063c7-100065be	\N	\N	undefined __cdecl FUN_100063c7(float * param_1, float param_2, float param_3, float param_4, float param_5, float param_6, float * param_7, float * param_8, float * param_9, float * param_10)
100065bf	FUN_100065bf	FUN_100065bf	Global	DEFAULT	ANALYSIS	__cdecl	undefined	3	false	\N	false	100065bf-10006a87	\N	\N	undefined __cdecl FUN_100065bf(int param_1, int param_2, int param_3)
10006a88	FUN_10006a88	FUN_10006a88	Global	DEFAULT	ANALYSIS	__thiscall	int	2	false	\N	false	10006a88-10006b00	\N	\N	int __thiscall FUN_10006a88(undefined4 param_1)
10006b01	FUN_10006b01	FUN_10006b01	Global	DEFAULT	ANALYSIS	__stdcall	undefined	0	false	\N	false	10006b01-10006b05	\N	\N	undefined __stdcall FUN_10006b01(void)
10006b06	FUN_10006b06	FUN_10006b06	Global	DEFAULT	ANALYSIS	__stdcall	undefined	0	false	\N	false	10006b06-10006b0a	\N	\N	undefined __stdcall FUN_10006b06(void)
10006b0b	FUN_10006b0b	FUN_10006b0b	Global	DEFAULT	ANALYSIS	__stdcall	undefined4	0	false	\N	false	10006b0b-10006b17	\N	\N	undefined4 __stdcall FUN_10006b0b(void)
10006b18	FUN_10006b18	FUN_10006b18	Global	DEFAULT	ANALYSIS	__stdcall	undefined1	0	false	\N	false	10006b18-10006b1e	\N	\N	undefined1 __stdcall FUN_10006b18(void)
10006b1f	FUN_10006b1f	FUN_10006b1f	Global	DEFAULT	ANALYSIS	__cdecl	undefined	5	false	\N	false	10006b1f-10006b67	\N	\N	undefined __cdecl FUN_10006b1f(int param_1, int * param_2, int * param_3, int * param_4, int * param_5)
10006b68	FUN_10006b68	FUN_10006b68	Global	DEFAULT	ANALYSIS	__cdecl	undefined	1	false	\N	false	10006b68-10006b94	\N	\N	undefined __cdecl FUN_10006b68(int param_1)
10006b95	FUN_10006b95	FUN_10006b95	Global	DEFAULT	ANALYSIS	__cdecl	undefined	7	false	\N	false	10006b95-10006c5a	\N	\N	undefined __cdecl FUN_10006b95(int param_1, float param_2, undefined4 param_3, undefined4 param_4, float param_5, float param_6, int param_7)
10006c5b	FUN_10006c5b	FUN_10006c5b	Global	DEFAULT	ANALYSIS	__cdecl	undefined	5	false	\N	false	10006c5b-10006f93	\N	\N	undefined __cdecl FUN_10006c5b(int param_1, float param_2, float param_3, float param_4, undefined1 param_5)
10006f94	FUN_10006f94	FUN_10006f94	Global	DEFAULT	ANALYSIS	__cdecl	undefined	7	false	\N	false	10006f94-10007590	\N	\N	undefined __cdecl FUN_10006f94(int * param_1, int * param_2, int param_3, float * param_4, float * param_5, undefined4 param_6, float * param_7)
10007591	FUN_10007591	FUN_10007591	Global	DEFAULT	ANALYSIS	__cdecl	undefined	3	false	\N	false	10007591-100075cc	\N	\N	undefined __cdecl FUN_10007591(undefined4 param_1, undefined4 param_2, undefined4 param_3)
100075cd	FUN_100075cd	FUN_100075cd	Global	DEFAULT	ANALYSIS	__cdecl	undefined	1	false	\N	false	100075cd-100075fe	\N	\N	undefined __cdecl FUN_100075cd(undefined4 * param_1)
100075ff	FUN_100075ff	FUN_100075ff	Global	DEFAULT	ANALYSIS	__cdecl	undefined	7	false	\N	false	100075ff-100077cc	\N	\N	undefined __cdecl FUN_100075ff(float * param_1, float * param_2, float * param_3, float * param_4, float * param_5, float * param_6, uint param_7)
100077cd	FUN_100077cd	FUN_100077cd	Global	DEFAULT	ANALYSIS	__cdecl	undefined	2	false	\N	false	100077cd-10007822	\N	\N	undefined __cdecl FUN_100077cd(undefined4 param_1, undefined4 * param_2)
10007823	Render_ReadbackRegionToIndexedTexture	Render_ReadbackRegionToIndexedTexture	Global	USER_DEFINED	ANALYSIS	__cdecl	undefined	7	false	\N	false	10007823-10007b70	Reads a framebuffer region from Glide, converts RGB565 samples, and quantizes/copies them into an engine texture buffer.	\N	undefined __cdecl Render_ReadbackRegionToIndexedTexture(int param_1, int * param_2, int param_3, int param_4, int param_5, int param_6, int param_7)
10007b71	FUN_10007b71	FUN_10007b71	Global	DEFAULT	ANALYSIS	__stdcall	undefined4	0	false	\N	false	10007b71-10007b77	\N	\N	undefined4 __stdcall FUN_10007b71(void)
10007b78	FUN_10007b78	FUN_10007b78	Global	DEFAULT	ANALYSIS	__cdecl	undefined4	1	false	\N	false	10007b78-10007c1a	\N	\N	undefined4 __cdecl FUN_10007b78(undefined4 * param_1)
10007c1b	Glide_GetRendererDescription	Glide_GetRendererDescription	Global	USER_DEFINED	ANALYSIS	__cdecl	undefined	2	false	\N	false	10007c1b-10007c48	Returns the Glide renderer display name, selecting the Voodoo2-enhanced label when multiple TMUs are detected.	\N	undefined __cdecl Glide_GetRendererDescription(undefined4 * param_1, undefined4 * param_2)
10007c49	FUN_10007c49	FUN_10007c49	Global	DEFAULT	ANALYSIS	__cdecl	undefined4	2	false	\N	false	10007c49-10007d89	\N	\N	undefined4 __cdecl FUN_10007c49(undefined4 * param_1, undefined4 * param_2)
10007d8a	Glide_ProcessExitImpl	Glide_ProcessExitImpl	Global	USER_DEFINED	ANALYSIS	__stdcall	undefined	0	false	\N	false	10007d8a-10007db9	Runs one-time Glide shutdown for the renderer DLL and logs the process-exit path.	\N	undefined __stdcall Glide_ProcessExitImpl(void)
10007dba	FUN_10007dba	FUN_10007dba	Global	DEFAULT	ANALYSIS	__stdcall	undefined4	0	false	\N	false	10007dba-10007dd5	\N	\N	undefined4 __stdcall FUN_10007dba(void)
10007dd6	FUN_10007dd6	FUN_10007dd6	Global	DEFAULT	ANALYSIS	__cdecl	undefined	1	false	\N	false	10007dd6-10007dfe	\N	\N	undefined __cdecl FUN_10007dd6(undefined1 param_1)
10007dff	FUN_10007dff	FUN_10007dff	Global	DEFAULT	ANALYSIS	__cdecl	undefined	1	false	\N	false	10007dff-10007e1d	\N	\N	undefined __cdecl FUN_10007dff(undefined4 param_1)
10007e1e	FUN_10007e1e	FUN_10007e1e	Global	DEFAULT	ANALYSIS	__cdecl	undefined	1	false	\N	false	10007e1e-10007e4f	\N	\N	undefined __cdecl FUN_10007e1e(void * param_1)
10007e50	WinsysGlide_CreateRendererObject	WinsysGlide_CreateRendererObject	Global	USER_DEFINED	ANALYSIS	__cdecl	int	1	false	\N	false	10007e50-10008127	Allocates and initializes the Glide winsys renderer object, fills its method table, and validates required handlers.	\N	int __cdecl WinsysGlide_CreateRendererObject(int param_1)
10008128	FUN_10008128	FUN_10008128	Global	DEFAULT	ANALYSIS	__stdcall	int	0	false	\N	false	10008128-1000813a	\N	\N	int __stdcall FUN_10008128(void)
1000813b	FUN_1000813b	FUN_1000813b	Global	DEFAULT	ANALYSIS	__cdecl	int	2	false	\N	false	1000813b-1000818a	\N	\N	int __cdecl FUN_1000813b(int param_1, int param_2)
1000818b	FUN_1000818b	FUN_1000818b	Global	DEFAULT	ANALYSIS	__thiscall	undefined4 *	3	false	\N	false	1000818b-10008225	\N	\N	undefined4 * __thiscall FUN_1000818b(undefined4 param_1, undefined4 param_2)
10008226	FUN_10008226	FUN_10008226	Global	DEFAULT	ANALYSIS	__stdcall	undefined	0	false	\N	false	10008226-10008230	\N	\N	undefined __stdcall FUN_10008226(void)
10008231	FUN_10008231	FUN_10008231	Global	DEFAULT	ANALYSIS	__thiscall	undefined	3	false	\N	false	10008231-1000828a	\N	\N	undefined __thiscall FUN_10008231(undefined4 param_1, int param_2)
1000828b	FUN_1000828b	FUN_1000828b	Global	DEFAULT	ANALYSIS	__thiscall	undefined	3	false	\N	false	1000828b-1000837b	\N	\N	undefined __thiscall FUN_1000828b(int param_1, int param_2)
1000837c	FUN_1000837c	FUN_1000837c	Global	DEFAULT	ANALYSIS	__thiscall	int *	2	false	\N	false	1000837c-1000851a	\N	\N	int * __thiscall FUN_1000837c(int param_1)
1000851b	FUN_1000851b	FUN_1000851b	Global	DEFAULT	ANALYSIS	__thiscall	undefined4	3	false	\N	false	1000851b-100085fc	\N	\N	undefined4 __thiscall FUN_1000851b(void * param_1, int param_2)
100085fd	FUN_100085fd	FUN_100085fd	Global	DEFAULT	ANALYSIS	__thiscall	undefined4	3	false	\N	false	100085fd-10008700	\N	\N	undefined4 __thiscall FUN_100085fd(void * param_1, int param_2)
10008701	FUN_10008701	FUN_10008701	Global	DEFAULT	ANALYSIS	__thiscall	uint	2	false	\N	false	10008701-100087c8	\N	\N	uint __thiscall FUN_10008701(int param_1)
100087c9	FUN_100087c9	FUN_100087c9	Global	DEFAULT	ANALYSIS	__thiscall	uint	2	false	\N	false	100087c9-100088a2	\N	\N	uint __thiscall FUN_100087c9(int param_1)
100088a3	FUN_100088a3	FUN_100088a3	Global	DEFAULT	ANALYSIS	__thiscall	undefined	3	false	\N	false	100088a3-100089e0	\N	\N	undefined __thiscall FUN_100088a3(char param_1, char param_2)
100089e1	FUN_100089e1	FUN_100089e1	Global	DEFAULT	ANALYSIS	__fastcall	undefined	1	false	\N	false	100089e1-10008b50	\N	\N	undefined __fastcall FUN_100089e1(void * param_1)
10008b51	FUN_10008b51	FUN_10008b51	Global	DEFAULT	ANALYSIS	__thiscall	undefined4	2	false	\N	false	10008b51-10008cb8	\N	\N	undefined4 __thiscall FUN_10008b51(int param_1)
10008cb9	FUN_10008cb9	FUN_10008cb9	Global	DEFAULT	ANALYSIS	__fastcall	undefined	1	false	\N	false	10008cb9-10008ced	\N	\N	undefined __fastcall FUN_10008cb9(void * param_1)
10008cee	Tex_InitTmuArenaManager	Tex_InitTmuArenaManager	Global	USER_DEFINED	ANALYSIS	__thiscall	undefined	3	false	\N	false	10008cee-10008ee2	Builds per-TMU texture-memory arenas from Glide min/max texture addresses.	\N	undefined __thiscall Tex_InitTmuArenaManager(undefined4 param_1, int param_2)
10008ee3	FUN_10008ee3	FUN_10008ee3	Global	DEFAULT	ANALYSIS	__fastcall	int	1	false	\N	false	10008ee3-10008f08	\N	\N	int __fastcall FUN_10008ee3(int param_1)
10008f09	FUN_10008f09	FUN_10008f09	Global	DEFAULT	ANALYSIS	__fastcall	undefined	1	false	\N	false	10008f09-10008f75	\N	\N	undefined __fastcall FUN_10008f09(int param_1)
10008f76	FUN_10008f76	FUN_10008f76	Global	DEFAULT	ANALYSIS	__fastcall	undefined	1	false	\N	false	10008f76-10008fb3	\N	\N	undefined __fastcall FUN_10008f76(int param_1)
10008fb4	Tex_DownloadMipMap	Tex_DownloadMipMap	Global	USER_DEFINED	ANALYSIS	__thiscall	undefined4	4	false	\N	false	10008fb4-100090bb	Downloads a prepared mipmap chain into Glide texture memory.	\N	undefined4 __thiscall Tex_DownloadMipMap(int * param_1, int param_2, undefined4 param_3)
100090bc	FUN_100090bc	FUN_100090bc	Global	DEFAULT	ANALYSIS	__cdecl	int	2	false	\N	false	100090bc-100090e1	\N	\N	int __cdecl FUN_100090bc(int param_1, int param_2)
100090e2	Tex_AllocateAndUploadTile	Tex_AllocateAndUploadTile	Global	USER_DEFINED	ANALYSIS	__thiscall	int	4	false	\N	false	100090e2-10009244	Allocates texture memory for a tile and uploads its mipmap data.	\N	int __thiscall Tex_AllocateAndUploadTile(int * param_1, int param_2, int param_3)
10009245	FUN_10009245	FUN_10009245	Global	DEFAULT	ANALYSIS	__thiscall	undefined	3	false	\N	false	10009245-1000926c	\N	\N	undefined __thiscall FUN_10009245(int param_1, int param_2)
1000926d	FUN_1000926d	FUN_1000926d	Global	DEFAULT	ANALYSIS	__fastcall	void *	1	false	\N	false	1000926d-10009354	\N	\N	void * __fastcall FUN_1000926d(void * param_1)
10009355	FUN_10009355	FUN_10009355	Global	DEFAULT	ANALYSIS	__fastcall	undefined	1	false	\N	false	10009355-100093a0	\N	\N	undefined __fastcall FUN_10009355(int param_1)
100093a1	FUN_100093a1	FUN_100093a1	Global	DEFAULT	ANALYSIS	__fastcall	undefined	1	false	\N	false	100093a1-1000942c	\N	\N	undefined __fastcall FUN_100093a1(int param_1)
1000942d	FUN_1000942d	FUN_1000942d	Global	DEFAULT	ANALYSIS	__fastcall	undefined	1	false	\N	false	1000942d-10009468	\N	\N	undefined __fastcall FUN_1000942d(int param_1)
10009469	FUN_10009469	FUN_10009469	Global	DEFAULT	ANALYSIS	__thiscall	undefined	2	false	\N	false	10009469-100094bc	\N	\N	undefined __thiscall FUN_10009469(int param_1)
100094bd	Tex_EnsureTileResident	Tex_EnsureTileResident	Global	USER_DEFINED	ANALYSIS	__thiscall	undefined4	4	false	\N	false	100094bd-10009637	Ensures a texture tile/mipmap is resident on the requested TMU before drawing.	\N	undefined4 __thiscall Tex_EnsureTileResident(int param_1, int param_2, int param_3)
10009638	FUN_10009638	FUN_10009638	Global	DEFAULT	ANALYSIS	__fastcall	undefined	1	false	\N	false	10009638-10009673	\N	\N	undefined __fastcall FUN_10009638(int param_1)
10009674	FUN_10009674	FUN_10009674	Global	DEFAULT	ANALYSIS	__fastcall	undefined	1	false	\N	false	10009674-100098fd	\N	\N	undefined __fastcall FUN_10009674(int param_1)
100098fe	FUN_100098fe	FUN_100098fe	Global	DEFAULT	ANALYSIS	__thiscall	undefined	2	false	\N	false	100098fe-10009941	\N	\N	undefined __thiscall FUN_100098fe(undefined4 param_1)
10009942	FUN_10009942	FUN_10009942	Global	DEFAULT	ANALYSIS	__cdecl	undefined	6	false	\N	false	10009942-10009f42	\N	\N	undefined __cdecl FUN_10009942(int param_1, int param_2, int param_3, int param_4, int param_5, int param_6)
10009f43	FUN_10009f43	FUN_10009f43	Global	DEFAULT	ANALYSIS	__cdecl	undefined	5	false	\N	false	10009f43-1000a031	\N	\N	undefined __cdecl FUN_10009f43(int param_1, int param_2, int param_3, int * param_4, int * param_5)
1000a032	FUN_1000a032	FUN_1000a032	Global	DEFAULT	ANALYSIS	__stdcall	undefined	0	false	\N	false	1000a032-1000a09d	\N	\N	undefined __stdcall FUN_1000a032(void)
1000a09e	FUN_1000a09e	FUN_1000a09e	Global	DEFAULT	ANALYSIS	__stdcall	undefined	0	false	\N	false	1000a09e-1000a0a4	\N	\N	undefined __stdcall FUN_1000a09e(void)
1000a0a5	FUN_1000a0a5	FUN_1000a0a5	Global	DEFAULT	ANALYSIS	__stdcall	undefined	0	false	\N	false	1000a0a5-1000a0a9	\N	\N	undefined __stdcall FUN_1000a0a5(void)
1000c0e0	FUN_1000c0e0	FUN_1000c0e0	Global	DEFAULT	ANALYSIS	__cdecl	int	1	false	\N	false	1000c0e0-1000c105	\N	\N	int __cdecl FUN_1000c0e0(int param_1)
1000c110	FUN_1000c110	FUN_1000c110	Global	DEFAULT	ANALYSIS	__cdecl	undefined	1	false	\N	false	1000c110-1000c151	\N	\N	undefined __cdecl FUN_1000c110(int param_1)
1000c170	FUN_1000c170	FUN_1000c170	Global	DEFAULT	ANALYSIS	__cdecl	undefined	1	false	\N	false	1000c170-1000c1b1	\N	\N	undefined __cdecl FUN_1000c170(int param_1)
1000c1d0	FUN_1000c1d0	FUN_1000c1d0	Global	DEFAULT	ANALYSIS	__cdecl	undefined4	1	false	\N	false	1000c1d0-1000c206	\N	\N	undefined4 __cdecl FUN_1000c1d0(int param_1)
1000c220	FUN_1000c220	FUN_1000c220	Global	DEFAULT	ANALYSIS	__cdecl	int	1	false	\N	false	1000c220-1000c24a	\N	\N	int __cdecl FUN_1000c220(uint param_1)
1000c260	FUN_1000c260	FUN_1000c260	Global	DEFAULT	ANALYSIS	__cdecl	int	2	false	\N	false	1000c260-1000c280	\N	\N	int __cdecl FUN_1000c260(int param_1, int param_2)
1000c290	FUN_1000c290	FUN_1000c290	Global	DEFAULT	ANALYSIS	__cdecl	undefined	1	false	\N	false	1000c290-1000c2c5	\N	\N	undefined __cdecl FUN_1000c290(int param_1)
1000c2e0	FUN_1000c2e0	FUN_1000c2e0	Global	DEFAULT	ANALYSIS	__stdcall	undefined	0	false	\N	false	1000c2e0-1000c2f2	\N	\N	undefined __stdcall FUN_1000c2e0(void)
1000c300	FUN_1000c300	FUN_1000c300	Global	DEFAULT	ANALYSIS	__cdecl	int	1	false	\N	false	1000c300-1000c366	\N	\N	int __cdecl FUN_1000c300(int param_1)
1000c380	FUN_1000c380	FUN_1000c380	Global	DEFAULT	ANALYSIS	__stdcall	undefined	0	false	\N	false	1000c380-1000c393	\N	\N	undefined __stdcall FUN_1000c380(void)
1000c3a0	FUN_1000c3a0	FUN_1000c3a0	Global	DEFAULT	ANALYSIS	__thiscall	int	2	false	\N	false	1000c3a0-1000c3cd	\N	\N	int __thiscall FUN_1000c3a0(uint param_1)
1000c3e0	FUN_1000c3e0	FUN_1000c3e0	Global	DEFAULT	ANALYSIS	__stdcall	undefined	0	false	\N	false	1000c3e0-1000c3e4	\N	\N	undefined __stdcall FUN_1000c3e0(void)
1000c3f0	FUN_1000c3f0	FUN_1000c3f0	Global	DEFAULT	ANALYSIS	__cdecl	uint	1	false	\N	false	1000c3f0-1000c49b	\N	\N	uint __cdecl FUN_1000c3f0(uint param_1)
1000c4d0	FUN_1000c4d0	FUN_1000c4d0	Global	DEFAULT	ANALYSIS	__cdecl	undefined	3	false	\N	false	1000c4d0-1000c52e	\N	\N	undefined __cdecl FUN_1000c4d0(int param_1, float * param_2, undefined1 param_3)
1000c550	Glide_BindTextureSource	Glide_BindTextureSource	Global	USER_DEFINED	ANALYSIS	__cdecl	undefined	2	false	\N	false	1000c550-1000c5d4	Binds a resident tile to a Glide TMU for subsequent draw calls.	\N	undefined __cdecl Glide_BindTextureSource(int param_1, int param_2)
1000c600	FUN_1000c600	FUN_1000c600	Global	DEFAULT	ANALYSIS	__cdecl	undefined4	1	false	\N	false	1000c600-1000c646	\N	\N	undefined4 __cdecl FUN_1000c600(int param_1)
1000c660	FUN_1000c660	FUN_1000c660	Global	DEFAULT	ANALYSIS	__cdecl	int	5	false	\N	false	1000c660-1000c7d3	\N	\N	int __cdecl FUN_1000c660(undefined4 * param_1, int param_2, int param_3, int param_4, int param_5)
1000c840	FUN_1000c840	FUN_1000c840	Global	DEFAULT	ANALYSIS	__thiscall	undefined	4	false	\N	false	1000c840-1000c87d	\N	\N	undefined __thiscall FUN_1000c840(int param_1, undefined4 param_2, int param_3)
1000c890	FUN_1000c890	FUN_1000c890	Global	DEFAULT	ANALYSIS	__cdecl	undefined	2	false	\N	false	1000c890-1000c8b8	\N	\N	undefined __cdecl FUN_1000c890(int param_1, undefined4 param_2)
1000c8d0	FUN_1000c8d0	FUN_1000c8d0	Global	DEFAULT	ANALYSIS	__cdecl	undefined	3	false	\N	false	1000c8d0-1000c907	\N	\N	undefined __cdecl FUN_1000c8d0(float * param_1, int param_2, int param_3)
1000c920	FUN_1000c920	FUN_1000c920	Global	DEFAULT	ANALYSIS	__cdecl	undefined	1	false	\N	false	1000c920-1000c954	\N	\N	undefined __cdecl FUN_1000c920(float param_1)
1000c970	FUN_1000c970	FUN_1000c970	Global	DEFAULT	ANALYSIS	__cdecl	undefined4	1	false	\N	false	1000c970-1000c998	\N	\N	undefined4 __cdecl FUN_1000c970(undefined4 param_1)
1000c9b0	FUN_1000c9b0	FUN_1000c9b0	Global	DEFAULT	ANALYSIS	__cdecl	undefined	3	false	\N	false	1000c9b0-1000c9f4	\N	\N	undefined __cdecl FUN_1000c9b0(int param_1, float param_2, float param_3)
1000ca10	FUN_1000ca10	FUN_1000ca10	Global	DEFAULT	ANALYSIS	__cdecl	int	2	false	\N	false	1000ca10-1000ca3a	\N	\N	int __cdecl FUN_1000ca10(int param_1, int param_2)
1000ca50	FUN_1000ca50	FUN_1000ca50	Global	DEFAULT	ANALYSIS	__cdecl	undefined4	1	false	\N	false	1000ca50-1000ca5e	\N	\N	undefined4 __cdecl FUN_1000ca50(int param_1)
1000ca70	FUN_1000ca70	FUN_1000ca70	Global	DEFAULT	ANALYSIS	__cdecl	int	2	false	\N	false	1000ca70-1000ca9b	\N	\N	int __cdecl FUN_1000ca70(int param_1, int param_2)
1000cab0	FUN_1000cab0	FUN_1000cab0	Global	DEFAULT	ANALYSIS	__cdecl	int	2	false	\N	false	1000cab0-1000cadb	\N	\N	int __cdecl FUN_1000cab0(int param_1, int param_2)
1000caf0	FUN_1000caf0	FUN_1000caf0	Global	DEFAULT	ANALYSIS	__stdcall	undefined	0	false	\N	false	1000caf0-1000cb03	\N	\N	undefined __stdcall FUN_1000caf0(void)
1000cb10	FUN_1000cb10	FUN_1000cb10	Global	DEFAULT	ANALYSIS	__stdcall	undefined	0	false	\N	false	1000cb10-1000cb23	\N	\N	undefined __stdcall FUN_1000cb10(void)
1000cb30	FUN_1000cb30	FUN_1000cb30	Global	DEFAULT	ANALYSIS	__cdecl	int	4	false	\N	false	1000cb30-1000cc6e	\N	\N	int __cdecl FUN_1000cb30(int param_1, int param_2, float * param_3, int param_4)
1000ccc0	FUN_1000ccc0	FUN_1000ccc0	Global	DEFAULT	ANALYSIS	__cdecl	float10	2	false	\N	false	1000ccc0-1000cce5	\N	\N	float10 __cdecl FUN_1000ccc0(float param_1, float param_2)
1000ccf0	FUN_1000ccf0	FUN_1000ccf0	Global	DEFAULT	ANALYSIS	__cdecl	float10	2	false	\N	false	1000ccf0-1000cd00	\N	\N	float10 __cdecl FUN_1000ccf0(float param_1, float param_2)
1000cd10	FUN_1000cd10	FUN_1000cd10	Global	DEFAULT	ANALYSIS	__cdecl	undefined	6	false	\N	false	1000cd10-1000cd95	\N	\N	undefined __cdecl FUN_1000cd10(int param_1, float param_2, float param_3, float param_4, float * param_5, float * param_6)
1000cdc0	FUN_1000cdc0	FUN_1000cdc0	Global	DEFAULT	ANALYSIS	__fastcall	undefined4	1	false	\N	false	1000cdc0-1000cdd5	\N	\N	undefined4 __fastcall FUN_1000cdc0(undefined4 param_1)
1000cde0	FUN_1000cde0	FUN_1000cde0	Global	DEFAULT	ANALYSIS	__fastcall	undefined4	1	false	\N	false	1000cde0-1000cded	\N	\N	undefined4 __fastcall FUN_1000cde0(undefined4 param_1)
1000ce00	FUN_1000ce00	FUN_1000ce00	Global	DEFAULT	ANALYSIS	__thiscall	undefined4 *	4	false	\N	false	1000ce00-1000ce29	\N	\N	undefined4 * __thiscall FUN_1000ce00(undefined4 param_1, undefined4 param_2, undefined4 param_3)
1000ce40	FUN_1000ce40	FUN_1000ce40	Global	DEFAULT	ANALYSIS	__fastcall	undefined4	1	false	\N	false	1000ce40-1000ce4d	\N	\N	undefined4 __fastcall FUN_1000ce40(undefined4 param_1)
1000ce60	FUN_1000ce60	FUN_1000ce60	Global	DEFAULT	ANALYSIS	__cdecl	undefined	4	false	\N	false	1000ce60-1000cec8	\N	\N	undefined __cdecl FUN_1000ce60(int param_1, float * param_2, undefined1 param_3, undefined4 param_4)
1000cef0	FUN_1000cef0	FUN_1000cef0	Global	DEFAULT	ANALYSIS	__thiscall	undefined4	2	false	\N	false	1000cef0-1000cf1d	\N	\N	undefined4 __thiscall FUN_1000cef0(uint param_1)
1000cf30	FUN_1000cf30	FUN_1000cf30	Global	DEFAULT	ANALYSIS	__stdcall	undefined4 *	0	false	\N	false	1000cf30-1000cf58	\N	\N	undefined4 * __stdcall FUN_1000cf30(void)
1000cf70	FUN_1000cf70	FUN_1000cf70	Global	DEFAULT	ANALYSIS	__fastcall	undefined4 *	1	false	\N	false	1000cf70-1000cff4	\N	\N	undefined4 * __fastcall FUN_1000cf70(int * param_1)
1000d020	FUN_1000d020	FUN_1000d020	Global	DEFAULT	ANALYSIS	__cdecl	undefined	1	false	\N	false	1000d020-1000d03e	\N	\N	undefined __cdecl FUN_1000d020(undefined4 * param_1)
1000d050	FUN_1000d050	FUN_1000d050	Global	DEFAULT	ANALYSIS	__thiscall	undefined	2	false	\N	false	1000d050-1000d103	\N	\N	undefined __thiscall FUN_1000d050(undefined4 * param_1)
1000d140	FUN_1000d140	FUN_1000d140	Global	DEFAULT	ANALYSIS	__thiscall	int	2	false	\N	false	1000d140-1000d15d	\N	\N	int __thiscall FUN_1000d140(int param_1)
1000d170	FUN_1000d170	FUN_1000d170	Global	DEFAULT	ANALYSIS	__cdecl	uint	1	false	\N	false	1000d170-1000d1d3	\N	\N	uint __cdecl FUN_1000d170(int param_1)
1000d1f0	FUN_1000d1f0	FUN_1000d1f0	Global	DEFAULT	ANALYSIS	__thiscall	undefined4	2	false	\N	false	1000d1f0-1000d21d	\N	\N	undefined4 __thiscall FUN_1000d1f0(uint param_1)
1000d230	FUN_1000d230	FUN_1000d230	Global	DEFAULT	ANALYSIS	__thiscall	undefined4	2	false	\N	false	1000d230-1000d25d	\N	\N	undefined4 __thiscall FUN_1000d230(uint param_1)
1000d270	FUN_1000d270	FUN_1000d270	Global	DEFAULT	ANALYSIS	__cdecl	float10	1	false	\N	false	1000d270-1000d2d5	\N	\N	float10 __cdecl FUN_1000d270(int param_1)
1000d2f0	FUN_1000d2f0	FUN_1000d2f0	Global	DEFAULT	ANALYSIS	__fastcall	int	1	false	\N	false	1000d2f0-1000d450	\N	\N	int __fastcall FUN_1000d2f0(int param_1)
1000d451	FUN_1000d451	FUN_1000d451	Global	DEFAULT	ANALYSIS	__stdcall	undefined	0	false	\N	false	1000d451-1000d45b	\N	\N	undefined __stdcall FUN_1000d451(void)
1000d45c	FUN_1000d45c	FUN_1000d45c	Global	DEFAULT	ANALYSIS	__fastcall	undefined4	1	false	\N	false	1000d45c-1000d4e3	\N	\N	undefined4 __fastcall FUN_1000d45c(int param_1)
1000d4e4	FUN_1000d4e4	FUN_1000d4e4	Global	DEFAULT	ANALYSIS	__fastcall	undefined4	1	false	\N	false	1000d4e4-1000d4f3	\N	\N	undefined4 __fastcall FUN_1000d4e4(undefined4 * param_1)
1000d5a6	grClipWindow	GLIDE2X.DLL::grClipWindow	GLIDE2X.DLL	DEFAULT	DEFAULT	__stdcall	undefined	0	true	GLIDE2X.DLL::grClipWindow	false	1000d5a6-1000d5ab	\N	\N	undefined __stdcall grClipWindow()
1000d5ac	grTexCalcMemRequired	GLIDE2X.DLL::grTexCalcMemRequired	GLIDE2X.DLL	DEFAULT	DEFAULT	__stdcall	undefined	0	true	GLIDE2X.DLL::grTexCalcMemRequired	false	1000d5ac-1000d5b1	\N	\N	undefined __stdcall grTexCalcMemRequired()
1000d5b2	grGlideSetState	GLIDE2X.DLL::grGlideSetState	GLIDE2X.DLL	DEFAULT	DEFAULT	__stdcall	undefined	0	true	GLIDE2X.DLL::grGlideSetState	false	1000d5b2-1000d5b7	\N	\N	undefined __stdcall grGlideSetState()
1000d5b8	grTexDownloadTable	GLIDE2X.DLL::grTexDownloadTable	GLIDE2X.DLL	DEFAULT	DEFAULT	__stdcall	undefined	0	true	GLIDE2X.DLL::grTexDownloadTable	false	1000d5b8-1000d5bd	\N	\N	undefined __stdcall grTexDownloadTable()
1000d5be	grChromakeyValue	GLIDE2X.DLL::grChromakeyValue	GLIDE2X.DLL	DEFAULT	DEFAULT	__stdcall	undefined	0	true	GLIDE2X.DLL::grChromakeyValue	false	1000d5be-1000d5c3	\N	\N	undefined __stdcall grChromakeyValue()
1000d5c4	grChromakeyMode	GLIDE2X.DLL::grChromakeyMode	GLIDE2X.DLL	DEFAULT	DEFAULT	__stdcall	undefined	0	true	GLIDE2X.DLL::grChromakeyMode	false	1000d5c4-1000d5c9	\N	\N	undefined __stdcall grChromakeyMode()
1000d5ca	grTexClampMode	GLIDE2X.DLL::grTexClampMode	GLIDE2X.DLL	DEFAULT	DEFAULT	__stdcall	undefined	0	true	GLIDE2X.DLL::grTexClampMode	false	1000d5ca-1000d5cf	\N	\N	undefined __stdcall grTexClampMode()
1000d5d0	grTexMipMapMode	GLIDE2X.DLL::grTexMipMapMode	GLIDE2X.DLL	DEFAULT	DEFAULT	__stdcall	undefined	0	true	GLIDE2X.DLL::grTexMipMapMode	false	1000d5d0-1000d5d5	\N	\N	undefined __stdcall grTexMipMapMode()
1000d5d6	grTexFilterMode	GLIDE2X.DLL::grTexFilterMode	GLIDE2X.DLL	DEFAULT	DEFAULT	__stdcall	undefined	0	true	GLIDE2X.DLL::grTexFilterMode	false	1000d5d6-1000d5db	\N	\N	undefined __stdcall grTexFilterMode()
1000d5dc	grAlphaTestReferenceValue	GLIDE2X.DLL::grAlphaTestReferenceValue	GLIDE2X.DLL	DEFAULT	DEFAULT	__stdcall	undefined	0	true	GLIDE2X.DLL::grAlphaTestReferenceValue	false	1000d5dc-1000d5e1	\N	\N	undefined __stdcall grAlphaTestReferenceValue()
1000d5e2	grAlphaTestFunction	GLIDE2X.DLL::grAlphaTestFunction	GLIDE2X.DLL	DEFAULT	DEFAULT	__stdcall	undefined	0	true	GLIDE2X.DLL::grAlphaTestFunction	false	1000d5e2-1000d5e7	\N	\N	undefined __stdcall grAlphaTestFunction()
1000d5e8	grTexCombine	GLIDE2X.DLL::grTexCombine	GLIDE2X.DLL	DEFAULT	DEFAULT	__stdcall	undefined	0	true	GLIDE2X.DLL::grTexCombine	false	1000d5e8-1000d5ed	\N	\N	undefined __stdcall grTexCombine()
1000d5ee	grFogColorValue	GLIDE2X.DLL::grFogColorValue	GLIDE2X.DLL	DEFAULT	DEFAULT	__stdcall	undefined	0	true	GLIDE2X.DLL::grFogColorValue	false	1000d5ee-1000d5f3	\N	\N	undefined __stdcall grFogColorValue()
1000d5f4	grAlphaCombine	GLIDE2X.DLL::grAlphaCombine	GLIDE2X.DLL	DEFAULT	DEFAULT	__stdcall	undefined	0	true	GLIDE2X.DLL::grAlphaCombine	false	1000d5f4-1000d5f9	\N	\N	undefined __stdcall grAlphaCombine()
1000d5fa	grConstantColorValue	GLIDE2X.DLL::grConstantColorValue	GLIDE2X.DLL	DEFAULT	DEFAULT	__stdcall	undefined	0	true	GLIDE2X.DLL::grConstantColorValue	false	1000d5fa-1000d5ff	\N	\N	undefined __stdcall grConstantColorValue()
1000d600	grColorCombine	GLIDE2X.DLL::grColorCombine	GLIDE2X.DLL	DEFAULT	DEFAULT	__stdcall	undefined	0	true	GLIDE2X.DLL::grColorCombine	false	1000d600-1000d605	\N	\N	undefined __stdcall grColorCombine()
1000d606	grAlphaBlendFunction	GLIDE2X.DLL::grAlphaBlendFunction	GLIDE2X.DLL	DEFAULT	DEFAULT	__stdcall	undefined	0	true	GLIDE2X.DLL::grAlphaBlendFunction	false	1000d606-1000d60b	\N	\N	undefined __stdcall grAlphaBlendFunction()
1000d60c	grGlideGetState	GLIDE2X.DLL::grGlideGetState	GLIDE2X.DLL	DEFAULT	DEFAULT	__stdcall	undefined	0	true	GLIDE2X.DLL::grGlideGetState	false	1000d60c-1000d611	\N	\N	undefined __stdcall grGlideGetState()
1000d612	grFogMode	GLIDE2X.DLL::grFogMode	GLIDE2X.DLL	DEFAULT	DEFAULT	__stdcall	undefined	0	true	GLIDE2X.DLL::grFogMode	false	1000d612-1000d617	\N	\N	undefined __stdcall grFogMode()
1000d618	grDepthMask	GLIDE2X.DLL::grDepthMask	GLIDE2X.DLL	DEFAULT	DEFAULT	__stdcall	undefined	0	true	GLIDE2X.DLL::grDepthMask	false	1000d618-1000d61d	\N	\N	undefined __stdcall grDepthMask()
1000d61e	grDepthBufferFunction	GLIDE2X.DLL::grDepthBufferFunction	GLIDE2X.DLL	DEFAULT	DEFAULT	__stdcall	undefined	0	true	GLIDE2X.DLL::grDepthBufferFunction	false	1000d61e-1000d623	\N	\N	undefined __stdcall grDepthBufferFunction()
1000d624	grDepthBufferMode	GLIDE2X.DLL::grDepthBufferMode	GLIDE2X.DLL	DEFAULT	DEFAULT	__stdcall	undefined	0	true	GLIDE2X.DLL::grDepthBufferMode	false	1000d624-1000d629	\N	\N	undefined __stdcall grDepthBufferMode()
1000d62a	grCullMode	GLIDE2X.DLL::grCullMode	GLIDE2X.DLL	DEFAULT	DEFAULT	__stdcall	undefined	0	true	GLIDE2X.DLL::grCullMode	false	1000d62a-1000d62f	\N	\N	undefined __stdcall grCullMode()
1000d630	grRenderBuffer	GLIDE2X.DLL::grRenderBuffer	GLIDE2X.DLL	DEFAULT	DEFAULT	__stdcall	undefined	0	true	GLIDE2X.DLL::grRenderBuffer	false	1000d630-1000d635	\N	\N	undefined __stdcall grRenderBuffer()
1000d636	grHints	GLIDE2X.DLL::grHints	GLIDE2X.DLL	DEFAULT	DEFAULT	__stdcall	undefined	0	true	GLIDE2X.DLL::grHints	false	1000d636-1000d63b	\N	\N	undefined __stdcall grHints()
1000d63c	grDisableAllEffects	GLIDE2X.DLL::grDisableAllEffects	GLIDE2X.DLL	DEFAULT	DEFAULT	__stdcall	undefined	0	true	GLIDE2X.DLL::grDisableAllEffects	false	1000d63c-1000d641	\N	\N	undefined __stdcall grDisableAllEffects()
1000d642	grErrorSetCallback	GLIDE2X.DLL::grErrorSetCallback	GLIDE2X.DLL	DEFAULT	DEFAULT	__stdcall	undefined	0	true	GLIDE2X.DLL::grErrorSetCallback	false	1000d642-1000d647	\N	\N	undefined __stdcall grErrorSetCallback()
1000d648	grSstWinOpen	GLIDE2X.DLL::grSstWinOpen	GLIDE2X.DLL	DEFAULT	DEFAULT	__stdcall	undefined	0	true	GLIDE2X.DLL::grSstWinOpen	false	1000d648-1000d64d	\N	\N	undefined __stdcall grSstWinOpen()
1000d64e	grSstSelect	GLIDE2X.DLL::grSstSelect	GLIDE2X.DLL	DEFAULT	DEFAULT	__stdcall	undefined	0	true	GLIDE2X.DLL::grSstSelect	false	1000d64e-1000d653	\N	\N	undefined __stdcall grSstSelect()
1000d654	grBufferClear	GLIDE2X.DLL::grBufferClear	GLIDE2X.DLL	DEFAULT	DEFAULT	__stdcall	undefined	0	true	GLIDE2X.DLL::grBufferClear	false	1000d654-1000d659	\N	\N	undefined __stdcall grBufferClear()
1000d65a	grSstIdle	GLIDE2X.DLL::grSstIdle	GLIDE2X.DLL	DEFAULT	DEFAULT	__stdcall	undefined	0	true	GLIDE2X.DLL::grSstIdle	false	1000d65a-1000d65f	\N	\N	undefined __stdcall grSstIdle()
1000d660	grBufferSwap	GLIDE2X.DLL::grBufferSwap	GLIDE2X.DLL	DEFAULT	DEFAULT	__stdcall	undefined	0	true	GLIDE2X.DLL::grBufferSwap	false	1000d660-1000d665	\N	\N	undefined __stdcall grBufferSwap()
1000d666	grSstWinClose	GLIDE2X.DLL::grSstWinClose	GLIDE2X.DLL	DEFAULT	DEFAULT	__stdcall	undefined	0	true	GLIDE2X.DLL::grSstWinClose	false	1000d666-1000d66b	\N	\N	undefined __stdcall grSstWinClose()
1000d66c	grDrawTriangle	GLIDE2X.DLL::grDrawTriangle	GLIDE2X.DLL	DEFAULT	DEFAULT	__stdcall	undefined	0	true	GLIDE2X.DLL::grDrawTriangle	false	1000d66c-1000d671	\N	\N	undefined __stdcall grDrawTriangle()
1000d672	grDrawLine	GLIDE2X.DLL::grDrawLine	GLIDE2X.DLL	DEFAULT	DEFAULT	__stdcall	undefined	0	true	GLIDE2X.DLL::grDrawLine	false	1000d672-1000d677	\N	\N	undefined __stdcall grDrawLine()
1000d678	grAADrawLine	GLIDE2X.DLL::grAADrawLine	GLIDE2X.DLL	DEFAULT	DEFAULT	__stdcall	undefined	0	true	GLIDE2X.DLL::grAADrawLine	false	1000d678-1000d67d	\N	\N	undefined __stdcall grAADrawLine()
1000d67e	grDrawPoint	GLIDE2X.DLL::grDrawPoint	GLIDE2X.DLL	DEFAULT	DEFAULT	__stdcall	undefined	0	true	GLIDE2X.DLL::grDrawPoint	false	1000d67e-1000d683	\N	\N	undefined __stdcall grDrawPoint()
1000d684	grAADrawPoint	GLIDE2X.DLL::grAADrawPoint	GLIDE2X.DLL	DEFAULT	DEFAULT	__stdcall	undefined	0	true	GLIDE2X.DLL::grAADrawPoint	false	1000d684-1000d689	\N	\N	undefined __stdcall grAADrawPoint()
1000d68a	grDrawPolygonVertexList	GLIDE2X.DLL::grDrawPolygonVertexList	GLIDE2X.DLL	DEFAULT	DEFAULT	__stdcall	undefined	0	true	GLIDE2X.DLL::grDrawPolygonVertexList	false	1000d68a-1000d68f	\N	\N	undefined __stdcall grDrawPolygonVertexList()
1000d690	grTexSource	GLIDE2X.DLL::grTexSource	GLIDE2X.DLL	DEFAULT	DEFAULT	__stdcall	undefined	0	true	GLIDE2X.DLL::grTexSource	false	1000d690-1000d695	\N	\N	undefined __stdcall grTexSource()
1000d696	grLfbReadRegion	GLIDE2X.DLL::grLfbReadRegion	GLIDE2X.DLL	DEFAULT	DEFAULT	__stdcall	undefined	0	true	GLIDE2X.DLL::grLfbReadRegion	false	1000d696-1000d69b	\N	\N	undefined __stdcall grLfbReadRegion()
1000d69c	grSstQueryHardware	GLIDE2X.DLL::grSstQueryHardware	GLIDE2X.DLL	DEFAULT	DEFAULT	__stdcall	undefined	0	true	GLIDE2X.DLL::grSstQueryHardware	false	1000d69c-1000d6a1	\N	\N	undefined __stdcall grSstQueryHardware()
1000d6a2	grGlideInit	GLIDE2X.DLL::grGlideInit	GLIDE2X.DLL	DEFAULT	DEFAULT	__stdcall	undefined	0	true	GLIDE2X.DLL::grGlideInit	false	1000d6a2-1000d6a7	\N	\N	undefined __stdcall grGlideInit()
1000d6a8	grSstQueryBoards	GLIDE2X.DLL::grSstQueryBoards	GLIDE2X.DLL	DEFAULT	DEFAULT	__stdcall	undefined	0	true	GLIDE2X.DLL::grSstQueryBoards	false	1000d6a8-1000d6ad	\N	\N	undefined __stdcall grSstQueryBoards()
1000d6ae	grGlideShutdown	GLIDE2X.DLL::grGlideShutdown	GLIDE2X.DLL	DEFAULT	DEFAULT	__stdcall	undefined	0	true	GLIDE2X.DLL::grGlideShutdown	false	1000d6ae-1000d6b3	\N	\N	undefined __stdcall grGlideShutdown()
1000d6b4	grTexMaxAddress	GLIDE2X.DLL::grTexMaxAddress	GLIDE2X.DLL	DEFAULT	DEFAULT	__stdcall	undefined	0	true	GLIDE2X.DLL::grTexMaxAddress	false	1000d6b4-1000d6b9	\N	\N	undefined __stdcall grTexMaxAddress()
1000d6ba	grTexMinAddress	GLIDE2X.DLL::grTexMinAddress	GLIDE2X.DLL	DEFAULT	DEFAULT	__stdcall	undefined	0	true	GLIDE2X.DLL::grTexMinAddress	false	1000d6ba-1000d6bf	\N	\N	undefined __stdcall grTexMinAddress()
1000d6c0	grTexDownloadMipMap	GLIDE2X.DLL::grTexDownloadMipMap	GLIDE2X.DLL	DEFAULT	DEFAULT	__stdcall	undefined	0	true	GLIDE2X.DLL::grTexDownloadMipMap	false	1000d6c0-1000d6c5	\N	\N	undefined __stdcall grTexDownloadMipMap()
1000d6d0	FUN_1000d6d0	FUN_1000d6d0	Global	DEFAULT	ANALYSIS	__stdcall	undefined	0	false	\N	false	1000d6d0-1000d777	\N	\N	undefined __stdcall FUN_1000d6d0(void)
1000d778	FUN_1000d778	FUN_1000d778	Global	DEFAULT	ANALYSIS	__stdcall	undefined	6	false	\N	false	1000d778-1000d8a1	\N	\N	undefined __stdcall FUN_1000d778(undefined4 param_1, undefined4 param_2, undefined4 param_3, undefined4 param_4, undefined4 param_5, undefined4 param_6)
1000d8a2	FUN_1000d8a2	FUN_1000d8a2	Global	DEFAULT	ANALYSIS	__stdcall	undefined	3	false	\N	false	1000d8a2-1000d95b	\N	\N	undefined __stdcall FUN_1000d8a2(double param_1, double param_2, double param_3)
1000d95c	FUN_1000d95c	FUN_1000d95c	Global	DEFAULT	ANALYSIS	__stdcall	undefined	1	false	\N	false	1000d95c-1000d99c	\N	\N	undefined __stdcall FUN_1000d95c(double param_1)
1000d99d	FUN_1000d99d	FUN_1000d99d	Global	DEFAULT	ANALYSIS	__cdecl	undefined	3	false	\N	false	1000d99d-1000da55	\N	\N	undefined __cdecl FUN_1000d99d(int param_1, int param_2, int param_3)
1000da56	FUN_1000da56	FUN_1000da56	Global	DEFAULT	ANALYSIS	__stdcall	undefined	2	false	\N	false	1000da56-1000db9a	\N	\N	undefined __stdcall FUN_1000da56(int param_1, float param_2)
1000db9b	FUN_1000db9b	FUN_1000db9b	Global	DEFAULT	ANALYSIS	__stdcall	undefined	0	false	\N	false	1000db9b-1000dc08	\N	\N	undefined __stdcall FUN_1000db9b(void)
1000dc09	FUN_1000dc09	FUN_1000dc09	Global	DEFAULT	ANALYSIS	__stdcall	undefined	0	false	\N	false	1000dc09-1000dca3	\N	\N	undefined __stdcall FUN_1000dc09(void)
1000dcb4	FUN_1000dcb4	FUN_1000dcb4	Global	DEFAULT	ANALYSIS	__stdcall	undefined	0	false	\N	false	1000dcb4-1000dd21	\N	\N	undefined __stdcall FUN_1000dcb4(void)
1000dd22	FUN_1000dd22	FUN_1000dd22	Global	DEFAULT	ANALYSIS	__stdcall	undefined	0	false	\N	false	1000dd22-1000dd80	\N	\N	undefined __stdcall FUN_1000dd22(void)
1000dd81	FUN_1000dd81	FUN_1000dd81	Global	DEFAULT	ANALYSIS	__stdcall	undefined	2	false	\N	false	1000dd81-1000de21	\N	\N	undefined __stdcall FUN_1000dd81(undefined4 param_1, float * param_2)
1000de22	FUN_1000de22	FUN_1000de22	Global	DEFAULT	ANALYSIS	__stdcall	int *	0	false	\N	false	1000de22-1000de99	\N	\N	int * __stdcall FUN_1000de22(void)
1000de9a	FUN_1000de9a	FUN_1000de9a	Global	DEFAULT	ANALYSIS	__stdcall	undefined	0	false	\N	false	1000de9a-1000ded8	\N	\N	undefined __stdcall FUN_1000de9a(void)
1000ded9	FUN_1000ded9	FUN_1000ded9	Global	DEFAULT	ANALYSIS	__stdcall	undefined	0	false	\N	false	1000ded9-1000df19	\N	\N	undefined __stdcall FUN_1000ded9(void)
1000df1a	FUN_1000df1a	FUN_1000df1a	Global	DEFAULT	ANALYSIS	__stdcall	undefined	1	false	\N	false	1000df1a-1000df6a	\N	\N	undefined __stdcall FUN_1000df1a(int * param_1)
1000df6b	FUN_1000df6b	FUN_1000df6b	Global	DEFAULT	ANALYSIS	__stdcall	undefined	4	false	\N	false	1000df6b-1000e03a	\N	\N	undefined __stdcall FUN_1000df6b(int param_1, float param_2, float param_3, float param_4)
1000e03b	FUN_1000e03b	FUN_1000e03b	Global	DEFAULT	ANALYSIS	__stdcall	undefined	9	false	\N	false	1000e03b-1000e141	\N	\N	undefined __stdcall FUN_1000e03b(float param_1, float param_2, float param_3, float param_4, float param_5, float param_6, float param_7, float param_8, float param_9)
1000e142	FUN_1000e142	FUN_1000e142	Global	DEFAULT	ANALYSIS	__stdcall	undefined	9	false	\N	false	1000e142-1000e2dd	\N	\N	undefined __stdcall FUN_1000e142(float param_1, float param_2, float param_3, float param_4, float param_5, float param_6, float param_7, float param_8, float param_9)
1000e2de	FUN_1000e2de	FUN_1000e2de	Global	DEFAULT	ANALYSIS	__stdcall	undefined	6	false	\N	false	1000e2de-1000e387	\N	\N	undefined __stdcall FUN_1000e2de(float param_1, float param_2, float param_3, float param_4, float param_5, float param_6)
1000e388	FUN_1000e388	FUN_1000e388	Global	DEFAULT	ANALYSIS	__stdcall	undefined	9	false	\N	false	1000e388-1000e3f4	\N	\N	undefined __stdcall FUN_1000e388(undefined4 param_1, float param_2, float param_3, float param_4, float param_5, float param_6, float param_7, undefined4 param_8, float param_9)
1000e3f5	FUN_1000e3f5	FUN_1000e3f5	Global	DEFAULT	ANALYSIS	__stdcall	undefined	0	false	\N	false	1000e3f5-1000e453	\N	\N	undefined __stdcall FUN_1000e3f5(void)
1000e454	FUN_1000e454	FUN_1000e454	Global	DEFAULT	ANALYSIS	__stdcall	undefined4	2	false	\N	false	1000e454-1000e531	\N	\N	undefined4 __stdcall FUN_1000e454(undefined4 param_1, float * param_2)
1000e532	FUN_1000e532	FUN_1000e532	Global	DEFAULT	ANALYSIS	__stdcall	undefined4	2	false	\N	false	1000e532-1000e62b	\N	\N	undefined4 __stdcall FUN_1000e532(undefined4 param_1, float * param_2)
1000e62c	FUN_1000e62c	FUN_1000e62c	Global	DEFAULT	ANALYSIS	__stdcall	undefined	2	false	\N	false	1000e62c-1000e6fa	\N	\N	undefined __stdcall FUN_1000e62c(float * param_1, float * param_2)
1000e6fb	FUN_1000e6fb	FUN_1000e6fb	Global	DEFAULT	ANALYSIS	__stdcall	undefined4	2	false	\N	false	1000e6fb-1000e7b8	\N	\N	undefined4 __stdcall FUN_1000e6fb(undefined4 param_1, float * param_2)
1000e7b9	FUN_1000e7b9	FUN_1000e7b9	Global	DEFAULT	ANALYSIS	__stdcall	int	0	false	\N	false	1000e7b9-1000e7fb	\N	\N	int __stdcall FUN_1000e7b9(void)
1000e7fc	FUN_1000e7fc	FUN_1000e7fc	Global	DEFAULT	ANALYSIS	__stdcall	int	0	false	\N	false	1000e7fc-1000e830	\N	\N	int __stdcall FUN_1000e7fc(void)
1000e831	FUN_1000e831	FUN_1000e831	Global	DEFAULT	ANALYSIS	__stdcall	int	0	false	\N	false	1000e831-1000e872	\N	\N	int __stdcall FUN_1000e831(void)
1000e873	FUN_1000e873	FUN_1000e873	Global	DEFAULT	ANALYSIS	__stdcall	undefined	4	false	\N	false	1000e873-1000e9c7	\N	\N	undefined __stdcall FUN_1000e873(float param_1, float param_2, float param_3, float param_4)
1000e9c8	FUN_1000e9c8	FUN_1000e9c8	Global	DEFAULT	ANALYSIS	__stdcall	undefined	1	false	\N	false	1000e9c8-1000eae3	\N	\N	undefined __stdcall FUN_1000e9c8(int param_1)
1000eae4	FUN_1000eae4	FUN_1000eae4	Global	DEFAULT	ANALYSIS	__stdcall	uint	0	false	\N	false	1000eae4-1000ec12	\N	\N	uint __stdcall FUN_1000eae4(void)
1000ec13	FUN_1000ec13	FUN_1000ec13	Global	DEFAULT	ANALYSIS	__stdcall	undefined	0	false	\N	false	1000ec13-1000ec26	\N	\N	undefined __stdcall FUN_1000ec13(void)
1000ec27	FUN_1000ec27	FUN_1000ec27	Global	DEFAULT	ANALYSIS	__stdcall	undefined	0	false	\N	false	1000ec27-1000ecd2	\N	\N	undefined __stdcall FUN_1000ec27(void)
1000ecd3	FUN_1000ecd3	FUN_1000ecd3	Global	DEFAULT	ANALYSIS	__cdecl	undefined *	7	false	\N	false	1000ecd3-1000eddf	\N	\N	undefined * __cdecl FUN_1000ecd3(float param_1, float param_2, float param_3, float param_4, float param_5, float param_6, float param_7)
1000ede0	FUN_1000ede0	FUN_1000ede0	Global	DEFAULT	ANALYSIS	__stdcall	undefined	0	false	\N	false	1000ede0-1000ee4d	\N	\N	undefined __stdcall FUN_1000ede0(void)
1000ee4e	FUN_1000ee4e	FUN_1000ee4e	Global	DEFAULT	ANALYSIS	__stdcall	undefined	0	false	\N	false	1000ee4e-1000ee99	\N	\N	undefined __stdcall FUN_1000ee4e(void)
1000ee9a	FUN_1000ee9a	FUN_1000ee9a	Global	DEFAULT	ANALYSIS	__cdecl	undefined	1	false	\N	false	1000ee9a-1000eee6	\N	\N	undefined __cdecl FUN_1000ee9a(float * param_1)
1000eee7	FUN_1000eee7	FUN_1000eee7	Global	DEFAULT	ANALYSIS	__cdecl	undefined	2	false	\N	false	1000eee7-1000ef60	\N	\N	undefined __cdecl FUN_1000eee7(undefined4 param_1, undefined4 param_2)
1000ef61	FUN_1000ef61	FUN_1000ef61	Global	DEFAULT	ANALYSIS	__cdecl	undefined	1	false	\N	false	1000ef61-1000f01f	\N	\N	undefined __cdecl FUN_1000ef61(float * param_1)
1000f020	FUN_1000f020	FUN_1000f020	Global	DEFAULT	ANALYSIS	__cdecl	float *	2	false	\N	false	1000f020-1000f080	\N	\N	float * __cdecl FUN_1000f020(float * param_1, float * param_2)
1000f081	FUN_1000f081	FUN_1000f081	Global	DEFAULT	ANALYSIS	__cdecl	float *	10	false	\N	false	1000f081-1000f1dd	\N	\N	float * __cdecl FUN_1000f081(float * param_1, float param_2, float param_3, float param_4, float param_5, float param_6, float param_7, float param_8, float param_9, float param_10)
1000f1de	FUN_1000f1de	FUN_1000f1de	Global	DEFAULT	ANALYSIS	__cdecl	undefined4	12	false	\N	false	1000f1de-1000f41e	\N	\N	undefined4 __cdecl FUN_1000f1de(undefined4 param_1, float param_2, undefined4 param_3, float param_4, float param_5, undefined4 param_6, float param_7, float param_8, float param_9, float param_10, float param_11, float param_12)
1000f41f	FUN_1000f41f	FUN_1000f41f	Global	DEFAULT	ANALYSIS	__cdecl	undefined	6	false	\N	false	1000f41f-1000f4b3	\N	\N	undefined __cdecl FUN_1000f41f(float param_1, float param_2, float param_3, float * param_4, float * param_5, float * param_6)
1000f4c0	FUN_1000f4c0	FUN_1000f4c0	Global	DEFAULT	ANALYSIS	__cdecl	undefined	2	false	\N	false	1000f4c0-1000f533	\N	\N	undefined __cdecl FUN_1000f4c0(float param_1, float param_2)
1000f540	FUN_1000f540	FUN_1000f540	Global	DEFAULT	ANALYSIS	__stdcall	undefined	3	false	\N	false	1000f540-1000f57f	\N	\N	undefined __stdcall FUN_1000f540(float param_1, float param_2, float param_3)
1000f580	FUN_1000f580	FUN_1000f580	Global	DEFAULT	ANALYSIS	__stdcall	undefined4	0	false	\N	false	1000f580-1000f596	\N	\N	undefined4 __stdcall FUN_1000f580(void)
1000f5a0	FUN_1000f5a0	FUN_1000f5a0	Global	DEFAULT	ANALYSIS	__stdcall	undefined	3	false	\N	false	1000f5a0-1000f6be	\N	\N	undefined __stdcall FUN_1000f5a0(float param_1, undefined4 param_2, float param_3)
1000f6c0	FUN_1000f6c0	FUN_1000f6c0	Global	DEFAULT	ANALYSIS	__cdecl	undefined4 *	1	false	\N	false	1000f6c0-1000f6e1	\N	\N	undefined4 * __cdecl FUN_1000f6c0(int param_1)
1000f6f0	FUN_1000f6f0	FUN_1000f6f0	Global	DEFAULT	ANALYSIS	__stdcall	undefined4 *	1	false	\N	false	1000f6f0-1000f72a	\N	\N	undefined4 * __stdcall FUN_1000f6f0(undefined4 * param_1)
1000f730	FUN_1000f730	FUN_1000f730	Global	DEFAULT	ANALYSIS	__cdecl	undefined	2	false	\N	false	1000f730-1000f743	\N	\N	undefined __cdecl FUN_1000f730(int param_1, undefined4 * param_2)
1000f750	FUN_1000f750	FUN_1000f750	Global	DEFAULT	ANALYSIS	__stdcall	undefined4 *	3	false	\N	false	1000f750-1000f782	\N	\N	undefined4 * __stdcall FUN_1000f750(undefined4 param_1, undefined4 param_2, undefined4 param_3)
1000f790	FUN_1000f790	FUN_1000f790	Global	DEFAULT	ANALYSIS	__stdcall	undefined4 *	3	false	\N	false	1000f790-1000f7c2	\N	\N	undefined4 * __stdcall FUN_1000f790(undefined4 param_1, undefined4 param_2, undefined4 param_3)
1000f7d0	FUN_1000f7d0	FUN_1000f7d0	Global	DEFAULT	ANALYSIS	__stdcall	undefined	0	false	\N	false	1000f7d0-1000f859	\N	\N	undefined __stdcall FUN_1000f7d0(void)
1000f860	FUN_1000f860	FUN_1000f860	Global	DEFAULT	ANALYSIS	__cdecl	float *	3	false	\N	false	1000f860-1000f8e2	\N	\N	float * __cdecl FUN_1000f860(float * param_1, float * param_2, float * param_3)
1000f8f0	FUN_1000f8f0	FUN_1000f8f0	Global	DEFAULT	ANALYSIS	__stdcall	undefined	9	false	\N	false	1000f8f0-1000f955	\N	\N	undefined __stdcall FUN_1000f8f0(float param_1, float param_2, float param_3, float param_4, float param_5, float param_6, float param_7, float param_8, float param_9)
1000f960	FUN_1000f960	FUN_1000f960	Global	DEFAULT	ANALYSIS	__stdcall	undefined4	0	false	\N	false	1000f960-1000f976	\N	\N	undefined4 __stdcall FUN_1000f960(void)
1000f980	FUN_1000f980	FUN_1000f980	Global	DEFAULT	ANALYSIS	__stdcall	undefined4	0	false	\N	false	1000f980-1000f9d1	\N	\N	undefined4 __stdcall FUN_1000f980(void)
1000f9e0	FUN_1000f9e0	FUN_1000f9e0	Global	DEFAULT	ANALYSIS	__stdcall	undefined	0	false	\N	false	1000f9e0-1000fa15	\N	\N	undefined __stdcall FUN_1000f9e0(void)
1000fa16	FUN_1000fa16	FUN_1000fa16	Global	DEFAULT	ANALYSIS	__cdecl	int	2	false	\N	false	1000fa16-1000fa2c	\N	\N	int __cdecl FUN_1000fa16(int param_1, int param_2)
1000fa2d	FUN_1000fa2d	FUN_1000fa2d	Global	DEFAULT	ANALYSIS	__stdcall	char *	2	false	\N	false	1000fa2d-1000fb4d	\N	\N	char * __stdcall FUN_1000fa2d(int param_1, undefined4 param_2)
1000fb4e	FUN_1000fb4e	FUN_1000fb4e	Global	DEFAULT	ANALYSIS	__stdcall	undefined	0	false	\N	false	1000fb4e-1000fc6a	\N	\N	undefined __stdcall FUN_1000fb4e(void)
1000fc6b	FUN_1000fc6b	FUN_1000fc6b	Global	DEFAULT	ANALYSIS	__stdcall	undefined	0	false	\N	false	1000fc6b-1000fc6f	\N	\N	undefined __stdcall FUN_1000fc6b(void)
1000fc70	FUN_1000fc70	FUN_1000fc70	Global	DEFAULT	ANALYSIS	__stdcall	undefined	0	false	\N	false	1000fc70-1000fc74	\N	\N	undefined __stdcall FUN_1000fc70(void)
1000fc75	FUN_1000fc75	FUN_1000fc75	Global	DEFAULT	ANALYSIS	__stdcall	undefined	0	false	\N	false	1000fc75-1000fde3	\N	\N	undefined __stdcall FUN_1000fc75(void)
1000fde4	FUN_1000fde4	FUN_1000fde4	Global	DEFAULT	ANALYSIS	__stdcall	undefined	0	false	\N	false	1000fde4-1000fe07	\N	\N	undefined __stdcall FUN_1000fde4(void)
1000fe08	FUN_1000fe08	FUN_1000fe08	Global	DEFAULT	ANALYSIS	__stdcall	undefined	1	false	\N	false	1000fe08-1000febf	\N	\N	undefined __stdcall FUN_1000fe08(int param_1)
1000fec0	FUN_1000fec0	FUN_1000fec0	Global	DEFAULT	ANALYSIS	__stdcall	undefined	1	false	\N	false	1000fec0-1000ff47	\N	\N	undefined __stdcall FUN_1000fec0(int param_1)
1000ff48	FUN_1000ff48	FUN_1000ff48	Global	DEFAULT	ANALYSIS	__cdecl	undefined	2	false	\N	false	1000ff48-1000ff8b	\N	\N	undefined __cdecl FUN_1000ff48(int param_1, void * param_2)
1000ff8c	FUN_1000ff8c	FUN_1000ff8c	Global	DEFAULT	ANALYSIS	__stdcall	undefined	1	false	\N	false	1000ff8c-1000ffb1	\N	\N	undefined __stdcall FUN_1000ff8c(int param_1)
1000ffc0	FUN_1000ffc0	FUN_1000ffc0	Global	DEFAULT	ANALYSIS	__stdcall	undefined4	1	false	\N	false	1000ffc0-1000fff6	\N	\N	undefined4 __stdcall FUN_1000ffc0(uint param_1)
10010000	FUN_10010000	FUN_10010000	Global	DEFAULT	ANALYSIS	__cdecl	int	2	false	\N	false	10010000-100100a5	\N	\N	int __cdecl FUN_10010000(int param_1, int param_2)
100100b0	FUN_100100b0	FUN_100100b0	Global	DEFAULT	ANALYSIS	__stdcall	undefined	0	false	\N	false	100100b0-100100e4	\N	\N	undefined __stdcall FUN_100100b0(void)
100100e5	FUN_100100e5	FUN_100100e5	Global	DEFAULT	ANALYSIS	__stdcall	int *	1	false	\N	false	100100e5-1001012d	\N	\N	int * __stdcall FUN_100100e5(int param_1)
1001012e	FUN_1001012e	FUN_1001012e	Global	DEFAULT	ANALYSIS	__cdecl	undefined4 *	1	false	\N	false	1001012e-10010173	\N	\N	undefined4 * __cdecl FUN_1001012e(int * param_1)
10010174	FUN_10010174	FUN_10010174	Global	DEFAULT	ANALYSIS	__cdecl	undefined	1	false	\N	false	10010174-10010199	\N	\N	undefined __cdecl FUN_10010174(undefined4 * param_1)
1001019a	FUN_1001019a	FUN_1001019a	Global	DEFAULT	ANALYSIS	__stdcall	undefined	0	false	\N	false	1001019a-100101da	\N	\N	undefined __stdcall FUN_1001019a(void)
100101db	FUN_100101db	FUN_100101db	Global	DEFAULT	ANALYSIS	__stdcall	undefined	1	false	\N	false	100101db-1001022f	\N	\N	undefined __stdcall FUN_100101db(undefined1 param_1)
10010230	FUN_10010230	FUN_10010230	Global	DEFAULT	ANALYSIS	__stdcall	undefined	2	false	\N	false	10010230-10010300	\N	\N	undefined __stdcall FUN_10010230(undefined4 * param_1, char * param_2)
10010301	FUN_10010301	FUN_10010301	Global	DEFAULT	ANALYSIS	__stdcall	undefined	1	false	\N	false	10010301-1001032f	\N	\N	undefined __stdcall FUN_10010301(char * param_1)
10010330	FUN_10010330	FUN_10010330	Global	DEFAULT	ANALYSIS	__cdecl	undefined	3	false	\N	false	10010330-1001040b	\N	\N	undefined __cdecl FUN_10010330(undefined4 param_1, char * param_2, undefined4 * param_3)
1001040c	FUN_1001040c	FUN_1001040c	Global	DEFAULT	ANALYSIS	__stdcall	undefined	1	false	\N	false	1001040c-1001043d	\N	\N	undefined __stdcall FUN_1001040c(char * param_1)
1001043e	FUN_1001043e	FUN_1001043e	Global	DEFAULT	ANALYSIS	__stdcall	int	0	false	\N	false	1001043e-1001048a	\N	\N	int __stdcall FUN_1001043e(void)
1001048b	FUN_1001048b	FUN_1001048b	Global	DEFAULT	ANALYSIS	__stdcall	undefined4 *	0	false	\N	false	1001048b-100104da	\N	\N	undefined4 * __stdcall FUN_1001048b(void)
100104db	FUN_100104db	FUN_100104db	Global	DEFAULT	ANALYSIS	__cdecl	undefined	2	false	\N	false	100104db-10010530	\N	\N	undefined __cdecl FUN_100104db(undefined4 * param_1, undefined4 * param_2)
10010531	FUN_10010531	FUN_10010531	Global	DEFAULT	ANALYSIS	__stdcall	undefined4 *	1	false	\N	false	10010531-1001057e	\N	\N	undefined4 * __stdcall FUN_10010531(undefined4 * param_1)
1001057f	FUN_1001057f	FUN_1001057f	Global	DEFAULT	ANALYSIS	__stdcall	undefined	0	false	\N	false	1001057f-100105c1	\N	\N	undefined __stdcall FUN_1001057f(void)
100105c2	FUN_100105c2	FUN_100105c2	Global	DEFAULT	ANALYSIS	__stdcall	undefined	0	false	\N	false	100105c2-10010604	\N	\N	undefined __stdcall FUN_100105c2(void)
10010605	FUN_10010605	FUN_10010605	Global	DEFAULT	ANALYSIS	__stdcall	undefined	0	false	\N	false	10010605-10010648	\N	\N	undefined __stdcall FUN_10010605(void)
10010649	FUN_10010649	FUN_10010649	Global	DEFAULT	ANALYSIS	__stdcall	undefined	0	false	\N	false	10010649-1001068b	\N	\N	undefined __stdcall FUN_10010649(void)
1001068c	FUN_1001068c	FUN_1001068c	Global	DEFAULT	ANALYSIS	__stdcall	undefined	0	false	\N	false	1001068c-100106d2	\N	\N	undefined __stdcall FUN_1001068c(void)
100106d3	FUN_100106d3	FUN_100106d3	Global	DEFAULT	ANALYSIS	__stdcall	undefined	1	false	\N	false	100106d3-10010787	\N	\N	undefined __stdcall FUN_100106d3(undefined4 param_1)
10010788	FUN_10010788	FUN_10010788	Global	DEFAULT	ANALYSIS	__stdcall	undefined	1	false	\N	false	10010788-100107cf	\N	\N	undefined __stdcall FUN_10010788(undefined1 param_1)
100107d0	FUN_100107d0	FUN_100107d0	Global	DEFAULT	ANALYSIS	__stdcall	undefined	1	false	\N	false	100107d0-100107fc	\N	\N	undefined __stdcall FUN_100107d0(undefined1 param_1)
100107fd	FUN_100107fd	FUN_100107fd	Global	DEFAULT	ANALYSIS	__stdcall	undefined	0	false	\N	false	100107fd-1001085f	\N	\N	undefined __stdcall FUN_100107fd(void)
10010860	FUN_10010860	FUN_10010860	Global	DEFAULT	ANALYSIS	__stdcall	undefined	0	false	\N	false	10010860-100108c5	\N	\N	undefined __stdcall FUN_10010860(void)
100108c6	FUN_100108c6	FUN_100108c6	Global	DEFAULT	ANALYSIS	__stdcall	undefined4 *	0	false	\N	false	100108c6-100108f9	\N	\N	undefined4 * __stdcall FUN_100108c6(void)
100108fa	FUN_100108fa	FUN_100108fa	Global	DEFAULT	ANALYSIS	__stdcall	undefined	0	false	\N	false	100108fa-1001092a	\N	\N	undefined __stdcall FUN_100108fa(void)
1001092b	FUN_1001092b	FUN_1001092b	Global	DEFAULT	ANALYSIS	__stdcall	undefined	0	false	\N	false	1001092b-10010971	\N	\N	undefined __stdcall FUN_1001092b(void)
10010972	FUN_10010972	FUN_10010972	Global	DEFAULT	ANALYSIS	__stdcall	uint	1	false	\N	false	10010972-100109ee	\N	\N	uint __stdcall FUN_10010972(uint param_1)
100109ef	FUN_100109ef	FUN_100109ef	Global	DEFAULT	ANALYSIS	__stdcall	undefined	1	false	\N	false	100109ef-10010a73	\N	\N	undefined __stdcall FUN_100109ef(undefined4 param_1)
10010a74	FUN_10010a74	FUN_10010a74	Global	DEFAULT	ANALYSIS	__stdcall	undefined	1	false	\N	false	10010a74-10010af9	\N	\N	undefined __stdcall FUN_10010a74(int param_1)
10010afa	FUN_10010afa	FUN_10010afa	Global	DEFAULT	ANALYSIS	__stdcall	undefined4	2	false	\N	false	10010afa-10010bf2	\N	\N	undefined4 __stdcall FUN_10010afa(int param_1, int param_2)
10010bf3	FUN_10010bf3	FUN_10010bf3	Global	DEFAULT	ANALYSIS	__stdcall	undefined4	1	false	\N	false	10010bf3-10010c40	\N	\N	undefined4 __stdcall FUN_10010bf3(int param_1)
10010c41	FUN_10010c41	FUN_10010c41	Global	DEFAULT	ANALYSIS	__stdcall	undefined4	1	false	\N	false	10010c41-10010ceb	\N	\N	undefined4 __stdcall FUN_10010c41(int param_1)
10010cec	FUN_10010cec	FUN_10010cec	Global	DEFAULT	ANALYSIS	__stdcall	int *	2	false	\N	false	10010cec-10010dcd	\N	\N	int * __stdcall FUN_10010cec(int param_1, undefined1 * param_2)
10010dce	FUN_10010dce	FUN_10010dce	Global	DEFAULT	ANALYSIS	__stdcall	undefined4	2	false	\N	false	10010dce-10010e2d	\N	\N	undefined4 __stdcall FUN_10010dce(int param_1, int * param_2)
10010e2e	FUN_10010e2e	FUN_10010e2e	Global	DEFAULT	ANALYSIS	__stdcall	int *	0	false	\N	false	10010e2e-10010eed	\N	\N	int * __stdcall FUN_10010e2e(void)
10010eee	FUN_10010eee	FUN_10010eee	Global	DEFAULT	ANALYSIS	__stdcall	int	0	false	\N	false	10010eee-10010fae	\N	\N	int __stdcall FUN_10010eee(void)
10010faf	FUN_10010faf	FUN_10010faf	Global	DEFAULT	ANALYSIS	__stdcall	undefined	0	false	\N	false	10010faf-10011016	\N	\N	undefined __stdcall FUN_10010faf(void)
10011017	FUN_10011017	FUN_10011017	Global	DEFAULT	ANALYSIS	__stdcall	undefined4	0	false	\N	false	10011017-1001102f	\N	\N	undefined4 __stdcall FUN_10011017(void)
10011030	FUN_10011030	FUN_10011030	Global	DEFAULT	ANALYSIS	__cdecl	undefined	2	false	\N	false	10011030-100110a6	\N	\N	undefined __cdecl FUN_10011030(int * param_1, int * param_2)
100110b0	FUN_100110b0	FUN_100110b0	Global	DEFAULT	ANALYSIS	__stdcall	undefined	0	false	\N	false	100110b0-100110d0	\N	\N	undefined __stdcall FUN_100110b0(void)
100110e0	FUN_100110e0	FUN_100110e0	Global	DEFAULT	ANALYSIS	__stdcall	undefined	0	false	\N	false	100110e0-100110e4	\N	\N	undefined __stdcall FUN_100110e0(void)
100110f0	FUN_100110f0	FUN_100110f0	Global	DEFAULT	ANALYSIS	__stdcall	undefined	0	false	\N	false	100110f0-10011130	\N	\N	undefined __stdcall FUN_100110f0(void)
10011140	FUN_10011140	FUN_10011140	Global	DEFAULT	ANALYSIS	__cdecl	undefined4	1	false	\N	false	10011140-1001115b	\N	\N	undefined4 __cdecl FUN_10011140(undefined4 param_1)
10011160	FUN_10011160	FUN_10011160	Global	DEFAULT	ANALYSIS	__cdecl	undefined	3	false	\N	false	10011160-100114c4;100114c7-100114dd	\N	\N	undefined __cdecl FUN_10011160(uint * param_1, uint * param_2, int param_3)
100114e0	__ftol	__ftol	Global	ANALYSIS	ANALYSIS	__stdcall	longlong	0	false	\N	false	100114e0-10011506	Library Function - Single Match\n __ftol\n\nLibrary: Visual Studio	\N	longlong __stdcall __ftol(void)
10011510	FUN_10011510	FUN_10011510	Global	DEFAULT	ANALYSIS	__cdecl	undefined4 *	3	false	\N	false	10011510-1001156a;1001156c-10011572;10011580-100115a8;100115ac-100115ce;100115d0-100115e8;1001160c-10011655;10011668-1001166e;10011670-1001167a;1001167c-1001168c;10011690-100116a6;100116a8-100116cd;100116d0-100116d8;100116dc-100116fa;10011708-10011724;10011728-1001174e;10011750-10011780;100117a4-100117ed;10011800-10011806;10011808-10011814;10011818-1001182a;1001182c-10011844	\N	\N	undefined4 * __cdecl FUN_10011510(undefined4 * param_1, undefined4 * param_2, uint param_3)
10011850	_memset	_memset	Global	ANALYSIS	IMPORTED	__cdecl	void *	3	false	\N	false	10011850-100118a7	Library Function - Single Match\n _memset\n\nLibraries: Visual Studio 1998 Debug, Visual Studio 1998 Release	\N	void * __cdecl _memset(void * _Dst, int _Val, size_t _Size)
100118b0	FUN_100118b0	FUN_100118b0	Global	DEFAULT	ANALYSIS	__stdcall	undefined	1	false	\N	false	100118b0-100118dc	\N	\N	undefined __stdcall FUN_100118b0(undefined * UNRECOVERED_JUMPTABLE)
100118f0	_CallMemberFunction0	_CallMemberFunction0	Global	ANALYSIS	IMPORTED	__stdcall	void	2	false	\N	false	100118f0-100118f6	Library Function - Single Match\n void __stdcall _CallMemberFunction0(void *,void *)\n\nLibraries: Visual Studio 2003 Debug, Visual Studio 2003 Release	\N	void __stdcall _CallMemberFunction0(void * param_1, void * param_2)
10011900	FUN_10011900	FUN_10011900	Global	DEFAULT	ANALYSIS	__stdcall	undefined	2	false	\N	false	10011900-10011906	\N	\N	undefined __stdcall FUN_10011900(undefined4 param_1, undefined * UNRECOVERED_JUMPTABLE)
10011910	FUN_10011910	FUN_10011910	Global	DEFAULT	ANALYSIS	__stdcall	undefined	2	false	\N	false	10011910-10011916	\N	\N	undefined __stdcall FUN_10011910(undefined4 param_1, undefined * UNRECOVERED_JUMPTABLE)
10011920	FUN_10011920	FUN_10011920	Global	DEFAULT	ANALYSIS	__stdcall	undefined	2	false	\N	false	10011920-10011975	\N	\N	undefined __stdcall FUN_10011920(PVOID param_1, PEXCEPTION_RECORD param_2)
10011980	FID_conflict:___CxxFrameHandler3	FID_conflict:___CxxFrameHandler3	Global	ANALYSIS	ANALYSIS	__cdecl	undefined4	4	false	\N	false	10011980-100119bb	Library Function - Multiple Matches With Different Base Names\n ___CxxFrameHandler\n ___CxxFrameHandler2\n ___CxxFrameHandler3\n\nLibraries: Visual Studio 2003, Visual Studio 2005, Visual Studio 2008, Visual Studio 2010	\N	undefined4 __cdecl FID_conflict:___CxxFrameHandler3(EHExceptionRecord * param_1, EHRegistrationNode * param_2, _CONTEXT * param_3, void * param_4)
100119c0	___CxxLongjmpUnwind@4	___CxxLongjmpUnwind@4	Global	ANALYSIS	ANALYSIS	__stdcall	undefined	1	false	\N	false	100119c0-100119e5	Library Function - Single Match\n ___CxxLongjmpUnwind@4\n\nLibraries: Visual Studio 2003, Visual Studio 2005, Visual Studio 2008, Visual Studio 2010	\N	undefined __stdcall ___CxxLongjmpUnwind@4(int param_1)
100119f0	FUN_100119f0	FUN_100119f0	Global	DEFAULT	ANALYSIS	__cdecl	undefined4	5	false	\N	false	100119f0-10011a57	\N	\N	undefined4 __cdecl FUN_100119f0(undefined4 param_1, undefined4 param_2, undefined4 param_3, int param_4, int param_5)
10011a60	FUN_10011a60	FUN_10011a60	Global	DEFAULT	ANALYSIS	__cdecl	undefined	3	false	\N	false	10011a60-10011a98	\N	\N	undefined __cdecl FUN_10011a60(EHExceptionRecord * param_1, EHRegistrationNode * param_2, _CONTEXT * param_3)
10011aa0	FUN_10011aa0	FUN_10011aa0	Global	DEFAULT	ANALYSIS	__cdecl	undefined4	7	false	\N	false	10011aa0-10011b6b	\N	\N	undefined4 __cdecl FUN_10011aa0(undefined4 * param_1, undefined4 param_2, undefined4 param_3, undefined4 param_4, undefined4 param_5, undefined4 param_6, undefined4 param_7)
10011b70	FUN_10011b70	FUN_10011b70	Global	DEFAULT	ANALYSIS	__cdecl	undefined4	3	false	\N	false	10011b70-10011be6;10011bec-10011bf0	\N	\N	undefined4 __cdecl FUN_10011b70(PEXCEPTION_RECORD param_1, PVOID param_2, _CONTEXT * param_3)
10011c00	FUN_10011c00	FUN_10011c00	Global	DEFAULT	ANALYSIS	__cdecl	int	5	false	\N	false	10011c00-10011c81	\N	\N	int __cdecl FUN_10011c00(int param_1, int param_2, int param_3, uint * param_4, uint * param_5)
10011c90	__global_unwind2	__global_unwind2	Global	ANALYSIS	ANALYSIS	__cdecl	undefined	1	false	\N	false	10011c90-10011caf	Library Function - Single Match\n __global_unwind2\n\nLibrary: Visual Studio	\N	undefined __cdecl __global_unwind2(PVOID param_1)
10011cd2	__local_unwind2	__local_unwind2	Global	ANALYSIS	ANALYSIS	__cdecl	undefined	2	false	\N	false	10011cd2-10011d39	Library Function - Single Match\n __local_unwind2\n\nLibraries: Visual Studio 1998 Debug, Visual Studio 1998 Release, Visual Studio 2003 Debug, Visual Studio 2003 Release	\N	undefined __cdecl __local_unwind2(int param_1, int param_2)
10011d3a	__abnormal_termination	__abnormal_termination	Global	ANALYSIS	IMPORTED	__cdecl	int	0	false	\N	false	10011d3a-10011d5c	Library Function - Single Match\n __abnormal_termination\n\nLibrary: Visual Studio	\N	int __cdecl __abnormal_termination(void)
10011d5d	__NLG_Notify1	__NLG_Notify1	Global	ANALYSIS	ANALYSIS	__fastcall	undefined	1	false	\N	false	10011d5d-10011d65	Library Function - Single Match\n __NLG_Notify1\n\nLibraries: Visual Studio 2017 Debug, Visual Studio 2017 Release, Visual Studio 2019 Debug, Visual Studio 2019 Release	\N	undefined __fastcall __NLG_Notify1(undefined4 param_1)
10011d66	FUN_10011d66	FUN_10011d66	Global	DEFAULT	ANALYSIS	__stdcall	undefined	0	false	\N	false	10011d66-10011d7d	\N	\N	undefined __stdcall FUN_10011d66(void)
10011d80	FUN_10011d80	FUN_10011d80	Global	DEFAULT	ANALYSIS	__stdcall	undefined	0	false	\N	false	10011d80-10011d93	\N	\N	undefined __stdcall FUN_10011d80(void)
10011d94	FUN_10011d94	FUN_10011d94	Global	DEFAULT	ANALYSIS	__fastcall	undefined	1	false	\N	false	10011d94-10011d9c	\N	\N	undefined __fastcall FUN_10011d94(undefined4 param_1)
10011d9d	FUN_10011d9d	FUN_10011d9d	Global	DEFAULT	ANALYSIS	__cdecl	uint	2	false	\N	false	10011d9d-10011e2d	\N	\N	uint __cdecl FUN_10011d9d(int param_1, undefined4 param_2)
10011e30	FUN_10011e30	FUN_10011e30	Global	DEFAULT	ANALYSIS	__stdcall	undefined	0	false	\N	false	10011e30-10011e43	\N	\N	undefined __stdcall FUN_10011e30(void)
10011e44	FUN_10011e44	FUN_10011e44	Global	DEFAULT	ANALYSIS	__fastcall	undefined	1	false	\N	false	10011e44-10011e4c	\N	\N	undefined __fastcall FUN_10011e44(undefined4 param_1)
10011e4d	FUN_10011e4d	FUN_10011e4d	Global	DEFAULT	ANALYSIS	__cdecl	uint	2	false	\N	false	10011e4d-10011edd	\N	\N	uint __cdecl FUN_10011e4d(int param_1, undefined4 param_2)
10011ee0	FUN_10011ee0	FUN_10011ee0	Global	DEFAULT	ANALYSIS	__cdecl	undefined	1	false	\N	false	10011ee0-10011eef	\N	\N	undefined __cdecl FUN_10011ee0(DWORD param_1)
10011ef0	_rand	_rand	Global	ANALYSIS	IMPORTED	__cdecl	int	0	false	\N	false	10011ef0-10011f25	Library Function - Single Match\n _rand\n\nLibraries: Visual Studio 2003 Debug, Visual Studio 2005 Debug, Visual Studio 2008 Debug	\N	int __cdecl _rand(void)
10011f30	_malloc	_malloc	Global	ANALYSIS	IMPORTED	__cdecl	void *	1	false	\N	false	10011f30-10011f55	Library Function - Single Match\n _malloc\n\nLibrary: Visual Studio	\N	void * __cdecl _malloc(size_t _Size)
10011f60	__malloc_dbg	__malloc_dbg	Global	ANALYSIS	ANALYSIS	__cdecl	undefined4	4	false	\N	false	10011f60-10011f8b	Library Function - Single Match\n __malloc_dbg\n\nLibrary: Visual Studio	\N	undefined4 __cdecl __malloc_dbg(void * param_1, uint param_2, int param_3, undefined4 param_4)
10011f90	FUN_10011f90	FUN_10011f90	Global	DEFAULT	ANALYSIS	__cdecl	undefined	2	false	\N	false	10011f90-10011faa	\N	\N	undefined __cdecl FUN_10011f90(void * param_1, undefined4 param_2)
10011fb0	FUN_10011fb0	FUN_10011fb0	Global	DEFAULT	ANALYSIS	__thiscall	undefined	6	false	\N	false	10011fb0-1001200c	\N	\N	undefined __thiscall FUN_10011fb0(uint param_1, undefined4 param_2, uint param_3, int param_4, undefined4 param_5)
1001200d	FUN_1001200d	FUN_1001200d	Global	DEFAULT	ANALYSIS	__stdcall	undefined	0	false	\N	false	1001200d-10012017	\N	\N	undefined __stdcall FUN_1001200d(void)
10012018	FUN_10012018	FUN_10012018	Global	DEFAULT	ANALYSIS	__stdcall	undefined4	0	false	\N	false	10012018-1001204f	\N	\N	undefined4 __stdcall FUN_10012018(void)
10012050	FUN_10012050	FUN_10012050	Global	DEFAULT	ANALYSIS	__cdecl	undefined	1	false	\N	false	10012050-10012066	\N	\N	undefined __cdecl FUN_10012050(uint param_1)
10012070	FUN_10012070	FUN_10012070	Global	DEFAULT	ANALYSIS	__cdecl	undefined4 *	4	false	\N	false	10012070-10012382	\N	\N	undefined4 * __cdecl FUN_10012070(uint param_1, uint param_2, int param_3, undefined4 param_4)
10012390	_calloc	_calloc	Global	ANALYSIS	IMPORTED	__cdecl	void *	2	false	\N	false	10012390-100123b3	Library Function - Single Match\n _calloc\n\nLibrary: Visual Studio 2003 Debug	\N	void * __cdecl _calloc(size_t _Count, size_t _Size)
100123c0	__calloc_dbg	__calloc_dbg	Global	ANALYSIS	ANALYSIS	__cdecl	undefined1 *	5	false	\N	false	100123c0-1001241f	Library Function - Single Match\n __calloc_dbg\n\nLibrary: Visual Studio 2003 Debug	\N	undefined1 * __cdecl __calloc_dbg(int param_1, int param_2, uint param_3, int param_4, undefined4 param_5)
10012420	FID_conflict:__expand	FID_conflict:__expand	Global	ANALYSIS	IMPORTED	__cdecl	void *	2	false	\N	false	10012420-10012443	Library Function - Multiple Matches With Different Base Names\n __expand\n _realloc\n\nLibrary: Visual Studio 2003 Debug	\N	void * __cdecl FID_conflict:__expand(void * _Memory, size_t _NewSize)
10012450	FID_conflict:__realloc_dbg	FID_conflict:__realloc_dbg	Global	ANALYSIS	ANALYSIS	__thiscall	undefined	6	false	\N	false	10012450-100124b2	Library Function - Multiple Matches With Different Base Names\n __expand_dbg\n __realloc_dbg\n\nLibrary: Visual Studio 2003 Debug	\N	undefined __thiscall FID_conflict:__realloc_dbg(void * param_1, void * param_2, uint param_3, int param_4, int param_5)
100124b3	FUN_100124b3	FUN_100124b3	Global	DEFAULT	ANALYSIS	__stdcall	undefined	0	false	\N	false	100124b3-100124bd	\N	\N	undefined __stdcall FUN_100124b3(void)
100124be	FUN_100124be	FUN_100124be	Global	DEFAULT	ANALYSIS	__stdcall	undefined4	0	false	\N	false	100124be-100124d1	\N	\N	undefined4 __stdcall FUN_100124be(void)
100124e0	FUN_100124e0	FUN_100124e0	Global	DEFAULT	ANALYSIS	__cdecl	int *	6	false	\N	false	100124e0-100129f0	\N	\N	int * __cdecl FUN_100124e0(void * param_1, void * param_2, uint param_3, int param_4, int param_5, int param_6)
10012a00	FID_conflict:__expand	FID_conflict:__expand	Global	ANALYSIS	IMPORTED	__cdecl	void *	2	false	\N	false	10012a00-10012a23	Library Function - Multiple Matches With Different Base Names\n __expand\n _realloc\n\nLibrary: Visual Studio 2003 Debug	\N	void * __cdecl FID_conflict:__expand(void * _Memory, size_t _NewSize)
10012a30	FID_conflict:__realloc_dbg	FID_conflict:__realloc_dbg	Global	ANALYSIS	ANALYSIS	__thiscall	undefined	6	false	\N	false	10012a30-10012a92	Library Function - Multiple Matches With Different Base Names\n __expand_dbg\n __realloc_dbg\n\nLibrary: Visual Studio 2003 Debug	\N	undefined __thiscall FID_conflict:__realloc_dbg(void * param_1, void * param_2, uint param_3, int param_4, int param_5)
10012a93	FUN_10012a93	FUN_10012a93	Global	DEFAULT	ANALYSIS	__stdcall	undefined	0	false	\N	false	10012a93-10012a9d	\N	\N	undefined __stdcall FUN_10012a93(void)
10012a9e	FUN_10012a9e	FUN_10012a9e	Global	DEFAULT	ANALYSIS	__stdcall	undefined4	0	false	\N	false	10012a9e-10012ab1	\N	\N	undefined4 __stdcall FUN_10012a9e(void)
10012ac0	FUN_10012ac0	FUN_10012ac0	Global	DEFAULT	ANALYSIS	__cdecl	undefined	1	false	\N	false	10012ac0-10012ad2	\N	\N	undefined __cdecl FUN_10012ac0(void * param_1)
10012ae0	FUN_10012ae0	FUN_10012ae0	Global	DEFAULT	ANALYSIS	__cdecl	undefined	1	false	\N	false	10012ae0-10012af2	\N	\N	undefined __cdecl FUN_10012ae0(void * param_1)
10012b00	__free_dbg	__free_dbg	Global	ANALYSIS	ANALYSIS	__stdcall	undefined	2	false	\N	false	10012b00-10012b51	Library Function - Single Match\n __free_dbg\n\nLibrary: Visual Studio 2003 Debug	\N	undefined __stdcall __free_dbg(void * param_1, int param_2)
10012b52	FUN_10012b52	FUN_10012b52	Global	DEFAULT	ANALYSIS	__stdcall	undefined	0	false	\N	false	10012b52-10012b5c	\N	\N	undefined __stdcall FUN_10012b52(void)
10012b5d	FUN_10012b5d	FUN_10012b5d	Global	DEFAULT	ANALYSIS	__stdcall	undefined	0	false	\N	false	10012b5d-10012b6d	\N	\N	undefined __stdcall FUN_10012b5d(void)
10012b70	FUN_10012b70	FUN_10012b70	Global	DEFAULT	ANALYSIS	__cdecl	undefined	2	false	\N	false	10012b70-10012f5b	\N	\N	undefined __cdecl FUN_10012b70(void * param_1, int param_2)
10012f60	FUN_10012f60	FUN_10012f60	Global	DEFAULT	ANALYSIS	__thiscall	undefined	2	false	\N	false	10012f60-10012f72	\N	\N	undefined __thiscall FUN_10012f60(int param_1)
10012f80	FUN_10012f80	FUN_10012f80	Global	DEFAULT	ANALYSIS	__thiscall	undefined	3	false	\N	false	10012f80-100130f0	\N	\N	undefined __thiscall FUN_10012f80(int param_1, int param_2)
100130f1	FUN_100130f1	FUN_100130f1	Global	DEFAULT	ANALYSIS	__stdcall	undefined	0	false	\N	false	100130f1-100130fb	\N	\N	undefined __stdcall FUN_100130f1(void)
100130fc	FUN_100130fc	FUN_100130fc	Global	DEFAULT	ANALYSIS	__stdcall	undefined4	0	false	\N	false	100130fc-1001310f	\N	\N	undefined4 __stdcall FUN_100130fc(void)
10013110	FUN_10013110	FUN_10013110	Global	DEFAULT	ANALYSIS	__cdecl	undefined4	1	false	\N	false	10013110-1001312b	\N	\N	undefined4 __cdecl FUN_10013110(undefined4 param_1)
10013130	FUN_10013130	FUN_10013130	Global	DEFAULT	ANALYSIS	__thiscall	undefined	3	false	\N	false	10013130-100131ec	\N	\N	undefined __thiscall FUN_10013130(int param_1, undefined4 param_2)
100131ed	FUN_100131ed	FUN_100131ed	Global	DEFAULT	ANALYSIS	__stdcall	undefined	0	false	\N	false	100131ed-100131f7	\N	\N	undefined __stdcall FUN_100131ed(void)
100131f8	FUN_100131f8	FUN_100131f8	Global	DEFAULT	ANALYSIS	__stdcall	undefined	0	false	\N	false	100131f8-10013208	\N	\N	undefined __stdcall FUN_100131f8(void)
10013210	FUN_10013210	FUN_10013210	Global	DEFAULT	ANALYSIS	__cdecl	undefined *	1	false	\N	false	10013210-1001322b	\N	\N	undefined * __cdecl FUN_10013210(undefined * param_1)
10013230	FUN_10013230	FUN_10013230	Global	DEFAULT	ANALYSIS	__cdecl	undefined4	3	false	\N	false	10013230-100132b7	\N	\N	undefined4 __cdecl FUN_10013230(char * param_1, char param_2, int param_3)
100132c0	FUN_100132c0	FUN_100132c0	Global	DEFAULT	ANALYSIS	__stdcall	undefined4	0	false	\N	false	100132c0-10013634	\N	\N	undefined4 __stdcall FUN_100132c0(void)
10013635	FUN_10013635	FUN_10013635	Global	DEFAULT	ANALYSIS	__stdcall	undefined	0	false	\N	false	10013635-1001363f	\N	\N	undefined __stdcall FUN_10013635(void)
10013640	FUN_10013640	FUN_10013640	Global	DEFAULT	ANALYSIS	__stdcall	undefined4	0	false	\N	false	10013640-10013653	\N	\N	undefined4 __stdcall FUN_10013640(void)
10013670	FUN_10013670	FUN_10013670	Global	DEFAULT	ANALYSIS	__cdecl	int	1	false	\N	false	10013670-10013691	\N	\N	int __cdecl FUN_10013670(int param_1)
100136a0	FUN_100136a0	FUN_100136a0	Global	DEFAULT	ANALYSIS	__thiscall	undefined	3	false	\N	false	100136a0-1001372c	\N	\N	undefined __thiscall FUN_100136a0(undefined * param_1, undefined4 param_2)
1001372d	FUN_1001372d	FUN_1001372d	Global	DEFAULT	ANALYSIS	__stdcall	undefined	0	false	\N	false	1001372d-10013737	\N	\N	undefined __stdcall FUN_1001372d(void)
10013738	FUN_10013738	FUN_10013738	Global	DEFAULT	ANALYSIS	__stdcall	undefined	0	false	\N	false	10013738-10013748	\N	\N	undefined __stdcall FUN_10013738(void)
10013750	__CrtIsValidPointer	__CrtIsValidPointer	Global	ANALYSIS	ANALYSIS	__cdecl	undefined4	3	false	\N	false	10013750-1001379a	Library Function - Single Match\n __CrtIsValidPointer\n\nLibrary: Visual Studio 2003 Debug	\N	undefined4 __cdecl __CrtIsValidPointer(void * param_1, UINT_PTR param_2, int param_3)
100137a0	FUN_100137a0	FUN_100137a0	Global	DEFAULT	ANALYSIS	__cdecl	typedef BOOL int	1	false	\N	false	100137a0-100138c3	\N	\N	BOOL __cdecl FUN_100137a0(int param_1)
100138d0	__CrtIsMemoryBlock	__CrtIsMemoryBlock	Global	ANALYSIS	ANALYSIS	__stdcall	undefined4	5	false	\N	false	100138d0-100139d5	Library Function - Single Match\n __CrtIsMemoryBlock\n\nLibrary: Visual Studio 2003 Debug	\N	undefined4 __stdcall __CrtIsMemoryBlock(void * param_1, UINT_PTR param_2, undefined4 * param_3, undefined4 * param_4, undefined4 * param_5)
100139d6	FUN_100139d6	FUN_100139d6	Global	DEFAULT	ANALYSIS	__stdcall	undefined	0	false	\N	false	100139d6-100139e0	\N	\N	undefined __stdcall FUN_100139d6(void)
100139e1	FUN_100139e1	FUN_100139e1	Global	DEFAULT	ANALYSIS	__stdcall	undefined4	0	false	\N	false	100139e1-100139f4	\N	\N	undefined4 __stdcall FUN_100139e1(void)
10013a00	FUN_10013a00	FUN_10013a00	Global	DEFAULT	ANALYSIS	__cdecl	undefined4	1	false	\N	false	10013a00-10013a1b	\N	\N	undefined4 __cdecl FUN_10013a00(undefined4 param_1)
10013a20	FUN_10013a20	FUN_10013a20	Global	DEFAULT	ANALYSIS	__stdcall	undefined	1	false	\N	false	10013a20-10013ba7	\N	\N	undefined __stdcall FUN_10013a20(undefined4 * param_1)
10013ba8	FUN_10013ba8	FUN_10013ba8	Global	DEFAULT	ANALYSIS	__stdcall	undefined	0	false	\N	false	10013ba8-10013bb2	\N	\N	undefined __stdcall FUN_10013ba8(void)
10013bb3	FUN_10013bb3	FUN_10013bb3	Global	DEFAULT	ANALYSIS	__stdcall	undefined	0	false	\N	false	10013bb3-10013bc3	\N	\N	undefined __stdcall FUN_10013bb3(void)
10013bd0	FUN_10013bd0	FUN_10013bd0	Global	DEFAULT	ANALYSIS	__cdecl	undefined4	3	false	\N	false	10013bd0-10013cf2	\N	\N	undefined4 __cdecl FUN_10013bd0(undefined4 * param_1, int param_2, int param_3)
10013d00	FUN_10013d00	FUN_10013d00	Global	DEFAULT	ANALYSIS	__stdcall	undefined	1	false	\N	false	10013d00-10013fb0	\N	\N	undefined __stdcall FUN_10013d00(undefined4 * param_1)
10013fb1	FUN_10013fb1	FUN_10013fb1	Global	DEFAULT	ANALYSIS	__stdcall	undefined	0	false	\N	false	10013fb1-10013fbb	\N	\N	undefined __stdcall FUN_10013fb1(void)
10013fbc	FUN_10013fbc	FUN_10013fbc	Global	DEFAULT	ANALYSIS	__stdcall	undefined	0	false	\N	false	10013fbc-10013ff2	\N	\N	undefined __stdcall FUN_10013fbc(void)
10014000	FUN_10014000	FUN_10014000	Global	DEFAULT	ANALYSIS	__cdecl	undefined	1	false	\N	false	10014000-10014113	\N	\N	undefined __cdecl FUN_10014000(int param_1)
10014120	FUN_10014120	FUN_10014120	Global	DEFAULT	ANALYSIS	__stdcall	undefined4	0	false	\N	false	10014120-10014193	\N	\N	undefined4 __stdcall FUN_10014120(void)
100141a0	FUN_100141a0	FUN_100141a0	Global	DEFAULT	ANALYSIS	__cdecl	undefined	1	false	\N	false	100141a0-10014264	\N	\N	undefined __cdecl FUN_100141a0(int param_1)
10014270	FUN_10014270	FUN_10014270	Global	DEFAULT	ANALYSIS	__stdcall	undefined	0	false	\N	false	10014270-100142a7	\N	\N	undefined __stdcall FUN_10014270(void)
100142b0	FUN_100142b0	FUN_100142b0	Global	DEFAULT	ANALYSIS	__cdecl	undefined	1	false	\N	false	100142b0-100142c4	\N	\N	undefined __cdecl FUN_100142b0(UINT param_1)
100142d0	__exit	__exit	Global	ANALYSIS	IMPORTED	__cdecl	void	1	false	\N	false	100142d0-100142e4	Library Function - Single Match\n __exit\n\nLibrary: Visual Studio 2003 Debug	\N	void __cdecl __exit(int _Code)
100142f0	FUN_100142f0	FUN_100142f0	Global	DEFAULT	ANALYSIS	__stdcall	undefined	0	false	\N	false	100142f0-10014302	\N	\N	undefined __stdcall FUN_100142f0(void)
10014310	FUN_10014310	FUN_10014310	Global	DEFAULT	ANALYSIS	__stdcall	undefined	0	false	\N	false	10014310-10014322	\N	\N	undefined __stdcall FUN_10014310(void)
10014330	FUN_10014330	FUN_10014330	Global	DEFAULT	ANALYSIS	__cdecl	undefined	3	false	\N	false	10014330-10014412	\N	\N	undefined __cdecl FUN_10014330(UINT param_1, int param_2, int param_3)
10014420	FUN_10014420	FUN_10014420	Global	DEFAULT	ANALYSIS	__stdcall	undefined	0	false	\N	false	10014420-1001442e	\N	\N	undefined __stdcall FUN_10014420(void)
10014430	FUN_10014430	FUN_10014430	Global	DEFAULT	ANALYSIS	__stdcall	undefined	0	false	\N	false	10014430-1001443e	\N	\N	undefined __stdcall FUN_10014430(void)
10014440	__initterm	__initterm	Global	ANALYSIS	ANALYSIS	__cdecl	undefined	2	false	\N	false	10014440-10014464	Library Function - Single Match\n __initterm\n\nLibrary: Visual Studio 2003 Debug	\N	undefined __cdecl __initterm(int * param_1, int * param_2)
10014470	FUN_10014470	FUN_10014470	Global	DEFAULT	ANALYSIS	__stdcall	undefined	4	false	\N	false	10014470-100144e4	\N	\N	undefined __stdcall FUN_10014470(undefined4 param_1, undefined4 param_2, int param_3, undefined * param_4)
100144e5	FUN_100144e5	FUN_100144e5	Global	DEFAULT	ANALYSIS	__stdcall	undefined	0	false	\N	false	100144e5-10014500	\N	\N	undefined __stdcall FUN_100144e5(void)
10014501	FUN_10014501	FUN_10014501	Global	DEFAULT	ANALYSIS	__stdcall	undefined	0	false	\N	false	10014501-10014513	\N	\N	undefined __stdcall FUN_10014501(void)
10014520	FUN_10014520	FUN_10014520	Global	DEFAULT	ANALYSIS	__stdcall	undefined	4	false	\N	false	10014520-10014575;1001458d-1001459f	\N	\N	undefined __stdcall FUN_10014520(undefined4 param_1, undefined4 param_2, int param_3, undefined * param_4)
100145a0	ArrayUnwindFilter	ArrayUnwindFilter	Global	ANALYSIS	IMPORTED	__cdecl	int	1	false	\N	false	100145a0-100145cb	Library Function - Single Match\n int __cdecl ArrayUnwindFilter(struct _EXCEPTION_POINTERS *)\n\nLibrary: Visual Studio	\N	int __cdecl ArrayUnwindFilter(_EXCEPTION_POINTERS * param_1)
100145d0	`eh_vector_constructor_iterator'	`eh_vector_constructor_iterator'	Global	ANALYSIS	IMPORTED	__stdcall	void	5	false	\N	false	100145d0-10014640	Library Function - Single Match\n void __stdcall `eh vector constructor iterator'(void *,unsigned int,int,void (__thiscall*)(void *),void (__thiscall*)(void *))\n\nLibraries: Visual Studio 2003 Debug, Visual Studio 2003 Release	\N	void __stdcall `eh_vector_constructor_iterator'(void * param_1, uint param_2, int param_3, _func_void_void_ptr * param_4, _func_void_void_ptr * param_5)
10014641	FUN_10014641	FUN_10014641	Global	DEFAULT	ANALYSIS	__stdcall	undefined	0	false	\N	false	10014641-1001465c	\N	\N	undefined __stdcall FUN_10014641(void)
1001465d	FUN_1001465d	FUN_1001465d	Global	DEFAULT	ANALYSIS	__stdcall	undefined	0	false	\N	false	1001465d-1001466f	\N	\N	undefined __stdcall FUN_1001465d(void)
10014670	_strlen	_strlen	Global	ANALYSIS	IMPORTED	__cdecl	typedef size_t uint	1	false	\N	false	10014670-100146ea	Library Function - Single Match\n _strlen\n\nLibraries: Visual Studio 1998 Debug, Visual Studio 1998 Release	\N	size_t __cdecl _strlen(char * _Str)
100146f0	FUN_100146f0	FUN_100146f0	Global	DEFAULT	ANALYSIS	__cdecl	int	2	false	\N	false	100146f0-100147e9	\N	\N	int __cdecl FUN_100146f0(undefined1 * param_1, byte * param_2)
100147f0	FUN_100147f0	FUN_100147f0	Global	DEFAULT	ANALYSIS	__stdcall	undefined4	2	false	\N	false	100147f0-10014928	\N	\N	undefined4 __stdcall FUN_100147f0(undefined4 param_1, int param_2)
10014930	entry	entry	Global	IMPORTED	ANALYSIS	__stdcall	int	3	false	\N	false	10014930-10014a22	\N	\N	int __stdcall entry(undefined4 param_1, int param_2, undefined4 param_3)
10014a30	__amsg_exit	__amsg_exit	Global	ANALYSIS	IMPORTED	__cdecl	void	1	false	\N	false	10014a30-10014a69	Library Function - Single Match\n __amsg_exit\n\nLibrary: Visual Studio 2003 Debug	\N	void __cdecl __amsg_exit(int param_1)
10014a70	FUN_10014a70	FUN_10014a70	Global	DEFAULT	ANALYSIS	__stdcall	undefined	0	false	\N	false	10014a70-10014a9e	\N	\N	undefined __stdcall FUN_10014a70(void)
10014aa0	FUN_10014aa0	FUN_10014aa0	Global	DEFAULT	ANALYSIS	__cdecl	int	1	false	\N	false	10014aa0-10014b39	\N	\N	int __cdecl FUN_10014aa0(byte * param_1)
10014b40	FUN_10014b40	FUN_10014b40	Global	DEFAULT	ANALYSIS	__stdcall	undefined	4	false	\N	false	10014b40-10014b49	\N	\N	undefined __stdcall FUN_10014b40(uint param_1, int param_2, uint param_3, int param_4)
10014b60	FUN_10014b60	FUN_10014b60	Global	DEFAULT	ANALYSIS	__stdcall	undefined	0	false	\N	false	10014b60-10014b73	\N	\N	undefined __stdcall FUN_10014b60(void)
10014b74	FUN_10014b74	FUN_10014b74	Global	DEFAULT	ANALYSIS	__fastcall	undefined	1	false	\N	false	10014b74-10014b7c	\N	\N	undefined __fastcall FUN_10014b74(undefined4 param_1)
10014b7d	FUN_10014b7d	FUN_10014b7d	Global	DEFAULT	ANALYSIS	__cdecl	undefined	2	false	\N	false	10014b7d-10014c2a	\N	\N	undefined __cdecl FUN_10014b7d(int param_1, uint param_2)
10014c30	FUN_10014c30	FUN_10014c30	Global	DEFAULT	ANALYSIS	__stdcall	undefined	0	false	\N	false	10014c30-10014c43	\N	\N	undefined __stdcall FUN_10014c30(void)
10014c44	FUN_10014c44	FUN_10014c44	Global	DEFAULT	ANALYSIS	__fastcall	undefined	1	false	\N	false	10014c44-10014c4c	\N	\N	undefined __fastcall FUN_10014c44(undefined4 param_1)
10014c4d	FUN_10014c4d	FUN_10014c4d	Global	DEFAULT	ANALYSIS	__cdecl	uint	2	false	\N	false	10014c4d-10014ce9;10017c9e-10017caa	\N	\N	uint __cdecl FUN_10014c4d(uint param_1, uint param_2)
10014cf0	FUN_10014cf0	FUN_10014cf0	Global	DEFAULT	ANALYSIS	__cdecl	int	2	false	\N	false	10014cf0-10014db0	\N	\N	int __cdecl FUN_10014cf0(undefined * * param_1, byte * param_2)
10014dc0	FUN_10014dc0	FUN_10014dc0	Global	DEFAULT	ANALYSIS	__stdcall	undefined	0	false	\N	false	10014dc0-10014eeb	\N	\N	undefined __stdcall FUN_10014dc0(void)
10014ef0	FUN_10014ef0	FUN_10014ef0	Global	DEFAULT	ANALYSIS	__fastcall	undefined	1	false	\N	false	10014ef0-10014f09	\N	\N	undefined __fastcall FUN_10014ef0(void * param_1)
10014f10	FUN_10014f10	FUN_10014f10	Global	DEFAULT	ANALYSIS	__thiscall	undefined	2	false	\N	false	10014f10-10014f4c	\N	\N	undefined __thiscall FUN_10014f10(undefined * * param_1)
10014f50	FUN_10014f50	FUN_10014f50	Global	DEFAULT	ANALYSIS	__thiscall	undefined	3	false	\N	false	10014f50-10014f78	\N	\N	undefined __thiscall FUN_10014f50(int param_1, int param_2)
10014f80	FUN_10014f80	FUN_10014f80	Global	DEFAULT	ANALYSIS	__cdecl	undefined	1	false	\N	false	10014f80-10014fbc	\N	\N	undefined __cdecl FUN_10014f80(undefined * * param_1)
10014fc0	FUN_10014fc0	FUN_10014fc0	Global	DEFAULT	ANALYSIS	__cdecl	undefined	2	false	\N	false	10014fc0-10014fe8	\N	\N	undefined __cdecl FUN_10014fc0(int param_1, int param_2)
10014ff0	FUN_10014ff0	FUN_10014ff0	Global	DEFAULT	ANALYSIS	__cdecl	int	4	false	\N	false	10014ff0-100150e2	\N	\N	int __cdecl FUN_10014ff0(undefined1 * param_1, int param_2, byte * param_3, undefined4 * param_4)
100150f0	__setdefaultprecision	__setdefaultprecision	Global	ANALYSIS	ANALYSIS	__stdcall	undefined	0	false	\N	false	100150f0-10015106	Library Function - Single Match\n __setdefaultprecision\n\nLibrary: Visual Studio 2003 Debug	\N	undefined __stdcall __setdefaultprecision(void)
10015110	FUN_10015110	FUN_10015110	Global	DEFAULT	ANALYSIS	__stdcall	undefined4	0	false	\N	false	10015110-1001516d	\N	\N	undefined4 __stdcall FUN_10015110(void)
10015170	__ms_p5_mp_test_fdiv	__ms_p5_mp_test_fdiv	Global	ANALYSIS	ANALYSIS	__stdcall	undefined	0	false	\N	false	10015170-100151b1	Library Function - Single Match\n __ms_p5_mp_test_fdiv\n\nLibraries: Visual Studio 2003, Visual Studio 2005, Visual Studio 2008	\N	undefined __stdcall __ms_p5_mp_test_fdiv(void)
100151c0	FUN_100151c0	FUN_100151c0	Global	DEFAULT	ANALYSIS	__cdecl	undefined	1	false	\N	false	100151c0-10015267	\N	\N	undefined __cdecl FUN_100151c0(char * param_1)
10015270	__cropzeros	__cropzeros	Global	ANALYSIS	IMPORTED	__cdecl	void	1	false	\N	false	10015270-10015346	Library Function - Single Match\n __cropzeros\n\nLibraries: Visual Studio 2003 Debug, Visual Studio 2003 Release	\N	void __cdecl __cropzeros(char * _Buf)
10015350	__positive	__positive	Global	ANALYSIS	IMPORTED	__cdecl	int	1	false	\N	false	10015350-1001537c	Library Function - Single Match\n __positive\n\nLibraries: Visual Studio 2003 Debug, Visual Studio 2003 Release	\N	int __cdecl __positive(double * arg)
10015380	__fassign	__fassign	Global	ANALYSIS	IMPORTED	__cdecl	void	3	false	\N	false	10015380-100153c7	Library Function - Single Match\n __fassign\n\nLibraries: Visual Studio 2003 Debug, Visual Studio 2003 Release	\N	void __cdecl __fassign(int flag, char * argument, char * number)
100153d0	FUN_100153d0	FUN_100153d0	Global	DEFAULT	ANALYSIS	__cdecl	undefined1 *	4	false	\N	false	100153d0-10015445	\N	\N	undefined1 * __cdecl FUN_100153d0(undefined4 * param_1, undefined1 * param_2, int param_3, int param_4)
10015450	FUN_10015450	FUN_10015450	Global	DEFAULT	ANALYSIS	__cdecl	undefined1 *	5	false	\N	false	10015450-100155b5	\N	\N	undefined1 * __cdecl FUN_10015450(undefined1 * param_1, int param_2, int param_3, int * param_4, char param_5)
100155c0	FUN_100155c0	FUN_100155c0	Global	DEFAULT	ANALYSIS	__cdecl	char *	3	false	\N	false	100155c0-10015629	\N	\N	char * __cdecl FUN_100155c0(undefined4 * param_1, char * param_2, size_t param_3)
10015630	FUN_10015630	FUN_10015630	Global	DEFAULT	ANALYSIS	__cdecl	char *	4	false	\N	false	10015630-1001576c	\N	\N	char * __cdecl FUN_10015630(char * param_1, size_t param_2, int * param_3, char param_4)
10015770	FUN_10015770	FUN_10015770	Global	DEFAULT	ANALYSIS	__cdecl	undefined	4	false	\N	false	10015770-10015854	\N	\N	undefined __cdecl FUN_10015770(undefined4 * param_1, char * param_2, size_t param_3, int param_4)
10015860	__cfltcvt	__cfltcvt	Global	ANALYSIS	IMPORTED	__cdecl	typedef errno_t int	6	false	\N	false	10015860-100158be	Library Function - Single Match\n __cfltcvt\n\nLibraries: Visual Studio 2003 Debug, Visual Studio 2003 Release	\N	errno_t __cdecl __cfltcvt(double * arg, char * buffer, size_t sizeInBytes, int format, int precision, int caps)
100158c0	__shift	__shift	Global	ANALYSIS	ANALYSIS	__cdecl	undefined	2	false	\N	false	100158c0-100158ed	Library Function - Single Match\n __shift\n\nLibrary: Visual Studio	\N	undefined __cdecl __shift(char * param_1, int param_2)
100158f0	_abort	_abort	Global	ANALYSIS	IMPORTED	__cdecl	void	0	false	\N	false	100158f0-1001590d	Library Function - Single Match\n _abort\n\nLibrary: Visual Studio 2003 Debug	\N	void __cdecl _abort(void)
10015910	FUN_10015910	FUN_10015910	Global	DEFAULT	ANALYSIS	__thiscall	int	3	false	\N	false	10015910-10015b0a	\N	\N	int __thiscall FUN_10015910(int param_1, int param_2)
10015b40	FUN_10015b40	FUN_10015b40	Global	DEFAULT	ANALYSIS	__thiscall	undefined4	2	false	\N	false	10015b40-10015bd1	\N	\N	undefined4 __thiscall FUN_10015b40(int param_1)
10015be0	FUN_10015be0	FUN_10015be0	Global	DEFAULT	ANALYSIS	__cdecl	undefined4	1	false	\N	false	10015be0-10015de9	\N	\N	undefined4 __cdecl FUN_10015be0(int param_1)
10015e20	FUN_10015e20	FUN_10015e20	Global	DEFAULT	ANALYSIS	__cdecl	uint	2	false	\N	false	10015e20-10015e7a	\N	\N	uint __cdecl FUN_10015e20(int param_1, uint param_2)
10015e80	FUN_10015e80	FUN_10015e80	Global	DEFAULT	ANALYSIS	__stdcall	DWORD *	0	false	\N	false	10015e80-10015e8c	\N	\N	DWORD * __stdcall FUN_10015e80(void)
10015e90	FUN_10015e90	FUN_10015e90	Global	DEFAULT	ANALYSIS	__stdcall	DWORD *	0	false	\N	false	10015e90-10015e9c	\N	\N	DWORD * __stdcall FUN_10015e90(void)
10015ea0	FUN_10015ea0	FUN_10015ea0	Global	DEFAULT	ANALYSIS	__cdecl	int	3	false	\N	false	10015ea0-10015f5a	\N	\N	int __cdecl FUN_10015ea0(undefined4 param_1, undefined4 param_2, undefined4 param_3)
10015f60	__itoa	__itoa	Global	ANALYSIS	IMPORTED	__cdecl	char *	3	false	\N	false	10015f60-10015fa1	Library Function - Single Match\n __itoa\n\nLibrary: Visual Studio 2003 Debug	\N	char * __cdecl __itoa(int _Value, char * _Dest, int _Radix)
10015fb0	xtoa	xtoa	Global	ANALYSIS	ANALYSIS	__cdecl	undefined	4	false	\N	false	10015fb0-10016071	Library Function - Single Match\n _xtoa\n\nLibrary: Visual Studio 2003 Debug	\N	undefined __cdecl xtoa(uint param_1, char * param_2, uint param_3, int param_4)
10016080	__ltoa	__ltoa	Global	ANALYSIS	IMPORTED	__cdecl	char *	3	false	\N	false	10016080-100160be	Library Function - Single Match\n __ltoa\n\nLibrary: Visual Studio 2003 Debug	\N	char * __cdecl __ltoa(long _Value, char * _Dest, int _Radix)
100160c0	__ultoa	__ultoa	Global	ANALYSIS	IMPORTED	__cdecl	char *	3	false	\N	false	100160c0-100160dd	Library Function - Single Match\n __ultoa\n\nLibrary: Visual Studio 2003 Debug	\N	char * __cdecl __ultoa(ulong _Value, char * _Dest, int _Radix)
100160e0	__i64toa	__i64toa	Global	ANALYSIS	IMPORTED	__cdecl	char *	3	false	\N	false	100160e0-10016127	Library Function - Single Match\n __i64toa\n\nLibrary: Visual Studio 2003 Debug	\N	char * __cdecl __i64toa(longlong _Val, char * _DstBuf, int _Radix)
10016130	x64toa	x64toa	Global	ANALYSIS	ANALYSIS	__stdcall	undefined	4	false	\N	false	10016130-10016221	Library Function - Single Match\n _x64toa@20\n\nLibrary: Visual Studio 2003 Debug\n__stdcall x64toa,20	\N	undefined __stdcall x64toa(undefined8 param_1, char * param_2, uint param_3, int param_4)
10016230	__ui64toa	__ui64toa	Global	ANALYSIS	IMPORTED	__cdecl	char *	3	false	\N	false	10016230-1001624e	Library Function - Single Match\n __ui64toa\n\nLibrary: Visual Studio 2003 Debug	\N	char * __cdecl __ui64toa(ulonglong _Val, char * _DstBuf, int _Radix)
10016250	_strncat	_strncat	Global	ANALYSIS	IMPORTED	__cdecl	char *	3	false	\N	false	10016250-10016372	Library Function - Single Match\n _strncat\n\nLibraries: Visual Studio 1998 Debug, Visual Studio 1998 Release	\N	char * __cdecl _strncat(char * _Dest, char * _Source, size_t _Count)
10016380	_strncpy	_strncpy	Global	ANALYSIS	IMPORTED	__cdecl	char *	3	false	\N	false	10016380-1001647d	Library Function - Single Match\n _strncpy\n\nLibraries: Visual Studio 1998 Debug, Visual Studio 1998 Release	\N	char * __cdecl _strncpy(char * _Dest, char * _Source, size_t _Count)
10016480	FUN_10016480	FUN_10016480	Global	DEFAULT	ANALYSIS	__cdecl	uint *	2	false	\N	false	10016480-10016486	\N	\N	uint * __cdecl FUN_10016480(uint * param_1, uint * param_2)
10016490	FUN_10016490	FUN_10016490	Global	DEFAULT	ANALYSIS	__cdecl	uint *	2	false	\N	false	10016490-1001656f	\N	\N	uint * __cdecl FUN_10016490(uint * param_1, uint * param_2)
10016570	FUN_10016570	FUN_10016570	Global	DEFAULT	ANALYSIS	__thiscall	int	2	false	\N	false	10016570-100165b3	\N	\N	int __thiscall FUN_10016570(undefined * * param_1)
100165c0	FUN_100165c0	FUN_100165c0	Global	DEFAULT	ANALYSIS	__cdecl	int	1	false	\N	false	100165c0-10016600	\N	\N	int __cdecl FUN_100165c0(int * param_1)
10016610	FUN_10016610	FUN_10016610	Global	DEFAULT	ANALYSIS	__cdecl	undefined4	1	false	\N	false	10016610-100166c6	\N	\N	undefined4 __cdecl FUN_10016610(int * param_1)
100166d0	FUN_100166d0	FUN_100166d0	Global	DEFAULT	ANALYSIS	__fastcall	undefined	1	false	\N	false	100166d0-100166de	\N	\N	undefined __fastcall FUN_100166d0(void * param_1)
100166e0	FUN_100166e0	FUN_100166e0	Global	DEFAULT	ANALYSIS	__thiscall	int	2	false	\N	false	100166e0-1001681e	\N	\N	int __thiscall FUN_100166e0(int param_1)
10016820	FUN_10016820	FUN_10016820	Global	DEFAULT	ANALYSIS	__cdecl	undefined4	4	false	\N	false	10016820-1001698c	\N	\N	undefined4 __cdecl FUN_10016820(undefined * * param_1, undefined * * param_2, uint param_3, undefined * param_4)
10016990	FUN_10016990	FUN_10016990	Global	DEFAULT	ANALYSIS	__cdecl	undefined4	8	false	\N	false	10016990-10016a7e	\N	\N	undefined4 __cdecl FUN_10016990(EHExceptionRecord * param_1, EHRegistrationNode * param_2, _CONTEXT * param_3, void * param_4, _s_FuncInfo * param_5, int param_6, EHRegistrationNode * param_7, char param_8)
10016a80	FUN_10016a80	FUN_10016a80	Global	DEFAULT	ANALYSIS	__cdecl	undefined	8	false	\N	false	10016a80-10016d1f	\N	\N	undefined __cdecl FUN_10016a80(EHExceptionRecord * param_1, EHRegistrationNode * param_2, _CONTEXT * param_3, void * param_4, _s_FuncInfo * param_5, char param_6, int param_7, EHRegistrationNode * param_8)
10016d20	FUN_10016d20	FUN_10016d20	Global	DEFAULT	ANALYSIS	__cdecl	undefined	8	false	\N	false	10016d20-10016e34	\N	\N	undefined __cdecl FUN_10016d20(EHExceptionRecord * param_1, EHRegistrationNode * param_2, _CONTEXT * param_3, void * param_4, _s_FuncInfo * param_5, int param_6, int param_7, EHRegistrationNode * param_8)
10016e40	FUN_10016e40	FUN_10016e40	Global	DEFAULT	ANALYSIS	__cdecl	undefined4	3	false	\N	false	10016e40-10016ef5	\N	\N	undefined4 __cdecl FUN_10016e40(uint * param_1, uint * param_2, uint * param_3)
10016f00	FUN_10016f00	FUN_10016f00	Global	DEFAULT	ANALYSIS	__cdecl	undefined	4	false	\N	false	10016f00-10016f98;10016fb0-10016ff6	\N	\N	undefined __cdecl FUN_10016f00(int param_1, undefined4 param_2, int param_3, int param_4)
10017000	ArrayUnwindFilter	ArrayUnwindFilter	Global	ANALYSIS	IMPORTED	__cdecl	int	1	false	\N	false	10017000-1001702b	Library Function - Single Match\n int __cdecl ArrayUnwindFilter(struct _EXCEPTION_POINTERS *)\n\nLibrary: Visual Studio	\N	int __cdecl ArrayUnwindFilter(_EXCEPTION_POINTERS * param_1)
10017030	CatchIt	CatchIt	Global	ANALYSIS	IMPORTED	__cdecl	void	11	false	\N	false	10017030-100170e6	Library Function - Single Match\n void __cdecl CatchIt(struct EHExceptionRecord *,struct EHRegistrationNode *,struct _CONTEXT *,void *,struct _s_FuncInfo const *,struct _s_HandlerType const *,struct _s_CatchableType const *,struct _s_TryBlockMapEntry const *,int,struct EHRegistrationNode *,unsigned char)\n\nLibrary: Visual Studio	\N	void __cdecl CatchIt(EHExceptionRecord * param_1, EHRegistrationNode * param_2, _CONTEXT * param_3, void * param_4, _s_FuncInfo * param_5, _s_HandlerType * param_6, _s_CatchableType * param_7, _s_TryBlockMapEntry * param_8, int param_9, EHRegistrationNode * param_10, uchar param_11)
100170f0	FUN_100170f0	FUN_100170f0	Global	DEFAULT	ANALYSIS	__stdcall	undefined	7	false	\N	false	100170f0-1001718d;100171bf-100171cc	\N	\N	undefined __stdcall FUN_100170f0(DWORD param_1, undefined4 param_2, DWORD param_3, undefined4 param_4, undefined4 param_5, int param_6, int param_7)
100171cd	FUN_100171cd	FUN_100171cd	Global	DEFAULT	ANALYSIS	__stdcall	undefined	0	false	\N	false	100171cd-1001722a	\N	\N	undefined __stdcall FUN_100171cd(void)
1001722b	FUN_1001722b	FUN_1001722b	Global	DEFAULT	ANALYSIS	__stdcall	undefined4	0	false	\N	false	1001722b-1001723e	\N	\N	undefined4 __stdcall FUN_1001722b(void)
10017240	FUN_10017240	FUN_10017240	Global	DEFAULT	ANALYSIS	__cdecl	undefined4	1	false	\N	false	10017240-10017281	\N	\N	undefined4 __cdecl FUN_10017240(int * param_1)
10017290	FUN_10017290	FUN_10017290	Global	DEFAULT	ANALYSIS	__cdecl	undefined	4	false	\N	false	10017290-100174eb;100174fa-1001750a	\N	\N	undefined __cdecl FUN_10017290(int param_1, int param_2, uint * param_3, uint * param_4)
10017510	___DestructExceptionObject	___DestructExceptionObject	Global	ANALYSIS	ANALYSIS	__cdecl	undefined	1	false	\N	false	10017510-1001756d;10017585-10017595	Library Function - Single Match\n ___DestructExceptionObject\n\nLibraries: Visual Studio 2003 Debug, Visual Studio 2003 Release	\N	undefined __cdecl ___DestructExceptionObject(int param_1)
100175a0	FID_conflict:___AdjustPointer	FID_conflict:___AdjustPointer	Global	ANALYSIS	ANALYSIS	__cdecl	int	2	false	\N	false	100175a0-100175e5	Library Function - Multiple Matches With Different Base Names\n void * __cdecl AdjustPointer(void *,struct PMD const &)\n ___AdjustPointer\n\nLibrary: Visual Studio	\N	int __cdecl FID_conflict:___AdjustPointer(int param_1, int * param_2)
100175f0	__CallSettingFrame@12	__CallSettingFrame@12	Global	ANALYSIS	ANALYSIS	__stdcall	undefined	3	false	\N	false	100175f0-1001763b	Library Function - Single Match\n __CallSettingFrame@12\n\nLibraries: Visual Studio 2017 Debug, Visual Studio 2017 Release, Visual Studio 2019 Debug, Visual Studio 2019 Release	\N	undefined __stdcall __CallSettingFrame@12(undefined4 param_1, undefined4 param_2, int param_3)
10017640	FUN_10017640	FUN_10017640	Global	DEFAULT	ANALYSIS	__stdcall	undefined4	0	false	\N	false	10017640-100176c1	\N	\N	undefined4 __stdcall FUN_10017640(void)
100176d0	FUN_100176d0	FUN_100176d0	Global	DEFAULT	ANALYSIS	__stdcall	undefined	0	false	\N	false	100176d0-100176f8	\N	\N	undefined __stdcall FUN_100176d0(void)
10017700	FUN_10017700	FUN_10017700	Global	DEFAULT	ANALYSIS	__cdecl	undefined	1	false	\N	false	10017700-10017718	\N	\N	undefined __cdecl FUN_10017700(int param_1)
10017720	FUN_10017720	FUN_10017720	Global	DEFAULT	ANALYSIS	__stdcall	DWORD *	0	false	\N	false	10017720-100177b7	\N	\N	DWORD * __stdcall FUN_10017720(void)
100177c0	FUN_100177c0	FUN_100177c0	Global	DEFAULT	ANALYSIS	__cdecl	undefined	1	false	\N	false	100177c0-100178c6	\N	\N	undefined __cdecl FUN_100177c0(LPVOID param_1)
100178d0	FUN_100178d0	FUN_100178d0	Global	DEFAULT	ANALYSIS	__stdcall	undefined	0	false	\N	false	100178d0-100178da	\N	\N	undefined __stdcall FUN_100178d0(void)
100178e0	FUN_100178e0	FUN_100178e0	Global	DEFAULT	ANALYSIS	__stdcall	undefined	0	false	\N	false	100178e0-100178ea	\N	\N	undefined __stdcall FUN_100178e0(void)
100178f0	FUN_100178f0	FUN_100178f0	Global	DEFAULT	ANALYSIS	__stdcall	undefined	0	false	\N	false	100178f0-1001793f;10017950-1001795b	\N	\N	undefined __stdcall FUN_100178f0(void)
1001795e	_abort	_abort	Global	DEFAULT	IMPORTED	__cdecl	void	0	true	_abort	false	1001795e-10017962	\N	\N	void __cdecl _abort(void)
10017980	FUN_10017980	FUN_10017980	Global	DEFAULT	ANALYSIS	__stdcall	undefined	0	false	\N	false	10017980-1001799c	\N	\N	undefined __stdcall FUN_10017980(void)
100179a0	FUN_100179a0	FUN_100179a0	Global	DEFAULT	ANALYSIS	__stdcall	undefined	0	false	\N	false	100179a0-100179eb;100179fc-10017a09	\N	\N	undefined __stdcall FUN_100179a0(void)
10017a0a	FUN_10017a0a	FUN_10017a0a	Global	DEFAULT	ANALYSIS	__stdcall	undefined	0	false	\N	false	10017a0a-10017a0f	\N	\N	undefined __stdcall FUN_10017a0a(void)
10017a10	FUN_10017a10	FUN_10017a10	Global	DEFAULT	ANALYSIS	__stdcall	undefined	0	false	\N	false	10017a10-10017a20	\N	\N	undefined __stdcall FUN_10017a10(void)
10017a30	__trandisp1	__trandisp1	Global	ANALYSIS	ANALYSIS	__fastcall	undefined	2	false	\N	false	10017a30-10017a96	Library Function - Single Match\n __trandisp1\n\nLibrary: Visual Studio	\N	undefined __fastcall __trandisp1(undefined4 param_1, int param_2)
10017a97	__trandisp2	__trandisp2	Global	ANALYSIS	ANALYSIS	__fastcall	undefined	2	false	\N	false	10017a97-10017b22	Library Function - Single Match\n __trandisp2\n\nLibraries: Visual Studio 1998, Visual Studio 2003, Visual Studio 2005, Visual Studio 2008	\N	undefined __fastcall __trandisp2(undefined4 param_1, int param_2)
10017b36	FUN_10017b36	FUN_10017b36	Global	DEFAULT	ANALYSIS	__stdcall	float10	0	false	\N	false	10017b36-10017b3a	\N	\N	float10 __stdcall FUN_10017b36(void)
10017bf3	FUN_10017bf3	FUN_10017bf3	Global	DEFAULT	ANALYSIS	__stdcall	undefined	0	false	\N	false	10017bf3-10017bf9	\N	\N	undefined __stdcall FUN_10017bf3(void)
10017c15	FUN_10017c15	FUN_10017c15	Global	DEFAULT	ANALYSIS	__stdcall	undefined	0	false	\N	false	10017c15-10017c2b	\N	\N	undefined __stdcall FUN_10017c15(void)
10017c2c	FUN_10017c2c	FUN_10017c2c	Global	DEFAULT	ANALYSIS	__stdcall	undefined4	0	false	\N	false	10017c2c-10017c44	\N	\N	undefined4 __stdcall FUN_10017c2c(void)
10017c45	__fload_withFB	__fload_withFB	Global	ANALYSIS	ANALYSIS	__fastcall	uint	2	false	\N	false	10017c45-10017c87	Library Function - Single Match\n __fload_withFB\n\nLibrary: Visual Studio	\N	uint __fastcall __fload_withFB(undefined4 param_1, int param_2)
10017c88	FUN_10017c88	FUN_10017c88	Global	DEFAULT	ANALYSIS	__cdecl	uint	2	false	\N	false	10017c88-10017c9d	\N	\N	uint __cdecl FUN_10017c88(undefined4 param_1, uint param_2)
10017cab	__math_exit	__math_exit	Global	ANALYSIS	ANALYSIS	__fastcall	undefined	5	false	\N	false	10017cab-10017cd4	Library Function - Single Match\n __math_exit\n\nLibrary: Visual Studio	\N	undefined __fastcall __math_exit(undefined4 param_1, uint param_2, undefined4 param_3, undefined4 param_4, undefined4 param_5)
10017d90	FUN_10017d90	FUN_10017d90	Global	DEFAULT	ANALYSIS	__fastcall	float10	8	false	\N	false	10017d90-10017da6	\N	\N	float10 __fastcall FUN_10017d90(undefined4 param_1, undefined4 param_2, undefined2 param_3, undefined4 param_4, undefined4 param_5, undefined4 param_6, undefined4 param_7, undefined4 param_8)
10017da7	__startOneArgErrorHandling	__startOneArgErrorHandling	Global	ANALYSIS	ANALYSIS	__fastcall	float10	6	false	\N	false	10017da7-10017de2	Library Function - Single Match\n __startOneArgErrorHandling\n\nLibrary: Visual Studio	\N	float10 __fastcall __startOneArgErrorHandling(undefined4 param_1, uint param_2, ushort param_3, undefined4 param_4, undefined4 param_5, undefined4 param_6)
10017df0	_set_new_handler	_set_new_handler	Global	ANALYSIS	IMPORTED	__cdecl	_func_int_uint *	1	false	\N	false	10017df0-10017e1f	Library Function - Single Match\n int (__cdecl*__cdecl _set_new_handler(int (__cdecl*)(unsigned int)))(unsigned int)\n\nLibrary: Visual Studio 2003 Debug	\N	_func_int_uint * __cdecl _set_new_handler(_func_int_uint * param_1)
10017e20	FUN_10017e20	FUN_10017e20	Global	DEFAULT	ANALYSIS	__stdcall	undefined4	0	false	\N	false	10017e20-10017e29	\N	\N	undefined4 __stdcall FUN_10017e20(void)
10017e30	__callnewh	__callnewh	Global	ANALYSIS	IMPORTED	__cdecl	int	1	false	\N	false	10017e30-10017e5c	Library Function - Single Match\n __callnewh\n\nLibrary: Visual Studio 2003 Debug	\N	int __cdecl __callnewh(size_t _Size)
10017e60	FUN_10017e60	FUN_10017e60	Global	DEFAULT	ANALYSIS	__stdcall	undefined	0	false	\N	false	10017e60-10017e96	\N	\N	undefined __stdcall FUN_10017e60(void)
10017ea0	FUN_10017ea0	FUN_10017ea0	Global	DEFAULT	ANALYSIS	__stdcall	undefined	0	false	\N	false	10017ea0-10017f3e	\N	\N	undefined __stdcall FUN_10017ea0(void)
10017f40	FUN_10017f40	FUN_10017f40	Global	DEFAULT	ANALYSIS	__thiscall	undefined	2	false	\N	false	10017f40-10017fd6	\N	\N	undefined __thiscall FUN_10017f40(int param_1)
10017fe0	FUN_10017fe0	FUN_10017fe0	Global	DEFAULT	ANALYSIS	__cdecl	undefined	1	false	\N	false	10017fe0-10017ff5	\N	\N	undefined __cdecl FUN_10017fe0(int param_1)
10018000	FUN_10018000	FUN_10018000	Global	DEFAULT	ANALYSIS	__cdecl	undefined	1	false	\N	false	10018000-10018019	\N	\N	undefined __cdecl FUN_10018000(LPCSTR param_1)
100180e1	FUN_100180e1	FUN_100180e1	Global	DEFAULT	ANALYSIS	__stdcall	undefined	1	false	\N	false	100180e1-100180fb	\N	\N	undefined __stdcall FUN_100180e1(int param_1)
10018100	__malloc_base	__malloc_base	Global	ANALYSIS	ANALYSIS	__cdecl	int	1	false	\N	false	10018100-1001811f	Library Function - Single Match\n __malloc_base\n\nLibrary: Visual Studio 2003 Debug	\N	int __cdecl __malloc_base(void * param_1)
10018120	__nh_malloc_base	__nh_malloc_base	Global	ANALYSIS	ANALYSIS	__thiscall	int	3	false	\N	false	10018120-10018176	Library Function - Single Match\n __nh_malloc_base\n\nLibrary: Visual Studio 2003 Debug	\N	int __thiscall __nh_malloc_base(uint param_1, int param_2)
10018180	__heap_alloc_base	__heap_alloc_base	Global	ANALYSIS	ANALYSIS	__thiscall	undefined	2	false	\N	false	10018180-100181e4	Library Function - Single Match\n __heap_alloc_base\n\nLibrary: Visual Studio 2003 Debug	\N	undefined __thiscall __heap_alloc_base(uint param_1)
100181e5	FUN_100181e5	FUN_100181e5	Global	DEFAULT	ANALYSIS	__stdcall	undefined	0	false	\N	false	100181e5-100181ef	\N	\N	undefined __stdcall FUN_100181e5(void)
100181f0	FUN_100181f0	FUN_100181f0	Global	DEFAULT	ANALYSIS	__stdcall	undefined4	0	false	\N	false	100181f0-10018202	\N	\N	undefined4 __stdcall FUN_100181f0(void)
10018267	FUN_10018267	FUN_10018267	Global	DEFAULT	ANALYSIS	__stdcall	undefined	0	false	\N	false	10018267-10018271	\N	\N	undefined __stdcall FUN_10018267(void)
10018272	FUN_10018272	FUN_10018272	Global	DEFAULT	ANALYSIS	__stdcall	typedef LPVOID void *	0	false	\N	false	10018272-10018290	\N	\N	LPVOID __stdcall FUN_10018272(void)
10018291	FUN_10018291	FUN_10018291	Global	DEFAULT	ANALYSIS	__stdcall	undefined	0	false	\N	false	10018291-100182cc	\N	\N	undefined __stdcall FUN_10018291(void)
100182d0	FUN_100182d0	FUN_100182d0	Global	DEFAULT	ANALYSIS	__stdcall	undefined4	0	false	\N	false	100182d0-100182d9	\N	\N	undefined4 __stdcall FUN_100182d0(void)
100182e0	FUN_100182e0	FUN_100182e0	Global	DEFAULT	ANALYSIS	__stdcall	undefined	0	false	\N	false	100182e0-100182ea	\N	\N	undefined __stdcall FUN_100182e0(void)
100182f0	FUN_100182f0	FUN_100182f0	Global	DEFAULT	ANALYSIS	__cdecl	undefined4	2	false	\N	false	100182f0-10018346	\N	\N	undefined4 __cdecl FUN_100182f0(int param_1, uint param_2)
10018350	__CrtSetReportFile	__CrtSetReportFile	Global	ANALYSIS	ANALYSIS	__cdecl	undefined4	2	false	\N	false	10018350-100183cd	Library Function - Single Match\n __CrtSetReportFile\n\nLibrary: Visual Studio 2003 Debug	\N	undefined4 __cdecl __CrtSetReportFile(int param_1, int param_2)
100183d0	FUN_100183d0	FUN_100183d0	Global	DEFAULT	ANALYSIS	__cdecl	undefined4	1	false	\N	false	100183d0-100183eb	\N	\N	undefined4 __cdecl FUN_100183d0(undefined4 param_1)
100183f0	FUN_100183f0	FUN_100183f0	Global	DEFAULT	ANALYSIS	__cdecl	undefined4	5	false	\N	false	100183f0-1001877f	\N	\N	undefined4 __cdecl FUN_100183f0(int param_1, int param_2, int param_3, undefined4 param_4, byte * param_5)
10018780	FUN_10018780	FUN_10018780	Global	DEFAULT	ANALYSIS	__stdcall	bool	0	false	\N	false	10018780-10018a8b	\N	\N	bool __stdcall FUN_10018780(void)
10018a90	FUN_10018a90	FUN_10018a90	Global	DEFAULT	ANALYSIS	__thiscall	undefined *	3	false	\N	false	10018a90-10018b30	\N	\N	undefined * __thiscall FUN_10018a90(undefined * param_1, uint param_2)
10018b31	FUN_10018b31	FUN_10018b31	Global	DEFAULT	ANALYSIS	__stdcall	undefined	0	false	\N	false	10018b31-10018b3b	\N	\N	undefined __stdcall FUN_10018b31(void)
10018b3c	FUN_10018b3c	FUN_10018b3c	Global	DEFAULT	ANALYSIS	__stdcall	undefined4	0	false	\N	false	10018b3c-10018b77	\N	\N	undefined4 __stdcall FUN_10018b3c(void)
10018c2a	FUN_10018c2a	FUN_10018c2a	Global	DEFAULT	ANALYSIS	__stdcall	undefined	0	false	\N	false	10018c2a-10018c34	\N	\N	undefined __stdcall FUN_10018c2a(void)
10018c35	FUN_10018c35	FUN_10018c35	Global	DEFAULT	ANALYSIS	__stdcall	undefined4	0	false	\N	false	10018c35-10018c55;10018c89-10018c9c	\N	\N	undefined4 __stdcall FUN_10018c35(void)
10018ca0	FUN_10018ca0	FUN_10018ca0	Global	DEFAULT	ANALYSIS	__thiscall	undefined	3	false	\N	false	10018ca0-10018e67;10018edf-1001907e;100190ba-10019121	\N	\N	undefined __thiscall FUN_10018ca0(int * param_1, undefined1 * param_2)
10018e68	FUN_10018e68	FUN_10018e68	Global	DEFAULT	ANALYSIS	__stdcall	undefined	0	false	\N	false	10018e68-10018e72	\N	\N	undefined __stdcall FUN_10018e68(void)
10018e73	FUN_10018e73	FUN_10018e73	Global	DEFAULT	ANALYSIS	__stdcall	undefined	0	false	\N	false	10018e73-10018ede	\N	\N	undefined __stdcall FUN_10018e73(void)
1001907f	FUN_1001907f	FUN_1001907f	Global	DEFAULT	ANALYSIS	__stdcall	undefined	0	false	\N	false	1001907f-10019089	\N	\N	undefined __stdcall FUN_1001907f(void)
1001908a	FUN_1001908a	FUN_1001908a	Global	DEFAULT	ANALYSIS	__stdcall	undefined	0	false	\N	false	1001908a-100190b9	\N	\N	undefined __stdcall FUN_1001908a(void)
10019122	FUN_10019122	FUN_10019122	Global	DEFAULT	ANALYSIS	__stdcall	undefined	0	false	\N	false	10019122-10019132	\N	\N	undefined __stdcall FUN_10019122(void)
10019140	FUN_10019140	FUN_10019140	Global	DEFAULT	ANALYSIS	__stdcall	undefined	1	false	\N	false	10019140-100191ba	\N	\N	undefined __stdcall FUN_10019140(undefined * param_1)
100191bb	FUN_100191bb	FUN_100191bb	Global	DEFAULT	ANALYSIS	__stdcall	undefined	0	false	\N	false	100191bb-100191c5	\N	\N	undefined __stdcall FUN_100191bb(void)
100191c6	FUN_100191c6	FUN_100191c6	Global	DEFAULT	ANALYSIS	__stdcall	undefined	0	false	\N	false	100191c6-100191e3	\N	\N	undefined __stdcall FUN_100191c6(void)
1001923d	FUN_1001923d	FUN_1001923d	Global	DEFAULT	ANALYSIS	__stdcall	undefined	0	false	\N	false	1001923d-10019247	\N	\N	undefined __stdcall FUN_1001923d(void)
10019248	FUN_10019248	FUN_10019248	Global	DEFAULT	ANALYSIS	__stdcall	undefined	0	false	\N	false	10019248-10019261;10019275-10019285	\N	\N	undefined __stdcall FUN_10019248(void)
10019290	__heapchk	__heapchk	Global	ANALYSIS	IMPORTED	__cdecl	int	0	false	\N	false	10019290-100192f1	Library Function - Single Match\n __heapchk\n\nLibrary: Visual Studio 2003 Debug	\N	int __cdecl __heapchk(void)
100192f2	FUN_100192f2	FUN_100192f2	Global	DEFAULT	ANALYSIS	__stdcall	undefined	0	false	\N	false	100192f2-100192fc	\N	\N	undefined __stdcall FUN_100192f2(void)
100192fd	thunk_FUN_10019342	thunk_FUN_10019342	Global	DEFAULT	ANALYSIS	__stdcall	undefined4	0	true	FUN_10019342	false	100192fd-100192fe	\N	\N	undefined4 __stdcall thunk_FUN_10019342(void)
10019337	FUN_10019337	FUN_10019337	Global	DEFAULT	ANALYSIS	__stdcall	undefined	0	false	\N	false	10019337-10019341	\N	\N	undefined __stdcall FUN_10019337(void)
10019342	FUN_10019342	FUN_10019342	Global	DEFAULT	ANALYSIS	__stdcall	undefined4	0	false	\N	false	10019342-10019393	\N	\N	undefined4 __stdcall FUN_10019342(void)
100193a0	__heapset	__heapset	Global	ANALYSIS	IMPORTED	__cdecl	int	1	false	\N	false	100193a0-100193a9	Library Function - Single Match\n __heapset\n\nLibrary: Visual Studio 2003 Debug	\N	int __cdecl __heapset(uint _Fill)
100193b0	FUN_100193b0	FUN_100193b0	Global	DEFAULT	ANALYSIS	__stdcall	undefined4	0	false	\N	false	100193b0-100193d6	\N	\N	undefined4 __stdcall FUN_100193b0(void)
100193e0	FUN_100193e0	FUN_100193e0	Global	DEFAULT	ANALYSIS	__cdecl	undefined4	1	false	\N	false	100193e0-100194e9	\N	\N	undefined4 __cdecl FUN_100193e0(uint param_1)
100194f0	___sbh_heap_init	___sbh_heap_init	Global	ANALYSIS	ANALYSIS	__cdecl	bool	1	false	\N	false	100194f0-10019551	Library Function - Single Match\n ___sbh_heap_init\n\nLibraries: Visual Studio 2003 Debug, Visual Studio 2005 Debug, Visual Studio 2008 Debug	\N	bool __cdecl ___sbh_heap_init(undefined4 param_1)
10019560	FUN_10019560	FUN_10019560	Global	DEFAULT	ANALYSIS	__cdecl	uint	1	false	\N	false	10019560-100195b4	\N	\N	uint __cdecl FUN_10019560(int param_1)
100195c0	FUN_100195c0	FUN_100195c0	Global	DEFAULT	ANALYSIS	__cdecl	undefined4	2	false	\N	false	100195c0-1001961e	\N	\N	undefined4 __cdecl FUN_100195c0(int param_1, int param_2)
10019620	FUN_10019620	FUN_10019620	Global	DEFAULT	ANALYSIS	__cdecl	undefined	2	false	\N	false	10019620-10019bfb	\N	\N	undefined __cdecl FUN_10019620(uint * param_1, int param_2)
10019c00	FUN_10019c00	FUN_10019c00	Global	DEFAULT	ANALYSIS	__cdecl	int *	1	false	\N	false	10019c00-1001a135	\N	\N	int * __cdecl FUN_10019c00(int param_1)
1001a140	FUN_1001a140	FUN_1001a140	Global	DEFAULT	ANALYSIS	__stdcall	undefined4 *	0	false	\N	false	1001a140-1001a24e	\N	\N	undefined4 * __stdcall FUN_1001a140(void)
1001a250	FUN_1001a250	FUN_1001a250	Global	DEFAULT	ANALYSIS	__cdecl	int	1	false	\N	false	1001a250-1001a43d	\N	\N	int __cdecl FUN_1001a250(int param_1)
1001a440	FUN_1001a440	FUN_1001a440	Global	DEFAULT	ANALYSIS	__cdecl	undefined4	3	false	\N	false	1001a440-1001aa2a	\N	\N	undefined4 __cdecl FUN_1001a440(uint * param_1, int param_2, int param_3)
1001aa30	FUN_1001aa30	FUN_1001aa30	Global	DEFAULT	ANALYSIS	__stdcall	undefined	0	false	\N	false	1001aa30-1001ab5f	\N	\N	undefined __stdcall FUN_1001aa30(void)
1001ab60	FUN_1001ab60	FUN_1001ab60	Global	DEFAULT	ANALYSIS	__stdcall	undefined4	0	false	\N	false	1001ab60-1001b17c	\N	\N	undefined4 __stdcall FUN_1001ab60(void)
1001b180	FUN_1001b180	FUN_1001b180	Global	DEFAULT	ANALYSIS	__stdcall	undefined4	0	false	\N	false	1001b180-1001b189	\N	\N	undefined4 __stdcall FUN_1001b180(void)
1001b190	FUN_1001b190	FUN_1001b190	Global	DEFAULT	ANALYSIS	__cdecl	bool	1	false	\N	false	1001b190-1001b1ba	\N	\N	bool __cdecl FUN_1001b190(int param_1)
1001b1c0	FUN_1001b1c0	FUN_1001b1c0	Global	DEFAULT	ANALYSIS	__stdcall	undefined * *	0	false	\N	false	1001b1c0-1001b39d	\N	\N	undefined * * __stdcall FUN_1001b1c0(void)
1001b3a0	FUN_1001b3a0	FUN_1001b3a0	Global	DEFAULT	ANALYSIS	__cdecl	undefined	1	false	\N	false	1001b3a0-1001b412	\N	\N	undefined __cdecl FUN_1001b3a0(undefined * * param_1)
1001b420	FUN_1001b420	FUN_1001b420	Global	DEFAULT	ANALYSIS	__cdecl	undefined	1	false	\N	false	1001b420-1001b576	\N	\N	undefined __cdecl FUN_1001b420(int param_1)
1001b580	FUN_1001b580	FUN_1001b580	Global	DEFAULT	ANALYSIS	__cdecl	int	3	false	\N	false	1001b580-1001b60f	\N	\N	int __cdecl FUN_1001b580(undefined * param_1, undefined4 * param_2, uint * param_3)
1001b610	FUN_1001b610	FUN_1001b610	Global	DEFAULT	ANALYSIS	__cdecl	undefined	3	false	\N	false	1001b610-1001b67b	\N	\N	undefined __cdecl FUN_1001b610(int param_1, int param_2, byte * param_3)
1001b680	FUN_1001b680	FUN_1001b680	Global	DEFAULT	ANALYSIS	__cdecl	int *	1	false	\N	false	1001b680-1001ba37	\N	\N	int * __cdecl FUN_1001b680(uint param_1)
1001ba40	FUN_1001ba40	FUN_1001ba40	Global	DEFAULT	ANALYSIS	__cdecl	int	3	false	\N	false	1001ba40-1001bce8	\N	\N	int __cdecl FUN_1001ba40(int * param_1, uint param_2, uint param_3)
1001bcf0	FUN_1001bcf0	FUN_1001bcf0	Global	DEFAULT	ANALYSIS	__cdecl	undefined4	4	false	\N	false	1001bcf0-1001be53	\N	\N	undefined4 __cdecl FUN_1001bcf0(int param_1, uint * param_2, byte * param_3, uint param_4)
1001be60	FUN_1001be60	FUN_1001be60	Global	DEFAULT	ANALYSIS	__stdcall	undefined4	0	false	\N	false	1001be60-1001c096	\N	\N	undefined4 __stdcall FUN_1001be60(void)
1001c0a0	FUN_1001c0a0	FUN_1001c0a0	Global	DEFAULT	ANALYSIS	__cdecl	undefined	1	false	\N	false	1001c0a0-1001c0fb	\N	\N	undefined __cdecl FUN_1001c0a0(undefined4 * param_1)
1001c100	FUN_1001c100	FUN_1001c100	Global	DEFAULT	ANALYSIS	__stdcall	undefined4	0	false	\N	false	1001c100-1001c323	\N	\N	undefined4 __stdcall FUN_1001c100(void)
1001c330	FUN_1001c330	FUN_1001c330	Global	DEFAULT	ANALYSIS	__cdecl	undefined4	1	false	\N	false	1001c330-1001c3bc	\N	\N	undefined4 __cdecl FUN_1001c330(int param_1)
1001c3c0	FUN_1001c3c0	FUN_1001c3c0	Global	DEFAULT	ANALYSIS	__stdcall	undefined	0	false	\N	false	1001c3c0-1001c4a7	\N	\N	undefined __stdcall FUN_1001c3c0(void)
1001c4b0	FUN_1001c4b0	FUN_1001c4b0	Global	DEFAULT	ANALYSIS	__cdecl	uint	2	false	\N	false	1001c4b0-1001c566	\N	\N	uint __cdecl FUN_1001c4b0(int param_1, uint param_2)
1001c570	FUN_1001c570	FUN_1001c570	Global	DEFAULT	ANALYSIS	__cdecl	uint	2	false	\N	false	1001c570-1001c7e3	\N	\N	uint __cdecl FUN_1001c570(uint param_1, int * param_2)
1001c7f0	FUN_1001c7f0	FUN_1001c7f0	Global	DEFAULT	ANALYSIS	__cdecl	int	3	false	\N	false	1001c7f0-1001d413	\N	\N	int __cdecl FUN_1001c7f0(int * param_1, byte * param_2, undefined4 * param_3)
1001d520	FUN_1001d520	FUN_1001d520	Global	DEFAULT	ANALYSIS	__cdecl	undefined	3	false	\N	false	1001d520-1001d596	\N	\N	undefined __cdecl FUN_1001d520(uint param_1, int * param_2, int * param_3)
1001d5a0	FUN_1001d5a0	FUN_1001d5a0	Global	DEFAULT	ANALYSIS	__cdecl	undefined	4	false	\N	false	1001d5a0-1001d5d4	\N	\N	undefined __cdecl FUN_1001d5a0(uint param_1, int param_2, int * param_3, int * param_4)
1001d5e0	FUN_1001d5e0	FUN_1001d5e0	Global	DEFAULT	ANALYSIS	__cdecl	undefined	4	false	\N	false	1001d5e0-1001d629	\N	\N	undefined __cdecl FUN_1001d5e0(char * param_1, int param_2, int * param_3, int * param_4)
1001d630	FUN_1001d630	FUN_1001d630	Global	DEFAULT	ANALYSIS	__cdecl	undefined4	1	false	\N	false	1001d630-1001d649	\N	\N	undefined4 __cdecl FUN_1001d630(int * param_1)
1001d650	FUN_1001d650	FUN_1001d650	Global	DEFAULT	ANALYSIS	__cdecl	undefined8	1	false	\N	false	1001d650-1001d66e	\N	\N	undefined8 __cdecl FUN_1001d650(int * param_1)
1001d670	FUN_1001d670	FUN_1001d670	Global	DEFAULT	ANALYSIS	__cdecl	undefined2	1	false	\N	false	1001d670-1001d68a	\N	\N	undefined2 __cdecl FUN_1001d670(int * param_1)
1001d690	FUN_1001d690	FUN_1001d690	Global	DEFAULT	ANALYSIS	__stdcall	undefined	0	false	\N	false	1001d690-1001d9b3	\N	\N	undefined __stdcall FUN_1001d690(void)
1001d9c0	__ioterm	__ioterm	Global	ANALYSIS	IMPORTED	__cdecl	void	0	false	\N	false	1001d9c0-1001da5a	Library Function - Single Match\n __ioterm\n\nLibrary: Visual Studio	\N	void __cdecl __ioterm(void)
1001da60	FUN_1001da60	FUN_1001da60	Global	DEFAULT	ANALYSIS	__fastcall	undefined	1	false	\N	false	1001da60-1001dba8	\N	\N	undefined __fastcall FUN_1001da60(void * param_1)
1001dbb0	FUN_1001dbb0	FUN_1001dbb0	Global	DEFAULT	ANALYSIS	__fastcall	undefined	1	false	\N	false	1001dbb0-1001dc87	\N	\N	undefined __fastcall FUN_1001dbb0(void * param_1)
1001dc90	FUN_1001dc90	FUN_1001dc90	Global	DEFAULT	ANALYSIS	__cdecl	undefined	5	false	\N	false	1001dc90-1001e0b3	\N	\N	undefined __cdecl FUN_1001dc90(byte * param_1, undefined4 * param_2, byte * param_3, int * param_4, int * param_5)
1001e0c0	FUN_1001e0c0	FUN_1001e0c0	Global	DEFAULT	ANALYSIS	__stdcall	typedef LPSTR CHAR *	0	false	\N	false	1001e0c0-1001e2d8	\N	\N	LPSTR __stdcall FUN_1001e0c0(void)
1001e2e0	FUN_1001e2e0	FUN_1001e2e0	Global	DEFAULT	ANALYSIS	__stdcall	undefined4	0	false	\N	false	1001e2e0-1001e2eb	\N	\N	undefined4 __stdcall FUN_1001e2e0(void)
1001e2f0	__FF_MSGBANNER	__FF_MSGBANNER	Global	ANALYSIS	IMPORTED	__cdecl	void	0	false	\N	false	1001e2f0-1001e338	Library Function - Single Match\n __FF_MSGBANNER\n\nLibrary: Visual Studio 2003 Debug	\N	void __cdecl __FF_MSGBANNER(void)
1001e340	FUN_1001e340	FUN_1001e340	Global	DEFAULT	ANALYSIS	__cdecl	undefined	1	false	\N	false	1001e340-1001e4fe	\N	\N	undefined __cdecl FUN_1001e340(int param_1)
1001e500	__GET_RTERRMSG	__GET_RTERRMSG	Global	ANALYSIS	IMPORTED	__cdecl	wchar_t *	1	false	\N	false	1001e500-1001e54f	Library Function - Single Match\n __GET_RTERRMSG\n\nLibrary: Visual Studio 2003 Debug	\N	wchar_t * __cdecl __GET_RTERRMSG(int param_1)
1001e550	FUN_1001e550	FUN_1001e550	Global	DEFAULT	ANALYSIS	__cdecl	undefined4	1	false	\N	false	1001e550-1001e6a6	\N	\N	undefined4 __cdecl FUN_1001e550(undefined4 * param_1)
1001e6b0	FUN_1001e6b0	FUN_1001e6b0	Global	DEFAULT	ANALYSIS	__cdecl	undefined	2	false	\N	false	1001e6b0-1001e743	\N	\N	undefined __cdecl FUN_1001e6b0(int param_1, int * param_2)
1001e7bc	FUN_1001e7bc	FUN_1001e7bc	Global	DEFAULT	ANALYSIS	__stdcall	undefined1[10]	0	false	\N	false	1001e7bc-1001e7c4	\N	\N	undefined1[10] __stdcall FUN_1001e7bc(void)
1001e800	__cintrindisp2	__cintrindisp2	Global	ANALYSIS	ANALYSIS	__fastcall	undefined	2	false	\N	false	1001e800-1001e83d	Library Function - Single Match\n __cintrindisp2\n\nLibrary: Visual Studio	\N	undefined __fastcall __cintrindisp2(undefined4 param_1, int param_2)
1001e83e	__cintrindisp1	__cintrindisp1	Global	ANALYSIS	ANALYSIS	__fastcall	undefined	2	false	\N	false	1001e83e-1001e87a	Library Function - Single Match\n __cintrindisp1\n\nLibrary: Visual Studio	\N	undefined __fastcall __cintrindisp1(undefined4 param_1, int param_2)
1001e87b	__ctrandisp2	__ctrandisp2	Global	ANALYSIS	ANALYSIS	__cdecl	undefined	4	false	\N	false	1001e87b-1001e8c2	Library Function - Single Match\n __ctrandisp2\n\nLibraries: Visual Studio 1998, Visual Studio 2003, Visual Studio 2005, Visual Studio 2008	\N	undefined __cdecl __ctrandisp2(uint param_1, int param_2, uint param_3, int param_4)
1001e8c3	FUN_1001e8c3	FUN_1001e8c3	Global	DEFAULT	ANALYSIS	__stdcall	undefined	0	false	\N	false	1001e8c3-1001e8c9	\N	\N	undefined __stdcall FUN_1001e8c3(void)
1001e8ca	FUN_1001e8ca	FUN_1001e8ca	Global	DEFAULT	ANALYSIS	__stdcall	undefined	0	false	\N	false	1001e8ca-1001e9fa	\N	\N	undefined __stdcall FUN_1001e8ca(void)
1001e9fb	__ctrandisp1	__ctrandisp1	Global	ANALYSIS	ANALYSIS	__cdecl	undefined	2	false	\N	false	1001e9fb-1001ea2d	Library Function - Single Match\n __ctrandisp1\n\nLibrary: Visual Studio	\N	undefined __cdecl __ctrandisp1(uint param_1, int param_2)
1001ea2e	__fload	__fload	Global	ANALYSIS	ANALYSIS	__cdecl	float10	2	false	\N	false	1001ea2e-1001ea69	Library Function - Single Match\n __fload\n\nLibraries: Visual Studio 1998, Visual Studio 2003, Visual Studio 2005, Visual Studio 2008	\N	float10 __cdecl __fload(uint param_1, int param_2)
1001ea70	FUN_1001ea70	FUN_1001ea70	Global	DEFAULT	ANALYSIS	__fastcall	int	1	false	\N	false	1001ea70-1001eb49	\N	\N	int __fastcall FUN_1001ea70(void * param_1)
1001eb50	FUN_1001eb50	FUN_1001eb50	Global	DEFAULT	ANALYSIS	__stdcall	undefined	0	false	\N	false	1001eb50-1001eb6e	\N	\N	undefined __stdcall FUN_1001eb50(void)
1001eb70	FUN_1001eb70	FUN_1001eb70	Global	DEFAULT	ANALYSIS	__stdcall	undefined	0	false	\N	false	1001eb70-1001eb8f	\N	\N	undefined __stdcall FUN_1001eb70(void)
1001eb90	FUN_1001eb90	FUN_1001eb90	Global	DEFAULT	ANALYSIS	__cdecl	uint	2	false	\N	false	1001eb90-1001ebde	\N	\N	uint __cdecl FUN_1001eb90(uint param_1, uint param_2)
1001ebe0	__controlfp	__controlfp	Global	ANALYSIS	IMPORTED	__cdecl	uint	2	false	\N	false	1001ebe0-1001ebf9	Library Function - Single Match\n __controlfp\n\nLibrary: Visual Studio 2003 Debug	\N	uint __cdecl __controlfp(uint _NewValue, uint _Mask)
1001ec00	FUN_1001ec00	FUN_1001ec00	Global	DEFAULT	ANALYSIS	__stdcall	undefined	0	false	\N	false	1001ec00-1001ec57	\N	\N	undefined __stdcall FUN_1001ec00(void)
1001ec60	FUN_1001ec60	FUN_1001ec60	Global	DEFAULT	ANALYSIS	__cdecl	uint	1	false	\N	false	1001ec60-1001edd8	\N	\N	uint __cdecl FUN_1001ec60(uint param_1)
1001ede0	FUN_1001ede0	FUN_1001ede0	Global	DEFAULT	ANALYSIS	__cdecl	undefined4	1	false	\N	false	1001ede0-1001ef39	\N	\N	undefined4 __cdecl FUN_1001ede0(uint param_1)
1001ef40	FUN_1001ef40	FUN_1001ef40	Global	DEFAULT	ANALYSIS	__cdecl	uint	1	false	\N	false	1001ef40-1001efe6	\N	\N	uint __cdecl FUN_1001ef40(uint param_1)
1001eff0	FUN_1001eff0	FUN_1001eff0	Global	DEFAULT	ANALYSIS	__cdecl	int	1	false	\N	false	1001eff0-1001effa	\N	\N	int __cdecl FUN_1001eff0(int param_1)
1001f000	FUN_1001f000	FUN_1001f000	Global	DEFAULT	ANALYSIS	__cdecl	uint	1	false	\N	false	1001f000-1001f092	\N	\N	uint __cdecl FUN_1001f000(uint param_1)
1001f0a0	FUN_1001f0a0	FUN_1001f0a0	Global	DEFAULT	ANALYSIS	__cdecl	uint	1	false	\N	false	1001f0a0-1001f1ca	\N	\N	uint __cdecl FUN_1001f0a0(uint param_1)
1001f1d0	FUN_1001f1d0	FUN_1001f1d0	Global	DEFAULT	ANALYSIS	__cdecl	undefined4	2	false	\N	false	1001f1d0-1001f253	\N	\N	undefined4 __cdecl FUN_1001f1d0(int param_1, int param_2)
1001f260	__IncMan	__IncMan	Global	ANALYSIS	ANALYSIS	__cdecl	int	2	false	\N	false	1001f260-1001f307	Library Function - Single Match\n __IncMan\n\nLibrary: Visual Studio	\N	int __cdecl __IncMan(int param_1, int param_2)
1001f310	FUN_1001f310	FUN_1001f310	Global	DEFAULT	ANALYSIS	__cdecl	int	2	false	\N	false	1001f310-1001f3ea	\N	\N	int __cdecl FUN_1001f310(int param_1, int param_2)
1001f3f0	__CopyMan	__CopyMan	Global	ANALYSIS	ANALYSIS	__cdecl	undefined	2	false	\N	false	1001f3f0-1001f43b	Library Function - Single Match\n __CopyMan\n\nLibrary: Visual Studio	\N	undefined __cdecl __CopyMan(undefined4 * param_1, undefined4 * param_2)
1001f440	__FillZeroMan	__FillZeroMan	Global	ANALYSIS	ANALYSIS	__cdecl	undefined	1	false	\N	false	1001f440-1001f46e	Library Function - Single Match\n __FillZeroMan\n\nLibrary: Visual Studio	\N	undefined __cdecl __FillZeroMan(int param_1)
1001f470	__IsZeroMan	__IsZeroMan	Global	ANALYSIS	ANALYSIS	__cdecl	undefined4	1	false	\N	false	1001f470-1001f4a6	Library Function - Single Match\n __IsZeroMan\n\nLibrary: Visual Studio	\N	undefined4 __cdecl __IsZeroMan(int param_1)
1001f4b0	__ShrMan	__ShrMan	Global	ANALYSIS	ANALYSIS	__cdecl	undefined	2	false	\N	false	1001f4b0-1001f59b	Library Function - Single Match\n __ShrMan\n\nLibrary: Visual Studio	\N	undefined __cdecl __ShrMan(int param_1, int param_2)
1001f5a0	FUN_1001f5a0	FUN_1001f5a0	Global	DEFAULT	ANALYSIS	__cdecl	undefined4	3	false	\N	false	1001f5a0-1001f7e1	\N	\N	undefined4 __cdecl FUN_1001f5a0(ushort * param_1, uint * param_2, int * param_3)
1001f7f0	FUN_1001f7f0	FUN_1001f7f0	Global	DEFAULT	ANALYSIS	__cdecl	undefined	2	false	\N	false	1001f7f0-1001f809	\N	\N	undefined __cdecl FUN_1001f7f0(ushort * param_1, uint * param_2)
1001f810	FUN_1001f810	FUN_1001f810	Global	DEFAULT	ANALYSIS	__cdecl	undefined	2	false	\N	false	1001f810-1001f829	\N	\N	undefined __cdecl FUN_1001f810(ushort * param_1, uint * param_2)
1001f830	FUN_1001f830	FUN_1001f830	Global	DEFAULT	ANALYSIS	__cdecl	bool	2	false	\N	false	1001f830-1001f8ee	\N	\N	bool __cdecl FUN_1001f830(ushort * param_1, undefined4 * param_2)
1001f8f0	FUN_1001f8f0	FUN_1001f8f0	Global	DEFAULT	ANALYSIS	__cdecl	undefined	2	false	\N	false	1001f8f0-1001f925	\N	\N	undefined __cdecl FUN_1001f8f0(uint * param_1, byte * param_2)
1001f930	FUN_1001f930	FUN_1001f930	Global	DEFAULT	ANALYSIS	__cdecl	undefined	2	false	\N	false	1001f930-1001f965	\N	\N	undefined __cdecl FUN_1001f930(undefined4 * param_1, byte * param_2)
1001f970	FUN_1001f970	FUN_1001f970	Global	DEFAULT	ANALYSIS	__cdecl	undefined	2	false	\N	false	1001f970-1001f9a5	\N	\N	undefined __cdecl FUN_1001f970(uint * param_1, byte * param_2)
1001f9b0	FUN_1001f9b0	FUN_1001f9b0	Global	DEFAULT	ANALYSIS	__cdecl	undefined	3	false	\N	false	1001f9b0-1001faa9	\N	\N	undefined __cdecl FUN_1001f9b0(char * param_1, int param_2, int param_3)
1001fab0	FUN_1001fab0	FUN_1001fab0	Global	DEFAULT	ANALYSIS	__cdecl	int *	4	false	\N	false	1001fab0-1001fb26	\N	\N	int * __cdecl FUN_1001fab0(undefined4 param_1, undefined4 param_2, int * param_3, uint * param_4)
1001fb30	FUN_1001fb30	FUN_1001fb30	Global	DEFAULT	ANALYSIS	__cdecl	undefined	2	false	\N	false	1001fb30-1001fc91	\N	\N	undefined __cdecl FUN_1001fb30(uint * param_1, uint * param_2)
1001fca0	FUN_1001fca0	FUN_1001fca0	Global	DEFAULT	ANALYSIS	__cdecl	undefined4 *	3	false	\N	false	1001fca0-1001fcfa;1001fcfc-1001fd02;1001fd10-1001fd38;1001fd3c-1001fd5e;1001fd60-1001fd78;1001fd9c-1001fde5;1001fdf8-1001fdfe;1001fe00-1001fe0a;1001fe0c-1001fe1c;1001fe20-1001fe36;1001fe38-1001fe5d;1001fe60-1001fe68;1001fe6c-1001fe8a;1001fe98-1001feb4;1001feb8-1001fede;1001fee0-1001ff10;1001ff34-1001ff7d;1001ff90-1001ff96;1001ff98-1001ffa4;1001ffa8-1001ffba;1001ffbc-1001ffd4	\N	\N	undefined4 * __cdecl FUN_1001fca0(undefined4 * param_1, undefined4 * param_2, uint param_3)
1001ffe0	__fptrap	__fptrap	Global	ANALYSIS	IMPORTED	__cdecl	void	0	false	\N	false	1001ffe0-1001ffee	Library Function - Single Match\n __fptrap\n\nLibrary: Visual Studio 2003 Debug	\N	void __cdecl __fptrap(void)
1001fff0	__dosmaperr	__dosmaperr	Global	ANALYSIS	IMPORTED	__cdecl	void	1	false	\N	false	1001fff0-10020080	Library Function - Single Match\n __dosmaperr\n\nLibrary: Visual Studio 2003 Debug	\N	void __cdecl __dosmaperr(ulong param_1)
10020090	FUN_10020090	FUN_10020090	Global	DEFAULT	ANALYSIS	__stdcall	int	0	false	\N	false	10020090-1002009c	\N	\N	int __stdcall FUN_10020090(void)
100200a0	FUN_100200a0	FUN_100200a0	Global	DEFAULT	ANALYSIS	__stdcall	int	0	false	\N	false	100200a0-100200ac	\N	\N	int __stdcall FUN_100200a0(void)
100200b0	__XcptFilter	__XcptFilter	Global	ANALYSIS	IMPORTED	__cdecl	int	2	false	\N	false	100200b0-1002026d	Library Function - Single Match\n __XcptFilter\n\nLibrary: Visual Studio 2003 Debug	\N	int __cdecl __XcptFilter(ulong _ExceptionNum, _EXCEPTION_POINTERS * _ExceptionPtr)
10020270	FUN_10020270	FUN_10020270	Global	DEFAULT	ANALYSIS	__cdecl	int *	2	false	\N	false	10020270-100202c8	\N	\N	int * __cdecl FUN_10020270(int param_1, int * param_2)
100202d0	__aulldiv	__aulldiv	Global	ANALYSIS	ANALYSIS	__stdcall	undefined8	4	false	\N	false	100202d0-10020337	Library Function - Single Match\n __aulldiv\n\nLibrary: Visual Studio 2003 Debug	\N	undefined8 __stdcall __aulldiv(uint param_1, uint param_2, uint param_3, uint param_4)
10020340	__aullrem	__aullrem	Global	ANALYSIS	ANALYSIS	__stdcall	undefined8	4	false	\N	false	10020340-100203b4	Library Function - Single Match\n __aullrem\n\nLibrary: Visual Studio 2003 Debug	\N	undefined8 __stdcall __aullrem(uint param_1, uint param_2, uint param_3, uint param_4)
100203c0	FUN_100203c0	FUN_100203c0	Global	DEFAULT	ANALYSIS	__cdecl	typedef DWORD ulong	1	false	\N	false	100203c0-10020491	\N	\N	DWORD __cdecl FUN_100203c0(uint param_1)
100204a0	FUN_100204a0	FUN_100204a0	Global	DEFAULT	ANALYSIS	__cdecl	int	3	false	\N	false	100204a0-10020521	\N	\N	int __cdecl FUN_100204a0(uint param_1, char * param_2, uint param_3)
10020530	FUN_10020530	FUN_10020530	Global	DEFAULT	ANALYSIS	__cdecl	int	3	false	\N	false	10020530-100207a2	\N	\N	int __cdecl FUN_10020530(uint param_1, char * param_2, uint param_3)
100207b0	FUN_100207b0	FUN_100207b0	Global	DEFAULT	ANALYSIS	__cdecl	undefined	1	false	\N	false	100207b0-10020841	\N	\N	undefined __cdecl FUN_100207b0(undefined4 * param_1)
10020850	FUN_10020850	FUN_10020850	Global	DEFAULT	ANALYSIS	__stdcall	int	1	false	\N	false	10020850-100208aa	\N	\N	int __stdcall FUN_10020850(int * param_1)
100208b0	FUN_100208b0	FUN_100208b0	Global	DEFAULT	ANALYSIS	__stdcall	undefined	0	false	\N	false	100208b0-100208c4	\N	\N	undefined __stdcall FUN_100208b0(void)
100208d0	FUN_100208d0	FUN_100208d0	Global	DEFAULT	ANALYSIS	__stdcall	undefined	0	false	\N	false	100208d0-100208e0	\N	\N	undefined __stdcall FUN_100208d0(void)
100208f0	FUN_100208f0	FUN_100208f0	Global	DEFAULT	ANALYSIS	__cdecl	bool	2	false	\N	false	100208f0-1002091a	\N	\N	bool __cdecl FUN_100208f0(void * param_1, UINT_PTR param_2)
10020920	FUN_10020920	FUN_10020920	Global	DEFAULT	ANALYSIS	__cdecl	bool	2	false	\N	false	10020920-1002094a	\N	\N	bool __cdecl FUN_10020920(LPVOID param_1, UINT_PTR param_2)
10020950	_ValidateExecute	_ValidateExecute	Global	ANALYSIS	IMPORTED	__cdecl	int	1	false	\N	false	10020950-10020976	Library Function - Single Match\n int __cdecl _ValidateExecute(int (__stdcall*)(void))\n\nLibraries: Visual Studio 2003 Debug, Visual Studio 2003 Release	\N	int __cdecl _ValidateExecute(_func_int * param_1)
10020980	_strcmp	_strcmp	Global	ANALYSIS	IMPORTED	__cdecl	int	2	false	\N	false	10020980-100209c2;100209c4-100209c9;100209cc-10020a03	Library Function - Single Match\n _strcmp\n\nLibraries: Visual Studio 1998 Debug, Visual Studio 1998 Release	\N	int __cdecl _strcmp(char * _Str1, char * _Str2)
10020a10	FUN_10020a10	FUN_10020a10	Global	DEFAULT	ANALYSIS	__cdecl	undefined	3	false	\N	false	10020a10-10020b6b	\N	\N	undefined __cdecl FUN_10020a10(uint param_1, _exception * param_2, ushort * param_3)
10020b90	FUN_10020b90	FUN_10020b90	Global	DEFAULT	ANALYSIS	__cdecl	int	3	false	\N	false	10020b90-10020c88	\N	\N	int __cdecl FUN_10020b90(undefined1 * param_1, int param_2, byte * param_3)
10020c90	FUN_10020c90	FUN_10020c90	Global	DEFAULT	ANALYSIS	__cdecl	undefined	3	false	\N	false	10020c90-10020caa	\N	\N	undefined __cdecl FUN_10020c90(byte * param_1, undefined4 * param_2, uint param_3)
10020cb0	FUN_10020cb0	FUN_10020cb0	Global	DEFAULT	ANALYSIS	__cdecl	uint	4	false	\N	false	10020cb0-10020fe0	\N	\N	uint __cdecl FUN_10020cb0(byte * param_1, undefined4 * param_2, uint param_3, uint param_4)
10020ff0	FUN_10020ff0	FUN_10020ff0	Global	DEFAULT	ANALYSIS	__cdecl	undefined	3	false	\N	false	10020ff0-1002100a	\N	\N	undefined __cdecl FUN_10020ff0(byte * param_1, undefined4 * param_2, uint param_3)
10021020	_strchr	_strchr	Global	ANALYSIS	IMPORTED	__cdecl	char *	2	false	\N	false	10021010-10021014;10021020-100210db	Library Function - Single Match\n _strchr\n\nLibraries: Visual Studio 1998 Debug, Visual Studio 1998 Release	\N	char * __cdecl _strchr(char * _Str, int _Val)
100210e0	_strstr	_strstr	Global	ANALYSIS	IMPORTED	__cdecl	char *	2	false	\N	false	100210e0-1002115f	Library Function - Single Match\n _strstr\n\nLibraries: Visual Studio 1998 Debug, Visual Studio 1998 Release	\N	char * __cdecl _strstr(char * _Str, char * _SubStr)
10021160	_strncmp	_strncmp	Global	ANALYSIS	IMPORTED	__cdecl	int	3	false	\N	false	10021160-10021197	Library Function - Single Match\n _strncmp\n\nLibraries: Visual Studio 1998 Debug, Visual Studio 1998 Release	\N	int __cdecl _strncmp(char * _Str1, char * _Str2, size_t _MaxCount)
100211a0	FUN_100211a0	FUN_100211a0	Global	DEFAULT	ANALYSIS	__cdecl	typedef BOOL int	7	false	\N	false	100211a0-100212e3;100212fb-1002135b	\N	\N	BOOL __cdecl FUN_100211a0(DWORD param_1, LPCSTR param_2, int param_3, LPWORD param_4, UINT param_5, LCID param_6, int param_7)
10021360	FUN_10021360	FUN_10021360	Global	DEFAULT	ANALYSIS	__cdecl	typedef DWORD ulong	3	false	\N	false	10021360-100213e1	\N	\N	DWORD __cdecl FUN_10021360(uint param_1, LONG param_2, DWORD param_3)
100213f0	FUN_100213f0	FUN_100213f0	Global	DEFAULT	ANALYSIS	__cdecl	typedef DWORD ulong	3	false	\N	false	100213f0-100214a1	\N	\N	DWORD __cdecl FUN_100213f0(uint param_1, LONG param_2, DWORD param_3)
100214b0	FUN_100214b0	FUN_100214b0	Global	DEFAULT	ANALYSIS	__cdecl	undefined	1	false	\N	false	100214b0-10021576	\N	\N	undefined __cdecl FUN_100214b0(undefined4 * param_1)
10021580	__isatty	__isatty	Global	ANALYSIS	IMPORTED	__cdecl	int	1	false	\N	false	10021580-100215b1	Library Function - Single Match\n __isatty\n\nLibrary: Visual Studio 2003 Debug	\N	int __cdecl __isatty(int _FileHandle)
100215c0	FUN_100215c0	FUN_100215c0	Global	DEFAULT	ANALYSIS	__cdecl	int	2	false	\N	false	100215c0-10021636	\N	\N	int __cdecl FUN_100215c0(LPSTR param_1, undefined2 param_2)
10021640	FUN_10021640	FUN_10021640	Global	DEFAULT	ANALYSIS	__cdecl	int	2	false	\N	false	10021640-100216df	\N	\N	int __cdecl FUN_10021640(LPSTR param_1, uint param_2)
100216e0	FUN_100216e0	FUN_100216e0	Global	DEFAULT	ANALYSIS	__thiscall	undefined4	2	false	\N	false	100216e0-10021a23	\N	\N	undefined4 __thiscall FUN_100216e0(UINT param_1)
10021a30	getSystemCP	getSystemCP	Global	ANALYSIS	ANALYSIS	__cdecl	typedef UINT uint	1	false	\N	false	10021a30-10021a88	Library Function - Single Match\n _getSystemCP\n\nLibrary: Visual Studio 2003 Debug	\N	UINT __cdecl getSystemCP(UINT param_1)
10021a90	FUN_10021a90	FUN_10021a90	Global	DEFAULT	ANALYSIS	__cdecl	undefined4	1	false	\N	false	10021a90-10021adf	\N	\N	undefined4 __cdecl FUN_10021a90(undefined4 param_1)
10021b10	setSBCS	setSBCS	Global	ANALYSIS	ANALYSIS	__cdecl	undefined	0	false	\N	false	10021b10-10021b83	Library Function - Single Match\n _setSBCS\n\nLibrary: Visual Studio 2003 Debug	\N	undefined __cdecl setSBCS(void)
10021b90	FUN_10021b90	FUN_10021b90	Global	DEFAULT	ANALYSIS	__stdcall	undefined	0	false	\N	false	10021b90-10021e91	\N	\N	undefined __stdcall FUN_10021b90(void)
10021ea0	FUN_10021ea0	FUN_10021ea0	Global	DEFAULT	ANALYSIS	__stdcall	undefined4	0	false	\N	false	10021ea0-10021eb6	\N	\N	undefined4 __stdcall FUN_10021ea0(void)
10021ec0	FUN_10021ec0	FUN_10021ec0	Global	DEFAULT	ANALYSIS	__fastcall	undefined	1	false	\N	false	10021ec0-10021ee1	\N	\N	undefined __fastcall FUN_10021ec0(void * param_1)
10021ef0	FUN_10021ef0	FUN_10021ef0	Global	DEFAULT	ANALYSIS	__cdecl	undefined4	1	false	\N	false	10021ef0-10021f71	\N	\N	undefined4 __cdecl FUN_10021ef0(undefined * * param_1)
10021f80	FUN_10021f80	FUN_10021f80	Global	DEFAULT	ANALYSIS	__cdecl	undefined4	1	false	\N	false	10021f80-1002203d	\N	\N	undefined4 __cdecl FUN_10021f80(int * param_1)
10022040	FUN_10022040	FUN_10022040	Global	DEFAULT	ANALYSIS	__thiscall	uint *	3	false	\N	false	10022040-1002242e	\N	\N	uint * __thiscall FUN_10022040(int param_1, uint * param_2)
10022430	FUN_10022430	FUN_10022430	Global	DEFAULT	ANALYSIS	__cdecl	undefined4	2	false	\N	false	10022430-100225c2	\N	\N	undefined4 __cdecl FUN_10022430(int param_1, uint * param_2)
100225d0	FUN_100225d0	FUN_100225d0	Global	DEFAULT	ANALYSIS	__stdcall	uint *	0	false	\N	false	100225d0-100226cf	\N	\N	uint * __stdcall FUN_100225d0(void)
100226d0	FUN_100226d0	FUN_100226d0	Global	DEFAULT	ANALYSIS	__cdecl	uint *	4	false	\N	false	100226d0-10022853	\N	\N	uint * __cdecl FUN_100226d0(uint * param_1, uint * param_2, undefined4 * param_3, undefined4 * param_4)
10022860	FUN_10022860	FUN_10022860	Global	DEFAULT	ANALYSIS	__stdcall	undefined4	0	false	\N	false	10022860-10022866	\N	\N	undefined4 __stdcall FUN_10022860(void)
10022870	__strcats	__strcats	Global	ANALYSIS	ANALYSIS	__cdecl	undefined	2	false	\N	false	10022870-100228be	Library Function - Single Match\n __strcats\n\nLibrary: Visual Studio 2003 Debug	\N	undefined __cdecl __strcats(uint * param_1, int param_2)
100228c0	FUN_100228c0	FUN_100228c0	Global	DEFAULT	ANALYSIS	__cdecl	undefined4	2	false	\N	false	100228c0-10022a1c	\N	\N	undefined4 __cdecl FUN_100228c0(char * param_1, byte * param_2)
10022a20	___lc_lctostr	___lc_lctostr	Global	ANALYSIS	ANALYSIS	__cdecl	undefined	2	false	\N	false	10022a20-10022a84	Library Function - Single Match\n ___lc_lctostr\n\nLibrary: Visual Studio 2003 Debug	\N	undefined __cdecl ___lc_lctostr(uint * param_1, uint * param_2)
10022a90	FUN_10022a90	FUN_10022a90	Global	DEFAULT	ANALYSIS	__cdecl	int	8	false	\N	false	10022a90-10022bd5;10022bed-10022ccb;10022ce3-10022d94	\N	\N	int __cdecl FUN_10022a90(LCID param_1, uint param_2, char * param_3, int param_4, LPWSTR param_5, int param_6, UINT param_7, int param_8)
10022da0	FUN_10022da0	FUN_10022da0	Global	DEFAULT	ANALYSIS	__cdecl	int	2	false	\N	false	10022da0-10022def	\N	\N	int __cdecl FUN_10022da0(char * param_1, int param_2)
10022df0	___addl	___addl	Global	ANALYSIS	ANALYSIS	__cdecl	undefined4	3	false	\N	false	10022df0-10022e2d	Library Function - Single Match\n ___addl\n\nLibrary: Visual Studio 2012 Debug	\N	undefined4 __cdecl ___addl(uint param_1, uint param_2, uint * param_3)
10022e30	___add_12	___add_12	Global	ANALYSIS	ANALYSIS	__cdecl	undefined	2	false	\N	false	10022e30-10022edc	Library Function - Single Match\n ___add_12\n\nLibrary: Visual Studio	\N	undefined __cdecl ___add_12(uint * param_1, uint * param_2)
10022ee0	___shl_12	___shl_12	Global	ANALYSIS	ANALYSIS	__cdecl	undefined	1	false	\N	false	10022ee0-10022f3f	Library Function - Single Match\n ___shl_12\n\nLibraries: Visual Studio 2003, Visual Studio 2005, Visual Studio 2008, Visual Studio 2010	\N	undefined __cdecl ___shl_12(uint * param_1)
10022f40	___shr_12	___shr_12	Global	ANALYSIS	ANALYSIS	__cdecl	undefined	1	false	\N	false	10022f40-10022fa2	Library Function - Single Match\n ___shr_12\n\nLibraries: Visual Studio 2003, Visual Studio 2005, Visual Studio 2008, Visual Studio 2010	\N	undefined __cdecl ___shr_12(uint * param_1)
10022fb0	FUN_10022fb0	FUN_10022fb0	Global	DEFAULT	ANALYSIS	__cdecl	undefined	3	false	\N	false	10022fb0-100230ea	\N	\N	undefined __cdecl FUN_10022fb0(char * param_1, int param_2, uint * param_3)
100230f0	FUN_100230f0	FUN_100230f0	Global	DEFAULT	ANALYSIS	__cdecl	uint	7	false	\N	false	100230f0-10023b09	\N	\N	uint __cdecl FUN_100230f0(undefined2 * param_1, undefined4 * param_2, byte * param_3, int param_4, int param_5, int param_6, int param_7)
10023c20	FUN_10023c20	FUN_10023c20	Global	DEFAULT	ANALYSIS	__cdecl	uint	4	false	\N	false	10023c20-10023c6e	\N	\N	uint __cdecl FUN_10023c20(undefined4 * param_1, undefined4 * param_2, byte * param_3, int param_4)
10023c70	FUN_10023c70	FUN_10023c70	Global	DEFAULT	ANALYSIS	__cdecl	undefined4	6	false	\N	false	10023c70-10024185	\N	\N	undefined4 __cdecl FUN_10023c70(int param_1, uint param_2, ushort param_3, int param_4, uint param_5, short * param_6)
10024190	FUN_10024190	FUN_10024190	Global	DEFAULT	ANALYSIS	__fastcall	uint	1	false	\N	false	10024190-10024371	\N	\N	uint __fastcall FUN_10024190(void * param_1)
10024380	__set_osfhnd	__set_osfhnd	Global	ANALYSIS	IMPORTED	__cdecl	int	2	false	\N	false	10024380-10024436	Library Function - Single Match\n __set_osfhnd\n\nLibrary: Visual Studio 2003 Debug	\N	int __cdecl __set_osfhnd(int param_1, intptr_t param_2)
10024440	FUN_10024440	FUN_10024440	Global	DEFAULT	ANALYSIS	__cdecl	undefined4	1	false	\N	false	10024440-10024517	\N	\N	undefined4 __cdecl FUN_10024440(uint param_1)
10024520	FUN_10024520	FUN_10024520	Global	DEFAULT	ANALYSIS	__cdecl	undefined4	1	false	\N	false	10024520-10024585	\N	\N	undefined4 __cdecl FUN_10024520(uint param_1)
10024590	FUN_10024590	FUN_10024590	Global	DEFAULT	ANALYSIS	__cdecl	uint	2	false	\N	false	10024590-10024693	\N	\N	uint __cdecl FUN_10024590(HANDLE param_1, uint param_2)
100246a0	FUN_100246a0	FUN_100246a0	Global	DEFAULT	ANALYSIS	__cdecl	undefined	1	false	\N	false	100246a0-10024725	\N	\N	undefined __cdecl FUN_100246a0(uint param_1)
10024730	__unlock_fhandle	__unlock_fhandle	Global	ANALYSIS	IMPORTED	__cdecl	void	1	false	\N	false	10024730-10024755	Library Function - Single Match\n __unlock_fhandle\n\nLibrary: Visual Studio 2003 Debug	\N	void __cdecl __unlock_fhandle(int _Filehandle)
10024760	FUN_10024760	FUN_10024760	Global	DEFAULT	ANALYSIS	__cdecl	float10	3	false	\N	false	10024760-100247b4	\N	\N	float10 __cdecl FUN_10024760(int param_1, undefined4 param_2, undefined4 param_3)
100247c0	FUN_100247c0	FUN_100247c0	Global	DEFAULT	ANALYSIS	__cdecl	float10	5	false	\N	false	100247c0-10024826	\N	\N	float10 __cdecl FUN_100247c0(int param_1, undefined4 param_2, undefined4 param_3, undefined4 param_4, undefined4 param_5)
10024830	FUN_10024830	FUN_10024830	Global	DEFAULT	ANALYSIS	__cdecl	float10	7	false	\N	false	10024830-100248e1	\N	\N	float10 __cdecl FUN_10024830(uint param_1, uint param_2, uint param_3, undefined4 param_4, uint param_5, undefined4 param_6, uint param_7)
100248f0	FUN_100248f0	FUN_100248f0	Global	DEFAULT	ANALYSIS	__cdecl	float10	9	false	\N	false	100248f0-100249bd	\N	\N	float10 __cdecl FUN_100248f0(uint param_1, uint param_2, uint param_3, undefined4 param_4, undefined4 param_5, undefined4 param_6, uint param_7, undefined4 param_8, uint param_9)
100249c0	FUN_100249c0	FUN_100249c0	Global	DEFAULT	ANALYSIS	__cdecl	undefined	6	false	\N	false	100249c0-10024e70	\N	\N	undefined __cdecl FUN_100249c0(uint * param_1, uint * param_2, uint param_3, uint param_4, uint * param_5, uint * param_6)
10024e90	FUN_10024e90	FUN_10024e90	Global	DEFAULT	ANALYSIS	__cdecl	bool	3	false	\N	false	10024e90-10025201	\N	\N	bool __cdecl FUN_10024e90(uint param_1, double * param_2, uint param_3)
10025210	__umatherr	__umatherr	Global	ANALYSIS	ANALYSIS	__cdecl	float10	8	false	\N	false	10025210-100252aa	Library Function - Single Match\n __umatherr\n\nLibrary: Visual Studio	\N	float10 __cdecl __umatherr(int param_1, int param_2, undefined4 param_3, undefined4 param_4, undefined4 param_5, undefined4 param_6, undefined4 param_7, undefined4 param_8)
100252b0	FID_conflict:__set_errno_from_matherr	FID_conflict:__set_errno_from_matherr	Global	ANALYSIS	IMPORTED	__cdecl	typedef errno_t int	1	false	\N	false	100252b0-100252e9	Library Function - Multiple Matches With Different Base Names\n __set_errno\n __set_errno_from_matherr\n\nLibrary: Visual Studio	\N	errno_t __cdecl FID_conflict:__set_errno_from_matherr(int _Value)
100252f0	__get_fname	__get_fname	Global	ANALYSIS	ANALYSIS	__cdecl	undefined *	1	false	\N	false	100252f0-1002532e	Library Function - Single Match\n __get_fname\n\nLibrary: Visual Studio	\N	undefined * __cdecl __get_fname(int param_1)
10025330	FUN_10025330	FUN_10025330	Global	DEFAULT	ANALYSIS	__cdecl	undefined4	1	false	\N	false	10025330-100253a0	\N	\N	undefined4 __cdecl FUN_10025330(uint param_1)
100253b0	__matherr	__matherr	Global	ANALYSIS	IMPORTED	__cdecl	int	1	false	\N	false	100253b0-100253b6	Library Function - Single Match\n __matherr\n\nLibrary: Visual Studio	\N	int __cdecl __matherr(_exception * _Except)
100253c0	FUN_100253c0	FUN_100253c0	Global	DEFAULT	ANALYSIS	__stdcall	int	0	false	\N	false	100253c0-100253d5	\N	\N	int __stdcall FUN_100253c0(void)
100253e0	FUN_100253e0	FUN_100253e0	Global	DEFAULT	ANALYSIS	__stdcall	int	0	false	\N	false	100253e0-100253f6	\N	\N	int __stdcall FUN_100253e0(void)
10025400	FUN_10025400	FUN_10025400	Global	DEFAULT	ANALYSIS	__stdcall	int	0	false	\N	false	10025400-10025431	\N	\N	int __stdcall FUN_10025400(void)
10025440	FUN_10025440	FUN_10025440	Global	DEFAULT	ANALYSIS	__stdcall	undefined	0	false	\N	false	10025440-100254b4	\N	\N	undefined __stdcall FUN_10025440(void)
100254c0	FUN_100254c0	FUN_100254c0	Global	DEFAULT	ANALYSIS	__cdecl	int	1	false	\N	false	100254c0-100254ca	\N	\N	int __cdecl FUN_100254c0(int param_1)
100254d0	FUN_100254d0	FUN_100254d0	Global	DEFAULT	ANALYSIS	__cdecl	uint	1	false	\N	false	100254d0-10025562	\N	\N	uint __cdecl FUN_100254d0(uint param_1)
10025570	FUN_10025570	FUN_10025570	Global	DEFAULT	ANALYSIS	__cdecl	uint	1	false	\N	false	10025570-1002569a	\N	\N	uint __cdecl FUN_10025570(uint param_1)
100256a0	FUN_100256a0	FUN_100256a0	Global	DEFAULT	ANALYSIS	__cdecl	undefined4	1	false	\N	false	100256a0-10025719	\N	\N	undefined4 __cdecl FUN_100256a0(uint param_1)
10025720	__close_lk	__close_lk	Global	ANALYSIS	ANALYSIS	__cdecl	undefined4	1	false	\N	false	10025720-100257c9	Library Function - Single Match\n __close_lk\n\nLibrary: Visual Studio 2003 Debug	\N	undefined4 __cdecl __close_lk(uint param_1)
100257d0	___init_time	___init_time	Global	ANALYSIS	IMPORTED	__cdecl	int	1	false	\N	false	100257d0-100258aa	Library Function - Single Match\n ___init_time\n\nLibrary: Visual Studio 2003 Debug	\N	int __cdecl ___init_time(threadlocinfo * _LocInfo)
100258b0	FUN_100258b0	FUN_100258b0	Global	DEFAULT	ANALYSIS	__cdecl	uint	1	false	\N	false	100258b0-10025e3e	\N	\N	uint __cdecl FUN_100258b0(int * param_1)
10025e40	___free_lc_time	___free_lc_time	Global	ANALYSIS	ANALYSIS	__cdecl	undefined	1	false	\N	false	10025e40-1002614a	Library Function - Single Match\n ___free_lc_time\n\nLibrary: Visual Studio 2003 Debug	\N	undefined __cdecl ___free_lc_time(int param_1)
10026150	FUN_10026150	FUN_10026150	Global	DEFAULT	ANALYSIS	__stdcall	undefined4	0	false	\N	false	10026150-100263f5	\N	\N	undefined4 __stdcall FUN_10026150(void)
10026400	fix_grouping	fix_grouping	Global	ANALYSIS	ANALYSIS	__cdecl	undefined	1	false	\N	false	10026400-1002647c	Library Function - Single Match\n _fix_grouping\n\nLibrary: Visual Studio	\N	undefined __cdecl fix_grouping(char * param_1)
10026480	FUN_10026480	FUN_10026480	Global	DEFAULT	ANALYSIS	__stdcall	undefined4	0	false	\N	false	10026480-100265af	\N	\N	undefined4 __stdcall FUN_10026480(void)
100265b0	FUN_100265b0	FUN_100265b0	Global	DEFAULT	ANALYSIS	__cdecl	uint	1	false	\N	false	100265b0-100267bc	\N	\N	uint __cdecl FUN_100265b0(int param_1)
100267c0	fix_grouping	fix_grouping	Global	ANALYSIS	ANALYSIS	__cdecl	undefined	1	false	\N	false	100267c0-1002683c	Library Function - Single Match\n _fix_grouping\n\nLibrary: Visual Studio	\N	undefined __cdecl fix_grouping(char * param_1)
10026840	FUN_10026840	FUN_10026840	Global	DEFAULT	ANALYSIS	__cdecl	undefined	1	false	\N	false	10026840-100268d2	\N	\N	undefined __cdecl FUN_10026840(int param_1)
100268e0	FUN_100268e0	FUN_100268e0	Global	DEFAULT	ANALYSIS	__stdcall	undefined4	0	false	\N	false	100268e0-10026c7f	\N	\N	undefined4 __stdcall FUN_100268e0(void)
10026c80	FUN_10026c80	FUN_10026c80	Global	DEFAULT	ANALYSIS	__stdcall	undefined4	0	false	\N	false	10026c80-10026c86	\N	\N	undefined4 __stdcall FUN_10026c80(void)
10026c90	FUN_10026c90	FUN_10026c90	Global	DEFAULT	ANALYSIS	__cdecl	int	2	false	\N	false	10026c90-10026ccd	\N	\N	int __cdecl FUN_10026c90(byte * param_1, byte * param_2)
10026cd0	FUN_10026cd0	FUN_10026cd0	Global	DEFAULT	ANALYSIS	__cdecl	byte *	2	false	\N	false	10026cd0-10026d09	\N	\N	byte * __cdecl FUN_10026cd0(byte * param_1, byte * param_2)
10026d10	FUN_10026d10	FUN_10026d10	Global	DEFAULT	ANALYSIS	__cdecl	undefined4	3	false	\N	false	10026d10-10026f0f	\N	\N	undefined4 __cdecl FUN_10026d10(char * param_1, undefined2 * param_2, int param_3)
10026f10	FUN_10026f10	FUN_10026f10	Global	DEFAULT	ANALYSIS	__cdecl	undefined	3	false	\N	false	10026f10-10026f91	\N	\N	undefined __cdecl FUN_10026f10(int param_1, int param_2, int * param_3)
10026fa0	FUN_10026fa0	FUN_10026fa0	Global	DEFAULT	ANALYSIS	__stdcall	undefined	0	false	\N	false	10026fa0-10027059	\N	\N	undefined __stdcall FUN_10026fa0(void)
10027060	FUN_10027060	FUN_10027060	Global	DEFAULT	ANALYSIS	__stdcall	bool	1	false	\N	false	10027060-10027383	\N	\N	bool __stdcall FUN_10027060(char * param_1)
10027390	FUN_10027390	FUN_10027390	Global	DEFAULT	ANALYSIS	__stdcall	undefined	0	false	\N	false	10027390-10027403	\N	\N	undefined __stdcall FUN_10027390(void)
10027410	FUN_10027410	FUN_10027410	Global	DEFAULT	ANALYSIS	__stdcall	bool	1	false	\N	false	10027410-1002752e	\N	\N	bool __stdcall FUN_10027410(char * param_1)
10027530	FUN_10027530	FUN_10027530	Global	DEFAULT	ANALYSIS	__stdcall	undefined	0	false	\N	false	10027530-10027574	\N	\N	undefined __stdcall FUN_10027530(void)
10027580	FUN_10027580	FUN_10027580	Global	DEFAULT	ANALYSIS	__stdcall	bool	1	false	\N	false	10027580-1002762b	\N	\N	bool __stdcall FUN_10027580(char * param_1)
10027630	FUN_10027630	FUN_10027630	Global	DEFAULT	ANALYSIS	__stdcall	undefined	0	false	\N	false	10027630-1002765a	\N	\N	undefined __stdcall FUN_10027630(void)
10027660	FUN_10027660	FUN_10027660	Global	DEFAULT	ANALYSIS	__cdecl	int	1	false	\N	false	10027660-100276fa	\N	\N	int __cdecl FUN_10027660(byte * param_1)
10027700	FUN_10027700	FUN_10027700	Global	DEFAULT	ANALYSIS	__cdecl	undefined4	1	false	\N	false	10027700-1002774e	\N	\N	undefined4 __cdecl FUN_10027700(short param_1)
10027750	FUN_10027750	FUN_10027750	Global	DEFAULT	ANALYSIS	__cdecl	undefined4	2	false	\N	false	10027750-100277d6	\N	\N	undefined4 __cdecl FUN_10027750(int param_1, int param_2)
100277e0	FUN_100277e0	FUN_100277e0	Global	DEFAULT	ANALYSIS	__stdcall	undefined4	0	false	\N	false	100277e0-1002782c	\N	\N	undefined4 __stdcall FUN_100277e0(void)
10027830	crtGetLocaleInfoA	crtGetLocaleInfoA	Global	ANALYSIS	ANALYSIS	__stdcall	int	4	false	\N	false	10027830-100279b3	Library Function - Single Match\n _crtGetLocaleInfoA@16\n\nLibrary: Visual Studio 2003 Debug\n__stdcall crtGetLocaleInfoA,16	\N	int __stdcall crtGetLocaleInfoA(uint param_1, uint param_2, char * param_3, int param_4)
100279c0	FUN_100279c0	FUN_100279c0	Global	DEFAULT	ANALYSIS	__cdecl	int	1	false	\N	false	100279c0-10027a35	\N	\N	int __cdecl FUN_100279c0(char * param_1)
10027a40	_GetPrimaryLen	_GetPrimaryLen	Global	ANALYSIS	ANALYSIS	__cdecl	int	1	false	\N	false	10027a40-10027aa4	Library Function - Single Match\n _GetPrimaryLen\n\nLibraries: Visual Studio 2003 Debug, Visual Studio 2005 Debug, Visual Studio 2008 Debug, Visual Studio 2010 Debug	\N	int __cdecl _GetPrimaryLen(char * param_1)
10027ab0	FUN_10027ab0	FUN_10027ab0	Global	DEFAULT	ANALYSIS	__cdecl	undefined	2	false	\N	false	10027ab0-10027eec	\N	\N	undefined __cdecl FUN_10027ab0(int * param_1, int * param_2)
10027ef0	FUN_10027ef0	FUN_10027ef0	Global	DEFAULT	ANALYSIS	__cdecl	undefined	3	false	\N	false	10027ef0-10027fb2	\N	\N	undefined __cdecl FUN_10027ef0(int * param_1, uint param_2, int param_3)
10027fc0	FUN_10027fc0	FUN_10027fc0	Global	DEFAULT	ANALYSIS	__cdecl	float10	3	false	\N	false	10027fc0-10027ffd	\N	\N	float10 __cdecl FUN_10027fc0(undefined4 param_1, undefined4 param_2, short param_3)
10028000	FUN_10028000	FUN_10028000	Global	DEFAULT	ANALYSIS	__cdecl	int	2	false	\N	false	10028000-1002802c	\N	\N	int __cdecl FUN_10028000(undefined4 param_1, undefined8 param_2)
10028030	FUN_10028030	FUN_10028030	Global	DEFAULT	ANALYSIS	__cdecl	undefined	3	false	\N	false	10028030-10028062	\N	\N	undefined __cdecl FUN_10028030(undefined4 param_1, uint param_2, short param_3)
10028070	FUN_10028070	FUN_10028070	Global	DEFAULT	ANALYSIS	__cdecl	float10	3	false	\N	false	10028070-100280a3	\N	\N	float10 __cdecl FUN_10028070(undefined4 param_1, undefined4 param_2, short param_3)
100280b0	FUN_100280b0	FUN_100280b0	Global	DEFAULT	ANALYSIS	__cdecl	undefined4	2	false	\N	false	100280b0-1002812b	\N	\N	undefined4 __cdecl FUN_100280b0(int param_1, uint param_2)
10028130	FUN_10028130	FUN_10028130	Global	DEFAULT	ANALYSIS	__cdecl	float10	3	false	\N	false	10028130-10028268	\N	\N	float10 __cdecl FUN_10028130(uint param_1, uint param_2, int * param_3)
10028270	FUN_10028270	FUN_10028270	Global	DEFAULT	ANALYSIS	__stdcall	undefined1 *	0	false	\N	false	10028270-10028390	\N	\N	undefined1 * __stdcall FUN_10028270(void)
100283a0	FUN_100283a0	FUN_100283a0	Global	DEFAULT	ANALYSIS	__stdcall	undefined1 *	0	false	\N	false	100283a0-100284c2	\N	\N	undefined1 * __stdcall FUN_100283a0(void)
100284d0	FUN_100284d0	FUN_100284d0	Global	DEFAULT	ANALYSIS	__stdcall	undefined4 *	0	false	\N	false	100284d0-1002883d	\N	\N	undefined4 * __stdcall FUN_100284d0(void)
10028840	FUN_10028840	FUN_10028840	Global	DEFAULT	ANALYSIS	__cdecl	undefined	4	false	\N	false	10028840-1002885e	\N	\N	undefined __cdecl FUN_10028840(byte * param_1, uint param_2, byte * param_3, int * param_4)
10028860	FUN_10028860	FUN_10028860	Global	DEFAULT	ANALYSIS	__cdecl	int	5	false	\N	false	10028860-100289e9	\N	\N	int __cdecl FUN_10028860(byte * param_1, uint param_2, byte * param_3, int * param_4, undefined * param_5)
100289f0	FUN_100289f0	FUN_100289f0	Global	DEFAULT	ANALYSIS	__cdecl	undefined	5	false	\N	false	100289f0-10028f5c	\N	\N	undefined __cdecl FUN_100289f0(char param_1, int * param_2, int * param_3, uint * param_4, int param_5)
10029010	FID_conflict:_store_str	FID_conflict:_store_str	Global	ANALYSIS	ANALYSIS	__cdecl	undefined	3	false	\N	false	10029010-10029057	Library Function - Multiple Matches With Different Base Names\n void __cdecl _store_str(char *,char * *,unsigned int *)\n __store_str\n\nLibraries: Visual Studio 2003 Debug, Visual Studio 2005 Debug, Visual Studio 2008 Debug, Visual Studio 2010 Debug	\N	undefined __cdecl FID_conflict:_store_str(char * param_1, int * param_2, int * param_3)
10029060	FUN_10029060	FUN_10029060	Global	DEFAULT	ANALYSIS	__cdecl	undefined	4	false	\N	false	10029060-1002910c	\N	\N	undefined __cdecl FUN_10029060(int param_1, uint param_2, int * param_3, uint * param_4)
10029110	FID_conflict:_store_number	FID_conflict:_store_number	Global	ANALYSIS	ANALYSIS	__cdecl	undefined	3	false	\N	false	10029110-100291bb	Library Function - Multiple Matches With Different Base Names\n void __cdecl _store_number(int,char * *,unsigned int *)\n __store_number\n\nLibraries: Visual Studio 2003 Debug, Visual Studio 2005 Debug, Visual Studio 2008 Debug, Visual Studio 2010 Debug	\N	undefined __cdecl FID_conflict:_store_number(int param_1, int * param_2, uint * param_3)
100291c0	FUN_100291c0	FUN_100291c0	Global	DEFAULT	ANALYSIS	__cdecl	undefined	5	false	\N	false	100291c0-1002963f	\N	\N	undefined __cdecl FUN_100291c0(byte * param_1, int param_2, int * param_3, uint * param_4, int param_5)
100296e0	FUN_100296e0	FUN_100296e0	Global	DEFAULT	ANALYSIS	__cdecl	undefined4	4	false	\N	false	100296e0-10029969	\N	\N	undefined4 __cdecl FUN_100296e0(int param_1, LCID param_2, LCTYPE param_3, int * param_4)
10029970	FUN_10029970	FUN_10029970	Global	DEFAULT	ANALYSIS	__stdcall	undefined *	0	false	\N	false	10029970-10029979	\N	\N	undefined * __stdcall FUN_10029970(void)
10029980	FUN_10029980	FUN_10029980	Global	DEFAULT	ANALYSIS	__cdecl	typedef BOOL int	6	false	\N	false	10029980-10029aa6;10029abe-10029b25;10029b3d-10029bec	\N	\N	BOOL __cdecl FUN_10029980(DWORD param_1, LPCWSTR param_2, int param_3, LPWORD param_4, UINT param_5, LCID param_6)
10029bf0	FUN_10029bf0	FUN_10029bf0	Global	DEFAULT	ANALYSIS	__thiscall	uint	3	false	\N	false	10029bf0-10029cbf	\N	\N	uint __thiscall FUN_10029bf0(byte * param_1, byte * param_2)
10029cc0	FUN_10029cc0	FUN_10029cc0	Global	DEFAULT	ANALYSIS	__cdecl	undefined4	3	false	\N	false	10029cc0-10029dc0	\N	\N	undefined4 __cdecl FUN_10029cc0(byte * param_1, char * param_2, void * param_3)
10029dd0	FUN_10029dd0	FUN_10029dd0	Global	DEFAULT	ANALYSIS	__cdecl	int	1	false	\N	false	10029dd0-10029ece	\N	\N	int __cdecl FUN_10029dd0(byte * param_1)
10029ed0	FUN_10029ed0	FUN_10029ed0	Global	DEFAULT	ANALYSIS	__cdecl	undefined	1	false	\N	false	10029ed0-10029ee0	\N	\N	undefined __cdecl FUN_10029ed0(byte * param_1)
10029ef0	FUN_10029ef0	FUN_10029ef0	Global	DEFAULT	ANALYSIS	__cdecl	undefined8	1	false	\N	false	10029ef0-1002a018	\N	\N	undefined8 __cdecl FUN_10029ef0(byte * param_1)
1002a020	FUN_1002a020	FUN_1002a020	Global	DEFAULT	ANALYSIS	__fastcall	undefined	1	false	\N	false	1002a020-1002a05c	\N	\N	undefined __fastcall FUN_1002a020(void * param_1)
1002a060	FUN_1002a060	FUN_1002a060	Global	DEFAULT	ANALYSIS	__fastcall	undefined	1	false	\N	false	1002a060-1002a07d	\N	\N	undefined __fastcall FUN_1002a060(void * param_1)
1002a080	FUN_1002a080	FUN_1002a080	Global	DEFAULT	ANALYSIS	__fastcall	undefined	1	false	\N	false	1002a080-1002a42a	\N	\N	undefined __fastcall FUN_1002a080(void * param_1)
1002a430	FUN_1002a430	FUN_1002a430	Global	DEFAULT	ANALYSIS	__thiscall	undefined4	2	false	\N	false	1002a430-1002a45d	\N	\N	undefined4 __thiscall FUN_1002a430(int * param_1)
1002a460	FUN_1002a460	FUN_1002a460	Global	DEFAULT	ANALYSIS	__cdecl	undefined4	1	false	\N	false	1002a460-1002a759	\N	\N	undefined4 __cdecl FUN_1002a460(int * param_1)
1002a760	FUN_1002a760	FUN_1002a760	Global	DEFAULT	ANALYSIS	__cdecl	undefined	11	false	\N	false	1002a760-1002a957	\N	\N	undefined __cdecl FUN_1002a760(int param_1, int param_2, uint param_3, int param_4, int param_5, int param_6, int param_7, int param_8, int param_9, int param_10, int param_11)
1002a960	FUN_1002a960	FUN_1002a960	Global	DEFAULT	ANALYSIS	__cdecl	int	5	false	\N	false	1002a960-1002aa5c;1002aa74-1002aaf4	\N	\N	int __cdecl FUN_1002a960(LCID param_1, LCTYPE param_2, LPWSTR param_3, int param_4, UINT param_5)
1002ab00	FUN_1002ab00	FUN_1002ab00	Global	DEFAULT	ANALYSIS	__cdecl	int	5	false	\N	false	1002ab00-1002abfe;1002ac16-1002aca4	\N	\N	int __cdecl FUN_1002ab00(LCID param_1, LCTYPE param_2, LPSTR param_3, int param_4, UINT param_5)
1002acb0	__allmul	__allmul	Global	ANALYSIS	ANALYSIS	__stdcall	longlong	4	false	\N	false	1002acb0-1002ace3	Library Function - Single Match\n __allmul\n\nLibrary: Visual Studio	\N	longlong __stdcall __allmul(uint param_1, int param_2, uint param_3, int param_4)
1002acf0	FUN_1002acf0	FUN_1002acf0	Global	DEFAULT	ANALYSIS	__thiscall	char *	2	false	\N	false	1002acf0-1002ad1d	\N	\N	char * __thiscall FUN_1002acf0(char * param_1)
1002ad20	FID_conflict:__getenv_lk	FID_conflict:__getenv_lk	Global	ANALYSIS	IMPORTED	__cdecl	char *	1	false	\N	false	1002ad20-1002ade5	Library Function - Multiple Matches With Different Base Names\n __getenv_lk\n _getenv\n\nLibrary: Visual Studio 2003 Debug	\N	char * __cdecl FID_conflict:__getenv_lk(char * _VarName)
1002adf0	__mbsnbicoll	__mbsnbicoll	Global	ANALYSIS	IMPORTED	__cdecl	int	3	false	\N	false	1002adf0-1002ae3e	Library Function - Single Match\n __mbsnbicoll\n\nLibrary: Visual Studio 2003 Debug	\N	int __cdecl __mbsnbicoll(uchar * _Str1, uchar * _Str2, size_t _MaxCount)
1002ae40	FUN_1002ae40	FUN_1002ae40	Global	DEFAULT	ANALYSIS	__stdcall	undefined4	0	false	\N	false	1002ae40-1002aeed	\N	\N	undefined4 __stdcall FUN_1002ae40(void)
1002aef0	FUN_1002aef0	FUN_1002aef0	Global	DEFAULT	ANALYSIS	__cdecl	int	7	false	\N	false	1002aef0-1002b1ce;1002b1e6-1002b26c;1002b284-1002b2e7	\N	\N	int __cdecl FUN_1002aef0(LCID param_1, DWORD param_2, byte * param_3, int param_4, byte * param_5, int param_6, UINT param_7)
1002b2f0	FUN_1002b2f0	FUN_1002b2f0	Global	DEFAULT	ANALYSIS	__cdecl	int	2	false	\N	false	1002b2f0-1002b33f	\N	\N	int __cdecl FUN_1002b2f0(char * param_1, int param_2)
1002b340	FUN_1002b340	FUN_1002b340	Global	DEFAULT	ANALYSIS	__thiscall	undefined4	3	false	\N	false	1002b340-1002b61f	\N	\N	undefined4 __thiscall FUN_1002b340(uint * param_1, int param_2)
1002b620	findenv	findenv	Global	ANALYSIS	ANALYSIS	__cdecl	int	2	false	\N	false	1002b620-1002b69b	Library Function - Single Match\n _findenv\n\nLibrary: Visual Studio 2003 Debug	\N	int __cdecl findenv(uchar * param_1, size_t param_2)
1002b6a0	copy_environ	copy_environ	Global	ANALYSIS	ANALYSIS	__cdecl	int *	1	false	\N	false	1002b6a0-1002b78d	Library Function - Single Match\n _copy_environ\n\nLibrary: Visual Studio 2003 Debug	\N	int * __cdecl copy_environ(int * param_1)
1002b790	FUN_1002b790	FUN_1002b790	Global	DEFAULT	ANALYSIS	__thiscall	byte *	3	false	\N	false	1002b790-1002b87c	\N	\N	byte * __thiscall FUN_1002b790(byte * param_1, uint param_2)
1002b884	RtlUnwind	KERNEL32.DLL::RtlUnwind	KERNEL32.DLL	DEFAULT	IMPORTED	__stdcall	void	4	true	KERNEL32.DLL::RtlUnwind	false	1002b884-1002b889	\N	\N	void __stdcall RtlUnwind(PVOID TargetFrame, PVOID TargetIp, PEXCEPTION_RECORD ExceptionRecord, PVOID ReturnValue)
10034140	Unwind@10034140	Unwind@10034140	Global	ANALYSIS	ANALYSIS	__stdcall	undefined	0	false	\N	false	10034140-1003414a	\N	\N	undefined __stdcall Unwind@10034140(void)
10034155	Unwind@10034155	Unwind@10034155	Global	ANALYSIS	ANALYSIS	__stdcall	undefined	0	false	\N	false	10034155-1003415f	\N	\N	undefined __stdcall Unwind@10034155(void)
1003416a	Unwind@1003416a	Unwind@1003416a	Global	ANALYSIS	ANALYSIS	__stdcall	undefined	0	false	\N	false	1003416a-1003417c	\N	\N	undefined __stdcall Unwind@1003416a(void)
1003417d	Unwind@1003417d	Unwind@1003417d	Global	ANALYSIS	ANALYSIS	__stdcall	undefined	0	false	\N	false	1003417d-10034187	\N	\N	undefined __stdcall Unwind@1003417d(void)
10034192	Unwind@10034192	Unwind@10034192	Global	ANALYSIS	ANALYSIS	__stdcall	undefined	0	false	\N	false	10034192-100341a4	\N	\N	undefined __stdcall Unwind@10034192(void)
