address	type	name	full_name	namespace	source	primary	external	external_entry
EXTERNAL:00000001	Function	GetVersion	KERNEL32.DLL::GetVersion	KERNEL32.DLL	IMPORTED	true	true	false
EXTERNAL:00000002	Function	GlobalFree	KERNEL32.DLL::GlobalFree	KERNEL32.DLL	IMPORTED	true	true	false
EXTERNAL:00000003	Function	EnterCriticalSection	KERNEL32.DLL::EnterCriticalSection	KERNEL32.DLL	IMPORTED	true	true	false
EXTERNAL:00000004	Function	LeaveCriticalSection	KERNEL32.DLL::LeaveCriticalSection	KERNEL32.DLL	IMPORTED	true	true	false
EXTERNAL:00000005	Function	HeapCreate	KERNEL32.DLL::HeapCreate	KERNEL32.DLL	IMPORTED	true	true	false
EXTERNAL:00000006	Function	HeapDestroy	KERNEL32.DLL::HeapDestroy	KERNEL32.DLL	IMPORTED	true	true	false
EXTERNAL:00000007	Function	HeapAlloc	KERNEL32.DLL::HeapAlloc	KERNEL32.DLL	IMPORTED	true	true	false
EXTERNAL:00000008	Function	FatalAppExitA	KERNEL32.DLL::FatalAppExitA	KERNEL32.DLL	IMPORTED	true	true	false
EXTERNAL:00000009	Function	DeleteCriticalSection	KERNEL32.DLL::DeleteCriticalSection	KERNEL32.DLL	IMPORTED	true	true	false
EXTERNAL:0000000a	Function	SetEnvironmentVariableA	KERNEL32.DLL::SetEnvironmentVariableA	KERNEL32.DLL	IMPORTED	true	true	false
EXTERNAL:0000000b	Function	CompareStringW	KERNEL32.DLL::CompareStringW	KERNEL32.DLL	IMPORTED	true	true	false
EXTERNAL:0000000c	Function	CompareStringA	KERNEL32.DLL::CompareStringA	KERNEL32.DLL	IMPORTED	true	true	false
EXTERNAL:0000000d	Function	GetLocaleInfoW	KERNEL32.DLL::GetLocaleInfoW	KERNEL32.DLL	IMPORTED	true	true	false
EXTERNAL:0000000e	Function	GetTimeZoneInformation	KERNEL32.DLL::GetTimeZoneInformation	KERNEL32.DLL	IMPORTED	true	true	false
EXTERNAL:0000000f	Function	GetUserDefaultLCID	KERNEL32.DLL::GetUserDefaultLCID	KERNEL32.DLL	IMPORTED	true	true	false
EXTERNAL:00000010	Function	EnumSystemLocalesA	KERNEL32.DLL::EnumSystemLocalesA	KERNEL32.DLL	IMPORTED	true	true	false
EXTERNAL:00000011	Function	GetLocaleInfoA	KERNEL32.DLL::GetLocaleInfoA	KERNEL32.DLL	IMPORTED	true	true	false
EXTERNAL:00000012	Function	IsValidCodePage	KERNEL32.DLL::IsValidCodePage	KERNEL32.DLL	IMPORTED	true	true	false
EXTERNAL:00000013	Function	IsValidLocale	KERNEL32.DLL::IsValidLocale	KERNEL32.DLL	IMPORTED	true	true	false
EXTERNAL:00000014	Function	CloseHandle	KERNEL32.DLL::CloseHandle	KERNEL32.DLL	IMPORTED	true	true	false
EXTERNAL:00000015	Function	RaiseException	KERNEL32.DLL::RaiseException	KERNEL32.DLL	IMPORTED	true	true	false
EXTERNAL:00000016	Function	SetStdHandle	KERNEL32.DLL::SetStdHandle	KERNEL32.DLL	IMPORTED	true	true	false
EXTERNAL:00000017	Function	LCMapStringW	KERNEL32.DLL::LCMapStringW	KERNEL32.DLL	IMPORTED	true	true	false
EXTERNAL:00000018	Function	LCMapStringA	KERNEL32.DLL::LCMapStringA	KERNEL32.DLL	IMPORTED	true	true	false
EXTERNAL:00000019	Function	Sleep	KERNEL32.DLL::Sleep	KERNEL32.DLL	IMPORTED	true	true	false
EXTERNAL:0000001a	Function	GetOEMCP	KERNEL32.DLL::GetOEMCP	KERNEL32.DLL	IMPORTED	true	true	false
EXTERNAL:0000001b	Function	GetACP	KERNEL32.DLL::GetACP	KERNEL32.DLL	IMPORTED	true	true	false
EXTERNAL:0000001c	Function	GetCPInfo	KERNEL32.DLL::GetCPInfo	KERNEL32.DLL	IMPORTED	true	true	false
EXTERNAL:0000001d	Function	SetFilePointer	KERNEL32.DLL::SetFilePointer	KERNEL32.DLL	IMPORTED	true	true	false
EXTERNAL:0000001e	Function	GetStringTypeW	KERNEL32.DLL::GetStringTypeW	KERNEL32.DLL	IMPORTED	true	true	false
EXTERNAL:0000001f	Function	GetStringTypeA	KERNEL32.DLL::GetStringTypeA	KERNEL32.DLL	IMPORTED	true	true	false
EXTERNAL:00000020	Function	MultiByteToWideChar	KERNEL32.DLL::MultiByteToWideChar	KERNEL32.DLL	IMPORTED	true	true	false
EXTERNAL:00000021	Function	IsBadCodePtr	KERNEL32.DLL::IsBadCodePtr	KERNEL32.DLL	IMPORTED	true	true	false
EXTERNAL:00000022	Function	SetUnhandledExceptionFilter	KERNEL32.DLL::SetUnhandledExceptionFilter	KERNEL32.DLL	IMPORTED	true	true	false
EXTERNAL:00000023	Function	FlushFileBuffers	KERNEL32.DLL::FlushFileBuffers	KERNEL32.DLL	IMPORTED	true	true	false
EXTERNAL:00000024	Function	UnhandledExceptionFilter	KERNEL32.DLL::UnhandledExceptionFilter	KERNEL32.DLL	IMPORTED	true	true	false
EXTERNAL:00000025	Function	GetEnvironmentStringsW	KERNEL32.DLL::GetEnvironmentStringsW	KERNEL32.DLL	IMPORTED	true	true	false
EXTERNAL:00000026	Function	GetEnvironmentStrings	KERNEL32.DLL::GetEnvironmentStrings	KERNEL32.DLL	IMPORTED	true	true	false
EXTERNAL:00000027	Function	WideCharToMultiByte	KERNEL32.DLL::WideCharToMultiByte	KERNEL32.DLL	IMPORTED	true	true	false
EXTERNAL:00000028	Function	FreeEnvironmentStringsW	KERNEL32.DLL::FreeEnvironmentStringsW	KERNEL32.DLL	IMPORTED	true	true	false
EXTERNAL:00000029	Function	FreeEnvironmentStringsA	KERNEL32.DLL::FreeEnvironmentStringsA	KERNEL32.DLL	IMPORTED	true	true	false
EXTERNAL:0000002a	Function	GetStartupInfoA	KERNEL32.DLL::GetStartupInfoA	KERNEL32.DLL	IMPORTED	true	true	false
EXTERNAL:0000002b	Function	GetFileType	KERNEL32.DLL::GetFileType	KERNEL32.DLL	IMPORTED	true	true	false
EXTERNAL:0000002c	Function	SetHandleCount	KERNEL32.DLL::SetHandleCount	KERNEL32.DLL	IMPORTED	true	true	false
EXTERNAL:0000002d	Function	GetCurrentThread	KERNEL32.DLL::GetCurrentThread	KERNEL32.DLL	IMPORTED	true	true	false
EXTERNAL:0000002e	Function	InitializeCriticalSection	KERNEL32.DLL::InitializeCriticalSection	KERNEL32.DLL	IMPORTED	true	true	false
EXTERNAL:0000002f	Function	GetVersionExA	KERNEL32.DLL::GetVersionExA	KERNEL32.DLL	IMPORTED	true	true	false
EXTERNAL:00000030	Function	GetEnvironmentVariableA	KERNEL32.DLL::GetEnvironmentVariableA	KERNEL32.DLL	IMPORTED	true	true	false
EXTERNAL:00000031	Function	VirtualAlloc	KERNEL32.DLL::VirtualAlloc	KERNEL32.DLL	IMPORTED	true	true	false
EXTERNAL:00000032	Function	VirtualFree	KERNEL32.DLL::VirtualFree	KERNEL32.DLL	IMPORTED	true	true	false
EXTERNAL:00000033	Function	HeapFree	KERNEL32.DLL::HeapFree	KERNEL32.DLL	IMPORTED	true	true	false
EXTERNAL:00000034	Function	HeapReAlloc	KERNEL32.DLL::HeapReAlloc	KERNEL32.DLL	IMPORTED	true	true	false
EXTERNAL:00000035	Function	InterlockedIncrement	KERNEL32.DLL::InterlockedIncrement	KERNEL32.DLL	IMPORTED	true	true	false
EXTERNAL:00000036	Function	OutputDebugStringA	KERNEL32.DLL::OutputDebugStringA	KERNEL32.DLL	IMPORTED	true	true	false
EXTERNAL:00000037	Function	InterlockedDecrement	KERNEL32.DLL::InterlockedDecrement	KERNEL32.DLL	IMPORTED	true	true	false
EXTERNAL:00000038	Function	WriteFile	KERNEL32.DLL::WriteFile	KERNEL32.DLL	IMPORTED	true	true	false
EXTERNAL:00000039	Function	GetStdHandle	KERNEL32.DLL::GetStdHandle	KERNEL32.DLL	IMPORTED	true	true	false
EXTERNAL:0000003a	Function	DebugBreak	KERNEL32.DLL::DebugBreak	KERNEL32.DLL	IMPORTED	true	true	false
EXTERNAL:0000003b	Function	GetModuleFileNameA	KERNEL32.DLL::GetModuleFileNameA	KERNEL32.DLL	IMPORTED	true	true	false
EXTERNAL:0000003c	Function	RtlUnwind	KERNEL32.DLL::RtlUnwind	KERNEL32.DLL	IMPORTED	true	true	false
EXTERNAL:0000003d	Function	IsBadWritePtr	KERNEL32.DLL::IsBadWritePtr	KERNEL32.DLL	IMPORTED	true	true	false
EXTERNAL:0000003e	Function	IsBadReadPtr	KERNEL32.DLL::IsBadReadPtr	KERNEL32.DLL	IMPORTED	true	true	false
EXTERNAL:0000003f	Function	HeapValidate	KERNEL32.DLL::HeapValidate	KERNEL32.DLL	IMPORTED	true	true	false
EXTERNAL:00000040	Function	ExitProcess	KERNEL32.DLL::ExitProcess	KERNEL32.DLL	IMPORTED	true	true	false
EXTERNAL:00000041	Function	TerminateProcess	KERNEL32.DLL::TerminateProcess	KERNEL32.DLL	IMPORTED	true	true	false
EXTERNAL:00000042	Function	GetCurrentProcess	KERNEL32.DLL::GetCurrentProcess	KERNEL32.DLL	IMPORTED	true	true	false
EXTERNAL:00000043	Function	GetCommandLineA	KERNEL32.DLL::GetCommandLineA	KERNEL32.DLL	IMPORTED	true	true	false
EXTERNAL:00000044	Function	GlobalAlloc	KERNEL32.DLL::GlobalAlloc	KERNEL32.DLL	IMPORTED	true	true	false
EXTERNAL:00000045	Function	LoadLibraryA	KERNEL32.DLL::LoadLibraryA	KERNEL32.DLL	IMPORTED	true	true	false
EXTERNAL:00000046	Function	GetCurrentThreadId	KERNEL32.DLL::GetCurrentThreadId	KERNEL32.DLL	IMPORTED	true	true	false
EXTERNAL:00000047	Function	GetProcAddress	KERNEL32.DLL::GetProcAddress	KERNEL32.DLL	IMPORTED	true	true	false
EXTERNAL:00000048	Function	GetModuleHandleA	KERNEL32.DLL::GetModuleHandleA	KERNEL32.DLL	IMPORTED	true	true	false
EXTERNAL:00000049	Function	GetLastError	KERNEL32.DLL::GetLastError	KERNEL32.DLL	IMPORTED	true	true	false
EXTERNAL:0000004a	Function	SetConsoleCtrlHandler	KERNEL32.DLL::SetConsoleCtrlHandler	KERNEL32.DLL	IMPORTED	true	true	false
EXTERNAL:0000004b	Function	SetLastError	KERNEL32.DLL::SetLastError	KERNEL32.DLL	IMPORTED	true	true	false
EXTERNAL:0000004c	Function	TlsSetValue	KERNEL32.DLL::TlsSetValue	KERNEL32.DLL	IMPORTED	true	true	false
EXTERNAL:0000004d	Function	TlsAlloc	KERNEL32.DLL::TlsAlloc	KERNEL32.DLL	IMPORTED	true	true	false
EXTERNAL:0000004e	Function	TlsFree	KERNEL32.DLL::TlsFree	KERNEL32.DLL	IMPORTED	true	true	false
EXTERNAL:0000004f	Function	TlsGetValue	KERNEL32.DLL::TlsGetValue	KERNEL32.DLL	IMPORTED	true	true	false
EXTERNAL:00000050	Function	CreateWindowExA	USER32.DLL::CreateWindowExA	USER32.DLL	IMPORTED	true	true	false
EXTERNAL:00000051	Function	UpdateWindow	USER32.DLL::UpdateWindow	USER32.DLL	IMPORTED	true	true	false
EXTERNAL:00000052	Function	DestroyWindow	USER32.DLL::DestroyWindow	USER32.DLL	IMPORTED	true	true	false
EXTERNAL:00000053	Function	SetForegroundWindow	USER32.DLL::SetForegroundWindow	USER32.DLL	IMPORTED	true	true	false
EXTERNAL:00000054	Function	ShowCursor	USER32.DLL::ShowCursor	USER32.DLL	IMPORTED	true	true	false
EXTERNAL:00000055	Function	ShowWindow	USER32.DLL::ShowWindow	USER32.DLL	IMPORTED	true	true	false
EXTERNAL:00000056	Function	grHints	GLIDE2X.DLL::grHints	GLIDE2X.DLL	IMPORTED	true	true	false
EXTERNAL:00000057	Function	grTexDownloadMipMap	GLIDE2X.DLL::grTexDownloadMipMap	GLIDE2X.DLL	IMPORTED	true	true	false
EXTERNAL:00000058	Function	grTexMinAddress	GLIDE2X.DLL::grTexMinAddress	GLIDE2X.DLL	IMPORTED	true	true	false
EXTERNAL:00000059	Function	grTexMaxAddress	GLIDE2X.DLL::grTexMaxAddress	GLIDE2X.DLL	IMPORTED	true	true	false
EXTERNAL:0000005a	Function	grGlideShutdown	GLIDE2X.DLL::grGlideShutdown	GLIDE2X.DLL	IMPORTED	true	true	false
EXTERNAL:0000005b	Function	grSstQueryBoards	GLIDE2X.DLL::grSstQueryBoards	GLIDE2X.DLL	IMPORTED	true	true	false
EXTERNAL:0000005c	Function	grGlideInit	GLIDE2X.DLL::grGlideInit	GLIDE2X.DLL	IMPORTED	true	true	false
EXTERNAL:0000005d	Function	grSstQueryHardware	GLIDE2X.DLL::grSstQueryHardware	GLIDE2X.DLL	IMPORTED	true	true	false
EXTERNAL:0000005e	Function	grLfbReadRegion	GLIDE2X.DLL::grLfbReadRegion	GLIDE2X.DLL	IMPORTED	true	true	false
EXTERNAL:0000005f	Function	grTexSource	GLIDE2X.DLL::grTexSource	GLIDE2X.DLL	IMPORTED	true	true	false
EXTERNAL:00000060	Function	grDrawPolygonVertexList	GLIDE2X.DLL::grDrawPolygonVertexList	GLIDE2X.DLL	IMPORTED	true	true	false
EXTERNAL:00000061	Function	grAADrawPoint	GLIDE2X.DLL::grAADrawPoint	GLIDE2X.DLL	IMPORTED	true	true	false
EXTERNAL:00000062	Function	grDrawPoint	GLIDE2X.DLL::grDrawPoint	GLIDE2X.DLL	IMPORTED	true	true	false
EXTERNAL:00000063	Function	grAADrawLine	GLIDE2X.DLL::grAADrawLine	GLIDE2X.DLL	IMPORTED	true	true	false
EXTERNAL:00000064	Function	grDrawLine	GLIDE2X.DLL::grDrawLine	GLIDE2X.DLL	IMPORTED	true	true	false
EXTERNAL:00000065	Function	grDrawTriangle	GLIDE2X.DLL::grDrawTriangle	GLIDE2X.DLL	IMPORTED	true	true	false
EXTERNAL:00000066	Function	grSstWinClose	GLIDE2X.DLL::grSstWinClose	GLIDE2X.DLL	IMPORTED	true	true	false
EXTERNAL:00000067	Function	grBufferSwap	GLIDE2X.DLL::grBufferSwap	GLIDE2X.DLL	IMPORTED	true	true	false
EXTERNAL:00000068	Function	grSstIdle	GLIDE2X.DLL::grSstIdle	GLIDE2X.DLL	IMPORTED	true	true	false
EXTERNAL:00000069	Function	grBufferClear	GLIDE2X.DLL::grBufferClear	GLIDE2X.DLL	IMPORTED	true	true	false
EXTERNAL:0000006a	Function	grSstSelect	GLIDE2X.DLL::grSstSelect	GLIDE2X.DLL	IMPORTED	true	true	false
EXTERNAL:0000006b	Function	grSstWinOpen	GLIDE2X.DLL::grSstWinOpen	GLIDE2X.DLL	IMPORTED	true	true	false
EXTERNAL:0000006c	Function	grErrorSetCallback	GLIDE2X.DLL::grErrorSetCallback	GLIDE2X.DLL	IMPORTED	true	true	false
EXTERNAL:0000006d	Function	grDisableAllEffects	GLIDE2X.DLL::grDisableAllEffects	GLIDE2X.DLL	IMPORTED	true	true	false
EXTERNAL:0000006e	Function	grRenderBuffer	GLIDE2X.DLL::grRenderBuffer	GLIDE2X.DLL	IMPORTED	true	true	false
EXTERNAL:0000006f	Function	grCullMode	GLIDE2X.DLL::grCullMode	GLIDE2X.DLL	IMPORTED	true	true	false
EXTERNAL:00000070	Function	grDepthBufferMode	GLIDE2X.DLL::grDepthBufferMode	GLIDE2X.DLL	IMPORTED	true	true	false
EXTERNAL:00000071	Function	grDepthBufferFunction	GLIDE2X.DLL::grDepthBufferFunction	GLIDE2X.DLL	IMPORTED	true	true	false
EXTERNAL:00000072	Function	grDepthMask	GLIDE2X.DLL::grDepthMask	GLIDE2X.DLL	IMPORTED	true	true	false
EXTERNAL:00000073	Function	grFogMode	GLIDE2X.DLL::grFogMode	GLIDE2X.DLL	IMPORTED	true	true	false
EXTERNAL:00000074	Function	grGlideGetState	GLIDE2X.DLL::grGlideGetState	GLIDE2X.DLL	IMPORTED	true	true	false
EXTERNAL:00000075	Function	grAlphaBlendFunction	GLIDE2X.DLL::grAlphaBlendFunction	GLIDE2X.DLL	IMPORTED	true	true	false
EXTERNAL:00000076	Function	grColorCombine	GLIDE2X.DLL::grColorCombine	GLIDE2X.DLL	IMPORTED	true	true	false
EXTERNAL:00000077	Function	grConstantColorValue	GLIDE2X.DLL::grConstantColorValue	GLIDE2X.DLL	IMPORTED	true	true	false
EXTERNAL:00000078	Function	grAlphaCombine	GLIDE2X.DLL::grAlphaCombine	GLIDE2X.DLL	IMPORTED	true	true	false
EXTERNAL:00000079	Function	grFogColorValue	GLIDE2X.DLL::grFogColorValue	GLIDE2X.DLL	IMPORTED	true	true	false
EXTERNAL:0000007a	Function	grTexCombine	GLIDE2X.DLL::grTexCombine	GLIDE2X.DLL	IMPORTED	true	true	false
EXTERNAL:0000007b	Function	grAlphaTestFunction	GLIDE2X.DLL::grAlphaTestFunction	GLIDE2X.DLL	IMPORTED	true	true	false
EXTERNAL:0000007c	Function	grAlphaTestReferenceValue	GLIDE2X.DLL::grAlphaTestReferenceValue	GLIDE2X.DLL	IMPORTED	true	true	false
EXTERNAL:0000007d	Function	grTexFilterMode	GLIDE2X.DLL::grTexFilterMode	GLIDE2X.DLL	IMPORTED	true	true	false
EXTERNAL:0000007e	Function	grTexMipMapMode	GLIDE2X.DLL::grTexMipMapMode	GLIDE2X.DLL	IMPORTED	true	true	false
EXTERNAL:0000007f	Function	grTexClampMode	GLIDE2X.DLL::grTexClampMode	GLIDE2X.DLL	IMPORTED	true	true	false
EXTERNAL:00000080	Function	grChromakeyMode	GLIDE2X.DLL::grChromakeyMode	GLIDE2X.DLL	IMPORTED	true	true	false
EXTERNAL:00000081	Function	grChromakeyValue	GLIDE2X.DLL::grChromakeyValue	GLIDE2X.DLL	IMPORTED	true	true	false
EXTERNAL:00000082	Function	grTexDownloadTable	GLIDE2X.DLL::grTexDownloadTable	GLIDE2X.DLL	IMPORTED	true	true	false
EXTERNAL:00000083	Function	grGlideSetState	GLIDE2X.DLL::grGlideSetState	GLIDE2X.DLL	IMPORTED	true	true	false
EXTERNAL:00000084	Function	grTexCalcMemRequired	GLIDE2X.DLL::grTexCalcMemRequired	GLIDE2X.DLL	IMPORTED	true	true	false
EXTERNAL:00000085	Function	grClipWindow	GLIDE2X.DLL::grClipWindow	GLIDE2X.DLL	IMPORTED	true	true	false
1000100a	Function	thunk_FUN_10007c1b	thunk_FUN_10007c1b	Global	DEFAULT	true	false	false
10001019	Function	thunk_FUN_1000cd10	thunk_FUN_1000cd10	Global	DEFAULT	true	false	false
10001023	Function	thunk_FUN_1000ca10	thunk_FUN_1000ca10	Global	DEFAULT	true	false	false
10001028	Function	thunk_FUN_1000d230	thunk_FUN_1000d230	Global	DEFAULT	true	false	false
10001032	Function	thunk_FUN_1000d270	thunk_FUN_1000d270	Global	DEFAULT	true	false	false
1000103c	Function	thunk_FUN_100020b0	thunk_FUN_100020b0	Global	DEFAULT	true	false	false
10001046	Function	thunk_FUN_10002560	thunk_FUN_10002560	Global	DEFAULT	true	false	false
1000104b	Function	thunk_FUN_100090e2	thunk_FUN_100090e2	Global	DEFAULT	true	false	false
10001050	Function	thunk_FUN_1000ce40	thunk_FUN_1000ce40	Global	DEFAULT	true	false	false
10001055	Function	thunk_FUN_1000c3f0	thunk_FUN_1000c3f0	Global	DEFAULT	true	false	false
1000105a	Function	thunk_FUN_100035f9	thunk_FUN_100035f9	Global	DEFAULT	true	false	false
1000105f	Function	thunk_FUN_1000c600	thunk_FUN_1000c600	Global	DEFAULT	true	false	false
10001064	Function	thunk_FUN_1000818b	thunk_FUN_1000818b	Global	DEFAULT	true	false	false
10001069	Function	thunk_FUN_10008cb9	thunk_FUN_10008cb9	Global	DEFAULT	true	false	false
10001073	Label	Ordinal_3	Ordinal_3	Global	IMPORTED	false	false	true
10001073	Function	instantiate_winsys	instantiate_winsys	Global	IMPORTED	true	false	true
10001082	Function	thunk_FUN_1000ce00	thunk_FUN_1000ce00	Global	DEFAULT	true	false	false
10001087	Function	thunk_FUN_1000c3e0	thunk_FUN_1000c3e0	Global	DEFAULT	true	false	false
10001091	Function	thunk_FUN_1000cef0	thunk_FUN_1000cef0	Global	DEFAULT	true	false	false
10001096	Function	thunk_FUN_10003698	thunk_FUN_10003698	Global	DEFAULT	true	false	false
100010a0	Function	thunk_FUN_10008128	thunk_FUN_10008128	Global	DEFAULT	true	false	false
100010a5	Function	thunk_FUN_1000cf70	thunk_FUN_1000cf70	Global	DEFAULT	true	false	false
100010aa	Function	thunk_FUN_10009638	thunk_FUN_10009638	Global	DEFAULT	true	false	false
100010af	Function	thunk_FUN_1000515b	thunk_FUN_1000515b	Global	DEFAULT	true	false	false
100010b9	Function	thunk_FUN_1000cb10	thunk_FUN_1000cb10	Global	DEFAULT	true	false	false
100010c3	Function	thunk_FUN_10002042	thunk_FUN_10002042	Global	DEFAULT	true	false	false
100010c8	Function	thunk_FUN_1000cdc0	thunk_FUN_1000cdc0	Global	DEFAULT	true	false	false
100010cd	Function	thunk_FUN_10006b1f	thunk_FUN_10006b1f	Global	DEFAULT	true	false	false
100010e1	Function	thunk_FUN_10009942	thunk_FUN_10009942	Global	DEFAULT	true	false	false
100010e6	Function	thunk_FUN_1000ca50	thunk_FUN_1000ca50	Global	DEFAULT	true	false	false
100010eb	Function	thunk_FUN_10002f8a	thunk_FUN_10002f8a	Global	DEFAULT	true	false	false
100010f0	Function	thunk_FUN_100088a3	thunk_FUN_100088a3	Global	DEFAULT	true	false	false
100010f5	Function	thunk_FUN_1000d4e4	thunk_FUN_1000d4e4	Global	DEFAULT	true	false	false
100010fa	Function	thunk_FUN_100087c9	thunk_FUN_100087c9	Global	DEFAULT	true	false	false
100010ff	Function	thunk_FUN_10003263	thunk_FUN_10003263	Global	DEFAULT	true	false	false
10001104	Function	thunk_FUN_10002cd4	thunk_FUN_10002cd4	Global	DEFAULT	true	false	false
10001109	Function	thunk_FUN_10008231	thunk_FUN_10008231	Global	DEFAULT	true	false	false
1000110e	Function	thunk_FUN_1000c290	thunk_FUN_1000c290	Global	DEFAULT	true	false	false
10001113	Function	thunk_FUN_10001790	thunk_FUN_10001790	Global	DEFAULT	true	false	false
1000111d	Function	thunk_FUN_10003de0	thunk_FUN_10003de0	Global	DEFAULT	true	false	false
10001127	Function	thunk_FUN_1000cb30	thunk_FUN_1000cb30	Global	DEFAULT	true	false	false
1000112c	Function	thunk_FUN_1000ca70	thunk_FUN_1000ca70	Global	DEFAULT	true	false	false
10001131	Function	thunk_FUN_1000c0e0	thunk_FUN_1000c0e0	Global	DEFAULT	true	false	false
10001136	Function	thunk_FUN_10002008	thunk_FUN_10002008	Global	DEFAULT	true	false	false
1000113b	Function	thunk_FUN_10002528	thunk_FUN_10002528	Global	DEFAULT	true	false	false
10001145	Function	thunk_FUN_10006a88	thunk_FUN_10006a88	Global	DEFAULT	true	false	false
10001154	Function	thunk_FUN_10009674	thunk_FUN_10009674	Global	DEFAULT	true	false	false
1000115e	Function	thunk_FUN_1000c3a0	thunk_FUN_1000c3a0	Global	DEFAULT	true	false	false
10001163	Function	thunk_FUN_1000cab0	thunk_FUN_1000cab0	Global	DEFAULT	true	false	false
1000116d	Function	thunk_FUN_1000c550	thunk_FUN_1000c550	Global	DEFAULT	true	false	false
10001172	Function	thunk_FUN_1000c1d0	thunk_FUN_1000c1d0	Global	DEFAULT	true	false	false
1000117c	Function	thunk_FUN_1000ccf0	thunk_FUN_1000ccf0	Global	DEFAULT	true	false	false
10001186	Function	thunk_FUN_1000c170	thunk_FUN_1000c170	Global	DEFAULT	true	false	false
1000118b	Function	thunk_FUN_10004b28	thunk_FUN_10004b28	Global	DEFAULT	true	false	false
10001190	Function	thunk_FUN_100055df	thunk_FUN_100055df	Global	DEFAULT	true	false	false
1000119a	Function	thunk_FUN_1000c970	thunk_FUN_1000c970	Global	DEFAULT	true	false	false
1000119f	Function	thunk_FUN_10002273	thunk_FUN_10002273	Global	DEFAULT	true	false	false
100011a4	Function	thunk_FUN_1000837c	thunk_FUN_1000837c	Global	DEFAULT	true	false	false
100011a9	Function	thunk_FUN_10002dd3	thunk_FUN_10002dd3	Global	DEFAULT	true	false	false
100011b3	Function	thunk_FUN_10006c5b	thunk_FUN_10006c5b	Global	DEFAULT	true	false	false
100011b8	Function	thunk_FUN_10003b3e	thunk_FUN_10003b3e	Global	DEFAULT	true	false	false
100011bd	Function	thunk_FUN_1000942d	thunk_FUN_1000942d	Global	DEFAULT	true	false	false
100011c2	Function	thunk_FUN_1000ce60	thunk_FUN_1000ce60	Global	DEFAULT	true	false	false
100011c7	Function	thunk_FUN_1000d45c	thunk_FUN_1000d45c	Global	DEFAULT	true	false	false
100011cc	Function	thunk_FUN_1000d451	thunk_FUN_1000d451	Global	DEFAULT	true	false	false
100011d1	Function	thunk_FUN_1000c9b0	thunk_FUN_1000c9b0	Global	DEFAULT	true	false	false
100011db	Function	thunk_FUN_1000813b	thunk_FUN_1000813b	Global	DEFAULT	true	false	false
100011e5	Label	Ordinal_1	Ordinal_1	Global	IMPORTED	false	false	true
100011e5	Function	deallocate_winsys	deallocate_winsys	Global	ANALYSIS	true	false	true
100011e5	Label	?deallocate_winsys@@YAXPAVWinsys@@@Z	?deallocate_winsys@@YAXPAVWinsys@@@Z	Global	IMPORTED	false	false	true
100011ef	Function	thunk_FUN_100040cd	thunk_FUN_100040cd	Global	DEFAULT	true	false	false
100011f9	Label	Ordinal_2	Ordinal_2	Global	IMPORTED	false	false	true
100011f9	Function	detect_winsys	detect_winsys	Global	IMPORTED	true	false	true
100011fe	Function	thunk_FUN_100063c7	thunk_FUN_100063c7	Global	DEFAULT	true	false	false
10001203	Function	thunk_FUN_1000c220	thunk_FUN_1000c220	Global	DEFAULT	true	false	false
1000120d	Function	thunk_FUN_10006b68	thunk_FUN_10006b68	Global	DEFAULT	true	false	false
10001212	Function	thunk_FUN_100090bc	thunk_FUN_100090bc	Global	DEFAULT	true	false	false
1000121c	Function	thunk_FUN_1000414c	thunk_FUN_1000414c	Global	DEFAULT	true	false	false
10001226	Function	thunk_FUN_10002f61	thunk_FUN_10002f61	Global	DEFAULT	true	false	false
1000122b	Function	thunk_FUN_100049f6	thunk_FUN_100049f6	Global	DEFAULT	true	false	false
10001230	Function	thunk_FUN_10001d36	thunk_FUN_10001d36	Global	DEFAULT	true	false	false
10001235	Function	thunk_FUN_10009355	thunk_FUN_10009355	Global	DEFAULT	true	false	false
1000123a	Function	thunk_FUN_10009245	thunk_FUN_10009245	Global	DEFAULT	true	false	false
10001244	Function	thunk_FUN_1000c8d0	thunk_FUN_1000c8d0	Global	DEFAULT	true	false	false
10001249	Function	thunk_FUN_10008701	thunk_FUN_10008701	Global	DEFAULT	true	false	false
1000124e	Function	thunk_FUN_10008fb4	thunk_FUN_10008fb4	Global	DEFAULT	true	false	false
10001258	Function	thunk_FUN_1000246b	thunk_FUN_1000246b	Global	DEFAULT	true	false	false
1000125d	Function	thunk_FUN_10002f7b	thunk_FUN_10002f7b	Global	DEFAULT	true	false	false
10001262	Function	thunk_FUN_10002168	thunk_FUN_10002168	Global	DEFAULT	true	false	false
10001267	Function	thunk_FUN_1000d020	thunk_FUN_1000d020	Global	DEFAULT	true	false	false
1000126c	Function	thunk_FUN_1000d050	thunk_FUN_1000d050	Global	DEFAULT	true	false	false
10001271	Function	thunk_FUN_10009469	thunk_FUN_10009469	Global	DEFAULT	true	false	false
10001276	Function	thunk_FUN_1000c260	thunk_FUN_1000c260	Global	DEFAULT	true	false	false
1000127b	Function	thunk_FUN_10008f76	thunk_FUN_10008f76	Global	DEFAULT	true	false	false
10001280	Function	thunk_FUN_1000cde0	thunk_FUN_1000cde0	Global	DEFAULT	true	false	false
10001285	Function	thunk_FUN_10001976	thunk_FUN_10001976	Global	DEFAULT	true	false	false
1000128a	Function	thunk_FUN_1000419f	thunk_FUN_1000419f	Global	DEFAULT	true	false	false
1000128f	Function	thunk_FUN_1000d2f0	thunk_FUN_1000d2f0	Global	DEFAULT	true	false	false
10001294	Function	thunk_FUN_100031eb	thunk_FUN_100031eb	Global	DEFAULT	true	false	false
10001299	Function	thunk_FUN_100051a8	thunk_FUN_100051a8	Global	DEFAULT	true	false	false
1000129e	Function	thunk_FUN_10008226	thunk_FUN_10008226	Global	DEFAULT	true	false	false
100012a8	Function	thunk_FUN_1000c840	thunk_FUN_1000c840	Global	DEFAULT	true	false	false
100012b2	Function	thunk_FUN_10002217	thunk_FUN_10002217	Global	DEFAULT	true	false	false
100012b7	Function	thunk_FUN_1000c660	thunk_FUN_1000c660	Global	DEFAULT	true	false	false
100012d5	Function	thunk_FUN_100023ba	thunk_FUN_100023ba	Global	DEFAULT	true	false	false
100012da	Function	thunk_FUN_1000d170	thunk_FUN_1000d170	Global	DEFAULT	true	false	false
100012df	Function	thunk_FUN_1000caf0	thunk_FUN_1000caf0	Global	DEFAULT	true	false	false
100012e4	Function	thunk_FUN_1000c2e0	thunk_FUN_1000c2e0	Global	DEFAULT	true	false	false
100012f3	Function	thunk_FUN_10002e89	thunk_FUN_10002e89	Global	DEFAULT	true	false	false
100012f8	Function	thunk_FUN_1000c920	thunk_FUN_1000c920	Global	DEFAULT	true	false	false
100012fd	Function	thunk_FUN_100098fe	thunk_FUN_100098fe	Global	DEFAULT	true	false	false
10001307	Function	thunk_FUN_1000c4d0	thunk_FUN_1000c4d0	Global	DEFAULT	true	false	false
1000130c	Function	thunk_FUN_10004ec3	thunk_FUN_10004ec3	Global	DEFAULT	true	false	false
10001311	Function	thunk_FUN_1000c300	thunk_FUN_1000c300	Global	DEFAULT	true	false	false
10001316	Function	thunk_FUN_1000d1f0	thunk_FUN_1000d1f0	Global	DEFAULT	true	false	false
1000131b	Function	thunk_FUN_100031b4	thunk_FUN_100031b4	Global	DEFAULT	true	false	false
10001320	Function	thunk_FUN_100077cd	thunk_FUN_100077cd	Global	DEFAULT	true	false	false
10001325	Function	thunk_FUN_1000828b	thunk_FUN_1000828b	Global	DEFAULT	true	false	false
1000132a	Function	thunk_FUN_10002eb3	thunk_FUN_10002eb3	Global	DEFAULT	true	false	false
10001334	Function	thunk_FUN_10001ff0	thunk_FUN_10001ff0	Global	DEFAULT	true	false	false
10001343	Function	thunk_FUN_1000851b	thunk_FUN_1000851b	Global	DEFAULT	true	false	false
10001348	Function	thunk_FUN_1000926d	thunk_FUN_1000926d	Global	DEFAULT	true	false	false
1000134d	Function	thunk_FUN_10002138	thunk_FUN_10002138	Global	DEFAULT	true	false	false
10001352	Function	thunk_FUN_1000c380	thunk_FUN_1000c380	Global	DEFAULT	true	false	false
1000135c	Function	thunk_FUN_100085fd	thunk_FUN_100085fd	Global	DEFAULT	true	false	false
10001361	Function	thunk_FUN_100094bd	thunk_FUN_100094bd	Global	DEFAULT	true	false	false
10001366	Function	thunk_FUN_1000d140	thunk_FUN_1000d140	Global	DEFAULT	true	false	false
1000136b	Function	thunk_FUN_100089e1	thunk_FUN_100089e1	Global	DEFAULT	true	false	false
10001370	Function	thunk_FUN_100093a1	thunk_FUN_100093a1	Global	DEFAULT	true	false	false
10001375	Function	thunk_FUN_10009f43	thunk_FUN_10009f43	Global	DEFAULT	true	false	false
1000137a	Function	thunk_FUN_1000c110	thunk_FUN_1000c110	Global	DEFAULT	true	false	false
1000137f	Function	thunk_FUN_1000309d	thunk_FUN_1000309d	Global	DEFAULT	true	false	false
10001384	Function	thunk_FUN_10002412	thunk_FUN_10002412	Global	DEFAULT	true	false	false
10001389	Function	thunk_FUN_1000180a	thunk_FUN_1000180a	Global	DEFAULT	true	false	false
10001398	Function	thunk_FUN_10008b51	thunk_FUN_10008b51	Global	DEFAULT	true	false	false
1000139d	Function	thunk_FUN_1000c890	thunk_FUN_1000c890	Global	DEFAULT	true	false	false
100013ac	Function	thunk_FUN_10005114	thunk_FUN_10005114	Global	DEFAULT	true	false	false
100013b1	Function	thunk_FUN_1000ccc0	thunk_FUN_1000ccc0	Global	DEFAULT	true	false	false
100013b6	Function	thunk_FUN_10008cee	thunk_FUN_10008cee	Global	DEFAULT	true	false	false
100013bb	Label	Ordinal_4	Ordinal_4	Global	IMPORTED	false	false	true
100013bb	Function	process_exit	process_exit	Global	IMPORTED	true	false	true
100013c0	Function	thunk_FUN_1000cf30	thunk_FUN_1000cf30	Global	DEFAULT	true	false	false
10001790	Function	FUN_10001790	FUN_10001790	Global	DEFAULT	true	false	false
1000180a	Function	FUN_1000180a	FUN_1000180a	Global	DEFAULT	true	false	false
10001976	Function	FUN_10001976	FUN_10001976	Global	DEFAULT	true	false	false
10001d36	Function	FUN_10001d36	FUN_10001d36	Global	DEFAULT	true	false	false
10001e21	Function	FUN_10001e21	FUN_10001e21	Global	DEFAULT	true	false	false
10001e2b	Function	FUN_10001e2b	FUN_10001e2b	Global	DEFAULT	true	false	false
10001ff0	Function	FUN_10001ff0	FUN_10001ff0	Global	DEFAULT	true	false	false
10002008	Function	FUN_10002008	FUN_10002008	Global	DEFAULT	true	false	false
10002020	Function	FUN_10002020	FUN_10002020	Global	DEFAULT	true	false	false
10002042	Function	FUN_10002042	FUN_10002042	Global	DEFAULT	true	false	false
100020b0	Function	FUN_100020b0	FUN_100020b0	Global	DEFAULT	true	false	false
10002138	Function	FUN_10002138	FUN_10002138	Global	DEFAULT	true	false	false
10002168	Function	FUN_10002168	FUN_10002168	Global	DEFAULT	true	false	false
10002217	Function	FUN_10002217	FUN_10002217	Global	DEFAULT	true	false	false
10002273	Function	FUN_10002273	FUN_10002273	Global	DEFAULT	true	false	false
100023ba	Function	FUN_100023ba	FUN_100023ba	Global	DEFAULT	true	false	false
10002412	Function	FUN_10002412	FUN_10002412	Global	DEFAULT	true	false	false
1000246b	Function	FUN_1000246b	FUN_1000246b	Global	DEFAULT	true	false	false
10002475	Function	FUN_10002475	FUN_10002475	Global	DEFAULT	true	false	false
10002528	Function	FUN_10002528	FUN_10002528	Global	DEFAULT	true	false	false
10002560	Function	FUN_10002560	FUN_10002560	Global	DEFAULT	true	false	false
10002cd4	Function	FUN_10002cd4	FUN_10002cd4	Global	DEFAULT	true	false	false
10002dd3	Function	FUN_10002dd3	FUN_10002dd3	Global	DEFAULT	true	false	false
10002dfa	Function	FUN_10002dfa	FUN_10002dfa	Global	DEFAULT	true	false	false
10002e89	Function	FUN_10002e89	FUN_10002e89	Global	DEFAULT	true	false	false
10002eb3	Function	FUN_10002eb3	FUN_10002eb3	Global	DEFAULT	true	false	false
10002f61	Function	FUN_10002f61	FUN_10002f61	Global	DEFAULT	true	false	false
10002f7b	Function	FUN_10002f7b	FUN_10002f7b	Global	DEFAULT	true	false	false
10002f8a	Function	FUN_10002f8a	FUN_10002f8a	Global	DEFAULT	true	false	false
1000309d	Function	FUN_1000309d	FUN_1000309d	Global	DEFAULT	true	false	false
100031b4	Function	FUN_100031b4	FUN_100031b4	Global	DEFAULT	true	false	false
100031eb	Function	FUN_100031eb	FUN_100031eb	Global	DEFAULT	true	false	false
10003263	Function	FUN_10003263	FUN_10003263	Global	DEFAULT	true	false	false
100032e5	Function	FUN_100032e5	FUN_100032e5	Global	DEFAULT	true	false	false
10003315	Function	FUN_10003315	FUN_10003315	Global	DEFAULT	true	false	false
1000331f	Function	FUN_1000331f	FUN_1000331f	Global	DEFAULT	true	false	false
10003343	Function	FUN_10003343	FUN_10003343	Global	DEFAULT	true	false	false
10003348	Function	FUN_10003348	FUN_10003348	Global	DEFAULT	true	false	false
1000336c	Function	FUN_1000336c	FUN_1000336c	Global	DEFAULT	true	false	false
100034d7	Function	FUN_100034d7	FUN_100034d7	Global	DEFAULT	true	false	false
100035f9	Function	FUN_100035f9	FUN_100035f9	Global	DEFAULT	true	false	false
10003698	Function	FUN_10003698	FUN_10003698	Global	DEFAULT	true	false	false
100036f2	Function	FUN_100036f2	FUN_100036f2	Global	DEFAULT	true	false	false
100037c6	Function	FUN_100037c6	FUN_100037c6	Global	DEFAULT	true	false	false
1000388b	Function	FUN_1000388b	FUN_1000388b	Global	DEFAULT	true	false	false
100038f0	Function	FUN_100038f0	FUN_100038f0	Global	DEFAULT	true	false	false
1000393f	Function	FUN_1000393f	FUN_1000393f	Global	DEFAULT	true	false	false
100039a7	Function	FUN_100039a7	FUN_100039a7	Global	DEFAULT	true	false	false
10003a30	Function	FUN_10003a30	FUN_10003a30	Global	DEFAULT	true	false	false
10003ab1	Function	FUN_10003ab1	FUN_10003ab1	Global	DEFAULT	true	false	false
10003ade	Function	FUN_10003ade	FUN_10003ade	Global	DEFAULT	true	false	false
10003b03	Function	FUN_10003b03	FUN_10003b03	Global	DEFAULT	true	false	false
10003b22	Function	FUN_10003b22	FUN_10003b22	Global	DEFAULT	true	false	false
10003b3e	Function	FUN_10003b3e	FUN_10003b3e	Global	DEFAULT	true	false	false
10003b43	Function	FUN_10003b43	FUN_10003b43	Global	DEFAULT	true	false	false
10003c2c	Function	FUN_10003c2c	FUN_10003c2c	Global	DEFAULT	true	false	false
10003c6a	Function	FUN_10003c6a	FUN_10003c6a	Global	DEFAULT	true	false	false
10003c9f	Function	FUN_10003c9f	FUN_10003c9f	Global	DEFAULT	true	false	false
10003d69	Function	FUN_10003d69	FUN_10003d69	Global	DEFAULT	true	false	false
10003d6e	Function	FUN_10003d6e	FUN_10003d6e	Global	DEFAULT	true	false	false
10003de0	Function	FUN_10003de0	FUN_10003de0	Global	DEFAULT	true	false	false
10003e6b	Function	FUN_10003e6b	FUN_10003e6b	Global	DEFAULT	true	false	false
100040cd	Function	FUN_100040cd	FUN_100040cd	Global	DEFAULT	true	false	false
1000414c	Function	FUN_1000414c	FUN_1000414c	Global	DEFAULT	true	false	false
1000419f	Function	FUN_1000419f	FUN_1000419f	Global	DEFAULT	true	false	false
1000444b	Function	FUN_1000444b	FUN_1000444b	Global	DEFAULT	true	false	false
100045cc	Function	FUN_100045cc	FUN_100045cc	Global	DEFAULT	true	false	false
100045d6	Function	FUN_100045d6	FUN_100045d6	Global	DEFAULT	true	false	false
100045ed	Function	FUN_100045ed	FUN_100045ed	Global	DEFAULT	true	false	false
1000469d	Function	FUN_1000469d	FUN_1000469d	Global	DEFAULT	true	false	false
10004835	Function	FUN_10004835	FUN_10004835	Global	DEFAULT	true	false	false
100049f6	Function	FUN_100049f6	FUN_100049f6	Global	DEFAULT	true	false	false
10004ada	Function	FUN_10004ada	FUN_10004ada	Global	DEFAULT	true	false	false
10004b28	Function	FUN_10004b28	FUN_10004b28	Global	DEFAULT	true	false	false
10004ec3	Function	FUN_10004ec3	FUN_10004ec3	Global	DEFAULT	true	false	false
10004f2b	Function	FUN_10004f2b	FUN_10004f2b	Global	DEFAULT	true	false	false
100050fb	Function	FUN_100050fb	FUN_100050fb	Global	DEFAULT	true	false	false
10005105	Function	FUN_10005105	FUN_10005105	Global	DEFAULT	true	false	false
10005114	Function	FUN_10005114	FUN_10005114	Global	DEFAULT	true	false	false
1000515b	Function	FUN_1000515b	FUN_1000515b	Global	DEFAULT	true	false	false
100051a8	Function	FUN_100051a8	FUN_100051a8	Global	DEFAULT	true	false	false
100055df	Function	FUN_100055df	FUN_100055df	Global	DEFAULT	true	false	false
1000582c	Function	FUN_1000582c	FUN_1000582c	Global	DEFAULT	true	false	false
1000596d	Function	FUN_1000596d	FUN_1000596d	Global	DEFAULT	true	false	false
10005c4a	Function	FUN_10005c4a	FUN_10005c4a	Global	DEFAULT	true	false	false
10005df1	Function	FUN_10005df1	FUN_10005df1	Global	DEFAULT	true	false	false
10005f4d	Function	FUN_10005f4d	FUN_10005f4d	Global	DEFAULT	true	false	false
1000613b	Function	FUN_1000613b	FUN_1000613b	Global	DEFAULT	true	false	false
100063c7	Function	FUN_100063c7	FUN_100063c7	Global	DEFAULT	true	false	false
100065bf	Function	FUN_100065bf	FUN_100065bf	Global	DEFAULT	true	false	false
10006a88	Function	FUN_10006a88	FUN_10006a88	Global	DEFAULT	true	false	false
10006b01	Function	FUN_10006b01	FUN_10006b01	Global	DEFAULT	true	false	false
10006b06	Function	FUN_10006b06	FUN_10006b06	Global	DEFAULT	true	false	false
10006b0b	Function	FUN_10006b0b	FUN_10006b0b	Global	DEFAULT	true	false	false
10006b18	Function	FUN_10006b18	FUN_10006b18	Global	DEFAULT	true	false	false
10006b1f	Function	FUN_10006b1f	FUN_10006b1f	Global	DEFAULT	true	false	false
10006b68	Function	FUN_10006b68	FUN_10006b68	Global	DEFAULT	true	false	false
10006b95	Function	FUN_10006b95	FUN_10006b95	Global	DEFAULT	true	false	false
10006c5b	Function	FUN_10006c5b	FUN_10006c5b	Global	DEFAULT	true	false	false
10006f94	Function	FUN_10006f94	FUN_10006f94	Global	DEFAULT	true	false	false
10007591	Function	FUN_10007591	FUN_10007591	Global	DEFAULT	true	false	false
100075cd	Function	FUN_100075cd	FUN_100075cd	Global	DEFAULT	true	false	false
100075ff	Function	FUN_100075ff	FUN_100075ff	Global	DEFAULT	true	false	false
100077cd	Function	FUN_100077cd	FUN_100077cd	Global	DEFAULT	true	false	false
10007823	Function	FUN_10007823	FUN_10007823	Global	DEFAULT	true	false	false
10007b71	Function	FUN_10007b71	FUN_10007b71	Global	DEFAULT	true	false	false
10007b78	Function	FUN_10007b78	FUN_10007b78	Global	DEFAULT	true	false	false
10007c1b	Function	FUN_10007c1b	FUN_10007c1b	Global	DEFAULT	true	false	false
10007c49	Function	FUN_10007c49	FUN_10007c49	Global	DEFAULT	true	false	false
10007d8a	Function	FUN_10007d8a	FUN_10007d8a	Global	DEFAULT	true	false	false
10007dba	Function	FUN_10007dba	FUN_10007dba	Global	DEFAULT	true	false	false
10007dd6	Function	FUN_10007dd6	FUN_10007dd6	Global	DEFAULT	true	false	false
10007dff	Function	FUN_10007dff	FUN_10007dff	Global	DEFAULT	true	false	false
10007e1e	Function	FUN_10007e1e	FUN_10007e1e	Global	DEFAULT	true	false	false
10007e50	Function	FUN_10007e50	FUN_10007e50	Global	DEFAULT	true	false	false
10008128	Function	FUN_10008128	FUN_10008128	Global	DEFAULT	true	false	false
1000813b	Function	FUN_1000813b	FUN_1000813b	Global	DEFAULT	true	false	false
1000818b	Function	FUN_1000818b	FUN_1000818b	Global	DEFAULT	true	false	false
10008226	Function	FUN_10008226	FUN_10008226	Global	DEFAULT	true	false	false
10008231	Function	FUN_10008231	FUN_10008231	Global	DEFAULT	true	false	false
1000828b	Function	FUN_1000828b	FUN_1000828b	Global	DEFAULT	true	false	false
1000837c	Function	FUN_1000837c	FUN_1000837c	Global	DEFAULT	true	false	false
1000851b	Function	FUN_1000851b	FUN_1000851b	Global	DEFAULT	true	false	false
100085fd	Function	FUN_100085fd	FUN_100085fd	Global	DEFAULT	true	false	false
10008701	Function	FUN_10008701	FUN_10008701	Global	DEFAULT	true	false	false
100087c9	Function	FUN_100087c9	FUN_100087c9	Global	DEFAULT	true	false	false
100088a3	Function	FUN_100088a3	FUN_100088a3	Global	DEFAULT	true	false	false
100089e1	Function	FUN_100089e1	FUN_100089e1	Global	DEFAULT	true	false	false
10008b51	Function	FUN_10008b51	FUN_10008b51	Global	DEFAULT	true	false	false
10008cb9	Function	FUN_10008cb9	FUN_10008cb9	Global	DEFAULT	true	false	false
10008cee	Function	FUN_10008cee	FUN_10008cee	Global	DEFAULT	true	false	false
10008ee3	Function	FUN_10008ee3	FUN_10008ee3	Global	DEFAULT	true	false	false
10008f09	Function	FUN_10008f09	FUN_10008f09	Global	DEFAULT	true	false	false
10008f76	Function	FUN_10008f76	FUN_10008f76	Global	DEFAULT	true	false	false
10008fb4	Function	FUN_10008fb4	FUN_10008fb4	Global	DEFAULT	true	false	false
100090bc	Function	FUN_100090bc	FUN_100090bc	Global	DEFAULT	true	false	false
100090e2	Function	FUN_100090e2	FUN_100090e2	Global	DEFAULT	true	false	false
10009245	Function	FUN_10009245	FUN_10009245	Global	DEFAULT	true	false	false
1000926d	Function	FUN_1000926d	FUN_1000926d	Global	DEFAULT	true	false	false
10009355	Function	FUN_10009355	FUN_10009355	Global	DEFAULT	true	false	false
100093a1	Function	FUN_100093a1	FUN_100093a1	Global	DEFAULT	true	false	false
1000942d	Function	FUN_1000942d	FUN_1000942d	Global	DEFAULT	true	false	false
10009469	Function	FUN_10009469	FUN_10009469	Global	DEFAULT	true	false	false
100094bd	Function	FUN_100094bd	FUN_100094bd	Global	DEFAULT	true	false	false
10009638	Function	FUN_10009638	FUN_10009638	Global	DEFAULT	true	false	false
10009674	Function	FUN_10009674	FUN_10009674	Global	DEFAULT	true	false	false
100098fe	Function	FUN_100098fe	FUN_100098fe	Global	DEFAULT	true	false	false
10009942	Function	FUN_10009942	FUN_10009942	Global	DEFAULT	true	false	false
10009f43	Function	FUN_10009f43	FUN_10009f43	Global	DEFAULT	true	false	false
1000a032	Function	FUN_1000a032	FUN_1000a032	Global	DEFAULT	true	false	false
1000a09e	Function	FUN_1000a09e	FUN_1000a09e	Global	DEFAULT	true	false	false
1000a0a5	Function	FUN_1000a0a5	FUN_1000a0a5	Global	DEFAULT	true	false	false
1000c0e0	Function	FUN_1000c0e0	FUN_1000c0e0	Global	DEFAULT	true	false	false
1000c110	Function	FUN_1000c110	FUN_1000c110	Global	DEFAULT	true	false	false
1000c170	Function	FUN_1000c170	FUN_1000c170	Global	DEFAULT	true	false	false
1000c1d0	Function	FUN_1000c1d0	FUN_1000c1d0	Global	DEFAULT	true	false	false
1000c220	Function	FUN_1000c220	FUN_1000c220	Global	DEFAULT	true	false	false
1000c260	Function	FUN_1000c260	FUN_1000c260	Global	DEFAULT	true	false	false
1000c290	Function	FUN_1000c290	FUN_1000c290	Global	DEFAULT	true	false	false
1000c2e0	Function	FUN_1000c2e0	FUN_1000c2e0	Global	DEFAULT	true	false	false
1000c300	Function	FUN_1000c300	FUN_1000c300	Global	DEFAULT	true	false	false
1000c380	Function	FUN_1000c380	FUN_1000c380	Global	DEFAULT	true	false	false
1000c3a0	Function	FUN_1000c3a0	FUN_1000c3a0	Global	DEFAULT	true	false	false
1000c3e0	Function	FUN_1000c3e0	FUN_1000c3e0	Global	DEFAULT	true	false	false
1000c3f0	Function	FUN_1000c3f0	FUN_1000c3f0	Global	DEFAULT	true	false	false
1000c4d0	Function	FUN_1000c4d0	FUN_1000c4d0	Global	DEFAULT	true	false	false
1000c550	Function	FUN_1000c550	FUN_1000c550	Global	DEFAULT	true	false	false
1000c600	Function	FUN_1000c600	FUN_1000c600	Global	DEFAULT	true	false	false
1000c660	Function	FUN_1000c660	FUN_1000c660	Global	DEFAULT	true	false	false
1000c840	Function	FUN_1000c840	FUN_1000c840	Global	DEFAULT	true	false	false
1000c890	Function	FUN_1000c890	FUN_1000c890	Global	DEFAULT	true	false	false
1000c8d0	Function	FUN_1000c8d0	FUN_1000c8d0	Global	DEFAULT	true	false	false
1000c920	Function	FUN_1000c920	FUN_1000c920	Global	DEFAULT	true	false	false
1000c970	Function	FUN_1000c970	FUN_1000c970	Global	DEFAULT	true	false	false
1000c9b0	Function	FUN_1000c9b0	FUN_1000c9b0	Global	DEFAULT	true	false	false
1000ca10	Function	FUN_1000ca10	FUN_1000ca10	Global	DEFAULT	true	false	false
1000ca50	Function	FUN_1000ca50	FUN_1000ca50	Global	DEFAULT	true	false	false
1000ca70	Function	FUN_1000ca70	FUN_1000ca70	Global	DEFAULT	true	false	false
1000cab0	Function	FUN_1000cab0	FUN_1000cab0	Global	DEFAULT	true	false	false
1000caf0	Function	FUN_1000caf0	FUN_1000caf0	Global	DEFAULT	true	false	false
1000cb10	Function	FUN_1000cb10	FUN_1000cb10	Global	DEFAULT	true	false	false
1000cb30	Function	FUN_1000cb30	FUN_1000cb30	Global	DEFAULT	true	false	false
1000ccc0	Function	FUN_1000ccc0	FUN_1000ccc0	Global	DEFAULT	true	false	false
1000ccf0	Function	FUN_1000ccf0	FUN_1000ccf0	Global	DEFAULT	true	false	false
1000cd10	Function	FUN_1000cd10	FUN_1000cd10	Global	DEFAULT	true	false	false
1000cdc0	Function	FUN_1000cdc0	FUN_1000cdc0	Global	DEFAULT	true	false	false
1000cde0	Function	FUN_1000cde0	FUN_1000cde0	Global	DEFAULT	true	false	false
1000ce00	Function	FUN_1000ce00	FUN_1000ce00	Global	DEFAULT	true	false	false
1000ce40	Function	FUN_1000ce40	FUN_1000ce40	Global	DEFAULT	true	false	false
1000ce60	Function	FUN_1000ce60	FUN_1000ce60	Global	DEFAULT	true	false	false
1000cef0	Function	FUN_1000cef0	FUN_1000cef0	Global	DEFAULT	true	false	false
1000cf30	Function	FUN_1000cf30	FUN_1000cf30	Global	DEFAULT	true	false	false
1000cf70	Function	FUN_1000cf70	FUN_1000cf70	Global	DEFAULT	true	false	false
1000d020	Function	FUN_1000d020	FUN_1000d020	Global	DEFAULT	true	false	false
1000d050	Function	FUN_1000d050	FUN_1000d050	Global	DEFAULT	true	false	false
1000d140	Function	FUN_1000d140	FUN_1000d140	Global	DEFAULT	true	false	false
1000d170	Function	FUN_1000d170	FUN_1000d170	Global	DEFAULT	true	false	false
1000d1f0	Function	FUN_1000d1f0	FUN_1000d1f0	Global	DEFAULT	true	false	false
1000d230	Function	FUN_1000d230	FUN_1000d230	Global	DEFAULT	true	false	false
1000d270	Function	FUN_1000d270	FUN_1000d270	Global	DEFAULT	true	false	false
1000d2f0	Function	FUN_1000d2f0	FUN_1000d2f0	Global	DEFAULT	true	false	false
1000d451	Function	FUN_1000d451	FUN_1000d451	Global	DEFAULT	true	false	false
1000d45c	Function	FUN_1000d45c	FUN_1000d45c	Global	DEFAULT	true	false	false
1000d4e4	Function	FUN_1000d4e4	FUN_1000d4e4	Global	DEFAULT	true	false	false
1000d5a6	Function	grClipWindow	GLIDE2X.DLL::grClipWindow	GLIDE2X.DLL	DEFAULT	true	false	false
1000d5ac	Function	grTexCalcMemRequired	GLIDE2X.DLL::grTexCalcMemRequired	GLIDE2X.DLL	DEFAULT	true	false	false
1000d5b2	Function	grGlideSetState	GLIDE2X.DLL::grGlideSetState	GLIDE2X.DLL	DEFAULT	true	false	false
1000d5b8	Function	grTexDownloadTable	GLIDE2X.DLL::grTexDownloadTable	GLIDE2X.DLL	DEFAULT	true	false	false
1000d5be	Function	grChromakeyValue	GLIDE2X.DLL::grChromakeyValue	GLIDE2X.DLL	DEFAULT	true	false	false
1000d5c4	Function	grChromakeyMode	GLIDE2X.DLL::grChromakeyMode	GLIDE2X.DLL	DEFAULT	true	false	false
1000d5ca	Function	grTexClampMode	GLIDE2X.DLL::grTexClampMode	GLIDE2X.DLL	DEFAULT	true	false	false
1000d5d0	Function	grTexMipMapMode	GLIDE2X.DLL::grTexMipMapMode	GLIDE2X.DLL	DEFAULT	true	false	false
1000d5d6	Function	grTexFilterMode	GLIDE2X.DLL::grTexFilterMode	GLIDE2X.DLL	DEFAULT	true	false	false
1000d5dc	Function	grAlphaTestReferenceValue	GLIDE2X.DLL::grAlphaTestReferenceValue	GLIDE2X.DLL	DEFAULT	true	false	false
1000d5e2	Function	grAlphaTestFunction	GLIDE2X.DLL::grAlphaTestFunction	GLIDE2X.DLL	DEFAULT	true	false	false
1000d5e8	Function	grTexCombine	GLIDE2X.DLL::grTexCombine	GLIDE2X.DLL	DEFAULT	true	false	false
1000d5ee	Function	grFogColorValue	GLIDE2X.DLL::grFogColorValue	GLIDE2X.DLL	DEFAULT	true	false	false
1000d5f4	Function	grAlphaCombine	GLIDE2X.DLL::grAlphaCombine	GLIDE2X.DLL	DEFAULT	true	false	false
1000d5fa	Function	grConstantColorValue	GLIDE2X.DLL::grConstantColorValue	GLIDE2X.DLL	DEFAULT	true	false	false
1000d600	Function	grColorCombine	GLIDE2X.DLL::grColorCombine	GLIDE2X.DLL	DEFAULT	true	false	false
1000d606	Function	grAlphaBlendFunction	GLIDE2X.DLL::grAlphaBlendFunction	GLIDE2X.DLL	DEFAULT	true	false	false
1000d60c	Function	grGlideGetState	GLIDE2X.DLL::grGlideGetState	GLIDE2X.DLL	DEFAULT	true	false	false
1000d612	Function	grFogMode	GLIDE2X.DLL::grFogMode	GLIDE2X.DLL	DEFAULT	true	false	false
1000d618	Function	grDepthMask	GLIDE2X.DLL::grDepthMask	GLIDE2X.DLL	DEFAULT	true	false	false
1000d61e	Function	grDepthBufferFunction	GLIDE2X.DLL::grDepthBufferFunction	GLIDE2X.DLL	DEFAULT	true	false	false
1000d624	Function	grDepthBufferMode	GLIDE2X.DLL::grDepthBufferMode	GLIDE2X.DLL	DEFAULT	true	false	false
1000d62a	Function	grCullMode	GLIDE2X.DLL::grCullMode	GLIDE2X.DLL	DEFAULT	true	false	false
1000d630	Function	grRenderBuffer	GLIDE2X.DLL::grRenderBuffer	GLIDE2X.DLL	DEFAULT	true	false	false
1000d636	Function	grHints	GLIDE2X.DLL::grHints	GLIDE2X.DLL	DEFAULT	true	false	false
1000d63c	Function	grDisableAllEffects	GLIDE2X.DLL::grDisableAllEffects	GLIDE2X.DLL	DEFAULT	true	false	false
1000d642	Function	grErrorSetCallback	GLIDE2X.DLL::grErrorSetCallback	GLIDE2X.DLL	DEFAULT	true	false	false
1000d648	Function	grSstWinOpen	GLIDE2X.DLL::grSstWinOpen	GLIDE2X.DLL	DEFAULT	true	false	false
1000d64e	Function	grSstSelect	GLIDE2X.DLL::grSstSelect	GLIDE2X.DLL	DEFAULT	true	false	false
1000d654	Function	grBufferClear	GLIDE2X.DLL::grBufferClear	GLIDE2X.DLL	DEFAULT	true	false	false
1000d65a	Function	grSstIdle	GLIDE2X.DLL::grSstIdle	GLIDE2X.DLL	DEFAULT	true	false	false
1000d660	Function	grBufferSwap	GLIDE2X.DLL::grBufferSwap	GLIDE2X.DLL	DEFAULT	true	false	false
1000d666	Function	grSstWinClose	GLIDE2X.DLL::grSstWinClose	GLIDE2X.DLL	DEFAULT	true	false	false
1000d66c	Function	grDrawTriangle	GLIDE2X.DLL::grDrawTriangle	GLIDE2X.DLL	DEFAULT	true	false	false
1000d672	Function	grDrawLine	GLIDE2X.DLL::grDrawLine	GLIDE2X.DLL	DEFAULT	true	false	false
1000d678	Function	grAADrawLine	GLIDE2X.DLL::grAADrawLine	GLIDE2X.DLL	DEFAULT	true	false	false
1000d67e	Function	grDrawPoint	GLIDE2X.DLL::grDrawPoint	GLIDE2X.DLL	DEFAULT	true	false	false
1000d684	Function	grAADrawPoint	GLIDE2X.DLL::grAADrawPoint	GLIDE2X.DLL	DEFAULT	true	false	false
1000d68a	Function	grDrawPolygonVertexList	GLIDE2X.DLL::grDrawPolygonVertexList	GLIDE2X.DLL	DEFAULT	true	false	false
1000d690	Function	grTexSource	GLIDE2X.DLL::grTexSource	GLIDE2X.DLL	DEFAULT	true	false	false
1000d696	Function	grLfbReadRegion	GLIDE2X.DLL::grLfbReadRegion	GLIDE2X.DLL	DEFAULT	true	false	false
1000d69c	Function	grSstQueryHardware	GLIDE2X.DLL::grSstQueryHardware	GLIDE2X.DLL	DEFAULT	true	false	false
1000d6a2	Function	grGlideInit	GLIDE2X.DLL::grGlideInit	GLIDE2X.DLL	DEFAULT	true	false	false
1000d6a8	Function	grSstQueryBoards	GLIDE2X.DLL::grSstQueryBoards	GLIDE2X.DLL	DEFAULT	true	false	false
1000d6ae	Function	grGlideShutdown	GLIDE2X.DLL::grGlideShutdown	GLIDE2X.DLL	DEFAULT	true	false	false
1000d6b4	Function	grTexMaxAddress	GLIDE2X.DLL::grTexMaxAddress	GLIDE2X.DLL	DEFAULT	true	false	false
1000d6ba	Function	grTexMinAddress	GLIDE2X.DLL::grTexMinAddress	GLIDE2X.DLL	DEFAULT	true	false	false
1000d6c0	Function	grTexDownloadMipMap	GLIDE2X.DLL::grTexDownloadMipMap	GLIDE2X.DLL	DEFAULT	true	false	false
1000d6d0	Function	FUN_1000d6d0	FUN_1000d6d0	Global	DEFAULT	true	false	false
1000d778	Function	FUN_1000d778	FUN_1000d778	Global	DEFAULT	true	false	false
1000d8a2	Function	FUN_1000d8a2	FUN_1000d8a2	Global	DEFAULT	true	false	false
1000d95c	Function	FUN_1000d95c	FUN_1000d95c	Global	DEFAULT	true	false	false
1000d99d	Function	FUN_1000d99d	FUN_1000d99d	Global	DEFAULT	true	false	false
1000da56	Function	FUN_1000da56	FUN_1000da56	Global	DEFAULT	true	false	false
1000db9b	Function	FUN_1000db9b	FUN_1000db9b	Global	DEFAULT	true	false	false
1000dc09	Function	FUN_1000dc09	FUN_1000dc09	Global	DEFAULT	true	false	false
1000dc37	Label	switchD	switchD_1000dc37::switchD	switchD_1000dc37	ANALYSIS	true	false	false
1000dc3e	Label	caseD_0	switchD_1000dc37::caseD_0	switchD_1000dc37	ANALYSIS	true	false	false
1000dc4d	Label	caseD_1	switchD_1000dc37::caseD_1	switchD_1000dc37	ANALYSIS	true	false	false
1000dc5c	Label	caseD_2	switchD_1000dc37::caseD_2	switchD_1000dc37	ANALYSIS	true	false	false
1000dc6b	Label	caseD_3	switchD_1000dc37::caseD_3	switchD_1000dc37	ANALYSIS	true	false	false
1000dc7a	Label	default	switchD_1000dc37::default	switchD_1000dc37	ANALYSIS	true	false	false
1000dca4	Label	switchdataD_1000dca4	switchD_1000dc37::switchdataD_1000dca4	switchD_1000dc37	ANALYSIS	true	false	false
1000dcb4	Function	FUN_1000dcb4	FUN_1000dcb4	Global	DEFAULT	true	false	false
1000dd22	Function	FUN_1000dd22	FUN_1000dd22	Global	DEFAULT	true	false	false
1000dd81	Function	FUN_1000dd81	FUN_1000dd81	Global	DEFAULT	true	false	false
1000de22	Function	FUN_1000de22	FUN_1000de22	Global	DEFAULT	true	false	false
1000de9a	Function	FUN_1000de9a	FUN_1000de9a	Global	DEFAULT	true	false	false
1000ded9	Function	FUN_1000ded9	FUN_1000ded9	Global	DEFAULT	true	false	false
1000df1a	Function	FUN_1000df1a	FUN_1000df1a	Global	DEFAULT	true	false	false
1000df6b	Function	FUN_1000df6b	FUN_1000df6b	Global	DEFAULT	true	false	false
1000e03b	Function	FUN_1000e03b	FUN_1000e03b	Global	DEFAULT	true	false	false
1000e142	Function	FUN_1000e142	FUN_1000e142	Global	DEFAULT	true	false	false
1000e2de	Function	FUN_1000e2de	FUN_1000e2de	Global	DEFAULT	true	false	false
1000e388	Function	FUN_1000e388	FUN_1000e388	Global	DEFAULT	true	false	false
1000e3f5	Function	FUN_1000e3f5	FUN_1000e3f5	Global	DEFAULT	true	false	false
1000e454	Function	FUN_1000e454	FUN_1000e454	Global	DEFAULT	true	false	false
1000e532	Function	FUN_1000e532	FUN_1000e532	Global	DEFAULT	true	false	false
1000e62c	Function	FUN_1000e62c	FUN_1000e62c	Global	DEFAULT	true	false	false
1000e6fb	Function	FUN_1000e6fb	FUN_1000e6fb	Global	DEFAULT	true	false	false
1000e7b9	Function	FUN_1000e7b9	FUN_1000e7b9	Global	DEFAULT	true	false	false
1000e7fc	Function	FUN_1000e7fc	FUN_1000e7fc	Global	DEFAULT	true	false	false
1000e831	Function	FUN_1000e831	FUN_1000e831	Global	DEFAULT	true	false	false
1000e873	Function	FUN_1000e873	FUN_1000e873	Global	DEFAULT	true	false	false
1000e9c8	Function	FUN_1000e9c8	FUN_1000e9c8	Global	DEFAULT	true	false	false
1000eae4	Function	FUN_1000eae4	FUN_1000eae4	Global	DEFAULT	true	false	false
1000ec13	Function	FUN_1000ec13	FUN_1000ec13	Global	DEFAULT	true	false	false
1000ec27	Function	FUN_1000ec27	FUN_1000ec27	Global	DEFAULT	true	false	false
1000ecd3	Function	FUN_1000ecd3	FUN_1000ecd3	Global	DEFAULT	true	false	false
1000ede0	Function	FUN_1000ede0	FUN_1000ede0	Global	DEFAULT	true	false	false
1000ee4e	Function	FUN_1000ee4e	FUN_1000ee4e	Global	DEFAULT	true	false	false
1000ee9a	Function	FUN_1000ee9a	FUN_1000ee9a	Global	DEFAULT	true	false	false
1000eee7	Function	FUN_1000eee7	FUN_1000eee7	Global	DEFAULT	true	false	false
1000ef61	Function	FUN_1000ef61	FUN_1000ef61	Global	DEFAULT	true	false	false
1000f020	Function	FUN_1000f020	FUN_1000f020	Global	DEFAULT	true	false	false
1000f081	Function	FUN_1000f081	FUN_1000f081	Global	DEFAULT	true	false	false
1000f1de	Function	FUN_1000f1de	FUN_1000f1de	Global	DEFAULT	true	false	false
1000f41f	Function	FUN_1000f41f	FUN_1000f41f	Global	DEFAULT	true	false	false
1000f4c0	Function	FUN_1000f4c0	FUN_1000f4c0	Global	DEFAULT	true	false	false
1000f540	Function	FUN_1000f540	FUN_1000f540	Global	DEFAULT	true	false	false
1000f580	Function	FUN_1000f580	FUN_1000f580	Global	DEFAULT	true	false	false
1000f5a0	Function	FUN_1000f5a0	FUN_1000f5a0	Global	DEFAULT	true	false	false
1000f6c0	Function	FUN_1000f6c0	FUN_1000f6c0	Global	DEFAULT	true	false	false
1000f6f0	Function	FUN_1000f6f0	FUN_1000f6f0	Global	DEFAULT	true	false	false
1000f730	Function	FUN_1000f730	FUN_1000f730	Global	DEFAULT	true	false	false
1000f750	Function	FUN_1000f750	FUN_1000f750	Global	DEFAULT	true	false	false
1000f790	Function	FUN_1000f790	FUN_1000f790	Global	DEFAULT	true	false	false
1000f7d0	Function	FUN_1000f7d0	FUN_1000f7d0	Global	DEFAULT	true	false	false
1000f860	Function	FUN_1000f860	FUN_1000f860	Global	DEFAULT	true	false	false
1000f8f0	Function	FUN_1000f8f0	FUN_1000f8f0	Global	DEFAULT	true	false	false
1000f960	Function	FUN_1000f960	FUN_1000f960	Global	DEFAULT	true	false	false
1000f980	Function	FUN_1000f980	FUN_1000f980	Global	DEFAULT	true	false	false
1000f9e0	Function	FUN_1000f9e0	FUN_1000f9e0	Global	DEFAULT	true	false	false
1000fa16	Function	FUN_1000fa16	FUN_1000fa16	Global	DEFAULT	true	false	false
1000fa2d	Function	FUN_1000fa2d	FUN_1000fa2d	Global	DEFAULT	true	false	false
1000fb4e	Function	FUN_1000fb4e	FUN_1000fb4e	Global	DEFAULT	true	false	false
1000fc6b	Function	FUN_1000fc6b	FUN_1000fc6b	Global	DEFAULT	true	false	false
1000fc70	Function	FUN_1000fc70	FUN_1000fc70	Global	DEFAULT	true	false	false
1000fc75	Function	FUN_1000fc75	FUN_1000fc75	Global	DEFAULT	true	false	false
1000fde4	Function	FUN_1000fde4	FUN_1000fde4	Global	DEFAULT	true	false	false
1000fe08	Function	FUN_1000fe08	FUN_1000fe08	Global	DEFAULT	true	false	false
1000fec0	Function	FUN_1000fec0	FUN_1000fec0	Global	DEFAULT	true	false	false
1000ff48	Function	FUN_1000ff48	FUN_1000ff48	Global	DEFAULT	true	false	false
1000ff8c	Function	FUN_1000ff8c	FUN_1000ff8c	Global	DEFAULT	true	false	false
1000ffc0	Function	FUN_1000ffc0	FUN_1000ffc0	Global	DEFAULT	true	false	false
10010000	Function	FUN_10010000	FUN_10010000	Global	DEFAULT	true	false	false
100100b0	Function	FUN_100100b0	FUN_100100b0	Global	DEFAULT	true	false	false
100100e5	Function	FUN_100100e5	FUN_100100e5	Global	DEFAULT	true	false	false
1001012e	Function	FUN_1001012e	FUN_1001012e	Global	DEFAULT	true	false	false
10010174	Function	FUN_10010174	FUN_10010174	Global	DEFAULT	true	false	false
1001019a	Function	FUN_1001019a	FUN_1001019a	Global	DEFAULT	true	false	false
100101db	Function	FUN_100101db	FUN_100101db	Global	DEFAULT	true	false	false
10010230	Function	FUN_10010230	FUN_10010230	Global	DEFAULT	true	false	false
10010301	Function	FUN_10010301	FUN_10010301	Global	DEFAULT	true	false	false
10010330	Function	FUN_10010330	FUN_10010330	Global	DEFAULT	true	false	false
1001040c	Function	FUN_1001040c	FUN_1001040c	Global	DEFAULT	true	false	false
1001043e	Function	FUN_1001043e	FUN_1001043e	Global	DEFAULT	true	false	false
1001048b	Function	FUN_1001048b	FUN_1001048b	Global	DEFAULT	true	false	false
100104db	Function	FUN_100104db	FUN_100104db	Global	DEFAULT	true	false	false
10010531	Function	FUN_10010531	FUN_10010531	Global	DEFAULT	true	false	false
1001057f	Function	FUN_1001057f	FUN_1001057f	Global	DEFAULT	true	false	false
100105c2	Function	FUN_100105c2	FUN_100105c2	Global	DEFAULT	true	false	false
10010605	Function	FUN_10010605	FUN_10010605	Global	DEFAULT	true	false	false
10010649	Function	FUN_10010649	FUN_10010649	Global	DEFAULT	true	false	false
1001068c	Function	FUN_1001068c	FUN_1001068c	Global	DEFAULT	true	false	false
100106d3	Function	FUN_100106d3	FUN_100106d3	Global	DEFAULT	true	false	false
10010788	Function	FUN_10010788	FUN_10010788	Global	DEFAULT	true	false	false
100107d0	Function	FUN_100107d0	FUN_100107d0	Global	DEFAULT	true	false	false
100107fd	Function	FUN_100107fd	FUN_100107fd	Global	DEFAULT	true	false	false
10010860	Function	FUN_10010860	FUN_10010860	Global	DEFAULT	true	false	false
100108c6	Function	FUN_100108c6	FUN_100108c6	Global	DEFAULT	true	false	false
100108fa	Function	FUN_100108fa	FUN_100108fa	Global	DEFAULT	true	false	false
1001092b	Function	FUN_1001092b	FUN_1001092b	Global	DEFAULT	true	false	false
10010972	Function	FUN_10010972	FUN_10010972	Global	DEFAULT	true	false	false
100109ef	Function	FUN_100109ef	FUN_100109ef	Global	DEFAULT	true	false	false
10010a74	Function	FUN_10010a74	FUN_10010a74	Global	DEFAULT	true	false	false
10010afa	Function	FUN_10010afa	FUN_10010afa	Global	DEFAULT	true	false	false
10010bf3	Function	FUN_10010bf3	FUN_10010bf3	Global	DEFAULT	true	false	false
10010c41	Function	FUN_10010c41	FUN_10010c41	Global	DEFAULT	true	false	false
10010cec	Function	FUN_10010cec	FUN_10010cec	Global	DEFAULT	true	false	false
10010dce	Function	FUN_10010dce	FUN_10010dce	Global	DEFAULT	true	false	false
10010e2e	Function	FUN_10010e2e	FUN_10010e2e	Global	DEFAULT	true	false	false
10010eee	Function	FUN_10010eee	FUN_10010eee	Global	DEFAULT	true	false	false
10010faf	Function	FUN_10010faf	FUN_10010faf	Global	DEFAULT	true	false	false
10011017	Function	FUN_10011017	FUN_10011017	Global	DEFAULT	true	false	false
10011030	Function	FUN_10011030	FUN_10011030	Global	DEFAULT	true	false	false
100110b0	Function	FUN_100110b0	FUN_100110b0	Global	DEFAULT	true	false	false
100110e0	Function	FUN_100110e0	FUN_100110e0	Global	DEFAULT	true	false	false
100110f0	Function	FUN_100110f0	FUN_100110f0	Global	DEFAULT	true	false	false
10011140	Function	FUN_10011140	FUN_10011140	Global	DEFAULT	true	false	false
10011160	Function	FUN_10011160	FUN_10011160	Global	DEFAULT	true	false	false
100114e0	Function	__ftol	__ftol	Global	ANALYSIS	true	false	false
10011510	Function	FUN_10011510	FUN_10011510	Global	DEFAULT	true	false	false
10011545	Label	switchD	switchD_10011545::switchD	switchD_10011545	ANALYSIS	true	false	false
10011558	Label	default	switchD_10011564::default	switchD_10011564	ANALYSIS	true	false	false
1001155d	Label	switchD	switchD_1001155d::switchD	switchD_1001155d	ANALYSIS	true	false	false
10011564	Label	switchD	switchD_10011564::switchD	switchD_10011564	ANALYSIS	true	false	false
1001156c	Label	switchD	switchD_1001156c::switchD	switchD_1001156c	ANALYSIS	true	false	false
10011574	Label	switchdataD_10011574	switchD_1001155d::switchdataD_10011574	switchD_1001155d	ANALYSIS	true	false	false
10011580	Label	caseD_1	switchD_1001155d::caseD_1	switchD_1001155d	ANALYSIS	true	false	false
100115a2	Label	switchD	switchD_100115a2::switchD	switchD_100115a2	ANALYSIS	true	false	false
100115ac	Label	caseD_2	switchD_1001155d::caseD_2	switchD_1001155d	ANALYSIS	true	false	false
100115c8	Label	switchD	switchD_100115c8::switchD	switchD_100115c8	ANALYSIS	true	false	false
100115d0	Label	caseD_3	switchD_1001155d::caseD_3	switchD_1001155d	ANALYSIS	true	false	false
100115e2	Label	switchD	switchD_100115e2::switchD	switchD_100115e2	ANALYSIS	true	false	false
100115ec	Label	switchdataD_100115ec	switchD_1001156c::switchdataD_100115ec	switchD_1001156c	ANALYSIS	true	false	false
1001160c	Label	caseD_7	switchD_1001156c::caseD_7	switchD_1001156c	ANALYSIS	true	false	false
10011614	Label	caseD_6	switchD_1001156c::caseD_6	switchD_1001156c	ANALYSIS	true	false	false
1001161c	Label	caseD_5	switchD_1001156c::caseD_5	switchD_1001156c	ANALYSIS	true	false	false
10011624	Label	caseD_4	switchD_1001156c::caseD_4	switchD_1001156c	ANALYSIS	true	false	false
1001162c	Label	caseD_3	switchD_1001156c::caseD_3	switchD_1001156c	ANALYSIS	true	false	false
10011634	Label	caseD_2	switchD_1001156c::caseD_2	switchD_1001156c	ANALYSIS	true	false	false
1001163c	Label	caseD_1	switchD_1001156c::caseD_1	switchD_1001156c	ANALYSIS	true	false	false
1001164f	Label	caseD_0	switchD_1001156c::caseD_0	switchD_1001156c	ANALYSIS	true	false	false
1001164f	Label	switchD	switchD_1001164f::switchD	switchD_1001164f	ANALYSIS	false	false	false
10011658	Label	switchdataD_10011658	switchD_10011545::switchdataD_10011658	switchD_10011545	ANALYSIS	true	false	false
10011668	Label	caseD_0	switchD_10011545::caseD_0	switchD_10011545	ANALYSIS	true	false	false
10011668	Label	caseD_0	switchD_10011564::caseD_0	switchD_10011564	ANALYSIS	false	false	false
10011668	Label	caseD_0	switchD_1001164f::caseD_0	switchD_1001164f	ANALYSIS	false	false	false
10011668	Label	caseD_0	switchD_100115e2::caseD_0	switchD_100115e2	ANALYSIS	false	false	false
10011668	Label	caseD_0	switchD_100115c8::caseD_0	switchD_100115c8	ANALYSIS	false	false	false
10011668	Label	caseD_0	switchD_100115a2::caseD_0	switchD_100115a2	ANALYSIS	false	false	false
10011670	Label	caseD_1	switchD_10011545::caseD_1	switchD_10011545	ANALYSIS	true	false	false
10011670	Label	caseD_1	switchD_10011564::caseD_1	switchD_10011564	ANALYSIS	false	false	false
10011670	Label	caseD_1	switchD_1001164f::caseD_1	switchD_1001164f	ANALYSIS	false	false	false
10011670	Label	caseD_1	switchD_100115e2::caseD_1	switchD_100115e2	ANALYSIS	false	false	false
10011670	Label	caseD_1	switchD_100115c8::caseD_1	switchD_100115c8	ANALYSIS	false	false	false
10011670	Label	caseD_1	switchD_100115a2::caseD_1	switchD_100115a2	ANALYSIS	false	false	false
1001167c	Label	caseD_2	switchD_10011545::caseD_2	switchD_10011545	ANALYSIS	true	false	false
1001167c	Label	caseD_2	switchD_10011564::caseD_2	switchD_10011564	ANALYSIS	false	false	false
1001167c	Label	caseD_2	switchD_1001164f::caseD_2	switchD_1001164f	ANALYSIS	false	false	false
1001167c	Label	caseD_2	switchD_100115e2::caseD_2	switchD_100115e2	ANALYSIS	false	false	false
1001167c	Label	caseD_2	switchD_100115c8::caseD_2	switchD_100115c8	ANALYSIS	false	false	false
1001167c	Label	caseD_2	switchD_100115a2::caseD_2	switchD_100115a2	ANALYSIS	false	false	false
10011690	Label	caseD_3	switchD_10011545::caseD_3	switchD_10011545	ANALYSIS	true	false	false
10011690	Label	caseD_3	switchD_10011564::caseD_3	switchD_10011564	ANALYSIS	false	false	false
10011690	Label	caseD_3	switchD_1001164f::caseD_3	switchD_1001164f	ANALYSIS	false	false	false
10011690	Label	caseD_3	switchD_100115e2::caseD_3	switchD_100115e2	ANALYSIS	false	false	false
10011690	Label	caseD_3	switchD_100115c8::caseD_3	switchD_100115c8	ANALYSIS	false	false	false
10011690	Label	caseD_3	switchD_100115a2::caseD_3	switchD_100115a2	ANALYSIS	false	false	false
100116c7	Label	switchD	switchD_100116c7::switchD	switchD_100116c7	ANALYSIS	true	false	false
100116d2	Label	switchD	switchD_100116d2::switchD	switchD_100116d2	ANALYSIS	true	false	false
100116e8	Label	default	switchD_100116f4::default	switchD_100116f4	ANALYSIS	true	false	false
100116ed	Label	switchD	switchD_100116ed::switchD	switchD_100116ed	ANALYSIS	true	false	false
100116f4	Label	switchD	switchD_100116f4::switchD	switchD_100116f4	ANALYSIS	true	false	false
100116fc	Label	switchdataD_100116fc	switchD_100116ed::switchdataD_100116fc	switchD_100116ed	ANALYSIS	true	false	false
10011708	Label	caseD_1	switchD_100116ed::caseD_1	switchD_100116ed	ANALYSIS	true	false	false
1001171e	Label	switchD	switchD_1001171e::switchD	switchD_1001171e	ANALYSIS	true	false	false
10011728	Label	caseD_2	switchD_100116ed::caseD_2	switchD_100116ed	ANALYSIS	true	false	false
10011748	Label	switchD	switchD_10011748::switchD	switchD_10011748	ANALYSIS	true	false	false
10011750	Label	caseD_3	switchD_100116ed::caseD_3	switchD_100116ed	ANALYSIS	true	false	false
1001177a	Label	switchD	switchD_1001177a::switchD	switchD_1001177a	ANALYSIS	true	false	false
10011784	Label	switchdataD_10011784	switchD_100116d2::switchdataD_10011784	switchD_100116d2	ANALYSIS	true	false	false
100117a4	Label	caseD_7	switchD_100116d2::caseD_7	switchD_100116d2	ANALYSIS	true	false	false
100117ac	Label	caseD_6	switchD_100116d2::caseD_6	switchD_100116d2	ANALYSIS	true	false	false
100117b4	Label	caseD_5	switchD_100116d2::caseD_5	switchD_100116d2	ANALYSIS	true	false	false
100117bc	Label	caseD_4	switchD_100116d2::caseD_4	switchD_100116d2	ANALYSIS	true	false	false
100117c4	Label	caseD_3	switchD_100116d2::caseD_3	switchD_100116d2	ANALYSIS	true	false	false
100117cc	Label	caseD_2	switchD_100116d2::caseD_2	switchD_100116d2	ANALYSIS	true	false	false
100117d4	Label	caseD_1	switchD_100116d2::caseD_1	switchD_100116d2	ANALYSIS	true	false	false
100117e7	Label	caseD_0	switchD_100116d2::caseD_0	switchD_100116d2	ANALYSIS	true	false	false
100117e7	Label	switchD	switchD_100117e7::switchD	switchD_100117e7	ANALYSIS	false	false	false
100117f0	Label	switchdataD_100117f0	switchD_100116c7::switchdataD_100117f0	switchD_100116c7	ANALYSIS	true	false	false
10011800	Label	caseD_0	switchD_100116c7::caseD_0	switchD_100116c7	ANALYSIS	true	false	false
10011800	Label	caseD_0	switchD_100116f4::caseD_0	switchD_100116f4	ANALYSIS	false	false	false
10011800	Label	caseD_0	switchD_100117e7::caseD_0	switchD_100117e7	ANALYSIS	false	false	false
10011800	Label	caseD_0	switchD_1001177a::caseD_0	switchD_1001177a	ANALYSIS	false	false	false
10011800	Label	caseD_0	switchD_10011748::caseD_0	switchD_10011748	ANALYSIS	false	false	false
10011800	Label	caseD_0	switchD_1001171e::caseD_0	switchD_1001171e	ANALYSIS	false	false	false
10011808	Label	caseD_1	switchD_100116c7::caseD_1	switchD_100116c7	ANALYSIS	true	false	false
10011808	Label	caseD_1	switchD_100116f4::caseD_1	switchD_100116f4	ANALYSIS	false	false	false
10011808	Label	caseD_1	switchD_100117e7::caseD_1	switchD_100117e7	ANALYSIS	false	false	false
10011808	Label	caseD_1	switchD_1001177a::caseD_1	switchD_1001177a	ANALYSIS	false	false	false
10011808	Label	caseD_1	switchD_10011748::caseD_1	switchD_10011748	ANALYSIS	false	false	false
10011808	Label	caseD_1	switchD_1001171e::caseD_1	switchD_1001171e	ANALYSIS	false	false	false
10011818	Label	caseD_2	switchD_100116c7::caseD_2	switchD_100116c7	ANALYSIS	true	false	false
10011818	Label	caseD_2	switchD_100116f4::caseD_2	switchD_100116f4	ANALYSIS	false	false	false
10011818	Label	caseD_2	switchD_100117e7::caseD_2	switchD_100117e7	ANALYSIS	false	false	false
10011818	Label	caseD_2	switchD_1001177a::caseD_2	switchD_1001177a	ANALYSIS	false	false	false
10011818	Label	caseD_2	switchD_10011748::caseD_2	switchD_10011748	ANALYSIS	false	false	false
10011818	Label	caseD_2	switchD_1001171e::caseD_2	switchD_1001171e	ANALYSIS	false	false	false
1001182c	Label	caseD_3	switchD_100116c7::caseD_3	switchD_100116c7	ANALYSIS	true	false	false
1001182c	Label	caseD_3	switchD_100116f4::caseD_3	switchD_100116f4	ANALYSIS	false	false	false
1001182c	Label	caseD_3	switchD_100117e7::caseD_3	switchD_100117e7	ANALYSIS	false	false	false
1001182c	Label	caseD_3	switchD_1001177a::caseD_3	switchD_1001177a	ANALYSIS	false	false	false
1001182c	Label	caseD_3	switchD_10011748::caseD_3	switchD_10011748	ANALYSIS	false	false	false
1001182c	Label	caseD_3	switchD_1001171e::caseD_3	switchD_1001171e	ANALYSIS	false	false	false
10011850	Function	_memset	_memset	Global	ANALYSIS	true	false	false
100118b0	Function	FUN_100118b0	FUN_100118b0	Global	DEFAULT	true	false	false
100118f0	Function	_CallMemberFunction0	_CallMemberFunction0	Global	ANALYSIS	true	false	false
100118f0	Label	?_CallMemberFunction0@@YGXPAX0@Z	?_CallMemberFunction0@@YGXPAX0@Z	Global	ANALYSIS	false	false	false
10011900	Function	FUN_10011900	FUN_10011900	Global	DEFAULT	true	false	false
10011910	Function	FUN_10011910	FUN_10011910	Global	DEFAULT	true	false	false
10011920	Function	FUN_10011920	FUN_10011920	Global	DEFAULT	true	false	false
10011980	Function	FID_conflict:___CxxFrameHandler3	FID_conflict:___CxxFrameHandler3	Global	ANALYSIS	true	false	false
10011980	Label	___CxxFrameHandler	___CxxFrameHandler	Global	ANALYSIS	false	false	false
10011980	Label	___CxxFrameHandler2	___CxxFrameHandler2	Global	ANALYSIS	false	false	false
10011980	Label	___CxxFrameHandler3	___CxxFrameHandler3	Global	ANALYSIS	false	false	false
100119c0	Function	___CxxLongjmpUnwind@4	___CxxLongjmpUnwind@4	Global	ANALYSIS	true	false	false
100119f0	Function	FUN_100119f0	FUN_100119f0	Global	DEFAULT	true	false	false
10011a60	Function	FUN_10011a60	FUN_10011a60	Global	DEFAULT	true	false	false
10011aa0	Function	FUN_10011aa0	FUN_10011aa0	Global	DEFAULT	true	false	false
10011b70	Function	FUN_10011b70	FUN_10011b70	Global	DEFAULT	true	false	false
10011c00	Function	FUN_10011c00	FUN_10011c00	Global	DEFAULT	true	false	false
10011c90	Function	__global_unwind2	__global_unwind2	Global	ANALYSIS	true	false	false
10011cd2	Function	__local_unwind2	__local_unwind2	Global	ANALYSIS	true	false	false
10011d3a	Function	__abnormal_termination	__abnormal_termination	Global	ANALYSIS	true	false	false
10011d5d	Function	__NLG_Notify1	__NLG_Notify1	Global	ANALYSIS	true	false	false
10011d66	Function	FUN_10011d66	FUN_10011d66	Global	DEFAULT	true	false	false
10011d80	Function	FUN_10011d80	FUN_10011d80	Global	DEFAULT	true	false	false
10011d94	Function	FUN_10011d94	FUN_10011d94	Global	DEFAULT	true	false	false
10011d9d	Function	FUN_10011d9d	FUN_10011d9d	Global	DEFAULT	true	false	false
10011e30	Function	FUN_10011e30	FUN_10011e30	Global	DEFAULT	true	false	false
10011e44	Function	FUN_10011e44	FUN_10011e44	Global	DEFAULT	true	false	false
10011e4d	Function	FUN_10011e4d	FUN_10011e4d	Global	DEFAULT	true	false	false
10011ee0	Function	FUN_10011ee0	FUN_10011ee0	Global	DEFAULT	true	false	false
10011ef0	Function	_rand	_rand	Global	ANALYSIS	true	false	false
10011f30	Function	_malloc	_malloc	Global	ANALYSIS	true	false	false
10011f60	Function	__malloc_dbg	__malloc_dbg	Global	ANALYSIS	true	false	false
10011f90	Function	FUN_10011f90	FUN_10011f90	Global	DEFAULT	true	false	false
10011fb0	Function	FUN_10011fb0	FUN_10011fb0	Global	DEFAULT	true	false	false
1001200d	Function	FUN_1001200d	FUN_1001200d	Global	DEFAULT	true	false	false
10012018	Function	FUN_10012018	FUN_10012018	Global	DEFAULT	true	false	false
10012050	Function	FUN_10012050	FUN_10012050	Global	DEFAULT	true	false	false
10012070	Function	FUN_10012070	FUN_10012070	Global	DEFAULT	true	false	false
10012390	Function	_calloc	_calloc	Global	ANALYSIS	true	false	false
100123c0	Function	__calloc_dbg	__calloc_dbg	Global	ANALYSIS	true	false	false
10012420	Function	FID_conflict:__expand	FID_conflict:__expand	Global	ANALYSIS	true	false	false
10012420	Label	_realloc	_realloc	Global	ANALYSIS	false	false	false
10012420	Label	__expand	__expand	Global	ANALYSIS	false	false	false
10012450	Function	FID_conflict:__realloc_dbg	FID_conflict:__realloc_dbg	Global	ANALYSIS	true	false	false
10012450	Label	__expand_dbg	__expand_dbg	Global	ANALYSIS	false	false	false
10012450	Label	__realloc_dbg	__realloc_dbg	Global	ANALYSIS	false	false	false
100124b3	Function	FUN_100124b3	FUN_100124b3	Global	DEFAULT	true	false	false
100124be	Function	FUN_100124be	FUN_100124be	Global	DEFAULT	true	false	false
100124e0	Function	FUN_100124e0	FUN_100124e0	Global	DEFAULT	true	false	false
10012a00	Function	FID_conflict:__expand	FID_conflict:__expand	Global	ANALYSIS	true	false	false
10012a00	Label	_realloc	_realloc	Global	ANALYSIS	false	false	false
10012a00	Label	__expand	__expand	Global	ANALYSIS	false	false	false
10012a30	Function	FID_conflict:__realloc_dbg	FID_conflict:__realloc_dbg	Global	ANALYSIS	true	false	false
10012a30	Label	__expand_dbg	__expand_dbg	Global	ANALYSIS	false	false	false
10012a30	Label	__realloc_dbg	__realloc_dbg	Global	ANALYSIS	false	false	false
10012a93	Function	FUN_10012a93	FUN_10012a93	Global	DEFAULT	true	false	false
10012a9e	Function	FUN_10012a9e	FUN_10012a9e	Global	DEFAULT	true	false	false
10012ac0	Function	FUN_10012ac0	FUN_10012ac0	Global	DEFAULT	true	false	false
10012ae0	Function	FUN_10012ae0	FUN_10012ae0	Global	DEFAULT	true	false	false
10012b00	Function	__free_dbg	__free_dbg	Global	ANALYSIS	true	false	false
10012b52	Function	FUN_10012b52	FUN_10012b52	Global	DEFAULT	true	false	false
10012b5d	Function	FUN_10012b5d	FUN_10012b5d	Global	DEFAULT	true	false	false
10012b70	Function	FUN_10012b70	FUN_10012b70	Global	DEFAULT	true	false	false
10012f60	Function	FUN_10012f60	FUN_10012f60	Global	DEFAULT	true	false	false
10012f80	Function	FUN_10012f80	FUN_10012f80	Global	DEFAULT	true	false	false
100130f1	Function	FUN_100130f1	FUN_100130f1	Global	DEFAULT	true	false	false
100130fc	Function	FUN_100130fc	FUN_100130fc	Global	DEFAULT	true	false	false
10013110	Function	FUN_10013110	FUN_10013110	Global	DEFAULT	true	false	false
10013130	Function	FUN_10013130	FUN_10013130	Global	DEFAULT	true	false	false
100131ed	Function	FUN_100131ed	FUN_100131ed	Global	DEFAULT	true	false	false
100131f8	Function	FUN_100131f8	FUN_100131f8	Global	DEFAULT	true	false	false
10013210	Function	FUN_10013210	FUN_10013210	Global	DEFAULT	true	false	false
10013230	Function	FUN_10013230	FUN_10013230	Global	DEFAULT	true	false	false
100132c0	Function	FUN_100132c0	FUN_100132c0	Global	DEFAULT	true	false	false
10013342	Label	switchD	switchD_10013342::switchD	switchD_10013342	ANALYSIS	true	false	false
10013349	Label	caseD_fffffffd	switchD_10013342::caseD_fffffffd	switchD_10013342	ANALYSIS	true	false	false
10013374	Label	caseD_fffffffc	switchD_10013342::caseD_fffffffc	switchD_10013342	ANALYSIS	true	false	false
1001339c	Label	caseD_fffffffb	switchD_10013342::caseD_fffffffb	switchD_10013342	ANALYSIS	true	false	false
100133c4	Label	caseD_fffffffa	switchD_10013342::caseD_fffffffa	switchD_10013342	ANALYSIS	true	false	false
100133ec	Label	default	switchD_10013342::default	switchD_10013342	ANALYSIS	true	false	false
10013635	Function	FUN_10013635	FUN_10013635	Global	DEFAULT	true	false	false
10013640	Function	FUN_10013640	FUN_10013640	Global	DEFAULT	true	false	false
10013654	Label	switchdataD_10013654	switchD_10013342::switchdataD_10013654	switchD_10013342	ANALYSIS	true	false	false
10013670	Function	FUN_10013670	FUN_10013670	Global	DEFAULT	true	false	false
100136a0	Function	FUN_100136a0	FUN_100136a0	Global	DEFAULT	true	false	false
1001372d	Function	FUN_1001372d	FUN_1001372d	Global	DEFAULT	true	false	false
10013738	Function	FUN_10013738	FUN_10013738	Global	DEFAULT	true	false	false
10013750	Function	__CrtIsValidPointer	__CrtIsValidPointer	Global	ANALYSIS	true	false	false
100137a0	Function	FUN_100137a0	FUN_100137a0	Global	DEFAULT	true	false	false
100138d0	Function	__CrtIsMemoryBlock	__CrtIsMemoryBlock	Global	ANALYSIS	true	false	false
100139d6	Function	FUN_100139d6	FUN_100139d6	Global	DEFAULT	true	false	false
100139e1	Function	FUN_100139e1	FUN_100139e1	Global	DEFAULT	true	false	false
10013a00	Function	FUN_10013a00	FUN_10013a00	Global	DEFAULT	true	false	false
10013a20	Function	FUN_10013a20	FUN_10013a20	Global	DEFAULT	true	false	false
10013ba8	Function	FUN_10013ba8	FUN_10013ba8	Global	DEFAULT	true	false	false
10013bb3	Function	FUN_10013bb3	FUN_10013bb3	Global	DEFAULT	true	false	false
10013bd0	Function	FUN_10013bd0	FUN_10013bd0	Global	DEFAULT	true	false	false
10013d00	Function	FUN_10013d00	FUN_10013d00	Global	DEFAULT	true	false	false
10013fb1	Function	FUN_10013fb1	FUN_10013fb1	Global	DEFAULT	true	false	false
10013fbc	Function	FUN_10013fbc	FUN_10013fbc	Global	DEFAULT	true	false	false
10014000	Function	FUN_10014000	FUN_10014000	Global	DEFAULT	true	false	false
10014120	Function	FUN_10014120	FUN_10014120	Global	DEFAULT	true	false	false
100141a0	Function	FUN_100141a0	FUN_100141a0	Global	DEFAULT	true	false	false
10014270	Function	FUN_10014270	FUN_10014270	Global	DEFAULT	true	false	false
100142b0	Function	FUN_100142b0	FUN_100142b0	Global	DEFAULT	true	false	false
100142d0	Function	__exit	__exit	Global	ANALYSIS	true	false	false
100142f0	Function	FUN_100142f0	FUN_100142f0	Global	DEFAULT	true	false	false
10014310	Function	FUN_10014310	FUN_10014310	Global	DEFAULT	true	false	false
10014330	Function	FUN_10014330	FUN_10014330	Global	DEFAULT	true	false	false
10014420	Function	FUN_10014420	FUN_10014420	Global	DEFAULT	true	false	false
10014430	Function	FUN_10014430	FUN_10014430	Global	DEFAULT	true	false	false
10014440	Function	__initterm	__initterm	Global	ANALYSIS	true	false	false
10014470	Function	FUN_10014470	FUN_10014470	Global	DEFAULT	true	false	false
100144e5	Function	FUN_100144e5	FUN_100144e5	Global	DEFAULT	true	false	false
10014501	Function	FUN_10014501	FUN_10014501	Global	DEFAULT	true	false	false
10014520	Function	FUN_10014520	FUN_10014520	Global	DEFAULT	true	false	false
100145a0	Function	ArrayUnwindFilter	ArrayUnwindFilter	Global	ANALYSIS	true	false	false
100145a0	Label	?ArrayUnwindFilter@@YAHPAU_EXCEPTION_POINTERS@@@Z	?ArrayUnwindFilter@@YAHPAU_EXCEPTION_POINTERS@@@Z	Global	ANALYSIS	false	false	false
100145d0	Function	`eh_vector_constructor_iterator'	`eh_vector_constructor_iterator'	Global	ANALYSIS	true	false	false
100145d0	Label	??_L@YGXPAXIHP6EX0@Z1@Z	??_L@YGXPAXIHP6EX0@Z1@Z	Global	ANALYSIS	false	false	false
10014641	Function	FUN_10014641	FUN_10014641	Global	DEFAULT	true	false	false
1001465d	Function	FUN_1001465d	FUN_1001465d	Global	DEFAULT	true	false	false
10014670	Function	_strlen	_strlen	Global	ANALYSIS	true	false	false
100146f0	Function	FUN_100146f0	FUN_100146f0	Global	DEFAULT	true	false	false
100147f0	Function	FUN_100147f0	FUN_100147f0	Global	DEFAULT	true	false	false
10014930	Function	entry	entry	Global	IMPORTED	true	false	true
10014a30	Function	__amsg_exit	__amsg_exit	Global	ANALYSIS	true	false	false
10014a70	Function	FUN_10014a70	FUN_10014a70	Global	DEFAULT	true	false	false
10014aa0	Function	FUN_10014aa0	FUN_10014aa0	Global	DEFAULT	true	false	false
10014b40	Function	FUN_10014b40	FUN_10014b40	Global	DEFAULT	true	false	false
10014b60	Function	FUN_10014b60	FUN_10014b60	Global	DEFAULT	true	false	false
10014b74	Function	FUN_10014b74	FUN_10014b74	Global	DEFAULT	true	false	false
10014b7d	Function	FUN_10014b7d	FUN_10014b7d	Global	DEFAULT	true	false	false
10014c30	Function	FUN_10014c30	FUN_10014c30	Global	DEFAULT	true	false	false
10014c44	Function	FUN_10014c44	FUN_10014c44	Global	DEFAULT	true	false	false
10014c4d	Function	FUN_10014c4d	FUN_10014c4d	Global	DEFAULT	true	false	false
10014cf0	Function	FUN_10014cf0	FUN_10014cf0	Global	DEFAULT	true	false	false
10014dc0	Function	FUN_10014dc0	FUN_10014dc0	Global	DEFAULT	true	false	false
10014ef0	Function	FUN_10014ef0	FUN_10014ef0	Global	DEFAULT	true	false	false
10014f10	Function	FUN_10014f10	FUN_10014f10	Global	DEFAULT	true	false	false
10014f50	Function	FUN_10014f50	FUN_10014f50	Global	DEFAULT	true	false	false
10014f80	Function	FUN_10014f80	FUN_10014f80	Global	DEFAULT	true	false	false
10014fc0	Function	FUN_10014fc0	FUN_10014fc0	Global	DEFAULT	true	false	false
10014ff0	Function	FUN_10014ff0	FUN_10014ff0	Global	DEFAULT	true	false	false
100150f0	Function	__setdefaultprecision	__setdefaultprecision	Global	ANALYSIS	true	false	false
10015110	Function	FUN_10015110	FUN_10015110	Global	DEFAULT	true	false	false
10015170	Function	__ms_p5_mp_test_fdiv	__ms_p5_mp_test_fdiv	Global	ANALYSIS	true	false	false
100151c0	Function	FUN_100151c0	FUN_100151c0	Global	DEFAULT	true	false	false
10015270	Function	__cropzeros	__cropzeros	Global	ANALYSIS	true	false	false
10015350	Function	__positive	__positive	Global	ANALYSIS	true	false	false
10015380	Function	__fassign	__fassign	Global	ANALYSIS	true	false	false
100153d0	Function	FUN_100153d0	FUN_100153d0	Global	DEFAULT	true	false	false
10015450	Function	FUN_10015450	FUN_10015450	Global	DEFAULT	true	false	false
100155c0	Function	FUN_100155c0	FUN_100155c0	Global	DEFAULT	true	false	false
10015630	Function	FUN_10015630	FUN_10015630	Global	DEFAULT	true	false	false
10015770	Function	FUN_10015770	FUN_10015770	Global	DEFAULT	true	false	false
10015860	Function	__cfltcvt	__cfltcvt	Global	ANALYSIS	true	false	false
100158c0	Function	__shift	__shift	Global	ANALYSIS	true	false	false
100158f0	Function	_abort	_abort	Global	ANALYSIS	true	false	false
10015910	Function	FUN_10015910	FUN_10015910	Global	DEFAULT	true	false	false
100159bf	Label	switchD	switchD_100159bf::switchD	switchD_100159bf	ANALYSIS	true	false	false
100159c6	Label	caseD_2	switchD_100159bf::caseD_2	switchD_100159bf	ANALYSIS	true	false	false
100159da	Label	caseD_15	switchD_100159bf::caseD_15	switchD_100159bf	ANALYSIS	true	false	false
100159ed	Label	caseD_16	switchD_100159bf::caseD_16	switchD_100159bf	ANALYSIS	true	false	false
10015a00	Label	caseD_f	switchD_100159bf::caseD_f	switchD_100159bf	ANALYSIS	true	false	false
10015a12	Label	caseD_3	switchD_100159bf::caseD_3	switchD_100159bf	ANALYSIS	true	false	false
10015a12	Label	caseD_4	switchD_100159bf::caseD_4	switchD_100159bf	ANALYSIS	false	false	false
10015a12	Label	caseD_5	switchD_100159bf::caseD_5	switchD_100159bf	ANALYSIS	false	false	false
10015a12	Label	caseD_6	switchD_100159bf::caseD_6	switchD_100159bf	ANALYSIS	false	false	false
10015a12	Label	caseD_7	switchD_100159bf::caseD_7	switchD_100159bf	ANALYSIS	false	false	false
10015a12	Label	caseD_8	switchD_100159bf::caseD_8	switchD_100159bf	ANALYSIS	false	false	false
10015a12	Label	caseD_9	switchD_100159bf::caseD_9	switchD_100159bf	ANALYSIS	false	false	false
10015a12	Label	caseD_a	switchD_100159bf::caseD_a	switchD_100159bf	ANALYSIS	false	false	false
10015a12	Label	caseD_b	switchD_100159bf::caseD_b	switchD_100159bf	ANALYSIS	false	false	false
10015a12	Label	caseD_c	switchD_100159bf::caseD_c	switchD_100159bf	ANALYSIS	false	false	false
10015a12	Label	caseD_d	switchD_100159bf::caseD_d	switchD_100159bf	ANALYSIS	false	false	false
10015a12	Label	caseD_e	switchD_100159bf::caseD_e	switchD_100159bf	ANALYSIS	false	false	false
10015a12	Label	caseD_10	switchD_100159bf::caseD_10	switchD_100159bf	ANALYSIS	false	false	false
10015a12	Label	caseD_11	switchD_100159bf::caseD_11	switchD_100159bf	ANALYSIS	false	false	false
10015a12	Label	caseD_12	switchD_100159bf::caseD_12	switchD_100159bf	ANALYSIS	false	false	false
10015a12	Label	caseD_13	switchD_100159bf::caseD_13	switchD_100159bf	ANALYSIS	false	false	false
10015a12	Label	caseD_14	switchD_100159bf::caseD_14	switchD_100159bf	ANALYSIS	false	false	false
10015b0b	Label	switchdataD_10015b0b	switchD_100159bf::switchdataD_10015b0b	switchD_100159bf	ANALYSIS	true	false	false
10015b1f	Label	switchdataD_10015b1f	switchD_100159bf::switchdataD_10015b1f	switchD_100159bf	ANALYSIS	true	false	false
10015b40	Function	FUN_10015b40	FUN_10015b40	Global	DEFAULT	true	false	false
10015be0	Function	FUN_10015be0	FUN_10015be0	Global	DEFAULT	true	false	false
10015c11	Label	switchD	switchD_10015c11::switchD	switchD_10015c11	ANALYSIS	true	false	false
10015c18	Label	caseD_2	switchD_10015c11::caseD_2	switchD_10015c11	ANALYSIS	true	false	false
10015c35	Label	caseD_15	switchD_10015c11::caseD_15	switchD_10015c11	ANALYSIS	true	false	false
10015c4f	Label	caseD_16	switchD_10015c11::caseD_16	switchD_10015c11	ANALYSIS	true	false	false
10015c69	Label	caseD_f	switchD_10015c11::caseD_f	switchD_10015c11	ANALYSIS	true	false	false
10015c83	Label	caseD_4	switchD_10015c11::caseD_4	switchD_10015c11	ANALYSIS	true	false	false
10015c83	Label	caseD_8	switchD_10015c11::caseD_8	switchD_10015c11	ANALYSIS	false	false	false
10015c83	Label	caseD_b	switchD_10015c11::caseD_b	switchD_10015c11	ANALYSIS	false	false	false
10015cae	Label	caseD_3	switchD_10015c11::caseD_3	switchD_10015c11	ANALYSIS	true	false	false
10015cae	Label	caseD_5	switchD_10015c11::caseD_5	switchD_10015c11	ANALYSIS	false	false	false
10015cae	Label	caseD_6	switchD_10015c11::caseD_6	switchD_10015c11	ANALYSIS	false	false	false
10015cae	Label	caseD_7	switchD_10015c11::caseD_7	switchD_10015c11	ANALYSIS	false	false	false
10015cae	Label	caseD_9	switchD_10015c11::caseD_9	switchD_10015c11	ANALYSIS	false	false	false
10015cae	Label	caseD_a	switchD_10015c11::caseD_a	switchD_10015c11	ANALYSIS	false	false	false
10015cae	Label	caseD_c	switchD_10015c11::caseD_c	switchD_10015c11	ANALYSIS	false	false	false
10015cae	Label	caseD_d	switchD_10015c11::caseD_d	switchD_10015c11	ANALYSIS	false	false	false
10015cae	Label	caseD_e	switchD_10015c11::caseD_e	switchD_10015c11	ANALYSIS	false	false	false
10015cae	Label	caseD_10	switchD_10015c11::caseD_10	switchD_10015c11	ANALYSIS	false	false	false
10015cae	Label	caseD_11	switchD_10015c11::caseD_11	switchD_10015c11	ANALYSIS	false	false	false
10015cae	Label	caseD_12	switchD_10015c11::caseD_12	switchD_10015c11	ANALYSIS	false	false	false
10015cae	Label	caseD_13	switchD_10015c11::caseD_13	switchD_10015c11	ANALYSIS	false	false	false
10015cae	Label	caseD_14	switchD_10015c11::caseD_14	switchD_10015c11	ANALYSIS	false	false	false
10015dea	Label	switchdataD_10015dea	switchD_10015c11::switchdataD_10015dea	switchD_10015c11	ANALYSIS	true	false	false
10015e02	Label	switchdataD_10015e02	switchD_10015c11::switchdataD_10015e02	switchD_10015c11	ANALYSIS	true	false	false
10015e20	Function	FUN_10015e20	FUN_10015e20	Global	DEFAULT	true	false	false
10015e80	Function	FUN_10015e80	FUN_10015e80	Global	DEFAULT	true	false	false
10015e90	Function	FUN_10015e90	FUN_10015e90	Global	DEFAULT	true	false	false
10015ea0	Function	FUN_10015ea0	FUN_10015ea0	Global	DEFAULT	true	false	false
10015f60	Function	__itoa	__itoa	Global	ANALYSIS	true	false	false
10015fb0	Function	xtoa	xtoa	Global	ANALYSIS	true	false	false
10015fb0	Label	_xtoa	_xtoa	Global	ANALYSIS	false	false	false
10016080	Function	__ltoa	__ltoa	Global	ANALYSIS	true	false	false
100160c0	Function	__ultoa	__ultoa	Global	ANALYSIS	true	false	false
100160e0	Function	__i64toa	__i64toa	Global	ANALYSIS	true	false	false
10016130	Function	x64toa	x64toa	Global	ANALYSIS	true	false	false
10016130	Label	_x64toa@20	_x64toa@20	Global	ANALYSIS	false	false	false
10016230	Function	__ui64toa	__ui64toa	Global	ANALYSIS	true	false	false
10016250	Function	_strncat	_strncat	Global	ANALYSIS	true	false	false
10016380	Function	_strncpy	_strncpy	Global	ANALYSIS	true	false	false
10016480	Function	FUN_10016480	FUN_10016480	Global	DEFAULT	true	false	false
10016490	Function	FUN_10016490	FUN_10016490	Global	DEFAULT	true	false	false
10016570	Function	FUN_10016570	FUN_10016570	Global	DEFAULT	true	false	false
100165c0	Function	FUN_100165c0	FUN_100165c0	Global	DEFAULT	true	false	false
10016610	Function	FUN_10016610	FUN_10016610	Global	DEFAULT	true	false	false
100166d0	Function	FUN_100166d0	FUN_100166d0	Global	DEFAULT	true	false	false
100166e0	Function	FUN_100166e0	FUN_100166e0	Global	DEFAULT	true	false	false
10016820	Function	FUN_10016820	FUN_10016820	Global	DEFAULT	true	false	false
10016990	Function	FUN_10016990	FUN_10016990	Global	DEFAULT	true	false	false
10016a80	Function	FUN_10016a80	FUN_10016a80	Global	DEFAULT	true	false	false
10016d20	Function	FUN_10016d20	FUN_10016d20	Global	DEFAULT	true	false	false
10016e40	Function	FUN_10016e40	FUN_10016e40	Global	DEFAULT	true	false	false
10016f00	Function	FUN_10016f00	FUN_10016f00	Global	DEFAULT	true	false	false
10017000	Function	ArrayUnwindFilter	ArrayUnwindFilter	Global	ANALYSIS	true	false	false
10017000	Label	?ArrayUnwindFilter@@YAHPAU_EXCEPTION_POINTERS@@@Z	?ArrayUnwindFilter@@YAHPAU_EXCEPTION_POINTERS@@@Z	Global	ANALYSIS	false	false	false
10017030	Function	CatchIt	CatchIt	Global	ANALYSIS	true	false	false
10017030	Label	?CatchIt@@YAXPAUEHExceptionRecord@@PAUEHRegistrationNode@@PAU_CONTEXT@@PAXPBU_s_FuncInfo@@PBU_s_HandlerType@@PBU_s_CatchableType@@PBU_s_TryBlockMapEntry@@H1E@Z	?CatchIt@@YAXPAUEHExceptionRecord@@PAUEHRegistrationNode@@PAU_CONTEXT@@PAXPBU_s_FuncInfo@@PBU_s_HandlerType@@PBU_s_CatchableType@@PBU_s_TryBlockMapEntry@@H1E@Z	Global	ANALYSIS	false	false	false
100170f0	Function	FUN_100170f0	FUN_100170f0	Global	DEFAULT	true	false	false
100171cd	Function	FUN_100171cd	FUN_100171cd	Global	DEFAULT	true	false	false
1001722b	Function	FUN_1001722b	FUN_1001722b	Global	DEFAULT	true	false	false
10017240	Function	FUN_10017240	FUN_10017240	Global	DEFAULT	true	false	false
10017290	Function	FUN_10017290	FUN_10017290	Global	DEFAULT	true	false	false
10017510	Function	___DestructExceptionObject	___DestructExceptionObject	Global	ANALYSIS	true	false	false
100175a0	Function	FID_conflict:___AdjustPointer	FID_conflict:___AdjustPointer	Global	ANALYSIS	true	false	false
100175a0	Label	?AdjustPointer@@YAPAXPAXABUPMD@@@Z	?AdjustPointer@@YAPAXPAXABUPMD@@@Z	Global	ANALYSIS	false	false	false
100175a0	Label	___AdjustPointer	___AdjustPointer	Global	ANALYSIS	false	false	false
100175f0	Function	__CallSettingFrame@12	__CallSettingFrame@12	Global	ANALYSIS	true	false	false
10017640	Function	FUN_10017640	FUN_10017640	Global	DEFAULT	true	false	false
100176d0	Function	FUN_100176d0	FUN_100176d0	Global	DEFAULT	true	false	false
10017700	Function	FUN_10017700	FUN_10017700	Global	DEFAULT	true	false	false
10017720	Function	FUN_10017720	FUN_10017720	Global	DEFAULT	true	false	false
100177c0	Function	FUN_100177c0	FUN_100177c0	Global	DEFAULT	true	false	false
100178d0	Function	FUN_100178d0	FUN_100178d0	Global	DEFAULT	true	false	false
100178e0	Function	FUN_100178e0	FUN_100178e0	Global	DEFAULT	true	false	false
100178f0	Function	FUN_100178f0	FUN_100178f0	Global	DEFAULT	true	false	false
1001795e	Function	_abort	_abort	Global	DEFAULT	true	false	false
10017980	Function	FUN_10017980	FUN_10017980	Global	DEFAULT	true	false	false
100179a0	Function	FUN_100179a0	FUN_100179a0	Global	DEFAULT	true	false	false
10017a0a	Function	FUN_10017a0a	FUN_10017a0a	Global	DEFAULT	true	false	false
10017a10	Function	FUN_10017a10	FUN_10017a10	Global	DEFAULT	true	false	false
10017a30	Function	__trandisp1	__trandisp1	Global	ANALYSIS	true	false	false
10017a97	Function	__trandisp2	__trandisp2	Global	ANALYSIS	true	false	false
10017b36	Function	FUN_10017b36	FUN_10017b36	Global	DEFAULT	true	false	false
10017bf3	Function	FUN_10017bf3	FUN_10017bf3	Global	DEFAULT	true	false	false
10017c15	Function	FUN_10017c15	FUN_10017c15	Global	DEFAULT	true	false	false
10017c2c	Function	FUN_10017c2c	FUN_10017c2c	Global	DEFAULT	true	false	false
10017c45	Function	__fload_withFB	__fload_withFB	Global	ANALYSIS	true	false	false
10017c88	Function	FUN_10017c88	FUN_10017c88	Global	DEFAULT	true	false	false
10017cab	Function	__math_exit	__math_exit	Global	ANALYSIS	true	false	false
10017d90	Function	FUN_10017d90	FUN_10017d90	Global	DEFAULT	true	false	false
10017da7	Function	__startOneArgErrorHandling	__startOneArgErrorHandling	Global	ANALYSIS	true	false	false
10017df0	Function	_set_new_handler	_set_new_handler	Global	ANALYSIS	true	false	false
10017df0	Label	?_set_new_handler@@YAP6AHI@ZP6AHI@Z@Z	?_set_new_handler@@YAP6AHI@ZP6AHI@Z@Z	Global	ANALYSIS	false	false	false
10017e20	Function	FUN_10017e20	FUN_10017e20	Global	DEFAULT	true	false	false
10017e30	Function	__callnewh	__callnewh	Global	ANALYSIS	true	false	false
10017e60	Function	FUN_10017e60	FUN_10017e60	Global	DEFAULT	true	false	false
10017ea0	Function	FUN_10017ea0	FUN_10017ea0	Global	DEFAULT	true	false	false
10017f40	Function	FUN_10017f40	FUN_10017f40	Global	DEFAULT	true	false	false
10017fe0	Function	FUN_10017fe0	FUN_10017fe0	Global	DEFAULT	true	false	false
10018000	Function	FUN_10018000	FUN_10018000	Global	DEFAULT	true	false	false
100180e1	Function	FUN_100180e1	FUN_100180e1	Global	DEFAULT	true	false	false
10018100	Function	__malloc_base	__malloc_base	Global	ANALYSIS	true	false	false
10018120	Function	__nh_malloc_base	__nh_malloc_base	Global	ANALYSIS	true	false	false
10018180	Function	__heap_alloc_base	__heap_alloc_base	Global	ANALYSIS	true	false	false
100181e5	Function	FUN_100181e5	FUN_100181e5	Global	DEFAULT	true	false	false
100181f0	Function	FUN_100181f0	FUN_100181f0	Global	DEFAULT	true	false	false
10018267	Function	FUN_10018267	FUN_10018267	Global	DEFAULT	true	false	false
10018272	Function	FUN_10018272	FUN_10018272	Global	DEFAULT	true	false	false
10018291	Function	FUN_10018291	FUN_10018291	Global	DEFAULT	true	false	false
100182d0	Function	FUN_100182d0	FUN_100182d0	Global	DEFAULT	true	false	false
100182e0	Function	FUN_100182e0	FUN_100182e0	Global	DEFAULT	true	false	false
100182f0	Function	FUN_100182f0	FUN_100182f0	Global	DEFAULT	true	false	false
10018350	Function	__CrtSetReportFile	__CrtSetReportFile	Global	ANALYSIS	true	false	false
100183d0	Function	FUN_100183d0	FUN_100183d0	Global	DEFAULT	true	false	false
100183f0	Function	FUN_100183f0	FUN_100183f0	Global	DEFAULT	true	false	false
10018780	Function	FUN_10018780	FUN_10018780	Global	DEFAULT	true	false	false
10018a90	Function	FUN_10018a90	FUN_10018a90	Global	DEFAULT	true	false	false
10018b31	Function	FUN_10018b31	FUN_10018b31	Global	DEFAULT	true	false	false
10018b3c	Function	FUN_10018b3c	FUN_10018b3c	Global	DEFAULT	true	false	false
10018c2a	Function	FUN_10018c2a	FUN_10018c2a	Global	DEFAULT	true	false	false
10018c35	Function	FUN_10018c35	FUN_10018c35	Global	DEFAULT	true	false	false
10018ca0	Function	FUN_10018ca0	FUN_10018ca0	Global	DEFAULT	true	false	false
10018e68	Function	FUN_10018e68	FUN_10018e68	Global	DEFAULT	true	false	false
10018e73	Function	FUN_10018e73	FUN_10018e73	Global	DEFAULT	true	false	false
1001907f	Function	FUN_1001907f	FUN_1001907f	Global	DEFAULT	true	false	false
1001908a	Function	FUN_1001908a	FUN_1001908a	Global	DEFAULT	true	false	false
10019122	Function	FUN_10019122	FUN_10019122	Global	DEFAULT	true	false	false
10019140	Function	FUN_10019140	FUN_10019140	Global	DEFAULT	true	false	false
100191bb	Function	FUN_100191bb	FUN_100191bb	Global	DEFAULT	true	false	false
100191c6	Function	FUN_100191c6	FUN_100191c6	Global	DEFAULT	true	false	false
1001923d	Function	FUN_1001923d	FUN_1001923d	Global	DEFAULT	true	false	false
10019248	Function	FUN_10019248	FUN_10019248	Global	DEFAULT	true	false	false
10019290	Function	__heapchk	__heapchk	Global	ANALYSIS	true	false	false
100192f2	Function	FUN_100192f2	FUN_100192f2	Global	DEFAULT	true	false	false
100192fd	Function	thunk_FUN_10019342	thunk_FUN_10019342	Global	DEFAULT	true	false	false
10019337	Function	FUN_10019337	FUN_10019337	Global	DEFAULT	true	false	false
10019342	Function	FUN_10019342	FUN_10019342	Global	DEFAULT	true	false	false
100193a0	Function	__heapset	__heapset	Global	ANALYSIS	true	false	false
100193b0	Function	FUN_100193b0	FUN_100193b0	Global	DEFAULT	true	false	false
100193e0	Function	FUN_100193e0	FUN_100193e0	Global	DEFAULT	true	false	false
100194f0	Function	___sbh_heap_init	___sbh_heap_init	Global	ANALYSIS	true	false	false
10019560	Function	FUN_10019560	FUN_10019560	Global	DEFAULT	true	false	false
100195c0	Function	FUN_100195c0	FUN_100195c0	Global	DEFAULT	true	false	false
10019620	Function	FUN_10019620	FUN_10019620	Global	DEFAULT	true	false	false
10019c00	Function	FUN_10019c00	FUN_10019c00	Global	DEFAULT	true	false	false
1001a140	Function	FUN_1001a140	FUN_1001a140	Global	DEFAULT	true	false	false
1001a250	Function	FUN_1001a250	FUN_1001a250	Global	DEFAULT	true	false	false
1001a440	Function	FUN_1001a440	FUN_1001a440	Global	DEFAULT	true	false	false
1001aa30	Function	FUN_1001aa30	FUN_1001aa30	Global	DEFAULT	true	false	false
1001ab60	Function	FUN_1001ab60	FUN_1001ab60	Global	DEFAULT	true	false	false
1001b180	Function	FUN_1001b180	FUN_1001b180	Global	DEFAULT	true	false	false
1001b190	Function	FUN_1001b190	FUN_1001b190	Global	DEFAULT	true	false	false
1001b1c0	Function	FUN_1001b1c0	FUN_1001b1c0	Global	DEFAULT	true	false	false
1001b3a0	Function	FUN_1001b3a0	FUN_1001b3a0	Global	DEFAULT	true	false	false
1001b420	Function	FUN_1001b420	FUN_1001b420	Global	DEFAULT	true	false	false
1001b580	Function	FUN_1001b580	FUN_1001b580	Global	DEFAULT	true	false	false
1001b610	Function	FUN_1001b610	FUN_1001b610	Global	DEFAULT	true	false	false
1001b680	Function	FUN_1001b680	FUN_1001b680	Global	DEFAULT	true	false	false
1001ba40	Function	FUN_1001ba40	FUN_1001ba40	Global	DEFAULT	true	false	false
1001bcf0	Function	FUN_1001bcf0	FUN_1001bcf0	Global	DEFAULT	true	false	false
1001be60	Function	FUN_1001be60	FUN_1001be60	Global	DEFAULT	true	false	false
1001c0a0	Function	FUN_1001c0a0	FUN_1001c0a0	Global	DEFAULT	true	false	false
1001c100	Function	FUN_1001c100	FUN_1001c100	Global	DEFAULT	true	false	false
1001c330	Function	FUN_1001c330	FUN_1001c330	Global	DEFAULT	true	false	false
1001c3c0	Function	FUN_1001c3c0	FUN_1001c3c0	Global	DEFAULT	true	false	false
1001c4b0	Function	FUN_1001c4b0	FUN_1001c4b0	Global	DEFAULT	true	false	false
1001c570	Function	FUN_1001c570	FUN_1001c570	Global	DEFAULT	true	false	false
1001c7f0	Function	FUN_1001c7f0	FUN_1001c7f0	Global	DEFAULT	true	false	false
1001c814	Label	default	switchD_1001c8a9::default	switchD_1001c8a9	ANALYSIS	true	false	false
1001c8a9	Label	switchD	switchD_1001c8a9::switchD	switchD_1001c8a9	ANALYSIS	true	false	false
1001c8b0	Label	caseD_0	switchD_1001c8a9::caseD_0	switchD_1001c8a9	ANALYSIS	true	false	false
1001c94a	Label	caseD_1	switchD_1001c8a9::caseD_1	switchD_1001c8a9	ANALYSIS	true	false	false
1001c98c	Label	caseD_2	switchD_1001c8a9::caseD_2	switchD_1001c8a9	ANALYSIS	true	false	false
1001c9bc	Label	switchD	switchD_1001c9bc::switchD	switchD_1001c9bc	ANALYSIS	true	false	false
1001c9c3	Label	caseD_2d	switchD_1001c9bc::caseD_2d	switchD_1001c9bc	ANALYSIS	true	false	false
1001c9ce	Label	caseD_2b	switchD_1001c9bc::caseD_2b	switchD_1001c9bc	ANALYSIS	true	false	false
1001c9d8	Label	caseD_20	switchD_1001c9bc::caseD_20	switchD_1001c9bc	ANALYSIS	true	false	false
1001c9e3	Label	caseD_23	switchD_1001c9bc::caseD_23	switchD_1001c9bc	ANALYSIS	true	false	false
1001c9ee	Label	caseD_30	switchD_1001c9bc::caseD_30	switchD_1001c9bc	ANALYSIS	true	false	false
1001c9f6	Label	caseD_21	switchD_1001c9bc::caseD_21	switchD_1001c9bc	ANALYSIS	true	false	false
1001c9f6	Label	caseD_22	switchD_1001c9bc::caseD_22	switchD_1001c9bc	ANALYSIS	false	false	false
1001c9f6	Label	caseD_24	switchD_1001c9bc::caseD_24	switchD_1001c9bc	ANALYSIS	false	false	false
1001c9f6	Label	caseD_25	switchD_1001c9bc::caseD_25	switchD_1001c9bc	ANALYSIS	false	false	false
1001c9f6	Label	caseD_26	switchD_1001c9bc::caseD_26	switchD_1001c9bc	ANALYSIS	false	false	false
1001c9f6	Label	caseD_27	switchD_1001c9bc::caseD_27	switchD_1001c9bc	ANALYSIS	false	false	false
1001c9f6	Label	caseD_28	switchD_1001c9bc::caseD_28	switchD_1001c9bc	ANALYSIS	false	false	false
1001c9f6	Label	caseD_29	switchD_1001c9bc::caseD_29	switchD_1001c9bc	ANALYSIS	false	false	false
1001c9f6	Label	caseD_2a	switchD_1001c9bc::caseD_2a	switchD_1001c9bc	ANALYSIS	false	false	false
1001c9f6	Label	caseD_2c	switchD_1001c9bc::caseD_2c	switchD_1001c9bc	ANALYSIS	false	false	false
1001c9f6	Label	caseD_2e	switchD_1001c9bc::caseD_2e	switchD_1001c9bc	ANALYSIS	false	false	false
1001c9f6	Label	caseD_2f	switchD_1001c9bc::caseD_2f	switchD_1001c9bc	ANALYSIS	false	false	false
1001c9fb	Label	caseD_3	switchD_1001c8a9::caseD_3	switchD_1001c8a9	ANALYSIS	true	false	false
1001ca53	Label	caseD_4	switchD_1001c8a9::caseD_4	switchD_1001c8a9	ANALYSIS	true	false	false
1001ca62	Label	caseD_5	switchD_1001c8a9::caseD_5	switchD_1001c8a9	ANALYSIS	true	false	false
1001caae	Label	caseD_6	switchD_1001c8a9::caseD_6	switchD_1001c8a9	ANALYSIS	true	false	false
1001cade	Label	switchD	switchD_1001cade::switchD	switchD_1001cade	ANALYSIS	true	false	false
1001cae5	Label	caseD_6c	switchD_1001cade::caseD_6c	switchD_1001cade	ANALYSIS	true	false	false
1001caf0	Label	caseD_49	switchD_1001cade::caseD_49	switchD_1001cade	ANALYSIS	true	false	false
1001cb29	Label	caseD_68	switchD_1001cade::caseD_68	switchD_1001cade	ANALYSIS	true	false	false
1001cb33	Label	caseD_77	switchD_1001cade::caseD_77	switchD_1001cade	ANALYSIS	true	false	false
1001cb3c	Label	caseD_4a	switchD_1001cade::caseD_4a	switchD_1001cade	ANALYSIS	true	false	false
1001cb3c	Label	caseD_4b	switchD_1001cade::caseD_4b	switchD_1001cade	ANALYSIS	false	false	false
1001cb3c	Label	caseD_4c	switchD_1001cade::caseD_4c	switchD_1001cade	ANALYSIS	false	false	false
1001cb3c	Label	caseD_4d	switchD_1001cade::caseD_4d	switchD_1001cade	ANALYSIS	false	false	false
1001cb3c	Label	caseD_4e	switchD_1001cade::caseD_4e	switchD_1001cade	ANALYSIS	false	false	false
1001cb3c	Label	caseD_4f	switchD_1001cade::caseD_4f	switchD_1001cade	ANALYSIS	false	false	false
1001cb3c	Label	caseD_50	switchD_1001cade::caseD_50	switchD_1001cade	ANALYSIS	false	false	false
1001cb3c	Label	caseD_51	switchD_1001cade::caseD_51	switchD_1001cade	ANALYSIS	false	false	false
1001cb3c	Label	caseD_52	switchD_1001cade::caseD_52	switchD_1001cade	ANALYSIS	false	false	false
1001cb3c	Label	caseD_53	switchD_1001cade::caseD_53	switchD_1001cade	ANALYSIS	false	false	false
1001cb3c	Label	caseD_54	switchD_1001cade::caseD_54	switchD_1001cade	ANALYSIS	false	false	false
1001cb3c	Label	caseD_55	switchD_1001cade::caseD_55	switchD_1001cade	ANALYSIS	false	false	false
1001cb3c	Label	caseD_56	switchD_1001cade::caseD_56	switchD_1001cade	ANALYSIS	false	false	false
1001cb3c	Label	caseD_57	switchD_1001cade::caseD_57	switchD_1001cade	ANALYSIS	false	false	false
1001cb3c	Label	caseD_58	switchD_1001cade::caseD_58	switchD_1001cade	ANALYSIS	false	false	false
1001cb3c	Label	caseD_59	switchD_1001cade::caseD_59	switchD_1001cade	ANALYSIS	false	false	false
1001cb3c	Label	caseD_5a	switchD_1001cade::caseD_5a	switchD_1001cade	ANALYSIS	false	false	false
1001cb3c	Label	caseD_5b	switchD_1001cade::caseD_5b	switchD_1001cade	ANALYSIS	false	false	false
1001cb3c	Label	caseD_5c	switchD_1001cade::caseD_5c	switchD_1001cade	ANALYSIS	false	false	false
1001cb3c	Label	caseD_5d	switchD_1001cade::caseD_5d	switchD_1001cade	ANALYSIS	false	false	false
1001cb3c	Label	caseD_5e	switchD_1001cade::caseD_5e	switchD_1001cade	ANALYSIS	false	false	false
1001cb3c	Label	caseD_5f	switchD_1001cade::caseD_5f	switchD_1001cade	ANALYSIS	false	false	false
1001cb3c	Label	caseD_60	switchD_1001cade::caseD_60	switchD_1001cade	ANALYSIS	false	false	false
1001cb3c	Label	caseD_61	switchD_1001cade::caseD_61	switchD_1001cade	ANALYSIS	false	false	false
1001cb3c	Label	caseD_62	switchD_1001cade::caseD_62	switchD_1001cade	ANALYSIS	false	false	false
1001cb3c	Label	caseD_63	switchD_1001cade::caseD_63	switchD_1001cade	ANALYSIS	false	false	false
1001cb3c	Label	caseD_64	switchD_1001cade::caseD_64	switchD_1001cade	ANALYSIS	false	false	false
1001cb3c	Label	caseD_65	switchD_1001cade::caseD_65	switchD_1001cade	ANALYSIS	false	false	false
1001cb3c	Label	caseD_66	switchD_1001cade::caseD_66	switchD_1001cade	ANALYSIS	false	false	false
1001cb3c	Label	caseD_67	switchD_1001cade::caseD_67	switchD_1001cade	ANALYSIS	false	false	false
1001cb3c	Label	caseD_69	switchD_1001cade::caseD_69	switchD_1001cade	ANALYSIS	false	false	false
1001cb3c	Label	caseD_6a	switchD_1001cade::caseD_6a	switchD_1001cade	ANALYSIS	false	false	false
1001cb3c	Label	caseD_6b	switchD_1001cade::caseD_6b	switchD_1001cade	ANALYSIS	false	false	false
1001cb3c	Label	caseD_6d	switchD_1001cade::caseD_6d	switchD_1001cade	ANALYSIS	false	false	false
1001cb3c	Label	caseD_6e	switchD_1001cade::caseD_6e	switchD_1001cade	ANALYSIS	false	false	false
1001cb3c	Label	caseD_6f	switchD_1001cade::caseD_6f	switchD_1001cade	ANALYSIS	false	false	false
1001cb3c	Label	caseD_70	switchD_1001cade::caseD_70	switchD_1001cade	ANALYSIS	false	false	false
1001cb3c	Label	caseD_71	switchD_1001cade::caseD_71	switchD_1001cade	ANALYSIS	false	false	false
1001cb3c	Label	caseD_72	switchD_1001cade::caseD_72	switchD_1001cade	ANALYSIS	false	false	false
1001cb3c	Label	caseD_73	switchD_1001cade::caseD_73	switchD_1001cade	ANALYSIS	false	false	false
1001cb3c	Label	caseD_74	switchD_1001cade::caseD_74	switchD_1001cade	ANALYSIS	false	false	false
1001cb3c	Label	caseD_75	switchD_1001cade::caseD_75	switchD_1001cade	ANALYSIS	false	false	false
1001cb3c	Label	caseD_76	switchD_1001cade::caseD_76	switchD_1001cade	ANALYSIS	false	false	false
1001cb41	Label	caseD_7	switchD_1001c8a9::caseD_7	switchD_1001c8a9	ANALYSIS	true	false	false
1001cb75	Label	switchD	switchD_1001cb75::switchD	switchD_1001cb75	ANALYSIS	true	false	false
1001cb7c	Label	caseD_43	switchD_1001cb75::caseD_43	switchD_1001cb75	ANALYSIS	true	false	false
1001cb91	Label	caseD_63	switchD_1001cb75::caseD_63	switchD_1001cb75	ANALYSIS	true	false	false
1001cc0b	Label	caseD_5a	switchD_1001cb75::caseD_5a	switchD_1001cb75	ANALYSIS	true	false	false
1001cca0	Label	caseD_53	switchD_1001cb75::caseD_53	switchD_1001cb75	ANALYSIS	true	false	false
1001ccb6	Label	caseD_73	switchD_1001cb75::caseD_73	switchD_1001cb75	ANALYSIS	true	false	false
1001cdc5	Label	caseD_6e	switchD_1001cb75::caseD_6e	switchD_1001cb75	ANALYSIS	true	false	false
1001ce10	Label	caseD_45	switchD_1001cb75::caseD_45	switchD_1001cb75	ANALYSIS	true	false	false
1001ce10	Label	caseD_47	switchD_1001cb75::caseD_47	switchD_1001cb75	ANALYSIS	false	false	false
1001ce20	Label	caseD_65	switchD_1001cb75::caseD_65	switchD_1001cb75	ANALYSIS	true	false	false
1001ce20	Label	caseD_66	switchD_1001cb75::caseD_66	switchD_1001cb75	ANALYSIS	false	false	false
1001ce20	Label	caseD_67	switchD_1001cb75::caseD_67	switchD_1001cb75	ANALYSIS	false	false	false
1001cf1b	Label	caseD_64	switchD_1001cb75::caseD_64	switchD_1001cb75	ANALYSIS	true	false	false
1001cf1b	Label	caseD_69	switchD_1001cb75::caseD_69	switchD_1001cb75	ANALYSIS	false	false	false
1001cf33	Label	caseD_75	switchD_1001cb75::caseD_75	switchD_1001cb75	ANALYSIS	true	false	false
1001cf3f	Label	caseD_70	switchD_1001cb75::caseD_70	switchD_1001cb75	ANALYSIS	true	false	false
1001cf49	Label	caseD_58	switchD_1001cb75::caseD_58	switchD_1001cb75	ANALYSIS	true	false	false
1001cf55	Label	caseD_78	switchD_1001cb75::caseD_78	switchD_1001cb75	ANALYSIS	true	false	false
1001cf95	Label	caseD_6f	switchD_1001cb75::caseD_6f	switchD_1001cb75	ANALYSIS	true	false	false
1001d227	Label	caseD_44	switchD_1001cb75::caseD_44	switchD_1001cb75	ANALYSIS	true	false	false
1001d227	Label	caseD_46	switchD_1001cb75::caseD_46	switchD_1001cb75	ANALYSIS	false	false	false
1001d227	Label	caseD_48	switchD_1001cb75::caseD_48	switchD_1001cb75	ANALYSIS	false	false	false
1001d227	Label	caseD_49	switchD_1001cb75::caseD_49	switchD_1001cb75	ANALYSIS	false	false	false
1001d227	Label	caseD_4a	switchD_1001cb75::caseD_4a	switchD_1001cb75	ANALYSIS	false	false	false
1001d227	Label	caseD_4b	switchD_1001cb75::caseD_4b	switchD_1001cb75	ANALYSIS	false	false	false
1001d227	Label	caseD_4c	switchD_1001cb75::caseD_4c	switchD_1001cb75	ANALYSIS	false	false	false
1001d227	Label	caseD_4d	switchD_1001cb75::caseD_4d	switchD_1001cb75	ANALYSIS	false	false	false
1001d227	Label	caseD_4e	switchD_1001cb75::caseD_4e	switchD_1001cb75	ANALYSIS	false	false	false
1001d227	Label	caseD_4f	switchD_1001cb75::caseD_4f	switchD_1001cb75	ANALYSIS	false	false	false
1001d227	Label	caseD_50	switchD_1001cb75::caseD_50	switchD_1001cb75	ANALYSIS	false	false	false
1001d227	Label	caseD_51	switchD_1001cb75::caseD_51	switchD_1001cb75	ANALYSIS	false	false	false
1001d227	Label	caseD_52	switchD_1001cb75::caseD_52	switchD_1001cb75	ANALYSIS	false	false	false
1001d227	Label	caseD_54	switchD_1001cb75::caseD_54	switchD_1001cb75	ANALYSIS	false	false	false
1001d227	Label	caseD_55	switchD_1001cb75::caseD_55	switchD_1001cb75	ANALYSIS	false	false	false
1001d227	Label	caseD_56	switchD_1001cb75::caseD_56	switchD_1001cb75	ANALYSIS	false	false	false
1001d227	Label	caseD_57	switchD_1001cb75::caseD_57	switchD_1001cb75	ANALYSIS	false	false	false
1001d227	Label	caseD_59	switchD_1001cb75::caseD_59	switchD_1001cb75	ANALYSIS	false	false	false
1001d227	Label	caseD_5b	switchD_1001cb75::caseD_5b	switchD_1001cb75	ANALYSIS	false	false	false
1001d227	Label	caseD_5c	switchD_1001cb75::caseD_5c	switchD_1001cb75	ANALYSIS	false	false	false
1001d227	Label	caseD_5d	switchD_1001cb75::caseD_5d	switchD_1001cb75	ANALYSIS	false	false	false
1001d227	Label	caseD_5e	switchD_1001cb75::caseD_5e	switchD_1001cb75	ANALYSIS	false	false	false
1001d227	Label	caseD_5f	switchD_1001cb75::caseD_5f	switchD_1001cb75	ANALYSIS	false	false	false
1001d227	Label	caseD_60	switchD_1001cb75::caseD_60	switchD_1001cb75	ANALYSIS	false	false	false
1001d227	Label	caseD_61	switchD_1001cb75::caseD_61	switchD_1001cb75	ANALYSIS	false	false	false
1001d227	Label	caseD_62	switchD_1001cb75::caseD_62	switchD_1001cb75	ANALYSIS	false	false	false
1001d227	Label	caseD_68	switchD_1001cb75::caseD_68	switchD_1001cb75	ANALYSIS	false	false	false
1001d227	Label	caseD_6a	switchD_1001cb75::caseD_6a	switchD_1001cb75	ANALYSIS	false	false	false
1001d227	Label	caseD_6b	switchD_1001cb75::caseD_6b	switchD_1001cb75	ANALYSIS	false	false	false
1001d227	Label	caseD_6c	switchD_1001cb75::caseD_6c	switchD_1001cb75	ANALYSIS	false	false	false
1001d227	Label	caseD_6d	switchD_1001cb75::caseD_6d	switchD_1001cb75	ANALYSIS	false	false	false
1001d227	Label	caseD_71	switchD_1001cb75::caseD_71	switchD_1001cb75	ANALYSIS	false	false	false
1001d227	Label	caseD_72	switchD_1001cb75::caseD_72	switchD_1001cb75	ANALYSIS	false	false	false
1001d227	Label	caseD_74	switchD_1001cb75::caseD_74	switchD_1001cb75	ANALYSIS	false	false	false
1001d227	Label	caseD_76	switchD_1001cb75::caseD_76	switchD_1001cb75	ANALYSIS	false	false	false
1001d227	Label	caseD_77	switchD_1001cb75::caseD_77	switchD_1001cb75	ANALYSIS	false	false	false
1001d414	Label	switchdataD_1001d414	switchD_1001c8a9::switchdataD_1001d414	switchD_1001c8a9	ANALYSIS	true	false	false
1001d434	Label	switchdataD_1001d434	switchD_1001c9bc::switchdataD_1001d434	switchD_1001c9bc	ANALYSIS	true	false	false
1001d44c	Label	switchdataD_1001d44c	switchD_1001c9bc::switchdataD_1001d44c	switchD_1001c9bc	ANALYSIS	true	false	false
1001d45d	Label	switchdataD_1001d45d	switchD_1001cade::switchdataD_1001d45d	switchD_1001cade	ANALYSIS	true	false	false
1001d471	Label	switchdataD_1001d471	switchD_1001cade::switchdataD_1001d471	switchD_1001cade	ANALYSIS	true	false	false
1001d4a0	Label	switchdataD_1001d4a0	switchD_1001cb75::switchdataD_1001d4a0	switchD_1001cb75	ANALYSIS	true	false	false
1001d4dc	Label	switchdataD_1001d4dc	switchD_1001cb75::switchdataD_1001d4dc	switchD_1001cb75	ANALYSIS	true	false	false
1001d520	Function	FUN_1001d520	FUN_1001d520	Global	DEFAULT	true	false	false
1001d5a0	Function	FUN_1001d5a0	FUN_1001d5a0	Global	DEFAULT	true	false	false
1001d5e0	Function	FUN_1001d5e0	FUN_1001d5e0	Global	DEFAULT	true	false	false
1001d630	Function	FUN_1001d630	FUN_1001d630	Global	DEFAULT	true	false	false
1001d650	Function	FUN_1001d650	FUN_1001d650	Global	DEFAULT	true	false	false
1001d670	Function	FUN_1001d670	FUN_1001d670	Global	DEFAULT	true	false	false
1001d690	Function	FUN_1001d690	FUN_1001d690	Global	DEFAULT	true	false	false
1001d9c0	Function	__ioterm	__ioterm	Global	ANALYSIS	true	false	false
1001da60	Function	FUN_1001da60	FUN_1001da60	Global	DEFAULT	true	false	false
1001dbb0	Function	FUN_1001dbb0	FUN_1001dbb0	Global	DEFAULT	true	false	false
1001dc90	Function	FUN_1001dc90	FUN_1001dc90	Global	DEFAULT	true	false	false
1001e0c0	Function	FUN_1001e0c0	FUN_1001e0c0	Global	DEFAULT	true	false	false
1001e2e0	Function	FUN_1001e2e0	FUN_1001e2e0	Global	DEFAULT	true	false	false
1001e2f0	Function	__FF_MSGBANNER	__FF_MSGBANNER	Global	ANALYSIS	true	false	false
1001e340	Function	FUN_1001e340	FUN_1001e340	Global	DEFAULT	true	false	false
1001e500	Function	__GET_RTERRMSG	__GET_RTERRMSG	Global	ANALYSIS	true	false	false
1001e550	Function	FUN_1001e550	FUN_1001e550	Global	DEFAULT	true	false	false
1001e6b0	Function	FUN_1001e6b0	FUN_1001e6b0	Global	DEFAULT	true	false	false
1001e7bc	Function	FUN_1001e7bc	FUN_1001e7bc	Global	DEFAULT	true	false	false
1001e800	Function	__cintrindisp2	__cintrindisp2	Global	ANALYSIS	true	false	false
1001e83e	Function	__cintrindisp1	__cintrindisp1	Global	ANALYSIS	true	false	false
1001e87b	Function	__ctrandisp2	__ctrandisp2	Global	ANALYSIS	true	false	false
1001e8c3	Function	FUN_1001e8c3	FUN_1001e8c3	Global	DEFAULT	true	false	false
1001e8ca	Function	FUN_1001e8ca	FUN_1001e8ca	Global	DEFAULT	true	false	false
1001e9fb	Function	__ctrandisp1	__ctrandisp1	Global	ANALYSIS	true	false	false
1001ea2e	Function	__fload	__fload	Global	ANALYSIS	true	false	false
1001ea70	Function	FUN_1001ea70	FUN_1001ea70	Global	DEFAULT	true	false	false
1001eb50	Function	FUN_1001eb50	FUN_1001eb50	Global	DEFAULT	true	false	false
1001eb70	Function	FUN_1001eb70	FUN_1001eb70	Global	DEFAULT	true	false	false
1001eb90	Function	FUN_1001eb90	FUN_1001eb90	Global	DEFAULT	true	false	false
1001ebe0	Function	__controlfp	__controlfp	Global	ANALYSIS	true	false	false
1001ec00	Function	FUN_1001ec00	FUN_1001ec00	Global	DEFAULT	true	false	false
1001ec60	Function	FUN_1001ec60	FUN_1001ec60	Global	DEFAULT	true	false	false
1001ede0	Function	FUN_1001ede0	FUN_1001ede0	Global	DEFAULT	true	false	false
1001ef40	Function	FUN_1001ef40	FUN_1001ef40	Global	DEFAULT	true	false	false
1001eff0	Function	FUN_1001eff0	FUN_1001eff0	Global	DEFAULT	true	false	false
1001f000	Function	FUN_1001f000	FUN_1001f000	Global	DEFAULT	true	false	false
1001f0a0	Function	FUN_1001f0a0	FUN_1001f0a0	Global	DEFAULT	true	false	false
1001f1d0	Function	FUN_1001f1d0	FUN_1001f1d0	Global	DEFAULT	true	false	false
1001f260	Function	__IncMan	__IncMan	Global	ANALYSIS	true	false	false
1001f310	Function	FUN_1001f310	FUN_1001f310	Global	DEFAULT	true	false	false
1001f3f0	Function	__CopyMan	__CopyMan	Global	ANALYSIS	true	false	false
1001f440	Function	__FillZeroMan	__FillZeroMan	Global	ANALYSIS	true	false	false
1001f470	Function	__IsZeroMan	__IsZeroMan	Global	ANALYSIS	true	false	false
1001f4b0	Function	__ShrMan	__ShrMan	Global	ANALYSIS	true	false	false
1001f5a0	Function	FUN_1001f5a0	FUN_1001f5a0	Global	DEFAULT	true	false	false
1001f7f0	Function	FUN_1001f7f0	FUN_1001f7f0	Global	DEFAULT	true	false	false
1001f810	Function	FUN_1001f810	FUN_1001f810	Global	DEFAULT	true	false	false
1001f830	Function	FUN_1001f830	FUN_1001f830	Global	DEFAULT	true	false	false
1001f8f0	Function	FUN_1001f8f0	FUN_1001f8f0	Global	DEFAULT	true	false	false
1001f930	Function	FUN_1001f930	FUN_1001f930	Global	DEFAULT	true	false	false
1001f970	Function	FUN_1001f970	FUN_1001f970	Global	DEFAULT	true	false	false
1001f9b0	Function	FUN_1001f9b0	FUN_1001f9b0	Global	DEFAULT	true	false	false
1001fab0	Function	FUN_1001fab0	FUN_1001fab0	Global	DEFAULT	true	false	false
1001fb30	Function	FUN_1001fb30	FUN_1001fb30	Global	DEFAULT	true	false	false
1001fca0	Function	FUN_1001fca0	FUN_1001fca0	Global	DEFAULT	true	false	false
1001fcd5	Label	switchD	switchD_1001fcd5::switchD	switchD_1001fcd5	ANALYSIS	true	false	false
1001fce8	Label	default	switchD_1001fcf4::default	switchD_1001fcf4	ANALYSIS	true	false	false
1001fced	Label	switchD	switchD_1001fced::switchD	switchD_1001fced	ANALYSIS	true	false	false
1001fcf4	Label	switchD	switchD_1001fcf4::switchD	switchD_1001fcf4	ANALYSIS	true	false	false
1001fcfc	Label	switchD	switchD_1001fcfc::switchD	switchD_1001fcfc	ANALYSIS	true	false	false
1001fd04	Label	switchdataD_1001fd04	switchD_1001fced::switchdataD_1001fd04	switchD_1001fced	ANALYSIS	true	false	false
1001fd10	Label	caseD_1	switchD_1001fced::caseD_1	switchD_1001fced	ANALYSIS	true	false	false
1001fd32	Label	switchD	switchD_1001fd32::switchD	switchD_1001fd32	ANALYSIS	true	false	false
1001fd3c	Label	caseD_2	switchD_1001fced::caseD_2	switchD_1001fced	ANALYSIS	true	false	false
1001fd58	Label	switchD	switchD_1001fd58::switchD	switchD_1001fd58	ANALYSIS	true	false	false
1001fd60	Label	caseD_3	switchD_1001fced::caseD_3	switchD_1001fced	ANALYSIS	true	false	false
1001fd72	Label	switchD	switchD_1001fd72::switchD	switchD_1001fd72	ANALYSIS	true	false	false
1001fd7c	Label	switchdataD_1001fd7c	switchD_1001fcfc::switchdataD_1001fd7c	switchD_1001fcfc	ANALYSIS	true	false	false
1001fd9c	Label	caseD_7	switchD_1001fcfc::caseD_7	switchD_1001fcfc	ANALYSIS	true	false	false
1001fda4	Label	caseD_6	switchD_1001fcfc::caseD_6	switchD_1001fcfc	ANALYSIS	true	false	false
1001fdac	Label	caseD_5	switchD_1001fcfc::caseD_5	switchD_1001fcfc	ANALYSIS	true	false	false
1001fdb4	Label	caseD_4	switchD_1001fcfc::caseD_4	switchD_1001fcfc	ANALYSIS	true	false	false
1001fdbc	Label	caseD_3	switchD_1001fcfc::caseD_3	switchD_1001fcfc	ANALYSIS	true	false	false
1001fdc4	Label	caseD_2	switchD_1001fcfc::caseD_2	switchD_1001fcfc	ANALYSIS	true	false	false
1001fdcc	Label	caseD_1	switchD_1001fcfc::caseD_1	switchD_1001fcfc	ANALYSIS	true	false	false
1001fddf	Label	caseD_0	switchD_1001fcfc::caseD_0	switchD_1001fcfc	ANALYSIS	true	false	false
1001fddf	Label	switchD	switchD_1001fddf::switchD	switchD_1001fddf	ANALYSIS	false	false	false
1001fde8	Label	switchdataD_1001fde8	switchD_1001fcd5::switchdataD_1001fde8	switchD_1001fcd5	ANALYSIS	true	false	false
1001fdf8	Label	caseD_0	switchD_1001fcd5::caseD_0	switchD_1001fcd5	ANALYSIS	true	false	false
1001fdf8	Label	caseD_0	switchD_1001fcf4::caseD_0	switchD_1001fcf4	ANALYSIS	false	false	false
1001fdf8	Label	caseD_0	switchD_1001fddf::caseD_0	switchD_1001fddf	ANALYSIS	false	false	false
1001fdf8	Label	caseD_0	switchD_1001fd72::caseD_0	switchD_1001fd72	ANALYSIS	false	false	false
1001fdf8	Label	caseD_0	switchD_1001fd58::caseD_0	switchD_1001fd58	ANALYSIS	false	false	false
1001fdf8	Label	caseD_0	switchD_1001fd32::caseD_0	switchD_1001fd32	ANALYSIS	false	false	false
1001fe00	Label	caseD_1	switchD_1001fcd5::caseD_1	switchD_1001fcd5	ANALYSIS	true	false	false
1001fe00	Label	caseD_1	switchD_1001fcf4::caseD_1	switchD_1001fcf4	ANALYSIS	false	false	false
1001fe00	Label	caseD_1	switchD_1001fddf::caseD_1	switchD_1001fddf	ANALYSIS	false	false	false
1001fe00	Label	caseD_1	switchD_1001fd72::caseD_1	switchD_1001fd72	ANALYSIS	false	false	false
1001fe00	Label	caseD_1	switchD_1001fd58::caseD_1	switchD_1001fd58	ANALYSIS	false	false	false
1001fe00	Label	caseD_1	switchD_1001fd32::caseD_1	switchD_1001fd32	ANALYSIS	false	false	false
1001fe0c	Label	caseD_2	switchD_1001fcd5::caseD_2	switchD_1001fcd5	ANALYSIS	true	false	false
1001fe0c	Label	caseD_2	switchD_1001fcf4::caseD_2	switchD_1001fcf4	ANALYSIS	false	false	false
1001fe0c	Label	caseD_2	switchD_1001fddf::caseD_2	switchD_1001fddf	ANALYSIS	false	false	false
1001fe0c	Label	caseD_2	switchD_1001fd72::caseD_2	switchD_1001fd72	ANALYSIS	false	false	false
1001fe0c	Label	caseD_2	switchD_1001fd58::caseD_2	switchD_1001fd58	ANALYSIS	false	false	false
1001fe0c	Label	caseD_2	switchD_1001fd32::caseD_2	switchD_1001fd32	ANALYSIS	false	false	false
1001fe20	Label	caseD_3	switchD_1001fcd5::caseD_3	switchD_1001fcd5	ANALYSIS	true	false	false
1001fe20	Label	caseD_3	switchD_1001fcf4::caseD_3	switchD_1001fcf4	ANALYSIS	false	false	false
1001fe20	Label	caseD_3	switchD_1001fddf::caseD_3	switchD_1001fddf	ANALYSIS	false	false	false
1001fe20	Label	caseD_3	switchD_1001fd72::caseD_3	switchD_1001fd72	ANALYSIS	false	false	false
1001fe20	Label	caseD_3	switchD_1001fd58::caseD_3	switchD_1001fd58	ANALYSIS	false	false	false
1001fe20	Label	caseD_3	switchD_1001fd32::caseD_3	switchD_1001fd32	ANALYSIS	false	false	false
1001fe57	Label	switchD	switchD_1001fe57::switchD	switchD_1001fe57	ANALYSIS	true	false	false
1001fe62	Label	switchD	switchD_1001fe62::switchD	switchD_1001fe62	ANALYSIS	true	false	false
1001fe78	Label	default	switchD_1001fe84::default	switchD_1001fe84	ANALYSIS	true	false	false
1001fe7d	Label	switchD	switchD_1001fe7d::switchD	switchD_1001fe7d	ANALYSIS	true	false	false
1001fe84	Label	switchD	switchD_1001fe84::switchD	switchD_1001fe84	ANALYSIS	true	false	false
1001fe8c	Label	switchdataD_1001fe8c	switchD_1001fe7d::switchdataD_1001fe8c	switchD_1001fe7d	ANALYSIS	true	false	false
1001fe98	Label	caseD_1	switchD_1001fe7d::caseD_1	switchD_1001fe7d	ANALYSIS	true	false	false
1001feae	Label	switchD	switchD_1001feae::switchD	switchD_1001feae	ANALYSIS	true	false	false
1001feb8	Label	caseD_2	switchD_1001fe7d::caseD_2	switchD_1001fe7d	ANALYSIS	true	false	false
1001fed8	Label	switchD	switchD_1001fed8::switchD	switchD_1001fed8	ANALYSIS	true	false	false
1001fee0	Label	caseD_3	switchD_1001fe7d::caseD_3	switchD_1001fe7d	ANALYSIS	true	false	false
1001ff0a	Label	switchD	switchD_1001ff0a::switchD	switchD_1001ff0a	ANALYSIS	true	false	false
1001ff14	Label	switchdataD_1001ff14	switchD_1001fe62::switchdataD_1001ff14	switchD_1001fe62	ANALYSIS	true	false	false
1001ff34	Label	caseD_7	switchD_1001fe62::caseD_7	switchD_1001fe62	ANALYSIS	true	false	false
1001ff3c	Label	caseD_6	switchD_1001fe62::caseD_6	switchD_1001fe62	ANALYSIS	true	false	false
1001ff44	Label	caseD_5	switchD_1001fe62::caseD_5	switchD_1001fe62	ANALYSIS	true	false	false
1001ff4c	Label	caseD_4	switchD_1001fe62::caseD_4	switchD_1001fe62	ANALYSIS	true	false	false
1001ff54	Label	caseD_3	switchD_1001fe62::caseD_3	switchD_1001fe62	ANALYSIS	true	false	false
1001ff5c	Label	caseD_2	switchD_1001fe62::caseD_2	switchD_1001fe62	ANALYSIS	true	false	false
1001ff64	Label	caseD_1	switchD_1001fe62::caseD_1	switchD_1001fe62	ANALYSIS	true	false	false
1001ff77	Label	caseD_0	switchD_1001fe62::caseD_0	switchD_1001fe62	ANALYSIS	true	false	false
1001ff77	Label	switchD	switchD_1001ff77::switchD	switchD_1001ff77	ANALYSIS	false	false	false
1001ff80	Label	switchdataD_1001ff80	switchD_1001fe57::switchdataD_1001ff80	switchD_1001fe57	ANALYSIS	true	false	false
1001ff90	Label	caseD_0	switchD_1001fe57::caseD_0	switchD_1001fe57	ANALYSIS	true	false	false
1001ff90	Label	caseD_0	switchD_1001fe84::caseD_0	switchD_1001fe84	ANALYSIS	false	false	false
1001ff90	Label	caseD_0	switchD_1001ff77::caseD_0	switchD_1001ff77	ANALYSIS	false	false	false
1001ff90	Label	caseD_0	switchD_1001ff0a::caseD_0	switchD_1001ff0a	ANALYSIS	false	false	false
1001ff90	Label	caseD_0	switchD_1001fed8::caseD_0	switchD_1001fed8	ANALYSIS	false	false	false
1001ff90	Label	caseD_0	switchD_1001feae::caseD_0	switchD_1001feae	ANALYSIS	false	false	false
1001ff98	Label	caseD_1	switchD_1001fe57::caseD_1	switchD_1001fe57	ANALYSIS	true	false	false
1001ff98	Label	caseD_1	switchD_1001fe84::caseD_1	switchD_1001fe84	ANALYSIS	false	false	false
1001ff98	Label	caseD_1	switchD_1001ff77::caseD_1	switchD_1001ff77	ANALYSIS	false	false	false
1001ff98	Label	caseD_1	switchD_1001ff0a::caseD_1	switchD_1001ff0a	ANALYSIS	false	false	false
1001ff98	Label	caseD_1	switchD_1001fed8::caseD_1	switchD_1001fed8	ANALYSIS	false	false	false
1001ff98	Label	caseD_1	switchD_1001feae::caseD_1	switchD_1001feae	ANALYSIS	false	false	false
1001ffa8	Label	caseD_2	switchD_1001fe57::caseD_2	switchD_1001fe57	ANALYSIS	true	false	false
1001ffa8	Label	caseD_2	switchD_1001fe84::caseD_2	switchD_1001fe84	ANALYSIS	false	false	false
1001ffa8	Label	caseD_2	switchD_1001ff77::caseD_2	switchD_1001ff77	ANALYSIS	false	false	false
1001ffa8	Label	caseD_2	switchD_1001ff0a::caseD_2	switchD_1001ff0a	ANALYSIS	false	false	false
1001ffa8	Label	caseD_2	switchD_1001fed8::caseD_2	switchD_1001fed8	ANALYSIS	false	false	false
1001ffa8	Label	caseD_2	switchD_1001feae::caseD_2	switchD_1001feae	ANALYSIS	false	false	false
1001ffbc	Label	caseD_3	switchD_1001fe57::caseD_3	switchD_1001fe57	ANALYSIS	true	false	false
1001ffbc	Label	caseD_3	switchD_1001fe84::caseD_3	switchD_1001fe84	ANALYSIS	false	false	false
1001ffbc	Label	caseD_3	switchD_1001ff77::caseD_3	switchD_1001ff77	ANALYSIS	false	false	false
1001ffbc	Label	caseD_3	switchD_1001ff0a::caseD_3	switchD_1001ff0a	ANALYSIS	false	false	false
1001ffbc	Label	caseD_3	switchD_1001fed8::caseD_3	switchD_1001fed8	ANALYSIS	false	false	false
1001ffbc	Label	caseD_3	switchD_1001feae::caseD_3	switchD_1001feae	ANALYSIS	false	false	false
1001ffe0	Function	__fptrap	__fptrap	Global	ANALYSIS	true	false	false
1001fff0	Function	__dosmaperr	__dosmaperr	Global	ANALYSIS	true	false	false
10020090	Function	FUN_10020090	FUN_10020090	Global	DEFAULT	true	false	false
100200a0	Function	FUN_100200a0	FUN_100200a0	Global	DEFAULT	true	false	false
100200b0	Function	__XcptFilter	__XcptFilter	Global	ANALYSIS	true	false	false
10020270	Function	FUN_10020270	FUN_10020270	Global	DEFAULT	true	false	false
100202d0	Function	__aulldiv	__aulldiv	Global	ANALYSIS	true	false	false
10020340	Function	__aullrem	__aullrem	Global	ANALYSIS	true	false	false
100203c0	Function	FUN_100203c0	FUN_100203c0	Global	DEFAULT	true	false	false
100204a0	Function	FUN_100204a0	FUN_100204a0	Global	DEFAULT	true	false	false
10020530	Function	FUN_10020530	FUN_10020530	Global	DEFAULT	true	false	false
100207b0	Function	FUN_100207b0	FUN_100207b0	Global	DEFAULT	true	false	false
10020850	Function	FUN_10020850	FUN_10020850	Global	DEFAULT	true	false	false
100208b0	Function	FUN_100208b0	FUN_100208b0	Global	DEFAULT	true	false	false
100208d0	Function	FUN_100208d0	FUN_100208d0	Global	DEFAULT	true	false	false
100208f0	Function	FUN_100208f0	FUN_100208f0	Global	DEFAULT	true	false	false
10020920	Function	FUN_10020920	FUN_10020920	Global	DEFAULT	true	false	false
10020950	Function	_ValidateExecute	_ValidateExecute	Global	ANALYSIS	true	false	false
10020950	Label	?_ValidateExecute@@YAHP6GHXZ@Z	?_ValidateExecute@@YAHP6GHXZ@Z	Global	ANALYSIS	false	false	false
10020980	Function	_strcmp	_strcmp	Global	ANALYSIS	true	false	false
10020a10	Function	FUN_10020a10	FUN_10020a10	Global	DEFAULT	true	false	false
10020a41	Label	switchD	switchD_10020a41::switchD	switchD_10020a41	ANALYSIS	true	false	false
10020a48	Label	caseD_1	switchD_10020a41::caseD_1	switchD_10020a41	ANALYSIS	true	false	false
10020a48	Label	caseD_5	switchD_10020a41::caseD_5	switchD_10020a41	ANALYSIS	false	false	false
10020a51	Label	caseD_3	switchD_10020a41::caseD_3	switchD_10020a41	ANALYSIS	true	false	false
10020a5a	Label	caseD_4	switchD_10020a41::caseD_4	switchD_10020a41	ANALYSIS	true	false	false
10020a63	Label	caseD_2	switchD_10020a41::caseD_2	switchD_10020a41	ANALYSIS	true	false	false
10020a6c	Label	caseD_8	switchD_10020a41::caseD_8	switchD_10020a41	ANALYSIS	true	false	false
10020a75	Label	caseD_7	switchD_10020a41::caseD_7	switchD_10020a41	ANALYSIS	true	false	false
10020a7e	Label	caseD_6	switchD_10020a41::caseD_6	switchD_10020a41	ANALYSIS	true	false	false
10020b6c	Label	switchdataD_10020b6c	switchD_10020a41::switchdataD_10020b6c	switchD_10020a41	ANALYSIS	true	false	false
10020b90	Function	FUN_10020b90	FUN_10020b90	Global	DEFAULT	true	false	false
10020c90	Function	FUN_10020c90	FUN_10020c90	Global	DEFAULT	true	false	false
10020cb0	Function	FUN_10020cb0	FUN_10020cb0	Global	DEFAULT	true	false	false
10020ff0	Function	FUN_10020ff0	FUN_10020ff0	Global	DEFAULT	true	false	false
10021020	Function	_strchr	_strchr	Global	ANALYSIS	true	false	false
100210e0	Function	_strstr	_strstr	Global	ANALYSIS	true	false	false
10021160	Function	_strncmp	_strncmp	Global	ANALYSIS	true	false	false
100211a0	Function	FUN_100211a0	FUN_100211a0	Global	DEFAULT	true	false	false
10021360	Function	FUN_10021360	FUN_10021360	Global	DEFAULT	true	false	false
100213f0	Function	FUN_100213f0	FUN_100213f0	Global	DEFAULT	true	false	false
100214b0	Function	FUN_100214b0	FUN_100214b0	Global	DEFAULT	true	false	false
10021580	Function	__isatty	__isatty	Global	ANALYSIS	true	false	false
100215c0	Function	FUN_100215c0	FUN_100215c0	Global	DEFAULT	true	false	false
10021640	Function	FUN_10021640	FUN_10021640	Global	DEFAULT	true	false	false
100216e0	Function	FUN_100216e0	FUN_100216e0	Global	DEFAULT	true	false	false
10021a30	Function	getSystemCP	getSystemCP	Global	ANALYSIS	true	false	false
10021a30	Label	_getSystemCP	_getSystemCP	Global	ANALYSIS	false	false	false
10021a90	Function	FUN_10021a90	FUN_10021a90	Global	DEFAULT	true	false	false
10021ab7	Label	switchD	switchD_10021ab7::switchD	switchD_10021ab7	ANALYSIS	true	false	false
10021abe	Label	caseD_3a4	switchD_10021ab7::caseD_3a4	switchD_10021ab7	ANALYSIS	true	false	false
10021ac5	Label	caseD_3a8	switchD_10021ab7::caseD_3a8	switchD_10021ab7	ANALYSIS	true	false	false
10021acc	Label	caseD_3b5	switchD_10021ab7::caseD_3b5	switchD_10021ab7	ANALYSIS	true	false	false
10021ad3	Label	caseD_3b6	switchD_10021ab7::caseD_3b6	switchD_10021ab7	ANALYSIS	true	false	false
10021ada	Label	caseD_3a5	switchD_10021ab7::caseD_3a5	switchD_10021ab7	ANALYSIS	true	false	false
10021ada	Label	caseD_3a6	switchD_10021ab7::caseD_3a6	switchD_10021ab7	ANALYSIS	false	false	false
10021ada	Label	caseD_3a7	switchD_10021ab7::caseD_3a7	switchD_10021ab7	ANALYSIS	false	false	false
10021ada	Label	caseD_3a9	switchD_10021ab7::caseD_3a9	switchD_10021ab7	ANALYSIS	false	false	false
10021ada	Label	caseD_3aa	switchD_10021ab7::caseD_3aa	switchD_10021ab7	ANALYSIS	false	false	false
10021ada	Label	caseD_3ab	switchD_10021ab7::caseD_3ab	switchD_10021ab7	ANALYSIS	false	false	false
10021ada	Label	caseD_3ac	switchD_10021ab7::caseD_3ac	switchD_10021ab7	ANALYSIS	false	false	false
10021ada	Label	caseD_3ad	switchD_10021ab7::caseD_3ad	switchD_10021ab7	ANALYSIS	false	false	false
10021ada	Label	caseD_3ae	switchD_10021ab7::caseD_3ae	switchD_10021ab7	ANALYSIS	false	false	false
10021ada	Label	caseD_3af	switchD_10021ab7::caseD_3af	switchD_10021ab7	ANALYSIS	false	false	false
10021ada	Label	caseD_3b0	switchD_10021ab7::caseD_3b0	switchD_10021ab7	ANALYSIS	false	false	false
10021ada	Label	caseD_3b1	switchD_10021ab7::caseD_3b1	switchD_10021ab7	ANALYSIS	false	false	false
10021ada	Label	caseD_3b2	switchD_10021ab7::caseD_3b2	switchD_10021ab7	ANALYSIS	false	false	false
10021ada	Label	caseD_3b3	switchD_10021ab7::caseD_3b3	switchD_10021ab7	ANALYSIS	false	false	false
10021ada	Label	caseD_3b4	switchD_10021ab7::caseD_3b4	switchD_10021ab7	ANALYSIS	false	false	false
10021ae0	Label	switchdataD_10021ae0	switchD_10021ab7::switchdataD_10021ae0	switchD_10021ab7	ANALYSIS	true	false	false
10021af4	Label	switchdataD_10021af4	switchD_10021ab7::switchdataD_10021af4	switchD_10021ab7	ANALYSIS	true	false	false
10021b10	Function	setSBCS	setSBCS	Global	ANALYSIS	true	false	false
10021b10	Label	_setSBCS	_setSBCS	Global	ANALYSIS	false	false	false
10021b90	Function	FUN_10021b90	FUN_10021b90	Global	DEFAULT	true	false	false
10021ea0	Function	FUN_10021ea0	FUN_10021ea0	Global	DEFAULT	true	false	false
10021ec0	Function	FUN_10021ec0	FUN_10021ec0	Global	DEFAULT	true	false	false
10021ef0	Function	FUN_10021ef0	FUN_10021ef0	Global	DEFAULT	true	false	false
10021f80	Function	FUN_10021f80	FUN_10021f80	Global	DEFAULT	true	false	false
10022040	Function	FUN_10022040	FUN_10022040	Global	DEFAULT	true	false	false
10022430	Function	FUN_10022430	FUN_10022430	Global	DEFAULT	true	false	false
100225d0	Function	FUN_100225d0	FUN_100225d0	Global	DEFAULT	true	false	false
100226d0	Function	FUN_100226d0	FUN_100226d0	Global	DEFAULT	true	false	false
10022860	Function	FUN_10022860	FUN_10022860	Global	DEFAULT	true	false	false
10022870	Function	__strcats	__strcats	Global	ANALYSIS	true	false	false
100228c0	Function	FUN_100228c0	FUN_100228c0	Global	DEFAULT	true	false	false
10022a20	Function	___lc_lctostr	___lc_lctostr	Global	ANALYSIS	true	false	false
10022a90	Function	FUN_10022a90	FUN_10022a90	Global	DEFAULT	true	false	false
10022da0	Function	FUN_10022da0	FUN_10022da0	Global	DEFAULT	true	false	false
10022df0	Function	___addl	___addl	Global	ANALYSIS	true	false	false
10022e30	Function	___add_12	___add_12	Global	ANALYSIS	true	false	false
10022ee0	Function	___shl_12	___shl_12	Global	ANALYSIS	true	false	false
10022f40	Function	___shr_12	___shr_12	Global	ANALYSIS	true	false	false
10022fb0	Function	FUN_10022fb0	FUN_10022fb0	Global	DEFAULT	true	false	false
100230f0	Function	FUN_100230f0	FUN_100230f0	Global	DEFAULT	true	false	false
100231c5	Label	switchD	switchD_100231c5::switchD	switchD_100231c5	ANALYSIS	true	false	false
100231cc	Label	caseD_0	switchD_100231c5::caseD_0	switchD_100231c5	ANALYSIS	true	false	false
1002326a	Label	caseD_1	switchD_100231c5::caseD_1	switchD_100231c5	ANALYSIS	true	false	false
100232e0	Label	switchD	switchD_100232e0::switchD	switchD_100232e0	ANALYSIS	true	false	false
100232e7	Label	caseD_30	switchD_100232e0::caseD_30	switchD_100232e0	ANALYSIS	true	false	false
100232f0	Label	caseD_44	switchD_100232e0::caseD_44	switchD_100232e0	ANALYSIS	true	false	false
100232f0	Label	caseD_45	switchD_100232e0::caseD_45	switchD_100232e0	ANALYSIS	false	false	false
100232f0	Label	caseD_64	switchD_100232e0::caseD_64	switchD_100232e0	ANALYSIS	false	false	false
100232f0	Label	caseD_65	switchD_100232e0::caseD_65	switchD_100232e0	ANALYSIS	false	false	false
100232f9	Label	caseD_2b	switchD_100232e0::caseD_2b	switchD_100232e0	ANALYSIS	true	false	false
100232f9	Label	caseD_2d	switchD_100232e0::caseD_2d	switchD_100232e0	ANALYSIS	false	false	false
1002330b	Label	caseD_2c	switchD_100232e0::caseD_2c	switchD_100232e0	ANALYSIS	true	false	false
1002330b	Label	caseD_2e	switchD_100232e0::caseD_2e	switchD_100232e0	ANALYSIS	false	false	false
1002330b	Label	caseD_2f	switchD_100232e0::caseD_2f	switchD_100232e0	ANALYSIS	false	false	false
1002330b	Label	caseD_31	switchD_100232e0::caseD_31	switchD_100232e0	ANALYSIS	false	false	false
1002330b	Label	caseD_32	switchD_100232e0::caseD_32	switchD_100232e0	ANALYSIS	false	false	false
1002330b	Label	caseD_33	switchD_100232e0::caseD_33	switchD_100232e0	ANALYSIS	false	false	false
1002330b	Label	caseD_34	switchD_100232e0::caseD_34	switchD_100232e0	ANALYSIS	false	false	false
1002330b	Label	caseD_35	switchD_100232e0::caseD_35	switchD_100232e0	ANALYSIS	false	false	false
1002330b	Label	caseD_36	switchD_100232e0::caseD_36	switchD_100232e0	ANALYSIS	false	false	false
1002330b	Label	caseD_37	switchD_100232e0::caseD_37	switchD_100232e0	ANALYSIS	false	false	false
1002330b	Label	caseD_38	switchD_100232e0::caseD_38	switchD_100232e0	ANALYSIS	false	false	false
1002330b	Label	caseD_39	switchD_100232e0::caseD_39	switchD_100232e0	ANALYSIS	false	false	false
1002330b	Label	caseD_3a	switchD_100232e0::caseD_3a	switchD_100232e0	ANALYSIS	false	false	false
1002330b	Label	caseD_3b	switchD_100232e0::caseD_3b	switchD_100232e0	ANALYSIS	false	false	false
1002330b	Label	caseD_3c	switchD_100232e0::caseD_3c	switchD_100232e0	ANALYSIS	false	false	false
1002330b	Label	caseD_3d	switchD_100232e0::caseD_3d	switchD_100232e0	ANALYSIS	false	false	false
1002330b	Label	caseD_3e	switchD_100232e0::caseD_3e	switchD_100232e0	ANALYSIS	false	false	false
1002330b	Label	caseD_3f	switchD_100232e0::caseD_3f	switchD_100232e0	ANALYSIS	false	false	false
1002330b	Label	caseD_40	switchD_100232e0::caseD_40	switchD_100232e0	ANALYSIS	false	false	false
1002330b	Label	caseD_41	switchD_100232e0::caseD_41	switchD_100232e0	ANALYSIS	false	false	false
1002330b	Label	caseD_42	switchD_100232e0::caseD_42	switchD_100232e0	ANALYSIS	false	false	false
1002330b	Label	caseD_43	switchD_100232e0::caseD_43	switchD_100232e0	ANALYSIS	false	false	false
1002330b	Label	caseD_46	switchD_100232e0::caseD_46	switchD_100232e0	ANALYSIS	false	false	false
1002330b	Label	caseD_47	switchD_100232e0::caseD_47	switchD_100232e0	ANALYSIS	false	false	false
1002330b	Label	caseD_48	switchD_100232e0::caseD_48	switchD_100232e0	ANALYSIS	false	false	false
1002330b	Label	caseD_49	switchD_100232e0::caseD_49	switchD_100232e0	ANALYSIS	false	false	false
1002330b	Label	caseD_4a	switchD_100232e0::caseD_4a	switchD_100232e0	ANALYSIS	false	false	false
1002330b	Label	caseD_4b	switchD_100232e0::caseD_4b	switchD_100232e0	ANALYSIS	false	false	false
1002330b	Label	caseD_4c	switchD_100232e0::caseD_4c	switchD_100232e0	ANALYSIS	false	false	false
1002330b	Label	caseD_4d	switchD_100232e0::caseD_4d	switchD_100232e0	ANALYSIS	false	false	false
1002330b	Label	caseD_4e	switchD_100232e0::caseD_4e	switchD_100232e0	ANALYSIS	false	false	false
1002330b	Label	caseD_4f	switchD_100232e0::caseD_4f	switchD_100232e0	ANALYSIS	false	false	false
1002330b	Label	caseD_50	switchD_100232e0::caseD_50	switchD_100232e0	ANALYSIS	false	false	false
1002330b	Label	caseD_51	switchD_100232e0::caseD_51	switchD_100232e0	ANALYSIS	false	false	false
1002330b	Label	caseD_52	switchD_100232e0::caseD_52	switchD_100232e0	ANALYSIS	false	false	false
1002330b	Label	caseD_53	switchD_100232e0::caseD_53	switchD_100232e0	ANALYSIS	false	false	false
1002330b	Label	caseD_54	switchD_100232e0::caseD_54	switchD_100232e0	ANALYSIS	false	false	false
1002330b	Label	caseD_55	switchD_100232e0::caseD_55	switchD_100232e0	ANALYSIS	false	false	false
1002330b	Label	caseD_56	switchD_100232e0::caseD_56	switchD_100232e0	ANALYSIS	false	false	false
1002330b	Label	caseD_57	switchD_100232e0::caseD_57	switchD_100232e0	ANALYSIS	false	false	false
1002330b	Label	caseD_58	switchD_100232e0::caseD_58	switchD_100232e0	ANALYSIS	false	false	false
1002330b	Label	caseD_59	switchD_100232e0::caseD_59	switchD_100232e0	ANALYSIS	false	false	false
1002330b	Label	caseD_5a	switchD_100232e0::caseD_5a	switchD_100232e0	ANALYSIS	false	false	false
1002330b	Label	caseD_5b	switchD_100232e0::caseD_5b	switchD_100232e0	ANALYSIS	false	false	false
1002330b	Label	caseD_5c	switchD_100232e0::caseD_5c	switchD_100232e0	ANALYSIS	false	false	false
1002330b	Label	caseD_5d	switchD_100232e0::caseD_5d	switchD_100232e0	ANALYSIS	false	false	false
1002330b	Label	caseD_5e	switchD_100232e0::caseD_5e	switchD_100232e0	ANALYSIS	false	false	false
1002330b	Label	caseD_5f	switchD_100232e0::caseD_5f	switchD_100232e0	ANALYSIS	false	false	false
1002330b	Label	caseD_60	switchD_100232e0::caseD_60	switchD_100232e0	ANALYSIS	false	false	false
1002330b	Label	caseD_61	switchD_100232e0::caseD_61	switchD_100232e0	ANALYSIS	false	false	false
1002330b	Label	caseD_62	switchD_100232e0::caseD_62	switchD_100232e0	ANALYSIS	false	false	false
1002330b	Label	caseD_63	switchD_100232e0::caseD_63	switchD_100232e0	ANALYSIS	false	false	false
10023320	Label	caseD_2	switchD_100231c5::caseD_2	switchD_100231c5	ANALYSIS	true	false	false
1002338b	Label	caseD_3	switchD_100231c5::caseD_3	switchD_100231c5	ANALYSIS	true	false	false
1002346c	Label	switchD	switchD_1002346c::switchD	switchD_1002346c	ANALYSIS	true	false	false
10023473	Label	caseD_44	switchD_1002346c::caseD_44	switchD_1002346c	ANALYSIS	true	false	false
10023473	Label	caseD_45	switchD_1002346c::caseD_45	switchD_1002346c	ANALYSIS	false	false	false
10023473	Label	caseD_64	switchD_1002346c::caseD_64	switchD_1002346c	ANALYSIS	false	false	false
10023473	Label	caseD_65	switchD_1002346c::caseD_65	switchD_1002346c	ANALYSIS	false	false	false
1002347c	Label	caseD_2b	switchD_1002346c::caseD_2b	switchD_1002346c	ANALYSIS	true	false	false
1002347c	Label	caseD_2d	switchD_1002346c::caseD_2d	switchD_1002346c	ANALYSIS	false	false	false
1002348e	Label	caseD_2c	switchD_1002346c::caseD_2c	switchD_1002346c	ANALYSIS	true	false	false
1002348e	Label	caseD_2e	switchD_1002346c::caseD_2e	switchD_1002346c	ANALYSIS	false	false	false
1002348e	Label	caseD_2f	switchD_1002346c::caseD_2f	switchD_1002346c	ANALYSIS	false	false	false
1002348e	Label	caseD_30	switchD_1002346c::caseD_30	switchD_1002346c	ANALYSIS	false	false	false
1002348e	Label	caseD_31	switchD_1002346c::caseD_31	switchD_1002346c	ANALYSIS	false	false	false
1002348e	Label	caseD_32	switchD_1002346c::caseD_32	switchD_1002346c	ANALYSIS	false	false	false
1002348e	Label	caseD_33	switchD_1002346c::caseD_33	switchD_1002346c	ANALYSIS	false	false	false
1002348e	Label	caseD_34	switchD_1002346c::caseD_34	switchD_1002346c	ANALYSIS	false	false	false
1002348e	Label	caseD_35	switchD_1002346c::caseD_35	switchD_1002346c	ANALYSIS	false	false	false
1002348e	Label	caseD_36	switchD_1002346c::caseD_36	switchD_1002346c	ANALYSIS	false	false	false
1002348e	Label	caseD_37	switchD_1002346c::caseD_37	switchD_1002346c	ANALYSIS	false	false	false
1002348e	Label	caseD_38	switchD_1002346c::caseD_38	switchD_1002346c	ANALYSIS	false	false	false
1002348e	Label	caseD_39	switchD_1002346c::caseD_39	switchD_1002346c	ANALYSIS	false	false	false
1002348e	Label	caseD_3a	switchD_1002346c::caseD_3a	switchD_1002346c	ANALYSIS	false	false	false
1002348e	Label	caseD_3b	switchD_1002346c::caseD_3b	switchD_1002346c	ANALYSIS	false	false	false
1002348e	Label	caseD_3c	switchD_1002346c::caseD_3c	switchD_1002346c	ANALYSIS	false	false	false
1002348e	Label	caseD_3d	switchD_1002346c::caseD_3d	switchD_1002346c	ANALYSIS	false	false	false
1002348e	Label	caseD_3e	switchD_1002346c::caseD_3e	switchD_1002346c	ANALYSIS	false	false	false
1002348e	Label	caseD_3f	switchD_1002346c::caseD_3f	switchD_1002346c	ANALYSIS	false	false	false
1002348e	Label	caseD_40	switchD_1002346c::caseD_40	switchD_1002346c	ANALYSIS	false	false	false
1002348e	Label	caseD_41	switchD_1002346c::caseD_41	switchD_1002346c	ANALYSIS	false	false	false
1002348e	Label	caseD_42	switchD_1002346c::caseD_42	switchD_1002346c	ANALYSIS	false	false	false
1002348e	Label	caseD_43	switchD_1002346c::caseD_43	switchD_1002346c	ANALYSIS	false	false	false
1002348e	Label	caseD_46	switchD_1002346c::caseD_46	switchD_1002346c	ANALYSIS	false	false	false
1002348e	Label	caseD_47	switchD_1002346c::caseD_47	switchD_1002346c	ANALYSIS	false	false	false
1002348e	Label	caseD_48	switchD_1002346c::caseD_48	switchD_1002346c	ANALYSIS	false	false	false
1002348e	Label	caseD_49	switchD_1002346c::caseD_49	switchD_1002346c	ANALYSIS	false	false	false
1002348e	Label	caseD_4a	switchD_1002346c::caseD_4a	switchD_1002346c	ANALYSIS	false	false	false
1002348e	Label	caseD_4b	switchD_1002346c::caseD_4b	switchD_1002346c	ANALYSIS	false	false	false
1002348e	Label	caseD_4c	switchD_1002346c::caseD_4c	switchD_1002346c	ANALYSIS	false	false	false
1002348e	Label	caseD_4d	switchD_1002346c::caseD_4d	switchD_1002346c	ANALYSIS	false	false	false
1002348e	Label	caseD_4e	switchD_1002346c::caseD_4e	switchD_1002346c	ANALYSIS	false	false	false
1002348e	Label	caseD_4f	switchD_1002346c::caseD_4f	switchD_1002346c	ANALYSIS	false	false	false
1002348e	Label	caseD_50	switchD_1002346c::caseD_50	switchD_1002346c	ANALYSIS	false	false	false
1002348e	Label	caseD_51	switchD_1002346c::caseD_51	switchD_1002346c	ANALYSIS	false	false	false
1002348e	Label	caseD_52	switchD_1002346c::caseD_52	switchD_1002346c	ANALYSIS	false	false	false
1002348e	Label	caseD_53	switchD_1002346c::caseD_53	switchD_1002346c	ANALYSIS	false	false	false
1002348e	Label	caseD_54	switchD_1002346c::caseD_54	switchD_1002346c	ANALYSIS	false	false	false
1002348e	Label	caseD_55	switchD_1002346c::caseD_55	switchD_1002346c	ANALYSIS	false	false	false
1002348e	Label	caseD_56	switchD_1002346c::caseD_56	switchD_1002346c	ANALYSIS	false	false	false
1002348e	Label	caseD_57	switchD_1002346c::caseD_57	switchD_1002346c	ANALYSIS	false	false	false
1002348e	Label	caseD_58	switchD_1002346c::caseD_58	switchD_1002346c	ANALYSIS	false	false	false
1002348e	Label	caseD_59	switchD_1002346c::caseD_59	switchD_1002346c	ANALYSIS	false	false	false
1002348e	Label	caseD_5a	switchD_1002346c::caseD_5a	switchD_1002346c	ANALYSIS	false	false	false
1002348e	Label	caseD_5b	switchD_1002346c::caseD_5b	switchD_1002346c	ANALYSIS	false	false	false
1002348e	Label	caseD_5c	switchD_1002346c::caseD_5c	switchD_1002346c	ANALYSIS	false	false	false
1002348e	Label	caseD_5d	switchD_1002346c::caseD_5d	switchD_1002346c	ANALYSIS	false	false	false
1002348e	Label	caseD_5e	switchD_1002346c::caseD_5e	switchD_1002346c	ANALYSIS	false	false	false
1002348e	Label	caseD_5f	switchD_1002346c::caseD_5f	switchD_1002346c	ANALYSIS	false	false	false
1002348e	Label	caseD_60	switchD_1002346c::caseD_60	switchD_1002346c	ANALYSIS	false	false	false
1002348e	Label	caseD_61	switchD_1002346c::caseD_61	switchD_1002346c	ANALYSIS	false	false	false
1002348e	Label	caseD_62	switchD_1002346c::caseD_62	switchD_1002346c	ANALYSIS	false	false	false
1002348e	Label	caseD_63	switchD_1002346c::caseD_63	switchD_1002346c	ANALYSIS	false	false	false
100234a3	Label	caseD_4	switchD_100231c5::caseD_4	switchD_100231c5	ANALYSIS	true	false	false
1002359e	Label	switchD	switchD_1002359e::switchD	switchD_1002359e	ANALYSIS	true	false	false
100235a5	Label	caseD_44	switchD_1002359e::caseD_44	switchD_1002359e	ANALYSIS	true	false	false
100235a5	Label	caseD_45	switchD_1002359e::caseD_45	switchD_1002359e	ANALYSIS	false	false	false
100235a5	Label	caseD_64	switchD_1002359e::caseD_64	switchD_1002359e	ANALYSIS	false	false	false
100235a5	Label	caseD_65	switchD_1002359e::caseD_65	switchD_1002359e	ANALYSIS	false	false	false
100235ae	Label	caseD_2b	switchD_1002359e::caseD_2b	switchD_1002359e	ANALYSIS	true	false	false
100235ae	Label	caseD_2d	switchD_1002359e::caseD_2d	switchD_1002359e	ANALYSIS	false	false	false
100235c0	Label	caseD_2c	switchD_1002359e::caseD_2c	switchD_1002359e	ANALYSIS	true	false	false
100235c0	Label	caseD_2e	switchD_1002359e::caseD_2e	switchD_1002359e	ANALYSIS	false	false	false
100235c0	Label	caseD_2f	switchD_1002359e::caseD_2f	switchD_1002359e	ANALYSIS	false	false	false
100235c0	Label	caseD_30	switchD_1002359e::caseD_30	switchD_1002359e	ANALYSIS	false	false	false
100235c0	Label	caseD_31	switchD_1002359e::caseD_31	switchD_1002359e	ANALYSIS	false	false	false
100235c0	Label	caseD_32	switchD_1002359e::caseD_32	switchD_1002359e	ANALYSIS	false	false	false
100235c0	Label	caseD_33	switchD_1002359e::caseD_33	switchD_1002359e	ANALYSIS	false	false	false
100235c0	Label	caseD_34	switchD_1002359e::caseD_34	switchD_1002359e	ANALYSIS	false	false	false
100235c0	Label	caseD_35	switchD_1002359e::caseD_35	switchD_1002359e	ANALYSIS	false	false	false
100235c0	Label	caseD_36	switchD_1002359e::caseD_36	switchD_1002359e	ANALYSIS	false	false	false
100235c0	Label	caseD_37	switchD_1002359e::caseD_37	switchD_1002359e	ANALYSIS	false	false	false
100235c0	Label	caseD_38	switchD_1002359e::caseD_38	switchD_1002359e	ANALYSIS	false	false	false
100235c0	Label	caseD_39	switchD_1002359e::caseD_39	switchD_1002359e	ANALYSIS	false	false	false
100235c0	Label	caseD_3a	switchD_1002359e::caseD_3a	switchD_1002359e	ANALYSIS	false	false	false
100235c0	Label	caseD_3b	switchD_1002359e::caseD_3b	switchD_1002359e	ANALYSIS	false	false	false
100235c0	Label	caseD_3c	switchD_1002359e::caseD_3c	switchD_1002359e	ANALYSIS	false	false	false
100235c0	Label	caseD_3d	switchD_1002359e::caseD_3d	switchD_1002359e	ANALYSIS	false	false	false
100235c0	Label	caseD_3e	switchD_1002359e::caseD_3e	switchD_1002359e	ANALYSIS	false	false	false
100235c0	Label	caseD_3f	switchD_1002359e::caseD_3f	switchD_1002359e	ANALYSIS	false	false	false
100235c0	Label	caseD_40	switchD_1002359e::caseD_40	switchD_1002359e	ANALYSIS	false	false	false
100235c0	Label	caseD_41	switchD_1002359e::caseD_41	switchD_1002359e	ANALYSIS	false	false	false
100235c0	Label	caseD_42	switchD_1002359e::caseD_42	switchD_1002359e	ANALYSIS	false	false	false
100235c0	Label	caseD_43	switchD_1002359e::caseD_43	switchD_1002359e	ANALYSIS	false	false	false
100235c0	Label	caseD_46	switchD_1002359e::caseD_46	switchD_1002359e	ANALYSIS	false	false	false
100235c0	Label	caseD_47	switchD_1002359e::caseD_47	switchD_1002359e	ANALYSIS	false	false	false
100235c0	Label	caseD_48	switchD_1002359e::caseD_48	switchD_1002359e	ANALYSIS	false	false	false
100235c0	Label	caseD_49	switchD_1002359e::caseD_49	switchD_1002359e	ANALYSIS	false	false	false
100235c0	Label	caseD_4a	switchD_1002359e::caseD_4a	switchD_1002359e	ANALYSIS	false	false	false
100235c0	Label	caseD_4b	switchD_1002359e::caseD_4b	switchD_1002359e	ANALYSIS	false	false	false
100235c0	Label	caseD_4c	switchD_1002359e::caseD_4c	switchD_1002359e	ANALYSIS	false	false	false
100235c0	Label	caseD_4d	switchD_1002359e::caseD_4d	switchD_1002359e	ANALYSIS	false	false	false
100235c0	Label	caseD_4e	switchD_1002359e::caseD_4e	switchD_1002359e	ANALYSIS	false	false	false
100235c0	Label	caseD_4f	switchD_1002359e::caseD_4f	switchD_1002359e	ANALYSIS	false	false	false
100235c0	Label	caseD_50	switchD_1002359e::caseD_50	switchD_1002359e	ANALYSIS	false	false	false
100235c0	Label	caseD_51	switchD_1002359e::caseD_51	switchD_1002359e	ANALYSIS	false	false	false
100235c0	Label	caseD_52	switchD_1002359e::caseD_52	switchD_1002359e	ANALYSIS	false	false	false
100235c0	Label	caseD_53	switchD_1002359e::caseD_53	switchD_1002359e	ANALYSIS	false	false	false
100235c0	Label	caseD_54	switchD_1002359e::caseD_54	switchD_1002359e	ANALYSIS	false	false	false
100235c0	Label	caseD_55	switchD_1002359e::caseD_55	switchD_1002359e	ANALYSIS	false	false	false
100235c0	Label	caseD_56	switchD_1002359e::caseD_56	switchD_1002359e	ANALYSIS	false	false	false
100235c0	Label	caseD_57	switchD_1002359e::caseD_57	switchD_1002359e	ANALYSIS	false	false	false
100235c0	Label	caseD_58	switchD_1002359e::caseD_58	switchD_1002359e	ANALYSIS	false	false	false
100235c0	Label	caseD_59	switchD_1002359e::caseD_59	switchD_1002359e	ANALYSIS	false	false	false
100235c0	Label	caseD_5a	switchD_1002359e::caseD_5a	switchD_1002359e	ANALYSIS	false	false	false
100235c0	Label	caseD_5b	switchD_1002359e::caseD_5b	switchD_1002359e	ANALYSIS	false	false	false
100235c0	Label	caseD_5c	switchD_1002359e::caseD_5c	switchD_1002359e	ANALYSIS	false	false	false
100235c0	Label	caseD_5d	switchD_1002359e::caseD_5d	switchD_1002359e	ANALYSIS	false	false	false
100235c0	Label	caseD_5e	switchD_1002359e::caseD_5e	switchD_1002359e	ANALYSIS	false	false	false
100235c0	Label	caseD_5f	switchD_1002359e::caseD_5f	switchD_1002359e	ANALYSIS	false	false	false
100235c0	Label	caseD_60	switchD_1002359e::caseD_60	switchD_1002359e	ANALYSIS	false	false	false
100235c0	Label	caseD_61	switchD_1002359e::caseD_61	switchD_1002359e	ANALYSIS	false	false	false
100235c0	Label	caseD_62	switchD_1002359e::caseD_62	switchD_1002359e	ANALYSIS	false	false	false
100235c0	Label	caseD_63	switchD_1002359e::caseD_63	switchD_1002359e	ANALYSIS	false	false	false
100235d5	Label	caseD_5	switchD_100231c5::caseD_5	switchD_100231c5	ANALYSIS	true	false	false
1002364b	Label	caseD_6	switchD_100231c5::caseD_6	switchD_100231c5	ANALYSIS	true	false	false
100236d2	Label	caseD_8	switchD_100231c5::caseD_8	switchD_100231c5	ANALYSIS	true	false	false
10023730	Label	caseD_7	switchD_100231c5::caseD_7	switchD_100231c5	ANALYSIS	true	false	false
10023783	Label	caseD_9	switchD_100231c5::caseD_9	switchD_100231c5	ANALYSIS	true	false	false
1002388f	Label	caseD_b	switchD_100231c5::caseD_b	switchD_100231c5	ANALYSIS	true	false	false
100238f3	Label	caseD_a	switchD_100231c5::caseD_a	switchD_100231c5	ANALYSIS	true	false	false
10023b0a	Label	switchdataD_10023b0a	switchD_100231c5::switchdataD_10023b0a	switchD_100231c5	ANALYSIS	true	false	false
10023b3a	Label	switchdataD_10023b3a	switchD_100232e0::switchdataD_10023b3a	switchD_100232e0	ANALYSIS	true	false	false
10023b4a	Label	switchdataD_10023b4a	switchD_100232e0::switchdataD_10023b4a	switchD_100232e0	ANALYSIS	true	false	false
10023b85	Label	switchdataD_10023b85	switchD_1002346c::switchdataD_10023b85	switchD_1002346c	ANALYSIS	true	false	false
10023b91	Label	switchdataD_10023b91	switchD_1002346c::switchdataD_10023b91	switchD_1002346c	ANALYSIS	true	false	false
10023bcc	Label	switchdataD_10023bcc	switchD_1002359e::switchdataD_10023bcc	switchD_1002359e	ANALYSIS	true	false	false
10023bd8	Label	switchdataD_10023bd8	switchD_1002359e::switchdataD_10023bd8	switchD_1002359e	ANALYSIS	true	false	false
10023c20	Function	FUN_10023c20	FUN_10023c20	Global	DEFAULT	true	false	false
10023c70	Function	FUN_10023c70	FUN_10023c70	Global	DEFAULT	true	false	false
10024190	Function	FUN_10024190	FUN_10024190	Global	DEFAULT	true	false	false
10024380	Function	__set_osfhnd	__set_osfhnd	Global	ANALYSIS	true	false	false
10024440	Function	FUN_10024440	FUN_10024440	Global	DEFAULT	true	false	false
10024520	Function	FUN_10024520	FUN_10024520	Global	DEFAULT	true	false	false
10024590	Function	FUN_10024590	FUN_10024590	Global	DEFAULT	true	false	false
100246a0	Function	FUN_100246a0	FUN_100246a0	Global	DEFAULT	true	false	false
10024730	Function	__unlock_fhandle	__unlock_fhandle	Global	ANALYSIS	true	false	false
10024760	Function	FUN_10024760	FUN_10024760	Global	DEFAULT	true	false	false
100247c0	Function	FUN_100247c0	FUN_100247c0	Global	DEFAULT	true	false	false
10024830	Function	FUN_10024830	FUN_10024830	Global	DEFAULT	true	false	false
100248f0	Function	FUN_100248f0	FUN_100248f0	Global	DEFAULT	true	false	false
100249c0	Function	FUN_100249c0	FUN_100249c0	Global	DEFAULT	true	false	false
10024dbf	Label	switchD	switchD_10024dbf::switchD	switchD_10024dbf	ANALYSIS	true	false	false
10024dc6	Label	caseD_3	switchD_10024dbf::caseD_3	switchD_10024dbf	ANALYSIS	true	false	false
10024dd8	Label	caseD_2	switchD_10024dbf::caseD_2	switchD_10024dbf	ANALYSIS	true	false	false
10024dea	Label	caseD_1	switchD_10024dbf::caseD_1	switchD_10024dbf	ANALYSIS	true	false	false
10024dfc	Label	caseD_0	switchD_10024dbf::caseD_0	switchD_10024dbf	ANALYSIS	true	false	false
10024e09	Label	default	switchD_10024dbf::default	switchD_10024dbf	ANALYSIS	true	false	false
10024e71	Label	switchdataD_10024e71	switchD_10024dbf::switchdataD_10024e71	switchD_10024dbf	ANALYSIS	true	false	false
10024e90	Function	FUN_10024e90	FUN_10024e90	Global	DEFAULT	true	false	false
10025210	Function	__umatherr	__umatherr	Global	ANALYSIS	true	false	false
100252b0	Function	FID_conflict:__set_errno_from_matherr	FID_conflict:__set_errno_from_matherr	Global	ANALYSIS	true	false	false
100252b0	Label	__set_errno	__set_errno	Global	ANALYSIS	false	false	false
100252b0	Label	__set_errno_from_matherr	__set_errno_from_matherr	Global	ANALYSIS	false	false	false
100252f0	Function	__get_fname	__get_fname	Global	ANALYSIS	true	false	false
10025330	Function	FUN_10025330	FUN_10025330	Global	DEFAULT	true	false	false
100253b0	Function	__matherr	__matherr	Global	ANALYSIS	true	false	false
100253c0	Function	FUN_100253c0	FUN_100253c0	Global	DEFAULT	true	false	false
100253e0	Function	FUN_100253e0	FUN_100253e0	Global	DEFAULT	true	false	false
10025400	Function	FUN_10025400	FUN_10025400	Global	DEFAULT	true	false	false
10025440	Function	FUN_10025440	FUN_10025440	Global	DEFAULT	true	false	false
100254c0	Function	FUN_100254c0	FUN_100254c0	Global	DEFAULT	true	false	false
100254d0	Function	FUN_100254d0	FUN_100254d0	Global	DEFAULT	true	false	false
10025570	Function	FUN_10025570	FUN_10025570	Global	DEFAULT	true	false	false
100256a0	Function	FUN_100256a0	FUN_100256a0	Global	DEFAULT	true	false	false
10025720	Function	__close_lk	__close_lk	Global	ANALYSIS	true	false	false
100257d0	Function	___init_time	___init_time	Global	ANALYSIS	true	false	false
100258b0	Function	FUN_100258b0	FUN_100258b0	Global	DEFAULT	true	false	false
10025e40	Function	___free_lc_time	___free_lc_time	Global	ANALYSIS	true	false	false
10026150	Function	FUN_10026150	FUN_10026150	Global	DEFAULT	true	false	false
10026400	Function	fix_grouping	fix_grouping	Global	ANALYSIS	true	false	false
10026400	Label	_fix_grouping	_fix_grouping	Global	ANALYSIS	false	false	false
10026480	Function	FUN_10026480	FUN_10026480	Global	DEFAULT	true	false	false
100265b0	Function	FUN_100265b0	FUN_100265b0	Global	DEFAULT	true	false	false
100267c0	Function	fix_grouping	fix_grouping	Global	ANALYSIS	true	false	false
100267c0	Label	_fix_grouping	_fix_grouping	Global	ANALYSIS	false	false	false
10026840	Function	FUN_10026840	FUN_10026840	Global	DEFAULT	true	false	false
100268e0	Function	FUN_100268e0	FUN_100268e0	Global	DEFAULT	true	false	false
10026c80	Function	FUN_10026c80	FUN_10026c80	Global	DEFAULT	true	false	false
10026c90	Function	FUN_10026c90	FUN_10026c90	Global	DEFAULT	true	false	false
10026cd0	Function	FUN_10026cd0	FUN_10026cd0	Global	DEFAULT	true	false	false
10026d10	Function	FUN_10026d10	FUN_10026d10	Global	DEFAULT	true	false	false
10026f10	Function	FUN_10026f10	FUN_10026f10	Global	DEFAULT	true	false	false
10026fa0	Function	FUN_10026fa0	FUN_10026fa0	Global	DEFAULT	true	false	false
10027060	Function	FUN_10027060	FUN_10027060	Global	DEFAULT	true	false	false
10027390	Function	FUN_10027390	FUN_10027390	Global	DEFAULT	true	false	false
10027410	Function	FUN_10027410	FUN_10027410	Global	DEFAULT	true	false	false
10027530	Function	FUN_10027530	FUN_10027530	Global	DEFAULT	true	false	false
10027580	Function	FUN_10027580	FUN_10027580	Global	DEFAULT	true	false	false
10027630	Function	FUN_10027630	FUN_10027630	Global	DEFAULT	true	false	false
10027660	Function	FUN_10027660	FUN_10027660	Global	DEFAULT	true	false	false
10027700	Function	FUN_10027700	FUN_10027700	Global	DEFAULT	true	false	false
10027750	Function	FUN_10027750	FUN_10027750	Global	DEFAULT	true	false	false
100277e0	Function	FUN_100277e0	FUN_100277e0	Global	DEFAULT	true	false	false
10027830	Function	crtGetLocaleInfoA	crtGetLocaleInfoA	Global	ANALYSIS	true	false	false
10027830	Label	_crtGetLocaleInfoA@16	_crtGetLocaleInfoA@16	Global	ANALYSIS	false	false	false
100279c0	Function	FUN_100279c0	FUN_100279c0	Global	DEFAULT	true	false	false
10027a40	Function	_GetPrimaryLen	_GetPrimaryLen	Global	ANALYSIS	true	false	false
10027ab0	Function	FUN_10027ab0	FUN_10027ab0	Global	DEFAULT	true	false	false
10027ef0	Function	FUN_10027ef0	FUN_10027ef0	Global	DEFAULT	true	false	false
10027fc0	Function	FUN_10027fc0	FUN_10027fc0	Global	DEFAULT	true	false	false
10028000	Function	FUN_10028000	FUN_10028000	Global	DEFAULT	true	false	false
10028030	Function	FUN_10028030	FUN_10028030	Global	DEFAULT	true	false	false
10028070	Function	FUN_10028070	FUN_10028070	Global	DEFAULT	true	false	false
100280b0	Function	FUN_100280b0	FUN_100280b0	Global	DEFAULT	true	false	false
10028130	Function	FUN_10028130	FUN_10028130	Global	DEFAULT	true	false	false
10028270	Function	FUN_10028270	FUN_10028270	Global	DEFAULT	true	false	false
100283a0	Function	FUN_100283a0	FUN_100283a0	Global	DEFAULT	true	false	false
100284d0	Function	FUN_100284d0	FUN_100284d0	Global	DEFAULT	true	false	false
10028840	Function	FUN_10028840	FUN_10028840	Global	DEFAULT	true	false	false
10028860	Function	FUN_10028860	FUN_10028860	Global	DEFAULT	true	false	false
100289f0	Function	FUN_100289f0	FUN_100289f0	Global	DEFAULT	true	false	false
10028a1c	Label	switchD	switchD_10028a1c::switchD	switchD_10028a1c	ANALYSIS	true	false	false
10028a23	Label	caseD_61	switchD_10028a1c::caseD_61	switchD_10028a1c	ANALYSIS	true	false	false
10028a45	Label	caseD_41	switchD_10028a1c::caseD_41	switchD_10028a1c	ANALYSIS	true	false	false
10028a68	Label	caseD_62	switchD_10028a1c::caseD_62	switchD_10028a1c	ANALYSIS	true	false	false
10028a8b	Label	caseD_42	switchD_10028a1c::caseD_42	switchD_10028a1c	ANALYSIS	true	false	false
10028aae	Label	caseD_63	switchD_10028a1c::caseD_63	switchD_10028a1c	ANALYSIS	true	false	false
10028bae	Label	caseD_64	switchD_10028a1c::caseD_64	switchD_10028a1c	ANALYSIS	true	false	false
10028bd8	Label	caseD_48	switchD_10028a1c::caseD_48	switchD_10028a1c	ANALYSIS	true	false	false
10028c00	Label	caseD_49	switchD_10028a1c::caseD_49	switchD_10028a1c	ANALYSIS	true	false	false
10028c45	Label	caseD_6a	switchD_10028a1c::caseD_6a	switchD_10028a1c	ANALYSIS	true	false	false
10028c72	Label	caseD_6d	switchD_10028a1c::caseD_6d	switchD_10028a1c	ANALYSIS	true	false	false
10028c9f	Label	caseD_4d	switchD_10028a1c::caseD_4d	switchD_10028a1c	ANALYSIS	true	false	false
10028cc7	Label	caseD_70	switchD_10028a1c::caseD_70	switchD_10028a1c	ANALYSIS	true	false	false
10028d0b	Label	caseD_53	switchD_10028a1c::caseD_53	switchD_10028a1c	ANALYSIS	true	false	false
10028d34	Label	caseD_55	switchD_10028a1c::caseD_55	switchD_10028a1c	ANALYSIS	true	false	false
10028d4b	Label	caseD_77	switchD_10028a1c::caseD_77	switchD_10028a1c	ANALYSIS	true	false	false
10028d75	Label	caseD_57	switchD_10028a1c::caseD_57	switchD_10028a1c	ANALYSIS	true	false	false
10028df9	Label	caseD_78	switchD_10028a1c::caseD_78	switchD_10028a1c	ANALYSIS	true	false	false
10028e57	Label	caseD_58	switchD_10028a1c::caseD_58	switchD_10028a1c	ANALYSIS	true	false	false
10028e88	Label	caseD_79	switchD_10028a1c::caseD_79	switchD_10028a1c	ANALYSIS	true	false	false
10028ebe	Label	caseD_59	switchD_10028a1c::caseD_59	switchD_10028a1c	ANALYSIS	true	false	false
10028f0b	Label	caseD_5a	switchD_10028a1c::caseD_5a	switchD_10028a1c	ANALYSIS	true	false	false
10028f0b	Label	caseD_7a	switchD_10028a1c::caseD_7a	switchD_10028a1c	ANALYSIS	false	false	false
10028f36	Label	caseD_25	switchD_10028a1c::caseD_25	switchD_10028a1c	ANALYSIS	true	false	false
10028f58	Label	caseD_26	switchD_10028a1c::caseD_26	switchD_10028a1c	ANALYSIS	true	false	false
10028f58	Label	caseD_27	switchD_10028a1c::caseD_27	switchD_10028a1c	ANALYSIS	false	false	false
10028f58	Label	caseD_28	switchD_10028a1c::caseD_28	switchD_10028a1c	ANALYSIS	false	false	false
10028f58	Label	caseD_29	switchD_10028a1c::caseD_29	switchD_10028a1c	ANALYSIS	false	false	false
10028f58	Label	caseD_2a	switchD_10028a1c::caseD_2a	switchD_10028a1c	ANALYSIS	false	false	false
10028f58	Label	caseD_2b	switchD_10028a1c::caseD_2b	switchD_10028a1c	ANALYSIS	false	false	false
10028f58	Label	caseD_2c	switchD_10028a1c::caseD_2c	switchD_10028a1c	ANALYSIS	false	false	false
10028f58	Label	caseD_2d	switchD_10028a1c::caseD_2d	switchD_10028a1c	ANALYSIS	false	false	false
10028f58	Label	caseD_2e	switchD_10028a1c::caseD_2e	switchD_10028a1c	ANALYSIS	false	false	false
10028f58	Label	caseD_2f	switchD_10028a1c::caseD_2f	switchD_10028a1c	ANALYSIS	false	false	false
10028f58	Label	caseD_30	switchD_10028a1c::caseD_30	switchD_10028a1c	ANALYSIS	false	false	false
10028f58	Label	caseD_31	switchD_10028a1c::caseD_31	switchD_10028a1c	ANALYSIS	false	false	false
10028f58	Label	caseD_32	switchD_10028a1c::caseD_32	switchD_10028a1c	ANALYSIS	false	false	false
10028f58	Label	caseD_33	switchD_10028a1c::caseD_33	switchD_10028a1c	ANALYSIS	false	false	false
10028f58	Label	caseD_34	switchD_10028a1c::caseD_34	switchD_10028a1c	ANALYSIS	false	false	false
10028f58	Label	caseD_35	switchD_10028a1c::caseD_35	switchD_10028a1c	ANALYSIS	false	false	false
10028f58	Label	caseD_36	switchD_10028a1c::caseD_36	switchD_10028a1c	ANALYSIS	false	false	false
10028f58	Label	caseD_37	switchD_10028a1c::caseD_37	switchD_10028a1c	ANALYSIS	false	false	false
10028f58	Label	caseD_38	switchD_10028a1c::caseD_38	switchD_10028a1c	ANALYSIS	false	false	false
10028f58	Label	caseD_39	switchD_10028a1c::caseD_39	switchD_10028a1c	ANALYSIS	false	false	false
10028f58	Label	caseD_3a	switchD_10028a1c::caseD_3a	switchD_10028a1c	ANALYSIS	false	false	false
10028f58	Label	caseD_3b	switchD_10028a1c::caseD_3b	switchD_10028a1c	ANALYSIS	false	false	false
10028f58	Label	caseD_3c	switchD_10028a1c::caseD_3c	switchD_10028a1c	ANALYSIS	false	false	false
10028f58	Label	caseD_3d	switchD_10028a1c::caseD_3d	switchD_10028a1c	ANALYSIS	false	false	false
10028f58	Label	caseD_3e	switchD_10028a1c::caseD_3e	switchD_10028a1c	ANALYSIS	false	false	false
10028f58	Label	caseD_3f	switchD_10028a1c::caseD_3f	switchD_10028a1c	ANALYSIS	false	false	false
10028f58	Label	caseD_40	switchD_10028a1c::caseD_40	switchD_10028a1c	ANALYSIS	false	false	false
10028f58	Label	caseD_43	switchD_10028a1c::caseD_43	switchD_10028a1c	ANALYSIS	false	false	false
10028f58	Label	caseD_44	switchD_10028a1c::caseD_44	switchD_10028a1c	ANALYSIS	false	false	false
10028f58	Label	caseD_45	switchD_10028a1c::caseD_45	switchD_10028a1c	ANALYSIS	false	false	false
10028f58	Label	caseD_46	switchD_10028a1c::caseD_46	switchD_10028a1c	ANALYSIS	false	false	false
10028f58	Label	caseD_47	switchD_10028a1c::caseD_47	switchD_10028a1c	ANALYSIS	false	false	false
10028f58	Label	caseD_4a	switchD_10028a1c::caseD_4a	switchD_10028a1c	ANALYSIS	false	false	false
10028f58	Label	caseD_4b	switchD_10028a1c::caseD_4b	switchD_10028a1c	ANALYSIS	false	false	false
10028f58	Label	caseD_4c	switchD_10028a1c::caseD_4c	switchD_10028a1c	ANALYSIS	false	false	false
10028f58	Label	caseD_4e	switchD_10028a1c::caseD_4e	switchD_10028a1c	ANALYSIS	false	false	false
10028f58	Label	caseD_4f	switchD_10028a1c::caseD_4f	switchD_10028a1c	ANALYSIS	false	false	false
10028f58	Label	caseD_50	switchD_10028a1c::caseD_50	switchD_10028a1c	ANALYSIS	false	false	false
10028f58	Label	caseD_51	switchD_10028a1c::caseD_51	switchD_10028a1c	ANALYSIS	false	false	false
10028f58	Label	caseD_52	switchD_10028a1c::caseD_52	switchD_10028a1c	ANALYSIS	false	false	false
10028f58	Label	caseD_54	switchD_10028a1c::caseD_54	switchD_10028a1c	ANALYSIS	false	false	false
10028f58	Label	caseD_56	switchD_10028a1c::caseD_56	switchD_10028a1c	ANALYSIS	false	false	false
10028f58	Label	caseD_5b	switchD_10028a1c::caseD_5b	switchD_10028a1c	ANALYSIS	false	false	false
10028f58	Label	caseD_5c	switchD_10028a1c::caseD_5c	switchD_10028a1c	ANALYSIS	false	false	false
10028f58	Label	caseD_5d	switchD_10028a1c::caseD_5d	switchD_10028a1c	ANALYSIS	false	false	false
10028f58	Label	caseD_5e	switchD_10028a1c::caseD_5e	switchD_10028a1c	ANALYSIS	false	false	false
10028f58	Label	caseD_5f	switchD_10028a1c::caseD_5f	switchD_10028a1c	ANALYSIS	false	false	false
10028f58	Label	caseD_60	switchD_10028a1c::caseD_60	switchD_10028a1c	ANALYSIS	false	false	false
10028f58	Label	caseD_65	switchD_10028a1c::caseD_65	switchD_10028a1c	ANALYSIS	false	false	false
10028f58	Label	caseD_66	switchD_10028a1c::caseD_66	switchD_10028a1c	ANALYSIS	false	false	false
10028f58	Label	caseD_67	switchD_10028a1c::caseD_67	switchD_10028a1c	ANALYSIS	false	false	false
10028f58	Label	caseD_68	switchD_10028a1c::caseD_68	switchD_10028a1c	ANALYSIS	false	false	false
10028f58	Label	caseD_69	switchD_10028a1c::caseD_69	switchD_10028a1c	ANALYSIS	false	false	false
10028f58	Label	caseD_6b	switchD_10028a1c::caseD_6b	switchD_10028a1c	ANALYSIS	false	false	false
10028f58	Label	caseD_6c	switchD_10028a1c::caseD_6c	switchD_10028a1c	ANALYSIS	false	false	false
10028f58	Label	caseD_6e	switchD_10028a1c::caseD_6e	switchD_10028a1c	ANALYSIS	false	false	false
10028f58	Label	caseD_6f	switchD_10028a1c::caseD_6f	switchD_10028a1c	ANALYSIS	false	false	false
10028f58	Label	caseD_71	switchD_10028a1c::caseD_71	switchD_10028a1c	ANALYSIS	false	false	false
10028f58	Label	caseD_72	switchD_10028a1c::caseD_72	switchD_10028a1c	ANALYSIS	false	false	false
10028f58	Label	caseD_73	switchD_10028a1c::caseD_73	switchD_10028a1c	ANALYSIS	false	false	false
10028f58	Label	caseD_74	switchD_10028a1c::caseD_74	switchD_10028a1c	ANALYSIS	false	false	false
10028f58	Label	caseD_75	switchD_10028a1c::caseD_75	switchD_10028a1c	ANALYSIS	false	false	false
10028f58	Label	caseD_76	switchD_10028a1c::caseD_76	switchD_10028a1c	ANALYSIS	false	false	false
10028f5d	Label	switchdataD_10028f5d	switchD_10028a1c::switchdataD_10028f5d	switchD_10028a1c	ANALYSIS	true	false	false
10028fb9	Label	switchdataD_10028fb9	switchD_10028a1c::switchdataD_10028fb9	switchD_10028a1c	ANALYSIS	true	false	false
10029010	Function	FID_conflict:_store_str	FID_conflict:_store_str	Global	ANALYSIS	true	false	false
10029010	Label	__store_str	__store_str	Global	ANALYSIS	false	false	false
10029010	Label	?_store_str@@YAXPADPAPADPAI@Z	?_store_str@@YAXPADPAPADPAI@Z	Global	ANALYSIS	false	false	false
10029060	Function	FUN_10029060	FUN_10029060	Global	DEFAULT	true	false	false
10029110	Function	FID_conflict:_store_number	FID_conflict:_store_number	Global	ANALYSIS	true	false	false
10029110	Label	__store_number	__store_number	Global	ANALYSIS	false	false	false
10029110	Label	?_store_number@@YAXHPAPADPAI@Z	?_store_number@@YAXHPAPADPAI@Z	Global	ANALYSIS	false	false	false
100291c0	Function	FUN_100291c0	FUN_100291c0	Global	DEFAULT	true	false	false
10029251	Label	switchD	switchD_10029251::switchD	switchD_10029251	ANALYSIS	true	false	false
10029258	Label	caseD_4d	switchD_10029251::caseD_4d	switchD_10029251	ANALYSIS	true	false	false
10029270	Label	switchD	switchD_10029270::switchD	switchD_10029270	ANALYSIS	true	false	false
10029277	Label	caseD_1	switchD_10029270::caseD_1	switchD_10029270	ANALYSIS	true	false	false
10029281	Label	caseD_2	switchD_10029270::caseD_2	switchD_10029270	ANALYSIS	true	false	false
10029287	Label	caseD_3	switchD_10029270::caseD_3	switchD_10029270	ANALYSIS	true	false	false
1002928d	Label	caseD_4	switchD_10029270::caseD_4	switchD_10029270	ANALYSIS	true	false	false
10029296	Label	caseD_64	switchD_10029251::caseD_64	switchD_10029251	ANALYSIS	true	false	false
100292ae	Label	switchD	switchD_100292ae::switchD	switchD_100292ae	ANALYSIS	true	false	false
100292b5	Label	caseD_1	switchD_100292ae::caseD_1	switchD_100292ae	ANALYSIS	true	false	false
100292bf	Label	caseD_2	switchD_100292ae::caseD_2	switchD_100292ae	ANALYSIS	true	false	false
100292c5	Label	caseD_3	switchD_100292ae::caseD_3	switchD_100292ae	ANALYSIS	true	false	false
100292cb	Label	caseD_4	switchD_100292ae::caseD_4	switchD_100292ae	ANALYSIS	true	false	false
100292d4	Label	caseD_79	switchD_10029251::caseD_79	switchD_10029251	ANALYSIS	true	false	false
100292f7	Label	caseD_68	switchD_10029251::caseD_68	switchD_10029251	ANALYSIS	true	false	false
1002931e	Label	caseD_48	switchD_10029251::caseD_48	switchD_10029251	ANALYSIS	true	false	false
10029345	Label	caseD_6d	switchD_10029251::caseD_6d	switchD_10029251	ANALYSIS	true	false	false
1002936c	Label	caseD_73	switchD_10029251::caseD_73	switchD_10029251	ANALYSIS	true	false	false
10029393	Label	caseD_41	switchD_10029251::caseD_41	switchD_10029251	ANALYSIS	true	false	false
10029393	Label	caseD_61	switchD_10029251::caseD_61	switchD_10029251	ANALYSIS	false	false	false
100293da	Label	caseD_74	switchD_10029251::caseD_74	switchD_10029251	ANALYSIS	true	false	false
100294af	Label	caseD_27	switchD_10029251::caseD_27	switchD_10029251	ANALYSIS	true	false	false
10029590	Label	caseD_28	switchD_10029251::caseD_28	switchD_10029251	ANALYSIS	true	false	false
10029590	Label	caseD_29	switchD_10029251::caseD_29	switchD_10029251	ANALYSIS	false	false	false
10029590	Label	caseD_2a	switchD_10029251::caseD_2a	switchD_10029251	ANALYSIS	false	false	false
10029590	Label	caseD_2b	switchD_10029251::caseD_2b	switchD_10029251	ANALYSIS	false	false	false
10029590	Label	caseD_2c	switchD_10029251::caseD_2c	switchD_10029251	ANALYSIS	false	false	false
10029590	Label	caseD_2d	switchD_10029251::caseD_2d	switchD_10029251	ANALYSIS	false	false	false
10029590	Label	caseD_2e	switchD_10029251::caseD_2e	switchD_10029251	ANALYSIS	false	false	false
10029590	Label	caseD_2f	switchD_10029251::caseD_2f	switchD_10029251	ANALYSIS	false	false	false
10029590	Label	caseD_30	switchD_10029251::caseD_30	switchD_10029251	ANALYSIS	false	false	false
10029590	Label	caseD_31	switchD_10029251::caseD_31	switchD_10029251	ANALYSIS	false	false	false
10029590	Label	caseD_32	switchD_10029251::caseD_32	switchD_10029251	ANALYSIS	false	false	false
10029590	Label	caseD_33	switchD_10029251::caseD_33	switchD_10029251	ANALYSIS	false	false	false
10029590	Label	caseD_34	switchD_10029251::caseD_34	switchD_10029251	ANALYSIS	false	false	false
10029590	Label	caseD_35	switchD_10029251::caseD_35	switchD_10029251	ANALYSIS	false	false	false
10029590	Label	caseD_36	switchD_10029251::caseD_36	switchD_10029251	ANALYSIS	false	false	false
10029590	Label	caseD_37	switchD_10029251::caseD_37	switchD_10029251	ANALYSIS	false	false	false
10029590	Label	caseD_38	switchD_10029251::caseD_38	switchD_10029251	ANALYSIS	false	false	false
10029590	Label	caseD_39	switchD_10029251::caseD_39	switchD_10029251	ANALYSIS	false	false	false
10029590	Label	caseD_3a	switchD_10029251::caseD_3a	switchD_10029251	ANALYSIS	false	false	false
10029590	Label	caseD_3b	switchD_10029251::caseD_3b	switchD_10029251	ANALYSIS	false	false	false
10029590	Label	caseD_3c	switchD_10029251::caseD_3c	switchD_10029251	ANALYSIS	false	false	false
10029590	Label	caseD_3d	switchD_10029251::caseD_3d	switchD_10029251	ANALYSIS	false	false	false
10029590	Label	caseD_3e	switchD_10029251::caseD_3e	switchD_10029251	ANALYSIS	false	false	false
10029590	Label	caseD_3f	switchD_10029251::caseD_3f	switchD_10029251	ANALYSIS	false	false	false
10029590	Label	caseD_40	switchD_10029251::caseD_40	switchD_10029251	ANALYSIS	false	false	false
10029590	Label	caseD_42	switchD_10029251::caseD_42	switchD_10029251	ANALYSIS	false	false	false
10029590	Label	caseD_43	switchD_10029251::caseD_43	switchD_10029251	ANALYSIS	false	false	false
10029590	Label	caseD_44	switchD_10029251::caseD_44	switchD_10029251	ANALYSIS	false	false	false
10029590	Label	caseD_45	switchD_10029251::caseD_45	switchD_10029251	ANALYSIS	false	false	false
10029590	Label	caseD_46	switchD_10029251::caseD_46	switchD_10029251	ANALYSIS	false	false	false
10029590	Label	caseD_47	switchD_10029251::caseD_47	switchD_10029251	ANALYSIS	false	false	false
10029590	Label	caseD_49	switchD_10029251::caseD_49	switchD_10029251	ANALYSIS	false	false	false
10029590	Label	caseD_4a	switchD_10029251::caseD_4a	switchD_10029251	ANALYSIS	false	false	false
10029590	Label	caseD_4b	switchD_10029251::caseD_4b	switchD_10029251	ANALYSIS	false	false	false
10029590	Label	caseD_4c	switchD_10029251::caseD_4c	switchD_10029251	ANALYSIS	false	false	false
10029590	Label	caseD_4e	switchD_10029251::caseD_4e	switchD_10029251	ANALYSIS	false	false	false
10029590	Label	caseD_4f	switchD_10029251::caseD_4f	switchD_10029251	ANALYSIS	false	false	false
10029590	Label	caseD_50	switchD_10029251::caseD_50	switchD_10029251	ANALYSIS	false	false	false
10029590	Label	caseD_51	switchD_10029251::caseD_51	switchD_10029251	ANALYSIS	false	false	false
10029590	Label	caseD_52	switchD_10029251::caseD_52	switchD_10029251	ANALYSIS	false	false	false
10029590	Label	caseD_53	switchD_10029251::caseD_53	switchD_10029251	ANALYSIS	false	false	false
10029590	Label	caseD_54	switchD_10029251::caseD_54	switchD_10029251	ANALYSIS	false	false	false
10029590	Label	caseD_55	switchD_10029251::caseD_55	switchD_10029251	ANALYSIS	false	false	false
10029590	Label	caseD_56	switchD_10029251::caseD_56	switchD_10029251	ANALYSIS	false	false	false
10029590	Label	caseD_57	switchD_10029251::caseD_57	switchD_10029251	ANALYSIS	false	false	false
10029590	Label	caseD_58	switchD_10029251::caseD_58	switchD_10029251	ANALYSIS	false	false	false
10029590	Label	caseD_59	switchD_10029251::caseD_59	switchD_10029251	ANALYSIS	false	false	false
10029590	Label	caseD_5a	switchD_10029251::caseD_5a	switchD_10029251	ANALYSIS	false	false	false
10029590	Label	caseD_5b	switchD_10029251::caseD_5b	switchD_10029251	ANALYSIS	false	false	false
10029590	Label	caseD_5c	switchD_10029251::caseD_5c	switchD_10029251	ANALYSIS	false	false	false
10029590	Label	caseD_5d	switchD_10029251::caseD_5d	switchD_10029251	ANALYSIS	false	false	false
10029590	Label	caseD_5e	switchD_10029251::caseD_5e	switchD_10029251	ANALYSIS	false	false	false
10029590	Label	caseD_5f	switchD_10029251::caseD_5f	switchD_10029251	ANALYSIS	false	false	false
10029590	Label	caseD_60	switchD_10029251::caseD_60	switchD_10029251	ANALYSIS	false	false	false
10029590	Label	caseD_62	switchD_10029251::caseD_62	switchD_10029251	ANALYSIS	false	false	false
10029590	Label	caseD_63	switchD_10029251::caseD_63	switchD_10029251	ANALYSIS	false	false	false
10029590	Label	caseD_65	switchD_10029251::caseD_65	switchD_10029251	ANALYSIS	false	false	false
10029590	Label	caseD_66	switchD_10029251::caseD_66	switchD_10029251	ANALYSIS	false	false	false
10029590	Label	caseD_67	switchD_10029251::caseD_67	switchD_10029251	ANALYSIS	false	false	false
10029590	Label	caseD_69	switchD_10029251::caseD_69	switchD_10029251	ANALYSIS	false	false	false
10029590	Label	caseD_6a	switchD_10029251::caseD_6a	switchD_10029251	ANALYSIS	false	false	false
10029590	Label	caseD_6b	switchD_10029251::caseD_6b	switchD_10029251	ANALYSIS	false	false	false
10029590	Label	caseD_6c	switchD_10029251::caseD_6c	switchD_10029251	ANALYSIS	false	false	false
10029590	Label	caseD_6e	switchD_10029251::caseD_6e	switchD_10029251	ANALYSIS	false	false	false
10029590	Label	caseD_6f	switchD_10029251::caseD_6f	switchD_10029251	ANALYSIS	false	false	false
10029590	Label	caseD_70	switchD_10029251::caseD_70	switchD_10029251	ANALYSIS	false	false	false
10029590	Label	caseD_71	switchD_10029251::caseD_71	switchD_10029251	ANALYSIS	false	false	false
10029590	Label	caseD_72	switchD_10029251::caseD_72	switchD_10029251	ANALYSIS	false	false	false
10029590	Label	caseD_75	switchD_10029251::caseD_75	switchD_10029251	ANALYSIS	false	false	false
10029590	Label	caseD_76	switchD_10029251::caseD_76	switchD_10029251	ANALYSIS	false	false	false
10029590	Label	caseD_77	switchD_10029251::caseD_77	switchD_10029251	ANALYSIS	false	false	false
10029590	Label	caseD_78	switchD_10029251::caseD_78	switchD_10029251	ANALYSIS	false	false	false
10029590	Label	default	switchD_100292ae::default	switchD_100292ae	ANALYSIS	false	false	false
10029590	Label	default	switchD_10029270::default	switchD_10029270	ANALYSIS	false	false	false
10029640	Label	switchdataD_10029640	switchD_10029251::switchdataD_10029640	switchD_10029251	ANALYSIS	true	false	false
1002966c	Label	switchdataD_1002966c	switchD_10029251::switchdataD_1002966c	switchD_10029251	ANALYSIS	true	false	false
100296bf	Label	switchdataD_100296bf	switchD_10029270::switchdataD_100296bf	switchD_10029270	ANALYSIS	true	false	false
100296cf	Label	switchdataD_100296cf	switchD_100292ae::switchdataD_100296cf	switchD_100292ae	ANALYSIS	true	false	false
100296e0	Function	FUN_100296e0	FUN_100296e0	Global	DEFAULT	true	false	false
10029970	Function	FUN_10029970	FUN_10029970	Global	DEFAULT	true	false	false
10029980	Function	FUN_10029980	FUN_10029980	Global	DEFAULT	true	false	false
10029bf0	Function	FUN_10029bf0	FUN_10029bf0	Global	DEFAULT	true	false	false
10029cc0	Function	FUN_10029cc0	FUN_10029cc0	Global	DEFAULT	true	false	false
10029dd0	Function	FUN_10029dd0	FUN_10029dd0	Global	DEFAULT	true	false	false
10029ed0	Function	FUN_10029ed0	FUN_10029ed0	Global	DEFAULT	true	false	false
10029ef0	Function	FUN_10029ef0	FUN_10029ef0	Global	DEFAULT	true	false	false
1002a020	Function	FUN_1002a020	FUN_1002a020	Global	DEFAULT	true	false	false
1002a060	Function	FUN_1002a060	FUN_1002a060	Global	DEFAULT	true	false	false
1002a080	Function	FUN_1002a080	FUN_1002a080	Global	DEFAULT	true	false	false
1002a430	Function	FUN_1002a430	FUN_1002a430	Global	DEFAULT	true	false	false
1002a460	Function	FUN_1002a460	FUN_1002a460	Global	DEFAULT	true	false	false
1002a760	Function	FUN_1002a760	FUN_1002a760	Global	DEFAULT	true	false	false
1002a960	Function	FUN_1002a960	FUN_1002a960	Global	DEFAULT	true	false	false
1002ab00	Function	FUN_1002ab00	FUN_1002ab00	Global	DEFAULT	true	false	false
1002acb0	Function	__allmul	__allmul	Global	ANALYSIS	true	false	false
1002acf0	Function	FUN_1002acf0	FUN_1002acf0	Global	DEFAULT	true	false	false
1002ad20	Function	FID_conflict:__getenv_lk	FID_conflict:__getenv_lk	Global	ANALYSIS	true	false	false
1002ad20	Label	_getenv	_getenv	Global	ANALYSIS	false	false	false
1002ad20	Label	__getenv_lk	__getenv_lk	Global	ANALYSIS	false	false	false
1002adf0	Function	__mbsnbicoll	__mbsnbicoll	Global	ANALYSIS	true	false	false
1002ae40	Function	FUN_1002ae40	FUN_1002ae40	Global	DEFAULT	true	false	false
1002aef0	Function	FUN_1002aef0	FUN_1002aef0	Global	DEFAULT	true	false	false
1002b2f0	Function	FUN_1002b2f0	FUN_1002b2f0	Global	DEFAULT	true	false	false
1002b340	Function	FUN_1002b340	FUN_1002b340	Global	DEFAULT	true	false	false
1002b620	Function	findenv	findenv	Global	ANALYSIS	true	false	false
1002b620	Label	_findenv	_findenv	Global	ANALYSIS	false	false	false
1002b6a0	Function	copy_environ	copy_environ	Global	ANALYSIS	true	false	false
1002b6a0	Label	_copy_environ	_copy_environ	Global	ANALYSIS	false	false	false
1002b790	Function	FUN_1002b790	FUN_1002b790	Global	DEFAULT	true	false	false
1002b884	Function	RtlUnwind	KERNEL32.DLL::RtlUnwind	KERNEL32.DLL	DEFAULT	true	false	false
10034140	Function	Unwind@10034140	Unwind@10034140	Global	ANALYSIS	true	false	false
10034155	Function	Unwind@10034155	Unwind@10034155	Global	ANALYSIS	true	false	false
1003416a	Function	Unwind@1003416a	Unwind@1003416a	Global	ANALYSIS	true	false	false
1003417d	Function	Unwind@1003417d	Unwind@1003417d	Global	ANALYSIS	true	false	false
10034192	Function	Unwind@10034192	Unwind@10034192	Global	ANALYSIS	true	false	false
ffdff000	Label	ExceptionList	ExceptionList	Global	ANALYSIS	true	false	false
ffdff004	Label	StackBase	StackBase	Global	ANALYSIS	true	false	false
ffdff008	Label	StackLimit	StackLimit	Global	ANALYSIS	true	false	false
ffdff00c	Label	SubSystemTib	SubSystemTib	Global	ANALYSIS	true	false	false
ffdff010	Label	FiberData	FiberData	Global	ANALYSIS	true	false	false
ffdff014	Label	ArbitraryUserPointer	ArbitraryUserPointer	Global	ANALYSIS	true	false	false
ffdff018	Label	Self	Self	Global	ANALYSIS	true	false	false
ffdff01c	Label	EnvironmentPointer	EnvironmentPointer	Global	ANALYSIS	true	false	false
ffdff020	Label	ClientId	ClientId	Global	ANALYSIS	true	false	false
ffdff028	Label	ActiveRpcHandle	ActiveRpcHandle	Global	ANALYSIS	true	false	false
ffdff02c	Label	ThreadLocalStoragePointer	ThreadLocalStoragePointer	Global	ANALYSIS	true	false	false
ffdff030	Label	ProcessEnvironmentBlock	ProcessEnvironmentBlock	Global	ANALYSIS	true	false	false
ffdff034	Label	LastErrorValue	LastErrorValue	Global	ANALYSIS	true	false	false
ffdff038	Label	CountOfOwnedCriticalSections	CountOfOwnedCriticalSections	Global	ANALYSIS	true	false	false
ffdff03c	Label	CsrClientThread	CsrClientThread	Global	ANALYSIS	true	false	false
ffdff040	Label	Win32ThreadInfo	Win32ThreadInfo	Global	ANALYSIS	true	false	false
ffdff044	Label	User32Reserved	User32Reserved	Global	ANALYSIS	true	false	false
ffdff0ac	Label	UserReserved	UserReserved	Global	ANALYSIS	true	false	false
ffdff0c0	Label	WOW32Reserved	WOW32Reserved	Global	ANALYSIS	true	false	false
ffdff0c4	Label	CurrentLocale	CurrentLocale	Global	ANALYSIS	true	false	false
ffdff0c8	Label	FpSoftwareStatusRegister	FpSoftwareStatusRegister	Global	ANALYSIS	true	false	false
ffdff0cc	Label	SystemReserved1	SystemReserved1	Global	ANALYSIS	true	false	false
ffdff1a4	Label	ExceptionCode	ExceptionCode	Global	ANALYSIS	true	false	false
ffdff1a8	Label	ActivationContextStackPointer	ActivationContextStackPointer	Global	ANALYSIS	true	false	false
ffdff1ac	Label	SpareBytes	SpareBytes	Global	ANALYSIS	true	false	false
ffdff1d0	Label	TxFsContext	TxFsContext	Global	ANALYSIS	true	false	false
ffdff1d4	Label	GdiTebBatch	GdiTebBatch	Global	ANALYSIS	true	false	false
ffdff6b4	Label	RealClientId	RealClientId	Global	ANALYSIS	true	false	false
ffdff6bc	Label	GdiCachedProcessHandle	GdiCachedProcessHandle	Global	ANALYSIS	true	false	false
ffdff6c0	Label	GdiClientPID	GdiClientPID	Global	ANALYSIS	true	false	false
ffdff6c4	Label	GdiCLientTID	GdiCLientTID	Global	ANALYSIS	true	false	false
ffdff6c8	Label	GdiThreadLocalInfo	GdiThreadLocalInfo	Global	ANALYSIS	true	false	false
ffdff6cc	Label	Win32ClientInfo	Win32ClientInfo	Global	ANALYSIS	true	false	false
ffdff7c4	Label	glDispatchTable	glDispatchTable	Global	ANALYSIS	true	false	false
ffdffb68	Label	glReserved1	glReserved1	Global	ANALYSIS	true	false	false
ffdffbdc	Label	glReserved2	glReserved2	Global	ANALYSIS	true	false	false
ffdffbe0	Label	glSectionInfo	glSectionInfo	Global	ANALYSIS	true	false	false
ffdffbe4	Label	glSection	glSection	Global	ANALYSIS	true	false	false
ffdffbe8	Label	glTable	glTable	Global	ANALYSIS	true	false	false
ffdffbec	Label	glCurrentRC	glCurrentRC	Global	ANALYSIS	true	false	false
ffdffbf0	Label	glContext	glContext	Global	ANALYSIS	true	false	false
ffdffbf4	Label	LastStatusValue	LastStatusValue	Global	ANALYSIS	true	false	false
ffdffc00	Label	StaticUnicodeBuffer	StaticUnicodeBuffer	Global	ANALYSIS	true	false	false
ffdffe0c	Label	DeallocationStack	DeallocationStack	Global	ANALYSIS	true	false	false
ffdffe10	Label	TlsSlots	TlsSlots	Global	ANALYSIS	true	false	false
ffdfff10	Label	TlsLinks.Flink	TlsLinks.Flink	Global	ANALYSIS	true	false	false
ffdfff14	Label	TlsLinks.Blink	TlsLinks.Blink	Global	ANALYSIS	true	false	false
ffdfff18	Label	Vdm	Vdm	Global	ANALYSIS	true	false	false
ffdfff1c	Label	ReservedForNtRpc	ReservedForNtRpc	Global	ANALYSIS	true	false	false
ffdfff20	Label	DbgSsReserved	DbgSsReserved	Global	ANALYSIS	true	false	false
ffdfff28	Label	HardErrorMode	HardErrorMode	Global	ANALYSIS	true	false	false
ffdfff2c	Label	Instrumentation	Instrumentation	Global	ANALYSIS	true	false	false
ffdfff50	Label	ActivityId	ActivityId	Global	ANALYSIS	true	false	false
ffdfff60	Label	SubProcessTag	SubProcessTag	Global	ANALYSIS	true	false	false
ffdfff64	Label	EtwLocalData	EtwLocalData	Global	ANALYSIS	true	false	false
ffdfff68	Label	EtwTraceData	EtwTraceData	Global	ANALYSIS	true	false	false
ffdfff6c	Label	WinSockData	WinSockData	Global	ANALYSIS	true	false	false
ffdfff70	Label	GdiBatchCount	GdiBatchCount	Global	ANALYSIS	true	false	false
ffdfff74	Label	IdealProcessorValue	IdealProcessorValue	Global	ANALYSIS	true	false	false
ffdfff78	Label	GuaranteedStackBytes	GuaranteedStackBytes	Global	ANALYSIS	true	false	false
ffdfff7c	Label	ReservedForPerf	ReservedForPerf	Global	ANALYSIS	true	false	false
ffdfff80	Label	ReservedForOle	ReservedForOle	Global	ANALYSIS	true	false	false
ffdfff84	Label	WaitingOnLoaderLock	WaitingOnLoaderLock	Global	ANALYSIS	true	false	false
ffdfff88	Label	SavedPriorityState	SavedPriorityState	Global	ANALYSIS	true	false	false
ffdfff8c	Label	SoftPatchPtr1	SoftPatchPtr1	Global	ANALYSIS	true	false	false
ffdfff90	Label	ThreadPoolData	ThreadPoolData	Global	ANALYSIS	true	false	false
ffdfff94	Label	TlsExpansionSlots	TlsExpansionSlots	Global	ANALYSIS	true	false	false
ffdfff98	Label	MuiGeneration	MuiGeneration	Global	ANALYSIS	true	false	false
ffdfff9c	Label	IsImpersonating	IsImpersonating	Global	ANALYSIS	true	false	false
ffdfffa0	Label	NlsCache	NlsCache	Global	ANALYSIS	true	false	false
ffdfffa4	Label	pShimData	pShimData	Global	ANALYSIS	true	false	false
ffdfffa8	Label	HeapVirtualAffinity	HeapVirtualAffinity	Global	ANALYSIS	true	false	false
ffdfffac	Label	CurrentTransactionHandle	CurrentTransactionHandle	Global	ANALYSIS	true	false	false
ffdfffb0	Label	ActiveFrame	ActiveFrame	Global	ANALYSIS	true	false	false
ffdfffb4	Label	FlsData	FlsData	Global	ANALYSIS	true	false	false
ffdfffb8	Label	PreferredLanguages	PreferredLanguages	Global	ANALYSIS	true	false	false
ffdfffbc	Label	UserPrefLanguages	UserPrefLanguages	Global	ANALYSIS	true	false	false
ffdfffc0	Label	MergedPrefLanguages	MergedPrefLanguages	Global	ANALYSIS	true	false	false
ffdfffc4	Label	MuiImpersonation	MuiImpersonation	Global	ANALYSIS	true	false	false
ffdfffc8	Label	CrossTebFlags	CrossTebFlags	Global	ANALYSIS	true	false	false
ffdfffca	Label	SameTebFlags	SameTebFlags	Global	ANALYSIS	true	false	false
ffdfffcc	Label	TxnScopeEnterCallback	TxnScopeEnterCallback	Global	ANALYSIS	true	false	false
ffdfffd0	Label	TxnScopeExitCallback	TxnScopeExitCallback	Global	ANALYSIS	true	false	false
ffdfffd4	Label	TxnScopeContext	TxnScopeContext	Global	ANALYSIS	true	false	false
ffdfffd8	Label	LockCount	LockCount	Global	ANALYSIS	true	false	false
ffdfffe0	Label	ResourceRetValue	ResourceRetValue	Global	ANALYSIS	true	false	false
