entry	name	full_name	namespace	name_source	signature_source	calling_convention	return_type	parameter_count	is_thunk	thunk_target	is_external	body_ranges	comment	repeatable_comment	prototype
00401000	Installer_ShowTermsDialog	Installer_ShowTermsDialog	Global	USER_DEFINED	ANALYSIS	__cdecl	undefined4	1	false	\N	false	00401000-0040106e	Builds and displays the installer terms/location warning dialog, aborting the bootstrap when the user cancels.	\N	undefined4 __cdecl Installer_ShowTermsDialog(undefined4 * param_1)
0040106f	Updater_DeleteStaleFileOrAbort	Updater_DeleteStaleFileOrAbort	Global	USER_DEFINED	ANALYSIS	__cdecl	undefined	1	false	\N	false	0040106f-004010c7	Attempts to remove a stale updater/bootstrap file and aborts with an installer error if it remains.	\N	undefined __cdecl Updater_DeleteStaleFileOrAbort(LPCSTR param_1)
004010c8	Updater_WinMainBootstrap	Updater_WinMainBootstrap	Global	USER_DEFINED	ANALYSIS	__stdcall	typedef WPARAM UINT_PTR	4	false	\N	false	004010c8-00401257	Runs the BetaWulf auto-updater bootstrap: prepares CSN paths, configures the update server, creates the UI, and enters the message loop.	\N	WPARAM __stdcall Updater_WinMainBootstrap(HINSTANCE param_1, undefined4 param_2, undefined4 param_3, int param_4)
00401258	FUN_00401258	FUN_00401258	Global	DEFAULT	ANALYSIS	__cdecl	undefined	1	false	\N	false	00401258-004012cb	\N	\N	undefined __cdecl FUN_00401258(HINSTANCE param_1)
004012cc	FUN_004012cc	FUN_004012cc	Global	DEFAULT	ANALYSIS	__cdecl	bool	2	false	\N	false	004012cc-0040131d	\N	\N	bool __cdecl FUN_004012cc(HINSTANCE param_1, int param_2)
0040131e	FUN_0040131e	FUN_0040131e	Global	DEFAULT	ANALYSIS	__stdcall	typedef LRESULT LONG_PTR	4	false	\N	false	0040131e-00401409	\N	\N	LRESULT __stdcall FUN_0040131e(HWND param_1, UINT param_2, uint param_3, LPARAM param_4)
0040140a	FUN_0040140a	FUN_0040140a	Global	DEFAULT	ANALYSIS	__stdcall	undefined4	3	false	\N	false	0040140a-00401440	\N	\N	undefined4 __stdcall FUN_0040140a(HWND param_1, int param_2, ushort param_3)
00401450	FUN_00401450	FUN_00401450	Global	DEFAULT	ANALYSIS	__fastcall	undefined	1	false	\N	false	00401450-00401471	\N	\N	undefined __fastcall FUN_00401450(int param_1)
00401480	FUN_00401480	FUN_00401480	Global	DEFAULT	ANALYSIS	__fastcall	undefined1 *	1	false	\N	false	00401480-004014e8	\N	\N	undefined1 * __fastcall FUN_00401480(undefined1 * param_1)
004014f0	FUN_004014f0	FUN_004014f0	Global	DEFAULT	ANALYSIS	__fastcall	undefined	1	false	\N	false	004014f0-0040157a	\N	\N	undefined __fastcall FUN_004014f0(int param_1)
00401580	FUN_00401580	FUN_00401580	Global	DEFAULT	ANALYSIS	__thiscall	undefined	4	false	\N	false	00401580-004015ed	\N	\N	undefined __thiscall FUN_00401580(int param_1, uint * param_2, uint * param_3)
004015f0	FUN_004015f0	FUN_004015f0	Global	DEFAULT	ANALYSIS	__fastcall	float10	1	false	\N	false	004015f0-0040165e	\N	\N	float10 __fastcall FUN_004015f0(int param_1)
00401660	FUN_00401660	FUN_00401660	Global	DEFAULT	ANALYSIS	__thiscall	undefined	3	false	\N	false	00401660-004016e0	\N	\N	undefined __thiscall FUN_00401660(uint * param_1, uint * param_2)
004016f0	FUN_004016f0	FUN_004016f0	Global	DEFAULT	ANALYSIS	__thiscall	undefined	3	false	\N	false	004016f0-00401779	\N	\N	undefined __thiscall FUN_004016f0(uint param_1, uint param_2)
00401780	FUN_00401780	FUN_00401780	Global	DEFAULT	ANALYSIS	__thiscall	undefined	4	false	\N	false	00401780-004017ac	\N	\N	undefined __thiscall FUN_00401780(int param_1, int param_2, int param_3)
004017b0	FUN_004017b0	FUN_004017b0	Global	DEFAULT	ANALYSIS	__thiscall	undefined	5	false	\N	false	004017b0-0040186e	\N	\N	undefined __thiscall FUN_004017b0(int param_1, uint * param_2, uint param_3, uint param_4)
00401870	FUN_00401870	FUN_00401870	Global	DEFAULT	ANALYSIS	__thiscall	undefined	3	false	\N	false	00401870-00401890	\N	\N	undefined __thiscall FUN_00401870(uint * param_1, undefined4 param_2)
004018a0	FUN_004018a0	FUN_004018a0	Global	DEFAULT	ANALYSIS	__fastcall	undefined	1	false	\N	false	004018a0-004019e8	\N	\N	undefined __fastcall FUN_004018a0(int param_1)
004019f0	FUN_004019f0	FUN_004019f0	Global	DEFAULT	ANALYSIS	__thiscall	undefined	2	false	\N	false	004019f0-00401a7c	\N	\N	undefined __thiscall FUN_004019f0(HDC param_1)
00401a80	FUN_00401a80	FUN_00401a80	Global	DEFAULT	ANALYSIS	__fastcall	undefined	1	false	\N	false	00401a80-00401b68	\N	\N	undefined __fastcall FUN_00401a80(char * param_1)
00401b70	FUN_00401b70	FUN_00401b70	Global	DEFAULT	ANALYSIS	__fastcall	undefined	1	false	\N	false	00401b70-00401ba7	\N	\N	undefined __fastcall FUN_00401b70(char * param_1)
00401bb0	FUN_00401bb0	FUN_00401bb0	Global	DEFAULT	ANALYSIS	__fastcall	undefined	1	false	\N	false	00401bb0-00401c49	\N	\N	undefined __fastcall FUN_00401bb0(char * param_1)
00401c50	FUN_00401c50	FUN_00401c50	Global	DEFAULT	ANALYSIS	__thiscall	undefined	2	false	\N	false	00401c50-00401c85	\N	\N	undefined __thiscall FUN_00401c50(LPCSTR param_1)
00401c90	Updater_RunCsnUpdateSession	Updater_RunCsnUpdateSession	Global	USER_DEFINED	ANALYSIS	__thiscall	undefined4	6	false	\N	false	00401c90-00401f3d	Initializes a CSN updater object, checks for remote updates, applies the package update, and reports errors to the UI.	\N	undefined4 __thiscall Updater_RunCsnUpdateSession(uint * param_1, uint * param_2, uint * param_3, int param_4, int param_5)
00402130	FUN_00402130	FUN_00402130	Global	DEFAULT	ANALYSIS	__stdcall	undefined	1	false	\N	false	00402130-0040219d	\N	\N	undefined __stdcall FUN_00402130(HINSTANCE param_1)
004021a0	FUN_004021a0	FUN_004021a0	Global	DEFAULT	ANALYSIS	__thiscall	undefined4	4	false	\N	false	004021a0-00402264	\N	\N	undefined4 __thiscall FUN_004021a0(HINSTANCE param_1, int param_2, int param_3)
00402270	FUN_00402270	FUN_00402270	Global	DEFAULT	ANALYSIS	__thiscall	undefined	3	false	\N	false	00402270-00402325	\N	\N	undefined __thiscall FUN_00402270(HDC param_1, int * param_2)
00402330	FUN_00402330	FUN_00402330	Global	DEFAULT	ANALYSIS	__thiscall	undefined	4	false	\N	false	00402330-004026a9	\N	\N	undefined __thiscall FUN_00402330(HDC param_1, int * param_2, int param_3)
004026b0	FUN_004026b0	FUN_004026b0	Global	DEFAULT	ANALYSIS	__thiscall	undefined	2	false	\N	false	004026b0-00402779	\N	\N	undefined __thiscall FUN_004026b0(HWND param_1)
00402a6e	FUN_00402a6e	FUN_00402a6e	Global	DEFAULT	ANALYSIS	__stdcall	undefined	0	false	\N	false	00402a6e-00402a9a	\N	\N	undefined __stdcall FUN_00402a6e(void)
00402a9b	FUN_00402a9b	FUN_00402a9b	Global	DEFAULT	ANALYSIS	__cdecl	undefined	1	false	\N	false	00402a9b-00402aab	\N	\N	undefined __cdecl FUN_00402a9b(UINT param_1)
00402aac	__exit	__exit	Global	ANALYSIS	IMPORTED	__cdecl	void	1	false	\N	false	00402aac-00402abc	Library Function - Single Match\n __exit\n\nLibrary: Visual Studio 2003 Release	\N	void __cdecl __exit(int _Code)
00402adb	FUN_00402adb	FUN_00402adb	Global	DEFAULT	ANALYSIS	__cdecl	undefined	3	false	\N	false	00402adb-00402b7d	\N	\N	undefined __cdecl FUN_00402adb(UINT param_1, int param_2, int param_3)
00402b80	FUN_00402b80	FUN_00402b80	Global	DEFAULT	ANALYSIS	__stdcall	undefined	0	false	\N	false	00402b80-00402b88	\N	\N	undefined __stdcall FUN_00402b80(void)
00402b89	FUN_00402b89	FUN_00402b89	Global	DEFAULT	ANALYSIS	__stdcall	undefined	0	false	\N	false	00402b89-00402b91	\N	\N	undefined __stdcall FUN_00402b89(void)
00402b92	FUN_00402b92	FUN_00402b92	Global	DEFAULT	ANALYSIS	__cdecl	undefined	2	false	\N	false	00402b92-00402bab	\N	\N	undefined __cdecl FUN_00402b92(undefined4 * param_1, undefined4 * param_2)
00402bac	FUN_00402bac	FUN_00402bac	Global	DEFAULT	ANALYSIS	__cdecl	int	2	false	\N	false	00402bac-00402bfd	\N	\N	int __cdecl FUN_00402bac(undefined1 * param_1, byte * param_2)
00402bfe	FUN_00402bfe	FUN_00402bfe	Global	DEFAULT	ANALYSIS	__cdecl	uint *	2	false	\N	false	00402bfe-00402c24	\N	\N	uint * __cdecl FUN_00402bfe(uint * param_1, size_t param_2)
00402c4e	FUN_00402c4e	FUN_00402c4e	Global	DEFAULT	ANALYSIS	__cdecl	uint *	3	false	\N	false	00402c4e-00402d22	\N	\N	uint * __cdecl FUN_00402c4e(uint param_1, uint * param_2, size_t param_3)
00402d23	FUN_00402d23	FUN_00402d23	Global	DEFAULT	ANALYSIS	__cdecl	undefined4	1	false	\N	false	00402d23-00402d59	\N	\N	undefined4 __cdecl FUN_00402d23(uint param_1)
00402d60	FUN_00402d60	FUN_00402d60	Global	DEFAULT	ANALYSIS	__cdecl	uint *	2	false	\N	false	00402d60-00402d66	\N	\N	uint * __cdecl FUN_00402d60(uint * param_1, uint * param_2)
00402d70	FUN_00402d70	FUN_00402d70	Global	DEFAULT	ANALYSIS	__cdecl	uint *	2	false	\N	false	00402d70-00402e4f	\N	\N	uint * __cdecl FUN_00402d70(uint * param_1, uint * param_2)
00402e50	FUN_00402e50	FUN_00402e50	Global	DEFAULT	ANALYSIS	__stdcall	undefined	0	false	\N	false	00402e50-00402e7e	\N	\N	undefined __stdcall FUN_00402e50(void)
00402e7f	FUN_00402e7f	FUN_00402e7f	Global	DEFAULT	ANALYSIS	__cdecl	undefined4	2	false	\N	false	00402e7f-00402ec4	\N	\N	undefined4 __cdecl FUN_00402e7f(LPCSTR param_1, byte param_2)
00402ed0	_strlen	_strlen	Global	ANALYSIS	IMPORTED	__cdecl	typedef size_t uint	1	false	\N	false	00402ed0-00402f4a	Library Function - Single Match\n _strlen\n\nLibraries: Visual Studio 1998 Debug, Visual Studio 1998 Release	\N	size_t __cdecl _strlen(char * _Str)
00402f4b	entry	entry	Global	IMPORTED	ANALYSIS	__stdcall	undefined	0	false	\N	false	00402f4b-00403047	\N	\N	undefined __stdcall entry(void)
00403053	__amsg_exit	__amsg_exit	Global	ANALYSIS	IMPORTED	__cdecl	void	1	false	\N	false	00403053-00403074	Library Function - Single Match\n __amsg_exit\n\nLibrary: Visual Studio 2003 Release	\N	void __cdecl __amsg_exit(int param_1)
00403078	FUN_00403078	FUN_00403078	Global	DEFAULT	ANALYSIS	__cdecl	undefined	1	false	\N	false	00403078-0040309a	\N	\N	undefined __cdecl FUN_00403078(DWORD param_1)
0040309c	FUN_0040309c	FUN_0040309c	Global	DEFAULT	ANALYSIS	__stdcall	undefined	0	false	\N	false	0040309c-004030b2	\N	\N	undefined __stdcall FUN_0040309c(void)
004030b4	FUN_004030b4	FUN_004030b4	Global	DEFAULT	ANALYSIS	__stdcall	undefined	0	false	\N	false	004030b4-004030eb	\N	\N	undefined __stdcall FUN_004030b4(void)
004030fc	FUN_004030fc	FUN_004030fc	Global	DEFAULT	ANALYSIS	__cdecl	undefined	1	false	\N	false	004030fc-00403106	\N	\N	undefined __cdecl FUN_004030fc(undefined * param_1)
00403107	FUN_00403107	FUN_00403107	Global	DEFAULT	ANALYSIS	__cdecl	undefined	1	false	\N	false	00403107-00403170;0040317a-004031c8;004031d2-004031ef	\N	\N	undefined __cdecl FUN_00403107(undefined * param_1)
00403171	FUN_00403171	FUN_00403171	Global	DEFAULT	ANALYSIS	__stdcall	undefined	0	false	\N	false	00403171-00403179	\N	\N	undefined __stdcall FUN_00403171(void)
004031c9	FUN_004031c9	FUN_004031c9	Global	DEFAULT	ANALYSIS	__stdcall	undefined	0	false	\N	false	004031c9-004031d1	\N	\N	undefined __stdcall FUN_004031c9(void)
004031f0	operator_new	operator_new	Global	ANALYSIS	IMPORTED	__cdecl	void *	1	false	\N	false	004031f0-004031fd	Library Function - Single Match\n void * __cdecl operator new(unsigned int)\n\nLibrary: Visual Studio 2003 Release	\N	void * __cdecl operator_new(uint param_1)
004032d1	FUN_004032d1	FUN_004032d1	Global	DEFAULT	ANALYSIS	__thiscall	uint	2	false	\N	false	004032d1-004032f8	\N	\N	uint __thiscall FUN_004032d1(int param_1)
00403462	FUN_00403462	FUN_00403462	Global	DEFAULT	ANALYSIS	__cdecl	int	2	false	\N	false	00403462-0040349d	\N	\N	int __cdecl FUN_00403462(int * param_1, byte * param_2)
0040355a	FUN_0040355a	FUN_0040355a	Global	DEFAULT	ANALYSIS	__cdecl	undefined	1	false	\N	false	0040355a-00403588	\N	\N	undefined __cdecl FUN_0040355a(uint param_1)
00403589	FUN_00403589	FUN_00403589	Global	DEFAULT	ANALYSIS	__cdecl	undefined	2	false	\N	false	00403589-004035ab	\N	\N	undefined __cdecl FUN_00403589(int param_1, int param_2)
004035ac	FUN_004035ac	FUN_004035ac	Global	DEFAULT	ANALYSIS	__cdecl	undefined	1	false	\N	false	004035ac-004035da	\N	\N	undefined __cdecl FUN_004035ac(uint param_1)
004035db	FUN_004035db	FUN_004035db	Global	DEFAULT	ANALYSIS	__cdecl	undefined	2	false	\N	false	004035db-004035fd	\N	\N	undefined __cdecl FUN_004035db(int param_1, int param_2)
004035fe	FUN_004035fe	FUN_004035fe	Global	DEFAULT	ANALYSIS	__stdcall	undefined	1	false	\N	false	004035fe-0040362a	\N	\N	undefined __stdcall FUN_004035fe(undefined * UNRECOVERED_JUMPTABLE)
00403632	FUN_00403632	FUN_00403632	Global	DEFAULT	ANALYSIS	__stdcall	undefined	2	false	\N	false	00403632-00403638	\N	\N	undefined __stdcall FUN_00403632(undefined4 param_1, undefined * UNRECOVERED_JUMPTABLE)
00403639	FUN_00403639	FUN_00403639	Global	DEFAULT	ANALYSIS	__stdcall	undefined	2	false	\N	false	00403639-0040363f	\N	\N	undefined __stdcall FUN_00403639(undefined4 param_1, undefined * UNRECOVERED_JUMPTABLE)
00403640	FUN_00403640	FUN_00403640	Global	DEFAULT	ANALYSIS	__stdcall	undefined	2	false	\N	false	00403640-00403646	\N	\N	undefined __stdcall FUN_00403640(undefined4 param_1, undefined * UNRECOVERED_JUMPTABLE)
00403647	FUN_00403647	FUN_00403647	Global	DEFAULT	ANALYSIS	__stdcall	undefined	2	false	\N	false	00403647-00403695	\N	\N	undefined __stdcall FUN_00403647(PVOID param_1, PEXCEPTION_RECORD param_2)
00403696	FUN_00403696	FUN_00403696	Global	DEFAULT	ANALYSIS	__cdecl	undefined4	4	false	\N	false	00403696-004036cb	\N	\N	undefined4 __cdecl FUN_00403696(PEXCEPTION_RECORD param_1, PVOID param_2, DWORD param_3, undefined4 param_4)
004036e6	FUN_004036e6	FUN_004036e6	Global	DEFAULT	ANALYSIS	__cdecl	undefined4	5	false	\N	false	004036e6-00403739	\N	\N	undefined4 __cdecl FUN_004036e6(undefined4 param_1, undefined4 param_2, undefined4 param_3, int param_4, int param_5)
0040373a	FUN_0040373a	FUN_0040373a	Global	DEFAULT	ANALYSIS	__cdecl	undefined	3	false	\N	false	0040373a-0040375e	\N	\N	undefined __cdecl FUN_0040373a(PEXCEPTION_RECORD param_1, PVOID param_2, DWORD param_3)
0040375f	FUN_0040375f	FUN_0040375f	Global	DEFAULT	ANALYSIS	__cdecl	undefined4	7	false	\N	false	0040375f-00403814	\N	\N	undefined4 __cdecl FUN_0040375f(undefined4 * param_1, undefined4 param_2, undefined4 param_3, undefined4 param_4, undefined4 param_5, undefined4 param_6, undefined4 param_7)
00403815	FUN_00403815	FUN_00403815	Global	DEFAULT	ANALYSIS	__cdecl	undefined4	3	false	\N	false	00403815-00403881;00403885-00403889	\N	\N	undefined4 __cdecl FUN_00403815(PEXCEPTION_RECORD param_1, PVOID param_2, DWORD param_3)
0040388a	FUN_0040388a	FUN_0040388a	Global	DEFAULT	ANALYSIS	__cdecl	int	5	false	\N	false	0040388a-00403904	\N	\N	int __cdecl FUN_0040388a(int param_1, int param_2, int param_3, uint * param_4, uint * param_5)
00403908	__global_unwind2	__global_unwind2	Global	ANALYSIS	ANALYSIS	__cdecl	undefined	1	false	\N	false	00403908-00403927	Library Function - Single Match\n __global_unwind2\n\nLibrary: Visual Studio	\N	undefined __cdecl __global_unwind2(PVOID param_1)
0040394a	__local_unwind2	__local_unwind2	Global	ANALYSIS	ANALYSIS	__cdecl	undefined	2	false	\N	false	0040394a-004039b1	Library Function - Single Match\n __local_unwind2\n\nLibraries: Visual Studio 1998 Debug, Visual Studio 1998 Release, Visual Studio 2003 Debug, Visual Studio 2003 Release	\N	undefined __cdecl __local_unwind2(int param_1, int param_2)
004039b2	__abnormal_termination	__abnormal_termination	Global	ANALYSIS	IMPORTED	__cdecl	int	0	false	\N	false	004039b2-004039d4	Library Function - Single Match\n __abnormal_termination\n\nLibrary: Visual Studio	\N	int __cdecl __abnormal_termination(void)
004039d5	__NLG_Notify1	__NLG_Notify1	Global	ANALYSIS	ANALYSIS	__fastcall	undefined	1	false	\N	false	004039d5-004039dd	Library Function - Single Match\n __NLG_Notify1\n\nLibraries: Visual Studio 2017 Debug, Visual Studio 2017 Release, Visual Studio 2019 Debug, Visual Studio 2019 Release	\N	undefined __fastcall __NLG_Notify1(undefined4 param_1)
004039de	FUN_004039de	FUN_004039de	Global	DEFAULT	ANALYSIS	__stdcall	undefined	0	false	\N	false	004039de-004039f5	\N	\N	undefined __stdcall FUN_004039de(void)
004039f6	FUN_004039f6	FUN_004039f6	Global	DEFAULT	ANALYSIS	__cdecl	int	3	false	\N	false	004039f6-00403a46	\N	\N	int __cdecl FUN_004039f6(undefined1 * param_1, int param_2, byte * param_3)
00403a48	__ftol	__ftol	Global	ANALYSIS	ANALYSIS	__stdcall	longlong	0	false	\N	false	00403a48-00403a6e	Library Function - Single Match\n __ftol\n\nLibrary: Visual Studio	\N	longlong __stdcall __ftol(void)
00403a6f	FUN_00403a6f	FUN_00403a6f	Global	DEFAULT	ANALYSIS	__stdcall	undefined	0	false	\N	false	00403a6f-00403a97	\N	\N	undefined __stdcall FUN_00403a6f(void)
00403b04	FUN_00403b04	FUN_00403b04	Global	DEFAULT	ANALYSIS	__cdecl	undefined	1	false	\N	false	00403b04-00403b64	\N	\N	undefined __cdecl FUN_00403b04(int param_1)
00403b65	FUN_00403b65	FUN_00403b65	Global	DEFAULT	ANALYSIS	__cdecl	undefined	1	false	\N	false	00403b65-00403b79	\N	\N	undefined __cdecl FUN_00403b65(int param_1)
00403b92	FUN_00403b92	FUN_00403b92	Global	DEFAULT	ANALYSIS	__cdecl	uint	2	false	\N	false	00403b92-00403ca9	\N	\N	uint __cdecl FUN_00403b92(uint param_1, int * param_2)
00403caa	FUN_00403caa	FUN_00403caa	Global	DEFAULT	ANALYSIS	__cdecl	int	3	false	\N	false	00403caa-004043ca	\N	\N	int __cdecl FUN_00403caa(int * param_1, byte * param_2, undefined4 * param_3)
004043eb	FUN_004043eb	FUN_004043eb	Global	DEFAULT	ANALYSIS	__cdecl	undefined	3	false	\N	false	004043eb-0040441f	\N	\N	undefined __cdecl FUN_004043eb(uint param_1, int * param_2, int * param_3)
00404420	FUN_00404420	FUN_00404420	Global	DEFAULT	ANALYSIS	__cdecl	undefined	4	false	\N	false	00404420-00404450	\N	\N	undefined __cdecl FUN_00404420(uint param_1, int param_2, int * param_3, int * param_4)
00404451	FUN_00404451	FUN_00404451	Global	DEFAULT	ANALYSIS	__cdecl	undefined	4	false	\N	false	00404451-00404488	\N	\N	undefined __cdecl FUN_00404451(char * param_1, int param_2, int * param_3, int * param_4)
00404489	FUN_00404489	FUN_00404489	Global	DEFAULT	ANALYSIS	__cdecl	undefined4	1	false	\N	false	00404489-00404495	\N	\N	undefined4 __cdecl FUN_00404489(int * param_1)
00404496	FUN_00404496	FUN_00404496	Global	DEFAULT	ANALYSIS	__cdecl	undefined8	1	false	\N	false	00404496-004044a5	\N	\N	undefined8 __cdecl FUN_00404496(int * param_1)
004044a6	FUN_004044a6	FUN_004044a6	Global	DEFAULT	ANALYSIS	__cdecl	undefined4	1	false	\N	false	004044a6-004044b3	\N	\N	undefined4 __cdecl FUN_004044a6(int * param_1)
004044b4	_malloc	_malloc	Global	ANALYSIS	IMPORTED	__cdecl	void *	1	false	\N	false	004044b4-004044c5	Library Function - Single Match\n _malloc\n\nLibrary: Visual Studio 2003 Release	\N	void * __cdecl _malloc(size_t _Size)
004044c6	__nh_malloc	__nh_malloc	Global	ANALYSIS	IMPORTED	__cdecl	void *	2	false	\N	false	004044c6-004044f1	Library Function - Single Match\n __nh_malloc\n\nLibrary: Visual Studio 2003 Release	\N	void * __cdecl __nh_malloc(size_t _Size, int _NhFlag)
004044f2	FUN_004044f2	FUN_004044f2	Global	DEFAULT	ANALYSIS	__cdecl	undefined	1	false	\N	false	004044f2-00404558;00404562-004045b4;004045c1-004045ed	\N	\N	undefined __cdecl FUN_004044f2(uint * param_1)
00404559	FUN_00404559	FUN_00404559	Global	DEFAULT	ANALYSIS	__stdcall	undefined	0	false	\N	false	00404559-00404561	\N	\N	undefined __stdcall FUN_00404559(void)
004045b8	FUN_004045b8	FUN_004045b8	Global	DEFAULT	ANALYSIS	__stdcall	undefined	0	false	\N	false	004045b8-004045c0	\N	\N	undefined __stdcall FUN_004045b8(void)
004045ee	FUN_004045ee	FUN_004045ee	Global	DEFAULT	ANALYSIS	__cdecl	undefined	1	false	\N	false	004045ee-00404660	\N	\N	undefined __cdecl FUN_004045ee(uint param_1)
00404661	FUN_00404661	FUN_00404661	Global	DEFAULT	ANALYSIS	__stdcall	DWORD *	0	false	\N	false	00404661-00404669	\N	\N	DWORD * __stdcall FUN_00404661(void)
0040466a	FUN_0040466a	FUN_0040466a	Global	DEFAULT	ANALYSIS	__stdcall	DWORD *	0	false	\N	false	0040466a-00404672	\N	\N	DWORD * __stdcall FUN_0040466a(void)
00404673	FUN_00404673	FUN_00404673	Global	DEFAULT	ANALYSIS	__cdecl	typedef LONG long	2	false	\N	false	00404673-004047b0	\N	\N	LONG __cdecl FUN_00404673(int param_1, _EXCEPTION_POINTERS * param_2)
004047b1	FUN_004047b1	FUN_004047b1	Global	DEFAULT	ANALYSIS	__cdecl	int *	2	false	\N	false	004047b1-004047ea	\N	\N	int * __cdecl FUN_004047b1(int param_1, int * param_2)
004047eb	FUN_004047eb	FUN_004047eb	Global	DEFAULT	ANALYSIS	__stdcall	byte *	0	false	\N	false	004047eb-00404842	\N	\N	byte * __stdcall FUN_004047eb(void)
00404843	FUN_00404843	FUN_00404843	Global	DEFAULT	ANALYSIS	__stdcall	undefined	0	false	\N	false	00404843-004048fb	\N	\N	undefined __stdcall FUN_00404843(void)
004048fc	FUN_004048fc	FUN_004048fc	Global	DEFAULT	ANALYSIS	__stdcall	undefined	0	false	\N	false	004048fc-00404994	\N	\N	undefined __stdcall FUN_004048fc(void)
00404995	FUN_00404995	FUN_00404995	Global	DEFAULT	ANALYSIS	__cdecl	undefined	5	false	\N	false	00404995-00404b48	\N	\N	undefined __cdecl FUN_00404995(byte * param_1, undefined4 * param_2, byte * param_3, int * param_4, int * param_5)
00404b49	FUN_00404b49	FUN_00404b49	Global	DEFAULT	ANALYSIS	__stdcall	typedef LPSTR CHAR *	0	false	\N	false	00404b49-00404c7a	\N	\N	LPSTR __stdcall FUN_00404b49(void)
00404c7b	FUN_00404c7b	FUN_00404c7b	Global	DEFAULT	ANALYSIS	__stdcall	undefined	0	false	\N	false	00404c7b-00404e36	\N	\N	undefined __stdcall FUN_00404c7b(void)
00404e37	FUN_00404e37	FUN_00404e37	Global	DEFAULT	ANALYSIS	__stdcall	undefined	0	false	\N	false	00404e37-00404e8a	\N	\N	undefined __stdcall FUN_00404e37(void)
00404e8b	FUN_00404e8b	FUN_00404e8b	Global	DEFAULT	ANALYSIS	__stdcall	undefined4	0	false	\N	false	00404e8b-00404ede	\N	\N	undefined4 __stdcall FUN_00404e8b(void)
00404efd	FUN_00404efd	FUN_00404efd	Global	DEFAULT	ANALYSIS	__cdecl	undefined	1	false	\N	false	00404efd-00404f0f	\N	\N	undefined __cdecl FUN_00404efd(int param_1)
00404f10	FUN_00404f10	FUN_00404f10	Global	DEFAULT	ANALYSIS	__stdcall	DWORD *	0	false	\N	false	00404f10-00404f76	\N	\N	DWORD * __stdcall FUN_00404f10(void)
00405023	FUN_00405023	FUN_00405023	Global	DEFAULT	ANALYSIS	__cdecl	undefined	1	false	\N	false	00405023-0040504f	\N	\N	undefined __cdecl FUN_00405023(undefined4 * param_1)
00405050	FUN_00405050	FUN_00405050	Global	DEFAULT	ANALYSIS	__stdcall	int	0	false	\N	false	00405050-00405197	\N	\N	int __stdcall FUN_00405050(void)
00405198	FUN_00405198	FUN_00405198	Global	DEFAULT	ANALYSIS	__cdecl	undefined4	1	false	\N	false	00405198-004051f4	\N	\N	undefined4 __cdecl FUN_00405198(int param_1)
00405365	FUN_00405365	FUN_00405365	Global	DEFAULT	ANALYSIS	__stdcall	undefined	1	false	\N	false	00405365-0040537f	\N	\N	undefined __stdcall FUN_00405365(int param_1)
00405380	FUN_00405380	FUN_00405380	Global	DEFAULT	ANALYSIS	__stdcall	undefined	0	false	\N	false	00405380-004053b8	\N	\N	undefined __stdcall FUN_00405380(void)
004053b9	FUN_004053b9	FUN_004053b9	Global	DEFAULT	ANALYSIS	__cdecl	undefined	1	false	\N	false	004053b9-0040550b	\N	\N	undefined __cdecl FUN_004053b9(DWORD param_1)
0040553d	FUN_0040553d	FUN_0040553d	Global	DEFAULT	ANALYSIS	__fastcall	undefined	1	false	\N	false	0040553d-0040554e	\N	\N	undefined __fastcall FUN_0040553d(void * param_1)
0040554f	FUN_0040554f	FUN_0040554f	Global	DEFAULT	ANALYSIS	__stdcall	undefined4	0	false	\N	false	0040554f-0040558c	\N	\N	undefined4 __stdcall FUN_0040554f(void)
0040558d	FUN_0040558d	FUN_0040558d	Global	DEFAULT	ANALYSIS	__stdcall	undefined	0	false	\N	false	0040558d-004055b5	\N	\N	undefined __stdcall FUN_0040558d(void)
004055b6	FUN_004055b6	FUN_004055b6	Global	DEFAULT	ANALYSIS	__cdecl	undefined	1	false	\N	false	004055b6-0040560f	\N	\N	undefined __cdecl FUN_004055b6(char * param_1)
00405676	__fassign	__fassign	Global	ANALYSIS	IMPORTED	__cdecl	void	3	false	\N	false	00405676-004056b3	Library Function - Single Match\n __fassign\n\nLibrary: Visual Studio 2003 Release	\N	void __cdecl __fassign(int flag, char * argument, char * number)
004056b4	FUN_004056b4	FUN_004056b4	Global	DEFAULT	ANALYSIS	__cdecl	undefined1 *	4	false	\N	false	004056b4-00405714	\N	\N	undefined1 * __cdecl FUN_004056b4(undefined8 * param_1, undefined1 * param_2, int param_3, int param_4)
00405715	FUN_00405715	FUN_00405715	Global	DEFAULT	ANALYSIS	__cdecl	undefined1 *	5	false	\N	false	00405715-004057d6	\N	\N	undefined1 * __cdecl FUN_00405715(undefined1 * param_1, int param_2, int param_3, int * param_4, char param_5)
004057d7	FUN_004057d7	FUN_004057d7	Global	DEFAULT	ANALYSIS	__cdecl	char *	3	false	\N	false	004057d7-0040582b	\N	\N	char * __cdecl FUN_004057d7(undefined8 * param_1, char * param_2, size_t param_3)
0040582c	FUN_0040582c	FUN_0040582c	Global	DEFAULT	ANALYSIS	__cdecl	char *	4	false	\N	false	0040582c-004058d2	\N	\N	char * __cdecl FUN_0040582c(char * param_1, size_t param_2, int * param_3, char param_4)
004058d3	FUN_004058d3	FUN_004058d3	Global	DEFAULT	ANALYSIS	__cdecl	undefined	4	false	\N	false	004058d3-00405965	\N	\N	undefined __cdecl FUN_004058d3(undefined8 * param_1, char * param_2, size_t param_3, int param_4)
00405966	__cfltcvt	__cfltcvt	Global	ANALYSIS	IMPORTED	__cdecl	typedef errno_t int	6	false	\N	false	00405966-004059b6	Library Function - Single Match\n __cfltcvt\n\nLibrary: Visual Studio 2003 Release	\N	errno_t __cdecl __cfltcvt(double * arg, char * buffer, size_t sizeInBytes, int format, int precision, int caps)
004059b7	FUN_004059b7	FUN_004059b7	Global	DEFAULT	ANALYSIS	__cdecl	undefined	2	false	\N	false	004059b7-004059db	\N	\N	undefined __cdecl FUN_004059b7(char * param_1, int param_2)
004059fb	FUN_004059fb	FUN_004059fb	Global	DEFAULT	ANALYSIS	__cdecl	undefined4	1	false	\N	false	004059fb-00405aad	\N	\N	undefined4 __cdecl FUN_004059fb(uint param_1)
00405aae	FUN_00405aae	FUN_00405aae	Global	DEFAULT	ANALYSIS	__cdecl	undefined4	1	false	\N	false	00405aae-00405af5	\N	\N	undefined4 __cdecl FUN_00405aae(undefined4 param_1)
00405af6	FUN_00405af6	FUN_00405af6	Global	DEFAULT	ANALYSIS	__cdecl	uint	1	false	\N	false	00405af6-00405b20	\N	\N	uint __cdecl FUN_00405af6(int param_1)
00405b21	FUN_00405b21	FUN_00405b21	Global	DEFAULT	ANALYSIS	__cdecl	undefined	2	false	\N	false	00405b21-00405e49	\N	\N	undefined __cdecl FUN_00405b21(uint * param_1, int param_2)
00405e4a	FUN_00405e4a	FUN_00405e4a	Global	DEFAULT	ANALYSIS	__cdecl	int *	1	false	\N	false	00405e4a-00406152	\N	\N	int * __cdecl FUN_00405e4a(uint * param_1)
00406153	FUN_00406153	FUN_00406153	Global	DEFAULT	ANALYSIS	__stdcall	undefined4 *	0	false	\N	false	00406153-00406203	\N	\N	undefined4 * __stdcall FUN_00406153(void)
00406204	FUN_00406204	FUN_00406204	Global	DEFAULT	ANALYSIS	__cdecl	int	1	false	\N	false	00406204-004062fe	\N	\N	int __cdecl FUN_00406204(int param_1)
004062ff	FUN_004062ff	FUN_004062ff	Global	DEFAULT	ANALYSIS	__cdecl	undefined4	3	false	\N	false	004062ff-004065f4	\N	\N	undefined4 __cdecl FUN_004062ff(uint * param_1, int param_2, int param_3)
004066c6	FUN_004066c6	FUN_004066c6	Global	DEFAULT	ANALYSIS	__stdcall	undefined4	0	false	\N	false	004066c6-004069f4	\N	\N	undefined4 __stdcall FUN_004066c6(void)
00406a17	FUN_00406a17	FUN_00406a17	Global	DEFAULT	ANALYSIS	__stdcall	undefined * *	0	false	\N	false	00406a17-00406b5a	\N	\N	undefined * * __stdcall FUN_00406a17(void)
00406b5b	FUN_00406b5b	FUN_00406b5b	Global	DEFAULT	ANALYSIS	__cdecl	undefined	1	false	\N	false	00406b5b-00406bb0	\N	\N	undefined __cdecl FUN_00406b5b(undefined * * param_1)
00406bb1	FUN_00406bb1	FUN_00406bb1	Global	DEFAULT	ANALYSIS	__cdecl	undefined	1	false	\N	false	00406bb1-00406c72	\N	\N	undefined __cdecl FUN_00406bb1(int param_1)
00406c73	FUN_00406c73	FUN_00406c73	Global	DEFAULT	ANALYSIS	__cdecl	int	3	false	\N	false	00406c73-00406cc9	\N	\N	int __cdecl FUN_00406c73(undefined * param_1, undefined4 * param_2, uint * param_3)
00406cca	FUN_00406cca	FUN_00406cca	Global	DEFAULT	ANALYSIS	__cdecl	undefined	3	false	\N	false	00406cca-00406d0e	\N	\N	undefined __cdecl FUN_00406cca(int param_1, int param_2, byte * param_3)
00406d0f	FUN_00406d0f	FUN_00406d0f	Global	DEFAULT	ANALYSIS	__cdecl	int *	1	false	\N	false	00406d0f-00406f16	\N	\N	int * __cdecl FUN_00406d0f(uint param_1)
00406f17	FUN_00406f17	FUN_00406f17	Global	DEFAULT	ANALYSIS	__cdecl	int	3	false	\N	false	00406f17-0040703a	\N	\N	int __cdecl FUN_00406f17(int * param_1, uint param_2, uint param_3)
0040703b	FUN_0040703b	FUN_0040703b	Global	DEFAULT	ANALYSIS	__cdecl	undefined4	4	false	\N	false	0040703b-004070e3	\N	\N	undefined4 __cdecl FUN_0040703b(int param_1, int * param_2, byte * param_3, uint param_4)
004070e4	FUN_004070e4	FUN_004070e4	Global	DEFAULT	ANALYSIS	__stdcall	int	0	false	\N	false	004070e4-00407241	\N	\N	int __stdcall FUN_004070e4(void)
00407242	FUN_00407242	FUN_00407242	Global	DEFAULT	ANALYSIS	__thiscall	uint	3	false	\N	false	00407242-004072b6	\N	\N	uint __thiscall FUN_00407242(int param_1, uint param_2)
004072b7	FUN_004072b7	FUN_004072b7	Global	DEFAULT	ANALYSIS	__cdecl	undefined4	1	false	\N	false	004072b7-00407343	\N	\N	undefined4 __cdecl FUN_004072b7(undefined4 * param_1)
00407344	FUN_00407344	FUN_00407344	Global	DEFAULT	ANALYSIS	__cdecl	undefined	2	false	\N	false	00407344-0040736d	\N	\N	undefined __cdecl FUN_00407344(int param_1, int * param_2)
0040736e	FUN_0040736e	FUN_0040736e	Global	DEFAULT	ANALYSIS	__cdecl	int *	2	false	\N	false	0040736e-00407401;00407410-0040748a;00407499-004074aa	\N	\N	int * __cdecl FUN_0040736e(int param_1, int param_2)
00407407	FUN_00407407	FUN_00407407	Global	DEFAULT	ANALYSIS	__stdcall	undefined	0	false	\N	false	00407407-0040740f	\N	\N	undefined __stdcall FUN_00407407(void)
00407490	FUN_00407490	FUN_00407490	Global	DEFAULT	ANALYSIS	__stdcall	undefined	0	false	\N	false	00407490-00407498	\N	\N	undefined __stdcall FUN_00407490(void)
0040752c	FUN_0040752c	FUN_0040752c	Global	DEFAULT	ANALYSIS	__cdecl	int	1	false	\N	false	0040752c-0040755a	\N	\N	int __cdecl FUN_0040752c(int * param_1)
0040755b	FUN_0040755b	FUN_0040755b	Global	DEFAULT	ANALYSIS	__cdecl	int	1	false	\N	false	0040755b-00407588	\N	\N	int __cdecl FUN_0040755b(int * param_1)
00407589	FUN_00407589	FUN_00407589	Global	DEFAULT	ANALYSIS	__cdecl	undefined4	1	false	\N	false	00407589-004075e4	\N	\N	undefined4 __cdecl FUN_00407589(int * param_1)
004075ee	FUN_004075ee	FUN_004075ee	Global	DEFAULT	ANALYSIS	__cdecl	int	1	false	\N	false	004075ee-00407691	\N	\N	int __cdecl FUN_004075ee(int param_1)
00407692	FUN_00407692	FUN_00407692	Global	DEFAULT	ANALYSIS	__cdecl	undefined4	8	false	\N	false	00407692-0040772c	\N	\N	undefined4 __cdecl FUN_00407692(PEXCEPTION_RECORD param_1, PVOID param_2, DWORD param_3, undefined4 param_4, int * param_5, int param_6, PVOID param_7, char param_8)
0040772d	FUN_0040772d	FUN_0040772d	Global	DEFAULT	ANALYSIS	__cdecl	undefined	8	false	\N	false	0040772d-004078df	\N	\N	undefined __cdecl FUN_0040772d(PEXCEPTION_RECORD param_1, PVOID param_2, DWORD param_3, undefined4 param_4, int param_5, char param_6, int param_7, PVOID param_8)
004078e0	FUN_004078e0	FUN_004078e0	Global	DEFAULT	ANALYSIS	__cdecl	undefined	8	false	\N	false	004078e0-00407989	\N	\N	undefined __cdecl FUN_004078e0(PEXCEPTION_RECORD param_1, PVOID param_2, DWORD param_3, undefined4 param_4, int param_5, int param_6, int param_7, PVOID param_8)
0040798a	FUN_0040798a	FUN_0040798a	Global	DEFAULT	ANALYSIS	__cdecl	undefined4	3	false	\N	false	0040798a-004079e6	\N	\N	undefined4 __cdecl FUN_0040798a(byte * param_1, byte * param_2, uint * param_3)
004079e7	FUN_004079e7	FUN_004079e7	Global	DEFAULT	ANALYSIS	__cdecl	undefined	4	false	\N	false	004079e7-00407a4d;00407a68-00407a84	\N	\N	undefined __cdecl FUN_004079e7(int param_1, undefined4 param_2, int param_3, int param_4)
00407a9b	FUN_00407a9b	FUN_00407a9b	Global	DEFAULT	ANALYSIS	__cdecl	undefined	10	false	\N	false	00407a9b-00407b15	\N	\N	undefined __cdecl FUN_00407a9b(PEXCEPTION_RECORD param_1, PVOID param_2, DWORD param_3, undefined4 param_4, int param_5, byte * param_6, byte * param_7, int * param_8, int param_9, PVOID param_10)
00407b16	FUN_00407b16	FUN_00407b16	Global	DEFAULT	ANALYSIS	__cdecl	undefined4	7	false	\N	false	00407b16-00407bba	\N	\N	undefined4 __cdecl FUN_00407b16(DWORD param_1, undefined4 param_2, DWORD param_3, undefined4 param_4, undefined4 param_5, int param_6, int param_7)
00407be3	FUN_00407be3	FUN_00407be3	Global	DEFAULT	ANALYSIS	__stdcall	undefined	0	false	\N	false	00407be3-00407c30	\N	\N	undefined __stdcall FUN_00407be3(void)
00407c5b	FUN_00407c5b	FUN_00407c5b	Global	DEFAULT	ANALYSIS	__cdecl	undefined	4	false	\N	false	00407c5b-00407e12	\N	\N	undefined __cdecl FUN_00407c5b(int param_1, int param_2, byte * param_3, byte * param_4)
00407e1f	FUN_00407e1f	FUN_00407e1f	Global	DEFAULT	ANALYSIS	__cdecl	undefined	1	false	\N	false	00407e1f-00407e74	\N	\N	undefined __cdecl FUN_00407e1f(int param_1)
00407e86	FUN_00407e86	FUN_00407e86	Global	DEFAULT	ANALYSIS	__cdecl	int	2	false	\N	false	00407e86-00407ea8	\N	\N	int __cdecl FUN_00407e86(int param_1, int * param_2)
00407eb0	__CallSettingFrame@12	__CallSettingFrame@12	Global	ANALYSIS	ANALYSIS	__stdcall	undefined	3	false	\N	false	00407eb0-00407efb	Library Function - Single Match\n __CallSettingFrame@12\n\nLibraries: Visual Studio 2017 Debug, Visual Studio 2017 Release, Visual Studio 2019 Debug, Visual Studio 2019 Release	\N	undefined __stdcall __CallSettingFrame@12(undefined4 param_1, undefined4 param_2, int param_3)
00407efc	FUN_00407efc	FUN_00407efc	Global	DEFAULT	ANALYSIS	__stdcall	undefined	0	false	\N	false	00407efc-00407f43;00407f4f-00407f5c	\N	\N	undefined __stdcall FUN_00407efc(void)
00407f75	FUN_00407f75	FUN_00407f75	Global	DEFAULT	ANALYSIS	__stdcall	undefined	0	false	\N	false	00407f75-00407fb1;00407fb9-00407fca	\N	\N	undefined __stdcall FUN_00407f75(void)
00407fcb	FUN_00407fcb	FUN_00407fcb	Global	DEFAULT	ANALYSIS	__cdecl	typedef DWORD ulong	3	false	\N	false	00407fcb-0040802f	\N	\N	DWORD __cdecl FUN_00407fcb(uint param_1, LONG param_2, DWORD param_3)
00408030	FUN_00408030	FUN_00408030	Global	DEFAULT	ANALYSIS	__cdecl	typedef DWORD ulong	3	false	\N	false	00408030-004080a2	\N	\N	DWORD __cdecl FUN_00408030(uint param_1, LONG param_2, DWORD param_3)
004080a3	FUN_004080a3	FUN_004080a3	Global	DEFAULT	ANALYSIS	__cdecl	int	3	false	\N	false	004080a3-00408107	\N	\N	int __cdecl FUN_004080a3(uint param_1, char * param_2, uint param_3)
00408108	FUN_00408108	FUN_00408108	Global	DEFAULT	ANALYSIS	__cdecl	int	3	false	\N	false	00408108-00408292	\N	\N	int __cdecl FUN_00408108(DWORD param_1, char * param_2, uint param_3)
00408293	FUN_00408293	FUN_00408293	Global	DEFAULT	ANALYSIS	__cdecl	undefined	1	false	\N	false	00408293-004082d6	\N	\N	undefined __cdecl FUN_00408293(undefined4 * param_1)
004082d7	FUN_004082d7	FUN_004082d7	Global	DEFAULT	ANALYSIS	__cdecl	byte	1	false	\N	false	004082d7-004082ff	\N	\N	byte __cdecl FUN_004082d7(uint param_1)
00408300	FUN_00408300	FUN_00408300	Global	DEFAULT	ANALYSIS	__cdecl	int	2	false	\N	false	00408300-00408358	\N	\N	int __cdecl FUN_00408300(LPSTR param_1, WCHAR param_2)
00408359	FUN_00408359	FUN_00408359	Global	DEFAULT	ANALYSIS	__cdecl	int	2	false	\N	false	00408359-004083c1	\N	\N	int __cdecl FUN_00408359(LPSTR param_1, WCHAR param_2)
004083d0	__aulldiv	__aulldiv	Global	ANALYSIS	ANALYSIS	__stdcall	undefined8	4	false	\N	false	004083d0-00408437	Library Function - Single Match\n __aulldiv\n\nLibrary: Visual Studio	\N	undefined8 __stdcall __aulldiv(uint param_1, uint param_2, uint param_3, uint param_4)
00408440	__aullrem	__aullrem	Global	ANALYSIS	ANALYSIS	__stdcall	undefined8	4	false	\N	false	00408440-004084b4	Library Function - Single Match\n __aullrem\n\nLibrary: Visual Studio	\N	undefined8 __stdcall __aullrem(uint param_1, uint param_2, uint param_3, uint param_4)
004084df	FUN_004084df	FUN_004084df	Global	DEFAULT	ANALYSIS	__cdecl	undefined4	1	false	\N	false	004084df-004084f9	\N	\N	undefined4 __cdecl FUN_004084df(undefined4 param_1)
0040858e	FUN_0040858e	FUN_0040858e	Global	DEFAULT	ANALYSIS	__cdecl	undefined	1	false	\N	false	0040858e-0040859e	\N	\N	undefined __cdecl FUN_0040858e(byte param_1)
004085d7	FUN_004085d7	FUN_004085d7	Global	DEFAULT	ANALYSIS	__cdecl	undefined4	3	false	\N	false	004085d7-00408607	\N	\N	undefined4 __cdecl FUN_004085d7(byte param_1, uint param_2, byte param_3)
00408608	FUN_00408608	FUN_00408608	Global	DEFAULT	ANALYSIS	__cdecl	undefined4	1	false	\N	false	00408608-004087b4	\N	\N	undefined4 __cdecl FUN_00408608(int param_1)
004087b5	FUN_004087b5	FUN_004087b5	Global	DEFAULT	ANALYSIS	__cdecl	int	1	false	\N	false	004087b5-004087fe	\N	\N	int __cdecl FUN_004087b5(int param_1)
004087ff	FUN_004087ff	FUN_004087ff	Global	DEFAULT	ANALYSIS	__cdecl	undefined4	1	false	\N	false	004087ff-00408831	\N	\N	undefined4 __cdecl FUN_004087ff(int param_1)
00408832	FUN_00408832	FUN_00408832	Global	DEFAULT	ANALYSIS	__stdcall	undefined	0	false	\N	false	00408832-0040885a	\N	\N	undefined __stdcall FUN_00408832(void)
0040885b	FUN_0040885b	FUN_0040885b	Global	DEFAULT	ANALYSIS	__stdcall	undefined	0	false	\N	false	0040885b-004089df	\N	\N	undefined __stdcall FUN_0040885b(void)
004089f0	FUN_004089f0	FUN_004089f0	Global	DEFAULT	ANALYSIS	__stdcall	undefined	0	false	\N	false	004089f0-00408a0b	\N	\N	undefined __stdcall FUN_004089f0(void)
00408a10	FUN_00408a10	FUN_00408a10	Global	DEFAULT	ANALYSIS	__cdecl	undefined4 *	3	false	\N	false	00408a10-00408a6a;00408a6c-00408a72;00408a80-00408aa8;00408aac-00408ace;00408ad0-00408ae8;00408b0c-00408b55;00408b68-00408b6e;00408b70-00408b7a;00408b7c-00408b8c;00408b90-00408ba6;00408ba8-00408bcd;00408bd0-00408bd8;00408bdc-00408bfa;00408c08-00408c24;00408c28-00408c4e;00408c50-00408c80;00408ca4-00408ced;00408d00-00408d06;00408d08-00408d14;00408d18-00408d2a;00408d2c-00408d44	\N	\N	undefined4 * __cdecl FUN_00408a10(undefined4 * param_1, undefined4 * param_2, uint param_3)
00408d45	FUN_00408d45	FUN_00408d45	Global	DEFAULT	ANALYSIS	__thiscall	undefined	4	false	\N	false	00408d45-00408d5b	\N	\N	undefined __thiscall FUN_00408d45(byte * param_1, int * param_2, undefined1 * param_3)
00408d5c	FUN_00408d5c	FUN_00408d5c	Global	DEFAULT	ANALYSIS	__thiscall	undefined1 *	5	false	\N	false	00408d5c-00408f60	\N	\N	undefined1 * __thiscall FUN_00408d5c(byte * param_1, int * param_2, undefined1 * param_3, uint param_4)
00408f90	_strchr	_strchr	Global	ANALYSIS	IMPORTED	__cdecl	char *	2	false	\N	false	00408f80-00408f84;00408f90-0040904b	Library Function - Single Match\n _strchr\n\nLibraries: Visual Studio 1998 Debug, Visual Studio 1998 Release	\N	char * __cdecl _strchr(char * _Str, int _Val)
00409050	_strstr	_strstr	Global	ANALYSIS	IMPORTED	__cdecl	char *	2	false	\N	false	00409050-004090cf	Library Function - Single Match\n _strstr\n\nLibraries: Visual Studio 1998 Debug, Visual Studio 1998 Release	\N	char * __cdecl _strstr(char * _Str, char * _SubStr)
004090d0	_strncmp	_strncmp	Global	ANALYSIS	IMPORTED	__cdecl	int	3	false	\N	false	004090d0-00409107	Library Function - Single Match\n _strncmp\n\nLibraries: Visual Studio 1998 Debug, Visual Studio 1998 Release	\N	int __cdecl _strncmp(char * _Str1, char * _Str2, size_t _MaxCount)
00409108	FUN_00409108	FUN_00409108	Global	DEFAULT	ANALYSIS	__cdecl	int	3	false	\N	false	00409108-00409190	\N	\N	int __cdecl FUN_00409108(undefined4 param_1, undefined4 param_2, undefined4 param_3)
004091a0	_strncpy	_strncpy	Global	ANALYSIS	IMPORTED	__cdecl	char *	3	false	\N	false	004091a0-0040929d	Library Function - Single Match\n _strncpy\n\nLibraries: Visual Studio 1998 Debug, Visual Studio 1998 Release	\N	char * __cdecl _strncpy(char * _Dest, char * _Source, size_t _Count)
0040929e	FUN_0040929e	FUN_0040929e	Global	DEFAULT	ANALYSIS	__stdcall	undefined	0	false	\N	false	0040929e-004092b0	\N	\N	undefined __stdcall FUN_0040929e(void)
004092b1	FUN_004092b1	FUN_004092b1	Global	DEFAULT	ANALYSIS	__stdcall	undefined	0	false	\N	false	004092b1-004092c4	\N	\N	undefined __stdcall FUN_004092b1(void)
004092c5	FUN_004092c5	FUN_004092c5	Global	DEFAULT	ANALYSIS	__thiscall	uint	3	false	\N	false	004092c5-004092f9	\N	\N	uint __thiscall FUN_004092c5(uint param_1, uint param_2)
004092fa	FUN_004092fa	FUN_004092fa	Global	DEFAULT	ANALYSIS	__thiscall	undefined	3	false	\N	false	004092fa-0040930f	\N	\N	undefined __thiscall FUN_004092fa(uint param_1, uint param_2)
0040933b	FUN_0040933b	FUN_0040933b	Global	DEFAULT	ANALYSIS	__cdecl	uint	1	false	\N	false	0040933b-004093cc	\N	\N	uint __cdecl FUN_0040933b(uint param_1)
004093cd	FUN_004093cd	FUN_004093cd	Global	DEFAULT	ANALYSIS	__cdecl	uint	1	false	\N	false	004093cd-00409455	\N	\N	uint __cdecl FUN_004093cd(uint param_1)
00409456	FUN_00409456	FUN_00409456	Global	DEFAULT	ANALYSIS	__cdecl	uint	1	false	\N	false	00409456-0040948a	\N	\N	uint __cdecl FUN_00409456(byte param_1)
00409493	FUN_00409493	FUN_00409493	Global	DEFAULT	ANALYSIS	__cdecl	uint	1	false	\N	false	00409493-00409501	\N	\N	uint __cdecl FUN_00409493(uint param_1)
00409502	FUN_00409502	FUN_00409502	Global	DEFAULT	ANALYSIS	__thiscall	uint	2	false	\N	false	00409502-004095cc	\N	\N	uint __thiscall FUN_00409502(uint param_1)
004095cd	FUN_004095cd	FUN_004095cd	Global	DEFAULT	ANALYSIS	__cdecl	undefined4	2	false	\N	false	004095cd-00409615	\N	\N	undefined4 __cdecl FUN_004095cd(int param_1, int param_2)
00409616	FUN_00409616	FUN_00409616	Global	DEFAULT	ANALYSIS	__cdecl	undefined	2	false	\N	false	00409616-0040966b	\N	\N	undefined __cdecl FUN_00409616(int param_1, int param_2)
0040966c	FUN_0040966c	FUN_0040966c	Global	DEFAULT	ANALYSIS	__cdecl	undefined4	2	false	\N	false	0040966c-004096f7	\N	\N	undefined4 __cdecl FUN_0040966c(int param_1, int param_2)
004096f8	FUN_004096f8	FUN_004096f8	Global	DEFAULT	ANALYSIS	__cdecl	undefined	2	false	\N	false	004096f8-00409712	\N	\N	undefined __cdecl FUN_004096f8(int param_1, undefined4 * param_2)
00409713	FUN_00409713	FUN_00409713	Global	DEFAULT	ANALYSIS	__cdecl	undefined	1	false	\N	false	00409713-0040971e	\N	\N	undefined __cdecl FUN_00409713(undefined4 * param_1)
0040971f	FUN_0040971f	FUN_0040971f	Global	DEFAULT	ANALYSIS	__cdecl	undefined4	1	false	\N	false	0040971f-00409739	\N	\N	undefined4 __cdecl FUN_0040971f(int * param_1)
0040973a	FUN_0040973a	FUN_0040973a	Global	DEFAULT	ANALYSIS	__cdecl	undefined	2	false	\N	false	0040973a-004097c6	\N	\N	undefined __cdecl FUN_0040973a(uint * param_1, uint param_2)
004097c7	FUN_004097c7	FUN_004097c7	Global	DEFAULT	ANALYSIS	__cdecl	undefined4	3	false	\N	false	004097c7-00409932	\N	\N	undefined4 __cdecl FUN_004097c7(ushort * param_1, uint * param_2, int * param_3)
00409933	FUN_00409933	FUN_00409933	Global	DEFAULT	ANALYSIS	__cdecl	undefined	2	false	\N	false	00409933-00409948	\N	\N	undefined __cdecl FUN_00409933(ushort * param_1, uint * param_2)
00409949	FUN_00409949	FUN_00409949	Global	DEFAULT	ANALYSIS	__cdecl	undefined	2	false	\N	false	00409949-0040995e	\N	\N	undefined __cdecl FUN_00409949(ushort * param_1, uint * param_2)
0040995f	FUN_0040995f	FUN_0040995f	Global	DEFAULT	ANALYSIS	__cdecl	undefined4	2	false	\N	false	0040995f-004099d8	\N	\N	undefined4 __cdecl FUN_0040995f(ushort * param_1, undefined4 * param_2)
004099d9	FUN_004099d9	FUN_004099d9	Global	DEFAULT	ANALYSIS	__thiscall	undefined	3	false	\N	false	004099d9-00409a05	\N	\N	undefined __thiscall FUN_004099d9(uint * param_1, byte * param_2)
00409a06	FUN_00409a06	FUN_00409a06	Global	DEFAULT	ANALYSIS	__thiscall	undefined	3	false	\N	false	00409a06-00409a33	\N	\N	undefined __thiscall FUN_00409a06(undefined4 * param_1, byte * param_2)
00409a34	FUN_00409a34	FUN_00409a34	Global	DEFAULT	ANALYSIS	__thiscall	undefined	3	false	\N	false	00409a34-00409a60	\N	\N	undefined __thiscall FUN_00409a34(uint * param_1, byte * param_2)
00409a61	FUN_00409a61	FUN_00409a61	Global	DEFAULT	ANALYSIS	__cdecl	undefined	3	false	\N	false	00409a61-00409ad7	\N	\N	undefined __cdecl FUN_00409a61(char * param_1, int param_2, int param_3)
00409ad8	FUN_00409ad8	FUN_00409ad8	Global	DEFAULT	ANALYSIS	__cdecl	int *	4	false	\N	false	00409ad8-00409b33	\N	\N	int * __cdecl FUN_00409ad8(undefined4 param_1, undefined4 param_2, int * param_3, uint * param_4)
00409b34	FUN_00409b34	FUN_00409b34	Global	DEFAULT	ANALYSIS	__cdecl	undefined	2	false	\N	false	00409b34-00409be9	\N	\N	undefined __cdecl FUN_00409b34(uint * param_1, uint * param_2)
00409bf0	_memset	_memset	Global	ANALYSIS	IMPORTED	__cdecl	void *	3	false	\N	false	00409bf0-00409c47	Library Function - Single Match\n _memset\n\nLibraries: Visual Studio 1998 Debug, Visual Studio 1998 Release	\N	void * __cdecl _memset(void * _Dst, int _Val, size_t _Size)
00409c50	FUN_00409c50	FUN_00409c50	Global	DEFAULT	ANALYSIS	__cdecl	undefined4 *	3	false	\N	false	00409c50-00409caa;00409cac-00409cb2;00409cc0-00409ce8;00409cec-00409d0e;00409d10-00409d28;00409d4c-00409d95;00409da8-00409dae;00409db0-00409dba;00409dbc-00409dcc;00409dd0-00409de6;00409de8-00409e0d;00409e10-00409e18;00409e1c-00409e3a;00409e48-00409e64;00409e68-00409e8e;00409e90-00409ec0;00409ee4-00409f2d;00409f40-00409f46;00409f48-00409f54;00409f58-00409f6a;00409f6c-00409f84	\N	\N	undefined4 * __cdecl FUN_00409c50(undefined4 * param_1, undefined4 * param_2, uint param_3)
00409f85	FUN_00409f85	FUN_00409f85	Global	DEFAULT	ANALYSIS	__stdcall	undefined	0	false	\N	false	00409f85-00409f8d	\N	\N	undefined __stdcall FUN_00409f85(void)
00409f8e	FUN_00409f8e	FUN_00409f8e	Global	DEFAULT	ANALYSIS	__cdecl	typedef BOOL int	7	false	\N	false	00409f8e-0040a086;0040a092-0040a0d6	\N	\N	BOOL __cdecl FUN_00409f8e(DWORD param_1, LPCSTR param_2, int param_3, LPWORD param_4, UINT param_5, LCID param_6, int param_7)
0040a0d7	FUN_0040a0d7	FUN_0040a0d7	Global	DEFAULT	ANALYSIS	__cdecl	undefined4	1	false	\N	false	0040a0d7-0040a107	\N	\N	undefined4 __cdecl FUN_0040a0d7(FILE * param_1)
0040a108	__fclose_lk	__fclose_lk	Global	ANALYSIS	ANALYSIS	__cdecl	undefined4	1	false	\N	false	0040a108-0040a153	Library Function - Single Match\n __fclose_lk\n\nLibrary: Visual Studio 2003 Release	\N	undefined4 __cdecl __fclose_lk(FILE * param_1)
0040a154	FUN_0040a154	FUN_0040a154	Global	DEFAULT	ANALYSIS	__cdecl	undefined4	1	false	\N	false	0040a154-0040a1e6	\N	\N	undefined4 __cdecl FUN_0040a154(uint param_1)
0040a1e7	FUN_0040a1e7	FUN_0040a1e7	Global	DEFAULT	ANALYSIS	__stdcall	int	1	false	\N	false	0040a1e7-0040a22c	\N	\N	int __stdcall FUN_0040a1e7(int * param_1)
0040a24b	FUN_0040a24b	FUN_0040a24b	Global	DEFAULT	ANALYSIS	__cdecl	bool	2	false	\N	false	0040a24b-0040a266	\N	\N	bool __cdecl FUN_0040a24b(void * param_1, UINT_PTR param_2)
0040a267	FUN_0040a267	FUN_0040a267	Global	DEFAULT	ANALYSIS	__cdecl	bool	2	false	\N	false	0040a267-0040a282	\N	\N	bool __cdecl FUN_0040a267(LPVOID param_1, UINT_PTR param_2)
0040a283	FUN_0040a283	FUN_0040a283	Global	DEFAULT	ANALYSIS	__cdecl	bool	1	false	\N	false	0040a283-0040a29a	\N	\N	bool __cdecl FUN_0040a283(FARPROC param_1)
0040a2a0	_strcmp	_strcmp	Global	ANALYSIS	IMPORTED	__cdecl	int	2	false	\N	false	0040a2a0-0040a2e2;0040a2e4-0040a2e9;0040a2ec-0040a323	Library Function - Single Match\n _strcmp\n\nLibraries: Visual Studio 1998 Debug, Visual Studio 1998 Release	\N	int __cdecl _strcmp(char * _Str1, char * _Str2)
0040a324	FUN_0040a324	FUN_0040a324	Global	DEFAULT	ANALYSIS	__stdcall	undefined	0	false	\N	false	0040a324-0040a33a	\N	\N	undefined __stdcall FUN_0040a324(void)
0040a33b	FUN_0040a33b	FUN_0040a33b	Global	DEFAULT	ANALYSIS	__stdcall	uint	0	false	\N	false	0040a33b-0040a45d	\N	\N	uint __stdcall FUN_0040a33b(void)
0040a45e	FUN_0040a45e	FUN_0040a45e	Global	DEFAULT	ANALYSIS	__cdecl	undefined4	2	false	\N	false	0040a45e-0040a4d9	\N	\N	undefined4 __cdecl FUN_0040a45e(uint param_1, HANDLE param_2)
0040a4da	FUN_0040a4da	FUN_0040a4da	Global	DEFAULT	ANALYSIS	__cdecl	undefined4	1	false	\N	false	0040a4da-0040a558	\N	\N	undefined4 __cdecl FUN_0040a4da(uint param_1)
0040a559	FUN_0040a559	FUN_0040a559	Global	DEFAULT	ANALYSIS	__cdecl	undefined4	1	false	\N	false	0040a559-0040a59a	\N	\N	undefined4 __cdecl FUN_0040a559(uint param_1)
0040a59b	FUN_0040a59b	FUN_0040a59b	Global	DEFAULT	ANALYSIS	__cdecl	uint	2	false	\N	false	0040a59b-0040a641	\N	\N	uint __cdecl FUN_0040a59b(HANDLE param_1, uint param_2)
0040a642	FUN_0040a642	FUN_0040a642	Global	DEFAULT	ANALYSIS	__cdecl	undefined	1	false	\N	false	0040a642-0040a6a0	\N	\N	undefined __cdecl FUN_0040a642(uint param_1)
0040a6a1	FUN_0040a6a1	FUN_0040a6a1	Global	DEFAULT	ANALYSIS	__cdecl	undefined	1	false	\N	false	0040a6a1-0040a6c2	\N	\N	undefined __cdecl FUN_0040a6a1(uint param_1)
0040a6c3	FUN_0040a6c3	FUN_0040a6c3	Global	DEFAULT	ANALYSIS	__cdecl	uint *	2	false	\N	false	0040a6c3-0040a908	\N	\N	uint * __cdecl FUN_0040a6c3(int param_1, uint * param_2)
0040a909	FUN_0040a909	FUN_0040a909	Global	DEFAULT	ANALYSIS	__cdecl	undefined4	2	false	\N	false	0040a909-0040aa23	\N	\N	undefined4 __cdecl FUN_0040a909(int param_1, uint * param_2)
0040aa24	FUN_0040aa24	FUN_0040aa24	Global	DEFAULT	ANALYSIS	__stdcall	uint *	0	false	\N	false	0040aa24-0040aadc	\N	\N	uint * __stdcall FUN_0040aa24(void)
0040aadd	FUN_0040aadd	FUN_0040aadd	Global	DEFAULT	ANALYSIS	__cdecl	uint *	4	false	\N	false	0040aadd-0040abf4	\N	\N	uint * __cdecl FUN_0040aadd(uint * param_1, uint * param_2, undefined4 * param_3, undefined4 * param_4)
0040abf8	FUN_0040abf8	FUN_0040abf8	Global	DEFAULT	ANALYSIS	__cdecl	undefined	2	false	\N	false	0040abf8-0040ac1c	\N	\N	undefined __cdecl FUN_0040abf8(uint * param_1, int param_2)
0040ac1d	FUN_0040ac1d	FUN_0040ac1d	Global	DEFAULT	ANALYSIS	__cdecl	undefined4	2	false	\N	false	0040ac1d-0040ace8	\N	\N	undefined4 __cdecl FUN_0040ac1d(char * param_1, byte * param_2)
0040ace9	FUN_0040ace9	FUN_0040ace9	Global	DEFAULT	ANALYSIS	__cdecl	undefined	2	false	\N	false	0040ace9-0040ad3b	\N	\N	undefined __cdecl FUN_0040ace9(uint * param_1, uint * param_2)
0040ad3c	FUN_0040ad3c	FUN_0040ad3c	Global	DEFAULT	ANALYSIS	__cdecl	int	8	false	\N	false	0040ad3c-0040ae4b;0040ae5f-0040aeff;0040af12-0040af5f	\N	\N	int __cdecl FUN_0040ad3c(LCID param_1, uint param_2, char * param_3, int param_4, LPWSTR param_5, int param_6, UINT param_7, int param_8)
0040af60	FUN_0040af60	FUN_0040af60	Global	DEFAULT	ANALYSIS	__cdecl	int	2	false	\N	false	0040af60-0040af8a	\N	\N	int __cdecl FUN_0040af60(char * param_1, int param_2)
0040af93	FUN_0040af93	FUN_0040af93	Global	DEFAULT	ANALYSIS	__cdecl	uint	1	false	\N	false	0040af93-0040b001	\N	\N	uint __cdecl FUN_0040af93(uint param_1)
0040b002	FUN_0040b002	FUN_0040b002	Global	DEFAULT	ANALYSIS	__thiscall	uint	2	false	\N	false	0040b002-0040b0cd	\N	\N	uint __thiscall FUN_0040b002(uint param_1)
0040b0ce	FUN_0040b0ce	FUN_0040b0ce	Global	DEFAULT	ANALYSIS	__cdecl	int	2	false	\N	false	0040b0ce-0040b24f	\N	\N	int __cdecl FUN_0040b0ce(int param_1, int param_2)
0040b2b2	FUN_0040b2b2	FUN_0040b2b2	Global	DEFAULT	ANALYSIS	__cdecl	undefined4	1	false	\N	false	0040b2b2-0040b433	\N	\N	undefined4 __cdecl FUN_0040b2b2(DWORD * param_1)
0040b434	FUN_0040b434	FUN_0040b434	Global	DEFAULT	ANALYSIS	__cdecl	uint	2	false	\N	false	0040b434-0040b470	\N	\N	uint __cdecl FUN_0040b434(int param_1, uint param_2)
0040b483	FUN_0040b483	FUN_0040b483	Global	DEFAULT	ANALYSIS	__cdecl	undefined4	3	false	\N	false	0040b483-0040b4a3	\N	\N	undefined4 __cdecl FUN_0040b483(uint param_1, uint param_2, uint * param_3)
0040b4a4	___add_12	___add_12	Global	ANALYSIS	ANALYSIS	__cdecl	undefined	2	false	\N	false	0040b4a4-0040b501	Library Function - Single Match\n ___add_12\n\nLibrary: Visual Studio 2003 Release	\N	undefined __cdecl ___add_12(uint * param_1, uint * param_2)
0040b502	FUN_0040b502	FUN_0040b502	Global	DEFAULT	ANALYSIS	__cdecl	undefined	1	false	\N	false	0040b502-0040b52f	\N	\N	undefined __cdecl FUN_0040b502(uint * param_1)
0040b530	FUN_0040b530	FUN_0040b530	Global	DEFAULT	ANALYSIS	__cdecl	undefined	1	false	\N	false	0040b530-0040b55c	\N	\N	undefined __cdecl FUN_0040b530(uint * param_1)
0040b55d	FUN_0040b55d	FUN_0040b55d	Global	DEFAULT	ANALYSIS	__cdecl	undefined	3	false	\N	false	0040b55d-0040b623	\N	\N	undefined __cdecl FUN_0040b55d(char * param_1, int param_2, uint * param_3)
0040b624	FUN_0040b624	FUN_0040b624	Global	DEFAULT	ANALYSIS	__thiscall	undefined4	8	false	\N	false	0040b624-0040bac4	\N	\N	undefined4 __thiscall FUN_0040b624(ushort * param_1, int * param_2, byte * param_3, int param_4, int param_5, int param_6, int param_7)
0040baf5	FUN_0040baf5	FUN_0040baf5	Global	DEFAULT	ANALYSIS	__thiscall	uint	5	false	\N	false	0040baf5-0040bb30	\N	\N	uint __thiscall FUN_0040baf5(undefined4 * param_1, int * param_2, byte * param_3, int param_4)
0040bb31	FUN_0040bb31	FUN_0040bb31	Global	DEFAULT	ANALYSIS	__cdecl	undefined4	6	false	\N	false	0040bb31-0040bdc3	\N	\N	undefined4 __cdecl FUN_0040bb31(uint param_1, uint param_2, uint param_3, int param_4, byte param_5, short * param_6)
0040bdc4	FUN_0040bdc4	FUN_0040bdc4	Global	DEFAULT	ANALYSIS	__cdecl	undefined4	1	false	\N	false	0040bdc4-0040be20	\N	\N	undefined4 __cdecl FUN_0040bdc4(uint param_1)
0040be21	FUN_0040be21	FUN_0040be21	Global	DEFAULT	ANALYSIS	__cdecl	undefined4	1	false	\N	false	0040be21-0040bea3	\N	\N	undefined4 __cdecl FUN_0040be21(uint param_1)
0040bea4	__freebuf	__freebuf	Global	ANALYSIS	IMPORTED	__cdecl	void	1	false	\N	false	0040bea4-0040bece	Library Function - Single Match\n __freebuf\n\nLibrary: Visual Studio 2003 Release	\N	void __cdecl __freebuf(FILE * _File)
0040bf60	FUN_0040bf60	FUN_0040bf60	Global	DEFAULT	ANALYSIS	__cdecl	uint	1	false	\N	false	0040bf60-0040c2ad	\N	\N	uint __cdecl FUN_0040bf60(char * param_1)
0040c2ae	FUN_0040c2ae	FUN_0040c2ae	Global	DEFAULT	ANALYSIS	__cdecl	undefined	1	false	\N	false	0040c2ae-0040c43d	\N	\N	undefined __cdecl FUN_0040c2ae(undefined4 * param_1)
0040c613	FUN_0040c613	FUN_0040c613	Global	DEFAULT	ANALYSIS	__cdecl	undefined	1	false	\N	false	0040c613-0040c649	\N	\N	undefined __cdecl FUN_0040c613(char * param_1)
0040c715	FUN_0040c715	FUN_0040c715	Global	DEFAULT	ANALYSIS	__cdecl	uint	1	false	\N	false	0040c715-0040c836	\N	\N	uint __cdecl FUN_0040c715(int param_1)
0040c837	FUN_0040c837	FUN_0040c837	Global	DEFAULT	ANALYSIS	__cdecl	undefined	1	false	\N	false	0040c837-0040c86d	\N	\N	undefined __cdecl FUN_0040c837(char * param_1)
0040c86e	FUN_0040c86e	FUN_0040c86e	Global	DEFAULT	ANALYSIS	__cdecl	undefined	1	false	\N	false	0040c86e-0040c8bb	\N	\N	undefined __cdecl FUN_0040c86e(int param_1)
0040c8bc	FUN_0040c8bc	FUN_0040c8bc	Global	DEFAULT	ANALYSIS	__stdcall	undefined4	0	false	\N	false	0040c8bc-0040cb00	\N	\N	undefined4 __stdcall FUN_0040c8bc(void)
0040cb10	FUN_0040cb10	FUN_0040cb10	Global	DEFAULT	ANALYSIS	__cdecl	int	2	false	\N	false	0040cb10-0040cb4d	\N	\N	int __cdecl FUN_0040cb10(byte * param_1, byte * param_2)
0040cb50	FUN_0040cb50	FUN_0040cb50	Global	DEFAULT	ANALYSIS	__cdecl	byte *	2	false	\N	false	0040cb50-0040cb89	\N	\N	byte * __cdecl FUN_0040cb50(byte * param_1, byte * param_2)
0040cb8a	FUN_0040cb8a	FUN_0040cb8a	Global	DEFAULT	ANALYSIS	__thiscall	undefined4	4	false	\N	false	0040cb8a-0040cd06	\N	\N	undefined4 __thiscall FUN_0040cb8a(char * param_1, undefined2 * param_2, int param_3)
0040cd07	FUN_0040cd07	FUN_0040cd07	Global	DEFAULT	ANALYSIS	__thiscall	undefined	4	false	\N	false	0040cd07-0040cd5e	\N	\N	undefined __thiscall FUN_0040cd07(int param_1, int param_2, byte * param_3)
0040cd5f	FUN_0040cd5f	FUN_0040cd5f	Global	DEFAULT	ANALYSIS	__stdcall	undefined	0	false	\N	false	0040cd5f-0040cde5	\N	\N	undefined __stdcall FUN_0040cd5f(void)
0040cde6	FUN_0040cde6	FUN_0040cde6	Global	DEFAULT	ANALYSIS	__stdcall	uint	1	false	\N	false	0040cde6-0040cfe9	\N	\N	uint __stdcall FUN_0040cde6(char * param_1)
0040cfea	FUN_0040cfea	FUN_0040cfea	Global	DEFAULT	ANALYSIS	__stdcall	undefined	0	false	\N	false	0040cfea-0040d03f	\N	\N	undefined __stdcall FUN_0040cfea(void)
0040d040	FUN_0040d040	FUN_0040d040	Global	DEFAULT	ANALYSIS	__stdcall	uint	1	false	\N	false	0040d040-0040d0fc	\N	\N	uint __stdcall FUN_0040d040(char * param_1)
0040d0fd	FUN_0040d0fd	FUN_0040d0fd	Global	DEFAULT	ANALYSIS	__stdcall	undefined	0	false	\N	false	0040d0fd-0040d133	\N	\N	undefined __stdcall FUN_0040d0fd(void)
0040d134	FUN_0040d134	FUN_0040d134	Global	DEFAULT	ANALYSIS	__stdcall	uint	1	false	\N	false	0040d134-0040d1b9	\N	\N	uint __stdcall FUN_0040d134(char * param_1)
0040d1ba	FUN_0040d1ba	FUN_0040d1ba	Global	DEFAULT	ANALYSIS	__stdcall	undefined	0	false	\N	false	0040d1ba-0040d1d3	\N	\N	undefined __stdcall FUN_0040d1ba(void)
0040d1d4	FUN_0040d1d4	FUN_0040d1d4	Global	DEFAULT	ANALYSIS	__cdecl	undefined	1	false	\N	false	0040d1d4-0040d239	\N	\N	undefined __cdecl FUN_0040d1d4(byte * param_1)
0040d23a	FUN_0040d23a	FUN_0040d23a	Global	DEFAULT	ANALYSIS	__cdecl	undefined4	1	false	\N	false	0040d23a-0040d258	\N	\N	undefined4 __cdecl FUN_0040d23a(short param_1)
0040d259	FUN_0040d259	FUN_0040d259	Global	DEFAULT	ANALYSIS	__cdecl	undefined4	2	false	\N	false	0040d259-0040d2ba	\N	\N	undefined4 __cdecl FUN_0040d259(int param_1, int param_2)
0040d2bb	FUN_0040d2bb	FUN_0040d2bb	Global	DEFAULT	ANALYSIS	__stdcall	undefined4	0	false	\N	false	0040d2bb-0040d2f0	\N	\N	undefined4 __stdcall FUN_0040d2bb(void)
0040d2f1	FUN_0040d2f1	FUN_0040d2f1	Global	DEFAULT	ANALYSIS	__stdcall	int	4	false	\N	false	0040d2f1-0040d3d6	\N	\N	int __stdcall FUN_0040d2f1(uint param_1, LCTYPE param_2, char * param_3, int param_4)
0040d3d7	FUN_0040d3d7	FUN_0040d3d7	Global	DEFAULT	ANALYSIS	__cdecl	int	1	false	\N	false	0040d3d7-0040d40f	\N	\N	int __cdecl FUN_0040d3d7(char * param_1)
0040d410	FUN_0040d410	FUN_0040d410	Global	DEFAULT	ANALYSIS	__cdecl	int	1	false	\N	false	0040d410-0040d430	\N	\N	int __cdecl FUN_0040d410(char * param_1)
0040d431	FUN_0040d431	FUN_0040d431	Global	DEFAULT	ANALYSIS	__cdecl	undefined	2	false	\N	false	0040d431-0040d650	\N	\N	undefined __cdecl FUN_0040d431(int * param_1, int * param_2)
0040d651	FUN_0040d651	FUN_0040d651	Global	DEFAULT	ANALYSIS	__cdecl	undefined	3	false	\N	false	0040d651-0040d6cc	\N	\N	undefined __cdecl FUN_0040d651(int * param_1, uint param_2, int param_3)
0040d6cd	FUN_0040d6cd	FUN_0040d6cd	Global	DEFAULT	ANALYSIS	__stdcall	undefined1 *	0	false	\N	false	0040d6cd-0040d75b	\N	\N	undefined1 * __stdcall FUN_0040d6cd(void)
0040d75c	FUN_0040d75c	FUN_0040d75c	Global	DEFAULT	ANALYSIS	__stdcall	undefined1 *	0	false	\N	false	0040d75c-0040d7f0	\N	\N	undefined1 * __stdcall FUN_0040d75c(void)
0040d7f1	FUN_0040d7f1	FUN_0040d7f1	Global	DEFAULT	ANALYSIS	__stdcall	undefined4 *	0	false	\N	false	0040d7f1-0040da22	\N	\N	undefined4 * __stdcall FUN_0040d7f1(void)
0040da23	FUN_0040da23	FUN_0040da23	Global	DEFAULT	ANALYSIS	__cdecl	undefined	4	false	\N	false	0040da23-0040da3d	\N	\N	undefined __cdecl FUN_0040da23(byte * param_1, uint param_2, byte * param_3, int * param_4)
0040da3e	FUN_0040da3e	FUN_0040da3e	Global	DEFAULT	ANALYSIS	__cdecl	int	5	false	\N	false	0040da3e-0040db37	\N	\N	int __cdecl FUN_0040da3e(byte * param_1, uint param_2, byte * param_3, int * param_4, undefined * param_5)
0040db38	FUN_0040db38	FUN_0040db38	Global	DEFAULT	ANALYSIS	__cdecl	undefined	5	false	\N	false	0040db38-0040df26	\N	\N	undefined __cdecl FUN_0040db38(char param_1, int * param_2, byte * param_3, uint * param_4, int param_5)
0040df27	FUN_0040df27	FUN_0040df27	Global	DEFAULT	ANALYSIS	__cdecl	undefined	3	false	\N	false	0040df27-0040df4d	\N	\N	undefined __cdecl FUN_0040df27(char * param_1, int * param_2, int * param_3)
0040df4e	FUN_0040df4e	FUN_0040df4e	Global	DEFAULT	ANALYSIS	__cdecl	undefined	4	false	\N	false	0040df4e-0040dfbc	\N	\N	undefined __cdecl FUN_0040df4e(int param_1, uint param_2, int * param_3, uint * param_4)
0040dfbd	FUN_0040dfbd	FUN_0040dfbd	Global	DEFAULT	ANALYSIS	__cdecl	undefined	3	false	\N	false	0040dfbd-0040e005	\N	\N	undefined __cdecl FUN_0040dfbd(int param_1, int * param_2, uint * param_3)
0040e006	FUN_0040e006	FUN_0040e006	Global	DEFAULT	ANALYSIS	__cdecl	undefined	5	false	\N	false	0040e006-0040e2d4	\N	\N	undefined __cdecl FUN_0040e006(byte * param_1, int param_2, byte * param_3, uint * param_4, int param_5)
0040e2d5	FUN_0040e2d5	FUN_0040e2d5	Global	DEFAULT	ANALYSIS	__cdecl	undefined4	4	false	\N	false	0040e2d5-0040e40c	\N	\N	undefined4 __cdecl FUN_0040e2d5(int param_1, LCID param_2, LCTYPE param_3, char * param_4)
0040e413	FUN_0040e413	FUN_0040e413	Global	DEFAULT	ANALYSIS	__cdecl	typedef BOOL int	6	false	\N	false	0040e413-0040e4fe;0040e512-0040e55b;0040e567-0040e5d7	\N	\N	BOOL __cdecl FUN_0040e413(DWORD param_1, LPCWSTR param_2, int param_3, LPWORD param_4, UINT param_5, LCID param_6)
0040e5d8	FUN_0040e5d8	FUN_0040e5d8	Global	DEFAULT	ANALYSIS	__cdecl	char *	3	false	\N	false	0040e5d8-0040e604	\N	\N	char * __cdecl FUN_0040e5d8(uint param_1, char * param_2, uint param_3)
0040e605	FUN_0040e605	FUN_0040e605	Global	DEFAULT	ANALYSIS	__cdecl	undefined	4	false	\N	false	0040e605-0040e660	\N	\N	undefined __cdecl FUN_0040e605(uint param_1, char * param_2, uint param_3, int param_4)
0040e661	FUN_0040e661	FUN_0040e661	Global	DEFAULT	ANALYSIS	__cdecl	char *	3	false	\N	false	0040e661-0040e68a	\N	\N	char * __cdecl FUN_0040e661(uint param_1, char * param_2, uint param_3)
0040e6a6	FUN_0040e6a6	FUN_0040e6a6	Global	DEFAULT	ANALYSIS	__cdecl	char *	4	false	\N	false	0040e6a6-0040e6d6	\N	\N	char * __cdecl FUN_0040e6a6(int param_1, int param_2, char * param_3, uint param_4)
0040e6d7	FUN_0040e6d7	FUN_0040e6d7	Global	DEFAULT	ANALYSIS	__stdcall	undefined	5	false	\N	false	0040e6d7-0040e75c	\N	\N	undefined __stdcall FUN_0040e6d7(int param_1, int param_2, char * param_3, uint param_4, int param_5)
0040e75d	FUN_0040e75d	FUN_0040e75d	Global	DEFAULT	ANALYSIS	__cdecl	char *	4	false	\N	false	0040e75d-0040e777	\N	\N	char * __cdecl FUN_0040e75d(int param_1, int param_2, char * param_3, uint param_4)
0040e780	FUN_0040e780	FUN_0040e780	Global	DEFAULT	ANALYSIS	__thiscall	uint	3	false	\N	false	0040e780-0040e84f	\N	\N	uint __thiscall FUN_0040e780(byte * param_1, byte * param_2)
0040e850	FUN_0040e850	FUN_0040e850	Global	DEFAULT	ANALYSIS	__cdecl	undefined4	3	false	\N	false	0040e850-0040e950	\N	\N	undefined4 __cdecl FUN_0040e850(byte * param_1, char * param_2, void * param_3)
0040e951	FUN_0040e951	FUN_0040e951	Global	DEFAULT	ANALYSIS	__thiscall	int	2	false	\N	false	0040e951-0040e9db	\N	\N	int __thiscall FUN_0040e951(byte * param_1)
0040eaa1	FUN_0040eaa1	FUN_0040eaa1	Global	DEFAULT	ANALYSIS	__stdcall	undefined	0	false	\N	false	0040eaa1-0040eace	\N	\N	undefined __stdcall FUN_0040eaa1(void)
0040eae5	FUN_0040eae5	FUN_0040eae5	Global	DEFAULT	ANALYSIS	__stdcall	undefined	0	false	\N	false	0040eae5-0040ed6b	\N	\N	undefined __stdcall FUN_0040eae5(void)
0040ed6c	FUN_0040ed6c	FUN_0040ed6c	Global	DEFAULT	ANALYSIS	__cdecl	bool	1	false	\N	false	0040ed6c-0040ed8c	\N	\N	bool __cdecl FUN_0040ed6c(int * param_1)
0040ed8d	FUN_0040ed8d	FUN_0040ed8d	Global	DEFAULT	ANALYSIS	__cdecl	bool	1	false	\N	false	0040ed8d-0040ef38	\N	\N	bool __cdecl FUN_0040ed8d(int * param_1)
0040ef39	FUN_0040ef39	FUN_0040ef39	Global	DEFAULT	ANALYSIS	__cdecl	undefined	11	false	\N	false	0040ef39-0040f078	\N	\N	undefined __cdecl FUN_0040ef39(int param_1, int param_2, uint param_3, int param_4, int param_5, int param_6, int param_7, int param_8, int param_9, int param_10, int param_11)
0040f079	FUN_0040f079	FUN_0040f079	Global	DEFAULT	ANALYSIS	__cdecl	int	5	false	\N	false	0040f079-0040f131;0040f13d-0040f18b	\N	\N	int __cdecl FUN_0040f079(LCID param_1, LCTYPE param_2, LPWSTR param_3, int param_4, UINT param_5)
0040f18c	FUN_0040f18c	FUN_0040f18c	Global	DEFAULT	ANALYSIS	__cdecl	int	5	false	\N	false	0040f18c-0040f24a;0040f256-0040f2a9	\N	\N	int __cdecl FUN_0040f18c(LCID param_1, LCTYPE param_2, LPSTR param_3, int param_4, UINT param_5)
0040f2b0	__allmul	__allmul	Global	ANALYSIS	ANALYSIS	__stdcall	longlong	4	false	\N	false	0040f2b0-0040f2e3	Library Function - Single Match\n __allmul\n\nLibrary: Visual Studio	\N	longlong __stdcall __allmul(uint param_1, int param_2, uint param_3, int param_4)
0040f2e4	FUN_0040f2e4	FUN_0040f2e4	Global	DEFAULT	ANALYSIS	__cdecl	int	1	false	\N	false	0040f2e4-0040f304	\N	\N	int __cdecl FUN_0040f2e4(uchar * param_1)
0040f305	FUN_0040f305	FUN_0040f305	Global	DEFAULT	ANALYSIS	__cdecl	int	1	false	\N	false	0040f305-0040f381	\N	\N	int __cdecl FUN_0040f305(uchar * param_1)
0040f382	__mbsnbicoll	__mbsnbicoll	Global	ANALYSIS	IMPORTED	__cdecl	int	3	false	\N	false	0040f382-0040f3c0	Library Function - Single Match\n __mbsnbicoll\n\nLibrary: Visual Studio 2003 Release	\N	int __cdecl __mbsnbicoll(uchar * _Str1, uchar * _Str2, size_t _MaxCount)
0040f3c1	FUN_0040f3c1	FUN_0040f3c1	Global	DEFAULT	ANALYSIS	__stdcall	undefined4	0	false	\N	false	0040f3c1-0040f42e	\N	\N	undefined4 __stdcall FUN_0040f3c1(void)
0040f42f	FUN_0040f42f	FUN_0040f42f	Global	DEFAULT	ANALYSIS	__cdecl	int	7	false	\N	false	0040f42f-0040f5e5;0040f5fc-0040f654;0040f667-0040f6ab	\N	\N	int __cdecl FUN_0040f42f(LCID param_1, DWORD param_2, byte * param_3, int param_4, byte * param_5, int param_6, UINT param_7)
0040f6ac	FUN_0040f6ac	FUN_0040f6ac	Global	DEFAULT	ANALYSIS	__cdecl	int	2	false	\N	false	0040f6ac-0040f6d6	\N	\N	int __cdecl FUN_0040f6ac(char * param_1, int param_2)
0040f6d7	FUN_0040f6d7	FUN_0040f6d7	Global	DEFAULT	ANALYSIS	__cdecl	undefined4	2	false	\N	false	0040f6d7-0040f85d	\N	\N	undefined4 __cdecl FUN_0040f6d7(uint * param_1, int param_2)
0040f85e	FUN_0040f85e	FUN_0040f85e	Global	DEFAULT	ANALYSIS	__cdecl	int	2	false	\N	false	0040f85e-0040f8b5	\N	\N	int __cdecl FUN_0040f85e(uchar * param_1, size_t param_2)
0040f8b6	FUN_0040f8b6	FUN_0040f8b6	Global	DEFAULT	ANALYSIS	__cdecl	undefined4 *	1	false	\N	false	0040f8b6-0040f91c	\N	\N	undefined4 * __cdecl FUN_0040f8b6(int * param_1)
0040f91d	FUN_0040f91d	FUN_0040f91d	Global	DEFAULT	ANALYSIS	__cdecl	byte *	2	false	\N	false	0040f91d-0040fa9f;0040fab1-0040fbef;0040fc01-0040fc4b	\N	\N	byte * __cdecl FUN_0040f91d(byte * param_1, uint * param_2)
0040faa8	FUN_0040faa8	FUN_0040faa8	Global	DEFAULT	ANALYSIS	__stdcall	undefined	0	false	\N	false	0040faa8-0040fab0	\N	\N	undefined __stdcall FUN_0040faa8(void)
0040fbf6	FUN_0040fbf6	FUN_0040fbf6	Global	DEFAULT	ANALYSIS	__stdcall	undefined	0	false	\N	false	0040fbf6-0040fc00	\N	\N	undefined __stdcall FUN_0040fbf6(void)
0040fc4c	FUN_0040fc4c	FUN_0040fc4c	Global	DEFAULT	ANALYSIS	__cdecl	byte *	2	false	\N	false	0040fc4c-0040fce2	\N	\N	byte * __cdecl FUN_0040fc4c(byte * param_1, uint param_2)
0040fce3	FUN_0040fce3	FUN_0040fce3	Global	DEFAULT	ANALYSIS	__cdecl	uint *	1	false	\N	false	0040fce3-0040fd0d	\N	\N	uint * __cdecl FUN_0040fce3(uint * param_1)
0040fd10	FUN_0040fd10	FUN_0040fd10	Global	DEFAULT	ANALYSIS	__fastcall	undefined	1	false	\N	false	0040fd10-0040fd1c	\N	\N	undefined __fastcall FUN_0040fd10(undefined4 * param_1)
0040fd30	FUN_0040fd30	FUN_0040fd30	Global	DEFAULT	ANALYSIS	__fastcall	undefined	1	false	\N	false	0040fd30-0040fd4a	\N	\N	undefined __fastcall FUN_0040fd30(int param_1)
0040fd70	FUN_0040fd70	FUN_0040fd70	Global	DEFAULT	ANALYSIS	__thiscall	undefined	2	false	\N	false	0040fd70-0040fdaa	\N	\N	undefined __thiscall FUN_0040fd70(undefined4 param_1)
0040fea0	FUN_0040fea0	FUN_0040fea0	Global	DEFAULT	ANALYSIS	__thiscall	undefined4	2	false	\N	false	0040fea0-0040fef0	\N	\N	undefined4 __thiscall FUN_0040fea0(int param_1)
0040ff00	FUN_0040ff00	FUN_0040ff00	Global	DEFAULT	ANALYSIS	__thiscall	int	3	false	\N	false	0040ff00-0040ff6d	\N	\N	int __thiscall FUN_0040ff00(int param_1, undefined1 * param_2)
0040ffa0	FUN_0040ffa0	FUN_0040ffa0	Global	DEFAULT	ANALYSIS	__fastcall	int	1	false	\N	false	0040ffa0-0040ffea	\N	\N	int __fastcall FUN_0040ffa0(int * param_1)
0040fff0	FUN_0040fff0	FUN_0040fff0	Global	DEFAULT	ANALYSIS	__fastcall	undefined4	1	false	\N	false	0040fff0-0041003b	\N	\N	undefined4 __fastcall FUN_0040fff0(int * param_1)
00410040	FUN_00410040	FUN_00410040	Global	DEFAULT	ANALYSIS	__fastcall	undefined	1	false	\N	false	00410040-00410074	\N	\N	undefined __fastcall FUN_00410040(undefined4 * param_1)
00410080	FUN_00410080	FUN_00410080	Global	DEFAULT	ANALYSIS	__fastcall	undefined4	1	false	\N	false	00410080-00410082	\N	\N	undefined4 __fastcall FUN_00410080(undefined4 * param_1)
00410090	FUN_00410090	FUN_00410090	Global	DEFAULT	ANALYSIS	__cdecl	undefined	2	false	\N	false	00410090-004100d2	\N	\N	undefined __cdecl FUN_00410090(int * param_1, int * param_2)
004100e0	FUN_004100e0	FUN_004100e0	Global	DEFAULT	ANALYSIS	__cdecl	undefined1 *	2	false	\N	false	004100e0-00410159	\N	\N	undefined1 * __cdecl FUN_004100e0(byte * param_1, undefined4 * param_2)
00410160	FUN_00410160	FUN_00410160	Global	DEFAULT	ANALYSIS	__cdecl	undefined	1	false	\N	false	00410160-00410172	\N	\N	undefined __cdecl FUN_00410160(byte * param_1)
004101b0	FUN_004101b0	FUN_004101b0	Global	DEFAULT	ANALYSIS	__cdecl	undefined	1	false	\N	false	004101b0-004101f5	\N	\N	undefined __cdecl FUN_004101b0(byte * param_1)
00410200	FUN_00410200	FUN_00410200	Global	DEFAULT	ANALYSIS	__fastcall	undefined	1	false	\N	false	00410200-00410212	\N	\N	undefined __fastcall FUN_00410200(undefined4 * param_1)
00410220	FUN_00410220	FUN_00410220	Global	DEFAULT	ANALYSIS	__fastcall	undefined	1	false	\N	false	00410220-00410244	\N	\N	undefined __fastcall FUN_00410220(int param_1)
00410250	FUN_00410250	FUN_00410250	Global	DEFAULT	ANALYSIS	__thiscall	uint	5	false	\N	false	00410250-004102e5	\N	\N	uint __thiscall FUN_00410250(uint * param_1, uint * param_2, undefined4 param_3, undefined1 param_4)
004102f0	FUN_004102f0	FUN_004102f0	Global	DEFAULT	ANALYSIS	__fastcall	undefined4	1	false	\N	false	004102f0-004102f3	\N	\N	undefined4 __fastcall FUN_004102f0(int param_1)
00410300	FUN_00410300	FUN_00410300	Global	DEFAULT	ANALYSIS	__fastcall	undefined4	1	false	\N	false	00410300-00410302	\N	\N	undefined4 __fastcall FUN_00410300(undefined4 * param_1)
00410310	FUN_00410310	FUN_00410310	Global	DEFAULT	ANALYSIS	__fastcall	undefined4	1	false	\N	false	00410310-00410313	\N	\N	undefined4 __fastcall FUN_00410310(int param_1)
00410320	FUN_00410320	FUN_00410320	Global	DEFAULT	ANALYSIS	__fastcall	undefined4 *	1	false	\N	false	00410320-004103c1	\N	\N	undefined4 * __fastcall FUN_00410320(undefined4 * param_1)
004103d0	FUN_004103d0	FUN_004103d0	Global	DEFAULT	ANALYSIS	__fastcall	undefined	1	false	\N	false	004103d0-004104bd	\N	\N	undefined __fastcall FUN_004103d0(undefined4 * param_1)
004104c0	FUN_004104c0	FUN_004104c0	Global	DEFAULT	ANALYSIS	__thiscall	uint *	3	false	\N	false	004104c0-0041052b	\N	\N	uint * __thiscall FUN_004104c0(uint * param_1, char param_2)
00410530	Csn_SetServerAddress	Csn_SetServerAddress	Global	USER_DEFINED	ANALYSIS	__thiscall	bool	2	false	\N	false	00410530-00410551	Stores a copied server address string into the CSN object.	\N	bool __thiscall Csn_SetServerAddress(uint * param_1)
004105a0	Csn_SetServerPath	Csn_SetServerPath	Global	USER_DEFINED	ANALYSIS	__thiscall	bool	2	false	\N	false	004105a0-004105c1	Stores a copied remote server path string into the CSN object.	\N	bool __thiscall Csn_SetServerPath(uint * param_1)
004105d0	Csn_SetPackagePath	Csn_SetPackagePath	Global	USER_DEFINED	ANALYSIS	__thiscall	bool	2	false	\N	false	004105d0-004105f1	Stores a copied local package path string into the CSN object.	\N	bool __thiscall Csn_SetPackagePath(uint * param_1)
00410600	Csn_SetPackageName	Csn_SetPackageName	Global	USER_DEFINED	ANALYSIS	__thiscall	bool	2	false	\N	false	00410600-00410621	Stores a copied package name string into the CSN object.	\N	bool __thiscall Csn_SetPackageName(uint * param_1)
00410630	Csn_SetArguments	Csn_SetArguments	Global	USER_DEFINED	ANALYSIS	__thiscall	undefined4	3	false	\N	false	00410630-004106bf	Records command-line argument metadata and derives the current package-relative executable path.	\N	undefined4 __thiscall Csn_SetArguments(int param_1, undefined4 * param_2)
004106c0	FUN_004106c0	FUN_004106c0	Global	DEFAULT	ANALYSIS	__thiscall	undefined	5	false	\N	false	004106c0-004106e5	\N	\N	undefined __thiscall FUN_004106c0(undefined4 param_1, undefined4 param_2, undefined4 param_3, undefined4 param_4)
004106f0	Csn_CheckForCompletedInstall	Csn_CheckForCompletedInstall	Global	USER_DEFINED	ANALYSIS	__fastcall	undefined4	1	false	\N	false	004106f0-00410749	Checks skip/completion marker files to decide whether a previous CSN install finished.	\N	undefined4 __fastcall Csn_CheckForCompletedInstall(int param_1)
00410750	FUN_00410750	FUN_00410750	Global	DEFAULT	ANALYSIS	__cdecl	undefined	1	false	\N	false	00410750-004107c0	\N	\N	undefined __cdecl FUN_00410750(uint * param_1)
004107d0	FUN_004107d0	FUN_004107d0	Global	DEFAULT	ANALYSIS	__thiscall	undefined4 *	3	false	\N	false	004107d0-004107f4	\N	\N	undefined4 * __thiscall FUN_004107d0(uint * param_1, uint * param_2)
00410800	FUN_00410800	FUN_00410800	Global	DEFAULT	ANALYSIS	__fastcall	undefined	1	false	\N	false	00410800-00410823	\N	\N	undefined __fastcall FUN_00410800(undefined4 * param_1)
00410830	FUN_00410830	FUN_00410830	Global	DEFAULT	ANALYSIS	__fastcall	undefined4	1	false	\N	false	00410830-00410832	\N	\N	undefined4 __fastcall FUN_00410830(undefined4 * param_1)
00410840	FUN_00410840	FUN_00410840	Global	DEFAULT	ANALYSIS	__fastcall	undefined4	1	false	\N	false	00410840-00410843	\N	\N	undefined4 __fastcall FUN_00410840(int param_1)
00410850	FUN_00410850	FUN_00410850	Global	DEFAULT	ANALYSIS	__thiscall	undefined	2	false	\N	false	00410850-00410863	\N	\N	undefined __thiscall FUN_00410850(int param_1)
00410870	Csn_NoteCompletedInstall	Csn_NoteCompletedInstall	Global	USER_DEFINED	ANALYSIS	__fastcall	undefined	1	false	\N	false	00410870-00410c53	Marks a completed install, promotes temporary manifests, handles exec_/old staging, and may relaunch.	\N	undefined __fastcall Csn_NoteCompletedInstall(void * param_1)
00410db0	Csn_CheckForUpdates	Csn_CheckForUpdates	Global	USER_DEFINED	ANALYSIS	__fastcall	uint	1	false	\N	false	00410db0-00410f89	Checks the remote CSN master manifest against the local manifest fingerprint to decide whether updates are needed.	\N	uint __fastcall Csn_CheckForUpdates(int * param_1)
00410f90	FUN_00410f90	FUN_00410f90	Global	DEFAULT	ANALYSIS	__cdecl	uint	4	false	\N	false	00410f90-00411028	\N	\N	uint __cdecl FUN_00410f90(undefined4 * param_1, undefined1 * param_2, undefined4 * param_3, undefined1 * param_4)
00411030	Csn_DiffManifestsAndQueueUpdates	Csn_DiffManifestsAndQueueUpdates	Global	USER_DEFINED	ANALYSIS	__stdcall	undefined	1	false	\N	false	00411030-004112a4	Compares existing and downloaded CSN manifest entries, deleting removed files and queueing new or changed files.	\N	undefined __stdcall Csn_DiffManifestsAndQueueUpdates(undefined4 param_1)
00411380	Csn_UpdatePackage	Csn_UpdatePackage	Global	USER_DEFINED	ANALYSIS	__stdcall	uint	0	false	\N	false	00411380-00411665	Coordinates package update work by reading local and downloaded CSN manifests, queueing missing files, and driving downloads.	\N	uint __stdcall Csn_UpdatePackage(void)
00411670	FUN_00411670	FUN_00411670	Global	DEFAULT	ANALYSIS	__fastcall	uint	1	false	\N	false	00411670-0041168b	\N	\N	uint __fastcall FUN_00411670(int param_1)
00411690	FUN_00411690	FUN_00411690	Global	DEFAULT	ANALYSIS	__fastcall	undefined4	1	false	\N	false	00411690-0041169a	\N	\N	undefined4 __fastcall FUN_00411690(int param_1)
004116a0	FUN_004116a0	FUN_004116a0	Global	DEFAULT	ANALYSIS	__fastcall	undefined	1	false	\N	false	004116a0-004116c2	\N	\N	undefined __fastcall FUN_004116a0(int param_1)
004116d0	Csn_AddError	Csn_AddError	Global	USER_DEFINED	ANALYSIS	__cdecl	undefined	2	false	\N	false	004116d0-004116e7	Adds a formatted error message to the CSN object's accumulated error string.	\N	undefined __cdecl Csn_AddError(void * param_1, byte * param_2)
004116f0	FUN_004116f0	FUN_004116f0	Global	DEFAULT	ANALYSIS	__thiscall	undefined	3	false	\N	false	004116f0-0041179a	\N	\N	undefined __thiscall FUN_004116f0(byte * param_1, undefined4 * param_2)
004117a0	Csn_LoadPackageCsnFile	Csn_LoadPackageCsnFile	Global	USER_DEFINED	ANALYSIS	__thiscall	undefined4	4	false	\N	false	004117a0-00411832	Builds a package-relative CSN file path and loads it into a parsed manifest object.	\N	undefined4 __thiscall Csn_LoadPackageCsnFile(void * param_1, undefined4 param_2, char param_3)
00411840	Csn_GenerateFingerprints	Csn_GenerateFingerprints	Global	USER_DEFINED	ANALYSIS	__fastcall	undefined4	1	false	\N	false	00411840-00411965	Reads the temporary update manifest, computes local file fingerprints, and writes csn_update.csn.	\N	undefined4 __fastcall Csn_GenerateFingerprints(void * param_1)
00411970	FUN_00411970	FUN_00411970	Global	DEFAULT	ANALYSIS	__fastcall	undefined	1	false	\N	false	00411970-004119a9	\N	\N	undefined __fastcall FUN_00411970(int param_1)
004119b0	Csn_UpdateFile	Csn_UpdateFile	Global	USER_DEFINED	ANALYSIS	__thiscall	undefined4	3	false	\N	false	004119b0-00411aeb	Creates a per-file update job, handling executable replacement through an exec_ staging filename when needed.	\N	undefined4 __thiscall Csn_UpdateFile(uint * param_1, undefined4 param_2)
00411af0	FUN_00411af0	FUN_00411af0	Global	DEFAULT	ANALYSIS	__cdecl	undefined1	2	false	\N	false	00411af0-00411b35	\N	\N	undefined1 __cdecl FUN_00411af0(char * param_1, char * param_2)
00411b40	Csn_GetCsnComponent	Csn_GetCsnComponent	Global	USER_DEFINED	ANALYSIS	__thiscall	uint	2	false	\N	false	00411b40-00411d1c	Downloads a named CSN component and validates its fingerprint against the master manifest.	\N	uint __thiscall Csn_GetCsnComponent(byte * param_1)
00411d20	Csn_GetFileFingerprint	Csn_GetFileFingerprint	Global	USER_DEFINED	ANALYSIS	__thiscall	undefined	2	false	\N	false	00411d20-00411e0a	Computes a hex fingerprint for a file, returning an all-zero fingerprint when the file is missing.	\N	undefined __thiscall Csn_GetFileFingerprint(LPCSTR param_1)
00411e10	FUN_00411e10	FUN_00411e10	Global	DEFAULT	ANALYSIS	__cdecl	char *	1	false	\N	false	00411e10-00411e7c	\N	\N	char * __cdecl FUN_00411e10(undefined4 param_1)
00411ec0	FUN_00411ec0	FUN_00411ec0	Global	DEFAULT	ANALYSIS	__cdecl	ulong	1	false	\N	false	00411ec0-00411ee8	\N	\N	ulong __cdecl FUN_00411ec0(char * param_1)
00411ef0	CsnHttp_SetConnectToServerContext	CsnHttp_SetConnectToServerContext	Global	USER_DEFINED	ANALYSIS	__fastcall	undefined1	1	false	\N	false	00411ef0-00411ef9	Tiny method that marks the current CSN_HTTP operation as connect_to_server and returns success.	\N	undefined1 __fastcall CsnHttp_SetConnectToServerContext(int param_1)
00411f10	FUN_00411f10	FUN_00411f10	Global	DEFAULT	ANALYSIS	__thiscall	undefined	2	false	\N	false	00411f10-00411f19	\N	\N	undefined __thiscall FUN_00411f10(undefined4 param_1)
00411f80	FUN_00411f80	FUN_00411f80	Global	DEFAULT	ANALYSIS	__fastcall	undefined4	1	false	\N	false	00411f80-00411f9d	\N	\N	undefined4 __fastcall FUN_00411f80(int param_1)
00411fa0	CsnHttp_ConnectToServer	CsnHttp_ConnectToServer	Global	USER_DEFINED	ANALYSIS	__fastcall	uint	1	false	\N	false	00411fa0-004120c8	Resolves the configured host, creates a TCP/80 socket, binds locally, makes it nonblocking, and connects.	\N	uint __fastcall CsnHttp_ConnectToServer(int param_1)
004120d0	FUN_004120d0	FUN_004120d0	Global	DEFAULT	ANALYSIS	__cdecl	undefined	4	false	\N	false	004120d0-004120fb	\N	\N	undefined __cdecl FUN_004120d0(undefined4 * param_1, undefined2 param_2, undefined4 param_3, undefined2 param_4)
00412100	FUN_00412100	FUN_00412100	Global	DEFAULT	ANALYSIS	__cdecl	typedef SOCKET UINT_PTR	7	false	\N	false	00412100-00412181	\N	\N	SOCKET __cdecl FUN_00412100(undefined4 * param_1, undefined2 param_2, int param_3, int param_4, int param_5, undefined4 param_6, undefined2 param_7)
00412190	CsnHttp_RunDownloadRequest	CsnHttp_RunDownloadRequest	Global	USER_DEFINED	ANALYSIS	__thiscall	uint	5	false	\N	false	00412190-004121ef	Starts a file request and polls the HTTP connection until the transfer completes or fails.	\N	uint __thiscall CsnHttp_RunDownloadRequest(undefined4 param_1, undefined4 param_2, uint * param_3, uint param_4)
004121f0	FUN_004121f0	FUN_004121f0	Global	DEFAULT	ANALYSIS	__fastcall	undefined4	1	false	\N	false	004121f0-0041223e	\N	\N	undefined4 __fastcall FUN_004121f0(int param_1)
00412240	CsnHttp_BeginFileRequest	CsnHttp_BeginFileRequest	Global	USER_DEFINED	ANALYSIS	__thiscall	uint	5	false	\N	false	00412240-00412471	Prepares local/compressed filenames, opens the partial .bz2 file, resumes if possible, and builds the HTTP GET request.	\N	uint __thiscall CsnHttp_BeginFileRequest(undefined4 param_1, uint * param_2, uint param_3, undefined1 param_4)
00412480	FUN_00412480	FUN_00412480	Global	DEFAULT	ANALYSIS	__fastcall	undefined	1	false	\N	false	00412480-00412519	\N	\N	undefined __fastcall FUN_00412480(undefined1 * param_1)
00412520	FUN_00412520	FUN_00412520	Global	DEFAULT	ANALYSIS	__fastcall	undefined1	1	false	\N	false	00412520-004126e5	\N	\N	undefined1 __fastcall FUN_00412520(int param_1)
004126f0	FUN_004126f0	FUN_004126f0	Global	DEFAULT	ANALYSIS	__fastcall	undefined4	1	false	\N	false	004126f0-00412877	\N	\N	undefined4 __fastcall FUN_004126f0(undefined1 * param_1)
00412880	FUN_00412880	FUN_00412880	Global	DEFAULT	ANALYSIS	__fastcall	uint	1	false	\N	false	00412880-004128e7	\N	\N	uint __fastcall FUN_00412880(char * param_1)
004128f0	FUN_004128f0	FUN_004128f0	Global	DEFAULT	ANALYSIS	__fastcall	uint	1	false	\N	false	004128f0-004129a2	\N	\N	uint __fastcall FUN_004128f0(int param_1)
004129b0	FUN_004129b0	FUN_004129b0	Global	DEFAULT	ANALYSIS	__thiscall	undefined4	3	false	\N	false	004129b0-00412a17	\N	\N	undefined4 __thiscall FUN_004129b0(char * param_1, uint param_2)
00412a20	FUN_00412a20	FUN_00412a20	Global	DEFAULT	ANALYSIS	__fastcall	undefined4	1	false	\N	false	00412a20-00412ad4	\N	\N	undefined4 __fastcall FUN_00412a20(undefined1 * param_1)
00412ae0	FUN_00412ae0	FUN_00412ae0	Global	DEFAULT	ANALYSIS	__cdecl	int	3	false	\N	false	00412ae0-00412b60	\N	\N	int __cdecl FUN_00412ae0(SOCKET param_1, char * param_2, int param_3)
00412b70	FUN_00412b70	FUN_00412b70	Global	DEFAULT	ANALYSIS	__stdcall	undefined4	0	false	\N	false	00412b70-00412be0	\N	\N	undefined4 __stdcall FUN_00412b70(void)
00412bf0	FUN_00412bf0	FUN_00412bf0	Global	DEFAULT	ANALYSIS	__fastcall	undefined4 *	1	false	\N	false	00412bf0-00412ca9	\N	\N	undefined4 * __fastcall FUN_00412bf0(undefined4 * param_1)
00412cb0	FUN_00412cb0	FUN_00412cb0	Global	DEFAULT	ANALYSIS	__fastcall	undefined	1	false	\N	false	00412cb0-00412d46	\N	\N	undefined __fastcall FUN_00412cb0(undefined4 * param_1)
00412d50	FUN_00412d50	FUN_00412d50	Global	DEFAULT	ANALYSIS	__fastcall	undefined4	1	false	\N	false	00412d50-00412d85	\N	\N	undefined4 __fastcall FUN_00412d50(void * param_1)
00412d90	CsnHttp_DownloadFile	CsnHttp_DownloadFile	Global	USER_DEFINED	ANALYSIS	__thiscall	undefined	3	false	\N	false	00412d90-00412dd9	Starts an HTTP-backed CSN file download after ensuring the connection is ready and resetting transfer state.	\N	undefined __thiscall CsnHttp_DownloadFile(undefined4 param_1, uint * param_2)
00412de0	FUN_00412de0	FUN_00412de0	Global	DEFAULT	ANALYSIS	__fastcall	int	1	false	\N	false	00412de0-00412df9	\N	\N	int __fastcall FUN_00412de0(int param_1)
00412e00	FUN_00412e00	FUN_00412e00	Global	DEFAULT	ANALYSIS	__fastcall	undefined	1	false	\N	false	00412e00-00412e64	\N	\N	undefined __fastcall FUN_00412e00(int param_1)
00412e70	FUN_00412e70	FUN_00412e70	Global	DEFAULT	ANALYSIS	__fastcall	undefined4	1	false	\N	false	00412e70-00412f40	\N	\N	undefined4 __fastcall FUN_00412e70(void * param_1)
00412f70	FUN_00412f70	FUN_00412f70	Global	DEFAULT	ANALYSIS	__fastcall	int	1	false	\N	false	00412f70-00412f89	\N	\N	int __fastcall FUN_00412f70(int param_1)
00412f90	FUN_00412f90	FUN_00412f90	Global	DEFAULT	ANALYSIS	__thiscall	undefined	2	false	\N	false	00412f90-00412fd8	\N	\N	undefined __thiscall FUN_00412f90(int param_1)
004131b0	FUN_004131b0	FUN_004131b0	Global	DEFAULT	ANALYSIS	__thiscall	undefined4	2	false	\N	false	004131b0-004131e1	\N	\N	undefined4 __thiscall FUN_004131b0(char * param_1)
004131f0	FUN_004131f0	FUN_004131f0	Global	DEFAULT	ANALYSIS	__fastcall	undefined	1	false	\N	false	004131f0-004131fc	\N	\N	undefined __fastcall FUN_004131f0(undefined4 * param_1)
00413200	FUN_00413200	FUN_00413200	Global	DEFAULT	ANALYSIS	__cdecl	undefined	1	false	\N	false	00413200-00413254	\N	\N	undefined __cdecl FUN_00413200(undefined4 * param_1)
00413260	FUN_00413260	FUN_00413260	Global	DEFAULT	ANALYSIS	__fastcall	undefined	1	false	\N	false	00413260-00413283	\N	\N	undefined __fastcall FUN_00413260(undefined4 * param_1)
00413290	FUN_00413290	FUN_00413290	Global	DEFAULT	ANALYSIS	__thiscall	undefined	3	false	\N	false	00413290-004132d6	\N	\N	undefined __thiscall FUN_00413290(undefined4 param_1, undefined4 param_2)
004132e0	FUN_004132e0	FUN_004132e0	Global	DEFAULT	ANALYSIS	__thiscall	undefined4	2	false	\N	false	004132e0-00413315	\N	\N	undefined4 __thiscall FUN_004132e0(char * param_1)
00413340	FUN_00413340	FUN_00413340	Global	DEFAULT	ANALYSIS	__fastcall	undefined	1	false	\N	false	00413340-00413347	\N	\N	undefined __fastcall FUN_00413340(undefined4 * param_1)
00413350	FUN_00413350	FUN_00413350	Global	DEFAULT	ANALYSIS	__fastcall	undefined4 *	1	false	\N	false	00413350-0041335b	\N	\N	undefined4 * __fastcall FUN_00413350(undefined4 * param_1)
00413360	FUN_00413360	FUN_00413360	Global	DEFAULT	ANALYSIS	__fastcall	undefined	1	false	\N	false	00413360-004133a0	\N	\N	undefined __fastcall FUN_00413360(undefined4 * param_1)
004133b0	FUN_004133b0	FUN_004133b0	Global	DEFAULT	ANALYSIS	__thiscall	undefined4	2	false	\N	false	004133b0-00413454	\N	\N	undefined4 __thiscall FUN_004133b0(LPCSTR param_1)
00413460	FUN_00413460	FUN_00413460	Global	DEFAULT	ANALYSIS	__cdecl	uint	4	false	\N	false	00413460-00413643	\N	\N	uint __cdecl FUN_00413460(uint * param_1, undefined4 * param_2, undefined4 * param_3, undefined4 * param_4)
00413650	FUN_00413650	FUN_00413650	Global	DEFAULT	ANALYSIS	__thiscall	undefined	2	false	\N	false	00413650-0041365c	\N	\N	undefined __thiscall FUN_00413650(char * param_1)
00413670	FUN_00413670	FUN_00413670	Global	DEFAULT	ANALYSIS	__cdecl	undefined	2	false	\N	false	00413670-004136e8	\N	\N	undefined __cdecl FUN_00413670(uint * param_1, char * param_2)
004136f0	FUN_004136f0	FUN_004136f0	Global	DEFAULT	ANALYSIS	__cdecl	undefined	3	false	\N	false	004136f0-004137c2	\N	\N	undefined __cdecl FUN_004136f0(uint * param_1, undefined4 * param_2, undefined4 * param_3)
004137d0	FUN_004137d0	FUN_004137d0	Global	DEFAULT	ANALYSIS	__cdecl	undefined4	2	false	\N	false	004137d0-00413859	\N	\N	undefined4 __cdecl FUN_004137d0(LPCSTR param_1, undefined4 * param_2)
00413860	FUN_00413860	FUN_00413860	Global	DEFAULT	ANALYSIS	__cdecl	undefined1 *	2	false	\N	false	00413860-004138df	\N	\N	undefined1 * __cdecl FUN_00413860(undefined1 * param_1, int param_2)
00413934	RtlUnwind	KERNEL32.DLL::RtlUnwind	KERNEL32.DLL	DEFAULT	IMPORTED	__stdcall	void	4	true	KERNEL32.DLL::RtlUnwind	false	00413934-00413939	\N	\N	void __stdcall RtlUnwind(PVOID TargetFrame, PVOID TargetIp, PEXCEPTION_RECORD ExceptionRecord, PVOID ReturnValue)
00413ab4	FUN_00413ab4	FUN_00413ab4	Global	DEFAULT	ANALYSIS	__cdecl	undefined4	1	false	\N	false	00413ab4-00413add	\N	\N	undefined4 __cdecl FUN_00413ab4(LPCSTR param_1)
00413ade	FUN_00413ade	FUN_00413ade	Global	DEFAULT	ANALYSIS	__cdecl	undefined	1	false	\N	false	00413ade-00413ae8	\N	\N	undefined __cdecl FUN_00413ade(LPCSTR param_1)
00413ae9	FUN_00413ae9	FUN_00413ae9	Global	DEFAULT	ANALYSIS	__cdecl	int	4	false	\N	false	00413ae9-00413b38	\N	\N	int __cdecl FUN_00413ae9(undefined1 * param_1, int param_2, byte * param_3, undefined4 * param_4)
00413b39	FUN_00413b39	FUN_00413b39	Global	DEFAULT	ANALYSIS	__cdecl	int	3	false	\N	false	00413b39-00413b73	\N	\N	int __cdecl FUN_00413b39(int * param_1, byte * param_2, undefined4 * param_3)
00413b74	FUN_00413b74	FUN_00413b74	Global	DEFAULT	ANALYSIS	__cdecl	undefined4 *	3	false	\N	false	00413b74-00413ba4	\N	\N	undefined4 * __cdecl FUN_00413b74(LPCSTR param_1, char * param_2, uint param_3)
00413ba5	FUN_00413ba5	FUN_00413ba5	Global	DEFAULT	ANALYSIS	__cdecl	undefined	2	false	\N	false	00413ba5-00413bb7	\N	\N	undefined __cdecl FUN_00413ba5(LPCSTR param_1, char * param_2)
00413bc1	FUN_00413bc1	FUN_00413bc1	Global	DEFAULT	ANALYSIS	__cdecl	undefined4	1	false	\N	false	00413bc1-00413c3e	\N	\N	undefined4 __cdecl FUN_00413bc1(undefined4 param_1)
00413c3f	FUN_00413c3f	FUN_00413c3f	Global	DEFAULT	ANALYSIS	__cdecl	int	1	false	\N	false	00413c3f-00413c50	\N	\N	int __cdecl FUN_00413c3f(undefined4 param_1)
00413c80	FUN_00413c80	FUN_00413c80	Global	DEFAULT	ANALYSIS	__cdecl	undefined4	2	false	\N	false	00413c80-00413cad	\N	\N	undefined4 __cdecl FUN_00413c80(LPCSTR param_1, LPCSTR param_2)
00413cae	FUN_00413cae	FUN_00413cae	Global	DEFAULT	ANALYSIS	__cdecl	int *	1	false	\N	false	00413cae-00413e0d	\N	\N	int * __cdecl FUN_00413cae(int * param_1)
00413e0e	FUN_00413e0e	FUN_00413e0e	Global	DEFAULT	ANALYSIS	__cdecl	undefined	1	false	\N	false	00413e0e-00413ee9	\N	\N	undefined __cdecl FUN_00413e0e(int * param_1)
00413eea	FUN_00413eea	FUN_00413eea	Global	DEFAULT	ANALYSIS	__cdecl	uint *	1	false	\N	false	00413eea-00413f39	\N	\N	uint * __cdecl FUN_00413eea(int param_1)
00413f3a	FUN_00413f3a	FUN_00413f3a	Global	DEFAULT	ANALYSIS	__cdecl	undefined	3	false	\N	false	00413f3a-00413f50	\N	\N	undefined __cdecl FUN_00413f3a(int param_1, uint * param_2, undefined4 * param_3)
00413f51	FUN_00413f51	FUN_00413f51	Global	DEFAULT	ANALYSIS	__cdecl	undefined	2	false	\N	false	00413f51-00413f84	\N	\N	undefined __cdecl FUN_00413f51(char * param_1, byte * param_2)
00413f85	FUN_00413f85	FUN_00413f85	Global	DEFAULT	ANALYSIS	__cdecl	char *	3	false	\N	false	00413f85-00413fe6	\N	\N	char * __cdecl FUN_00413f85(char * param_1, int param_2, undefined4 * param_3)
00413fe7	FUN_00413fe7	FUN_00413fe7	Global	DEFAULT	ANALYSIS	__cdecl	uint	4	false	\N	false	00413fe7-00414015	\N	\N	uint __cdecl FUN_00413fe7(char * param_1, uint param_2, uint param_3, int * param_4)
00414016	FUN_00414016	FUN_00414016	Global	DEFAULT	ANALYSIS	__cdecl	uint	4	false	\N	false	00414016-0041411f	\N	\N	uint __cdecl FUN_00414016(char * param_1, uint param_2, uint param_3, int * param_4)
00414120	FUN_00414120	FUN_00414120	Global	DEFAULT	ANALYSIS	__stdcall	undefined	4	false	\N	false	00414120-00414187	\N	\N	undefined __stdcall FUN_00414120(undefined4 param_1, undefined4 param_2, int param_3, undefined * param_4)
00414188	FUN_00414188	FUN_00414188	Global	DEFAULT	ANALYSIS	__stdcall	undefined	0	false	\N	false	00414188-0041419f	\N	\N	undefined __stdcall FUN_00414188(void)
004141a0	FUN_004141a0	FUN_004141a0	Global	DEFAULT	ANALYSIS	__stdcall	undefined	4	false	\N	false	004141a0-004141db;004141e9-004141fd	\N	\N	undefined __stdcall FUN_004141a0(undefined4 param_1, undefined4 param_2, int param_3, undefined * param_4)
00414214	FUN_00414214	FUN_00414214	Global	DEFAULT	ANALYSIS	__stdcall	undefined	4	false	\N	false	00414214-0041427d	\N	\N	undefined __stdcall FUN_00414214(undefined4 param_1, undefined4 param_2, int param_3, undefined * param_4)
0041427e	FUN_0041427e	FUN_0041427e	Global	DEFAULT	ANALYSIS	__stdcall	undefined	0	false	\N	false	0041427e-00414295	\N	\N	undefined __stdcall FUN_0041427e(void)
00414296	FUN_00414296	FUN_00414296	Global	DEFAULT	ANALYSIS	__cdecl	undefined4 *	4	false	\N	false	00414296-00414405	\N	\N	undefined4 * __cdecl FUN_00414296(LPCSTR param_1, char * param_2, uint param_3, undefined4 * param_4)
00414406	FUN_00414406	FUN_00414406	Global	DEFAULT	ANALYSIS	__stdcall	undefined4 *	0	false	\N	false	00414406-004144cd	\N	\N	undefined4 * __stdcall FUN_00414406(void)
004144ce	FUN_004144ce	FUN_004144ce	Global	DEFAULT	ANALYSIS	__cdecl	typedef SIZE_T ULONG_PTR	1	false	\N	false	004144ce-00414534;00414541-004145af	\N	\N	SIZE_T __cdecl FUN_004144ce(undefined * param_1)
00414538	FUN_00414538	FUN_00414538	Global	DEFAULT	ANALYSIS	__stdcall	undefined	0	false	\N	false	00414538-00414540	\N	\N	undefined __stdcall FUN_00414538(void)
004145b3	FUN_004145b3	FUN_004145b3	Global	DEFAULT	ANALYSIS	__stdcall	undefined	0	false	\N	false	004145b3-004145bb	\N	\N	undefined __stdcall FUN_004145b3(void)
004145bc	FUN_004145bc	FUN_004145bc	Global	DEFAULT	ANALYSIS	__cdecl	int *	1	false	\N	false	004145bc-004146c5	\N	\N	int * __cdecl FUN_004145bc(int * param_1)
004146c6	FUN_004146c6	FUN_004146c6	Global	DEFAULT	ANALYSIS	__cdecl	int	7	false	\N	false	004146c6-00414787	\N	\N	int __cdecl FUN_004146c6(int param_1, int param_2, int param_3, int param_4, int param_5, int param_6, int param_7)
00414788	FUN_00414788	FUN_00414788	Global	DEFAULT	ANALYSIS	__cdecl	char *	4	false	\N	false	00414788-004148ec	\N	\N	char * __cdecl FUN_00414788(int param_1, uint * param_2, undefined4 * param_3, char * param_4)
004148ed	FUN_004148ed	FUN_004148ed	Global	DEFAULT	ANALYSIS	__thiscall	int	4	false	\N	false	004148ed-00415311	\N	\N	int __thiscall FUN_004148ed(int * param_1, byte * param_2, undefined4 * param_3)
00415312	FUN_00415312	FUN_00415312	Global	DEFAULT	ANALYSIS	__thiscall	uint	2	false	\N	false	00415312-00415348	\N	\N	uint __thiscall FUN_00415312(uint param_1)
00415349	FUN_00415349	FUN_00415349	Global	DEFAULT	ANALYSIS	__cdecl	uint	1	false	\N	false	00415349-00415362	\N	\N	uint __cdecl FUN_00415349(undefined4 * param_1)
00415363	FUN_00415363	FUN_00415363	Global	DEFAULT	ANALYSIS	__cdecl	undefined	2	false	\N	false	00415363-00415379	\N	\N	undefined __cdecl FUN_00415363(uint param_1, int * param_2)
0041537a	FUN_0041537a	FUN_0041537a	Global	DEFAULT	ANALYSIS	__cdecl	uint	2	false	\N	false	0041537a-0041539d	\N	\N	uint __cdecl FUN_0041537a(int * param_1, undefined4 * param_2)
0041539e	FUN_0041539e	FUN_0041539e	Global	DEFAULT	ANALYSIS	__cdecl	uint	1	false	\N	false	0041539e-00415479	\N	\N	uint __cdecl FUN_0041539e(undefined4 * param_1)
00415491	FUN_00415491	FUN_00415491	Global	DEFAULT	ANALYSIS	__cdecl	uint	4	false	\N	false	00415491-0041575f	\N	\N	uint __cdecl FUN_00415491(LPCSTR param_1, uint param_2, uint param_3, uint param_4)
00415760	FUN_00415760	FUN_00415760	Global	DEFAULT	ANALYSIS	__cdecl	byte *	2	false	\N	false	00415760-004157d1	\N	\N	byte * __cdecl FUN_00415760(byte * param_1, uint param_2)
004157d2	FUN_004157d2	FUN_004157d2	Global	DEFAULT	ANALYSIS	__cdecl	uint	3	false	\N	false	004157d2-00415845	\N	\N	uint __cdecl FUN_004157d2(char * param_1, char * param_2, int param_3)
00415846	FUN_00415846	FUN_00415846	Global	DEFAULT	ANALYSIS	__cdecl	char *	4	false	\N	false	00415846-0041598e	\N	\N	char * __cdecl FUN_00415846(int param_1, uint * param_2, undefined4 * param_3, char * param_4)
0041598f	FUN_0041598f	FUN_0041598f	Global	DEFAULT	ANALYSIS	__cdecl	char *	4	false	\N	false	0041598f-004159df	\N	\N	char * __cdecl FUN_0041598f(int param_1, LPCSTR param_2, undefined4 * param_3, char * param_4)
004159e0	FUN_004159e0	FUN_004159e0	Global	DEFAULT	ANALYSIS	__cdecl	uint	3	false	\N	false	004159e0-00415a3c	\N	\N	uint __cdecl FUN_004159e0(LPWSTR param_1, byte * param_2, uint param_3)
00415a3d	FUN_00415a3d	FUN_00415a3d	Global	DEFAULT	ANALYSIS	__cdecl	uint	3	false	\N	false	00415a3d-00415b05	\N	\N	uint __cdecl FUN_00415a3d(LPWSTR param_1, byte * param_2, uint param_3)
00415b10	__allshl	__allshl	Global	ANALYSIS	ANALYSIS	__fastcall	longlong	2	false	\N	false	00415b10-00415b2e	Library Function - Single Match\n __allshl\n\nLibrary: Visual Studio	\N	longlong __fastcall __allshl(byte param_1, int param_2)
00415b2f	FUN_00415b2f	FUN_00415b2f	Global	DEFAULT	ANALYSIS	__cdecl	uint	2	false	\N	false	00415b2f-00415b57	\N	\N	uint __cdecl FUN_00415b2f(uint param_1, int * param_2)
00415b58	FUN_00415b58	FUN_00415b58	Global	DEFAULT	ANALYSIS	__cdecl	uint	2	false	\N	false	00415b58-00415bc5	\N	\N	uint __cdecl FUN_00415b58(uint param_1, int * param_2)
00415bc6	FUN_00415bc6	FUN_00415bc6	Global	DEFAULT	ANALYSIS	__cdecl	int	3	false	\N	false	00415bc6-00415c2a	\N	\N	int __cdecl FUN_00415bc6(uint param_1, char * param_2, char * param_3)
00415c2b	FUN_00415c2b	FUN_00415c2b	Global	DEFAULT	ANALYSIS	__cdecl	int	3	false	\N	false	00415c2b-00415e03	\N	\N	int __cdecl FUN_00415c2b(uint param_1, char * param_2, char * param_3)
00415e04	FUN_00415e04	FUN_00415e04	Global	DEFAULT	ANALYSIS	__cdecl	int	2	false	\N	false	00415e04-00415e5c	\N	\N	int __cdecl FUN_00415e04(uint param_1, int param_2)
00415e5d	FUN_00415e5d	FUN_00415e5d	Global	DEFAULT	ANALYSIS	__cdecl	int	2	false	\N	false	00415e5d-00415f81	\N	\N	int __cdecl FUN_00415e5d(uint param_1, int param_2)
00415f90	_strrchr	_strrchr	Global	ANALYSIS	IMPORTED	__cdecl	char *	2	false	\N	false	00415f90-00415fb6	Library Function - Single Match\n _strrchr\n\nLibraries: Visual Studio 1998 Debug, Visual Studio 1998 Release	\N	char * __cdecl _strrchr(char * _Str, int _Ch)
00415fb7	FUN_00415fb7	FUN_00415fb7	Global	DEFAULT	ANALYSIS	__cdecl	char *	4	false	\N	false	00415fb7-0041619f	\N	\N	char * __cdecl FUN_00415fb7(int param_1, LPCSTR param_2, char * param_3, LPVOID param_4)
004161a0	FUN_004161a0	FUN_004161a0	Global	DEFAULT	ANALYSIS	__cdecl	undefined4	4	false	\N	false	004161a0-004163a5	\N	\N	undefined4 __cdecl FUN_004161a0(undefined4 * param_1, undefined4 * param_2, undefined4 * param_3, undefined4 * param_4)
004163a6	FUN_004163a6	FUN_004163a6	Global	DEFAULT	ANALYSIS	__cdecl	int	2	false	\N	false	004163a6-004163fe	\N	\N	int __cdecl FUN_004163a6(uint param_1, int param_2)
004163ff	FUN_004163ff	FUN_004163ff	Global	DEFAULT	ANALYSIS	__cdecl	int	2	false	\N	false	004163ff-0041645f	\N	\N	int __cdecl FUN_004163ff(uint param_1, int param_2)
00416460	FUN_00416460	FUN_00416460	Global	DEFAULT	ANALYSIS	__stdcall	undefined4	3	false	\N	false	00416460-0041649c	\N	\N	undefined4 __stdcall FUN_00416460(int param_1, int param_2, int param_3)
0041649d	FUN_0041649d	FUN_0041649d	Global	DEFAULT	ANALYSIS	__stdcall	undefined4	4	false	\N	false	0041649d-00416632	\N	\N	undefined4 __stdcall FUN_0041649d(int param_1, int param_2, int param_3, int param_4)
00416633	FUN_00416633	FUN_00416633	Global	DEFAULT	ANALYSIS	__stdcall	undefined4	0	false	\N	false	00416633-00416636	\N	\N	undefined4 __stdcall FUN_00416633(void)
00416637	FUN_00416637	FUN_00416637	Global	DEFAULT	ANALYSIS	__cdecl	undefined	3	false	\N	false	00416637-00416647	\N	\N	undefined __cdecl FUN_00416637(undefined4 param_1, int param_2, int param_3)
00416648	FUN_00416648	FUN_00416648	Global	DEFAULT	ANALYSIS	__cdecl	undefined	2	false	\N	false	00416648-00416659	\N	\N	undefined __cdecl FUN_00416648(undefined4 param_1, undefined * param_2)
0041665a	FUN_0041665a	FUN_0041665a	Global	DEFAULT	ANALYSIS	__cdecl	undefined	1	false	\N	false	0041665a-00416680	\N	\N	undefined __cdecl FUN_0041665a(int param_1)
00416681	FUN_00416681	FUN_00416681	Global	DEFAULT	ANALYSIS	__cdecl	undefined	1	false	\N	false	00416681-00416690	\N	\N	undefined __cdecl FUN_00416681(int param_1)
00416691	FUN_00416691	FUN_00416691	Global	DEFAULT	ANALYSIS	__stdcall	int	2	false	\N	false	00416691-00416796	\N	\N	int __stdcall FUN_00416691(int param_1, int param_2)
00416797	FUN_00416797	FUN_00416797	Global	DEFAULT	ANALYSIS	__cdecl	undefined4	1	false	\N	false	00416797-004167af	\N	\N	undefined4 __cdecl FUN_00416797(int param_1)
004167b0	FUN_004167b0	FUN_004167b0	Global	DEFAULT	ANALYSIS	__cdecl	undefined4	1	false	\N	false	004167b0-00416889	\N	\N	undefined4 __cdecl FUN_004167b0(int param_1)
0041688a	FUN_0041688a	FUN_0041688a	Global	DEFAULT	ANALYSIS	__cdecl	undefined	1	false	\N	false	0041688a-004168a7	\N	\N	undefined __cdecl FUN_0041688a(int param_1)
004168a8	FUN_004168a8	FUN_004168a8	Global	DEFAULT	ANALYSIS	__cdecl	undefined	1	false	\N	false	004168a8-0041698c	\N	\N	undefined __cdecl FUN_004168a8(int param_1)
0041698d	FUN_0041698d	FUN_0041698d	Global	DEFAULT	ANALYSIS	__cdecl	undefined4	1	false	\N	false	0041698d-00416b3b	\N	\N	undefined4 __cdecl FUN_0041698d(int * param_1)
00416b3c	FUN_00416b3c	FUN_00416b3c	Global	DEFAULT	ANALYSIS	__cdecl	undefined1	1	false	\N	false	00416b3c-00416b84	\N	\N	undefined1 __cdecl FUN_00416b3c(int * param_1)
00416b85	FUN_00416b85	FUN_00416b85	Global	DEFAULT	ANALYSIS	__stdcall	undefined4	1	false	\N	false	00416b85-00416be4	\N	\N	undefined4 __stdcall FUN_00416b85(int param_1)
00416be5	FUN_00416be5	FUN_00416be5	Global	DEFAULT	ANALYSIS	__stdcall	undefined4	3	false	\N	false	00416be5-00416ca2	\N	\N	undefined4 __stdcall FUN_00416be5(int param_1, int param_2, int param_3)
00416ca3	FUN_00416ca3	FUN_00416ca3	Global	DEFAULT	ANALYSIS	__cdecl	undefined	2	false	\N	false	00416ca3-00416ccf	\N	\N	undefined __cdecl FUN_00416ca3(int param_1, int param_2)
00416cd0	FUN_00416cd0	FUN_00416cd0	Global	DEFAULT	ANALYSIS	__stdcall	int	1	false	\N	false	00416cd0-00416e0c	\N	\N	int __stdcall FUN_00416cd0(int param_1)
00416e0d	FUN_00416e0d	FUN_00416e0d	Global	DEFAULT	ANALYSIS	__cdecl	undefined	1	false	\N	false	00416e0d-0041723f	\N	\N	undefined __cdecl FUN_00416e0d(int * param_1)
00417240	FUN_00417240	FUN_00417240	Global	DEFAULT	ANALYSIS	__cdecl	undefined	1	false	\N	false	00417240-004177dc	\N	\N	undefined __cdecl FUN_00417240(int * param_1)
004177dd	FUN_004177dd	FUN_004177dd	Global	DEFAULT	ANALYSIS	__stdcall	undefined4	1	false	\N	false	004177dd-00417845	\N	\N	undefined4 __stdcall FUN_004177dd(int param_1)
00417846	FUN_00417846	FUN_00417846	Global	DEFAULT	ANALYSIS	__stdcall	int *	5	false	\N	false	00417846-0041796f	\N	\N	int * __stdcall FUN_00417846(int * param_1, int param_2, int param_3, int param_4, int param_5)
00417970	FUN_00417970	FUN_00417970	Global	DEFAULT	ANALYSIS	__stdcall	undefined	4	false	\N	false	00417970-00417a96	\N	\N	undefined __stdcall FUN_00417970(int * param_1, int * param_2, int param_3, int param_4)
00417a97	FUN_00417a97	FUN_00417a97	Global	DEFAULT	ANALYSIS	__stdcall	undefined	5	false	\N	false	00417a97-00417ab5	\N	\N	undefined __stdcall FUN_00417a97(int * param_1, int * param_2, int param_3, int * param_4, int * param_5)
00417ab6	FUN_00417ab6	FUN_00417ab6	Global	DEFAULT	ANALYSIS	__stdcall	undefined	7	false	\N	false	00417ab6-00417c36	\N	\N	undefined __stdcall FUN_00417ab6(int * param_1, int * param_2, int param_3, int * param_4, int * param_5, int * param_6, int * param_7)
00417c37	FUN_00417c37	FUN_00417c37	Global	DEFAULT	ANALYSIS	__stdcall	int *	6	false	\N	false	00417c37-00417d8b	\N	\N	int * __stdcall FUN_00417c37(int * param_1, int param_2, int param_3, int param_4, undefined1 * param_5, int param_6)
00417d8c	FUN_00417d8c	FUN_00417d8c	Global	DEFAULT	ANALYSIS	__stdcall	undefined	2	false	\N	false	00417d8c-00417de5	\N	\N	undefined __stdcall FUN_00417d8c(undefined4 * param_1, undefined * param_2)
00417de6	FUN_00417de6	FUN_00417de6	Global	DEFAULT	ANALYSIS	__stdcall	int	4	false	\N	false	00417de6-00417f62	\N	\N	int __stdcall FUN_00417de6(int * param_1, int * param_2, int param_3, int param_4)
00417f63	FUN_00417f63	FUN_00417f63	Global	DEFAULT	ANALYSIS	__cdecl	undefined4	1	false	\N	false	00417f63-00417f83	\N	\N	undefined4 __cdecl FUN_00417f63(int * param_1)
00417f84	FUN_00417f84	FUN_00417f84	Global	DEFAULT	ANALYSIS	__stdcall	undefined	4	false	\N	false	00417f84-00418001	\N	\N	undefined __stdcall FUN_00417f84(undefined4 * param_1, int param_2, undefined4 * param_3, undefined4 * param_4)
00418002	FUN_00418002	FUN_00418002	Global	DEFAULT	ANALYSIS	__stdcall	int	7	false	\N	false	00418002-004180cc	\N	\N	int __stdcall FUN_00418002(int param_1, int * param_2, int param_3, undefined4 param_4, int param_5, int param_6, int param_7)
004180cd	FUN_004180cd	FUN_004180cd	Global	DEFAULT	ANALYSIS	__stdcall	int	6	false	\N	false	004180cd-0041817a	\N	\N	int __stdcall FUN_004180cd(int param_1, int * param_2, int param_3, undefined4 param_4, int param_5, int param_6)
0041817b	FUN_0041817b	FUN_0041817b	Global	DEFAULT	ANALYSIS	__stdcall	char *	0	false	\N	false	0041817b-00418180	\N	\N	char * __stdcall FUN_0041817b(void)
00418198	FUN_00418198	FUN_00418198	Global	DEFAULT	ANALYSIS	__cdecl	int *	4	false	\N	false	00418198-00418329	\N	\N	int * __cdecl FUN_00418198(char * param_1, uint param_2, char * param_3, int param_4)
00418341	FUN_00418341	FUN_00418341	Global	DEFAULT	ANALYSIS	__stdcall	int	3	false	\N	false	00418341-00418376	\N	\N	int __stdcall FUN_00418341(int * param_1, int param_2, int param_3)
00418377	FUN_00418377	FUN_00418377	Global	DEFAULT	ANALYSIS	__stdcall	int	3	false	\N	false	00418377-0041839d	\N	\N	int __stdcall FUN_00418377(int * param_1, int param_2, int param_3)
004183a3	FUN_004183a3	FUN_004183a3	Global	DEFAULT	ANALYSIS	__stdcall	undefined	1	false	\N	false	004183a3-00418402	\N	\N	undefined __stdcall FUN_004183a3(int * param_1)
00418428	FUN_00418428	FUN_00418428	Global	DEFAULT	ANALYSIS	__cdecl	undefined	1	false	\N	false	00418428-0041843a	\N	\N	undefined __cdecl FUN_00418428(int param_1)
0041843b	FUN_0041843b	FUN_0041843b	Global	DEFAULT	ANALYSIS	__cdecl	undefined	2	false	\N	false	0041843b-004185ca	\N	\N	undefined __cdecl FUN_0041843b(ushort * param_1, char param_2)
004185cb	FUN_004185cb	FUN_004185cb	Global	DEFAULT	ANALYSIS	__cdecl	undefined	1	false	\N	false	004185cb-00418606	\N	\N	undefined __cdecl FUN_004185cb(int param_1)
00418607	FUN_00418607	FUN_00418607	Global	DEFAULT	ANALYSIS	__cdecl	undefined	3	false	\N	false	00418607-00418662	\N	\N	undefined __cdecl FUN_00418607(int param_1, int param_2, int param_3)
00418663	FUN_00418663	FUN_00418663	Global	DEFAULT	ANALYSIS	__cdecl	undefined	2	false	\N	false	00418663-004186ab	\N	\N	undefined __cdecl FUN_00418663(int param_1, uint param_2)
004186ac	FUN_004186ac	FUN_004186ac	Global	DEFAULT	ANALYSIS	__cdecl	undefined	2	false	\N	false	004186ac-004186c0	\N	\N	undefined __cdecl FUN_004186ac(int param_1, byte param_2)
004186c1	FUN_004186c1	FUN_004186c1	Global	DEFAULT	ANALYSIS	__cdecl	int	1	false	\N	false	004186c1-00418862	\N	\N	int __cdecl FUN_004186c1(uint param_1)
00418863	FUN_00418863	FUN_00418863	Global	DEFAULT	ANALYSIS	__cdecl	undefined	1	false	\N	false	00418863-0041888a	\N	\N	undefined __cdecl FUN_00418863(int param_1)
0041888b	FUN_0041888b	FUN_0041888b	Global	DEFAULT	ANALYSIS	__cdecl	undefined	1	false	\N	false	0041888b-0041a1b6	\N	\N	undefined __cdecl FUN_0041888b(ushort * param_1)
0041a1b7	FUN_0041a1b7	FUN_0041a1b7	Global	DEFAULT	ANALYSIS	__stdcall	undefined4	1	false	\N	false	0041a1b7-0041c056	\N	\N	undefined4 __stdcall FUN_0041a1b7(int * param_1)
0041c0fb	FUN_0041c0fb	FUN_0041c0fb	Global	DEFAULT	ANALYSIS	__cdecl	undefined	1	false	\N	false	0041c0fb-0041c12e	\N	\N	undefined __cdecl FUN_0041c0fb(int param_1)
0041c12f	FUN_0041c12f	FUN_0041c12f	Global	DEFAULT	ANALYSIS	__cdecl	undefined	1	false	\N	false	0041c12f-0041c252	\N	\N	undefined __cdecl FUN_0041c12f(int param_1)
0041c253	FUN_0041c253	FUN_0041c253	Global	DEFAULT	ANALYSIS	__cdecl	undefined	5	false	\N	false	0041c253-0041c5a7	\N	\N	undefined __cdecl FUN_0041c253(int * param_1, int param_2, undefined4 * param_3, int param_4, int param_5)
0041c5a8	FUN_0041c5a8	FUN_0041c5a8	Global	DEFAULT	ANALYSIS	__cdecl	undefined	4	false	\N	false	0041c5a8-0041c80e	\N	\N	undefined __cdecl FUN_0041c5a8(int * param_1, int param_2, undefined4 param_3, int param_4)
0041c80f	FUN_0041c80f	FUN_0041c80f	Global	DEFAULT	ANALYSIS	__cdecl	undefined	4	false	\N	false	0041c80f-0041c8e5	\N	\N	undefined __cdecl FUN_0041c80f(int param_1, int param_2, int param_3, int param_4)
0041c8e6	FUN_0041c8e6	FUN_0041c8e6	Global	DEFAULT	ANALYSIS	__cdecl	undefined	7	false	\N	false	0041c8e6-0041cf28	\N	\N	undefined __cdecl FUN_0041c8e6(int param_1, byte * param_2, int param_3, uint * param_4, uint param_5, int param_6, int * param_7)
0041cf29	FUN_0041cf29	FUN_0041cf29	Global	DEFAULT	ANALYSIS	__cdecl	undefined	8	false	\N	false	0041cf29-0041d2ae	\N	\N	undefined __cdecl FUN_0041cf29(int param_1, uint param_2, int param_3, uint param_4, undefined4 param_5, int param_6, int param_7, int * param_8)
0041d2af	FUN_0041d2af	FUN_0041d2af	Global	DEFAULT	ANALYSIS	__cdecl	undefined	8	false	\N	false	0041d2af-0041d51f	\N	\N	undefined __cdecl FUN_0041d2af(int param_1, uint param_2, int param_3, uint param_4, int param_5, int param_6, int param_7, int * param_8)
0041d520	FUN_0041d520	FUN_0041d520	Global	DEFAULT	ANALYSIS	__cdecl	uint	6	false	\N	false	0041d520-0041d79e	\N	\N	uint __cdecl FUN_0041d520(ushort * param_1, int param_2, uint param_3, int param_4, uint param_5, int * param_6)
0041d79f	FUN_0041d79f	FUN_0041d79f	Global	DEFAULT	ANALYSIS	__cdecl	byte	3	false	\N	false	0041d79f-0041d7c1	\N	\N	byte __cdecl FUN_0041d79f(byte param_1, byte param_2, byte param_3)
0041d7c2	FUN_0041d7c2	FUN_0041d7c2	Global	DEFAULT	ANALYSIS	__cdecl	undefined	4	false	\N	false	0041d7c2-0041dafe	\N	\N	undefined __cdecl FUN_0041d7c2(int param_1, int * param_2, int param_3, int param_4)
0041daff	FUN_0041daff	FUN_0041daff	Global	DEFAULT	ANALYSIS	__cdecl	undefined	5	false	\N	false	0041daff-0041db3a	\N	\N	undefined __cdecl FUN_0041daff(int * param_1, int param_2, uint param_3, int param_4, int param_5)
0041db3b	FUN_0041db3b	FUN_0041db3b	Global	DEFAULT	ANALYSIS	__cdecl	undefined	7	false	\N	false	0041db3b-0041dc26	\N	\N	undefined __cdecl FUN_0041db3b(undefined4 * param_1, int * param_2, int param_3, int param_4, uint param_5, int param_6, int param_7)
0041dc60	FUN_0041dc60	FUN_0041dc60	Global	DEFAULT	ANALYSIS	__cdecl	undefined	3	false	\N	false	0041dc60-0041dee2	\N	\N	undefined __cdecl FUN_0041dc60(int * param_1, uint * param_2, uint param_3)
0041df40	FUN_0041df40	FUN_0041df40	Global	DEFAULT	ANALYSIS	__cdecl	undefined	2	false	\N	false	0041df40-0041e068	\N	\N	undefined __cdecl FUN_0041df40(undefined1 * param_1, int * param_2)
0041e080	FUN_0041e080	FUN_0041e080	Global	DEFAULT	ANALYSIS	__cdecl	undefined	1	false	\N	false	0041e080-0041e0aa	\N	\N	undefined __cdecl FUN_0041e080(undefined4 * param_1)
0041e0b0	FUN_0041e0b0	FUN_0041e0b0	Global	DEFAULT	ANALYSIS	__cdecl	undefined	3	false	\N	false	0041e0b0-0041e798	\N	\N	undefined __cdecl FUN_0041e0b0(int * param_1, int param_2, int param_3)
0041e7a0	FUN_0041e7a0	FUN_0041e7a0	Global	DEFAULT	ANALYSIS	__stdcall	int	0	false	\N	false	0041e7a0-0041e7bb	\N	\N	int __stdcall FUN_0041e7a0(void)
0041e7bc	FUN_0041e7bc	FUN_0041e7bc	Global	DEFAULT	ANALYSIS	__cdecl	undefined	1	false	\N	false	0041e7bc-0041e7cc	\N	\N	undefined __cdecl FUN_0041e7bc(DWORD param_1)
0041e7cd	FUN_0041e7cd	FUN_0041e7cd	Global	DEFAULT	ANALYSIS	__cdecl	undefined4	1	false	\N	false	0041e7cd-0041e895	\N	\N	undefined4 __cdecl FUN_0041e7cd(int * param_1)
0041e896	FUN_0041e896	FUN_0041e896	Global	DEFAULT	ANALYSIS	__cdecl	undefined4	2	false	\N	false	0041e896-0041e939	\N	\N	undefined4 __cdecl FUN_0041e896(int * param_1, int param_2)
0041e93a	FUN_0041e93a	FUN_0041e93a	Global	DEFAULT	ANALYSIS	__stdcall	longlong	0	false	\N	false	0041e93a-0041e94c	\N	\N	longlong __stdcall FUN_0041e93a(void)
0041e94d	FUN_0041e94d	FUN_0041e94d	Global	DEFAULT	ANALYSIS	__cdecl	undefined	1	false	\N	false	0041e94d-0041e95b	\N	\N	undefined __cdecl FUN_0041e94d(DWORD param_1)
0041e95c	FUN_0041e95c	FUN_0041e95c	Global	DEFAULT	ANALYSIS	__cdecl	char *	1	false	\N	false	0041e95c-0041eb3f	\N	\N	char * __cdecl FUN_0041e95c(undefined4 param_1)
0041ec62	FUN_0041ec62	FUN_0041ec62	Global	DEFAULT	ANALYSIS	__stdcall	undefined	0	false	\N	false	0041ec62-0041ec6b	\N	\N	undefined __stdcall FUN_0041ec62(void)
0041ec6c	FUN_0041ec6c	FUN_0041ec6c	Global	DEFAULT	ANALYSIS	__cdecl	undefined	1	false	\N	false	0041ec6c-0041ecaa	\N	\N	undefined __cdecl FUN_0041ec6c(SOCKET param_1)
0041ecab	FUN_0041ecab	FUN_0041ecab	Global	DEFAULT	ANALYSIS	__stdcall	undefined	0	false	\N	false	0041ecab-0041ee07	\N	\N	undefined __stdcall FUN_0041ecab(void)
0041ee08	FUN_0041ee08	FUN_0041ee08	Global	DEFAULT	ANALYSIS	__stdcall	undefined	0	false	\N	false	0041ee08-0041ee4e	\N	\N	undefined __stdcall FUN_0041ee08(void)
0041ee4f	FUN_0041ee4f	FUN_0041ee4f	Global	DEFAULT	ANALYSIS	__cdecl	undefined	1	false	\N	false	0041ee4f-0041ee5c	\N	\N	undefined __cdecl FUN_0041ee4f(SOCKET param_1)
0041ee5d	FUN_0041ee5d	FUN_0041ee5d	Global	DEFAULT	ANALYSIS	__cdecl	undefined	1	false	\N	false	0041ee5d-0041eef5	\N	\N	undefined __cdecl FUN_0041ee5d(uint * param_1)
0041eef6	FUN_0041eef6	FUN_0041eef6	Global	DEFAULT	ANALYSIS	__cdecl	bool	1	false	\N	false	0041eef6-0041ef35	\N	\N	bool __cdecl FUN_0041eef6(SOCKET param_1)
0041ef36	FUN_0041ef36	FUN_0041ef36	Global	DEFAULT	ANALYSIS	__cdecl	bool	1	false	\N	false	0041ef36-0041ef72	\N	\N	bool __cdecl FUN_0041ef36(SOCKET param_1)
0041ef73	FUN_0041ef73	FUN_0041ef73	Global	DEFAULT	ANALYSIS	__cdecl	undefined	2	false	\N	false	0041ef73-0041ef87	\N	\N	undefined __cdecl FUN_0041ef73(int param_1, uint param_2)
0041ef88	FUN_0041ef88	FUN_0041ef88	Global	DEFAULT	ANALYSIS	__cdecl	bool	2	false	\N	false	0041ef88-0041efa9	\N	\N	bool __cdecl FUN_0041ef88(undefined4 param_1, undefined4 param_2)
0041efaa	FUN_0041efaa	FUN_0041efaa	Global	DEFAULT	ANALYSIS	__cdecl	float10	2	false	\N	false	0041efaa-0041efdf	\N	\N	float10 __cdecl FUN_0041efaa(void * param_1, uint param_2)
0041efe0	FUN_0041efe0	FUN_0041efe0	Global	DEFAULT	ANALYSIS	__cdecl	undefined	1	false	\N	false	0041efe0-0041eff0	\N	\N	undefined __cdecl FUN_0041efe0(int * param_1)
0041eff1	FUN_0041eff1	FUN_0041eff1	Global	DEFAULT	ANALYSIS	__cdecl	undefined	1	false	\N	false	0041eff1-0041f039	\N	\N	undefined __cdecl FUN_0041eff1(char param_1)
0041f03a	FUN_0041f03a	FUN_0041f03a	Global	DEFAULT	ANALYSIS	__cdecl	undefined4	2	false	\N	false	0041f03a-0041f056	\N	\N	undefined4 __cdecl FUN_0041f03a(double * param_1, double * param_2)
0041f057	FUN_0041f057	FUN_0041f057	Global	DEFAULT	ANALYSIS	__stdcall	undefined	0	false	\N	false	0041f057-0041f05b	\N	\N	undefined __stdcall FUN_0041f057(void)
0041f05c	FUN_0041f05c	FUN_0041f05c	Global	DEFAULT	ANALYSIS	__cdecl	int	1	false	\N	false	0041f05c-0041f0a3	\N	\N	int __cdecl FUN_0041f05c(int param_1)
0041f0a4	FUN_0041f0a4	FUN_0041f0a4	Global	DEFAULT	ANALYSIS	__cdecl	undefined4 *	3	false	\N	false	0041f0a4-0041f19f	\N	\N	undefined4 * __cdecl FUN_0041f0a4(int param_1, int param_2, int param_3)
0041f1a0	FUN_0041f1a0	FUN_0041f1a0	Global	DEFAULT	ANALYSIS	__cdecl	int *	1	false	\N	false	0041f1a0-0041f1c8	\N	\N	int * __cdecl FUN_0041f1a0(int * param_1)
0041f1c9	FUN_0041f1c9	FUN_0041f1c9	Global	DEFAULT	ANALYSIS	__cdecl	undefined	1	false	\N	false	0041f1c9-0041f22d	\N	\N	undefined __cdecl FUN_0041f1c9(int param_1)
0041f22e	FUN_0041f22e	FUN_0041f22e	Global	DEFAULT	ANALYSIS	__cdecl	undefined	3	false	\N	false	0041f22e-0041f306	\N	\N	undefined __cdecl FUN_0041f22e(int param_1, int param_2, int param_3)
0041f307	FUN_0041f307	FUN_0041f307	Global	DEFAULT	ANALYSIS	__cdecl	undefined	1	false	\N	false	0041f307-0041f321	\N	\N	undefined __cdecl FUN_0041f307(int param_1)
0041f322	FUN_0041f322	FUN_0041f322	Global	DEFAULT	ANALYSIS	__cdecl	undefined	1	false	\N	false	0041f322-0041f33c	\N	\N	undefined __cdecl FUN_0041f322(int param_1)
0041f33d	FUN_0041f33d	FUN_0041f33d	Global	DEFAULT	ANALYSIS	__cdecl	undefined4 *	2	false	\N	false	0041f33d-0041f3c0	\N	\N	undefined4 * __cdecl FUN_0041f33d(undefined4 * param_1, undefined4 * param_2)
0041f3c1	FUN_0041f3c1	FUN_0041f3c1	Global	DEFAULT	ANALYSIS	__cdecl	void *	2	false	\N	false	0041f3c1-0041f3ff	\N	\N	void * __cdecl FUN_0041f3c1(int param_1, int param_2)
0041f400	FUN_0041f400	FUN_0041f400	Global	DEFAULT	ANALYSIS	__stdcall	undefined	0	false	\N	false	0041f400-0041f404	\N	\N	undefined __stdcall FUN_0041f400(void)
0041f405	FUN_0041f405	FUN_0041f405	Global	DEFAULT	ANALYSIS	__cdecl	int	2	false	\N	false	0041f405-0041f473	\N	\N	int __cdecl FUN_0041f405(char * param_1, char * param_2)
0041f474	FUN_0041f474	FUN_0041f474	Global	DEFAULT	ANALYSIS	__cdecl	int	3	false	\N	false	0041f474-0041f4fa	\N	\N	int __cdecl FUN_0041f474(char * param_1, char * param_2, uint param_3)
0041f4fb	FUN_0041f4fb	FUN_0041f4fb	Global	DEFAULT	ANALYSIS	__cdecl	char *	2	false	\N	false	0041f4fb-0041f5f1	\N	\N	char * __cdecl FUN_0041f4fb(char * param_1, char * param_2)
0041f5f2	FUN_0041f5f2	FUN_0041f5f2	Global	DEFAULT	ANALYSIS	__cdecl	undefined	2	false	\N	false	0041f5f2-0041f660	\N	\N	undefined __cdecl FUN_0041f5f2(undefined4 param_1, LPCSTR param_2)
0041f670	FUN_0041f670	FUN_0041f670	Global	DEFAULT	ANALYSIS	__cdecl	undefined4	1	false	\N	false	0041f670-0041f70e	\N	\N	undefined4 __cdecl FUN_0041f670(uint * param_1)
0041f70f	FUN_0041f70f	FUN_0041f70f	Global	DEFAULT	ANALYSIS	__cdecl	char *	1	false	\N	false	0041f70f-0041f7ac	\N	\N	char * __cdecl FUN_0041f70f(char * param_1)
0041f7ad	FUN_0041f7ad	FUN_0041f7ad	Global	DEFAULT	ANALYSIS	__cdecl	bool	1	false	\N	false	0041f7ad-0041f7ed	\N	\N	bool __cdecl FUN_0041f7ad(undefined * param_1)
0041f7ee	FUN_0041f7ee	FUN_0041f7ee	Global	DEFAULT	ANALYSIS	__cdecl	undefined	1	false	\N	false	0041f7ee-0041f7fe	\N	\N	undefined __cdecl FUN_0041f7ee(LPCSTR param_1)
0041f860	FUN_0041f860	FUN_0041f860	Global	DEFAULT	ANALYSIS	__cdecl	undefined4	2	false	\N	false	0041f860-0041faf2	\N	\N	undefined4 __cdecl FUN_0041f860(uint param_1, uint * param_2)
0041faf3	FUN_0041faf3	FUN_0041faf3	Global	DEFAULT	ANALYSIS	__cdecl	undefined4	1	false	\N	false	0041faf3-0041fafa	\N	\N	undefined4 __cdecl FUN_0041faf3(int param_1)
0041fafb	FUN_0041fafb	FUN_0041fafb	Global	DEFAULT	ANALYSIS	__cdecl	uint	4	false	\N	false	0041fafb-0041fb29	\N	\N	uint __cdecl FUN_0041fafb(char * param_1, uint param_2, uint param_3, int * param_4)
0041fb2a	FUN_0041fb2a	FUN_0041fb2a	Global	DEFAULT	ANALYSIS	__cdecl	uint	4	false	\N	false	0041fb2a-0041fc11	\N	\N	uint __cdecl FUN_0041fb2a(char * param_1, uint param_2, uint param_3, int * param_4)
0041fc12	FUN_0041fc12	FUN_0041fc12	Global	DEFAULT	ANALYSIS	__cdecl	uint	1	false	\N	false	0041fc12-0041fc42	\N	\N	uint __cdecl FUN_0041fc12(undefined4 * param_1)
0041fc4e	FUN_0041fc4e	FUN_0041fc4e	Global	DEFAULT	ANALYSIS	__cdecl	undefined	1	false	\N	false	0041fc4e-0041fc5a	\N	\N	undefined __cdecl FUN_0041fc4e(DWORD param_1)
0041fc5b	_rand	_rand	Global	ANALYSIS	IMPORTED	__cdecl	int	0	false	\N	false	0041fc5b-0041fc7c	Library Function - Single Match\n _rand\n\nLibraries: Visual Studio 2003 Release, Visual Studio 2005 Release, Visual Studio 2008 Release	\N	int __cdecl _rand(void)
0041fc7d	FUN_0041fc7d	FUN_0041fc7d	Global	DEFAULT	ANALYSIS	__cdecl	undefined	3	false	\N	false	0041fc7d-0041ff66	\N	\N	undefined __cdecl FUN_0041fc7d(uint * param_1, uint * param_2, uint param_3)
0041ff70	__allrem	__allrem	Global	ANALYSIS	ANALYSIS	__stdcall	undefined8	4	false	\N	false	0041ff70-00420021	Library Function - Single Match\n __allrem\n\nLibrary: Visual Studio	\N	undefined8 __stdcall __allrem(uint param_1, uint param_2, uint param_3, uint param_4)
00420030	__alldiv	__alldiv	Global	ANALYSIS	ANALYSIS	__stdcall	undefined8	4	false	\N	false	00420030-004200d9	Library Function - Single Match\n __alldiv\n\nLibrary: Visual Studio	\N	undefined8 __stdcall __alldiv(uint param_1, uint param_2, uint param_3, uint param_4)
004200da	FUN_004200da	FUN_004200da	Global	DEFAULT	ANALYSIS	__cdecl	int	1	false	\N	false	004200da-0042011a	\N	\N	int __cdecl FUN_004200da(byte * param_1)
0042011b	__copysign	__copysign	Global	ANALYSIS	IMPORTED	__cdecl	double	2	false	\N	false	0042011b-0042013b	Library Function - Single Match\n __copysign\n\nLibraries: Visual Studio 2003 Release, Visual Studio 2019 Release	\N	double __cdecl __copysign(double _Number, double _Sign)
0042013c	FUN_0042013c	FUN_0042013c	Global	DEFAULT	ANALYSIS	__cdecl	float10	2	false	\N	false	0042013c-00420160	\N	\N	float10 __cdecl FUN_0042013c(undefined4 param_1, uint param_2)
00420177	FUN_00420177	FUN_00420177	Global	DEFAULT	ANALYSIS	__cdecl	float10	2	false	\N	false	00420177-0042025d	\N	\N	float10 __cdecl FUN_00420177(uint param_1, undefined4 param_2)
0042025e	FUN_0042025e	FUN_0042025e	Global	DEFAULT	ANALYSIS	__cdecl	float10	4	false	\N	false	0042025e-004204f2	\N	\N	float10 __cdecl FUN_0042025e(int param_1, uint param_2, int param_3, uint param_4)
004204f3	FUN_004204f3	FUN_004204f3	Global	DEFAULT	ANALYSIS	__cdecl	bool	2	false	\N	false	004204f3-00420506	\N	\N	bool __cdecl FUN_004204f3(undefined4 param_1, undefined4 param_2)
00420507	FUN_00420507	FUN_00420507	Global	DEFAULT	ANALYSIS	__cdecl	undefined4	2	false	\N	false	00420507-00420534	\N	\N	undefined4 __cdecl FUN_00420507(int param_1, uint param_2)
00420535	FUN_00420535	FUN_00420535	Global	DEFAULT	ANALYSIS	__cdecl	int	2	false	\N	false	00420535-004205c6	\N	\N	int __cdecl FUN_00420535(int param_1, uint param_2)
004205d0	FUN_004205d0	FUN_004205d0	Global	DEFAULT	ANALYSIS	__stdcall	undefined	0	false	\N	false	004205d0-004205e3	\N	\N	undefined __stdcall FUN_004205d0(void)
004205e4	FUN_004205e4	FUN_004205e4	Global	DEFAULT	ANALYSIS	__thiscall	uint	3	false	\N	false	004205e4-004205ec	\N	\N	uint __thiscall FUN_004205e4(int param_1, uint param_2)
004205ed	FUN_004205ed	FUN_004205ed	Global	DEFAULT	ANALYSIS	__cdecl	uint	2	false	\N	false	004205ed-0042069b;0042190e-0042191a	\N	\N	uint __cdecl FUN_004205ed(int param_1, uint param_2)
0042069c	FUN_0042069c	FUN_0042069c	Global	DEFAULT	ANALYSIS	__cdecl	undefined4	1	false	\N	false	0042069c-004206c7	\N	\N	undefined4 __cdecl FUN_0042069c(LPCSTR param_1)
004206c8	FUN_004206c8	FUN_004206c8	Global	DEFAULT	ANALYSIS	__cdecl	undefined4	4	false	\N	false	004206c8-00420776	\N	\N	undefined4 __cdecl FUN_004206c8(FILE * param_1, int * param_2, uint param_3, uint param_4)
00420780	_strncat	_strncat	Global	ANALYSIS	IMPORTED	__cdecl	char *	3	false	\N	false	00420780-004208a2	Library Function - Single Match\n _strncat\n\nLibraries: Visual Studio 1998 Debug, Visual Studio 1998 Release	\N	char * __cdecl _strncat(char * _Dest, char * _Source, size_t _Count)
004208a3	FUN_004208a3	FUN_004208a3	Global	DEFAULT	ANALYSIS	__cdecl	float10	2	false	\N	false	004208a3-00420a88	\N	\N	float10 __cdecl FUN_004208a3(double param_1, int param_2)
00420a89	FUN_00420a89	FUN_00420a89	Global	DEFAULT	ANALYSIS	__cdecl	float10	2	false	\N	false	00420a89-00420ab1	\N	\N	float10 __cdecl FUN_00420a89(undefined8 param_1, short param_2)
00420af2	FUN_00420af2	FUN_00420af2	Global	DEFAULT	ANALYSIS	__cdecl	float10	2	false	\N	false	00420af2-00420b15	\N	\N	float10 __cdecl FUN_00420af2(undefined8 param_1, short param_2)
00420b16	FUN_00420b16	FUN_00420b16	Global	DEFAULT	ANALYSIS	__cdecl	undefined4	2	false	\N	false	00420b16-00420b6f	\N	\N	undefined4 __cdecl FUN_00420b16(int param_1, uint param_2)
00420b70	FUN_00420b70	FUN_00420b70	Global	DEFAULT	ANALYSIS	__cdecl	float10	3	false	\N	false	00420b70-00420c30	\N	\N	float10 __cdecl FUN_00420b70(uint param_1, uint param_2, int * param_3)
00420c31	FUN_00420c31	FUN_00420c31	Global	DEFAULT	ANALYSIS	__cdecl	float10	2	false	\N	false	00420c31-00420c84	\N	\N	float10 __cdecl FUN_00420c31(int param_1, double param_2)
00420c85	FUN_00420c85	FUN_00420c85	Global	DEFAULT	ANALYSIS	__cdecl	float10	3	false	\N	false	00420c85-00420ce4	\N	\N	float10 __cdecl FUN_00420c85(int param_1, double param_2, double param_3)
00420ce5	FUN_00420ce5	FUN_00420ce5	Global	DEFAULT	ANALYSIS	__cdecl	float10	5	false	\N	false	00420ce5-00420d7c	\N	\N	float10 __cdecl FUN_00420ce5(uint param_1, uint param_2, undefined8 param_3, double param_4, uint param_5)
00420d7d	FUN_00420d7d	FUN_00420d7d	Global	DEFAULT	ANALYSIS	__cdecl	float10	6	false	\N	false	00420d7d-00420e21	\N	\N	float10 __cdecl FUN_00420d7d(uint param_1, uint param_2, undefined8 param_3, undefined8 param_4, double param_5, uint param_6)
00420e22	FUN_00420e22	FUN_00420e22	Global	DEFAULT	ANALYSIS	__cdecl	undefined	6	false	\N	false	00420e22-004210d4	\N	\N	undefined __cdecl FUN_00420e22(uint * param_1, uint * param_2, uint param_3, uint param_4, undefined8 * param_5, undefined8 * param_6)
004210d5	FUN_004210d5	FUN_004210d5	Global	DEFAULT	ANALYSIS	__cdecl	bool	3	false	\N	false	004210d5-004212eb	\N	\N	bool __cdecl FUN_004210d5(uint param_1, double * param_2, uint param_3)
004212ec	FUN_004212ec	FUN_004212ec	Global	DEFAULT	ANALYSIS	__cdecl	float10	2	false	\N	false	004212ec-00421373	\N	\N	float10 __cdecl FUN_004212ec(int param_1, int param_2)
00421374	FUN_00421374	FUN_00421374	Global	DEFAULT	ANALYSIS	__cdecl	undefined	1	false	\N	false	00421374-0042139b	\N	\N	undefined __cdecl FUN_00421374(int param_1)
0042139c	FUN_0042139c	FUN_0042139c	Global	DEFAULT	ANALYSIS	__cdecl	undefined4	1	false	\N	false	0042139c-004213c0	\N	\N	undefined4 __cdecl FUN_0042139c(int param_1)
004213c1	FUN_004213c1	FUN_004213c1	Global	DEFAULT	ANALYSIS	__cdecl	int	1	false	\N	false	004213c1-004213ed	\N	\N	int __cdecl FUN_004213c1(byte param_1)
004213ee	FUN_004213ee	FUN_004213ee	Global	DEFAULT	ANALYSIS	__stdcall	int	0	false	\N	false	004213ee-004213fb	\N	\N	int __stdcall FUN_004213ee(void)
004213fc	FUN_004213fc	FUN_004213fc	Global	DEFAULT	ANALYSIS	__stdcall	int	0	false	\N	false	004213fc-0042140a	\N	\N	int __stdcall FUN_004213fc(void)
0042140b	FUN_0042140b	FUN_0042140b	Global	DEFAULT	ANALYSIS	__stdcall	int	0	false	\N	false	0042140b-0042142d	\N	\N	int __stdcall FUN_0042140b(void)
0042142e	FUN_0042142e	FUN_0042142e	Global	DEFAULT	ANALYSIS	__stdcall	undefined	0	false	\N	false	0042142e-00421483	\N	\N	undefined __stdcall FUN_0042142e(void)
0042189c	FUN_0042189c	FUN_0042189c	Global	DEFAULT	ANALYSIS	__stdcall	undefined4	0	false	\N	false	0042189c-004218b4	\N	\N	undefined4 __stdcall FUN_0042189c(void)
004218b5	__fload_withFB	__fload_withFB	Global	ANALYSIS	ANALYSIS	__fastcall	uint	2	false	\N	false	004218b5-004218f7	Library Function - Single Match\n __fload_withFB\n\nLibrary: Visual Studio	\N	uint __fastcall __fload_withFB(undefined4 param_1, int param_2)
004218f8	FUN_004218f8	FUN_004218f8	Global	DEFAULT	ANALYSIS	__cdecl	uint	2	false	\N	false	004218f8-0042190d	\N	\N	uint __cdecl FUN_004218f8(undefined4 param_1, uint param_2)
0042191b	__math_exit	__math_exit	Global	ANALYSIS	ANALYSIS	__fastcall	undefined	5	false	\N	false	0042191b-00421944	Library Function - Single Match\n __math_exit\n\nLibrary: Visual Studio	\N	undefined __fastcall __math_exit(undefined4 param_1, uint param_2, undefined4 param_3, undefined4 param_4, undefined4 param_5)
00421a00	FUN_00421a00	FUN_00421a00	Global	DEFAULT	ANALYSIS	__fastcall	float10	8	false	\N	false	00421a00-00421a16	\N	\N	float10 __fastcall FUN_00421a00(undefined4 param_1, undefined4 param_2, undefined2 param_3, undefined4 param_4, undefined4 param_5, undefined4 param_6, undefined4 param_7, undefined4 param_8)
00421a17	__startOneArgErrorHandling	__startOneArgErrorHandling	Global	ANALYSIS	ANALYSIS	__fastcall	float10	6	false	\N	false	00421a17-00421a52	Library Function - Single Match\n __startOneArgErrorHandling\n\nLibrary: Visual Studio	\N	float10 __fastcall __startOneArgErrorHandling(undefined4 param_1, uint param_2, ushort param_3, undefined4 param_4, undefined4 param_5, undefined4 param_6)
00421a53	FUN_00421a53	FUN_00421a53	Global	DEFAULT	ANALYSIS	__stdcall	undefined4	0	false	\N	false	00421a53-00421a55	\N	\N	undefined4 __stdcall FUN_00421a53(void)
00421a56	FUN_00421a56	FUN_00421a56	Global	DEFAULT	ANALYSIS	__cdecl	undefined4	4	false	\N	false	00421a56-00421b85	\N	\N	undefined4 __cdecl FUN_00421a56(int param_1, int param_2, double param_3, double * param_4)
00421b86	FUN_00421b86	FUN_00421b86	Global	DEFAULT	ANALYSIS	__cdecl	undefined4	1	false	\N	false	00421b86-00421bea	\N	\N	undefined4 __cdecl FUN_00421b86(double param_1)
0042297b	FUN_0042297b	FUN_0042297b	Global	DEFAULT	ANALYSIS	__cdecl	undefined	3	false	\N	false	0042297b-00422a4a	\N	\N	undefined __cdecl FUN_0042297b(uint param_1, int * param_2, ushort * param_3)
00422a4b	__frnd	__frnd	Global	ANALYSIS	ANALYSIS	__cdecl	float10	1	false	\N	false	00422a4b-00422a5c	Library Function - Single Match\n __frnd\n\nLibraries: Visual Studio 2008 Release, Visual Studio 2010 Release, Visual Studio 2012 Release, Visual Studio 2019 Release	\N	float10 __cdecl __frnd(double param_1)
00422a60	FUN_00422a60	FUN_00422a60	Global	DEFAULT	ANALYSIS	__cdecl	undefined4 *	2	false	\N	false	00422a60-00422cdd	\N	\N	undefined4 * __cdecl FUN_00422a60(uint param_1, char * param_2)
00422d40	FUN_00422d40	FUN_00422d40	Global	DEFAULT	ANALYSIS	__stdcall	undefined	0	false	\N	false	00422d40-00422d4a	\N	\N	undefined __stdcall FUN_00422d40(void)
00422d50	FUN_00422d50	FUN_00422d50	Global	DEFAULT	ANALYSIS	__cdecl	undefined4	2	false	\N	false	00422d50-00422da6	\N	\N	undefined4 __cdecl FUN_00422d50(int param_1, uint param_2)
00422db0	__CrtSetReportFile	__CrtSetReportFile	Global	ANALYSIS	ANALYSIS	__cdecl	undefined4	2	false	\N	false	00422db0-00422e2d	Library Function - Single Match\n __CrtSetReportFile\n\nLibrary: Visual Studio 2003 Debug	\N	undefined4 __cdecl __CrtSetReportFile(int param_1, int param_2)
00422e30	FUN_00422e30	FUN_00422e30	Global	DEFAULT	ANALYSIS	__cdecl	undefined4	1	false	\N	false	00422e30-00422e4b	\N	\N	undefined4 __cdecl FUN_00422e30(undefined4 param_1)
00422e50	FUN_00422e50	FUN_00422e50	Global	DEFAULT	ANALYSIS	__cdecl	undefined4	5	false	\N	false	00422e50-004231df	\N	\N	undefined4 __cdecl FUN_00422e50(int param_1, int param_2, uint param_3, undefined4 param_4, byte * param_5)
004231e0	FUN_004231e0	FUN_004231e0	Global	DEFAULT	ANALYSIS	__stdcall	bool	0	false	\N	false	004231e0-004234eb	\N	\N	bool __stdcall FUN_004231e0(void)
004234ec	WSAGetLastError	WS2_32.DLL::WSAGetLastError	WS2_32.DLL	DEFAULT	IMPORTED	__stdcall	int	0	true	WS2_32.DLL::WSAGetLastError	false	004234ec-004234f1	\N	\N	int __stdcall WSAGetLastError(void)
004234f2	ioctlsocket	WS2_32.DLL::ioctlsocket	WS2_32.DLL	DEFAULT	IMPORTED	__stdcall	int	3	true	WS2_32.DLL::ioctlsocket	false	004234f2-004234f7	\N	\N	int __stdcall ioctlsocket(SOCKET s, long cmd, u_long * argp)
004234f8	WSAStartup	WS2_32.DLL::WSAStartup	WS2_32.DLL	DEFAULT	IMPORTED	__stdcall	int	2	true	WS2_32.DLL::WSAStartup	false	004234f8-004234fd	\N	\N	int __stdcall WSAStartup(WORD wVersionRequired, LPWSADATA lpWSAData)
004234fe	WSACleanup	WS2_32.DLL::WSACleanup	WS2_32.DLL	DEFAULT	IMPORTED	__stdcall	int	0	true	WS2_32.DLL::WSACleanup	false	004234fe-00423503	\N	\N	int __stdcall WSACleanup(void)
00423504	closesocket	WS2_32.DLL::closesocket	WS2_32.DLL	DEFAULT	IMPORTED	__stdcall	int	1	true	WS2_32.DLL::closesocket	false	00423504-00423509	\N	\N	int __stdcall closesocket(SOCKET s)
0042350a	__WSAFDIsSet	WS2_32.DLL::__WSAFDIsSet	WS2_32.DLL	DEFAULT	IMPORTED	__stdcall	int	2	true	WS2_32.DLL::__WSAFDIsSet	false	0042350a-0042350f	\N	\N	int __stdcall __WSAFDIsSet(SOCKET param_1, fd_set * param_2)
00423510	setsockopt	WS2_32.DLL::setsockopt	WS2_32.DLL	DEFAULT	IMPORTED	__stdcall	int	5	true	WS2_32.DLL::setsockopt	false	00423510-00423515	\N	\N	int __stdcall setsockopt(SOCKET s, int level, int optname, char * optval, int optlen)
00423550	Unwind@00423550	Unwind@00423550	Global	ANALYSIS	ANALYSIS	__stdcall	undefined	0	false	\N	false	00423550-00423557	\N	\N	undefined __stdcall Unwind@00423550(void)
00423562	Unwind@00423562	Unwind@00423562	Global	ANALYSIS	ANALYSIS	__stdcall	undefined	0	false	\N	false	00423562-0042356f	\N	\N	undefined __stdcall Unwind@00423562(void)
00423580	Unwind@00423580	Unwind@00423580	Global	ANALYSIS	ANALYSIS	__stdcall	undefined	0	false	\N	false	00423580-0042358a	\N	\N	undefined __stdcall Unwind@00423580(void)
0042358b	Unwind@0042358b	Unwind@0042358b	Global	ANALYSIS	ANALYSIS	__stdcall	undefined	0	false	\N	false	0042358b-00423595	\N	\N	undefined __stdcall Unwind@0042358b(void)
00423596	Unwind@00423596	Unwind@00423596	Global	ANALYSIS	ANALYSIS	__stdcall	undefined	0	false	\N	false	00423596-004235a0	\N	\N	undefined __stdcall Unwind@00423596(void)
004235a1	Unwind@004235a1	Unwind@004235a1	Global	ANALYSIS	ANALYSIS	__stdcall	undefined	0	false	\N	false	004235a1-004235ab	\N	\N	undefined __stdcall Unwind@004235a1(void)
004235b6	Unwind@004235b6	Unwind@004235b6	Global	ANALYSIS	ANALYSIS	__stdcall	undefined	0	false	\N	false	004235b6-004235c0	\N	\N	undefined __stdcall Unwind@004235b6(void)
004235c1	Unwind@004235c1	Unwind@004235c1	Global	ANALYSIS	ANALYSIS	__stdcall	undefined	0	false	\N	false	004235c1-004235cb	\N	\N	undefined __stdcall Unwind@004235c1(void)
004235cc	Unwind@004235cc	Unwind@004235cc	Global	ANALYSIS	ANALYSIS	__stdcall	undefined	0	false	\N	false	004235cc-004235d6	\N	\N	undefined __stdcall Unwind@004235cc(void)
004235d7	Unwind@004235d7	Unwind@004235d7	Global	ANALYSIS	ANALYSIS	__stdcall	undefined	0	false	\N	false	004235d7-004235e1	\N	\N	undefined __stdcall Unwind@004235d7(void)
004235f0	Unwind@004235f0	Unwind@004235f0	Global	ANALYSIS	ANALYSIS	__stdcall	undefined	0	false	\N	false	004235f0-004235fa	\N	\N	undefined __stdcall Unwind@004235f0(void)
00423605	Unwind@00423605	Unwind@00423605	Global	ANALYSIS	ANALYSIS	__stdcall	undefined	0	false	\N	false	00423605-0042360c	\N	\N	undefined __stdcall Unwind@00423605(void)
0042360d	Unwind@0042360d	Unwind@0042360d	Global	ANALYSIS	ANALYSIS	__stdcall	undefined	0	false	\N	false	0042360d-00423624	\N	\N	undefined __stdcall Unwind@0042360d(void)
0042362f	Unwind@0042362f	Unwind@0042362f	Global	ANALYSIS	ANALYSIS	__stdcall	undefined	0	false	\N	false	0042362f-00423636	\N	\N	undefined __stdcall Unwind@0042362f(void)
00423637	Unwind@00423637	Unwind@00423637	Global	ANALYSIS	ANALYSIS	__stdcall	undefined	0	false	\N	false	00423637-0042364e	\N	\N	undefined __stdcall Unwind@00423637(void)
00423660	Unwind@00423660	Unwind@00423660	Global	ANALYSIS	ANALYSIS	__stdcall	undefined	0	false	\N	false	00423660-00423667	\N	\N	undefined __stdcall Unwind@00423660(void)
