address	type	name	full_name	namespace	source	primary	external	external_entry
EXTERNAL:00000001	Function	Beep	KERNEL32.DLL::Beep	KERNEL32.DLL	IMPORTED	true	true	false
EXTERNAL:00000002	Function	GetProcessHeap	KERNEL32.DLL::GetProcessHeap	KERNEL32.DLL	IMPORTED	true	true	false
EXTERNAL:00000003	Function	QueryPerformanceFrequency	KERNEL32.DLL::QueryPerformanceFrequency	KERNEL32.DLL	IMPORTED	true	true	false
EXTERNAL:00000004	Function	QueryPerformanceCounter	KERNEL32.DLL::QueryPerformanceCounter	KERNEL32.DLL	IMPORTED	true	true	false
EXTERNAL:00000005	Function	CreateProcessA	KERNEL32.DLL::CreateProcessA	KERNEL32.DLL	IMPORTED	true	true	false
EXTERNAL:00000006	Function	WaitForSingleObject	KERNEL32.DLL::WaitForSingleObject	KERNEL32.DLL	IMPORTED	true	true	false
EXTERNAL:00000007	Function	GetExitCodeProcess	KERNEL32.DLL::GetExitCodeProcess	KERNEL32.DLL	IMPORTED	true	true	false
EXTERNAL:00000008	Function	SetEndOfFile	KERNEL32.DLL::SetEndOfFile	KERNEL32.DLL	IMPORTED	true	true	false
EXTERNAL:00000009	Function	ReadFile	KERNEL32.DLL::ReadFile	KERNEL32.DLL	IMPORTED	true	true	false
EXTERNAL:0000000a	Function	CreateFileA	KERNEL32.DLL::CreateFileA	KERNEL32.DLL	IMPORTED	true	true	false
EXTERNAL:0000000b	Function	FindNextFileA	KERNEL32.DLL::FindNextFileA	KERNEL32.DLL	IMPORTED	true	true	false
EXTERNAL:0000000c	Function	GetLocalTime	KERNEL32.DLL::GetLocalTime	KERNEL32.DLL	IMPORTED	true	true	false
EXTERNAL:0000000d	Function	MoveFileA	KERNEL32.DLL::MoveFileA	KERNEL32.DLL	IMPORTED	true	true	false
EXTERNAL:0000000e	Function	DeleteFileA	KERNEL32.DLL::DeleteFileA	KERNEL32.DLL	IMPORTED	true	true	false
EXTERNAL:0000000f	Function	GetSystemTime	KERNEL32.DLL::GetSystemTime	KERNEL32.DLL	IMPORTED	true	true	false
EXTERNAL:00000010	Function	SetPriorityClass	KERNEL32.DLL::SetPriorityClass	KERNEL32.DLL	IMPORTED	true	true	false
EXTERNAL:00000011	Function	SetThreadPriority	KERNEL32.DLL::SetThreadPriority	KERNEL32.DLL	IMPORTED	true	true	false
EXTERNAL:00000012	Function	SetEnvironmentVariableA	KERNEL32.DLL::SetEnvironmentVariableA	KERNEL32.DLL	IMPORTED	true	true	false
EXTERNAL:00000013	Function	CompareStringW	KERNEL32.DLL::CompareStringW	KERNEL32.DLL	IMPORTED	true	true	false
EXTERNAL:00000014	Function	CompareStringA	KERNEL32.DLL::CompareStringA	KERNEL32.DLL	IMPORTED	true	true	false
EXTERNAL:00000015	Function	GetLocaleInfoW	KERNEL32.DLL::GetLocaleInfoW	KERNEL32.DLL	IMPORTED	true	true	false
EXTERNAL:00000016	Function	GetTimeZoneInformation	KERNEL32.DLL::GetTimeZoneInformation	KERNEL32.DLL	IMPORTED	true	true	false
EXTERNAL:00000017	Function	FindFirstFileA	KERNEL32.DLL::FindFirstFileA	KERNEL32.DLL	IMPORTED	true	true	false
EXTERNAL:00000018	Function	FileTimeToSystemTime	KERNEL32.DLL::FileTimeToSystemTime	KERNEL32.DLL	IMPORTED	true	true	false
EXTERNAL:00000019	Function	FileTimeToLocalFileTime	KERNEL32.DLL::FileTimeToLocalFileTime	KERNEL32.DLL	IMPORTED	true	true	false
EXTERNAL:0000001a	Function	GetFileInformationByHandle	KERNEL32.DLL::GetFileInformationByHandle	KERNEL32.DLL	IMPORTED	true	true	false
EXTERNAL:0000001b	Function	PeekNamedPipe	KERNEL32.DLL::PeekNamedPipe	KERNEL32.DLL	IMPORTED	true	true	false
EXTERNAL:0000001c	Function	CreateDirectoryA	KERNEL32.DLL::CreateDirectoryA	KERNEL32.DLL	IMPORTED	true	true	false
EXTERNAL:0000001d	Function	RaiseException	KERNEL32.DLL::RaiseException	KERNEL32.DLL	IMPORTED	true	true	false
EXTERNAL:0000001e	Function	DebugBreak	KERNEL32.DLL::DebugBreak	KERNEL32.DLL	IMPORTED	true	true	false
EXTERNAL:0000001f	Function	Sleep	KERNEL32.DLL::Sleep	KERNEL32.DLL	IMPORTED	true	true	false
EXTERNAL:00000020	Function	MulDiv	KERNEL32.DLL::MulDiv	KERNEL32.DLL	IMPORTED	true	true	false
EXTERNAL:00000021	Function	HeapSize	KERNEL32.DLL::HeapSize	KERNEL32.DLL	IMPORTED	true	true	false
EXTERNAL:00000022	Function	GetCommandLineA	KERNEL32.DLL::GetCommandLineA	KERNEL32.DLL	IMPORTED	true	true	false
EXTERNAL:00000023	Function	ExitProcess	KERNEL32.DLL::ExitProcess	KERNEL32.DLL	IMPORTED	true	true	false
EXTERNAL:00000024	Function	TerminateProcess	KERNEL32.DLL::TerminateProcess	KERNEL32.DLL	IMPORTED	true	true	false
EXTERNAL:00000025	Function	GetCurrentProcess	KERNEL32.DLL::GetCurrentProcess	KERNEL32.DLL	IMPORTED	true	true	false
EXTERNAL:00000026	Function	GetCurrentDirectoryA	KERNEL32.DLL::GetCurrentDirectoryA	KERNEL32.DLL	IMPORTED	true	true	false
EXTERNAL:00000027	Function	GetFullPathNameA	KERNEL32.DLL::GetFullPathNameA	KERNEL32.DLL	IMPORTED	true	true	false
EXTERNAL:00000028	Function	GetDriveTypeA	KERNEL32.DLL::GetDriveTypeA	KERNEL32.DLL	IMPORTED	true	true	false
EXTERNAL:00000029	Function	GetLastError	KERNEL32.DLL::GetLastError	KERNEL32.DLL	IMPORTED	true	true	false
EXTERNAL:0000002a	Function	GetFileAttributesA	KERNEL32.DLL::GetFileAttributesA	KERNEL32.DLL	IMPORTED	true	true	false
EXTERNAL:0000002b	Function	GetModuleHandleA	KERNEL32.DLL::GetModuleHandleA	KERNEL32.DLL	IMPORTED	true	true	false
EXTERNAL:0000002c	Function	GetStartupInfoA	KERNEL32.DLL::GetStartupInfoA	KERNEL32.DLL	IMPORTED	true	true	false
EXTERNAL:0000002d	Function	GetVersion	KERNEL32.DLL::GetVersion	KERNEL32.DLL	IMPORTED	true	true	false
EXTERNAL:0000002e	Function	HeapFree	KERNEL32.DLL::HeapFree	KERNEL32.DLL	IMPORTED	true	true	false
EXTERNAL:0000002f	Function	EnterCriticalSection	KERNEL32.DLL::EnterCriticalSection	KERNEL32.DLL	IMPORTED	true	true	false
EXTERNAL:00000030	Function	LeaveCriticalSection	KERNEL32.DLL::LeaveCriticalSection	KERNEL32.DLL	IMPORTED	true	true	false
EXTERNAL:00000031	Function	RtlUnwind	KERNEL32.DLL::RtlUnwind	KERNEL32.DLL	IMPORTED	true	true	false
EXTERNAL:00000032	Function	InitializeCriticalSection	KERNEL32.DLL::InitializeCriticalSection	KERNEL32.DLL	IMPORTED	true	true	false
EXTERNAL:00000033	Function	DeleteCriticalSection	KERNEL32.DLL::DeleteCriticalSection	KERNEL32.DLL	IMPORTED	true	true	false
EXTERNAL:00000034	Function	FatalAppExitA	KERNEL32.DLL::FatalAppExitA	KERNEL32.DLL	IMPORTED	true	true	false
EXTERNAL:00000035	Function	HeapAlloc	KERNEL32.DLL::HeapAlloc	KERNEL32.DLL	IMPORTED	true	true	false
EXTERNAL:00000036	Function	UnhandledExceptionFilter	KERNEL32.DLL::UnhandledExceptionFilter	KERNEL32.DLL	IMPORTED	true	true	false
EXTERNAL:00000037	Function	GetModuleFileNameA	KERNEL32.DLL::GetModuleFileNameA	KERNEL32.DLL	IMPORTED	true	true	false
EXTERNAL:00000038	Function	FreeEnvironmentStringsA	KERNEL32.DLL::FreeEnvironmentStringsA	KERNEL32.DLL	IMPORTED	true	true	false
EXTERNAL:00000039	Function	FreeEnvironmentStringsW	KERNEL32.DLL::FreeEnvironmentStringsW	KERNEL32.DLL	IMPORTED	true	true	false
EXTERNAL:0000003a	Function	WideCharToMultiByte	KERNEL32.DLL::WideCharToMultiByte	KERNEL32.DLL	IMPORTED	true	true	false
EXTERNAL:0000003b	Function	GetEnvironmentStrings	KERNEL32.DLL::GetEnvironmentStrings	KERNEL32.DLL	IMPORTED	true	true	false
EXTERNAL:0000003c	Function	GetEnvironmentStringsW	KERNEL32.DLL::GetEnvironmentStringsW	KERNEL32.DLL	IMPORTED	true	true	false
EXTERNAL:0000003d	Function	SetHandleCount	KERNEL32.DLL::SetHandleCount	KERNEL32.DLL	IMPORTED	true	true	false
EXTERNAL:0000003e	Function	GetStdHandle	KERNEL32.DLL::GetStdHandle	KERNEL32.DLL	IMPORTED	true	true	false
EXTERNAL:0000003f	Function	GetFileType	KERNEL32.DLL::GetFileType	KERNEL32.DLL	IMPORTED	true	true	false
EXTERNAL:00000040	Function	GetCurrentThreadId	KERNEL32.DLL::GetCurrentThreadId	KERNEL32.DLL	IMPORTED	true	true	false
EXTERNAL:00000041	Function	TlsSetValue	KERNEL32.DLL::TlsSetValue	KERNEL32.DLL	IMPORTED	true	true	false
EXTERNAL:00000042	Function	TlsAlloc	KERNEL32.DLL::TlsAlloc	KERNEL32.DLL	IMPORTED	true	true	false
EXTERNAL:00000043	Function	TlsFree	KERNEL32.DLL::TlsFree	KERNEL32.DLL	IMPORTED	true	true	false
EXTERNAL:00000044	Function	SetLastError	KERNEL32.DLL::SetLastError	KERNEL32.DLL	IMPORTED	true	true	false
EXTERNAL:00000045	Function	TlsGetValue	KERNEL32.DLL::TlsGetValue	KERNEL32.DLL	IMPORTED	true	true	false
EXTERNAL:00000046	Function	GetCurrentThread	KERNEL32.DLL::GetCurrentThread	KERNEL32.DLL	IMPORTED	true	true	false
EXTERNAL:00000047	Function	GetEnvironmentVariableA	KERNEL32.DLL::GetEnvironmentVariableA	KERNEL32.DLL	IMPORTED	true	true	false
EXTERNAL:00000048	Function	GetVersionExA	KERNEL32.DLL::GetVersionExA	KERNEL32.DLL	IMPORTED	true	true	false
EXTERNAL:00000049	Function	HeapDestroy	KERNEL32.DLL::HeapDestroy	KERNEL32.DLL	IMPORTED	true	true	false
EXTERNAL:0000004a	Function	HeapCreate	KERNEL32.DLL::HeapCreate	KERNEL32.DLL	IMPORTED	true	true	false
EXTERNAL:0000004b	Function	VirtualFree	KERNEL32.DLL::VirtualFree	KERNEL32.DLL	IMPORTED	true	true	false
EXTERNAL:0000004c	Function	WriteFile	KERNEL32.DLL::WriteFile	KERNEL32.DLL	IMPORTED	true	true	false
EXTERNAL:0000004d	Function	GetProcAddress	KERNEL32.DLL::GetProcAddress	KERNEL32.DLL	IMPORTED	true	true	false
EXTERNAL:0000004e	Function	VirtualAlloc	KERNEL32.DLL::VirtualAlloc	KERNEL32.DLL	IMPORTED	true	true	false
EXTERNAL:0000004f	Function	HeapReAlloc	KERNEL32.DLL::HeapReAlloc	KERNEL32.DLL	IMPORTED	true	true	false
EXTERNAL:00000050	Function	IsBadWritePtr	KERNEL32.DLL::IsBadWritePtr	KERNEL32.DLL	IMPORTED	true	true	false
EXTERNAL:00000051	Function	SetFilePointer	KERNEL32.DLL::SetFilePointer	KERNEL32.DLL	IMPORTED	true	true	false
EXTERNAL:00000052	Function	InterlockedDecrement	KERNEL32.DLL::InterlockedDecrement	KERNEL32.DLL	IMPORTED	true	true	false
EXTERNAL:00000053	Function	InterlockedIncrement	KERNEL32.DLL::InterlockedIncrement	KERNEL32.DLL	IMPORTED	true	true	false
EXTERNAL:00000054	Function	GetCPInfo	KERNEL32.DLL::GetCPInfo	KERNEL32.DLL	IMPORTED	true	true	false
EXTERNAL:00000055	Label	GetACP	KERNEL32.DLL::GetACP	KERNEL32.DLL	IMPORTED	true	true	false
EXTERNAL:00000056	Label	GetOEMCP	KERNEL32.DLL::GetOEMCP	KERNEL32.DLL	IMPORTED	true	true	false
EXTERNAL:00000057	Function	LoadLibraryA	KERNEL32.DLL::LoadLibraryA	KERNEL32.DLL	IMPORTED	true	true	false
EXTERNAL:00000058	Function	MultiByteToWideChar	KERNEL32.DLL::MultiByteToWideChar	KERNEL32.DLL	IMPORTED	true	true	false
EXTERNAL:00000059	Function	GetStringTypeA	KERNEL32.DLL::GetStringTypeA	KERNEL32.DLL	IMPORTED	true	true	false
EXTERNAL:0000005a	Function	GetStringTypeW	KERNEL32.DLL::GetStringTypeW	KERNEL32.DLL	IMPORTED	true	true	false
EXTERNAL:0000005b	Function	FlushFileBuffers	KERNEL32.DLL::FlushFileBuffers	KERNEL32.DLL	IMPORTED	true	true	false
EXTERNAL:0000005c	Function	SetUnhandledExceptionFilter	KERNEL32.DLL::SetUnhandledExceptionFilter	KERNEL32.DLL	IMPORTED	true	true	false
EXTERNAL:0000005d	Function	IsBadReadPtr	KERNEL32.DLL::IsBadReadPtr	KERNEL32.DLL	IMPORTED	true	true	false
EXTERNAL:0000005e	Function	IsBadCodePtr	KERNEL32.DLL::IsBadCodePtr	KERNEL32.DLL	IMPORTED	true	true	false
EXTERNAL:0000005f	Function	SetStdHandle	KERNEL32.DLL::SetStdHandle	KERNEL32.DLL	IMPORTED	true	true	false
EXTERNAL:00000060	Function	LCMapStringA	KERNEL32.DLL::LCMapStringA	KERNEL32.DLL	IMPORTED	true	true	false
EXTERNAL:00000061	Function	LCMapStringW	KERNEL32.DLL::LCMapStringW	KERNEL32.DLL	IMPORTED	true	true	false
EXTERNAL:00000062	Function	SetConsoleCtrlHandler	KERNEL32.DLL::SetConsoleCtrlHandler	KERNEL32.DLL	IMPORTED	true	true	false
EXTERNAL:00000063	Function	CloseHandle	KERNEL32.DLL::CloseHandle	KERNEL32.DLL	IMPORTED	true	true	false
EXTERNAL:00000064	Function	IsValidLocale	KERNEL32.DLL::IsValidLocale	KERNEL32.DLL	IMPORTED	true	true	false
EXTERNAL:00000065	Function	IsValidCodePage	KERNEL32.DLL::IsValidCodePage	KERNEL32.DLL	IMPORTED	true	true	false
EXTERNAL:00000066	Function	GetLocaleInfoA	KERNEL32.DLL::GetLocaleInfoA	KERNEL32.DLL	IMPORTED	true	true	false
EXTERNAL:00000067	Function	EnumSystemLocalesA	KERNEL32.DLL::EnumSystemLocalesA	KERNEL32.DLL	IMPORTED	true	true	false
EXTERNAL:00000068	Function	GetUserDefaultLCID	KERNEL32.DLL::GetUserDefaultLCID	KERNEL32.DLL	IMPORTED	true	true	false
EXTERNAL:00000069	Function	OutputDebugStringA	KERNEL32.DLL::OutputDebugStringA	KERNEL32.DLL	IMPORTED	true	true	false
EXTERNAL:0000006a	Function	FillRect	USER32.DLL::FillRect	USER32.DLL	IMPORTED	true	true	false
EXTERNAL:0000006b	Function	SystemParametersInfoA	USER32.DLL::SystemParametersInfoA	USER32.DLL	IMPORTED	true	true	false
EXTERNAL:0000006c	Function	GetDC	USER32.DLL::GetDC	USER32.DLL	IMPORTED	true	true	false
EXTERNAL:0000006d	Function	ReleaseDC	USER32.DLL::ReleaseDC	USER32.DLL	IMPORTED	true	true	false
EXTERNAL:0000006e	Function	UnregisterClassA	USER32.DLL::UnregisterClassA	USER32.DLL	IMPORTED	true	true	false
EXTERNAL:0000006f	Function	KillTimer	USER32.DLL::KillTimer	USER32.DLL	IMPORTED	true	true	false
EXTERNAL:00000070	Function	SetTimer	USER32.DLL::SetTimer	USER32.DLL	IMPORTED	true	true	false
EXTERNAL:00000071	Function	MessageBoxA	USER32.DLL::MessageBoxA	USER32.DLL	IMPORTED	true	true	false
EXTERNAL:00000072	Function	DispatchMessageA	USER32.DLL::DispatchMessageA	USER32.DLL	IMPORTED	true	true	false
EXTERNAL:00000073	Function	TranslateMessage	USER32.DLL::TranslateMessage	USER32.DLL	IMPORTED	true	true	false
EXTERNAL:00000074	Function	TranslateAcceleratorA	USER32.DLL::TranslateAcceleratorA	USER32.DLL	IMPORTED	true	true	false
EXTERNAL:00000075	Function	GetMessageA	USER32.DLL::GetMessageA	USER32.DLL	IMPORTED	true	true	false
EXTERNAL:00000076	Function	LoadAcceleratorsA	USER32.DLL::LoadAcceleratorsA	USER32.DLL	IMPORTED	true	true	false
EXTERNAL:00000077	Function	LoadStringA	USER32.DLL::LoadStringA	USER32.DLL	IMPORTED	true	true	false
EXTERNAL:00000078	Function	RegisterClassExA	USER32.DLL::RegisterClassExA	USER32.DLL	IMPORTED	true	true	false
EXTERNAL:00000079	Function	LoadCursorA	USER32.DLL::LoadCursorA	USER32.DLL	IMPORTED	true	true	false
EXTERNAL:0000007a	Function	LoadIconA	USER32.DLL::LoadIconA	USER32.DLL	IMPORTED	true	true	false
EXTERNAL:0000007b	Function	InvalidateRect	USER32.DLL::InvalidateRect	USER32.DLL	IMPORTED	true	true	false
EXTERNAL:0000007c	Function	EndDialog	USER32.DLL::EndDialog	USER32.DLL	IMPORTED	true	true	false
EXTERNAL:0000007d	Function	DefWindowProcA	USER32.DLL::DefWindowProcA	USER32.DLL	IMPORTED	true	true	false
EXTERNAL:0000007e	Function	DestroyWindow	USER32.DLL::DestroyWindow	USER32.DLL	IMPORTED	true	true	false
EXTERNAL:0000007f	Function	DialogBoxParamA	USER32.DLL::DialogBoxParamA	USER32.DLL	IMPORTED	true	true	false
EXTERNAL:00000080	Function	BeginPaint	USER32.DLL::BeginPaint	USER32.DLL	IMPORTED	true	true	false
EXTERNAL:00000081	Function	GetClientRect	USER32.DLL::GetClientRect	USER32.DLL	IMPORTED	true	true	false
EXTERNAL:00000082	Function	DrawTextA	USER32.DLL::DrawTextA	USER32.DLL	IMPORTED	true	true	false
EXTERNAL:00000083	Function	EndPaint	USER32.DLL::EndPaint	USER32.DLL	IMPORTED	true	true	false
EXTERNAL:00000084	Function	PostQuitMessage	USER32.DLL::PostQuitMessage	USER32.DLL	IMPORTED	true	true	false
EXTERNAL:00000085	Function	CreateWindowExA	USER32.DLL::CreateWindowExA	USER32.DLL	IMPORTED	true	true	false
EXTERNAL:00000086	Function	ShowWindow	USER32.DLL::ShowWindow	USER32.DLL	IMPORTED	true	true	false
EXTERNAL:00000087	Function	UpdateWindow	USER32.DLL::UpdateWindow	USER32.DLL	IMPORTED	true	true	false
EXTERNAL:00000088	Function	SetBkColor	GDI32.DLL::SetBkColor	GDI32.DLL	IMPORTED	true	true	false
EXTERNAL:00000089	Function	SelectObject	GDI32.DLL::SelectObject	GDI32.DLL	IMPORTED	true	true	false
EXTERNAL:0000008a	Function	MoveToEx	GDI32.DLL::MoveToEx	GDI32.DLL	IMPORTED	true	true	false
EXTERNAL:0000008b	Function	LineTo	GDI32.DLL::LineTo	GDI32.DLL	IMPORTED	true	true	false
EXTERNAL:0000008c	Function	SetTextColor	GDI32.DLL::SetTextColor	GDI32.DLL	IMPORTED	true	true	false
EXTERNAL:0000008d	Function	TextOutA	GDI32.DLL::TextOutA	GDI32.DLL	IMPORTED	true	true	false
EXTERNAL:0000008e	Function	DeleteObject	GDI32.DLL::DeleteObject	GDI32.DLL	IMPORTED	true	true	false
EXTERNAL:0000008f	Function	CreatePen	GDI32.DLL::CreatePen	GDI32.DLL	IMPORTED	true	true	false
EXTERNAL:00000090	Function	CreateSolidBrush	GDI32.DLL::CreateSolidBrush	GDI32.DLL	IMPORTED	true	true	false
EXTERNAL:00000091	Function	GetDeviceCaps	GDI32.DLL::GetDeviceCaps	GDI32.DLL	IMPORTED	true	true	false
EXTERNAL:00000092	Function	CreateFontIndirectA	GDI32.DLL::CreateFontIndirectA	GDI32.DLL	IMPORTED	true	true	false
EXTERNAL:00000093	Function	GetStockObject	GDI32.DLL::GetStockObject	GDI32.DLL	IMPORTED	true	true	false
EXTERNAL:00000094	Function	WSAGetLastError	WS2_32.DLL::WSAGetLastError	WS2_32.DLL	IMPORTED	true	true	false
EXTERNAL:00000095	Function	ioctlsocket	WS2_32.DLL::ioctlsocket	WS2_32.DLL	IMPORTED	true	true	false
EXTERNAL:00000096	Function	WSAStartup	WS2_32.DLL::WSAStartup	WS2_32.DLL	IMPORTED	true	true	false
EXTERNAL:00000097	Function	WSACleanup	WS2_32.DLL::WSACleanup	WS2_32.DLL	IMPORTED	true	true	false
EXTERNAL:00000098	Function	closesocket	WS2_32.DLL::closesocket	WS2_32.DLL	IMPORTED	true	true	false
EXTERNAL:00000099	Function	__WSAFDIsSet	WS2_32.DLL::__WSAFDIsSet	WS2_32.DLL	IMPORTED	true	true	false
EXTERNAL:0000009a	Function	setsockopt	WS2_32.DLL::setsockopt	WS2_32.DLL	IMPORTED	true	true	false
EXTERNAL:0000009b	Function	send	WS2_32.DLL::send	WS2_32.DLL	IMPORTED	true	true	false
EXTERNAL:0000009c	Function	recv	WS2_32.DLL::recv	WS2_32.DLL	IMPORTED	true	true	false
EXTERNAL:0000009d	Function	socket	WS2_32.DLL::socket	WS2_32.DLL	IMPORTED	true	true	false
EXTERNAL:0000009e	Function	htons	WS2_32.DLL::htons	WS2_32.DLL	IMPORTED	true	true	false
EXTERNAL:0000009f	Function	htonl	WS2_32.DLL::htonl	WS2_32.DLL	IMPORTED	true	true	false
EXTERNAL:000000a0	Function	bind	WS2_32.DLL::bind	WS2_32.DLL	IMPORTED	true	true	false
EXTERNAL:000000a1	Function	connect	WS2_32.DLL::connect	WS2_32.DLL	IMPORTED	true	true	false
EXTERNAL:000000a2	Function	inet_addr	WS2_32.DLL::inet_addr	WS2_32.DLL	IMPORTED	true	true	false
EXTERNAL:000000a3	Function	gethostbyname	WS2_32.DLL::gethostbyname	WS2_32.DLL	IMPORTED	true	true	false
EXTERNAL:000000a4	Function	timeGetTime	WINMM.DLL::timeGetTime	WINMM.DLL	IMPORTED	true	true	false
00401000	Function	FUN_00401000	FUN_00401000	Global	DEFAULT	true	false	false
0040106f	Function	FUN_0040106f	FUN_0040106f	Global	DEFAULT	true	false	false
004010c8	Function	FUN_004010c8	FUN_004010c8	Global	DEFAULT	true	false	false
00401258	Function	FUN_00401258	FUN_00401258	Global	DEFAULT	true	false	false
004012cc	Function	FUN_004012cc	FUN_004012cc	Global	DEFAULT	true	false	false
0040131e	Function	FUN_0040131e	FUN_0040131e	Global	DEFAULT	true	false	false
0040140a	Function	FUN_0040140a	FUN_0040140a	Global	DEFAULT	true	false	false
00401450	Function	FUN_00401450	FUN_00401450	Global	DEFAULT	true	false	false
00401480	Function	FUN_00401480	FUN_00401480	Global	DEFAULT	true	false	false
004014f0	Function	FUN_004014f0	FUN_004014f0	Global	DEFAULT	true	false	false
00401580	Function	FUN_00401580	FUN_00401580	Global	DEFAULT	true	false	false
004015f0	Function	FUN_004015f0	FUN_004015f0	Global	DEFAULT	true	false	false
00401660	Function	FUN_00401660	FUN_00401660	Global	DEFAULT	true	false	false
004016f0	Function	FUN_004016f0	FUN_004016f0	Global	DEFAULT	true	false	false
00401780	Function	FUN_00401780	FUN_00401780	Global	DEFAULT	true	false	false
004017b0	Function	FUN_004017b0	FUN_004017b0	Global	DEFAULT	true	false	false
00401870	Function	FUN_00401870	FUN_00401870	Global	DEFAULT	true	false	false
004018a0	Function	FUN_004018a0	FUN_004018a0	Global	DEFAULT	true	false	false
004019f0	Function	FUN_004019f0	FUN_004019f0	Global	DEFAULT	true	false	false
00401a80	Function	FUN_00401a80	FUN_00401a80	Global	DEFAULT	true	false	false
00401b70	Function	FUN_00401b70	FUN_00401b70	Global	DEFAULT	true	false	false
00401bb0	Function	FUN_00401bb0	FUN_00401bb0	Global	DEFAULT	true	false	false
00401c50	Function	FUN_00401c50	FUN_00401c50	Global	DEFAULT	true	false	false
00401c90	Function	FUN_00401c90	FUN_00401c90	Global	DEFAULT	true	false	false
00402130	Function	FUN_00402130	FUN_00402130	Global	DEFAULT	true	false	false
004021a0	Function	FUN_004021a0	FUN_004021a0	Global	DEFAULT	true	false	false
00402270	Function	FUN_00402270	FUN_00402270	Global	DEFAULT	true	false	false
00402330	Function	FUN_00402330	FUN_00402330	Global	DEFAULT	true	false	false
004026b0	Function	FUN_004026b0	FUN_004026b0	Global	DEFAULT	true	false	false
00402a6e	Function	FUN_00402a6e	FUN_00402a6e	Global	DEFAULT	true	false	false
00402a9b	Function	FUN_00402a9b	FUN_00402a9b	Global	DEFAULT	true	false	false
00402aac	Function	__exit	__exit	Global	ANALYSIS	true	false	false
00402adb	Function	FUN_00402adb	FUN_00402adb	Global	DEFAULT	true	false	false
00402b80	Function	FUN_00402b80	FUN_00402b80	Global	DEFAULT	true	false	false
00402b89	Function	FUN_00402b89	FUN_00402b89	Global	DEFAULT	true	false	false
00402b92	Function	FUN_00402b92	FUN_00402b92	Global	DEFAULT	true	false	false
00402bac	Function	FUN_00402bac	FUN_00402bac	Global	DEFAULT	true	false	false
00402bfe	Function	FUN_00402bfe	FUN_00402bfe	Global	DEFAULT	true	false	false
00402c4e	Function	FUN_00402c4e	FUN_00402c4e	Global	DEFAULT	true	false	false
00402d23	Function	FUN_00402d23	FUN_00402d23	Global	DEFAULT	true	false	false
00402d60	Function	FUN_00402d60	FUN_00402d60	Global	DEFAULT	true	false	false
00402d70	Function	FUN_00402d70	FUN_00402d70	Global	DEFAULT	true	false	false
00402e50	Function	FUN_00402e50	FUN_00402e50	Global	DEFAULT	true	false	false
00402e7f	Function	FUN_00402e7f	FUN_00402e7f	Global	DEFAULT	true	false	false
00402ed0	Function	_strlen	_strlen	Global	ANALYSIS	true	false	false
00402f4b	Function	entry	entry	Global	IMPORTED	true	false	true
00403053	Function	__amsg_exit	__amsg_exit	Global	ANALYSIS	true	false	false
00403078	Function	FUN_00403078	FUN_00403078	Global	DEFAULT	true	false	false
0040309c	Function	FUN_0040309c	FUN_0040309c	Global	DEFAULT	true	false	false
004030b4	Function	FUN_004030b4	FUN_004030b4	Global	DEFAULT	true	false	false
004030fc	Function	FUN_004030fc	FUN_004030fc	Global	DEFAULT	true	false	false
00403107	Function	FUN_00403107	FUN_00403107	Global	DEFAULT	true	false	false
00403171	Function	FUN_00403171	FUN_00403171	Global	DEFAULT	true	false	false
004031c9	Function	FUN_004031c9	FUN_004031c9	Global	DEFAULT	true	false	false
004031f0	Function	operator_new	operator_new	Global	ANALYSIS	true	false	false
004031f0	Label	??2@YAPAXI@Z	??2@YAPAXI@Z	Global	ANALYSIS	false	false	false
004032d1	Function	FUN_004032d1	FUN_004032d1	Global	DEFAULT	true	false	false
00403462	Function	FUN_00403462	FUN_00403462	Global	DEFAULT	true	false	false
0040355a	Function	FUN_0040355a	FUN_0040355a	Global	DEFAULT	true	false	false
00403589	Function	FUN_00403589	FUN_00403589	Global	DEFAULT	true	false	false
004035ac	Function	FUN_004035ac	FUN_004035ac	Global	DEFAULT	true	false	false
004035db	Function	FUN_004035db	FUN_004035db	Global	DEFAULT	true	false	false
004035fe	Function	FUN_004035fe	FUN_004035fe	Global	DEFAULT	true	false	false
00403632	Function	FUN_00403632	FUN_00403632	Global	DEFAULT	true	false	false
00403639	Function	FUN_00403639	FUN_00403639	Global	DEFAULT	true	false	false
00403640	Function	FUN_00403640	FUN_00403640	Global	DEFAULT	true	false	false
00403647	Function	FUN_00403647	FUN_00403647	Global	DEFAULT	true	false	false
00403696	Function	FUN_00403696	FUN_00403696	Global	DEFAULT	true	false	false
004036e6	Function	FUN_004036e6	FUN_004036e6	Global	DEFAULT	true	false	false
0040373a	Function	FUN_0040373a	FUN_0040373a	Global	DEFAULT	true	false	false
0040375f	Function	FUN_0040375f	FUN_0040375f	Global	DEFAULT	true	false	false
00403815	Function	FUN_00403815	FUN_00403815	Global	DEFAULT	true	false	false
0040388a	Function	FUN_0040388a	FUN_0040388a	Global	DEFAULT	true	false	false
00403908	Function	__global_unwind2	__global_unwind2	Global	ANALYSIS	true	false	false
0040394a	Function	__local_unwind2	__local_unwind2	Global	ANALYSIS	true	false	false
004039b2	Function	__abnormal_termination	__abnormal_termination	Global	ANALYSIS	true	false	false
004039d5	Function	__NLG_Notify1	__NLG_Notify1	Global	ANALYSIS	true	false	false
004039de	Function	FUN_004039de	FUN_004039de	Global	DEFAULT	true	false	false
004039f6	Function	FUN_004039f6	FUN_004039f6	Global	DEFAULT	true	false	false
00403a48	Function	__ftol	__ftol	Global	ANALYSIS	true	false	false
00403a6f	Function	FUN_00403a6f	FUN_00403a6f	Global	DEFAULT	true	false	false
00403b04	Function	FUN_00403b04	FUN_00403b04	Global	DEFAULT	true	false	false
00403b65	Function	FUN_00403b65	FUN_00403b65	Global	DEFAULT	true	false	false
00403b92	Function	FUN_00403b92	FUN_00403b92	Global	DEFAULT	true	false	false
00403caa	Function	FUN_00403caa	FUN_00403caa	Global	DEFAULT	true	false	false
00403d18	Label	switchD	switchD_00403d18::switchD	switchD_00403d18	ANALYSIS	true	false	false
00403d1f	Label	caseD_1	switchD_00403d18::caseD_1	switchD_00403d18	ANALYSIS	true	false	false
00403d3a	Label	caseD_2	switchD_00403d18::caseD_2	switchD_00403d18	ANALYSIS	true	false	false
00403d86	Label	caseD_3	switchD_00403d18::caseD_3	switchD_00403d18	ANALYSIS	true	false	false
00403dbd	Label	caseD_4	switchD_00403d18::caseD_4	switchD_00403d18	ANALYSIS	true	false	false
00403dc5	Label	caseD_5	switchD_00403d18::caseD_5	switchD_00403d18	ANALYSIS	true	false	false
00403dfa	Label	caseD_6	switchD_00403d18::caseD_6	switchD_00403d18	ANALYSIS	true	false	false
00403e49	Label	caseD_0	switchD_00403d18::caseD_0	switchD_00403d18	ANALYSIS	true	false	false
00403e8d	Label	caseD_7	switchD_00403d18::caseD_7	switchD_00403d18	ANALYSIS	true	false	false
004043b2	Label	default	switchD_00403d18::default	switchD_00403d18	ANALYSIS	true	false	false
004043cb	Label	switchdataD_004043cb	switchD_00403d18::switchdataD_004043cb	switchD_00403d18	ANALYSIS	true	false	false
004043eb	Function	FUN_004043eb	FUN_004043eb	Global	DEFAULT	true	false	false
00404420	Function	FUN_00404420	FUN_00404420	Global	DEFAULT	true	false	false
00404451	Function	FUN_00404451	FUN_00404451	Global	DEFAULT	true	false	false
00404489	Function	FUN_00404489	FUN_00404489	Global	DEFAULT	true	false	false
00404496	Function	FUN_00404496	FUN_00404496	Global	DEFAULT	true	false	false
004044a6	Function	FUN_004044a6	FUN_004044a6	Global	DEFAULT	true	false	false
004044b4	Function	_malloc	_malloc	Global	ANALYSIS	true	false	false
004044c6	Function	__nh_malloc	__nh_malloc	Global	ANALYSIS	true	false	false
004044f2	Function	FUN_004044f2	FUN_004044f2	Global	DEFAULT	true	false	false
00404559	Function	FUN_00404559	FUN_00404559	Global	DEFAULT	true	false	false
004045b8	Function	FUN_004045b8	FUN_004045b8	Global	DEFAULT	true	false	false
004045ee	Function	FUN_004045ee	FUN_004045ee	Global	DEFAULT	true	false	false
00404661	Function	FUN_00404661	FUN_00404661	Global	DEFAULT	true	false	false
0040466a	Function	FUN_0040466a	FUN_0040466a	Global	DEFAULT	true	false	false
00404673	Function	FUN_00404673	FUN_00404673	Global	DEFAULT	true	false	false
004047b1	Function	FUN_004047b1	FUN_004047b1	Global	DEFAULT	true	false	false
004047eb	Function	FUN_004047eb	FUN_004047eb	Global	DEFAULT	true	false	false
00404843	Function	FUN_00404843	FUN_00404843	Global	DEFAULT	true	false	false
004048fc	Function	FUN_004048fc	FUN_004048fc	Global	DEFAULT	true	false	false
00404995	Function	FUN_00404995	FUN_00404995	Global	DEFAULT	true	false	false
00404b49	Function	FUN_00404b49	FUN_00404b49	Global	DEFAULT	true	false	false
00404c7b	Function	FUN_00404c7b	FUN_00404c7b	Global	DEFAULT	true	false	false
00404e37	Function	FUN_00404e37	FUN_00404e37	Global	DEFAULT	true	false	false
00404e8b	Function	FUN_00404e8b	FUN_00404e8b	Global	DEFAULT	true	false	false
00404efd	Function	FUN_00404efd	FUN_00404efd	Global	DEFAULT	true	false	false
00404f10	Function	FUN_00404f10	FUN_00404f10	Global	DEFAULT	true	false	false
00405023	Function	FUN_00405023	FUN_00405023	Global	DEFAULT	true	false	false
00405050	Function	FUN_00405050	FUN_00405050	Global	DEFAULT	true	false	false
00405198	Function	FUN_00405198	FUN_00405198	Global	DEFAULT	true	false	false
00405365	Function	__seh_longjmp_unwind@4	__seh_longjmp_unwind@4	Global	ANALYSIS	true	false	false
00405380	Function	FUN_00405380	FUN_00405380	Global	DEFAULT	true	false	false
004053b9	Function	FUN_004053b9	FUN_004053b9	Global	DEFAULT	true	false	false
0040553d	Function	FUN_0040553d	FUN_0040553d	Global	DEFAULT	true	false	false
0040554f	Function	FUN_0040554f	FUN_0040554f	Global	DEFAULT	true	false	false
0040558d	Function	FUN_0040558d	FUN_0040558d	Global	DEFAULT	true	false	false
004055b6	Function	FUN_004055b6	FUN_004055b6	Global	DEFAULT	true	false	false
00405676	Function	__fassign	__fassign	Global	ANALYSIS	true	false	false
004056b4	Function	FUN_004056b4	FUN_004056b4	Global	DEFAULT	true	false	false
00405715	Function	FUN_00405715	FUN_00405715	Global	DEFAULT	true	false	false
004057d7	Function	FUN_004057d7	FUN_004057d7	Global	DEFAULT	true	false	false
0040582c	Function	FUN_0040582c	FUN_0040582c	Global	DEFAULT	true	false	false
004058d3	Function	FUN_004058d3	FUN_004058d3	Global	DEFAULT	true	false	false
00405966	Function	__cfltcvt	__cfltcvt	Global	ANALYSIS	true	false	false
004059b7	Function	FUN_004059b7	FUN_004059b7	Global	DEFAULT	true	false	false
004059fb	Function	FUN_004059fb	FUN_004059fb	Global	DEFAULT	true	false	false
00405aae	Function	FUN_00405aae	FUN_00405aae	Global	DEFAULT	true	false	false
00405af6	Function	FUN_00405af6	FUN_00405af6	Global	DEFAULT	true	false	false
00405b21	Function	FUN_00405b21	FUN_00405b21	Global	DEFAULT	true	false	false
00405e4a	Function	FUN_00405e4a	FUN_00405e4a	Global	DEFAULT	true	false	false
00406153	Function	FUN_00406153	FUN_00406153	Global	DEFAULT	true	false	false
00406204	Function	FUN_00406204	FUN_00406204	Global	DEFAULT	true	false	false
004062ff	Function	FUN_004062ff	FUN_004062ff	Global	DEFAULT	true	false	false
004066c6	Function	FUN_004066c6	FUN_004066c6	Global	DEFAULT	true	false	false
00406a17	Function	FUN_00406a17	FUN_00406a17	Global	DEFAULT	true	false	false
00406b5b	Function	FUN_00406b5b	FUN_00406b5b	Global	DEFAULT	true	false	false
00406bb1	Function	FUN_00406bb1	FUN_00406bb1	Global	DEFAULT	true	false	false
00406c73	Function	FUN_00406c73	FUN_00406c73	Global	DEFAULT	true	false	false
00406cca	Function	FUN_00406cca	FUN_00406cca	Global	DEFAULT	true	false	false
00406d0f	Function	FUN_00406d0f	FUN_00406d0f	Global	DEFAULT	true	false	false
00406f17	Function	FUN_00406f17	FUN_00406f17	Global	DEFAULT	true	false	false
0040703b	Function	FUN_0040703b	FUN_0040703b	Global	DEFAULT	true	false	false
004070e4	Function	FUN_004070e4	FUN_004070e4	Global	DEFAULT	true	false	false
00407242	Function	FUN_00407242	FUN_00407242	Global	DEFAULT	true	false	false
004072b7	Function	FUN_004072b7	FUN_004072b7	Global	DEFAULT	true	false	false
00407344	Function	FUN_00407344	FUN_00407344	Global	DEFAULT	true	false	false
0040736e	Function	FUN_0040736e	FUN_0040736e	Global	DEFAULT	true	false	false
00407407	Function	FUN_00407407	FUN_00407407	Global	DEFAULT	true	false	false
00407490	Function	FUN_00407490	FUN_00407490	Global	DEFAULT	true	false	false
0040752c	Function	FUN_0040752c	FUN_0040752c	Global	DEFAULT	true	false	false
0040755b	Function	FUN_0040755b	FUN_0040755b	Global	DEFAULT	true	false	false
00407589	Function	FUN_00407589	FUN_00407589	Global	DEFAULT	true	false	false
004075ee	Function	FUN_004075ee	FUN_004075ee	Global	DEFAULT	true	false	false
00407692	Function	FUN_00407692	FUN_00407692	Global	DEFAULT	true	false	false
0040772d	Function	FUN_0040772d	FUN_0040772d	Global	DEFAULT	true	false	false
004078e0	Function	FUN_004078e0	FUN_004078e0	Global	DEFAULT	true	false	false
0040798a	Function	FUN_0040798a	FUN_0040798a	Global	DEFAULT	true	false	false
004079e7	Function	FUN_004079e7	FUN_004079e7	Global	DEFAULT	true	false	false
00407a9b	Function	FUN_00407a9b	FUN_00407a9b	Global	DEFAULT	true	false	false
00407b16	Function	FUN_00407b16	FUN_00407b16	Global	DEFAULT	true	false	false
00407be3	Function	FUN_00407be3	FUN_00407be3	Global	DEFAULT	true	false	false
00407c5b	Function	FUN_00407c5b	FUN_00407c5b	Global	DEFAULT	true	false	false
00407e1f	Function	FUN_00407e1f	FUN_00407e1f	Global	DEFAULT	true	false	false
00407e86	Function	FUN_00407e86	FUN_00407e86	Global	DEFAULT	true	false	false
00407eb0	Function	__CallSettingFrame@12	__CallSettingFrame@12	Global	ANALYSIS	true	false	false
00407efc	Function	FUN_00407efc	FUN_00407efc	Global	DEFAULT	true	false	false
00407f75	Function	FUN_00407f75	FUN_00407f75	Global	DEFAULT	true	false	false
00407fcb	Function	FUN_00407fcb	FUN_00407fcb	Global	DEFAULT	true	false	false
00408030	Function	FUN_00408030	FUN_00408030	Global	DEFAULT	true	false	false
004080a3	Function	FUN_004080a3	FUN_004080a3	Global	DEFAULT	true	false	false
00408108	Function	FUN_00408108	FUN_00408108	Global	DEFAULT	true	false	false
00408293	Function	FUN_00408293	FUN_00408293	Global	DEFAULT	true	false	false
004082d7	Function	FUN_004082d7	FUN_004082d7	Global	DEFAULT	true	false	false
00408300	Function	FUN_00408300	FUN_00408300	Global	DEFAULT	true	false	false
00408359	Function	FUN_00408359	FUN_00408359	Global	DEFAULT	true	false	false
004083d0	Function	__aulldiv	__aulldiv	Global	ANALYSIS	true	false	false
00408440	Function	__aullrem	__aullrem	Global	ANALYSIS	true	false	false
004084df	Function	FUN_004084df	FUN_004084df	Global	DEFAULT	true	false	false
0040858e	Function	FUN_0040858e	FUN_0040858e	Global	DEFAULT	true	false	false
004085d7	Function	FUN_004085d7	FUN_004085d7	Global	DEFAULT	true	false	false
00408608	Function	FUN_00408608	FUN_00408608	Global	DEFAULT	true	false	false
004087b5	Function	FUN_004087b5	FUN_004087b5	Global	DEFAULT	true	false	false
004087ff	Function	FUN_004087ff	FUN_004087ff	Global	DEFAULT	true	false	false
00408832	Function	FUN_00408832	FUN_00408832	Global	DEFAULT	true	false	false
0040885b	Function	FUN_0040885b	FUN_0040885b	Global	DEFAULT	true	false	false
004089f0	Function	FUN_004089f0	FUN_004089f0	Global	DEFAULT	true	false	false
00408a10	Function	FUN_00408a10	FUN_00408a10	Global	DEFAULT	true	false	false
00408a45	Label	switchD	switchD_00408a45::switchD	switchD_00408a45	ANALYSIS	true	false	false
00408a58	Label	default	switchD_00408a64::default	switchD_00408a64	ANALYSIS	true	false	false
00408a5d	Label	switchD	switchD_00408a5d::switchD	switchD_00408a5d	ANALYSIS	true	false	false
00408a64	Label	switchD	switchD_00408a64::switchD	switchD_00408a64	ANALYSIS	true	false	false
00408a6c	Label	switchD	switchD_00408a6c::switchD	switchD_00408a6c	ANALYSIS	true	false	false
00408a74	Label	switchdataD_00408a74	switchD_00408a5d::switchdataD_00408a74	switchD_00408a5d	ANALYSIS	true	false	false
00408a80	Label	caseD_1	switchD_00408a5d::caseD_1	switchD_00408a5d	ANALYSIS	true	false	false
00408aa2	Label	switchD	switchD_00408aa2::switchD	switchD_00408aa2	ANALYSIS	true	false	false
00408aac	Label	caseD_2	switchD_00408a5d::caseD_2	switchD_00408a5d	ANALYSIS	true	false	false
00408ac8	Label	switchD	switchD_00408ac8::switchD	switchD_00408ac8	ANALYSIS	true	false	false
00408ad0	Label	caseD_3	switchD_00408a5d::caseD_3	switchD_00408a5d	ANALYSIS	true	false	false
00408ae2	Label	switchD	switchD_00408ae2::switchD	switchD_00408ae2	ANALYSIS	true	false	false
00408aec	Label	switchdataD_00408aec	switchD_00408a6c::switchdataD_00408aec	switchD_00408a6c	ANALYSIS	true	false	false
00408b0c	Label	caseD_7	switchD_00408a6c::caseD_7	switchD_00408a6c	ANALYSIS	true	false	false
00408b14	Label	caseD_6	switchD_00408a6c::caseD_6	switchD_00408a6c	ANALYSIS	true	false	false
00408b1c	Label	caseD_5	switchD_00408a6c::caseD_5	switchD_00408a6c	ANALYSIS	true	false	false
00408b24	Label	caseD_4	switchD_00408a6c::caseD_4	switchD_00408a6c	ANALYSIS	true	false	false
00408b2c	Label	caseD_3	switchD_00408a6c::caseD_3	switchD_00408a6c	ANALYSIS	true	false	false
00408b34	Label	caseD_2	switchD_00408a6c::caseD_2	switchD_00408a6c	ANALYSIS	true	false	false
00408b3c	Label	caseD_1	switchD_00408a6c::caseD_1	switchD_00408a6c	ANALYSIS	true	false	false
00408b4f	Label	caseD_0	switchD_00408a6c::caseD_0	switchD_00408a6c	ANALYSIS	true	false	false
00408b4f	Label	switchD	switchD_00408b4f::switchD	switchD_00408b4f	ANALYSIS	false	false	false
00408b58	Label	switchdataD_00408b58	switchD_00408a45::switchdataD_00408b58	switchD_00408a45	ANALYSIS	true	false	false
00408b68	Label	caseD_0	switchD_00408a45::caseD_0	switchD_00408a45	ANALYSIS	true	false	false
00408b68	Label	caseD_0	switchD_00408a64::caseD_0	switchD_00408a64	ANALYSIS	false	false	false
00408b68	Label	caseD_0	switchD_00408b4f::caseD_0	switchD_00408b4f	ANALYSIS	false	false	false
00408b68	Label	caseD_0	switchD_00408ae2::caseD_0	switchD_00408ae2	ANALYSIS	false	false	false
00408b68	Label	caseD_0	switchD_00408ac8::caseD_0	switchD_00408ac8	ANALYSIS	false	false	false
00408b68	Label	caseD_0	switchD_00408aa2::caseD_0	switchD_00408aa2	ANALYSIS	false	false	false
00408b70	Label	caseD_1	switchD_00408a45::caseD_1	switchD_00408a45	ANALYSIS	true	false	false
00408b70	Label	caseD_1	switchD_00408a64::caseD_1	switchD_00408a64	ANALYSIS	false	false	false
00408b70	Label	caseD_1	switchD_00408b4f::caseD_1	switchD_00408b4f	ANALYSIS	false	false	false
00408b70	Label	caseD_1	switchD_00408ae2::caseD_1	switchD_00408ae2	ANALYSIS	false	false	false
00408b70	Label	caseD_1	switchD_00408ac8::caseD_1	switchD_00408ac8	ANALYSIS	false	false	false
00408b70	Label	caseD_1	switchD_00408aa2::caseD_1	switchD_00408aa2	ANALYSIS	false	false	false
00408b7c	Label	caseD_2	switchD_00408a45::caseD_2	switchD_00408a45	ANALYSIS	true	false	false
00408b7c	Label	caseD_2	switchD_00408a64::caseD_2	switchD_00408a64	ANALYSIS	false	false	false
00408b7c	Label	caseD_2	switchD_00408b4f::caseD_2	switchD_00408b4f	ANALYSIS	false	false	false
00408b7c	Label	caseD_2	switchD_00408ae2::caseD_2	switchD_00408ae2	ANALYSIS	false	false	false
00408b7c	Label	caseD_2	switchD_00408ac8::caseD_2	switchD_00408ac8	ANALYSIS	false	false	false
00408b7c	Label	caseD_2	switchD_00408aa2::caseD_2	switchD_00408aa2	ANALYSIS	false	false	false
00408b90	Label	caseD_3	switchD_00408a45::caseD_3	switchD_00408a45	ANALYSIS	true	false	false
00408b90	Label	caseD_3	switchD_00408a64::caseD_3	switchD_00408a64	ANALYSIS	false	false	false
00408b90	Label	caseD_3	switchD_00408b4f::caseD_3	switchD_00408b4f	ANALYSIS	false	false	false
00408b90	Label	caseD_3	switchD_00408ae2::caseD_3	switchD_00408ae2	ANALYSIS	false	false	false
00408b90	Label	caseD_3	switchD_00408ac8::caseD_3	switchD_00408ac8	ANALYSIS	false	false	false
00408b90	Label	caseD_3	switchD_00408aa2::caseD_3	switchD_00408aa2	ANALYSIS	false	false	false
00408bc7	Label	switchD	switchD_00408bc7::switchD	switchD_00408bc7	ANALYSIS	true	false	false
00408bd2	Label	switchD	switchD_00408bd2::switchD	switchD_00408bd2	ANALYSIS	true	false	false
00408be8	Label	default	switchD_00408bf4::default	switchD_00408bf4	ANALYSIS	true	false	false
00408bed	Label	switchD	switchD_00408bed::switchD	switchD_00408bed	ANALYSIS	true	false	false
00408bf4	Label	switchD	switchD_00408bf4::switchD	switchD_00408bf4	ANALYSIS	true	false	false
00408bfc	Label	switchdataD_00408bfc	switchD_00408bed::switchdataD_00408bfc	switchD_00408bed	ANALYSIS	true	false	false
00408c08	Label	caseD_1	switchD_00408bed::caseD_1	switchD_00408bed	ANALYSIS	true	false	false
00408c1e	Label	switchD	switchD_00408c1e::switchD	switchD_00408c1e	ANALYSIS	true	false	false
00408c28	Label	caseD_2	switchD_00408bed::caseD_2	switchD_00408bed	ANALYSIS	true	false	false
00408c48	Label	switchD	switchD_00408c48::switchD	switchD_00408c48	ANALYSIS	true	false	false
00408c50	Label	caseD_3	switchD_00408bed::caseD_3	switchD_00408bed	ANALYSIS	true	false	false
00408c7a	Label	switchD	switchD_00408c7a::switchD	switchD_00408c7a	ANALYSIS	true	false	false
00408c84	Label	switchdataD_00408c84	switchD_00408bd2::switchdataD_00408c84	switchD_00408bd2	ANALYSIS	true	false	false
00408ca4	Label	caseD_7	switchD_00408bd2::caseD_7	switchD_00408bd2	ANALYSIS	true	false	false
00408cac	Label	caseD_6	switchD_00408bd2::caseD_6	switchD_00408bd2	ANALYSIS	true	false	false
00408cb4	Label	caseD_5	switchD_00408bd2::caseD_5	switchD_00408bd2	ANALYSIS	true	false	false
00408cbc	Label	caseD_4	switchD_00408bd2::caseD_4	switchD_00408bd2	ANALYSIS	true	false	false
00408cc4	Label	caseD_3	switchD_00408bd2::caseD_3	switchD_00408bd2	ANALYSIS	true	false	false
00408ccc	Label	caseD_2	switchD_00408bd2::caseD_2	switchD_00408bd2	ANALYSIS	true	false	false
00408cd4	Label	caseD_1	switchD_00408bd2::caseD_1	switchD_00408bd2	ANALYSIS	true	false	false
00408ce7	Label	caseD_0	switchD_00408bd2::caseD_0	switchD_00408bd2	ANALYSIS	true	false	false
00408ce7	Label	switchD	switchD_00408ce7::switchD	switchD_00408ce7	ANALYSIS	false	false	false
00408cf0	Label	switchdataD_00408cf0	switchD_00408bc7::switchdataD_00408cf0	switchD_00408bc7	ANALYSIS	true	false	false
00408d00	Label	caseD_0	switchD_00408bc7::caseD_0	switchD_00408bc7	ANALYSIS	true	false	false
00408d00	Label	caseD_0	switchD_00408bf4::caseD_0	switchD_00408bf4	ANALYSIS	false	false	false
00408d00	Label	caseD_0	switchD_00408ce7::caseD_0	switchD_00408ce7	ANALYSIS	false	false	false
00408d00	Label	caseD_0	switchD_00408c7a::caseD_0	switchD_00408c7a	ANALYSIS	false	false	false
00408d00	Label	caseD_0	switchD_00408c48::caseD_0	switchD_00408c48	ANALYSIS	false	false	false
00408d00	Label	caseD_0	switchD_00408c1e::caseD_0	switchD_00408c1e	ANALYSIS	false	false	false
00408d08	Label	caseD_1	switchD_00408bc7::caseD_1	switchD_00408bc7	ANALYSIS	true	false	false
00408d08	Label	caseD_1	switchD_00408bf4::caseD_1	switchD_00408bf4	ANALYSIS	false	false	false
00408d08	Label	caseD_1	switchD_00408ce7::caseD_1	switchD_00408ce7	ANALYSIS	false	false	false
00408d08	Label	caseD_1	switchD_00408c7a::caseD_1	switchD_00408c7a	ANALYSIS	false	false	false
00408d08	Label	caseD_1	switchD_00408c48::caseD_1	switchD_00408c48	ANALYSIS	false	false	false
00408d08	Label	caseD_1	switchD_00408c1e::caseD_1	switchD_00408c1e	ANALYSIS	false	false	false
00408d18	Label	caseD_2	switchD_00408bc7::caseD_2	switchD_00408bc7	ANALYSIS	true	false	false
00408d18	Label	caseD_2	switchD_00408bf4::caseD_2	switchD_00408bf4	ANALYSIS	false	false	false
00408d18	Label	caseD_2	switchD_00408ce7::caseD_2	switchD_00408ce7	ANALYSIS	false	false	false
00408d18	Label	caseD_2	switchD_00408c7a::caseD_2	switchD_00408c7a	ANALYSIS	false	false	false
00408d18	Label	caseD_2	switchD_00408c48::caseD_2	switchD_00408c48	ANALYSIS	false	false	false
00408d18	Label	caseD_2	switchD_00408c1e::caseD_2	switchD_00408c1e	ANALYSIS	false	false	false
00408d2c	Label	caseD_3	switchD_00408bc7::caseD_3	switchD_00408bc7	ANALYSIS	true	false	false
00408d2c	Label	caseD_3	switchD_00408bf4::caseD_3	switchD_00408bf4	ANALYSIS	false	false	false
00408d2c	Label	caseD_3	switchD_00408ce7::caseD_3	switchD_00408ce7	ANALYSIS	false	false	false
00408d2c	Label	caseD_3	switchD_00408c7a::caseD_3	switchD_00408c7a	ANALYSIS	false	false	false
00408d2c	Label	caseD_3	switchD_00408c48::caseD_3	switchD_00408c48	ANALYSIS	false	false	false
00408d2c	Label	caseD_3	switchD_00408c1e::caseD_3	switchD_00408c1e	ANALYSIS	false	false	false
00408d45	Function	FUN_00408d45	FUN_00408d45	Global	DEFAULT	true	false	false
00408d5c	Function	FUN_00408d5c	FUN_00408d5c	Global	DEFAULT	true	false	false
00408f90	Function	_strchr	_strchr	Global	ANALYSIS	true	false	false
00409050	Function	_strstr	_strstr	Global	ANALYSIS	true	false	false
004090d0	Function	_strncmp	_strncmp	Global	ANALYSIS	true	false	false
00409108	Function	FUN_00409108	FUN_00409108	Global	DEFAULT	true	false	false
004091a0	Function	_strncpy	_strncpy	Global	ANALYSIS	true	false	false
0040929e	Function	FUN_0040929e	FUN_0040929e	Global	DEFAULT	true	false	false
004092b1	Function	FUN_004092b1	FUN_004092b1	Global	DEFAULT	true	false	false
004092c5	Function	FUN_004092c5	FUN_004092c5	Global	DEFAULT	true	false	false
004092fa	Function	FUN_004092fa	FUN_004092fa	Global	DEFAULT	true	false	false
0040933b	Function	FUN_0040933b	FUN_0040933b	Global	DEFAULT	true	false	false
004093cd	Function	FUN_004093cd	FUN_004093cd	Global	DEFAULT	true	false	false
00409456	Function	FUN_00409456	FUN_00409456	Global	DEFAULT	true	false	false
00409493	Function	FUN_00409493	FUN_00409493	Global	DEFAULT	true	false	false
00409502	Function	FUN_00409502	FUN_00409502	Global	DEFAULT	true	false	false
004095cd	Function	FUN_004095cd	FUN_004095cd	Global	DEFAULT	true	false	false
00409616	Function	FUN_00409616	FUN_00409616	Global	DEFAULT	true	false	false
0040966c	Function	FUN_0040966c	FUN_0040966c	Global	DEFAULT	true	false	false
004096f8	Function	FUN_004096f8	FUN_004096f8	Global	DEFAULT	true	false	false
00409713	Function	FUN_00409713	FUN_00409713	Global	DEFAULT	true	false	false
0040971f	Function	FUN_0040971f	FUN_0040971f	Global	DEFAULT	true	false	false
0040973a	Function	FUN_0040973a	FUN_0040973a	Global	DEFAULT	true	false	false
004097c7	Function	FUN_004097c7	FUN_004097c7	Global	DEFAULT	true	false	false
00409933	Function	FUN_00409933	FUN_00409933	Global	DEFAULT	true	false	false
00409949	Function	FUN_00409949	FUN_00409949	Global	DEFAULT	true	false	false
0040995f	Function	FUN_0040995f	FUN_0040995f	Global	DEFAULT	true	false	false
004099d9	Function	FUN_004099d9	FUN_004099d9	Global	DEFAULT	true	false	false
00409a06	Function	FUN_00409a06	FUN_00409a06	Global	DEFAULT	true	false	false
00409a34	Function	FUN_00409a34	FUN_00409a34	Global	DEFAULT	true	false	false
00409a61	Function	FUN_00409a61	FUN_00409a61	Global	DEFAULT	true	false	false
00409ad8	Function	FUN_00409ad8	FUN_00409ad8	Global	DEFAULT	true	false	false
00409b34	Function	FUN_00409b34	FUN_00409b34	Global	DEFAULT	true	false	false
00409bf0	Function	_memset	_memset	Global	ANALYSIS	true	false	false
00409c50	Function	FUN_00409c50	FUN_00409c50	Global	DEFAULT	true	false	false
00409c85	Label	switchD	switchD_00409c85::switchD	switchD_00409c85	ANALYSIS	true	false	false
00409c98	Label	default	switchD_00409ca4::default	switchD_00409ca4	ANALYSIS	true	false	false
00409c9d	Label	switchD	switchD_00409c9d::switchD	switchD_00409c9d	ANALYSIS	true	false	false
00409ca4	Label	switchD	switchD_00409ca4::switchD	switchD_00409ca4	ANALYSIS	true	false	false
00409cac	Label	switchD	switchD_00409cac::switchD	switchD_00409cac	ANALYSIS	true	false	false
00409cb4	Label	switchdataD_00409cb4	switchD_00409c9d::switchdataD_00409cb4	switchD_00409c9d	ANALYSIS	true	false	false
00409cc0	Label	caseD_1	switchD_00409c9d::caseD_1	switchD_00409c9d	ANALYSIS	true	false	false
00409ce2	Label	switchD	switchD_00409ce2::switchD	switchD_00409ce2	ANALYSIS	true	false	false
00409cec	Label	caseD_2	switchD_00409c9d::caseD_2	switchD_00409c9d	ANALYSIS	true	false	false
00409d08	Label	switchD	switchD_00409d08::switchD	switchD_00409d08	ANALYSIS	true	false	false
00409d10	Label	caseD_3	switchD_00409c9d::caseD_3	switchD_00409c9d	ANALYSIS	true	false	false
00409d22	Label	switchD	switchD_00409d22::switchD	switchD_00409d22	ANALYSIS	true	false	false
00409d2c	Label	switchdataD_00409d2c	switchD_00409cac::switchdataD_00409d2c	switchD_00409cac	ANALYSIS	true	false	false
00409d4c	Label	caseD_7	switchD_00409cac::caseD_7	switchD_00409cac	ANALYSIS	true	false	false
00409d54	Label	caseD_6	switchD_00409cac::caseD_6	switchD_00409cac	ANALYSIS	true	false	false
00409d5c	Label	caseD_5	switchD_00409cac::caseD_5	switchD_00409cac	ANALYSIS	true	false	false
00409d64	Label	caseD_4	switchD_00409cac::caseD_4	switchD_00409cac	ANALYSIS	true	false	false
00409d6c	Label	caseD_3	switchD_00409cac::caseD_3	switchD_00409cac	ANALYSIS	true	false	false
00409d74	Label	caseD_2	switchD_00409cac::caseD_2	switchD_00409cac	ANALYSIS	true	false	false
00409d7c	Label	caseD_1	switchD_00409cac::caseD_1	switchD_00409cac	ANALYSIS	true	false	false
00409d8f	Label	caseD_0	switchD_00409cac::caseD_0	switchD_00409cac	ANALYSIS	true	false	false
00409d8f	Label	switchD	switchD_00409d8f::switchD	switchD_00409d8f	ANALYSIS	false	false	false
00409d98	Label	switchdataD_00409d98	switchD_00409c85::switchdataD_00409d98	switchD_00409c85	ANALYSIS	true	false	false
00409da8	Label	caseD_0	switchD_00409c85::caseD_0	switchD_00409c85	ANALYSIS	true	false	false
00409da8	Label	caseD_0	switchD_00409ca4::caseD_0	switchD_00409ca4	ANALYSIS	false	false	false
00409da8	Label	caseD_0	switchD_00409d8f::caseD_0	switchD_00409d8f	ANALYSIS	false	false	false
00409da8	Label	caseD_0	switchD_00409d22::caseD_0	switchD_00409d22	ANALYSIS	false	false	false
00409da8	Label	caseD_0	switchD_00409d08::caseD_0	switchD_00409d08	ANALYSIS	false	false	false
00409da8	Label	caseD_0	switchD_00409ce2::caseD_0	switchD_00409ce2	ANALYSIS	false	false	false
00409db0	Label	caseD_1	switchD_00409c85::caseD_1	switchD_00409c85	ANALYSIS	true	false	false
00409db0	Label	caseD_1	switchD_00409ca4::caseD_1	switchD_00409ca4	ANALYSIS	false	false	false
00409db0	Label	caseD_1	switchD_00409d8f::caseD_1	switchD_00409d8f	ANALYSIS	false	false	false
00409db0	Label	caseD_1	switchD_00409d22::caseD_1	switchD_00409d22	ANALYSIS	false	false	false
00409db0	Label	caseD_1	switchD_00409d08::caseD_1	switchD_00409d08	ANALYSIS	false	false	false
00409db0	Label	caseD_1	switchD_00409ce2::caseD_1	switchD_00409ce2	ANALYSIS	false	false	false
00409dbc	Label	caseD_2	switchD_00409c85::caseD_2	switchD_00409c85	ANALYSIS	true	false	false
00409dbc	Label	caseD_2	switchD_00409ca4::caseD_2	switchD_00409ca4	ANALYSIS	false	false	false
00409dbc	Label	caseD_2	switchD_00409d8f::caseD_2	switchD_00409d8f	ANALYSIS	false	false	false
00409dbc	Label	caseD_2	switchD_00409d22::caseD_2	switchD_00409d22	ANALYSIS	false	false	false
00409dbc	Label	caseD_2	switchD_00409d08::caseD_2	switchD_00409d08	ANALYSIS	false	false	false
00409dbc	Label	caseD_2	switchD_00409ce2::caseD_2	switchD_00409ce2	ANALYSIS	false	false	false
00409dd0	Label	caseD_3	switchD_00409c85::caseD_3	switchD_00409c85	ANALYSIS	true	false	false
00409dd0	Label	caseD_3	switchD_00409ca4::caseD_3	switchD_00409ca4	ANALYSIS	false	false	false
00409dd0	Label	caseD_3	switchD_00409d8f::caseD_3	switchD_00409d8f	ANALYSIS	false	false	false
00409dd0	Label	caseD_3	switchD_00409d22::caseD_3	switchD_00409d22	ANALYSIS	false	false	false
00409dd0	Label	caseD_3	switchD_00409d08::caseD_3	switchD_00409d08	ANALYSIS	false	false	false
00409dd0	Label	caseD_3	switchD_00409ce2::caseD_3	switchD_00409ce2	ANALYSIS	false	false	false
00409e07	Label	switchD	switchD_00409e07::switchD	switchD_00409e07	ANALYSIS	true	false	false
00409e12	Label	switchD	switchD_00409e12::switchD	switchD_00409e12	ANALYSIS	true	false	false
00409e28	Label	default	switchD_00409e34::default	switchD_00409e34	ANALYSIS	true	false	false
00409e2d	Label	switchD	switchD_00409e2d::switchD	switchD_00409e2d	ANALYSIS	true	false	false
00409e34	Label	switchD	switchD_00409e34::switchD	switchD_00409e34	ANALYSIS	true	false	false
00409e3c	Label	switchdataD_00409e3c	switchD_00409e2d::switchdataD_00409e3c	switchD_00409e2d	ANALYSIS	true	false	false
00409e48	Label	caseD_1	switchD_00409e2d::caseD_1	switchD_00409e2d	ANALYSIS	true	false	false
00409e5e	Label	switchD	switchD_00409e5e::switchD	switchD_00409e5e	ANALYSIS	true	false	false
00409e68	Label	caseD_2	switchD_00409e2d::caseD_2	switchD_00409e2d	ANALYSIS	true	false	false
00409e88	Label	switchD	switchD_00409e88::switchD	switchD_00409e88	ANALYSIS	true	false	false
00409e90	Label	caseD_3	switchD_00409e2d::caseD_3	switchD_00409e2d	ANALYSIS	true	false	false
00409eba	Label	switchD	switchD_00409eba::switchD	switchD_00409eba	ANALYSIS	true	false	false
00409ec4	Label	switchdataD_00409ec4	switchD_00409e12::switchdataD_00409ec4	switchD_00409e12	ANALYSIS	true	false	false
00409ee4	Label	caseD_7	switchD_00409e12::caseD_7	switchD_00409e12	ANALYSIS	true	false	false
00409eec	Label	caseD_6	switchD_00409e12::caseD_6	switchD_00409e12	ANALYSIS	true	false	false
00409ef4	Label	caseD_5	switchD_00409e12::caseD_5	switchD_00409e12	ANALYSIS	true	false	false
00409efc	Label	caseD_4	switchD_00409e12::caseD_4	switchD_00409e12	ANALYSIS	true	false	false
00409f04	Label	caseD_3	switchD_00409e12::caseD_3	switchD_00409e12	ANALYSIS	true	false	false
00409f0c	Label	caseD_2	switchD_00409e12::caseD_2	switchD_00409e12	ANALYSIS	true	false	false
00409f14	Label	caseD_1	switchD_00409e12::caseD_1	switchD_00409e12	ANALYSIS	true	false	false
00409f27	Label	caseD_0	switchD_00409e12::caseD_0	switchD_00409e12	ANALYSIS	true	false	false
00409f27	Label	switchD	switchD_00409f27::switchD	switchD_00409f27	ANALYSIS	false	false	false
00409f30	Label	switchdataD_00409f30	switchD_00409e07::switchdataD_00409f30	switchD_00409e07	ANALYSIS	true	false	false
00409f40	Label	caseD_0	switchD_00409e07::caseD_0	switchD_00409e07	ANALYSIS	true	false	false
00409f40	Label	caseD_0	switchD_00409e34::caseD_0	switchD_00409e34	ANALYSIS	false	false	false
00409f40	Label	caseD_0	switchD_00409f27::caseD_0	switchD_00409f27	ANALYSIS	false	false	false
00409f40	Label	caseD_0	switchD_00409eba::caseD_0	switchD_00409eba	ANALYSIS	false	false	false
00409f40	Label	caseD_0	switchD_00409e88::caseD_0	switchD_00409e88	ANALYSIS	false	false	false
00409f40	Label	caseD_0	switchD_00409e5e::caseD_0	switchD_00409e5e	ANALYSIS	false	false	false
00409f48	Label	caseD_1	switchD_00409e07::caseD_1	switchD_00409e07	ANALYSIS	true	false	false
00409f48	Label	caseD_1	switchD_00409e34::caseD_1	switchD_00409e34	ANALYSIS	false	false	false
00409f48	Label	caseD_1	switchD_00409f27::caseD_1	switchD_00409f27	ANALYSIS	false	false	false
00409f48	Label	caseD_1	switchD_00409eba::caseD_1	switchD_00409eba	ANALYSIS	false	false	false
00409f48	Label	caseD_1	switchD_00409e88::caseD_1	switchD_00409e88	ANALYSIS	false	false	false
00409f48	Label	caseD_1	switchD_00409e5e::caseD_1	switchD_00409e5e	ANALYSIS	false	false	false
00409f58	Label	caseD_2	switchD_00409e07::caseD_2	switchD_00409e07	ANALYSIS	true	false	false
00409f58	Label	caseD_2	switchD_00409e34::caseD_2	switchD_00409e34	ANALYSIS	false	false	false
00409f58	Label	caseD_2	switchD_00409f27::caseD_2	switchD_00409f27	ANALYSIS	false	false	false
00409f58	Label	caseD_2	switchD_00409eba::caseD_2	switchD_00409eba	ANALYSIS	false	false	false
00409f58	Label	caseD_2	switchD_00409e88::caseD_2	switchD_00409e88	ANALYSIS	false	false	false
00409f58	Label	caseD_2	switchD_00409e5e::caseD_2	switchD_00409e5e	ANALYSIS	false	false	false
00409f6c	Label	caseD_3	switchD_00409e07::caseD_3	switchD_00409e07	ANALYSIS	true	false	false
00409f6c	Label	caseD_3	switchD_00409e34::caseD_3	switchD_00409e34	ANALYSIS	false	false	false
00409f6c	Label	caseD_3	switchD_00409f27::caseD_3	switchD_00409f27	ANALYSIS	false	false	false
00409f6c	Label	caseD_3	switchD_00409eba::caseD_3	switchD_00409eba	ANALYSIS	false	false	false
00409f6c	Label	caseD_3	switchD_00409e88::caseD_3	switchD_00409e88	ANALYSIS	false	false	false
00409f6c	Label	caseD_3	switchD_00409e5e::caseD_3	switchD_00409e5e	ANALYSIS	false	false	false
00409f85	Function	FUN_00409f85	FUN_00409f85	Global	DEFAULT	true	false	false
00409f8e	Function	FUN_00409f8e	FUN_00409f8e	Global	DEFAULT	true	false	false
0040a0d7	Function	FUN_0040a0d7	FUN_0040a0d7	Global	DEFAULT	true	false	false
0040a108	Function	__fclose_lk	__fclose_lk	Global	ANALYSIS	true	false	false
0040a154	Function	FUN_0040a154	FUN_0040a154	Global	DEFAULT	true	false	false
0040a1e7	Function	FUN_0040a1e7	FUN_0040a1e7	Global	DEFAULT	true	false	false
0040a24b	Function	FUN_0040a24b	FUN_0040a24b	Global	DEFAULT	true	false	false
0040a267	Function	FUN_0040a267	FUN_0040a267	Global	DEFAULT	true	false	false
0040a283	Function	FUN_0040a283	FUN_0040a283	Global	DEFAULT	true	false	false
0040a2a0	Function	_strcmp	_strcmp	Global	ANALYSIS	true	false	false
0040a324	Function	FUN_0040a324	FUN_0040a324	Global	DEFAULT	true	false	false
0040a33b	Function	FUN_0040a33b	FUN_0040a33b	Global	DEFAULT	true	false	false
0040a45e	Function	FUN_0040a45e	FUN_0040a45e	Global	DEFAULT	true	false	false
0040a4da	Function	FUN_0040a4da	FUN_0040a4da	Global	DEFAULT	true	false	false
0040a559	Function	FUN_0040a559	FUN_0040a559	Global	DEFAULT	true	false	false
0040a59b	Function	FUN_0040a59b	FUN_0040a59b	Global	DEFAULT	true	false	false
0040a642	Function	FUN_0040a642	FUN_0040a642	Global	DEFAULT	true	false	false
0040a6a1	Function	FUN_0040a6a1	FUN_0040a6a1	Global	DEFAULT	true	false	false
0040a6c3	Function	FUN_0040a6c3	FUN_0040a6c3	Global	DEFAULT	true	false	false
0040a909	Function	FUN_0040a909	FUN_0040a909	Global	DEFAULT	true	false	false
0040aa24	Function	FUN_0040aa24	FUN_0040aa24	Global	DEFAULT	true	false	false
0040aadd	Function	FUN_0040aadd	FUN_0040aadd	Global	DEFAULT	true	false	false
0040abf8	Function	FUN_0040abf8	FUN_0040abf8	Global	DEFAULT	true	false	false
0040ac1d	Function	FUN_0040ac1d	FUN_0040ac1d	Global	DEFAULT	true	false	false
0040ace9	Function	FUN_0040ace9	FUN_0040ace9	Global	DEFAULT	true	false	false
0040ad3c	Function	FUN_0040ad3c	FUN_0040ad3c	Global	DEFAULT	true	false	false
0040af60	Function	FUN_0040af60	FUN_0040af60	Global	DEFAULT	true	false	false
0040af93	Function	FUN_0040af93	FUN_0040af93	Global	DEFAULT	true	false	false
0040b002	Function	FUN_0040b002	FUN_0040b002	Global	DEFAULT	true	false	false
0040b0ce	Function	FUN_0040b0ce	FUN_0040b0ce	Global	DEFAULT	true	false	false
0040b250	Function	FUN_0040b250	FUN_0040b250	Global	DEFAULT	true	false	false
0040b2b2	Function	FUN_0040b2b2	FUN_0040b2b2	Global	DEFAULT	true	false	false
0040b434	Function	FUN_0040b434	FUN_0040b434	Global	DEFAULT	true	false	false
0040b483	Function	FUN_0040b483	FUN_0040b483	Global	DEFAULT	true	false	false
0040b4a4	Function	___add_12	___add_12	Global	ANALYSIS	true	false	false
0040b502	Function	FUN_0040b502	FUN_0040b502	Global	DEFAULT	true	false	false
0040b530	Function	FUN_0040b530	FUN_0040b530	Global	DEFAULT	true	false	false
0040b55d	Function	FUN_0040b55d	FUN_0040b55d	Global	DEFAULT	true	false	false
0040b624	Function	FUN_0040b624	FUN_0040b624	Global	DEFAULT	true	false	false
0040b687	Label	switchD	switchD_0040b687::switchD	switchD_0040b687	ANALYSIS	true	false	false
0040b68e	Label	caseD_0	switchD_0040b687::caseD_0	switchD_0040b687	ANALYSIS	true	false	false
0040b6dd	Label	caseD_1	switchD_0040b687::caseD_1	switchD_0040b687	ANALYSIS	true	false	false
0040b734	Label	caseD_2	switchD_0040b687::caseD_2	switchD_0040b687	ANALYSIS	true	false	false
0040b75e	Label	caseD_3	switchD_0040b687::caseD_3	switchD_0040b687	ANALYSIS	true	false	false
0040b7b9	Label	caseD_4	switchD_0040b687::caseD_4	switchD_0040b687	ANALYSIS	true	false	false
0040b830	Label	caseD_5	switchD_0040b687::caseD_5	switchD_0040b687	ANALYSIS	true	false	false
0040b866	Label	caseD_6	switchD_0040b687::caseD_6	switchD_0040b687	ANALYSIS	true	false	false
0040b88f	Label	caseD_8	switchD_0040b687::caseD_8	switchD_0040b687	ANALYSIS	true	false	false
0040b8b0	Label	caseD_7	switchD_0040b687::caseD_7	switchD_0040b687	ANALYSIS	true	false	false
0040b8ca	Label	caseD_b	switchD_0040b687::caseD_b	switchD_0040b687	ANALYSIS	true	false	false
0040b8fe	Label	caseD_a	switchD_0040b687::caseD_a	switchD_0040b687	ANALYSIS	true	false	false
0040b914	Label	caseD_9	switchD_0040b687::caseD_9	switchD_0040b687	ANALYSIS	true	false	false
0040bac5	Label	switchdataD_0040bac5	switchD_0040b687::switchdataD_0040bac5	switchD_0040b687	ANALYSIS	true	false	false
0040baf5	Function	FUN_0040baf5	FUN_0040baf5	Global	DEFAULT	true	false	false
0040bb31	Function	FUN_0040bb31	FUN_0040bb31	Global	DEFAULT	true	false	false
0040bdc4	Function	FUN_0040bdc4	FUN_0040bdc4	Global	DEFAULT	true	false	false
0040be21	Function	FUN_0040be21	FUN_0040be21	Global	DEFAULT	true	false	false
0040bea4	Function	__freebuf	__freebuf	Global	ANALYSIS	true	false	false
0040bf60	Function	FUN_0040bf60	FUN_0040bf60	Global	DEFAULT	true	false	false
0040c2ae	Function	___free_lc_time	___free_lc_time	Global	ANALYSIS	true	false	false
0040c613	Function	FUN_0040c613	FUN_0040c613	Global	DEFAULT	true	false	false
0040c715	Function	FUN_0040c715	FUN_0040c715	Global	DEFAULT	true	false	false
0040c837	Function	FUN_0040c837	FUN_0040c837	Global	DEFAULT	true	false	false
0040c86e	Function	FUN_0040c86e	FUN_0040c86e	Global	DEFAULT	true	false	false
0040c8bc	Function	FUN_0040c8bc	FUN_0040c8bc	Global	DEFAULT	true	false	false
0040cb10	Function	FUN_0040cb10	FUN_0040cb10	Global	DEFAULT	true	false	false
0040cb50	Function	FUN_0040cb50	FUN_0040cb50	Global	DEFAULT	true	false	false
0040cb8a	Function	FUN_0040cb8a	FUN_0040cb8a	Global	DEFAULT	true	false	false
0040cd07	Function	FUN_0040cd07	FUN_0040cd07	Global	DEFAULT	true	false	false
0040cd5f	Function	FUN_0040cd5f	FUN_0040cd5f	Global	DEFAULT	true	false	false
0040cde6	Function	FUN_0040cde6	FUN_0040cde6	Global	DEFAULT	true	false	false
0040cfea	Function	FUN_0040cfea	FUN_0040cfea	Global	DEFAULT	true	false	false
0040d040	Function	FUN_0040d040	FUN_0040d040	Global	DEFAULT	true	false	false
0040d0fd	Function	FUN_0040d0fd	FUN_0040d0fd	Global	DEFAULT	true	false	false
0040d134	Function	FUN_0040d134	FUN_0040d134	Global	DEFAULT	true	false	false
0040d1ba	Function	FUN_0040d1ba	FUN_0040d1ba	Global	DEFAULT	true	false	false
0040d1d4	Function	FUN_0040d1d4	FUN_0040d1d4	Global	DEFAULT	true	false	false
0040d23a	Function	FUN_0040d23a	FUN_0040d23a	Global	DEFAULT	true	false	false
0040d259	Function	FUN_0040d259	FUN_0040d259	Global	DEFAULT	true	false	false
0040d2bb	Function	FUN_0040d2bb	FUN_0040d2bb	Global	DEFAULT	true	false	false
0040d2f1	Function	FUN_0040d2f1	FUN_0040d2f1	Global	DEFAULT	true	false	false
0040d3d7	Function	FUN_0040d3d7	FUN_0040d3d7	Global	DEFAULT	true	false	false
0040d410	Function	FUN_0040d410	FUN_0040d410	Global	DEFAULT	true	false	false
0040d431	Function	FUN_0040d431	FUN_0040d431	Global	DEFAULT	true	false	false
0040d651	Function	FUN_0040d651	FUN_0040d651	Global	DEFAULT	true	false	false
0040d6cd	Function	FUN_0040d6cd	FUN_0040d6cd	Global	DEFAULT	true	false	false
0040d75c	Function	FUN_0040d75c	FUN_0040d75c	Global	DEFAULT	true	false	false
0040d7f1	Function	FUN_0040d7f1	FUN_0040d7f1	Global	DEFAULT	true	false	false
0040da23	Function	FUN_0040da23	FUN_0040da23	Global	DEFAULT	true	false	false
0040da3e	Function	FUN_0040da3e	FUN_0040da3e	Global	DEFAULT	true	false	false
0040db38	Function	FUN_0040db38	FUN_0040db38	Global	DEFAULT	true	false	false
0040df27	Function	FUN_0040df27	FUN_0040df27	Global	DEFAULT	true	false	false
0040df4e	Function	FUN_0040df4e	FUN_0040df4e	Global	DEFAULT	true	false	false
0040dfbd	Function	FUN_0040dfbd	FUN_0040dfbd	Global	DEFAULT	true	false	false
0040e006	Function	FUN_0040e006	FUN_0040e006	Global	DEFAULT	true	false	false
0040e2d5	Function	FUN_0040e2d5	FUN_0040e2d5	Global	DEFAULT	true	false	false
0040e413	Function	FUN_0040e413	FUN_0040e413	Global	DEFAULT	true	false	false
0040e5d8	Function	FUN_0040e5d8	FUN_0040e5d8	Global	DEFAULT	true	false	false
0040e605	Function	FUN_0040e605	FUN_0040e605	Global	DEFAULT	true	false	false
0040e661	Function	FUN_0040e661	FUN_0040e661	Global	DEFAULT	true	false	false
0040e6a6	Function	FUN_0040e6a6	FUN_0040e6a6	Global	DEFAULT	true	false	false
0040e6d7	Function	FUN_0040e6d7	FUN_0040e6d7	Global	DEFAULT	true	false	false
0040e75d	Function	FUN_0040e75d	FUN_0040e75d	Global	DEFAULT	true	false	false
0040e780	Function	FUN_0040e780	FUN_0040e780	Global	DEFAULT	true	false	false
0040e850	Function	FUN_0040e850	FUN_0040e850	Global	DEFAULT	true	false	false
0040e951	Function	FUN_0040e951	FUN_0040e951	Global	DEFAULT	true	false	false
0040eaa1	Function	FUN_0040eaa1	FUN_0040eaa1	Global	DEFAULT	true	false	false
0040eae5	Function	FUN_0040eae5	FUN_0040eae5	Global	DEFAULT	true	false	false
0040ed6c	Function	FUN_0040ed6c	FUN_0040ed6c	Global	DEFAULT	true	false	false
0040ed8d	Function	FUN_0040ed8d	FUN_0040ed8d	Global	DEFAULT	true	false	false
0040ef39	Function	FUN_0040ef39	FUN_0040ef39	Global	DEFAULT	true	false	false
0040f079	Function	FUN_0040f079	FUN_0040f079	Global	DEFAULT	true	false	false
0040f18c	Function	FUN_0040f18c	FUN_0040f18c	Global	DEFAULT	true	false	false
0040f2b0	Function	__allmul	__allmul	Global	ANALYSIS	true	false	false
0040f2e4	Function	FUN_0040f2e4	FUN_0040f2e4	Global	DEFAULT	true	false	false
0040f305	Function	FUN_0040f305	FUN_0040f305	Global	DEFAULT	true	false	false
0040f382	Function	__mbsnbicoll	__mbsnbicoll	Global	ANALYSIS	true	false	false
0040f3c1	Function	FUN_0040f3c1	FUN_0040f3c1	Global	DEFAULT	true	false	false
0040f42f	Function	FUN_0040f42f	FUN_0040f42f	Global	DEFAULT	true	false	false
0040f6ac	Function	FUN_0040f6ac	FUN_0040f6ac	Global	DEFAULT	true	false	false
0040f6d7	Function	FUN_0040f6d7	FUN_0040f6d7	Global	DEFAULT	true	false	false
0040f85e	Function	FUN_0040f85e	FUN_0040f85e	Global	DEFAULT	true	false	false
0040f8b6	Function	FUN_0040f8b6	FUN_0040f8b6	Global	DEFAULT	true	false	false
0040f91d	Function	FUN_0040f91d	FUN_0040f91d	Global	DEFAULT	true	false	false
0040faa8	Function	FUN_0040faa8	FUN_0040faa8	Global	DEFAULT	true	false	false
0040fbf6	Function	FUN_0040fbf6	FUN_0040fbf6	Global	DEFAULT	true	false	false
0040fc4c	Function	FUN_0040fc4c	FUN_0040fc4c	Global	DEFAULT	true	false	false
0040fce3	Function	FUN_0040fce3	FUN_0040fce3	Global	DEFAULT	true	false	false
0040fd10	Function	FUN_0040fd10	FUN_0040fd10	Global	DEFAULT	true	false	false
0040fd30	Function	FUN_0040fd30	FUN_0040fd30	Global	DEFAULT	true	false	false
0040fd70	Function	FUN_0040fd70	FUN_0040fd70	Global	DEFAULT	true	false	false
0040fea0	Function	FUN_0040fea0	FUN_0040fea0	Global	DEFAULT	true	false	false
0040ff00	Function	FUN_0040ff00	FUN_0040ff00	Global	DEFAULT	true	false	false
0040ffa0	Function	FUN_0040ffa0	FUN_0040ffa0	Global	DEFAULT	true	false	false
0040fff0	Function	FUN_0040fff0	FUN_0040fff0	Global	DEFAULT	true	false	false
00410040	Function	FUN_00410040	FUN_00410040	Global	DEFAULT	true	false	false
00410080	Function	FUN_00410080	FUN_00410080	Global	DEFAULT	true	false	false
00410090	Function	FUN_00410090	FUN_00410090	Global	DEFAULT	true	false	false
004100e0	Function	FUN_004100e0	FUN_004100e0	Global	DEFAULT	true	false	false
00410160	Function	FUN_00410160	FUN_00410160	Global	DEFAULT	true	false	false
004101b0	Function	FUN_004101b0	FUN_004101b0	Global	DEFAULT	true	false	false
00410200	Function	FUN_00410200	FUN_00410200	Global	DEFAULT	true	false	false
00410220	Function	FUN_00410220	FUN_00410220	Global	DEFAULT	true	false	false
00410250	Function	FUN_00410250	FUN_00410250	Global	DEFAULT	true	false	false
004102f0	Function	FUN_004102f0	FUN_004102f0	Global	DEFAULT	true	false	false
00410300	Function	FUN_00410300	FUN_00410300	Global	DEFAULT	true	false	false
00410310	Function	FUN_00410310	FUN_00410310	Global	DEFAULT	true	false	false
00410320	Function	FUN_00410320	FUN_00410320	Global	DEFAULT	true	false	false
004103d0	Function	FUN_004103d0	FUN_004103d0	Global	DEFAULT	true	false	false
004104c0	Function	FUN_004104c0	FUN_004104c0	Global	DEFAULT	true	false	false
00410530	Function	FUN_00410530	FUN_00410530	Global	DEFAULT	true	false	false
004105a0	Function	FUN_004105a0	FUN_004105a0	Global	DEFAULT	true	false	false
004105d0	Function	FUN_004105d0	FUN_004105d0	Global	DEFAULT	true	false	false
00410600	Function	FUN_00410600	FUN_00410600	Global	DEFAULT	true	false	false
00410630	Function	FUN_00410630	FUN_00410630	Global	DEFAULT	true	false	false
004106c0	Function	FUN_004106c0	FUN_004106c0	Global	DEFAULT	true	false	false
004106f0	Function	FUN_004106f0	FUN_004106f0	Global	DEFAULT	true	false	false
00410750	Function	FUN_00410750	FUN_00410750	Global	DEFAULT	true	false	false
004107d0	Function	FUN_004107d0	FUN_004107d0	Global	DEFAULT	true	false	false
00410800	Function	FUN_00410800	FUN_00410800	Global	DEFAULT	true	false	false
00410830	Function	FUN_00410830	FUN_00410830	Global	DEFAULT	true	false	false
00410840	Function	FUN_00410840	FUN_00410840	Global	DEFAULT	true	false	false
00410850	Function	FUN_00410850	FUN_00410850	Global	DEFAULT	true	false	false
00410870	Function	FUN_00410870	FUN_00410870	Global	DEFAULT	true	false	false
00410db0	Function	FUN_00410db0	FUN_00410db0	Global	DEFAULT	true	false	false
00410f90	Function	FUN_00410f90	FUN_00410f90	Global	DEFAULT	true	false	false
00411030	Function	FUN_00411030	FUN_00411030	Global	DEFAULT	true	false	false
00411380	Function	FUN_00411380	FUN_00411380	Global	DEFAULT	true	false	false
00411670	Function	FUN_00411670	FUN_00411670	Global	DEFAULT	true	false	false
00411690	Function	FUN_00411690	FUN_00411690	Global	DEFAULT	true	false	false
004116a0	Function	FUN_004116a0	FUN_004116a0	Global	DEFAULT	true	false	false
004116d0	Function	FUN_004116d0	FUN_004116d0	Global	DEFAULT	true	false	false
004116f0	Function	FUN_004116f0	FUN_004116f0	Global	DEFAULT	true	false	false
004117a0	Function	FUN_004117a0	FUN_004117a0	Global	DEFAULT	true	false	false
00411840	Function	FUN_00411840	FUN_00411840	Global	DEFAULT	true	false	false
00411970	Function	FUN_00411970	FUN_00411970	Global	DEFAULT	true	false	false
004119b0	Function	FUN_004119b0	FUN_004119b0	Global	DEFAULT	true	false	false
00411af0	Function	FUN_00411af0	FUN_00411af0	Global	DEFAULT	true	false	false
00411b40	Function	FUN_00411b40	FUN_00411b40	Global	DEFAULT	true	false	false
00411d20	Function	FUN_00411d20	FUN_00411d20	Global	DEFAULT	true	false	false
00411e10	Function	FUN_00411e10	FUN_00411e10	Global	DEFAULT	true	false	false
00411e1c	Label	switchD	switchD_00411e1c::switchD	switchD_00411e1c	ANALYSIS	true	false	false
00411e23	Label	caseD_0	switchD_00411e1c::caseD_0	switchD_00411e1c	ANALYSIS	true	false	false
00411e29	Label	caseD_1	switchD_00411e1c::caseD_1	switchD_00411e1c	ANALYSIS	true	false	false
00411e2f	Label	caseD_2	switchD_00411e1c::caseD_2	switchD_00411e1c	ANALYSIS	true	false	false
00411e35	Label	caseD_3	switchD_00411e1c::caseD_3	switchD_00411e1c	ANALYSIS	true	false	false
00411e3b	Label	caseD_4	switchD_00411e1c::caseD_4	switchD_00411e1c	ANALYSIS	true	false	false
00411e41	Label	caseD_ffffffff	switchD_00411e1c::caseD_ffffffff	switchD_00411e1c	ANALYSIS	true	false	false
00411e47	Label	caseD_fffffffe	switchD_00411e1c::caseD_fffffffe	switchD_00411e1c	ANALYSIS	true	false	false
00411e4d	Label	caseD_fffffffd	switchD_00411e1c::caseD_fffffffd	switchD_00411e1c	ANALYSIS	true	false	false
00411e53	Label	caseD_fffffffc	switchD_00411e1c::caseD_fffffffc	switchD_00411e1c	ANALYSIS	true	false	false
00411e59	Label	caseD_fffffffb	switchD_00411e1c::caseD_fffffffb	switchD_00411e1c	ANALYSIS	true	false	false
00411e5f	Label	caseD_fffffffa	switchD_00411e1c::caseD_fffffffa	switchD_00411e1c	ANALYSIS	true	false	false
00411e65	Label	caseD_fffffff9	switchD_00411e1c::caseD_fffffff9	switchD_00411e1c	ANALYSIS	true	false	false
00411e6b	Label	caseD_fffffff8	switchD_00411e1c::caseD_fffffff8	switchD_00411e1c	ANALYSIS	true	false	false
00411e71	Label	caseD_fffffff7	switchD_00411e1c::caseD_fffffff7	switchD_00411e1c	ANALYSIS	true	false	false
00411e77	Label	default	switchD_00411e1c::default	switchD_00411e1c	ANALYSIS	true	false	false
00411e80	Label	switchdataD_00411e80	switchD_00411e1c::switchdataD_00411e80	switchD_00411e1c	ANALYSIS	true	false	false
00411ec0	Function	FUN_00411ec0	FUN_00411ec0	Global	DEFAULT	true	false	false
00411f10	Function	FUN_00411f10	FUN_00411f10	Global	DEFAULT	true	false	false
00411f80	Function	FUN_00411f80	FUN_00411f80	Global	DEFAULT	true	false	false
00411fa0	Function	FUN_00411fa0	FUN_00411fa0	Global	DEFAULT	true	false	false
004120d0	Function	FUN_004120d0	FUN_004120d0	Global	DEFAULT	true	false	false
00412100	Function	FUN_00412100	FUN_00412100	Global	DEFAULT	true	false	false
00412190	Function	FUN_00412190	FUN_00412190	Global	DEFAULT	true	false	false
004121f0	Function	FUN_004121f0	FUN_004121f0	Global	DEFAULT	true	false	false
00412240	Function	FUN_00412240	FUN_00412240	Global	DEFAULT	true	false	false
00412480	Function	FUN_00412480	FUN_00412480	Global	DEFAULT	true	false	false
00412520	Function	FUN_00412520	FUN_00412520	Global	DEFAULT	true	false	false
004126f0	Function	FUN_004126f0	FUN_004126f0	Global	DEFAULT	true	false	false
00412880	Function	FUN_00412880	FUN_00412880	Global	DEFAULT	true	false	false
004128f0	Function	FUN_004128f0	FUN_004128f0	Global	DEFAULT	true	false	false
004129b0	Function	FUN_004129b0	FUN_004129b0	Global	DEFAULT	true	false	false
00412a20	Function	FUN_00412a20	FUN_00412a20	Global	DEFAULT	true	false	false
00412ae0	Function	FUN_00412ae0	FUN_00412ae0	Global	DEFAULT	true	false	false
00412b70	Function	FUN_00412b70	FUN_00412b70	Global	DEFAULT	true	false	false
00412bf0	Function	FUN_00412bf0	FUN_00412bf0	Global	DEFAULT	true	false	false
00412cb0	Function	FUN_00412cb0	FUN_00412cb0	Global	DEFAULT	true	false	false
00412d50	Function	FUN_00412d50	FUN_00412d50	Global	DEFAULT	true	false	false
00412d90	Function	FUN_00412d90	FUN_00412d90	Global	DEFAULT	true	false	false
00412de0	Function	FUN_00412de0	FUN_00412de0	Global	DEFAULT	true	false	false
00412e00	Function	FUN_00412e00	FUN_00412e00	Global	DEFAULT	true	false	false
00412e70	Function	FUN_00412e70	FUN_00412e70	Global	DEFAULT	true	false	false
00412f70	Function	FUN_00412f70	FUN_00412f70	Global	DEFAULT	true	false	false
00412f90	Function	FUN_00412f90	FUN_00412f90	Global	DEFAULT	true	false	false
004131b0	Function	FUN_004131b0	FUN_004131b0	Global	DEFAULT	true	false	false
004131f0	Function	FUN_004131f0	FUN_004131f0	Global	DEFAULT	true	false	false
00413200	Function	FUN_00413200	FUN_00413200	Global	DEFAULT	true	false	false
00413260	Function	FUN_00413260	FUN_00413260	Global	DEFAULT	true	false	false
00413290	Function	FUN_00413290	FUN_00413290	Global	DEFAULT	true	false	false
004132e0	Function	FUN_004132e0	FUN_004132e0	Global	DEFAULT	true	false	false
00413340	Function	FUN_00413340	FUN_00413340	Global	DEFAULT	true	false	false
00413350	Function	FUN_00413350	FUN_00413350	Global	DEFAULT	true	false	false
00413360	Function	FUN_00413360	FUN_00413360	Global	DEFAULT	true	false	false
004133b0	Function	FUN_004133b0	FUN_004133b0	Global	DEFAULT	true	false	false
00413460	Function	FUN_00413460	FUN_00413460	Global	DEFAULT	true	false	false
00413650	Function	FUN_00413650	FUN_00413650	Global	DEFAULT	true	false	false
00413670	Function	FUN_00413670	FUN_00413670	Global	DEFAULT	true	false	false
004136f0	Function	FUN_004136f0	FUN_004136f0	Global	DEFAULT	true	false	false
004137d0	Function	FUN_004137d0	FUN_004137d0	Global	DEFAULT	true	false	false
00413860	Function	FUN_00413860	FUN_00413860	Global	DEFAULT	true	false	false
00413934	Function	RtlUnwind	KERNEL32.DLL::RtlUnwind	KERNEL32.DLL	DEFAULT	true	false	false
00413ab4	Function	FUN_00413ab4	FUN_00413ab4	Global	DEFAULT	true	false	false
00413ade	Function	FUN_00413ade	FUN_00413ade	Global	DEFAULT	true	false	false
00413ae9	Function	FUN_00413ae9	FUN_00413ae9	Global	DEFAULT	true	false	false
00413b39	Function	FUN_00413b39	FUN_00413b39	Global	DEFAULT	true	false	false
00413b74	Function	FUN_00413b74	FUN_00413b74	Global	DEFAULT	true	false	false
00413ba5	Function	FUN_00413ba5	FUN_00413ba5	Global	DEFAULT	true	false	false
00413bc1	Function	FUN_00413bc1	FUN_00413bc1	Global	DEFAULT	true	false	false
00413c3f	Function	FUN_00413c3f	FUN_00413c3f	Global	DEFAULT	true	false	false
00413c80	Function	FUN_00413c80	FUN_00413c80	Global	DEFAULT	true	false	false
00413cae	Function	FUN_00413cae	FUN_00413cae	Global	DEFAULT	true	false	false
00413e0e	Function	FUN_00413e0e	FUN_00413e0e	Global	DEFAULT	true	false	false
00413eea	Function	FUN_00413eea	FUN_00413eea	Global	DEFAULT	true	false	false
00413f3a	Function	FUN_00413f3a	FUN_00413f3a	Global	DEFAULT	true	false	false
00413f51	Function	FUN_00413f51	FUN_00413f51	Global	DEFAULT	true	false	false
00413f85	Function	FUN_00413f85	FUN_00413f85	Global	DEFAULT	true	false	false
00413fe7	Function	FUN_00413fe7	FUN_00413fe7	Global	DEFAULT	true	false	false
00414016	Function	FUN_00414016	FUN_00414016	Global	DEFAULT	true	false	false
00414120	Function	FUN_00414120	FUN_00414120	Global	DEFAULT	true	false	false
00414188	Function	FUN_00414188	FUN_00414188	Global	DEFAULT	true	false	false
004141a0	Function	FUN_004141a0	FUN_004141a0	Global	DEFAULT	true	false	false
00414214	Function	FUN_00414214	FUN_00414214	Global	DEFAULT	true	false	false
0041427e	Function	FUN_0041427e	FUN_0041427e	Global	DEFAULT	true	false	false
00414296	Function	FUN_00414296	FUN_00414296	Global	DEFAULT	true	false	false
00414406	Function	FUN_00414406	FUN_00414406	Global	DEFAULT	true	false	false
004144ce	Function	FUN_004144ce	FUN_004144ce	Global	DEFAULT	true	false	false
00414538	Function	FUN_00414538	FUN_00414538	Global	DEFAULT	true	false	false
004145b3	Function	FUN_004145b3	FUN_004145b3	Global	DEFAULT	true	false	false
004145bc	Function	FUN_004145bc	FUN_004145bc	Global	DEFAULT	true	false	false
004146c6	Function	FUN_004146c6	FUN_004146c6	Global	DEFAULT	true	false	false
00414788	Function	FUN_00414788	FUN_00414788	Global	DEFAULT	true	false	false
004148ed	Function	FUN_004148ed	FUN_004148ed	Global	DEFAULT	true	false	false
00415312	Function	FUN_00415312	FUN_00415312	Global	DEFAULT	true	false	false
00415349	Function	FUN_00415349	FUN_00415349	Global	DEFAULT	true	false	false
00415363	Function	FUN_00415363	FUN_00415363	Global	DEFAULT	true	false	false
0041537a	Function	FUN_0041537a	FUN_0041537a	Global	DEFAULT	true	false	false
0041539e	Function	FUN_0041539e	FUN_0041539e	Global	DEFAULT	true	false	false
00415491	Function	FUN_00415491	FUN_00415491	Global	DEFAULT	true	false	false
00415760	Function	FUN_00415760	FUN_00415760	Global	DEFAULT	true	false	false
004157d2	Function	FUN_004157d2	FUN_004157d2	Global	DEFAULT	true	false	false
00415846	Function	FUN_00415846	FUN_00415846	Global	DEFAULT	true	false	false
0041598f	Function	FUN_0041598f	FUN_0041598f	Global	DEFAULT	true	false	false
004159e0	Function	FUN_004159e0	FUN_004159e0	Global	DEFAULT	true	false	false
00415a3d	Function	FUN_00415a3d	FUN_00415a3d	Global	DEFAULT	true	false	false
00415b10	Function	__allshl	__allshl	Global	ANALYSIS	true	false	false
00415b2f	Function	FUN_00415b2f	FUN_00415b2f	Global	DEFAULT	true	false	false
00415b58	Function	FUN_00415b58	FUN_00415b58	Global	DEFAULT	true	false	false
00415bc6	Function	FUN_00415bc6	FUN_00415bc6	Global	DEFAULT	true	false	false
00415c2b	Function	FUN_00415c2b	FUN_00415c2b	Global	DEFAULT	true	false	false
00415e04	Function	FUN_00415e04	FUN_00415e04	Global	DEFAULT	true	false	false
00415e5d	Function	FUN_00415e5d	FUN_00415e5d	Global	DEFAULT	true	false	false
00415f90	Function	_strrchr	_strrchr	Global	ANALYSIS	true	false	false
00415fb7	Function	FUN_00415fb7	FUN_00415fb7	Global	DEFAULT	true	false	false
004161a0	Function	FUN_004161a0	FUN_004161a0	Global	DEFAULT	true	false	false
004163a6	Function	FUN_004163a6	FUN_004163a6	Global	DEFAULT	true	false	false
004163ff	Function	FUN_004163ff	FUN_004163ff	Global	DEFAULT	true	false	false
00416460	Function	FUN_00416460	FUN_00416460	Global	DEFAULT	true	false	false
0041649d	Function	FUN_0041649d	FUN_0041649d	Global	DEFAULT	true	false	false
00416633	Function	FUN_00416633	FUN_00416633	Global	DEFAULT	true	false	false
00416637	Function	FUN_00416637	FUN_00416637	Global	DEFAULT	true	false	false
00416648	Function	FUN_00416648	FUN_00416648	Global	DEFAULT	true	false	false
0041665a	Function	FUN_0041665a	FUN_0041665a	Global	DEFAULT	true	false	false
00416681	Function	FUN_00416681	FUN_00416681	Global	DEFAULT	true	false	false
00416691	Function	FUN_00416691	FUN_00416691	Global	DEFAULT	true	false	false
00416797	Function	FUN_00416797	FUN_00416797	Global	DEFAULT	true	false	false
004167b0	Function	FUN_004167b0	FUN_004167b0	Global	DEFAULT	true	false	false
0041688a	Function	FUN_0041688a	FUN_0041688a	Global	DEFAULT	true	false	false
004168a8	Function	FUN_004168a8	FUN_004168a8	Global	DEFAULT	true	false	false
0041698d	Function	FUN_0041698d	FUN_0041698d	Global	DEFAULT	true	false	false
00416b3c	Function	FUN_00416b3c	FUN_00416b3c	Global	DEFAULT	true	false	false
00416b85	Function	FUN_00416b85	FUN_00416b85	Global	DEFAULT	true	false	false
00416be5	Function	FUN_00416be5	FUN_00416be5	Global	DEFAULT	true	false	false
00416ca3	Function	FUN_00416ca3	FUN_00416ca3	Global	DEFAULT	true	false	false
00416cd0	Function	FUN_00416cd0	FUN_00416cd0	Global	DEFAULT	true	false	false
00416e0d	Function	FUN_00416e0d	FUN_00416e0d	Global	DEFAULT	true	false	false
00417240	Function	FUN_00417240	FUN_00417240	Global	DEFAULT	true	false	false
004177dd	Function	FUN_004177dd	FUN_004177dd	Global	DEFAULT	true	false	false
00417846	Function	FUN_00417846	FUN_00417846	Global	DEFAULT	true	false	false
00417970	Function	FUN_00417970	FUN_00417970	Global	DEFAULT	true	false	false
00417a97	Function	FUN_00417a97	FUN_00417a97	Global	DEFAULT	true	false	false
00417ab6	Function	FUN_00417ab6	FUN_00417ab6	Global	DEFAULT	true	false	false
00417c37	Function	FUN_00417c37	FUN_00417c37	Global	DEFAULT	true	false	false
00417d8c	Function	FUN_00417d8c	FUN_00417d8c	Global	DEFAULT	true	false	false
00417de6	Function	FUN_00417de6	FUN_00417de6	Global	DEFAULT	true	false	false
00417f63	Function	FUN_00417f63	FUN_00417f63	Global	DEFAULT	true	false	false
00417f84	Function	FUN_00417f84	FUN_00417f84	Global	DEFAULT	true	false	false
00418002	Function	FUN_00418002	FUN_00418002	Global	DEFAULT	true	false	false
004180cd	Function	FUN_004180cd	FUN_004180cd	Global	DEFAULT	true	false	false
0041817b	Function	FUN_0041817b	FUN_0041817b	Global	DEFAULT	true	false	false
00418198	Function	FUN_00418198	FUN_00418198	Global	DEFAULT	true	false	false
00418341	Function	FUN_00418341	FUN_00418341	Global	DEFAULT	true	false	false
00418377	Function	FUN_00418377	FUN_00418377	Global	DEFAULT	true	false	false
004183a3	Function	FUN_004183a3	FUN_004183a3	Global	DEFAULT	true	false	false
00418428	Function	FUN_00418428	FUN_00418428	Global	DEFAULT	true	false	false
0041843b	Function	FUN_0041843b	FUN_0041843b	Global	DEFAULT	true	false	false
004185cb	Function	FUN_004185cb	FUN_004185cb	Global	DEFAULT	true	false	false
00418607	Function	FUN_00418607	FUN_00418607	Global	DEFAULT	true	false	false
00418663	Function	FUN_00418663	FUN_00418663	Global	DEFAULT	true	false	false
004186ac	Function	FUN_004186ac	FUN_004186ac	Global	DEFAULT	true	false	false
004186c1	Function	FUN_004186c1	FUN_004186c1	Global	DEFAULT	true	false	false
00418863	Function	FUN_00418863	FUN_00418863	Global	DEFAULT	true	false	false
0041888b	Function	FUN_0041888b	FUN_0041888b	Global	DEFAULT	true	false	false
0041a1b7	Function	FUN_0041a1b7	FUN_0041a1b7	Global	DEFAULT	true	false	false
0041a348	Label	switchD	switchD_0041a348::switchD	switchD_0041a348	ANALYSIS	true	false	false
0041a34f	Label	caseD_a	switchD_0041a348::caseD_a	switchD_0041a348	ANALYSIS	true	false	false
0041a3bb	Label	caseD_b	switchD_0041a348::caseD_b	switchD_0041a348	ANALYSIS	true	false	false
0041a41f	Label	caseD_c	switchD_0041a348::caseD_c	switchD_0041a348	ANALYSIS	true	false	false
0041a487	Label	caseD_d	switchD_0041a348::caseD_d	switchD_0041a348	ANALYSIS	true	false	false
0041a567	Label	caseD_e	switchD_0041a348::caseD_e	switchD_0041a348	ANALYSIS	true	false	false
0041a5da	Label	caseD_f	switchD_0041a348::caseD_f	switchD_0041a348	ANALYSIS	true	false	false
0041a63e	Label	caseD_10	switchD_0041a348::caseD_10	switchD_0041a348	ANALYSIS	true	false	false
0041a6a6	Label	caseD_11	switchD_0041a348::caseD_11	switchD_0041a348	ANALYSIS	true	false	false
0041a70e	Label	caseD_12	switchD_0041a348::caseD_12	switchD_0041a348	ANALYSIS	true	false	false
0041a776	Label	caseD_13	switchD_0041a348::caseD_13	switchD_0041a348	ANALYSIS	true	false	false
0041a803	Label	caseD_14	switchD_0041a348::caseD_14	switchD_0041a348	ANALYSIS	true	false	false
0041a879	Label	caseD_15	switchD_0041a348::caseD_15	switchD_0041a348	ANALYSIS	true	false	false
0041a8ef	Label	caseD_16	switchD_0041a348::caseD_16	switchD_0041a348	ANALYSIS	true	false	false
0041a965	Label	caseD_17	switchD_0041a348::caseD_17	switchD_0041a348	ANALYSIS	true	false	false
0041a9db	Label	caseD_18	switchD_0041a348::caseD_18	switchD_0041a348	ANALYSIS	true	false	false
0041aa3e	Label	caseD_19	switchD_0041a348::caseD_19	switchD_0041a348	ANALYSIS	true	false	false
0041aaac	Label	caseD_1a	switchD_0041a348::caseD_1a	switchD_0041a348	ANALYSIS	true	false	false
0041ab1a	Label	caseD_1b	switchD_0041a348::caseD_1b	switchD_0041a348	ANALYSIS	true	false	false
0041aba8	Label	caseD_1c	switchD_0041a348::caseD_1c	switchD_0041a348	ANALYSIS	true	false	false
0041ac38	Label	caseD_1d	switchD_0041a348::caseD_1d	switchD_0041a348	ANALYSIS	true	false	false
0041ace8	Label	caseD_1e	switchD_0041a348::caseD_1e	switchD_0041a348	ANALYSIS	true	false	false
0041ad5b	Label	caseD_1f	switchD_0041a348::caseD_1f	switchD_0041a348	ANALYSIS	true	false	false
0041adcf	Label	caseD_20	switchD_0041a348::caseD_20	switchD_0041a348	ANALYSIS	true	false	false
0041aec5	Label	caseD_23	switchD_0041a348::caseD_23	switchD_0041a348	ANALYSIS	true	false	false
0041af41	Label	caseD_22	switchD_0041a348::caseD_22	switchD_0041a348	ANALYSIS	true	false	false
0041afd5	Label	caseD_21	switchD_0041a348::caseD_21	switchD_0041a348	ANALYSIS	true	false	false
0041b183	Label	caseD_24	switchD_0041a348::caseD_24	switchD_0041a348	ANALYSIS	true	false	false
0041b1ee	Label	caseD_25	switchD_0041a348::caseD_25	switchD_0041a348	ANALYSIS	true	false	false
0041b282	Label	caseD_29	switchD_0041a348::caseD_29	switchD_0041a348	ANALYSIS	true	false	false
0041b570	Label	caseD_28	switchD_0041a348::caseD_28	switchD_0041a348	ANALYSIS	true	false	false
0041b66d	Label	caseD_26	switchD_0041a348::caseD_26	switchD_0041a348	ANALYSIS	true	false	false
0041b6ee	Label	caseD_27	switchD_0041a348::caseD_27	switchD_0041a348	ANALYSIS	true	false	false
0041bb72	Label	caseD_2a	switchD_0041a348::caseD_2a	switchD_0041a348	ANALYSIS	true	false	false
0041bbda	Label	caseD_2b	switchD_0041a348::caseD_2b	switchD_0041a348	ANALYSIS	true	false	false
0041bc42	Label	caseD_2c	switchD_0041a348::caseD_2c	switchD_0041a348	ANALYSIS	true	false	false
0041bcaa	Label	caseD_2d	switchD_0041a348::caseD_2d	switchD_0041a348	ANALYSIS	true	false	false
0041bd12	Label	caseD_2e	switchD_0041a348::caseD_2e	switchD_0041a348	ANALYSIS	true	false	false
0041bd80	Label	caseD_2f	switchD_0041a348::caseD_2f	switchD_0041a348	ANALYSIS	true	false	false
0041bdf6	Label	caseD_30	switchD_0041a348::caseD_30	switchD_0041a348	ANALYSIS	true	false	false
0041be6c	Label	caseD_31	switchD_0041a348::caseD_31	switchD_0041a348	ANALYSIS	true	false	false
0041bee2	Label	caseD_32	switchD_0041a348::caseD_32	switchD_0041a348	ANALYSIS	true	false	false
0041bf61	Label	default	switchD_0041a348::default	switchD_0041a348	ANALYSIS	true	false	false
0041c057	Label	switchdataD_0041c057	switchD_0041a348::switchdataD_0041c057	switchD_0041a348	ANALYSIS	true	false	false
0041c0fb	Function	FUN_0041c0fb	FUN_0041c0fb	Global	DEFAULT	true	false	false
0041c12f	Function	FUN_0041c12f	FUN_0041c12f	Global	DEFAULT	true	false	false
0041c253	Function	FUN_0041c253	FUN_0041c253	Global	DEFAULT	true	false	false
0041c5a8	Function	FUN_0041c5a8	FUN_0041c5a8	Global	DEFAULT	true	false	false
0041c80f	Function	FUN_0041c80f	FUN_0041c80f	Global	DEFAULT	true	false	false
0041c8e6	Function	FUN_0041c8e6	FUN_0041c8e6	Global	DEFAULT	true	false	false
0041cf29	Function	FUN_0041cf29	FUN_0041cf29	Global	DEFAULT	true	false	false
0041d2af	Function	FUN_0041d2af	FUN_0041d2af	Global	DEFAULT	true	false	false
0041d520	Function	FUN_0041d520	FUN_0041d520	Global	DEFAULT	true	false	false
0041d79f	Function	FUN_0041d79f	FUN_0041d79f	Global	DEFAULT	true	false	false
0041d7c2	Function	FUN_0041d7c2	FUN_0041d7c2	Global	DEFAULT	true	false	false
0041daff	Function	FUN_0041daff	FUN_0041daff	Global	DEFAULT	true	false	false
0041db3b	Function	FUN_0041db3b	FUN_0041db3b	Global	DEFAULT	true	false	false
0041dc60	Function	FUN_0041dc60	FUN_0041dc60	Global	DEFAULT	true	false	false
0041dcc5	Label	switchD	switchD_0041dcc5::switchD	switchD_0041dcc5	ANALYSIS	true	false	false
0041dccc	Label	caseD_0	switchD_0041dcc5::caseD_0	switchD_0041dcc5	ANALYSIS	true	false	false
0041dcd5	Label	caseD_1	switchD_0041dcc5::caseD_1	switchD_0041dcc5	ANALYSIS	true	false	false
0041dcdc	Label	caseD_2	switchD_0041dcc5::caseD_2	switchD_0041dcc5	ANALYSIS	true	false	false
0041dce6	Label	caseD_3	switchD_0041dcc5::caseD_3	switchD_0041dcc5	ANALYSIS	true	false	false
0041dcf0	Label	default	switchD_0041dcc5::default	switchD_0041dcc5	ANALYSIS	true	false	false
0041de3e	Label	switchD	switchD_0041de3e::switchD	switchD_0041de3e	ANALYSIS	true	false	false
0041de45	Label	caseD_0	switchD_0041de3e::caseD_0	switchD_0041de3e	ANALYSIS	true	false	false
0041de50	Label	caseD_1	switchD_0041de3e::caseD_1	switchD_0041de3e	ANALYSIS	true	false	false
0041de57	Label	caseD_2	switchD_0041de3e::caseD_2	switchD_0041de3e	ANALYSIS	true	false	false
0041de61	Label	caseD_3	switchD_0041de3e::caseD_3	switchD_0041de3e	ANALYSIS	true	false	false
0041de6b	Label	default	switchD_0041de3e::default	switchD_0041de3e	ANALYSIS	true	false	false
0041dee4	Label	switchdataD_0041dee4	switchD_0041dcc5::switchdataD_0041dee4	switchD_0041dcc5	ANALYSIS	true	false	false
0041def4	Label	switchdataD_0041def4	switchD_0041de3e::switchdataD_0041def4	switchD_0041de3e	ANALYSIS	true	false	false
0041df40	Function	FUN_0041df40	FUN_0041df40	Global	DEFAULT	true	false	false
0041df69	Label	switchD	switchD_0041df69::switchD	switchD_0041df69	ANALYSIS	true	false	false
0041df70	Label	caseD_0	switchD_0041df69::caseD_0	switchD_0041df69	ANALYSIS	true	false	false
0041df81	Label	caseD_1	switchD_0041df69::caseD_1	switchD_0041df69	ANALYSIS	true	false	false
0041df89	Label	caseD_2	switchD_0041df69::caseD_2	switchD_0041df69	ANALYSIS	true	false	false
0041df94	Label	caseD_3	switchD_0041df69::caseD_3	switchD_0041df69	ANALYSIS	true	false	false
0041e06c	Label	switchdataD_0041e06c	switchD_0041df69::switchdataD_0041e06c	switchD_0041df69	ANALYSIS	true	false	false
0041e080	Function	FUN_0041e080	FUN_0041e080	Global	DEFAULT	true	false	false
0041e0b0	Function	FUN_0041e0b0	FUN_0041e0b0	Global	DEFAULT	true	false	false
0041e7a0	Function	FUN_0041e7a0	FUN_0041e7a0	Global	DEFAULT	true	false	false
0041e7bc	Function	FUN_0041e7bc	FUN_0041e7bc	Global	DEFAULT	true	false	false
0041e7cd	Function	FUN_0041e7cd	FUN_0041e7cd	Global	DEFAULT	true	false	false
0041e896	Function	FUN_0041e896	FUN_0041e896	Global	DEFAULT	true	false	false
0041e93a	Function	FUN_0041e93a	FUN_0041e93a	Global	DEFAULT	true	false	false
0041e94d	Function	FUN_0041e94d	FUN_0041e94d	Global	DEFAULT	true	false	false
0041e95c	Function	FUN_0041e95c	FUN_0041e95c	Global	DEFAULT	true	false	false
0041e990	Label	switchD	switchD_0041e990::switchD	switchD_0041e990	ANALYSIS	true	false	false
0041e997	Label	caseD_2714	switchD_0041e990::caseD_2714	switchD_0041e990	ANALYSIS	true	false	false
0041e9a1	Label	caseD_2719	switchD_0041e990::caseD_2719	switchD_0041e990	ANALYSIS	true	false	false
0041e9ab	Label	caseD_271d	switchD_0041e990::caseD_271d	switchD_0041e990	ANALYSIS	true	false	false
0041e9b5	Label	caseD_271e	switchD_0041e990::caseD_271e	switchD_0041e990	ANALYSIS	true	false	false
0041e9bf	Label	caseD_2726	switchD_0041e990::caseD_2726	switchD_0041e990	ANALYSIS	true	false	false
0041e9c9	Label	caseD_2728	switchD_0041e990::caseD_2728	switchD_0041e990	ANALYSIS	true	false	false
0041e9d3	Label	caseD_2733	switchD_0041e990::caseD_2733	switchD_0041e990	ANALYSIS	true	false	false
0041e9dd	Label	caseD_2734	switchD_0041e990::caseD_2734	switchD_0041e990	ANALYSIS	true	false	false
0041e9e7	Label	caseD_2735	switchD_0041e990::caseD_2735	switchD_0041e990	ANALYSIS	true	false	false
0041e9f1	Label	caseD_2736	switchD_0041e990::caseD_2736	switchD_0041e990	ANALYSIS	true	false	false
0041e9fb	Label	caseD_2737	switchD_0041e990::caseD_2737	switchD_0041e990	ANALYSIS	true	false	false
0041ea05	Label	caseD_2738	switchD_0041e990::caseD_2738	switchD_0041e990	ANALYSIS	true	false	false
0041ea0f	Label	caseD_2739	switchD_0041e990::caseD_2739	switchD_0041e990	ANALYSIS	true	false	false
0041ea19	Label	caseD_273a	switchD_0041e990::caseD_273a	switchD_0041e990	ANALYSIS	true	false	false
0041ea23	Label	caseD_273b	switchD_0041e990::caseD_273b	switchD_0041e990	ANALYSIS	true	false	false
0041ea2d	Label	caseD_273c	switchD_0041e990::caseD_273c	switchD_0041e990	ANALYSIS	true	false	false
0041ea37	Label	caseD_273d	switchD_0041e990::caseD_273d	switchD_0041e990	ANALYSIS	true	false	false
0041ea41	Label	caseD_273e	switchD_0041e990::caseD_273e	switchD_0041e990	ANALYSIS	true	false	false
0041ea4b	Label	caseD_273f	switchD_0041e990::caseD_273f	switchD_0041e990	ANALYSIS	true	false	false
0041ea55	Label	caseD_2740	switchD_0041e990::caseD_2740	switchD_0041e990	ANALYSIS	true	false	false
0041ea5f	Label	caseD_2741	switchD_0041e990::caseD_2741	switchD_0041e990	ANALYSIS	true	false	false
0041ea69	Label	caseD_2742	switchD_0041e990::caseD_2742	switchD_0041e990	ANALYSIS	true	false	false
0041ea73	Label	caseD_2743	switchD_0041e990::caseD_2743	switchD_0041e990	ANALYSIS	true	false	false
0041ea7d	Label	caseD_2744	switchD_0041e990::caseD_2744	switchD_0041e990	ANALYSIS	true	false	false
0041ea87	Label	caseD_2745	switchD_0041e990::caseD_2745	switchD_0041e990	ANALYSIS	true	false	false
0041ea91	Label	caseD_2746	switchD_0041e990::caseD_2746	switchD_0041e990	ANALYSIS	true	false	false
0041ea9b	Label	caseD_2747	switchD_0041e990::caseD_2747	switchD_0041e990	ANALYSIS	true	false	false
0041eaa5	Label	caseD_2748	switchD_0041e990::caseD_2748	switchD_0041e990	ANALYSIS	true	false	false
0041eaaf	Label	caseD_2749	switchD_0041e990::caseD_2749	switchD_0041e990	ANALYSIS	true	false	false
0041eab9	Label	caseD_274a	switchD_0041e990::caseD_274a	switchD_0041e990	ANALYSIS	true	false	false
0041eac0	Label	caseD_274b	switchD_0041e990::caseD_274b	switchD_0041e990	ANALYSIS	true	false	false
0041eac7	Label	caseD_274c	switchD_0041e990::caseD_274c	switchD_0041e990	ANALYSIS	true	false	false
0041eace	Label	caseD_274d	switchD_0041e990::caseD_274d	switchD_0041e990	ANALYSIS	true	false	false
0041ead5	Label	caseD_274e	switchD_0041e990::caseD_274e	switchD_0041e990	ANALYSIS	true	false	false
0041eadc	Label	caseD_274f	switchD_0041e990::caseD_274f	switchD_0041e990	ANALYSIS	true	false	false
0041eae3	Label	caseD_2750	switchD_0041e990::caseD_2750	switchD_0041e990	ANALYSIS	true	false	false
0041eaea	Label	caseD_2751	switchD_0041e990::caseD_2751	switchD_0041e990	ANALYSIS	true	false	false
0041eaf1	Label	caseD_2752	switchD_0041e990::caseD_2752	switchD_0041e990	ANALYSIS	true	false	false
0041eaf8	Label	caseD_2753	switchD_0041e990::caseD_2753	switchD_0041e990	ANALYSIS	true	false	false
0041eaff	Label	caseD_2754	switchD_0041e990::caseD_2754	switchD_0041e990	ANALYSIS	true	false	false
0041eb06	Label	caseD_2755	switchD_0041e990::caseD_2755	switchD_0041e990	ANALYSIS	true	false	false
0041eb0d	Label	caseD_2756	switchD_0041e990::caseD_2756	switchD_0041e990	ANALYSIS	true	false	false
0041eb14	Label	caseD_2757	switchD_0041e990::caseD_2757	switchD_0041e990	ANALYSIS	true	false	false
0041eb1b	Label	caseD_2775	switchD_0041e990::caseD_2775	switchD_0041e990	ANALYSIS	true	false	false
0041eb22	Label	caseD_276b	switchD_0041e990::caseD_276b	switchD_0041e990	ANALYSIS	true	false	false
0041eb29	Label	caseD_276c	switchD_0041e990::caseD_276c	switchD_0041e990	ANALYSIS	true	false	false
0041eb30	Label	caseD_276d	switchD_0041e990::caseD_276d	switchD_0041e990	ANALYSIS	true	false	false
0041eb37	Label	caseD_2715	switchD_0041e990::caseD_2715	switchD_0041e990	ANALYSIS	true	false	false
0041eb37	Label	caseD_2716	switchD_0041e990::caseD_2716	switchD_0041e990	ANALYSIS	false	false	false
0041eb37	Label	caseD_2717	switchD_0041e990::caseD_2717	switchD_0041e990	ANALYSIS	false	false	false
0041eb37	Label	caseD_2718	switchD_0041e990::caseD_2718	switchD_0041e990	ANALYSIS	false	false	false
0041eb37	Label	caseD_271a	switchD_0041e990::caseD_271a	switchD_0041e990	ANALYSIS	false	false	false
0041eb37	Label	caseD_271b	switchD_0041e990::caseD_271b	switchD_0041e990	ANALYSIS	false	false	false
0041eb37	Label	caseD_271c	switchD_0041e990::caseD_271c	switchD_0041e990	ANALYSIS	false	false	false
0041eb37	Label	caseD_271f	switchD_0041e990::caseD_271f	switchD_0041e990	ANALYSIS	false	false	false
0041eb37	Label	caseD_2720	switchD_0041e990::caseD_2720	switchD_0041e990	ANALYSIS	false	false	false
0041eb37	Label	caseD_2721	switchD_0041e990::caseD_2721	switchD_0041e990	ANALYSIS	false	false	false
0041eb37	Label	caseD_2722	switchD_0041e990::caseD_2722	switchD_0041e990	ANALYSIS	false	false	false
0041eb37	Label	caseD_2723	switchD_0041e990::caseD_2723	switchD_0041e990	ANALYSIS	false	false	false
0041eb37	Label	caseD_2724	switchD_0041e990::caseD_2724	switchD_0041e990	ANALYSIS	false	false	false
0041eb37	Label	caseD_2725	switchD_0041e990::caseD_2725	switchD_0041e990	ANALYSIS	false	false	false
0041eb37	Label	caseD_2727	switchD_0041e990::caseD_2727	switchD_0041e990	ANALYSIS	false	false	false
0041eb37	Label	caseD_2729	switchD_0041e990::caseD_2729	switchD_0041e990	ANALYSIS	false	false	false
0041eb37	Label	caseD_272a	switchD_0041e990::caseD_272a	switchD_0041e990	ANALYSIS	false	false	false
0041eb37	Label	caseD_272b	switchD_0041e990::caseD_272b	switchD_0041e990	ANALYSIS	false	false	false
0041eb37	Label	caseD_272c	switchD_0041e990::caseD_272c	switchD_0041e990	ANALYSIS	false	false	false
0041eb37	Label	caseD_272d	switchD_0041e990::caseD_272d	switchD_0041e990	ANALYSIS	false	false	false
0041eb37	Label	caseD_272e	switchD_0041e990::caseD_272e	switchD_0041e990	ANALYSIS	false	false	false
0041eb37	Label	caseD_272f	switchD_0041e990::caseD_272f	switchD_0041e990	ANALYSIS	false	false	false
0041eb37	Label	caseD_2730	switchD_0041e990::caseD_2730	switchD_0041e990	ANALYSIS	false	false	false
0041eb37	Label	caseD_2731	switchD_0041e990::caseD_2731	switchD_0041e990	ANALYSIS	false	false	false
0041eb37	Label	caseD_2732	switchD_0041e990::caseD_2732	switchD_0041e990	ANALYSIS	false	false	false
0041eb37	Label	caseD_2758	switchD_0041e990::caseD_2758	switchD_0041e990	ANALYSIS	false	false	false
0041eb37	Label	caseD_2759	switchD_0041e990::caseD_2759	switchD_0041e990	ANALYSIS	false	false	false
0041eb37	Label	caseD_275a	switchD_0041e990::caseD_275a	switchD_0041e990	ANALYSIS	false	false	false
0041eb37	Label	caseD_275b	switchD_0041e990::caseD_275b	switchD_0041e990	ANALYSIS	false	false	false
0041eb37	Label	caseD_275c	switchD_0041e990::caseD_275c	switchD_0041e990	ANALYSIS	false	false	false
0041eb37	Label	caseD_275d	switchD_0041e990::caseD_275d	switchD_0041e990	ANALYSIS	false	false	false
0041eb37	Label	caseD_275e	switchD_0041e990::caseD_275e	switchD_0041e990	ANALYSIS	false	false	false
0041eb37	Label	caseD_275f	switchD_0041e990::caseD_275f	switchD_0041e990	ANALYSIS	false	false	false
0041eb37	Label	caseD_2760	switchD_0041e990::caseD_2760	switchD_0041e990	ANALYSIS	false	false	false
0041eb37	Label	caseD_2761	switchD_0041e990::caseD_2761	switchD_0041e990	ANALYSIS	false	false	false
0041eb37	Label	caseD_2762	switchD_0041e990::caseD_2762	switchD_0041e990	ANALYSIS	false	false	false
0041eb37	Label	caseD_2763	switchD_0041e990::caseD_2763	switchD_0041e990	ANALYSIS	false	false	false
0041eb37	Label	caseD_2764	switchD_0041e990::caseD_2764	switchD_0041e990	ANALYSIS	false	false	false
0041eb37	Label	caseD_2765	switchD_0041e990::caseD_2765	switchD_0041e990	ANALYSIS	false	false	false
0041eb37	Label	caseD_2766	switchD_0041e990::caseD_2766	switchD_0041e990	ANALYSIS	false	false	false
0041eb37	Label	caseD_2767	switchD_0041e990::caseD_2767	switchD_0041e990	ANALYSIS	false	false	false
0041eb37	Label	caseD_2768	switchD_0041e990::caseD_2768	switchD_0041e990	ANALYSIS	false	false	false
0041eb37	Label	caseD_2769	switchD_0041e990::caseD_2769	switchD_0041e990	ANALYSIS	false	false	false
0041eb37	Label	caseD_276a	switchD_0041e990::caseD_276a	switchD_0041e990	ANALYSIS	false	false	false
0041eb37	Label	caseD_276e	switchD_0041e990::caseD_276e	switchD_0041e990	ANALYSIS	false	false	false
0041eb37	Label	caseD_276f	switchD_0041e990::caseD_276f	switchD_0041e990	ANALYSIS	false	false	false
0041eb37	Label	caseD_2770	switchD_0041e990::caseD_2770	switchD_0041e990	ANALYSIS	false	false	false
0041eb37	Label	caseD_2771	switchD_0041e990::caseD_2771	switchD_0041e990	ANALYSIS	false	false	false
0041eb37	Label	caseD_2772	switchD_0041e990::caseD_2772	switchD_0041e990	ANALYSIS	false	false	false
0041eb37	Label	caseD_2773	switchD_0041e990::caseD_2773	switchD_0041e990	ANALYSIS	false	false	false
0041eb37	Label	caseD_2774	switchD_0041e990::caseD_2774	switchD_0041e990	ANALYSIS	false	false	false
0041eb40	Label	switchdataD_0041eb40	switchD_0041e990::switchdataD_0041eb40	switchD_0041e990	ANALYSIS	true	false	false
0041ec00	Label	switchdataD_0041ec00	switchD_0041e990::switchdataD_0041ec00	switchD_0041e990	ANALYSIS	true	false	false
0041ec62	Function	FUN_0041ec62	FUN_0041ec62	Global	DEFAULT	true	false	false
0041ec6c	Function	FUN_0041ec6c	FUN_0041ec6c	Global	DEFAULT	true	false	false
0041ecab	Function	FUN_0041ecab	FUN_0041ecab	Global	DEFAULT	true	false	false
0041ee08	Function	FUN_0041ee08	FUN_0041ee08	Global	DEFAULT	true	false	false
0041ee4f	Function	FUN_0041ee4f	FUN_0041ee4f	Global	DEFAULT	true	false	false
0041ee5d	Function	FUN_0041ee5d	FUN_0041ee5d	Global	DEFAULT	true	false	false
0041eef6	Function	FUN_0041eef6	FUN_0041eef6	Global	DEFAULT	true	false	false
0041ef36	Function	FUN_0041ef36	FUN_0041ef36	Global	DEFAULT	true	false	false
0041ef73	Function	FUN_0041ef73	FUN_0041ef73	Global	DEFAULT	true	false	false
0041ef88	Function	FUN_0041ef88	FUN_0041ef88	Global	DEFAULT	true	false	false
0041efaa	Function	FUN_0041efaa	FUN_0041efaa	Global	DEFAULT	true	false	false
0041efe0	Function	FUN_0041efe0	FUN_0041efe0	Global	DEFAULT	true	false	false
0041eff1	Function	FUN_0041eff1	FUN_0041eff1	Global	DEFAULT	true	false	false
0041f03a	Function	FUN_0041f03a	FUN_0041f03a	Global	DEFAULT	true	false	false
0041f057	Function	FUN_0041f057	FUN_0041f057	Global	DEFAULT	true	false	false
0041f05c	Function	FUN_0041f05c	FUN_0041f05c	Global	DEFAULT	true	false	false
0041f0a4	Function	FUN_0041f0a4	FUN_0041f0a4	Global	DEFAULT	true	false	false
0041f1a0	Function	FUN_0041f1a0	FUN_0041f1a0	Global	DEFAULT	true	false	false
0041f1c9	Function	FUN_0041f1c9	FUN_0041f1c9	Global	DEFAULT	true	false	false
0041f22e	Function	FUN_0041f22e	FUN_0041f22e	Global	DEFAULT	true	false	false
0041f307	Function	FUN_0041f307	FUN_0041f307	Global	DEFAULT	true	false	false
0041f322	Function	FUN_0041f322	FUN_0041f322	Global	DEFAULT	true	false	false
0041f33d	Function	FUN_0041f33d	FUN_0041f33d	Global	DEFAULT	true	false	false
0041f3c1	Function	FUN_0041f3c1	FUN_0041f3c1	Global	DEFAULT	true	false	false
0041f400	Function	FUN_0041f400	FUN_0041f400	Global	DEFAULT	true	false	false
0041f405	Function	FUN_0041f405	FUN_0041f405	Global	DEFAULT	true	false	false
0041f474	Function	FUN_0041f474	FUN_0041f474	Global	DEFAULT	true	false	false
0041f4fb	Function	FUN_0041f4fb	FUN_0041f4fb	Global	DEFAULT	true	false	false
0041f5f2	Function	FUN_0041f5f2	FUN_0041f5f2	Global	DEFAULT	true	false	false
0041f670	Function	FUN_0041f670	FUN_0041f670	Global	DEFAULT	true	false	false
0041f70f	Function	FUN_0041f70f	FUN_0041f70f	Global	DEFAULT	true	false	false
0041f7ad	Function	FUN_0041f7ad	FUN_0041f7ad	Global	DEFAULT	true	false	false
0041f7ee	Function	FUN_0041f7ee	FUN_0041f7ee	Global	DEFAULT	true	false	false
0041f860	Function	FUN_0041f860	FUN_0041f860	Global	DEFAULT	true	false	false
0041faf3	Function	FUN_0041faf3	FUN_0041faf3	Global	DEFAULT	true	false	false
0041fafb	Function	FUN_0041fafb	FUN_0041fafb	Global	DEFAULT	true	false	false
0041fb2a	Function	FUN_0041fb2a	FUN_0041fb2a	Global	DEFAULT	true	false	false
0041fc12	Function	FUN_0041fc12	FUN_0041fc12	Global	DEFAULT	true	false	false
0041fc4e	Function	FUN_0041fc4e	FUN_0041fc4e	Global	DEFAULT	true	false	false
0041fc5b	Function	_rand	_rand	Global	ANALYSIS	true	false	false
0041fc7d	Function	FUN_0041fc7d	FUN_0041fc7d	Global	DEFAULT	true	false	false
0041ff70	Function	__allrem	__allrem	Global	ANALYSIS	true	false	false
00420030	Function	__alldiv	__alldiv	Global	ANALYSIS	true	false	false
004200da	Function	FUN_004200da	FUN_004200da	Global	DEFAULT	true	false	false
0042011b	Function	__copysign	__copysign	Global	ANALYSIS	true	false	false
0042013c	Function	FUN_0042013c	FUN_0042013c	Global	DEFAULT	true	false	false
00420177	Function	FUN_00420177	FUN_00420177	Global	DEFAULT	true	false	false
0042025e	Function	FUN_0042025e	FUN_0042025e	Global	DEFAULT	true	false	false
004204f3	Function	FUN_004204f3	FUN_004204f3	Global	DEFAULT	true	false	false
00420507	Function	FUN_00420507	FUN_00420507	Global	DEFAULT	true	false	false
00420535	Function	FUN_00420535	FUN_00420535	Global	DEFAULT	true	false	false
004205d0	Function	FUN_004205d0	FUN_004205d0	Global	DEFAULT	true	false	false
004205e4	Function	FUN_004205e4	FUN_004205e4	Global	DEFAULT	true	false	false
004205ed	Function	FUN_004205ed	FUN_004205ed	Global	DEFAULT	true	false	false
0042069c	Function	FUN_0042069c	FUN_0042069c	Global	DEFAULT	true	false	false
004206c8	Function	FUN_004206c8	FUN_004206c8	Global	DEFAULT	true	false	false
00420780	Function	_strncat	_strncat	Global	ANALYSIS	true	false	false
004208a3	Function	FUN_004208a3	FUN_004208a3	Global	DEFAULT	true	false	false
00420a89	Function	FUN_00420a89	FUN_00420a89	Global	DEFAULT	true	false	false
00420af2	Function	FUN_00420af2	FUN_00420af2	Global	DEFAULT	true	false	false
00420b16	Function	FUN_00420b16	FUN_00420b16	Global	DEFAULT	true	false	false
00420b70	Function	FUN_00420b70	FUN_00420b70	Global	DEFAULT	true	false	false
00420c31	Function	FUN_00420c31	FUN_00420c31	Global	DEFAULT	true	false	false
00420c85	Function	FUN_00420c85	FUN_00420c85	Global	DEFAULT	true	false	false
00420ce5	Function	FUN_00420ce5	FUN_00420ce5	Global	DEFAULT	true	false	false
00420d7d	Function	FUN_00420d7d	FUN_00420d7d	Global	DEFAULT	true	false	false
00420e22	Function	FUN_00420e22	FUN_00420e22	Global	DEFAULT	true	false	false
004210d5	Function	FUN_004210d5	FUN_004210d5	Global	DEFAULT	true	false	false
004212ec	Function	FUN_004212ec	FUN_004212ec	Global	DEFAULT	true	false	false
00421374	Function	FUN_00421374	FUN_00421374	Global	DEFAULT	true	false	false
0042139c	Function	FUN_0042139c	FUN_0042139c	Global	DEFAULT	true	false	false
004213c1	Function	FUN_004213c1	FUN_004213c1	Global	DEFAULT	true	false	false
004213ee	Function	FUN_004213ee	FUN_004213ee	Global	DEFAULT	true	false	false
004213fc	Function	FUN_004213fc	FUN_004213fc	Global	DEFAULT	true	false	false
0042140b	Function	FUN_0042140b	FUN_0042140b	Global	DEFAULT	true	false	false
0042142e	Function	FUN_0042142e	FUN_0042142e	Global	DEFAULT	true	false	false
0042189c	Function	FUN_0042189c	FUN_0042189c	Global	DEFAULT	true	false	false
004218b5	Function	__fload_withFB	__fload_withFB	Global	ANALYSIS	true	false	false
004218f8	Function	FUN_004218f8	FUN_004218f8	Global	DEFAULT	true	false	false
0042191b	Function	__math_exit	__math_exit	Global	ANALYSIS	true	false	false
00421a00	Function	FUN_00421a00	FUN_00421a00	Global	DEFAULT	true	false	false
00421a17	Function	__startOneArgErrorHandling	__startOneArgErrorHandling	Global	ANALYSIS	true	false	false
00421a53	Function	FUN_00421a53	FUN_00421a53	Global	DEFAULT	true	false	false
00421a56	Function	FUN_00421a56	FUN_00421a56	Global	DEFAULT	true	false	false
00421b86	Function	FUN_00421b86	FUN_00421b86	Global	DEFAULT	true	false	false
0042297b	Function	FUN_0042297b	FUN_0042297b	Global	DEFAULT	true	false	false
00422a4b	Function	__frnd	__frnd	Global	ANALYSIS	true	false	false
00422a60	Function	FUN_00422a60	FUN_00422a60	Global	DEFAULT	true	false	false
00422bff	Label	switchD	switchD_00422bff::switchD	switchD_00422bff	ANALYSIS	true	false	false
00422c06	Label	caseD_2b	switchD_00422bff::caseD_2b	switchD_00422bff	ANALYSIS	true	false	false
00422c3e	Label	caseD_62	switchD_00422bff::caseD_62	switchD_00422bff	ANALYSIS	true	false	false
00422c3e	Label	caseD_74	switchD_00422bff::caseD_74	switchD_00422bff	ANALYSIS	false	false	false
00422c56	Label	caseD_63	switchD_00422bff::caseD_63	switchD_00422bff	ANALYSIS	true	false	false
00422c7d	Label	caseD_6e	switchD_00422bff::caseD_6e	switchD_00422bff	ANALYSIS	true	false	false
00422ca4	Label	caseD_2c	switchD_00422bff::caseD_2c	switchD_00422bff	ANALYSIS	true	false	false
00422ca4	Label	caseD_2d	switchD_00422bff::caseD_2d	switchD_00422bff	ANALYSIS	false	false	false
00422ca4	Label	caseD_2e	switchD_00422bff::caseD_2e	switchD_00422bff	ANALYSIS	false	false	false
00422ca4	Label	caseD_2f	switchD_00422bff::caseD_2f	switchD_00422bff	ANALYSIS	false	false	false
00422ca4	Label	caseD_30	switchD_00422bff::caseD_30	switchD_00422bff	ANALYSIS	false	false	false
00422ca4	Label	caseD_31	switchD_00422bff::caseD_31	switchD_00422bff	ANALYSIS	false	false	false
00422ca4	Label	caseD_32	switchD_00422bff::caseD_32	switchD_00422bff	ANALYSIS	false	false	false
00422ca4	Label	caseD_33	switchD_00422bff::caseD_33	switchD_00422bff	ANALYSIS	false	false	false
00422ca4	Label	caseD_34	switchD_00422bff::caseD_34	switchD_00422bff	ANALYSIS	false	false	false
00422ca4	Label	caseD_35	switchD_00422bff::caseD_35	switchD_00422bff	ANALYSIS	false	false	false
00422ca4	Label	caseD_36	switchD_00422bff::caseD_36	switchD_00422bff	ANALYSIS	false	false	false
00422ca4	Label	caseD_37	switchD_00422bff::caseD_37	switchD_00422bff	ANALYSIS	false	false	false
00422ca4	Label	caseD_38	switchD_00422bff::caseD_38	switchD_00422bff	ANALYSIS	false	false	false
00422ca4	Label	caseD_39	switchD_00422bff::caseD_39	switchD_00422bff	ANALYSIS	false	false	false
00422ca4	Label	caseD_3a	switchD_00422bff::caseD_3a	switchD_00422bff	ANALYSIS	false	false	false
00422ca4	Label	caseD_3b	switchD_00422bff::caseD_3b	switchD_00422bff	ANALYSIS	false	false	false
00422ca4	Label	caseD_3c	switchD_00422bff::caseD_3c	switchD_00422bff	ANALYSIS	false	false	false
00422ca4	Label	caseD_3d	switchD_00422bff::caseD_3d	switchD_00422bff	ANALYSIS	false	false	false
00422ca4	Label	caseD_3e	switchD_00422bff::caseD_3e	switchD_00422bff	ANALYSIS	false	false	false
00422ca4	Label	caseD_3f	switchD_00422bff::caseD_3f	switchD_00422bff	ANALYSIS	false	false	false
00422ca4	Label	caseD_40	switchD_00422bff::caseD_40	switchD_00422bff	ANALYSIS	false	false	false
00422ca4	Label	caseD_41	switchD_00422bff::caseD_41	switchD_00422bff	ANALYSIS	false	false	false
00422ca4	Label	caseD_42	switchD_00422bff::caseD_42	switchD_00422bff	ANALYSIS	false	false	false
00422ca4	Label	caseD_43	switchD_00422bff::caseD_43	switchD_00422bff	ANALYSIS	false	false	false
00422ca4	Label	caseD_44	switchD_00422bff::caseD_44	switchD_00422bff	ANALYSIS	false	false	false
00422ca4	Label	caseD_45	switchD_00422bff::caseD_45	switchD_00422bff	ANALYSIS	false	false	false
00422ca4	Label	caseD_46	switchD_00422bff::caseD_46	switchD_00422bff	ANALYSIS	false	false	false
00422ca4	Label	caseD_47	switchD_00422bff::caseD_47	switchD_00422bff	ANALYSIS	false	false	false
00422ca4	Label	caseD_48	switchD_00422bff::caseD_48	switchD_00422bff	ANALYSIS	false	false	false
00422ca4	Label	caseD_49	switchD_00422bff::caseD_49	switchD_00422bff	ANALYSIS	false	false	false
00422ca4	Label	caseD_4a	switchD_00422bff::caseD_4a	switchD_00422bff	ANALYSIS	false	false	false
00422ca4	Label	caseD_4b	switchD_00422bff::caseD_4b	switchD_00422bff	ANALYSIS	false	false	false
00422ca4	Label	caseD_4c	switchD_00422bff::caseD_4c	switchD_00422bff	ANALYSIS	false	false	false
00422ca4	Label	caseD_4d	switchD_00422bff::caseD_4d	switchD_00422bff	ANALYSIS	false	false	false
00422ca4	Label	caseD_4e	switchD_00422bff::caseD_4e	switchD_00422bff	ANALYSIS	false	false	false
00422ca4	Label	caseD_4f	switchD_00422bff::caseD_4f	switchD_00422bff	ANALYSIS	false	false	false
00422ca4	Label	caseD_50	switchD_00422bff::caseD_50	switchD_00422bff	ANALYSIS	false	false	false
00422ca4	Label	caseD_51	switchD_00422bff::caseD_51	switchD_00422bff	ANALYSIS	false	false	false
00422ca4	Label	caseD_52	switchD_00422bff::caseD_52	switchD_00422bff	ANALYSIS	false	false	false
00422ca4	Label	caseD_53	switchD_00422bff::caseD_53	switchD_00422bff	ANALYSIS	false	false	false
00422ca4	Label	caseD_54	switchD_00422bff::caseD_54	switchD_00422bff	ANALYSIS	false	false	false
00422ca4	Label	caseD_55	switchD_00422bff::caseD_55	switchD_00422bff	ANALYSIS	false	false	false
00422ca4	Label	caseD_56	switchD_00422bff::caseD_56	switchD_00422bff	ANALYSIS	false	false	false
00422ca4	Label	caseD_57	switchD_00422bff::caseD_57	switchD_00422bff	ANALYSIS	false	false	false
00422ca4	Label	caseD_58	switchD_00422bff::caseD_58	switchD_00422bff	ANALYSIS	false	false	false
00422ca4	Label	caseD_59	switchD_00422bff::caseD_59	switchD_00422bff	ANALYSIS	false	false	false
00422ca4	Label	caseD_5a	switchD_00422bff::caseD_5a	switchD_00422bff	ANALYSIS	false	false	false
00422ca4	Label	caseD_5b	switchD_00422bff::caseD_5b	switchD_00422bff	ANALYSIS	false	false	false
00422ca4	Label	caseD_5c	switchD_00422bff::caseD_5c	switchD_00422bff	ANALYSIS	false	false	false
00422ca4	Label	caseD_5d	switchD_00422bff::caseD_5d	switchD_00422bff	ANALYSIS	false	false	false
00422ca4	Label	caseD_5e	switchD_00422bff::caseD_5e	switchD_00422bff	ANALYSIS	false	false	false
00422ca4	Label	caseD_5f	switchD_00422bff::caseD_5f	switchD_00422bff	ANALYSIS	false	false	false
00422ca4	Label	caseD_60	switchD_00422bff::caseD_60	switchD_00422bff	ANALYSIS	false	false	false
00422ca4	Label	caseD_61	switchD_00422bff::caseD_61	switchD_00422bff	ANALYSIS	false	false	false
00422ca4	Label	caseD_64	switchD_00422bff::caseD_64	switchD_00422bff	ANALYSIS	false	false	false
00422ca4	Label	caseD_65	switchD_00422bff::caseD_65	switchD_00422bff	ANALYSIS	false	false	false
00422ca4	Label	caseD_66	switchD_00422bff::caseD_66	switchD_00422bff	ANALYSIS	false	false	false
00422ca4	Label	caseD_67	switchD_00422bff::caseD_67	switchD_00422bff	ANALYSIS	false	false	false
00422ca4	Label	caseD_68	switchD_00422bff::caseD_68	switchD_00422bff	ANALYSIS	false	false	false
00422ca4	Label	caseD_69	switchD_00422bff::caseD_69	switchD_00422bff	ANALYSIS	false	false	false
00422ca4	Label	caseD_6a	switchD_00422bff::caseD_6a	switchD_00422bff	ANALYSIS	false	false	false
00422ca4	Label	caseD_6b	switchD_00422bff::caseD_6b	switchD_00422bff	ANALYSIS	false	false	false
00422ca4	Label	caseD_6c	switchD_00422bff::caseD_6c	switchD_00422bff	ANALYSIS	false	false	false
00422ca4	Label	caseD_6d	switchD_00422bff::caseD_6d	switchD_00422bff	ANALYSIS	false	false	false
00422ca4	Label	caseD_6f	switchD_00422bff::caseD_6f	switchD_00422bff	ANALYSIS	false	false	false
00422ca4	Label	caseD_70	switchD_00422bff::caseD_70	switchD_00422bff	ANALYSIS	false	false	false
00422ca4	Label	caseD_71	switchD_00422bff::caseD_71	switchD_00422bff	ANALYSIS	false	false	false
00422ca4	Label	caseD_72	switchD_00422bff::caseD_72	switchD_00422bff	ANALYSIS	false	false	false
00422ca4	Label	caseD_73	switchD_00422bff::caseD_73	switchD_00422bff	ANALYSIS	false	false	false
00422cde	Label	switchdataD_00422cde	switchD_00422bff::switchdataD_00422cde	switchD_00422bff	ANALYSIS	true	false	false
00422cf2	Label	switchdataD_00422cf2	switchD_00422bff::switchdataD_00422cf2	switchD_00422bff	ANALYSIS	true	false	false
00422d40	Function	FUN_00422d40	FUN_00422d40	Global	DEFAULT	true	false	false
00422d50	Function	FUN_00422d50	FUN_00422d50	Global	DEFAULT	true	false	false
00422db0	Function	__CrtSetReportFile	__CrtSetReportFile	Global	ANALYSIS	true	false	false
00422e30	Function	FUN_00422e30	FUN_00422e30	Global	DEFAULT	true	false	false
00422e50	Function	FUN_00422e50	FUN_00422e50	Global	DEFAULT	true	false	false
004231e0	Function	FUN_004231e0	FUN_004231e0	Global	DEFAULT	true	false	false
004234ec	Function	WSAGetLastError	WS2_32.DLL::WSAGetLastError	WS2_32.DLL	DEFAULT	true	false	false
004234f2	Function	ioctlsocket	WS2_32.DLL::ioctlsocket	WS2_32.DLL	DEFAULT	true	false	false
004234f8	Function	WSAStartup	WS2_32.DLL::WSAStartup	WS2_32.DLL	DEFAULT	true	false	false
004234fe	Function	WSACleanup	WS2_32.DLL::WSACleanup	WS2_32.DLL	DEFAULT	true	false	false
00423504	Function	closesocket	WS2_32.DLL::closesocket	WS2_32.DLL	DEFAULT	true	false	false
0042350a	Function	__WSAFDIsSet	WS2_32.DLL::__WSAFDIsSet	WS2_32.DLL	DEFAULT	true	false	false
00423510	Function	setsockopt	WS2_32.DLL::setsockopt	WS2_32.DLL	DEFAULT	true	false	false
00423550	Function	Unwind@00423550	Unwind@00423550	Global	ANALYSIS	true	false	false
00423562	Function	Unwind@00423562	Unwind@00423562	Global	ANALYSIS	true	false	false
00423580	Function	Unwind@00423580	Unwind@00423580	Global	ANALYSIS	true	false	false
0042358b	Function	Unwind@0042358b	Unwind@0042358b	Global	ANALYSIS	true	false	false
00423596	Function	Unwind@00423596	Unwind@00423596	Global	ANALYSIS	true	false	false
004235a1	Function	Unwind@004235a1	Unwind@004235a1	Global	ANALYSIS	true	false	false
004235b6	Function	Unwind@004235b6	Unwind@004235b6	Global	ANALYSIS	true	false	false
004235c1	Function	Unwind@004235c1	Unwind@004235c1	Global	ANALYSIS	true	false	false
004235cc	Function	Unwind@004235cc	Unwind@004235cc	Global	ANALYSIS	true	false	false
004235d7	Function	Unwind@004235d7	Unwind@004235d7	Global	ANALYSIS	true	false	false
004235f0	Function	Unwind@004235f0	Unwind@004235f0	Global	ANALYSIS	true	false	false
00423605	Function	Unwind@00423605	Unwind@00423605	Global	ANALYSIS	true	false	false
0042360d	Function	Unwind@0042360d	Unwind@0042360d	Global	ANALYSIS	true	false	false
0042362f	Function	Unwind@0042362f	Unwind@0042362f	Global	ANALYSIS	true	false	false
00423637	Function	Unwind@00423637	Unwind@00423637	Global	ANALYSIS	true	false	false
00423660	Function	Unwind@00423660	Unwind@00423660	Global	ANALYSIS	true	false	false
ffdff000	Label	ExceptionList	ExceptionList	Global	ANALYSIS	true	false	false
ffdff004	Label	StackBase	StackBase	Global	ANALYSIS	true	false	false
ffdff008	Label	StackLimit	StackLimit	Global	ANALYSIS	true	false	false
ffdff00c	Label	SubSystemTib	SubSystemTib	Global	ANALYSIS	true	false	false
ffdff010	Label	FiberData	FiberData	Global	ANALYSIS	true	false	false
ffdff014	Label	ArbitraryUserPointer	ArbitraryUserPointer	Global	ANALYSIS	true	false	false
ffdff018	Label	Self	Self	Global	ANALYSIS	true	false	false
ffdff01c	Label	EnvironmentPointer	EnvironmentPointer	Global	ANALYSIS	true	false	false
ffdff020	Label	ClientId	ClientId	Global	ANALYSIS	true	false	false
ffdff028	Label	ActiveRpcHandle	ActiveRpcHandle	Global	ANALYSIS	true	false	false
ffdff02c	Label	ThreadLocalStoragePointer	ThreadLocalStoragePointer	Global	ANALYSIS	true	false	false
ffdff030	Label	ProcessEnvironmentBlock	ProcessEnvironmentBlock	Global	ANALYSIS	true	false	false
ffdff034	Label	LastErrorValue	LastErrorValue	Global	ANALYSIS	true	false	false
ffdff038	Label	CountOfOwnedCriticalSections	CountOfOwnedCriticalSections	Global	ANALYSIS	true	false	false
ffdff03c	Label	CsrClientThread	CsrClientThread	Global	ANALYSIS	true	false	false
ffdff040	Label	Win32ThreadInfo	Win32ThreadInfo	Global	ANALYSIS	true	false	false
ffdff044	Label	User32Reserved	User32Reserved	Global	ANALYSIS	true	false	false
ffdff0ac	Label	UserReserved	UserReserved	Global	ANALYSIS	true	false	false
ffdff0c0	Label	WOW32Reserved	WOW32Reserved	Global	ANALYSIS	true	false	false
ffdff0c4	Label	CurrentLocale	CurrentLocale	Global	ANALYSIS	true	false	false
ffdff0c8	Label	FpSoftwareStatusRegister	FpSoftwareStatusRegister	Global	ANALYSIS	true	false	false
ffdff0cc	Label	SystemReserved1	SystemReserved1	Global	ANALYSIS	true	false	false
ffdff1a4	Label	ExceptionCode	ExceptionCode	Global	ANALYSIS	true	false	false
ffdff1a8	Label	ActivationContextStackPointer	ActivationContextStackPointer	Global	ANALYSIS	true	false	false
ffdff1ac	Label	SpareBytes	SpareBytes	Global	ANALYSIS	true	false	false
ffdff1d0	Label	TxFsContext	TxFsContext	Global	ANALYSIS	true	false	false
ffdff1d4	Label	GdiTebBatch	GdiTebBatch	Global	ANALYSIS	true	false	false
ffdff6b4	Label	RealClientId	RealClientId	Global	ANALYSIS	true	false	false
ffdff6bc	Label	GdiCachedProcessHandle	GdiCachedProcessHandle	Global	ANALYSIS	true	false	false
ffdff6c0	Label	GdiClientPID	GdiClientPID	Global	ANALYSIS	true	false	false
ffdff6c4	Label	GdiCLientTID	GdiCLientTID	Global	ANALYSIS	true	false	false
ffdff6c8	Label	GdiThreadLocalInfo	GdiThreadLocalInfo	Global	ANALYSIS	true	false	false
ffdff6cc	Label	Win32ClientInfo	Win32ClientInfo	Global	ANALYSIS	true	false	false
ffdff7c4	Label	glDispatchTable	glDispatchTable	Global	ANALYSIS	true	false	false
ffdffb68	Label	glReserved1	glReserved1	Global	ANALYSIS	true	false	false
ffdffbdc	Label	glReserved2	glReserved2	Global	ANALYSIS	true	false	false
ffdffbe0	Label	glSectionInfo	glSectionInfo	Global	ANALYSIS	true	false	false
ffdffbe4	Label	glSection	glSection	Global	ANALYSIS	true	false	false
ffdffbe8	Label	glTable	glTable	Global	ANALYSIS	true	false	false
ffdffbec	Label	glCurrentRC	glCurrentRC	Global	ANALYSIS	true	false	false
ffdffbf0	Label	glContext	glContext	Global	ANALYSIS	true	false	false
ffdffbf4	Label	LastStatusValue	LastStatusValue	Global	ANALYSIS	true	false	false
ffdffc00	Label	StaticUnicodeBuffer	StaticUnicodeBuffer	Global	ANALYSIS	true	false	false
ffdffe0c	Label	DeallocationStack	DeallocationStack	Global	ANALYSIS	true	false	false
ffdffe10	Label	TlsSlots	TlsSlots	Global	ANALYSIS	true	false	false
ffdfff10	Label	TlsLinks.Flink	TlsLinks.Flink	Global	ANALYSIS	true	false	false
ffdfff14	Label	TlsLinks.Blink	TlsLinks.Blink	Global	ANALYSIS	true	false	false
ffdfff18	Label	Vdm	Vdm	Global	ANALYSIS	true	false	false
ffdfff1c	Label	ReservedForNtRpc	ReservedForNtRpc	Global	ANALYSIS	true	false	false
ffdfff20	Label	DbgSsReserved	DbgSsReserved	Global	ANALYSIS	true	false	false
ffdfff28	Label	HardErrorMode	HardErrorMode	Global	ANALYSIS	true	false	false
ffdfff2c	Label	Instrumentation	Instrumentation	Global	ANALYSIS	true	false	false
ffdfff50	Label	ActivityId	ActivityId	Global	ANALYSIS	true	false	false
ffdfff60	Label	SubProcessTag	SubProcessTag	Global	ANALYSIS	true	false	false
ffdfff64	Label	EtwLocalData	EtwLocalData	Global	ANALYSIS	true	false	false
ffdfff68	Label	EtwTraceData	EtwTraceData	Global	ANALYSIS	true	false	false
ffdfff6c	Label	WinSockData	WinSockData	Global	ANALYSIS	true	false	false
ffdfff70	Label	GdiBatchCount	GdiBatchCount	Global	ANALYSIS	true	false	false
ffdfff74	Label	IdealProcessorValue	IdealProcessorValue	Global	ANALYSIS	true	false	false
ffdfff78	Label	GuaranteedStackBytes	GuaranteedStackBytes	Global	ANALYSIS	true	false	false
ffdfff7c	Label	ReservedForPerf	ReservedForPerf	Global	ANALYSIS	true	false	false
ffdfff80	Label	ReservedForOle	ReservedForOle	Global	ANALYSIS	true	false	false
ffdfff84	Label	WaitingOnLoaderLock	WaitingOnLoaderLock	Global	ANALYSIS	true	false	false
ffdfff88	Label	SavedPriorityState	SavedPriorityState	Global	ANALYSIS	true	false	false
ffdfff8c	Label	SoftPatchPtr1	SoftPatchPtr1	Global	ANALYSIS	true	false	false
ffdfff90	Label	ThreadPoolData	ThreadPoolData	Global	ANALYSIS	true	false	false
ffdfff94	Label	TlsExpansionSlots	TlsExpansionSlots	Global	ANALYSIS	true	false	false
ffdfff98	Label	MuiGeneration	MuiGeneration	Global	ANALYSIS	true	false	false
ffdfff9c	Label	IsImpersonating	IsImpersonating	Global	ANALYSIS	true	false	false
ffdfffa0	Label	NlsCache	NlsCache	Global	ANALYSIS	true	false	false
ffdfffa4	Label	pShimData	pShimData	Global	ANALYSIS	true	false	false
ffdfffa8	Label	HeapVirtualAffinity	HeapVirtualAffinity	Global	ANALYSIS	true	false	false
ffdfffac	Label	CurrentTransactionHandle	CurrentTransactionHandle	Global	ANALYSIS	true	false	false
ffdfffb0	Label	ActiveFrame	ActiveFrame	Global	ANALYSIS	true	false	false
ffdfffb4	Label	FlsData	FlsData	Global	ANALYSIS	true	false	false
ffdfffb8	Label	PreferredLanguages	PreferredLanguages	Global	ANALYSIS	true	false	false
ffdfffbc	Label	UserPrefLanguages	UserPrefLanguages	Global	ANALYSIS	true	false	false
ffdfffc0	Label	MergedPrefLanguages	MergedPrefLanguages	Global	ANALYSIS	true	false	false
ffdfffc4	Label	MuiImpersonation	MuiImpersonation	Global	ANALYSIS	true	false	false
ffdfffc8	Label	CrossTebFlags	CrossTebFlags	Global	ANALYSIS	true	false	false
ffdfffca	Label	SameTebFlags	SameTebFlags	Global	ANALYSIS	true	false	false
ffdfffcc	Label	TxnScopeEnterCallback	TxnScopeEnterCallback	Global	ANALYSIS	true	false	false
ffdfffd0	Label	TxnScopeExitCallback	TxnScopeExitCallback	Global	ANALYSIS	true	false	false
ffdfffd4	Label	TxnScopeContext	TxnScopeContext	Global	ANALYSIS	true	false	false
ffdfffd8	Label	LockCount	LockCount	Global	ANALYSIS	true	false	false
ffdfffe0	Label	ResourceRetValue	ResourceRetValue	Global	ANALYSIS	true	false	false
