address	type	category	comment
00570794	Info	PE Header	IMAGE_DIRECTORY_ENTRY_IMPORT
00686000	Info	PE Header	IMAGE_DIRECTORY_ENTRY_RESOURCE
0053c740	Info	PE Header	IMAGE_DIRECTORY_ENTRY_DEBUG
0053c000	Info	PE Header	IMAGE_DIRECTORY_ENTRY_IAT
004c4c3e	Error	Bad Instruction	Failed to disassemble at 004c4c3e due to conflicting instruction at 004c4c41 (flow from 004c4c3b)
00433688	Error	Bad Instruction	Failed to disassemble at 00433688 due to conflicting data at 00433688 (flow from 00433686)
0055c3e0	Error	Bad Instruction	Failed to disassemble at 0055c3e0 due to conflicting data at 0055c3e0 (flow from 0055c3de)
0055c3fc	Error	Bad Instruction	Failed to disassemble at 0055c3fc due to conflicting data at 0055c3e4 (flow from 0055c3da)
0055c428	Error	Bad Instruction	Failed to disassemble at 0055c428 due to conflicting data at 0055c428 (flow from 0055c426)
0055c430	Error	Bad Instruction	Failed to disassemble at 0055c430 due to conflicting data at 0055c430 (flow from 0055c42e)
0055c440	Error	Bad Instruction	Failed to disassemble at 0055c440 due to conflicting data at 0055c440 (flow from 0055c43e)
004414e4	Error	Bad Instruction	Failed to disassemble at 004414e4 due to conflicting data at 004414e4 (flow from 004414e3)
00448878	Error	Bad Instruction	Failed to disassemble at 00448878 due to conflicting data at 00448878 (flow from 00448875)
0044d360	Error	Bad Instruction	Failed to disassemble at 0044d360 due to conflicting data at 0044d360 (flow from 0044d35f)
0044d364	Error	Bad Instruction	Failed to disassemble at 0044d364 due to conflicting instruction at 0044d366
0044d365	Error	Bad Instruction	Failed to disassemble at 0044d365 due to conflicting instruction at 0044d366
0044d367	Error	Bad Instruction	Failed to disassemble at 0044d367 due to conflicting data at 0044d368
0044d36f	Error	Bad Instruction	Failed to disassemble at 0044d36f due to conflicting instruction at 0044d370
004b7ca4	Error	Bad Instruction	Failed to disassemble at 004b7ca4 due to conflicting data at 004b7ca4 (flow from 004b7ca1)
004f76c0	Error	Bad Instruction	Failed to disassemble at 004f76c0 due to conflicting data at 004f76c0 (flow from 004f76bd)
0040b804	Error	Bad Instruction	Failed to disassemble at 0040b804 due to conflicting data at 0040b804 (flow from 0040b801)
00434558	Error	Bad Instruction	Failed to disassemble at 00434558 due to conflicting data at 00434558 (flow from 00434555)
00423d30	Error	Bad Instruction	Failed to disassemble at 00423d30 due to conflicting data at 00423d30 (flow from 00423d2d)
00423d37	Error	Bad Instruction	Failed to disassemble at 00423d37 due to conflicting data at 00423d38
00423d3c	Error	Bad Instruction	Failed to disassemble at 00423d3c due to conflicting instruction at 00423d3d
00423d40	Error	Bad Instruction	Failed to disassemble at 00423d40 due to conflicting data at 00423d40 (flow from 00423d3d)
00423d48	Error	Bad Instruction	Failed to disassemble at 00423d48 due to conflicting data at 00423d48 (flow from 00423d44)
00423d50	Error	Bad Instruction	Unable to resolve constructor at 00423d50 (flow from 00423d4d)
00423d57	Error	Bad Instruction	Failed to disassemble at 00423d57 due to conflicting data at 00423d58
00423d5f	Error	Bad Instruction	Failed to disassemble at 00423d5f due to conflicting instruction at 00423d60
00419df4	Error	Bad Instruction	Failed to disassemble at 00419df4 due to conflicting data at 00419df4 (flow from 00419df3)
0042402c	Error	Bad Instruction	Failed to disassemble at 0042402c due to conflicting data at 0042402c (flow from 0042402b)
00424030	Error	Bad Instruction	Failed to disassemble at 00424030 due to conflicting instruction at 00424031
00424033	Error	Bad Instruction	Failed to disassemble at 00424033 due to conflicting data at 00424034
0042403b	Error	Bad Instruction	Failed to disassemble at 0042403b due to conflicting data at 0042403c
00424044	Error	Bad Instruction	Failed to disassemble at 00424044 due to conflicting data at 00424044 (flow from 00424040)
00424250	Error	Bad Instruction	Failed to disassemble at 00424250 due to conflicting data at 00424250 (flow from 0042424f)
00424257	Error	Bad Instruction	Failed to disassemble at 00424257 due to conflicting data at 00424258
0042425f	Error	Bad Instruction	Failed to disassemble at 0042425f due to conflicting instruction at 00424260
004244f7	Error	Bad Instruction	Failed to disassemble at 004244f7 due to conflicting data at 004244f8
004244ff	Error	Bad Instruction	Failed to disassemble at 004244ff due to conflicting data at 00424500
00424507	Error	Bad Instruction	Failed to disassemble at 00424507 due to conflicting data at 00424508
0042450f	Error	Bad Instruction	Failed to disassemble at 0042450f due to conflicting data at 00424510
00424514	Error	Bad Instruction	Failed to disassemble at 00424514 due to conflicting instruction at 00424515
00424517	Error	Bad Instruction	Failed to disassemble at 00424517 due to conflicting data at 00424518
00424520	Error	Bad Instruction	Failed to disassemble at 00424520 due to conflicting data at 00424520 (flow from 0042451c)
00424527	Error	Bad Instruction	Failed to disassemble at 00424527 due to conflicting data at 00424528
0042452f	Error	Bad Instruction	Failed to disassemble at 0042452f due to conflicting instruction at 00424530
00424572	Error	Bad Instruction	Failed to disassemble at 00424572 due to conflicting instruction at 00424571 (flow from 0042452c)
00450aec	Error	Bad Instruction	Failed to disassemble at 00450aec due to conflicting instruction at 00450aed
00450af0	Error	Bad Instruction	Failed to disassemble at 00450af0 due to conflicting data at 00450af0 (flow from 00450aed)
00450af8	Error	Bad Instruction	Failed to disassemble at 00450af8 due to conflicting data at 00450af8 (flow from 00450af5)
00450b00	Error	Bad Instruction	Failed to disassemble at 00450b00 due to conflicting data at 00450b00 (flow from 00450afd)
00450b08	Error	Bad Instruction	Failed to disassemble at 00450b08 due to conflicting data at 00450b08 (flow from 00450b05)
00450b0c	Error	Bad Instruction	Failed to disassemble at 00450b0c due to conflicting instruction at 00450b0d
00450b10	Error	Bad Instruction	Failed to disassemble at 00450b10 due to conflicting data at 00450b10 (flow from 00450b0d)
00450d3c	Error	Bad Instruction	Failed to disassemble at 00450d3c due to conflicting data at 00450d3c (flow from 00450d3b)
00450d43	Error	Bad Instruction	Failed to disassemble at 00450d43 due to conflicting data at 00450d44
00450d56	Error	Bad Instruction	Failed to disassemble at 00450d56 due to conflicting instruction at 00450d53 (flow from 00450d48)
0050d8c3	Analysis	Non-Returning Function	Non-Returning Function Identified
00520515	Analysis	Non-Returning Function	Non-Returning Function Found
00401000	Analysis	Found Code	Found code from operand reference
00402ba0	Analysis	Found Code	Found code from operand reference
00403490	Analysis	Found Code	Found code from operand reference
004034a0	Analysis	Found Code	Found code from operand reference
00403920	Analysis	Found Code	Found code from operand reference
00403930	Analysis	Found Code	Found code from operand reference
00403cc0	Analysis	Found Code	Found code from operand reference
00403cd0	Analysis	Found Code	Found code from operand reference
004052f0	Analysis	Found Code	Found code from operand reference
0040b7a0	Analysis	Found Code	Found code from operand reference
0040cc80	Analysis	Found Code	Found code from operand reference
0040cca0	Analysis	Found Code	Found code from operand reference
0040ccd0	Analysis	Found Code	Found code from operand reference
0040cd00	Analysis	Found Code	Found code from operand reference
0040cd30	Analysis	Found Code	Found code from operand reference
0040cd50	Analysis	Found Code	Found code from operand reference
0040cd80	Analysis	Found Code	Found code from operand reference
0040cdb0	Analysis	Found Code	Found code from operand reference
0040d0f0	Analysis	Found Code	Found code from operand reference
0040d160	Analysis	Found Code	Found code from operand reference
0040d1d0	Analysis	Found Code	Found code from operand reference
0040d210	Analysis	Found Code	Found code from operand reference
0040d240	Analysis	Found Code	Found code from operand reference
0040d260	Analysis	Found Code	Found code from operand reference
0040d300	Analysis	Found Code	Found code from operand reference
0040d310	Analysis	Found Code	Found code from operand reference
0040d340	Analysis	Found Code	Found code from operand reference
0040d4f0	Analysis	Found Code	Found code from operand reference
0040d6c0	Analysis	Found Code	Found code from operand reference
0040d780	Analysis	Found Code	Found code from operand reference
0040d7c0	Analysis	Found Code	Found code from operand reference
0040d8c0	Analysis	Found Code	Found code from operand reference
0040d8e0	Analysis	Found Code	Found code from operand reference
0040d960	Analysis	Found Code	Found code from operand reference
0040d970	Analysis	Found Code	Found code from operand reference
0040d9d0	Analysis	Found Code	Found code from operand reference
0040dac0	Analysis	Found Code	Found code from operand reference
00411b00	Analysis	Found Code	Found code from operand reference
00414320	Analysis	Found Code	Found code from operand reference
00416210	Analysis	Found Code	Found code from operand reference
00416220	Analysis	Found Code	Found code from operand reference
00416240	Analysis	Found Code	Found code from operand reference
00416250	Analysis	Found Code	Found code from operand reference
00416260	Analysis	Found Code	Found code from operand reference
00416270	Analysis	Found Code	Found code from operand reference
004162c0	Analysis	Found Code	Found code from operand reference
00416e90	Analysis	Found Code	Found code from operand reference
00417970	Analysis	Found Code	Found code from operand reference
004179b0	Analysis	Found Code	Found code from operand reference
00419d70	Analysis	Found Code	Found code from operand reference
00419f70	Analysis	Found Code	Found code from operand reference
00419ff0	Analysis	Found Code	Found code from operand reference
0041a050	Analysis	Found Code	Found code from operand reference
0041ada0	Analysis	Found Code	Found code from operand reference
0041adc0	Analysis	Found Code	Found code from operand reference
0041adf0	Analysis	Found Code	Found code from operand reference
0041ae30	Analysis	Found Code	Found code from operand reference
0041ae80	Analysis	Found Code	Found code from operand reference
0041aea0	Analysis	Found Code	Found code from operand reference
0041b040	Analysis	Found Code	Found code from operand reference
0041b420	Analysis	Found Code	Found code from operand reference
0041b460	Analysis	Found Code	Found code from operand reference
0041b4a0	Analysis	Found Code	Found code from operand reference
0041b520	Analysis	Found Code	Found code from operand reference
0041b540	Analysis	Found Code	Found code from operand reference
0041b560	Analysis	Found Code	Found code from operand reference
0041b5c0	Analysis	Found Code	Found code from operand reference
0041b5e0	Analysis	Found Code	Found code from operand reference
0041b8d0	Analysis	Found Code	Found code from operand reference
0041b910	Analysis	Found Code	Found code from operand reference
0041b960	Analysis	Found Code	Found code from operand reference
0041b980	Analysis	Found Code	Found code from operand reference
0041b9d0	Analysis	Found Code	Found code from operand reference
0041ba80	Analysis	Found Code	Found code from operand reference
0041ba90	Analysis	Found Code	Found code from operand reference
0041baa0	Analysis	Found Code	Found code from operand reference
0041bb10	Analysis	Found Code	Found code from operand reference
0041bbb0	Analysis	Found Code	Found code from operand reference
0041bd10	Analysis	Found Code	Found code from operand reference
0041bee0	Analysis	Found Code	Found code from operand reference
0041bf10	Analysis	Found Code	Found code from operand reference
0041bf30	Analysis	Found Code	Found code from operand reference
0041bf50	Analysis	Found Code	Found code from operand reference
0041bf90	Analysis	Found Code	Found code from operand reference
0041c1f0	Analysis	Found Code	Found code from operand reference
0041ce20	Analysis	Found Code	Found code from operand reference
0041e160	Analysis	Found Code	Found code from operand reference
0041e190	Analysis	Found Code	Found code from operand reference
0041e650	Analysis	Found Code	Found code from operand reference
0041e700	Analysis	Found Code	Found code from operand reference
0041e880	Analysis	Found Code	Found code from operand reference
0041e990	Analysis	Found Code	Found code from operand reference
0041ea20	Analysis	Found Code	Found code from operand reference
0041eb30	Analysis	Found Code	Found code from operand reference
0041ecb0	Analysis	Found Code	Found code from operand reference
0041efb0	Analysis	Found Code	Found code from operand reference
0041f080	Analysis	Found Code	Found code from operand reference
0041f200	Analysis	Found Code	Found code from operand reference
0041f320	Analysis	Found Code	Found code from operand reference
0041f430	Analysis	Found Code	Found code from operand reference
0041f570	Analysis	Found Code	Found code from operand reference
0041f950	Analysis	Found Code	Found code from operand reference
0041fa60	Analysis	Found Code	Found code from operand reference
0041fb90	Analysis	Found Code	Found code from operand reference
0041fcb0	Analysis	Found Code	Found code from operand reference
0041fe10	Analysis	Found Code	Found code from operand reference
0041ff60	Analysis	Found Code	Found code from operand reference
004200b0	Analysis	Found Code	Found code from operand reference
00420220	Analysis	Found Code	Found code from operand reference
004205d0	Analysis	Found Code	Found code from operand reference
00420610	Analysis	Found Code	Found code from operand reference
00421100	Analysis	Found Code	Found code from operand reference
00421820	Analysis	Found Code	Found code from operand reference
004219f0	Analysis	Found Code	Found code from operand reference
00426190	Analysis	Found Code	Found code from operand reference
0042c880	Analysis	Found Code	Found code from operand reference
0042c890	Analysis	Found Code	Found code from operand reference
0042c8a0	Analysis	Found Code	Found code from operand reference
0042c8d0	Analysis	Found Code	Found code from operand reference
0042caf0	Analysis	Found Code	Found code from operand reference
0042d690	Analysis	Found Code	Found code from operand reference
0042d990	Analysis	Found Code	Found code from operand reference
0042da40	Analysis	Found Code	Found code from operand reference
0042da60	Analysis	Found Code	Found code from operand reference
0042db20	Analysis	Found Code	Found code from operand reference
0042db40	Analysis	Found Code	Found code from operand reference
0042dde0	Analysis	Found Code	Found code from operand reference
0042de00	Analysis	Found Code	Found code from operand reference
0042e330	Analysis	Found Code	Found code from operand reference
0042e420	Analysis	Found Code	Found code from operand reference
0042e440	Analysis	Found Code	Found code from operand reference
0042e480	Analysis	Found Code	Found code from operand reference
004303b0	Analysis	Found Code	Found code from operand reference
00430750	Analysis	Found Code	Found code from operand reference
00430ac0	Analysis	Found Code	Found code from operand reference
00430b50	Analysis	Found Code	Found code from operand reference
00430b90	Analysis	Found Code	Found code from operand reference
00430be0	Analysis	Found Code	Found code from operand reference
00430fb0	Analysis	Found Code	Found code from operand reference
00430fd0	Analysis	Found Code	Found code from operand reference
00430ff0	Analysis	Found Code	Found code from operand reference
00431980	Analysis	Found Code	Found code from operand reference
00432240	Analysis	Found Code	Found code from operand reference
00432320	Analysis	Found Code	Found code from operand reference
004327b0	Analysis	Found Code	Found code from operand reference
00432850	Analysis	Found Code	Found code from operand reference
00432950	Analysis	Found Code	Found code from operand reference
00432de0	Analysis	Found Code	Found code from operand reference
00432e00	Analysis	Found Code	Found code from operand reference
00432e20	Analysis	Found Code	Found code from operand reference
00432ea0	Analysis	Found Code	Found code from operand reference
00432f00	Analysis	Found Code	Found code from operand reference
00433370	Analysis	Found Code	Found code from operand reference
00433ea0	Analysis	Found Code	Found code from operand reference
00434630	Analysis	Found Code	Found code from operand reference
004347e0	Analysis	Found Code	Found code from operand reference
00434820	Analysis	Found Code	Found code from operand reference
004360a0	Analysis	Found Code	Found code from operand reference
00436150	Analysis	Found Code	Found code from operand reference
00436e30	Analysis	Found Code	Found code from operand reference
00436e40	Analysis	Found Code	Found code from operand reference
00436e80	Analysis	Found Code	Found code from operand reference
00436ec0	Analysis	Found Code	Found code from operand reference
00436f00	Analysis	Found Code	Found code from operand reference
00436f30	Analysis	Found Code	Found code from operand reference
00436f70	Analysis	Found Code	Found code from operand reference
00437d90	Analysis	Found Code	Found code from operand reference
00438620	Analysis	Found Code	Found code from operand reference
00438630	Analysis	Found Code	Found code from operand reference
00438c20	Analysis	Found Code	Found code from operand reference
00438e80	Analysis	Found Code	Found code from operand reference
00438ea0	Analysis	Found Code	Found code from operand reference
00438ee0	Analysis	Found Code	Found code from operand reference
00439210	Analysis	Found Code	Found code from operand reference
00439390	Analysis	Found Code	Found code from operand reference
00439500	Analysis	Found Code	Found code from operand reference
00439510	Analysis	Found Code	Found code from operand reference
00439520	Analysis	Found Code	Found code from operand reference
00439530	Analysis	Found Code	Found code from operand reference
00439540	Analysis	Found Code	Found code from operand reference
00439590	Analysis	Found Code	Found code from operand reference
004395a0	Analysis	Found Code	Found code from operand reference
004395b0	Analysis	Found Code	Found code from operand reference
004395c0	Analysis	Found Code	Found code from operand reference
004395d0	Analysis	Found Code	Found code from operand reference
004395e0	Analysis	Found Code	Found code from operand reference
0043ab70	Analysis	Found Code	Found code from operand reference
0043b4e0	Analysis	Found Code	Found code from operand reference
0043b540	Analysis	Found Code	Found code from operand reference
0043b5c0	Analysis	Found Code	Found code from operand reference
0043bb90	Analysis	Found Code	Found code from operand reference
0043cb90	Analysis	Found Code	Found code from operand reference
0043cbc0	Analysis	Found Code	Found code from operand reference
0043d1b0	Analysis	Found Code	Found code from operand reference
0043dda0	Analysis	Found Code	Found code from operand reference
0043def0	Analysis	Found Code	Found code from operand reference
0043e0b0	Analysis	Found Code	Found code from operand reference
0043e0e0	Analysis	Found Code	Found code from operand reference
0043eee0	Analysis	Found Code	Found code from operand reference
0043eff0	Analysis	Found Code	Found code from operand reference
004422a0	Analysis	Found Code	Found code from operand reference
00442350	Analysis	Found Code	Found code from operand reference
004437d0	Analysis	Found Code	Found code from operand reference
00443930	Analysis	Found Code	Found code from operand reference
00443a60	Analysis	Found Code	Found code from operand reference
00448cf0	Analysis	Found Code	Found code from operand reference
004499b0	Analysis	Found Code	Found code from operand reference
00449b70	Analysis	Found Code	Found code from operand reference
00449ba0	Analysis	Found Code	Found code from operand reference
00449bb0	Analysis	Found Code	Found code from operand reference
00449c10	Analysis	Found Code	Found code from operand reference
004528a0	Analysis	Found Code	Found code from operand reference
00452b40	Analysis	Found Code	Found code from operand reference
00452c80	Analysis	Found Code	Found code from operand reference
004531f0	Analysis	Found Code	Found code from operand reference
00453410	Analysis	Found Code	Found code from operand reference
004559a0	Analysis	Found Code	Found code from operand reference
004559e0	Analysis	Found Code	Found code from operand reference
00456660	Analysis	Found Code	Found code from operand reference
00457390	Analysis	Found Code	Found code from operand reference
00457de0	Analysis	Found Code	Found code from operand reference
00458530	Analysis	Found Code	Found code from operand reference
00458be0	Analysis	Found Code	Found code from operand reference
004594a0	Analysis	Found Code	Found code from operand reference
00459cc0	Analysis	Found Code	Found code from operand reference
00459e10	Analysis	Found Code	Found code from operand reference
0045a450	Analysis	Found Code	Found code from operand reference
0045a460	Analysis	Found Code	Found code from operand reference
0045a470	Analysis	Found Code	Found code from operand reference
0045a480	Analysis	Found Code	Found code from operand reference
0045a490	Analysis	Found Code	Found code from operand reference
0045a4a0	Analysis	Found Code	Found code from operand reference
0045aa20	Analysis	Found Code	Found code from operand reference
0045aae0	Analysis	Found Code	Found code from operand reference
0045af40	Analysis	Found Code	Found code from operand reference
0045b9a0	Analysis	Found Code	Found code from operand reference
0045bb40	Analysis	Found Code	Found code from operand reference
0045bb70	Analysis	Found Code	Found code from operand reference
0045d650	Analysis	Found Code	Found code from operand reference
0045d710	Analysis	Found Code	Found code from operand reference
0045d7c0	Analysis	Found Code	Found code from operand reference
0045d890	Analysis	Found Code	Found code from operand reference
0045d950	Analysis	Found Code	Found code from operand reference
0045db00	Analysis	Found Code	Found code from operand reference
0045dbf0	Analysis	Found Code	Found code from operand reference
0045dc30	Analysis	Found Code	Found code from operand reference
0045dce0	Analysis	Found Code	Found code from operand reference
0045dd10	Analysis	Found Code	Found code from operand reference
0045dd20	Analysis	Found Code	Found code from operand reference
0045dd40	Analysis	Found Code	Found code from operand reference
0045dd50	Analysis	Found Code	Found code from operand reference
0045dda0	Analysis	Found Code	Found code from operand reference
0045ddb0	Analysis	Found Code	Found code from operand reference
0045de00	Analysis	Found Code	Found code from operand reference
0045de40	Analysis	Found Code	Found code from operand reference
0045de80	Analysis	Found Code	Found code from operand reference
0045de90	Analysis	Found Code	Found code from operand reference
0045deb0	Analysis	Found Code	Found code from operand reference
0045ed80	Analysis	Found Code	Found code from operand reference
00461600	Analysis	Found Code	Found code from operand reference
004616b0	Analysis	Found Code	Found code from operand reference
00461750	Analysis	Found Code	Found code from operand reference
004622e0	Analysis	Found Code	Found code from operand reference
00462380	Analysis	Found Code	Found code from operand reference
00463900	Analysis	Found Code	Found code from operand reference
00463920	Analysis	Found Code	Found code from operand reference
00463a00	Analysis	Found Code	Found code from operand reference
00463b50	Analysis	Found Code	Found code from operand reference
00463b70	Analysis	Found Code	Found code from operand reference
00463c10	Analysis	Found Code	Found code from operand reference
00463cb0	Analysis	Found Code	Found code from operand reference
00463cd0	Analysis	Found Code	Found code from operand reference
00463d90	Analysis	Found Code	Found code from operand reference
00463da0	Analysis	Found Code	Found code from operand reference
00463dc0	Analysis	Found Code	Found code from operand reference
00463e30	Analysis	Found Code	Found code from operand reference
00463eb0	Analysis	Found Code	Found code from operand reference
00463f10	Analysis	Found Code	Found code from operand reference
00463f60	Analysis	Found Code	Found code from operand reference
00463f70	Analysis	Found Code	Found code from operand reference
00463f90	Analysis	Found Code	Found code from operand reference
00463fc0	Analysis	Found Code	Found code from operand reference
00464010	Analysis	Found Code	Found code from operand reference
004640b0	Analysis	Found Code	Found code from operand reference
00464230	Analysis	Found Code	Found code from operand reference
00464300	Analysis	Found Code	Found code from operand reference
00464320	Analysis	Found Code	Found code from operand reference
00464340	Analysis	Found Code	Found code from operand reference
00464360	Analysis	Found Code	Found code from operand reference
00464380	Analysis	Found Code	Found code from operand reference
004643b0	Analysis	Found Code	Found code from operand reference
004643e0	Analysis	Found Code	Found code from operand reference
00464400	Analysis	Found Code	Found code from operand reference
00464420	Analysis	Found Code	Found code from operand reference
00464440	Analysis	Found Code	Found code from operand reference
00464460	Analysis	Found Code	Found code from operand reference
00464480	Analysis	Found Code	Found code from operand reference
00464490	Analysis	Found Code	Found code from operand reference
004644a0	Analysis	Found Code	Found code from operand reference
004644b0	Analysis	Found Code	Found code from operand reference
00468f00	Analysis	Found Code	Found code from operand reference
00468f20	Analysis	Found Code	Found code from operand reference
00469280	Analysis	Found Code	Found code from operand reference
00469750	Analysis	Found Code	Found code from operand reference
0046c040	Analysis	Found Code	Found code from operand reference
0046c070	Analysis	Found Code	Found code from operand reference
0046cc20	Analysis	Found Code	Found code from operand reference
0046cca0	Analysis	Found Code	Found code from operand reference
0046cce0	Analysis	Found Code	Found code from operand reference
0046cd90	Analysis	Found Code	Found code from operand reference
0046cde0	Analysis	Found Code	Found code from operand reference
0046ce30	Analysis	Found Code	Found code from operand reference
0046d3f0	Analysis	Found Code	Found code from operand reference
0046d6f0	Analysis	Found Code	Found code from operand reference
0046d840	Analysis	Found Code	Found code from operand reference
0046dbb0	Analysis	Found Code	Found code from operand reference
0046dde0	Analysis	Found Code	Found code from operand reference
0046de20	Analysis	Found Code	Found code from operand reference
0046e4d0	Analysis	Found Code	Found code from operand reference
0046e590	Analysis	Found Code	Found code from operand reference
0046eb20	Analysis	Found Code	Found code from operand reference
0046ec50	Analysis	Found Code	Found code from operand reference
0046ecd0	Analysis	Found Code	Found code from operand reference
0046ed50	Analysis	Found Code	Found code from operand reference
0046ee70	Analysis	Found Code	Found code from operand reference
0046ef20	Analysis	Found Code	Found code from operand reference
0046ef60	Analysis	Found Code	Found code from operand reference
0046f200	Analysis	Found Code	Found code from operand reference
0046f310	Analysis	Found Code	Found code from operand reference
0046f340	Analysis	Found Code	Found code from operand reference
0046f390	Analysis	Found Code	Found code from operand reference
0046fbc0	Analysis	Found Code	Found code from operand reference
00471ab0	Analysis	Found Code	Found code from operand reference
00474270	Analysis	Found Code	Found code from operand reference
00474290	Analysis	Found Code	Found code from operand reference
00474d20	Analysis	Found Code	Found code from operand reference
004768a0	Analysis	Found Code	Found code from operand reference
0047ab02	Analysis	Found Code	Found code from operand reference
0047ab20	Analysis	Found Code	Found code from operand reference
00481f20	Analysis	Found Code	Found code from operand reference
00481f80	Analysis	Found Code	Found code from operand reference
00483850	Analysis	Found Code	Found code from operand reference
00483ac0	Analysis	Found Code	Found code from operand reference
00483b40	Analysis	Found Code	Found code from operand reference
00483bf0	Analysis	Found Code	Found code from operand reference
00484570	Analysis	Found Code	Found code from operand reference
004845c0	Analysis	Found Code	Found code from operand reference
00484600	Analysis	Found Code	Found code from operand reference
00484910	Analysis	Found Code	Found code from operand reference
00484960	Analysis	Found Code	Found code from operand reference
00484a90	Analysis	Found Code	Found code from operand reference
00484af0	Analysis	Found Code	Found code from operand reference
00484b20	Analysis	Found Code	Found code from operand reference
00484b30	Analysis	Found Code	Found code from operand reference
00484b40	Analysis	Found Code	Found code from operand reference
00486370	Analysis	Found Code	Found code from operand reference
00486860	Analysis	Found Code	Found code from operand reference
004868c0	Analysis	Found Code	Found code from operand reference
00489360	Analysis	Found Code	Found code from operand reference
0048a950	Analysis	Found Code	Found code from operand reference
0048b530	Analysis	Found Code	Found code from operand reference
0048b650	Analysis	Found Code	Found code from operand reference
0048c7a0	Analysis	Found Code	Found code from operand reference
0048c840	Analysis	Found Code	Found code from operand reference
0048c900	Analysis	Found Code	Found code from operand reference
0048c950	Analysis	Found Code	Found code from operand reference
0048cc60	Analysis	Found Code	Found code from operand reference
0048d370	Analysis	Found Code	Found code from operand reference
0048d520	Analysis	Found Code	Found code from operand reference
0048d670	Analysis	Found Code	Found code from operand reference
0048dbb0	Analysis	Found Code	Found code from operand reference
0048dfc0	Analysis	Found Code	Found code from operand reference
0048dfe0	Analysis	Found Code	Found code from operand reference
0048ebc0	Analysis	Found Code	Found code from operand reference
0048ed70	Analysis	Found Code	Found code from operand reference
00490bb0	Analysis	Found Code	Found code from operand reference
00491620	Analysis	Found Code	Found code from operand reference
00491920	Analysis	Found Code	Found code from operand reference
00491e40	Analysis	Found Code	Found code from operand reference
00491eb0	Analysis	Found Code	Found code from operand reference
00492de0	Analysis	Found Code	Found code from operand reference
00492df0	Analysis	Found Code	Found code from operand reference
00492e10	Analysis	Found Code	Found code from operand reference
004934f0	Analysis	Found Code	Found code from operand reference
00493670	Analysis	Found Code	Found code from operand reference
00493b20	Analysis	Found Code	Found code from operand reference
00493b40	Analysis	Found Code	Found code from operand reference
00493b60	Analysis	Found Code	Found code from operand reference
00495b10	Analysis	Found Code	Found code from operand reference
00496650	Analysis	Found Code	Found code from operand reference
00496690	Analysis	Found Code	Found code from operand reference
004977b0	Analysis	Found Code	Found code from operand reference
004977c0	Analysis	Found Code	Found code from operand reference
00499dd0	Analysis	Found Code	Found code from operand reference
00499de0	Analysis	Found Code	Found code from operand reference
00499e10	Analysis	Found Code	Found code from operand reference
00499e50	Analysis	Found Code	Found code from operand reference
00499f00	Analysis	Found Code	Found code from operand reference
00499f60	Analysis	Found Code	Found code from operand reference
0049a520	Analysis	Found Code	Found code from operand reference
0049a540	Analysis	Found Code	Found code from operand reference
0049acf0	Analysis	Found Code	Found code from operand reference
0049ae40	Analysis	Found Code	Found code from operand reference
0049e9a0	Analysis	Found Code	Found code from operand reference
0049eb90	Analysis	Found Code	Found code from operand reference
0049f410	Analysis	Found Code	Found code from operand reference
0049f430	Analysis	Found Code	Found code from operand reference
0049f540	Analysis	Found Code	Found code from operand reference
0049f910	Analysis	Found Code	Found code from operand reference
004a0420	Analysis	Found Code	Found code from operand reference
004a09e0	Analysis	Found Code	Found code from operand reference
004a1100	Analysis	Found Code	Found code from operand reference
004a1140	Analysis	Found Code	Found code from operand reference
004a2650	Analysis	Found Code	Found code from operand reference
004a2980	Analysis	Found Code	Found code from operand reference
004bbf80	Analysis	Found Code	Found code from operand reference
004bbfa0	Analysis	Found Code	Found code from operand reference
004bbfd0	Analysis	Found Code	Found code from operand reference
004bbff0	Analysis	Found Code	Found code from operand reference
004bc010	Analysis	Found Code	Found code from operand reference
004bd130	Analysis	Found Code	Found code from operand reference
004bd160	Analysis	Found Code	Found code from operand reference
004bd260	Analysis	Found Code	Found code from operand reference
004bd280	Analysis	Found Code	Found code from operand reference
004bd2e0	Analysis	Found Code	Found code from operand reference
004bd320	Analysis	Found Code	Found code from operand reference
004bd3d0	Analysis	Found Code	Found code from operand reference
004bd510	Analysis	Found Code	Found code from operand reference
004bd640	Analysis	Found Code	Found code from operand reference
004bd6e0	Analysis	Found Code	Found code from operand reference
004bd790	Analysis	Found Code	Found code from operand reference
004bd840	Analysis	Found Code	Found code from operand reference
004bd8b0	Analysis	Found Code	Found code from operand reference
004bd920	Analysis	Found Code	Found code from operand reference
004bdc00	Analysis	Found Code	Found code from operand reference
004bdd40	Analysis	Found Code	Found code from operand reference
004bde90	Analysis	Found Code	Found code from operand reference
004bdfa0	Analysis	Found Code	Found code from operand reference
004be670	Analysis	Found Code	Found code from operand reference
004be6b0	Analysis	Found Code	Found code from operand reference
004be6d0	Analysis	Found Code	Found code from operand reference
004be720	Analysis	Found Code	Found code from operand reference
004be820	Analysis	Found Code	Found code from operand reference
004be8f0	Analysis	Found Code	Found code from operand reference
004bed90	Analysis	Found Code	Found code from operand reference
004bf4f0	Analysis	Found Code	Found code from operand reference
004bff20	Analysis	Found Code	Found code from operand reference
004c0b50	Analysis	Found Code	Found code from operand reference
004c0c10	Analysis	Found Code	Found code from operand reference
004c0e40	Analysis	Found Code	Found code from operand reference
004c1120	Analysis	Found Code	Found code from operand reference
004c1420	Analysis	Found Code	Found code from operand reference
004c1830	Analysis	Found Code	Found code from operand reference
004c2050	Analysis	Found Code	Found code from operand reference
004c20d0	Analysis	Found Code	Found code from operand reference
004c2810	Analysis	Found Code	Found code from operand reference
004c3370	Analysis	Found Code	Found code from operand reference
004c33d0	Analysis	Found Code	Found code from operand reference
004c3f20	Analysis	Found Code	Found code from operand reference
004c40d0	Analysis	Found Code	Found code from operand reference
004c4100	Analysis	Found Code	Found code from operand reference
004c4220	Analysis	Found Code	Found code from operand reference
004e7f00	Analysis	Found Code	Found code from operand reference
004ee840	Analysis	Found Code	Found code from operand reference
004f65f0	Analysis	Found Code	Found code from operand reference
00502ad0	Analysis	Found Code	Found code from operand reference
00504580	Analysis	Found Code	Found code from operand reference
00504600	Analysis	Found Code	Found code from operand reference
00504750	Analysis	Found Code	Found code from operand reference
0050a010	Analysis	Found Code	Found code from operand reference
0051126a	Analysis	Found Code	Found code from operand reference
005153a2	Analysis	Found Code	Found code from operand reference
00515561	Analysis	Found Code	Found code from operand reference
00519058	Analysis	Found Code	Found code from operand reference
00519abc	Analysis	Found Code	Found code from operand reference
0051a5ac	Analysis	Found Code	Found code from operand reference
0051de15	Analysis	Found Code	Found code from operand reference
0051de6b	Analysis	Found Code	Found code from operand reference
0051de9f	Analysis	Found Code	Found code from operand reference
0051dead	Analysis	Found Code	Found code from operand reference
0052a5b0	Analysis	Found Code	Found code from operand reference
0052b090	Analysis	Found Code	Found code from operand reference
0052bd70	Analysis	Found Code	Found code from operand reference
0052dd00	Analysis	Found Code	Found code from operand reference
00531948	Analysis	Found Code	Found code from operand reference
0053197e	Analysis	Found Code	Found code from operand reference
005319bb	Analysis	Found Code	Found code from operand reference
005319f3	Analysis	Found Code	Found code from operand reference
00531a1b	Analysis	Found Code	Found code from operand reference
00531a4b	Analysis	Found Code	Found code from operand reference
00531a83	Analysis	Found Code	Found code from operand reference
00531ab6	Analysis	Found Code	Found code from operand reference
00531af3	Analysis	Found Code	Found code from operand reference
00531b31	Analysis	Found Code	Found code from operand reference
00531b5b	Analysis	Found Code	Found code from operand reference
00531b96	Analysis	Found Code	Found code from operand reference
00531bcb	Analysis	Found Code	Found code from operand reference
00531bfb	Analysis	Found Code	Found code from operand reference
00531c2b	Analysis	Found Code	Found code from operand reference
00531c5b	Analysis	Found Code	Found code from operand reference
00531c8b	Analysis	Found Code	Found code from operand reference
00531cbb	Analysis	Found Code	Found code from operand reference
00531cf6	Analysis	Found Code	Found code from operand reference
00531d2b	Analysis	Found Code	Found code from operand reference
00531d5b	Analysis	Found Code	Found code from operand reference
00531d8b	Analysis	Found Code	Found code from operand reference
00531dbb	Analysis	Found Code	Found code from operand reference
00531df6	Analysis	Found Code	Found code from operand reference
00531e2b	Analysis	Found Code	Found code from operand reference
00531e71	Analysis	Found Code	Found code from operand reference
00531ea6	Analysis	Found Code	Found code from operand reference
00531ee6	Analysis	Found Code	Found code from operand reference
00531f1b	Analysis	Found Code	Found code from operand reference
00531f56	Analysis	Found Code	Found code from operand reference
00531f8b	Analysis	Found Code	Found code from operand reference
00531fbb	Analysis	Found Code	Found code from operand reference
00531feb	Analysis	Found Code	Found code from operand reference
00532031	Analysis	Found Code	Found code from operand reference
0053205b	Analysis	Found Code	Found code from operand reference
0053208b	Analysis	Found Code	Found code from operand reference
005320bb	Analysis	Found Code	Found code from operand reference
005320eb	Analysis	Found Code	Found code from operand reference
0053211b	Analysis	Found Code	Found code from operand reference
00532156	Analysis	Found Code	Found code from operand reference
0053218b	Analysis	Found Code	Found code from operand reference
005321c6	Analysis	Found Code	Found code from operand reference
00532211	Analysis	Found Code	Found code from operand reference
00532246	Analysis	Found Code	Found code from operand reference
00532278	Analysis	Found Code	Found code from operand reference
005322b6	Analysis	Found Code	Found code from operand reference
005322eb	Analysis	Found Code	Found code from operand reference
0053231b	Analysis	Found Code	Found code from operand reference
0053235b	Analysis	Found Code	Found code from operand reference
00532388	Analysis	Found Code	Found code from operand reference
005323bb	Analysis	Found Code	Found code from operand reference
005323f6	Analysis	Found Code	Found code from operand reference
00532436	Analysis	Found Code	Found code from operand reference
0053246b	Analysis	Found Code	Found code from operand reference
00532498	Analysis	Found Code	Found code from operand reference
005324c8	Analysis	Found Code	Found code from operand reference
005324f8	Analysis	Found Code	Found code from operand reference
00532528	Analysis	Found Code	Found code from operand reference
00532558	Analysis	Found Code	Found code from operand reference
00532588	Analysis	Found Code	Found code from operand reference
005325b8	Analysis	Found Code	Found code from operand reference
005325e8	Analysis	Found Code	Found code from operand reference
00532623	Analysis	Found Code	Found code from operand reference
0053264b	Analysis	Found Code	Found code from operand reference
00532683	Analysis	Found Code	Found code from operand reference
005326a8	Analysis	Found Code	Found code from operand reference
005326db	Analysis	Found Code	Found code from operand reference
0053270b	Analysis	Found Code	Found code from operand reference
00532738	Analysis	Found Code	Found code from operand reference
00532768	Analysis	Found Code	Found code from operand reference
00532798	Analysis	Found Code	Found code from operand reference
005327c8	Analysis	Found Code	Found code from operand reference
00532806	Analysis	Found Code	Found code from operand reference
00532838	Analysis	Found Code	Found code from operand reference
0053286e	Analysis	Found Code	Found code from operand reference
005328a6	Analysis	Found Code	Found code from operand reference
005328db	Analysis	Found Code	Found code from operand reference
0053290b	Analysis	Found Code	Found code from operand reference
00532956	Analysis	Found Code	Found code from operand reference
00532988	Analysis	Found Code	Found code from operand reference
005329b8	Analysis	Found Code	Found code from operand reference
005329eb	Analysis	Found Code	Found code from operand reference
00532a1b	Analysis	Found Code	Found code from operand reference
00532a53	Analysis	Found Code	Found code from operand reference
00532a78	Analysis	Found Code	Found code from operand reference
00532ae7	Analysis	Found Code	Found code from operand reference
00532b1b	Analysis	Found Code	Found code from operand reference
00532b56	Analysis	Found Code	Found code from operand reference
00532b8b	Analysis	Found Code	Found code from operand reference
00532bbb	Analysis	Found Code	Found code from operand reference
00532beb	Analysis	Found Code	Found code from operand reference
00532c1b	Analysis	Found Code	Found code from operand reference
00532c4b	Analysis	Found Code	Found code from operand reference
00532c78	Analysis	Found Code	Found code from operand reference
00532cab	Analysis	Found Code	Found code from operand reference
00532cdb	Analysis	Found Code	Found code from operand reference
00532d0b	Analysis	Found Code	Found code from operand reference
00532d3b	Analysis	Found Code	Found code from operand reference
00532d6b	Analysis	Found Code	Found code from operand reference
00532d98	Analysis	Found Code	Found code from operand reference
00532dc8	Analysis	Found Code	Found code from operand reference
00532df8	Analysis	Found Code	Found code from operand reference
00532e28	Analysis	Found Code	Found code from operand reference
00532e5b	Analysis	Found Code	Found code from operand reference
00532e8b	Analysis	Found Code	Found code from operand reference
00532ed1	Analysis	Found Code	Found code from operand reference
00532f11	Analysis	Found Code	Found code from operand reference
00532f3e	Analysis	Found Code	Found code from operand reference
00532f7e	Analysis	Found Code	Found code from operand reference
00532fbb	Analysis	Found Code	Found code from operand reference
00532feb	Analysis	Found Code	Found code from operand reference
0053301b	Analysis	Found Code	Found code from operand reference
00533071	Analysis	Found Code	Found code from operand reference
0053309b	Analysis	Found Code	Found code from operand reference
005330de	Analysis	Found Code	Found code from operand reference
00533118	Analysis	Found Code	Found code from operand reference
00533156	Analysis	Found Code	Found code from operand reference
005331d8	Analysis	Found Code	Found code from operand reference
0053320b	Analysis	Found Code	Found code from operand reference
0053323b	Analysis	Found Code	Found code from operand reference
0053327b	Analysis	Found Code	Found code from operand reference
005332ab	Analysis	Found Code	Found code from operand reference
005332db	Analysis	Found Code	Found code from operand reference
0053330b	Analysis	Found Code	Found code from operand reference
0053333b	Analysis	Found Code	Found code from operand reference
00533376	Analysis	Found Code	Found code from operand reference
005333b6	Analysis	Found Code	Found code from operand reference
00533401	Analysis	Found Code	Found code from operand reference
0053342b	Analysis	Found Code	Found code from operand reference
00533458	Analysis	Found Code	Found code from operand reference
00533473	Analysis	Found Code	Found code from operand reference
0053349b	Analysis	Found Code	Found code from operand reference
005334e0	Analysis	Found Code	Found code from operand reference
00533520	Analysis	Found Code	Found code from operand reference
0053356c	Analysis	Found Code	Found code from operand reference
005335bc	Analysis	Found Code	Found code from operand reference
005335e8	Analysis	Found Code	Found code from operand reference
0053361b	Analysis	Found Code	Found code from operand reference
0053364b	Analysis	Found Code	Found code from operand reference
0053367b	Analysis	Found Code	Found code from operand reference
005336bb	Analysis	Found Code	Found code from operand reference
005336eb	Analysis	Found Code	Found code from operand reference
0053371b	Analysis	Found Code	Found code from operand reference
00533777	Analysis	Found Code	Found code from operand reference
005337ab	Analysis	Found Code	Found code from operand reference
005337e6	Analysis	Found Code	Found code from operand reference
00533826	Analysis	Found Code	Found code from operand reference
0053385b	Analysis	Found Code	Found code from operand reference
0053388b	Analysis	Found Code	Found code from operand reference
005338b8	Analysis	Found Code	Found code from operand reference
005338e8	Analysis	Found Code	Found code from operand reference
0053391b	Analysis	Found Code	Found code from operand reference
0053394b	Analysis	Found Code	Found code from operand reference
0053398e	Analysis	Found Code	Found code from operand reference
005339bb	Analysis	Found Code	Found code from operand reference
005339eb	Analysis	Found Code	Found code from operand reference
00533a1b	Analysis	Found Code	Found code from operand reference
00533a56	Analysis	Found Code	Found code from operand reference
00533a8b	Analysis	Found Code	Found code from operand reference
00533abb	Analysis	Found Code	Found code from operand reference
00533aeb	Analysis	Found Code	Found code from operand reference
00533b28	Analysis	Found Code	Found code from operand reference
00533b5b	Analysis	Found Code	Found code from operand reference
00533b8b	Analysis	Found Code	Found code from operand reference
00533bbb	Analysis	Found Code	Found code from operand reference
00533bf6	Analysis	Found Code	Found code from operand reference
00533c2b	Analysis	Found Code	Found code from operand reference
00533c58	Analysis	Found Code	Found code from operand reference
00533c93	Analysis	Found Code	Found code from operand reference
00533cbb	Analysis	Found Code	Found code from operand reference
00533ceb	Analysis	Found Code	Found code from operand reference
00533d18	Analysis	Found Code	Found code from operand reference
00533d4b	Analysis	Found Code	Found code from operand reference
00533d78	Analysis	Found Code	Found code from operand reference
00533da8	Analysis	Found Code	Found code from operand reference
00533ddb	Analysis	Found Code	Found code from operand reference
00533e0b	Analysis	Found Code	Found code from operand reference
00533e46	Analysis	Found Code	Found code from operand reference
00533e7b	Analysis	Found Code	Found code from operand reference
00533ea8	Analysis	Found Code	Found code from operand reference
00533ecd	Analysis	Found Code	Found code from operand reference
00533ef2	Analysis	Found Code	Found code from operand reference
00533f1b	Analysis	Found Code	Found code from operand reference
00533f48	Analysis	Found Code	Found code from operand reference
00533f7b	Analysis	Found Code	Found code from operand reference
00533fab	Analysis	Found Code	Found code from operand reference
00533fdb	Analysis	Found Code	Found code from operand reference
0053400b	Analysis	Found Code	Found code from operand reference
0053403b	Analysis	Found Code	Found code from operand reference
00534068	Analysis	Found Code	Found code from operand reference
0053409b	Analysis	Found Code	Found code from operand reference
005340c8	Analysis	Found Code	Found code from operand reference
00534100	Analysis	Found Code	Found code from operand reference
0053412b	Analysis	Found Code	Found code from operand reference
0053415b	Analysis	Found Code	Found code from operand reference
0053418b	Analysis	Found Code	Found code from operand reference
005341bb	Analysis	Found Code	Found code from operand reference
00534201	Analysis	Found Code	Found code from operand reference
0053422b	Analysis	Found Code	Found code from operand reference
0053425b	Analysis	Found Code	Found code from operand reference
0053428b	Analysis	Found Code	Found code from operand reference
005342bb	Analysis	Found Code	Found code from operand reference
005342eb	Analysis	Found Code	Found code from operand reference
0053431b	Analysis	Found Code	Found code from operand reference
0053434b	Analysis	Found Code	Found code from operand reference
0053438b	Analysis	Found Code	Found code from operand reference
005343bb	Analysis	Found Code	Found code from operand reference
005343fb	Analysis	Found Code	Found code from operand reference
00534428	Analysis	Found Code	Found code from operand reference
00534466	Analysis	Found Code	Found code from operand reference
005344a6	Analysis	Found Code	Found code from operand reference
005344db	Analysis	Found Code	Found code from operand reference
00534508	Analysis	Found Code	Found code from operand reference
0053453b	Analysis	Found Code	Found code from operand reference
0053456b	Analysis	Found Code	Found code from operand reference
0053459b	Analysis	Found Code	Found code from operand reference
005345cb	Analysis	Found Code	Found code from operand reference
005345fb	Analysis	Found Code	Found code from operand reference
00534636	Analysis	Found Code	Found code from operand reference
00534676	Analysis	Found Code	Found code from operand reference
005346ab	Analysis	Found Code	Found code from operand reference
005346e6	Analysis	Found Code	Found code from operand reference
00534726	Analysis	Found Code	Found code from operand reference
00534766	Analysis	Found Code	Found code from operand reference
0053479b	Analysis	Found Code	Found code from operand reference
005347cb	Analysis	Found Code	Found code from operand reference
00534806	Analysis	Found Code	Found code from operand reference
0053483b	Analysis	Found Code	Found code from operand reference
00534868	Analysis	Found Code	Found code from operand reference
005348a0	Analysis	Found Code	Found code from operand reference
005348cb	Analysis	Found Code	Found code from operand reference
005348f8	Analysis	Found Code	Found code from operand reference
00534933	Analysis	Found Code	Found code from operand reference
0053495e	Analysis	Found Code	Found code from operand reference
005349a6	Analysis	Found Code	Found code from operand reference
005349de	Analysis	Found Code	Found code from operand reference
00534a0e	Analysis	Found Code	Found code from operand reference
00534a3e	Analysis	Found Code	Found code from operand reference
00534a6e	Analysis	Found Code	Found code from operand reference
00534a9b	Analysis	Found Code	Found code from operand reference
00534ac8	Analysis	Found Code	Found code from operand reference
00534af8	Analysis	Found Code	Found code from operand reference
00534b28	Analysis	Found Code	Found code from operand reference
00534b5e	Analysis	Found Code	Found code from operand reference
00534b9b	Analysis	Found Code	Found code from operand reference
00534bcb	Analysis	Found Code	Found code from operand reference
00534bf8	Analysis	Found Code	Found code from operand reference
00534c28	Analysis	Found Code	Found code from operand reference
00534c5b	Analysis	Found Code	Found code from operand reference
00534c9e	Analysis	Found Code	Found code from operand reference
00534cc8	Analysis	Found Code	Found code from operand reference
00534d03	Analysis	Found Code	Found code from operand reference
00534d3e	Analysis	Found Code	Found code from operand reference
00534d68	Analysis	Found Code	Found code from operand reference
00534d9b	Analysis	Found Code	Found code from operand reference
00534dd6	Analysis	Found Code	Found code from operand reference
00534e0e	Analysis	Found Code	Found code from operand reference
00534e40	Analysis	Found Code	Found code from operand reference
00534e68	Analysis	Found Code	Found code from operand reference
00534e98	Analysis	Found Code	Found code from operand reference
00534ecb	Analysis	Found Code	Found code from operand reference
00534ef8	Analysis	Found Code	Found code from operand reference
00534f2b	Analysis	Found Code	Found code from operand reference
00534f66	Analysis	Found Code	Found code from operand reference
00534f98	Analysis	Found Code	Found code from operand reference
00534fde	Analysis	Found Code	Found code from operand reference
0053501e	Analysis	Found Code	Found code from operand reference
00535048	Analysis	Found Code	Found code from operand reference
0053506d	Analysis	Found Code	Found code from operand reference
005350ba	Analysis	Found Code	Found code from operand reference
005350f8	Analysis	Found Code	Found code from operand reference
0053512e	Analysis	Found Code	Found code from operand reference
0053515b	Analysis	Found Code	Found code from operand reference
00535188	Analysis	Found Code	Found code from operand reference
005351b8	Analysis	Found Code	Found code from operand reference
005351eb	Analysis	Found Code	Found code from operand reference
00535242	Analysis	Found Code	Found code from operand reference
0053526b	Analysis	Found Code	Found code from operand reference
00535298	Analysis	Found Code	Found code from operand reference
005352c8	Analysis	Found Code	Found code from operand reference
005352f8	Analysis	Found Code	Found code from operand reference
00535328	Analysis	Found Code	Found code from operand reference
00535358	Analysis	Found Code	Found code from operand reference
00535388	Analysis	Found Code	Found code from operand reference
005353bb	Analysis	Found Code	Found code from operand reference
005353eb	Analysis	Found Code	Found code from operand reference
0053541b	Analysis	Found Code	Found code from operand reference
00535448	Analysis	Found Code	Found code from operand reference
00535478	Analysis	Found Code	Found code from operand reference
005354b3	Analysis	Found Code	Found code from operand reference
005354e3	Analysis	Found Code	Found code from operand reference
0053550b	Analysis	Found Code	Found code from operand reference
00535538	Analysis	Found Code	Found code from operand reference
00535568	Analysis	Found Code	Found code from operand reference
00535598	Analysis	Found Code	Found code from operand reference
005355c8	Analysis	Found Code	Found code from operand reference
005355f8	Analysis	Found Code	Found code from operand reference
00535633	Analysis	Found Code	Found code from operand reference
00535658	Analysis	Found Code	Found code from operand reference
00535700	Analysis	Found Code	Found code from operand reference
0053572b	Analysis	Found Code	Found code from operand reference
0053575b	Analysis	Found Code	Found code from operand reference
00535796	Analysis	Found Code	Found code from operand reference
005357cb	Analysis	Found Code	Found code from operand reference
00535806	Analysis	Found Code	Found code from operand reference
00535838	Analysis	Found Code	Found code from operand reference
00535868	Analysis	Found Code	Found code from operand reference
00535898	Analysis	Found Code	Found code from operand reference
005358c8	Analysis	Found Code	Found code from operand reference
00535906	Analysis	Found Code	Found code from operand reference
00535946	Analysis	Found Code	Found code from operand reference
00535978	Analysis	Found Code	Found code from operand reference
005359ab	Analysis	Found Code	Found code from operand reference
005359e3	Analysis	Found Code	Found code from operand reference
00535a08	Analysis	Found Code	Found code from operand reference
00535a3b	Analysis	Found Code	Found code from operand reference
00535a76	Analysis	Found Code	Found code from operand reference
00535ab6	Analysis	Found Code	Found code from operand reference
00535ae8	Analysis	Found Code	Found code from operand reference
00535b26	Analysis	Found Code	Found code from operand reference
00535b5b	Analysis	Found Code	Found code from operand reference
00535ba1	Analysis	Found Code	Found code from operand reference
00535bcb	Analysis	Found Code	Found code from operand reference
00535bf8	Analysis	Found Code	Found code from operand reference
00535c28	Analysis	Found Code	Found code from operand reference
00535c5b	Analysis	Found Code	Found code from operand reference
00535c96	Analysis	Found Code	Found code from operand reference
00535ccb	Analysis	Found Code	Found code from operand reference
00535cfb	Analysis	Found Code	Found code from operand reference
00535d2b	Analysis	Found Code	Found code from operand reference
00535d5b	Analysis	Found Code	Found code from operand reference
00535d8b	Analysis	Found Code	Found code from operand reference
00535dbb	Analysis	Found Code	Found code from operand reference
00535df6	Analysis	Found Code	Found code from operand reference
00535e4e	Analysis	Found Code	Found code from operand reference
00535e83	Analysis	Found Code	Found code from operand reference
00535eab	Analysis	Found Code	Found code from operand reference
00535ede	Analysis	Found Code	Found code from operand reference
00535f47	Analysis	Found Code	Found code from operand reference
00535f78	Analysis	Found Code	Found code from operand reference
00535fab	Analysis	Found Code	Found code from operand reference
00535fdb	Analysis	Found Code	Found code from operand reference
0053602c	Analysis	Found Code	Found code from operand reference
0053605b	Analysis	Found Code	Found code from operand reference
0053608b	Analysis	Found Code	Found code from operand reference
005360bb	Analysis	Found Code	Found code from operand reference
005360f6	Analysis	Found Code	Found code from operand reference
00536138	Analysis	Found Code	Found code from operand reference
0053616b	Analysis	Found Code	Found code from operand reference
0053619b	Analysis	Found Code	Found code from operand reference
005361cb	Analysis	Found Code	Found code from operand reference
005361f8	Analysis	Found Code	Found code from operand reference
0053622b	Analysis	Found Code	Found code from operand reference
0053625b	Analysis	Found Code	Found code from operand reference
0053628b	Analysis	Found Code	Found code from operand reference
005362bb	Analysis	Found Code	Found code from operand reference
005362e8	Analysis	Found Code	Found code from operand reference
00536318	Analysis	Found Code	Found code from operand reference
0053634e	Analysis	Found Code	Found code from operand reference
0053638b	Analysis	Found Code	Found code from operand reference
005363c9	Analysis	Found Code	Found code from operand reference
00536413	Analysis	Found Code	Found code from operand reference
0053643b	Analysis	Found Code	Found code from operand reference
0053646b	Analysis	Found Code	Found code from operand reference
005364a6	Analysis	Found Code	Found code from operand reference
005364d8	Analysis	Found Code	Found code from operand reference
00536516	Analysis	Found Code	Found code from operand reference
0053654b	Analysis	Found Code	Found code from operand reference
00536586	Analysis	Found Code	Found code from operand reference
005365b8	Analysis	Found Code	Found code from operand reference
005365e8	Analysis	Found Code	Found code from operand reference
00536618	Analysis	Found Code	Found code from operand reference
0053664b	Analysis	Found Code	Found code from operand reference
0053667b	Analysis	Found Code	Found code from operand reference
005366a8	Analysis	Found Code	Found code from operand reference
005366d8	Analysis	Found Code	Found code from operand reference
0053670b	Analysis	Found Code	Found code from operand reference
0053673b	Analysis	Found Code	Found code from operand reference
0053676e	Analysis	Found Code	Found code from operand reference
005367ae	Analysis	Found Code	Found code from operand reference
005367f1	Analysis	Found Code	Found code from operand reference
0053681b	Analysis	Found Code	Found code from operand reference
00536848	Analysis	Found Code	Found code from operand reference
00536883	Analysis	Found Code	Found code from operand reference
005368ab	Analysis	Found Code	Found code from operand reference
005368eb	Analysis	Found Code	Found code from operand reference
00536926	Analysis	Found Code	Found code from operand reference
0053695b	Analysis	Found Code	Found code from operand reference
005369b7	Analysis	Found Code	Found code from operand reference
005369eb	Analysis	Found Code	Found code from operand reference
00536a4c	Analysis	Found Code	Found code from operand reference
00536a8b	Analysis	Found Code	Found code from operand reference
00536ab8	Analysis	Found Code	Found code from operand reference
00536b04	Analysis	Found Code	Found code from operand reference
00536b5a	Analysis	Found Code	Found code from operand reference
00536ba1	Analysis	Found Code	Found code from operand reference
00536bcb	Analysis	Found Code	Found code from operand reference
00536bfb	Analysis	Found Code	Found code from operand reference
00536c36	Analysis	Found Code	Found code from operand reference
00536c78	Analysis	Found Code	Found code from operand reference
00536d7c	Analysis	Found Code	Found code from operand reference
00536daa	Analysis	Found Code	Found code from operand reference
00536ddb	Analysis	Found Code	Found code from operand reference
00536e0b	Analysis	Found Code	Found code from operand reference
00536e46	Analysis	Found Code	Found code from operand reference
00536e7b	Analysis	Found Code	Found code from operand reference
00536ea8	Analysis	Found Code	Found code from operand reference
00536f3e	Analysis	Found Code	Found code from operand reference
00536f76	Analysis	Found Code	Found code from operand reference
00536fb6	Analysis	Found Code	Found code from operand reference
00536feb	Analysis	Found Code	Found code from operand reference
0053701b	Analysis	Found Code	Found code from operand reference
00537053	Analysis	Found Code	Found code from operand reference
00537088	Analysis	Found Code	Found code from operand reference
005370b8	Analysis	Found Code	Found code from operand reference
00537101	Analysis	Found Code	Found code from operand reference
0053712b	Analysis	Found Code	Found code from operand reference
0053715b	Analysis	Found Code	Found code from operand reference
00537188	Analysis	Found Code	Found code from operand reference
005371bb	Analysis	Found Code	Found code from operand reference
005371eb	Analysis	Found Code	Found code from operand reference
00537218	Analysis	Found Code	Found code from operand reference
00537248	Analysis	Found Code	Found code from operand reference
00537278	Analysis	Found Code	Found code from operand reference
005372a8	Analysis	Found Code	Found code from operand reference
005372d8	Analysis	Found Code	Found code from operand reference
00537308	Analysis	Found Code	Found code from operand reference
00537338	Analysis	Found Code	Found code from operand reference
00537368	Analysis	Found Code	Found code from operand reference
0053739b	Analysis	Found Code	Found code from operand reference
005373d3	Analysis	Found Code	Found code from operand reference
005373fb	Analysis	Found Code	Found code from operand reference
00537436	Analysis	Found Code	Found code from operand reference
00537468	Analysis	Found Code	Found code from operand reference
00537498	Analysis	Found Code	Found code from operand reference
00537544	Analysis	Found Code	Found code from operand reference
00537576	Analysis	Found Code	Found code from operand reference
005375c1	Analysis	Found Code	Found code from operand reference
00537601	Analysis	Found Code	Found code from operand reference
0053768e	Analysis	Found Code	Found code from operand reference
005376bb	Analysis	Found Code	Found code from operand reference
005376f0	Analysis	Found Code	Found code from operand reference
00537718	Analysis	Found Code	Found code from operand reference
0053774b	Analysis	Found Code	Found code from operand reference
0053777b	Analysis	Found Code	Found code from operand reference
005377ab	Analysis	Found Code	Found code from operand reference
005377db	Analysis	Found Code	Found code from operand reference
00537816	Analysis	Found Code	Found code from operand reference
00537848	Analysis	Found Code	Found code from operand reference
00537878	Analysis	Found Code	Found code from operand reference
0053795b	Analysis	Found Code	Found code from operand reference
0053798b	Analysis	Found Code	Found code from operand reference
005379ce	Analysis	Found Code	Found code from operand reference
005379f8	Analysis	Found Code	Found code from operand reference
00537a28	Analysis	Found Code	Found code from operand reference
00537a63	Analysis	Found Code	Found code from operand reference
00537a88	Analysis	Found Code	Found code from operand reference
00537abb	Analysis	Found Code	Found code from operand reference
00537afb	Analysis	Found Code	Found code from operand reference
00537b28	Analysis	Found Code	Found code from operand reference
00537b5b	Analysis	Found Code	Found code from operand reference
00537b96	Analysis	Found Code	Found code from operand reference
00537bcb	Analysis	Found Code	Found code from operand reference
00537bfb	Analysis	Found Code	Found code from operand reference
00537c28	Analysis	Found Code	Found code from operand reference
00537c58	Analysis	Found Code	Found code from operand reference
00537c8b	Analysis	Found Code	Found code from operand reference
00537cbb	Analysis	Found Code	Found code from operand reference
00537ceb	Analysis	Found Code	Found code from operand reference
00537d52	Analysis	Found Code	Found code from operand reference
00537df4	Analysis	Found Code	Found code from operand reference
00537e94	Analysis	Found Code	Found code from operand reference
00537fa2	Analysis	Found Code	Found code from operand reference
00537fcb	Analysis	Found Code	Found code from operand reference
00537ffb	Analysis	Found Code	Found code from operand reference
0053802b	Analysis	Found Code	Found code from operand reference
00538058	Analysis	Found Code	Found code from operand reference
005380b7	Analysis	Found Code	Found code from operand reference
005380eb	Analysis	Found Code	Found code from operand reference
00538189	Analysis	Found Code	Found code from operand reference
00538229	Analysis	Found Code	Found code from operand reference
0053826b	Analysis	Found Code	Found code from operand reference
005382a6	Analysis	Found Code	Found code from operand reference
005382db	Analysis	Found Code	Found code from operand reference
0053830b	Analysis	Found Code	Found code from operand reference
0053839e	Analysis	Found Code	Found code from operand reference
005383cb	Analysis	Found Code	Found code from operand reference
0053840e	Analysis	Found Code	Found code from operand reference
0053843b	Analysis	Found Code	Found code from operand reference
0053846b	Analysis	Found Code	Found code from operand reference
0053849b	Analysis	Found Code	Found code from operand reference
005384c0	Analysis	Found Code	Found code from operand reference
005384eb	Analysis	Found Code	Found code from operand reference
0053851b	Analysis	Found Code	Found code from operand reference
00538556	Analysis	Found Code	Found code from operand reference
0053858e	Analysis	Found Code	Found code from operand reference
005385bb	Analysis	Found Code	Found code from operand reference
005385e0	Analysis	Found Code	Found code from operand reference
0053860b	Analysis	Found Code	Found code from operand reference
00538646	Analysis	Found Code	Found code from operand reference
0053867b	Analysis	Found Code	Found code from operand reference
0053872f	Analysis	Found Code	Found code from operand reference
0053875b	Analysis	Found Code	Found code from operand reference
00538922	Analysis	Found Code	Found code from operand reference
0053894b	Analysis	Found Code	Found code from operand reference
00538980	Analysis	Found Code	Found code from operand reference
005389ab	Analysis	Found Code	Found code from operand reference
005389db	Analysis	Found Code	Found code from operand reference
00538a0b	Analysis	Found Code	Found code from operand reference
00538a3b	Analysis	Found Code	Found code from operand reference
00538a6b	Analysis	Found Code	Found code from operand reference
00538a9b	Analysis	Found Code	Found code from operand reference
00538acb	Analysis	Found Code	Found code from operand reference
00538b06	Analysis	Found Code	Found code from operand reference
00538b5c	Analysis	Found Code	Found code from operand reference
00538ba6	Analysis	Found Code	Found code from operand reference
00538bd8	Analysis	Found Code	Found code from operand reference
00538c16	Analysis	Found Code	Found code from operand reference
00538c77	Analysis	Found Code	Found code from operand reference
00538caa	Analysis	Found Code	Found code from operand reference
00538cdb	Analysis	Found Code	Found code from operand reference
00538d0a	Analysis	Found Code	Found code from operand reference
00538d3a	Analysis	Found Code	Found code from operand reference
00538d6a	Analysis	Found Code	Found code from operand reference
00538d9a	Analysis	Found Code	Found code from operand reference
00538dca	Analysis	Found Code	Found code from operand reference
00538dfa	Analysis	Found Code	Found code from operand reference
00538e2a	Analysis	Found Code	Found code from operand reference
00538e5a	Analysis	Found Code	Found code from operand reference
00538e8a	Analysis	Found Code	Found code from operand reference
00538eba	Analysis	Found Code	Found code from operand reference
00538eea	Analysis	Found Code	Found code from operand reference
0053a980	Analysis	Found Code	Found code from operand reference
0053ac60	Analysis	Found Code	Found code from operand reference
0053ac70	Analysis	Found Code	Found code from operand reference
0053ad70	Analysis	Found Code	Found code from operand reference
0053ae80	Analysis	Found Code	Found code from operand reference
0053ae90	Analysis	Found Code	Found code from operand reference
0053aea0	Analysis	Found Code	Found code from operand reference
0053aeb0	Analysis	Found Code	Found code from operand reference
0053aec0	Analysis	Found Code	Found code from operand reference
0053aed0	Analysis	Found Code	Found code from operand reference
0053aee0	Analysis	Found Code	Found code from operand reference
0053aef0	Analysis	Found Code	Found code from operand reference
0053af00	Analysis	Found Code	Found code from operand reference
0053af10	Analysis	Found Code	Found code from operand reference
0053af20	Analysis	Found Code	Found code from operand reference
0053b120	Analysis	Found Code	Found code from operand reference
0053b150	Analysis	Found Code	Found code from operand reference
0053b1fa	Analysis	Found Code	Found code from operand reference
00452ce0	Analysis	Found Code	Found code from operand reference
00525a28	Analysis	Found Code	Found code from operand reference
0042d9b0	Analysis	Found Code	Found code from operand reference
0042da80	Analysis	Found Code	Found code from operand reference
00432420	Analysis	Found Code	Found code from operand reference
00432670	Analysis	Found Code	Found code from operand reference
00432830	Analysis	Found Code	Found code from operand reference
004328d0	Analysis	Found Code	Found code from operand reference
00432da0	Analysis	Found Code	Found code from operand reference
00438bd0	Analysis	Found Code	Found code from operand reference
00438de0	Analysis	Found Code	Found code from operand reference
004440c0	Analysis	Found Code	Found code from operand reference
00457d50	Analysis	Found Code	Found code from operand reference
004584a0	Analysis	Found Code	Found code from operand reference
00459fe0	Analysis	Found Code	Found code from operand reference
0045a160	Analysis	Found Code	Found code from operand reference
0045d2c0	Analysis	Found Code	Found code from operand reference
00476850	Analysis	Found Code	Found code from operand reference
004beae0	Analysis	Found Code	Found code from operand reference
004beb50	Analysis	Found Code	Found code from operand reference
004bebc0	Analysis	Found Code	Found code from operand reference
004bece0	Analysis	Found Code	Found code from operand reference
00538f0f	Analysis	Found Code	Found code from operand reference
0053a8d0	Analysis	Found Code	Found code from operand reference
0053a8e0	Analysis	Found Code	Found code from operand reference
0053a8f0	Analysis	Found Code	Found code from operand reference
0053a930	Analysis	Found Code	Found code from operand reference
0053a940	Analysis	Found Code	Found code from operand reference
0053a950	Analysis	Found Code	Found code from operand reference
0053a960	Analysis	Found Code	Found code from operand reference
0053a970	Analysis	Found Code	Found code from operand reference
0053a990	Analysis	Found Code	Found code from operand reference
0053a9a0	Analysis	Found Code	Found code from operand reference
0053a9b0	Analysis	Found Code	Found code from operand reference
0053a9c0	Analysis	Found Code	Found code from operand reference
0053a9d0	Analysis	Found Code	Found code from operand reference
0053a9e0	Analysis	Found Code	Found code from operand reference
0053aa30	Analysis	Found Code	Found code from operand reference
0053aa40	Analysis	Found Code	Found code from operand reference
0053aa50	Analysis	Found Code	Found code from operand reference
0053aa60	Analysis	Found Code	Found code from operand reference
0053aa70	Analysis	Found Code	Found code from operand reference
0053aa80	Analysis	Found Code	Found code from operand reference
0053aa90	Analysis	Found Code	Found code from operand reference
0053aaa0	Analysis	Found Code	Found code from operand reference
0053aab0	Analysis	Found Code	Found code from operand reference
0053aac0	Analysis	Found Code	Found code from operand reference
0053aad0	Analysis	Found Code	Found code from operand reference
0053aae0	Analysis	Found Code	Found code from operand reference
0053aaf0	Analysis	Found Code	Found code from operand reference
0053ab00	Analysis	Found Code	Found code from operand reference
0053ab10	Analysis	Found Code	Found code from operand reference
0053ab20	Analysis	Found Code	Found code from operand reference
0053ab30	Analysis	Found Code	Found code from operand reference
0053ab40	Analysis	Found Code	Found code from operand reference
0053ab50	Analysis	Found Code	Found code from operand reference
0053ab60	Analysis	Found Code	Found code from operand reference
0053ab70	Analysis	Found Code	Found code from operand reference
0053ab80	Analysis	Found Code	Found code from operand reference
0053ab90	Analysis	Found Code	Found code from operand reference
0053ac20	Analysis	Found Code	Found code from operand reference
0053ac80	Analysis	Found Code	Found code from operand reference
0053ac90	Analysis	Found Code	Found code from operand reference
0053aca0	Analysis	Found Code	Found code from operand reference
0053acb0	Analysis	Found Code	Found code from operand reference
0053acc0	Analysis	Found Code	Found code from operand reference
0053acd0	Analysis	Found Code	Found code from operand reference
0053ace0	Analysis	Found Code	Found code from operand reference
0053acf0	Analysis	Found Code	Found code from operand reference
0053ad00	Analysis	Found Code	Found code from operand reference
0053ad10	Analysis	Found Code	Found code from operand reference
0053add0	Analysis	Found Code	Found code from operand reference
0053ade0	Analysis	Found Code	Found code from operand reference
0053adf0	Analysis	Found Code	Found code from operand reference
0053ae00	Analysis	Found Code	Found code from operand reference
0053ae10	Analysis	Found Code	Found code from operand reference
0053ae20	Analysis	Found Code	Found code from operand reference
0053ae30	Analysis	Found Code	Found code from operand reference
0053ae40	Analysis	Found Code	Found code from operand reference
0053ae50	Analysis	Found Code	Found code from operand reference
0053ae60	Analysis	Found Code	Found code from operand reference
0053ae70	Analysis	Found Code	Found code from operand reference
0053af30	Analysis	Found Code	Found code from operand reference
0053af40	Analysis	Found Code	Found code from operand reference
0053af50	Analysis	Found Code	Found code from operand reference
0053af60	Analysis	Found Code	Found code from operand reference
0053af6a	Analysis	Found Code	Found code from operand reference
0053af74	Analysis	Found Code	Found code from operand reference
0053af80	Analysis	Found Code	Found code from operand reference
0053af90	Analysis	Found Code	Found code from operand reference
0053afa0	Analysis	Found Code	Found code from operand reference
0053afb0	Analysis	Found Code	Found code from operand reference
0053afc0	Analysis	Found Code	Found code from operand reference
0053afd0	Analysis	Found Code	Found code from operand reference
0053afe0	Analysis	Found Code	Found code from operand reference
0053aff0	Analysis	Found Code	Found code from operand reference
0053b000	Analysis	Found Code	Found code from operand reference
0053b010	Analysis	Found Code	Found code from operand reference
0053b020	Analysis	Found Code	Found code from operand reference
0053b030	Analysis	Found Code	Found code from operand reference
0053b040	Analysis	Found Code	Found code from operand reference
0053b050	Analysis	Found Code	Found code from operand reference
0053b060	Analysis	Found Code	Found code from operand reference
0053b070	Analysis	Found Code	Found code from operand reference
0053b080	Analysis	Found Code	Found code from operand reference
0053b090	Analysis	Found Code	Found code from operand reference
0053b0a0	Analysis	Found Code	Found code from operand reference
0053b0b0	Analysis	Found Code	Found code from operand reference
0053b0c0	Analysis	Found Code	Found code from operand reference
0053b0d0	Analysis	Found Code	Found code from operand reference
0053b160	Analysis	Found Code	Found code from operand reference
0053b170	Analysis	Found Code	Found code from operand reference
0053b180	Analysis	Found Code	Found code from operand reference
0053b190	Analysis	Found Code	Found code from operand reference
0053b1a0	Analysis	Found Code	Found code from operand reference
0053b1b0	Analysis	Found Code	Found code from operand reference
0053b1c0	Analysis	Found Code	Found code from operand reference
0053b1d0	Analysis	Found Code	Found code from operand reference
0053b1e0	Analysis	Found Code	Found code from operand reference
0053b1f0	Analysis	Found Code	Found code from operand reference
004049e0	Analysis	Function ID Analyzer	Library Function - Single Match,  ??_H@YGXPAXIHP6EPAX0@Z@Z
004b8620	Analysis	Function ID Analyzer	Library Function - Multiple Matches, Same  ??0pairNode@@QAE@PAVDNameNode@@0@Z
00508a30	Analysis	Function ID Analyzer	Library Function - Single Match,  ??0?$CStringT@_WV?$StrTraitMFC@_WV?$ChTraitsOS@_W@ATL@@@@@ATL@@QAE@PB_WHPAUIAtlStringMgr@1@@Z
0050c1c5	Analysis	Function ID Analyzer	Library Function - Single Match,  @__security_check_cookie@4
0050c1d4	Analysis	Function ID Analyzer	Library Function - Single Match,  _strncmp
0050c297	Analysis	Function ID Analyzer	Library Function - Single Match,  ??1type_info@@UAE@XZ
0050c2a5	Analysis	Function ID Analyzer	Library Function - Single Match,  ??_Gtype_info@@UAEPAXI@Z
0050c2c1	Analysis	Function ID Analyzer	Library Function - Single Match,  ??8type_info@@QBE_NABV0@@Z
0050c2dc	Analysis	Function ID Analyzer	Library Function - Single Match,  ??0bad_alloc@std@@QAE@XZ
0050c33a	Analysis	Function ID Analyzer	Library Function - Single Match,  ??2@YAPAXI@Z
0050c3a4	Analysis	Function ID Analyzer	Library Function - Single Match,  _sprintf
0050c41f	Analysis	Function ID Analyzer	Library Function - Single Match,  __snprintf_s
0050c43e	Analysis	Function ID Analyzer	Library Function - Single Match,  __onexit_nolock
0050c51a	Analysis	Function ID Analyzer	Library Function - Single Match,  __onexit
0050c556	Analysis	Function ID Analyzer	Library Function - Single Match,  _atexit
0050c568	Analysis	Function ID Analyzer	Library Function - Single Match,  _printf
0050c617	Analysis	Function ID Analyzer	Library Function - Single Match,  __get_printf_count_output
0050c62d	Analysis	Function ID Analyzer	Library Function - Single Match,  _vscan_fn
0050c695	Analysis	Function ID Conflict	Multiple likely matching functions
0050c695	Analysis	Function ID Analyzer	Library Function - Multiple Matches, Different  _sscanf
0050c6c0	Analysis	Function ID Analyzer	Library Function - Single Match,  _strncpy
0050c7e4	Analysis	Function ID Analyzer	Library Function - Single Match,  __purecall
0050c80e	Analysis	Function ID Analyzer	Library Function - Single Match,  _free
0050c89c	Analysis	Function ID Analyzer	Library Function - Single Match,  _V6_HeapAlloc
0050c8eb	Analysis	Function ID Analyzer	Library Function - Single Match,  _malloc
0050c9ae	Analysis	Function ID Analyzer	Library Function - Single Match,  __strdup
0050c9fe	Analysis	Function ID Analyzer	Library Function - Single Match,  ??0_LocaleUpdate@@QAE@PAUlocaleinfo_struct@@@Z
0050ca80	Analysis	Function ID Analyzer	Library Function - Single Match,  __toupper_l
0050cb98	Analysis	Function ID Analyzer	Library Function - Single Match,  _toupper
0050cc96	Analysis	Function ID Analyzer	Library Function - Single Match,  __lock_file
0050ccc5	Analysis	Function ID Analyzer	Library Function - Single Match,  __lock_file2
0050cce8	Analysis	Function ID Analyzer	Library Function - Single Match,  __unlock_file
0050cd17	Analysis	Function ID Analyzer	Library Function - Single Match,  __unlock_file2
0050cd3a	Analysis	Function ID Analyzer	Library Function - Single Match,  __fsopen
0050cdfe	Analysis	Function ID Analyzer	Library Function - Single Match,  _fopen
0050ce11	Analysis	Function ID Analyzer	Library Function - Single Match,  _fprintf
0050cf60	Analysis	Function ID Analyzer	Library Function - Single Match,  __fseek_nolock
0050cfe7	Analysis	Function ID Analyzer	Library Function - Single Match,  _fseek
0050d06c	Analysis	Function ID Analyzer	Library Function - Single Match,  __fclose_nolock
0050d0df	Analysis	Function ID Analyzer	Library Function - Single Match,  _fclose
0050d15b	Analysis	Function ID Conflict	Multiple likely matching functions
0050d15b	Analysis	Function ID Analyzer	Library Function - Multiple Matches, Different  _fputc
0050d29a	Analysis	Function ID Analyzer	Library Function - Single Match,  __fwrite_nolock
0050d3b4	Analysis	Function ID Analyzer	Library Function - Single Match,  _fwrite
0050d441	Analysis	Function ID Analyzer	Library Function - Single Match,  __ftell_nolock
0050d5d9	Analysis	Function ID Analyzer	Library Function - Single Match,  _ftell
0050d647	Analysis	Function ID Analyzer	Library Function - Single Match,  __amsg_exit
0050d691	Analysis	Function ID Analyzer	Library Function - Single Match,  ___crtExitProcess
0050d6b8	Analysis	Function ID Analyzer	Library Function - Single Match,  __initterm
0050d6d0	Analysis	Function ID Analyzer	Library Function - Single Match,  __initterm_e
0050d6f0	Analysis	Function ID Analyzer	Library Function - Single Match,  __get_osplatform
0050d727	Analysis	Function ID Analyzer	Library Function - Single Match,  __get_winmajor
0050d763	Analysis	Function ID Analyzer	Library Function - Single Match,  __cinit
0050d7f5	Analysis	Function ID Analyzer	Library Function - Single Match,  _doexit
0050d8c3	Analysis	Function ID Analyzer	Library Function - Single Match,  _exit
0050d8d4	Analysis	Function ID Analyzer	Library Function - Single Match,  __exit
0050d8e5	Analysis	Function ID Analyzer	Library Function - Single Match,  __cexit
0050d903	Analysis	Function ID Analyzer	Library Function - Single Match,  __init_pointers
0050da6d	Analysis	Function ID Analyzer	Library Function - Single Match,  _realloc
0050dc88	Analysis	Function ID Analyzer	Library Function - Single Match,  __recalloc
0050dccf	Analysis	Function ID Analyzer	Library Function - Single Match,  _feof
0050dcfe	Analysis	Function ID Analyzer	Library Function - Single Match,  _ferror
0050dd2d	Analysis	Function ID Analyzer	Library Function - Single Match,  __isupper_l
0050dd7c	Analysis	Function ID Analyzer	Library Function - Single Match,  _isupper
0050dda5	Analysis	Function ID Analyzer	Library Function - Single Match,  __islower_l
0050ddf4	Analysis	Function ID Analyzer	Library Function - Single Match,  _islower
0050de1d	Analysis	Function ID Analyzer	Library Function - Single Match,  __isdigit_l
0050de6c	Analysis	Function ID Analyzer	Library Function - Single Match,  _isdigit
0050de95	Analysis	Function ID Analyzer	Library Function - Single Match,  __isxdigit_l
0050df14	Analysis	Function ID Analyzer	Library Function - Single Match,  __isspace_l
0050df63	Analysis	Function ID Analyzer	Library Function - Single Match,  _isspace
0050df8c	Analysis	Function ID Analyzer	Library Function - Single Match,  __isalnum_l
0050dfe0	Analysis	Function ID Analyzer	Library Function - Single Match,  _isalnum
0050e00b	Analysis	Function ID Analyzer	Library Function - Single Match,  __isprint_l
0050e05f	Analysis	Function ID Analyzer	Library Function - Single Match,  _isprint
0050e08a	Analysis	Function ID Analyzer	Library Function - Single Match,  __calloc_impl
0050e1a8	Analysis	Function ID Analyzer	Library Function - Single Match,  _calloc
0050e1e7	Analysis	Function ID Analyzer	Library Function - Single Match,  _rewind
0050e336	Analysis	Function ID Analyzer	Library Function - Multiple Matches, Different  __access_s
0050e3bd	Analysis	Function ID Conflict	Multiple likely matching functions
0050e3bd	Analysis	Function ID Analyzer	Library Function - Multiple Matches, Different  __access
0050e3d1	Analysis	Function ID Analyzer	Library Function - Single Match,  _fgets
0050e558	Analysis	Function ID Analyzer	Library Function - Single Match,  __vsnprintf_l
0050e609	Analysis	Function ID Analyzer	Library Function - Single Match,  __vsnprintf
0050e660	Analysis	Function ID Analyzer	Library Function - Single Match,  _swap
0050e690	Analysis	Function ID Analyzer	Library Function - Single Match,  _shortsort
0050e720	Analysis	Function ID Analyzer	Library Function - Single Match,  _qsort
0050e9c7	Analysis	Function ID Analyzer	Library Function - Single Match,  ?__ArrayUnwind@@YGXPAXIHP6EX0@Z@Z
0050ea25	Analysis	Function ID Analyzer	Library Function - Single Match,  ??_M@YGXPAXIHP6EX0@Z@Z
0050ea88	Analysis	Function ID Analyzer	Library Function - Single Match,  ??_L@YGXPAXIHP6EX0@Z1@Z
0050eaed	Analysis	Function ID Analyzer	Library Function - Single Match,  __snprintf
0050eb9c	Analysis	Function ID Conflict	Multiple likely matching functions
0050eb9c	Analysis	Function ID Analyzer	Library Function - Multiple Matches, Different  ___longjmp_internal
0050ec4d	Analysis	Function ID Analyzer	Library Function - Single Match,  __tolower_l
0050ed64	Analysis	Function ID Analyzer	Library Function - Single Match,  _tolower
0050ed8b	Analysis	Function ID Analyzer	Library Function - Single Match,  _atol
0050eda1	Analysis	Function ID Analyzer	Library Function - Single Match,  __atof_l
0050ee4a	Analysis	Function ID Analyzer	Library Function - Single Match,  _atof
0050ee58	Analysis	Function ID Analyzer	Library Function - Single Match,  __gmtime64_s
0050f094	Analysis	Function ID Analyzer	Library Function - Single Match,  __gmtime64
0050f0be	Analysis	Function ID Analyzer	Library Function - Single Match,  __freea
0050f0d9	Analysis	Function ID Analyzer	Library Function - Single Match,  ?_store_str@@YAXPADPAPADPAI@Z
0050f0f9	Analysis	Function ID Analyzer	Library Function - Single Match,  ?_store_num@@YAXHHPAPADPAII@Z
0050f172	Analysis	Function ID Analyzer	Library Function - Single Match,  ?_expandtime@@YAHPAUlocaleinfo_struct@@DPBUtm@@PAPADPAIPAU__lc_time_data@@I@Z
0050f54d	Analysis	Function ID Analyzer	Library Function - Single Match,  ?_store_winword@@YAHPAUlocaleinfo_struct@@HPBUtm@@PAPADPAIPAU__lc_time_data@@@Z
0050fa6a	Analysis	Function ID Analyzer	Library Function - Single Match,  __Strftime_l
0050fc19	Analysis	Function ID Analyzer	Library Function - Single Match,  _strftime
0050fc36	Analysis	Function ID Analyzer	Library Function - Single Match,  __localtime64_s
0050fede	Analysis	Function ID Analyzer	Library Function - Multiple Matches, Different  __gmtime32
0050ff02	Analysis	Function ID Analyzer	Library Function - Single Match,  __time64
0050ff40	Analysis	Function ID Analyzer	Library Function - Single Match,  _strrchr
0050ff6d	Analysis	Function ID Analyzer	Library Function - Single Match,  _vfprintf_helper
005100bb	Analysis	Function ID Conflict	Multiple likely matching functions
005100bb	Analysis	Function ID Analyzer	Library Function - Multiple Matches, Different  __vfprintf_p
005100e0	Analysis	Function ID Analyzer	Library Function - Single Match,  _memmove
00510445	Analysis	Function ID Analyzer	Library Function - Single Match,  __fread_nolock_s
005105db	Analysis	Function ID Analyzer	Library Function - Single Match,  _fread_s
005106a2	Analysis	Function ID Analyzer	Library Function - Single Match,  _fread
005106bd	Analysis	Function ID Analyzer	Library Function - Single Match,  __flush
0051071f	Analysis	Function ID Analyzer	Library Function - Single Match,  __fflush_nolock
00510761	Analysis	Function ID Analyzer	Library Function - Single Match,  _flsall
0051083b	Analysis	Function ID Analyzer	Library Function - Single Match,  _fflush
00510897	Analysis	Function ID Analyzer	Library Function - Single Match,  __chdir
005109ba	Analysis	Function ID Analyzer	Library Function - Single Match,  __validdrive
005109f1	Analysis	Function ID Analyzer	Library Function - Single Match,  __getdcwd_nolock
00510b26	Analysis	Function ID Analyzer	Library Function - Single Match,  __getcwd
00510c3e	Analysis	Function ID Analyzer	Library Function - Single Match,  __spawnlp
00510c8a	Analysis	Function ID Analyzer	Library Function - Single Match,  __putenv_helper
00510e99	Analysis	Function ID Analyzer	Library Function - Single Match,  __putenv
00510ede	Analysis	Function ID Analyzer	Library Function - Single Match,  _fast_error_exit
00510f02	Analysis	Function ID Analyzer	Library Function - Single Match,  _check_managed_app
00510f43	Analysis	Function ID Analyzer	Library Function - Single Match,  ___tmainCRTStartup
0051112d	Analysis	Function ID Analyzer	Library Function - Single Match,  __cfltcvt_init
0051118d	Analysis	Function ID Analyzer	Library Function - Single Match,  __fpmath
005111ab	Analysis	Function ID Analyzer	Library Function - Single Match,  ?_JumpToContinuation@@YGXPAXPAUEHRegistrationNode@@@Z
005111db	Analysis	Function ID Conflict	Multiple likely matching functions
005111db	Analysis	Function ID Analyzer	Library Function - Multiple Matches, Different  ?_CallMemberFunction1@@YGXPAX00@Z
005111e2	Analysis	Function ID Analyzer	Library Function - Single Match,  ?_UnwindNestedFrames@@YGXPAUEHRegistrationNode@@PAUEHExceptionRecord@@@Z
00511234	Analysis	Function ID Conflict	Multiple likely matching functions
00511234	Analysis	Function ID Analyzer	Library Function - Multiple Matches, Different  ___CxxFrameHandler
0051129a	Analysis	Function ID Analyzer	Library Function - Single Match,  ?_CallSETranslator@@YAHPAUEHExceptionRecord@@PAUEHRegistrationNode@@PAX2PBU_s_FuncInfo@@H1@Z
0051136f	Analysis	Function ID Analyzer	Library Function - Single Match,  ?TranslatorGuardHandler@@YA?AW4_EXCEPTION_DISPOSITION@@PAUEHExceptionRecord@@PAUTranslatorGuardRN@@PAX2@Z
0051140c	Analysis	Function ID Analyzer	Library Function - Single Match,  ?_GetRangeOfTrysToCheck@@YAPBU_s_TryBlockMapEntry@@PBU_s_FuncInfo@@HHPAI1@Z
0051147f	Analysis	Function ID Analyzer	Library Function - Single Match,  __CreateFrameInfo
005114a7	Analysis	Function ID Analyzer	Library Function - Single Match,  __IsExceptionObjectToBeDestroyed
005114c8	Analysis	Function ID Analyzer	Library Function - Single Match,  __FindAndUnlinkFrame
00511514	Analysis	Function ID Analyzer	Library Function - Single Match,  ?_CallCatchBlock2@@YAPAXPAUEHRegistrationNode@@PBU_s_FuncInfo@@PAXHK@Z
00511630	Analysis	Function ID Analyzer	Library Function - Single Match,  _memcpy
005119a0	Analysis	Function ID Analyzer	Library Function - Single Match,  _memset
00511a1a	Analysis	Function ID Analyzer	Library Function - Single Match,  __getenv_helper_nolock
00511a9b	Analysis	Function ID Analyzer	Library Function - Single Match,  _getenv
00511b1e	Analysis	Function ID Analyzer	Library Function - Single Match,  __dupenv_s
00511c04	Analysis	Function ID Analyzer	Library Function - Single Match,  _genfname
00511c94	Analysis	Function ID Analyzer	Library Function - Single Match,  __tmpfile_helper
00511eb4	Analysis	Function ID Analyzer	Library Function - Single Match,  _tmpfile
00512660	Analysis	Function ID Analyzer	Library Function - Single Match,  _rand
00512924	Analysis	Function ID Analyzer	Library Function - Single Match,  _vfscanf
00512a61	Analysis	Function ID Conflict	Multiple likely matching functions
00512a61	Analysis	Function ID Analyzer	Library Function - Multiple Matches, Different  _fscanf
00512cf6	Analysis	Function ID Conflict	Multiple likely matching functions
00512cf6	Analysis	Function ID Analyzer	Library Function - Multiple Matches, Different  _fgetc
00512e2d	Analysis	Function ID Analyzer	Library Function - Single Match,  _fputs
00512f6f	Analysis	Function ID Analyzer	Library Function - Single Match,  __fstat64i32
005132c0	Analysis	Function ID Analyzer	Library Function - Single Match,  _IsRootUNCName
00513338	Analysis	Function ID Analyzer	Library Function - Single Match,  __stat64i32
00513686	Analysis	Function ID Analyzer	Library Function - Single Match,  __get_sys_err_msg
005136a9	Analysis	Function ID Analyzer	Library Function - Single Match,  _perror
00513737	Analysis	Function ID Analyzer	Library Function - Single Match,  __fileno
00513764	Analysis	Function ID Analyzer	Library Function - Single Match,  __freopen_helper
0051383d	Analysis	Function ID Analyzer	Library Function - Single Match,  _freopen
00513861	Analysis	Function ID Analyzer	Library Function - Single Match,  __isnan
0051388f	Analysis	Function ID Analyzer	Library Function - Single Match,  __fpclass
00513930	Analysis	Function ID Analyzer	Library Function - Single Match,  __allmul
00513964	Analysis	Function ID Analyzer	Library Function - Single Match,  __get_errno_from_oserr
0051399f	Analysis	Function ID Analyzer	Library Function - Single Match,  __errno
005139b2	Analysis	Function ID Analyzer	Library Function - Single Match,  ___doserrno
005139c5	Analysis	Function ID Analyzer	Library Function - Single Match,  __dosmaperr
005139f0	Analysis	Function ID Analyzer	Library Function - Single Match,  __allrem
00513ab0	Analysis	Function ID Analyzer	Library Function - Single Match,  __alldiv
00513cb0	Analysis	Function ID Analyzer	Library Function - Single Match,  __hw_cw
00513d3e	Analysis	Function ID Analyzer	Library Function - Single Match,  ___hw_cw_sse2
00513dde	Analysis	Function ID Analyzer	Library Function - Single Match,  __control87
0051410d	Analysis	Function ID Analyzer	Library Function - Single Match,  ___report_gsfailure
00514211	Analysis	Function ID Analyzer	Library Function - Single Match,  ?_Type_info_dtor@type_info@@CAXPAV1@@Z
00514290	Analysis	Function ID Analyzer	Library Function - Single Match,  _strcmp
00514318	Analysis	Function ID Analyzer	Library Function - Single Match,  ??0exception@std@@QAE@ABQBD@Z
00514366	Analysis	Function ID Analyzer	Library Function - Single Match,  ??0exception@std@@QAE@ABQBDH@Z
0051437e	Analysis	Function ID Analyzer	Library Function - Single Match,  ??0exception@std@@QAE@ABV01@@Z
005143d6	Analysis	Function ID Analyzer	Library Function - Single Match,  ??1exception@@UAE@XZ
0051441f	Analysis	Function ID Analyzer	Library Function - Single Match,  __callnewh
00514441	Analysis	Function ID Analyzer	Library Function - Single Match,  __CxxThrowException@8
0051448b	Analysis	Function ID Analyzer	Library Function - Single Match,  __flsbuf
005145eb	Analysis	Function ID Analyzer	Library Function - Single Match,  _write_char
0051461e	Analysis	Function ID Analyzer	Library Function - Single Match,  _write_multi_char
00514642	Analysis	Function ID Analyzer	Library Function - Single Match,  __output_l
00514fe4	Analysis	Function ID Analyzer	Library Function - Single Match,  __invoke_watson
005150e0	Analysis	Function ID Analyzer	Library Function - Single Match,  __invalid_parameter
00515104	Analysis	Function ID Analyzer	Library Function - Single Match,  __vsnprintf_helper
005151ce	Analysis	Function ID Analyzer	Library Function - Single Match,  __vsnprintf_s_l
005152d3	Analysis	Function ID Analyzer	Library Function - Single Match,  __encode_pointer
00515336	Analysis	Function ID Analyzer	Library Function - Single Match,  __encoded_null
0051533f	Analysis	Function ID Analyzer	Library Function - Single Match,  __decode_pointer
005153ab	Analysis	Function ID Analyzer	Library Function - Single Match,  ___set_flsgetvalue
005153d5	Analysis	Function ID Analyzer	Library Function - Single Match,  __mtterm
00515412	Analysis	Function ID Analyzer	Library Function - Single Match,  __initptd
005154c6	Analysis	Function ID Analyzer	Library Function - Single Match,  __getptd_noexit
00515549	Analysis	Function ID Analyzer	Library Function - Single Match,  __getptd
00515682	Analysis	Function ID Analyzer	Library Function - Single Match,  __mtinit
00515806	Analysis	Function ID Analyzer	Library Function - Single Match,  __malloc_crt
00515846	Analysis	Function ID Analyzer	Library Function - Single Match,  __calloc_crt
0051588e	Analysis	Function ID Analyzer	Library Function - Single Match,  __realloc_crt
005158d9	Analysis	Function ID Analyzer	Library Function - Single Match,  __recalloc_crt
00515929	Analysis	Function ID Analyzer	Library Function - Single Match,  __msize
005159cc	Analysis	Function ID Analyzer	Library Function - Single Match,  __SEH_prolog4
00515a11	Analysis	Function ID Analyzer	Library Function - Single Match,  __SEH_epilog4
00515a30	Analysis	Function ID Analyzer	Library Function - Single Match,  __except_handler4
00515bc6	Analysis	Function ID Analyzer	Library Function - Single Match,  __stbuf
00515c5c	Analysis	Function ID Analyzer	Library Function - Single Match,  __ftbuf
00515c90	Analysis	Function ID Analyzer	Library Function - Single Match,  _strlen
005169f7	Analysis	Function ID Analyzer	Library Function - Single Match,  _abort
00516aea	Analysis	Function ID Analyzer	Library Function - Single Match,  __set_abort_behavior
00516b08	Analysis	Function ID Analyzer	Library Function - Single Match,  __NMSG_WRITE
00516ca8	Analysis	Function ID Analyzer	Library Function - Single Match,  __FF_MSGBANNER
00516ceb	Analysis	Function ID Analyzer	Library Function - Single Match,  ___heap_select
00516d46	Analysis	Function ID Analyzer	Library Function - Single Match,  __heap_init
00516da0	Analysis	Function ID Analyzer	Library Function - Single Match,  __mtinitlocks
00516de9	Analysis	Function ID Analyzer	Library Function - Single Match,  __mtdeletelocks
00516e53	Analysis	Function ID Analyzer	Library Function - Single Match,  __mtinitlocknum
00516f16	Analysis	Function ID Analyzer	Library Function - Single Match,  __lock
00516f47	Analysis	Function ID Analyzer	Library Function - Single Match,  ___sbh_heap_init
00516fba	Analysis	Function ID Analyzer	Library Function - Single Match,  ___sbh_free_block
005172ce	Analysis	Function ID Analyzer	Library Function - Single Match,  ___sbh_alloc_new_region
0051737e	Analysis	Function ID Analyzer	Library Function - Single Match,  ___sbh_alloc_new_group
00517484	Analysis	Function ID Analyzer	Library Function - Single Match,  ___sbh_resize_block
00517763	Analysis	Function ID Analyzer	Library Function - Single Match,  ___sbh_alloc_block
00517a46	Analysis	Function ID Analyzer	Library Function - Single Match,  _strcpy_s
00517aab	Analysis	Function ID Analyzer	Library Function - Single Match,  ?CPtoLCID@@YAHH@Z
00517ada	Analysis	Function ID Analyzer	Library Function - Single Match,  ?setSBCS@@YAXPAUthreadmbcinfostruct@@@Z
00517b2f	Analysis	Function ID Analyzer	Library Function - Single Match,  ?setSBUpLow@@YAXPAUthreadmbcinfostruct@@@Z
00517cb9	Analysis	Function ID Analyzer	Library Function - Single Match,  ___updatetmbcinfo
00517d5d	Analysis	Function ID Analyzer	Library Function - Single Match,  ?getSystemCP@@YAHH@Z
00517dd7	Analysis	Function ID Analyzer	Library Function - Single Match,  __setmbcp_nolock
00517f82	Analysis	Function ID Analyzer	Library Function - Single Match,  __setmbcp
0051811c	Analysis	Function ID Analyzer	Library Function - Single Match,  ___initmbctable
0051813a	Analysis	Function ID Analyzer	Library Function - Single Match,  ___freetlocinfo
0051827a	Analysis	Function ID Analyzer	Library Function - Single Match,  ___addlocaleref
00518300	Analysis	Function ID Analyzer	Library Function - Single Match,  ___removelocaleref
0051838c	Analysis	Function ID Analyzer	Library Function - Single Match,  __updatetlocinfoEx_nolock
005183ca	Analysis	Function ID Analyzer	Library Function - Single Match,  ___updatetlocinfo
00518440	Analysis	Function ID Analyzer	Library Function - Single Match,  ?__crtLCMapStringA_stat@@YAHPAUlocaleinfo_struct@@KKPBDHPADHHH@Z
005187e2	Analysis	Function ID Analyzer	Library Function - Single Match,  ___crtLCMapStringA
00518825	Analysis	Function ID Analyzer	Library Function - Single Match,  __isleadbyte_l
0051885b	Analysis	Function ID Analyzer	Library Function - Single Match,  _isleadbyte
00518869	Analysis	Function ID Analyzer	Library Function - Single Match,  __isctype_l
0051891f	Analysis	Function ID Analyzer	Library Function - Single Match,  __ioinit
00518bfe	Analysis	Function ID Analyzer	Library Function - Single Match,  __openfile
00518ea0	Analysis	Function ID Analyzer	Library Function - Single Match,  __getstream
00518fc8	Analysis	Function ID Analyzer	Library Function - Single Match,  __local_unwind4
005190ba	Analysis	Function ID Analyzer	Library Function - Single Match,  @_EH4_CallFilterFunc@8
005190d1	Analysis	Function ID Analyzer	Library Function - Single Match,  @_EH4_TransferToHandler@8
005190ea	Analysis	Function ID Analyzer	Library Function - Single Match,  @_EH4_GlobalUnwind@4
00519104	Analysis	Function ID Analyzer	Library Function - Single Match,  @_EH4_LocalUnwind@16
0051911b	Analysis	Function ID Analyzer	Library Function - Single Match,  __lseek_nolock
0051918d	Analysis	Function ID Analyzer	Library Function - Single Match,  __lseek
00519269	Analysis	Function ID Analyzer	Library Function - Single Match,  __close_nolock
005192fd	Analysis	Function ID Analyzer	Library Function - Single Match,  __close
005193ca	Analysis	Function ID Analyzer	Library Function - Single Match,  __freebuf
005193f6	Analysis	Function ID Analyzer	Library Function - Single Match,  __write_nolock
005199bc	Analysis	Function ID Analyzer	Library Function - Single Match,  __write
00519a98	Analysis	Function ID Analyzer	Library Function - Single Match,  __RTC_Initialize
00519ae0	Analysis	Function ID Analyzer	Library Function - Single Match,  __initp_misc_cfltcvt_tab
00519b00	Analysis	Function ID Analyzer	Library Function - Single Match,  __ValidateImageBase
00519b30	Analysis	Function ID Analyzer	Library Function - Single Match,  __FindPESection
00519b72	Analysis	Function ID Analyzer	Library Function - Single Match,  __IsNonwritableInCurrentImage
00519bde	Analysis	Function ID Analyzer	Library Function - Single Match,  ?terminate@@YAXXZ
00519c17	Analysis	Function ID Analyzer	Library Function - Single Match,  ?unexpected@@YAXXZ
00519c2a	Analysis	Function ID Analyzer	Library Function - Single Match,  ?_inconsistency@@YAXXZ
00519c61	Analysis	Function ID Analyzer	Library Function - Single Match,  __initp_eh_hooks
00519c73	Analysis	Function ID Analyzer	Library Function - Single Match,  __XcptFilter
00519de2	Analysis	Function ID Analyzer	Library Function - Single Match,  __initp_misc_winsig
00519dfb	Analysis	Function ID Analyzer	Library Function - Single Match,  _siglookup
00519e2f	Analysis	Function ID Analyzer	Library Function - Single Match,  ___get_sigabrt
00519e3c	Analysis	Function ID Analyzer	Library Function - Single Match,  _raise
0051a000	Analysis	Function ID Analyzer	Library Function - Single Match,  ___crtInitCritSecNoSpinCount@8
0051a010	Analysis	Function ID Analyzer	Library Function - Single Match,  ___crtInitCritSecAndSpinCount
0051a0d5	Analysis	Function ID Analyzer	Library Function - Single Match,  ___libm_error_support
0051a46a	Analysis	Function ID Analyzer	Library Function - Single Match,  __filbuf
0051a58c	Analysis	Function ID Analyzer	Library Function - Single Match,  __global_unwind2
0051a5f1	Analysis	Function ID Analyzer	Library Function - Single Match,  __local_unwind2
0051a698	Analysis	Function ID Analyzer	Library Function - Single Match,  __NLG_Notify1
0051a6a1	Analysis	Function ID Analyzer	Library Function - Single Match,  __NLG_Notify
0051a6c3	Analysis	Function ID Analyzer	Library Function - Single Match,  __rt_probe_read4@4
0051a70e	Analysis	Function ID Analyzer	Library Function - Single Match,  ?strtoxl@@YAKPAUlocaleinfo_struct@@PBDPAPBDHH@Z
0051a939	Analysis	Function ID Analyzer	Library Function - Single Match,  _strtol
0051a962	Analysis	Function ID Analyzer	Library Function - Single Match,  _strtoul
0051a98c	Analysis	Function ID Analyzer	Library Function - Single Match,  __fltin2
0051aa31	Analysis	Function ID Analyzer	Library Function - Single Match,  ___strgtold12_l
0051b0f5	Analysis	Function ID Analyzer	Library Function - Single Match,  ___getgmtimebuf
0051b13d	Analysis	Function ID Analyzer	Library Function - Single Match,  __get_daylight
0051b171	Analysis	Function ID Analyzer	Library Function - Single Match,  __get_dstbias
0051b1a5	Analysis	Function ID Analyzer	Library Function - Multiple Matches, Different  __get_daylight
0051b1f1	Analysis	Function ID Analyzer	Library Function - Single Match,  __tzset_nolock
0051b530	Analysis	Function ID Analyzer	Library Function - Single Match,  _cvtdate
0051b725	Analysis	Function ID Analyzer	Library Function - Single Match,  __isindst_nolock
0051b8d3	Analysis	Function ID Analyzer	Library Function - Single Match,  ___tzset
0051b922	Analysis	Function ID Analyzer	Library Function - Single Match,  __isindst
0051b963	Analysis	Function ID Analyzer	Library Function - Single Match,  ___ascii_stricmp
0051b998	Analysis	Function ID Analyzer	Library Function - Single Match,  __stricmp_l
0051ba70	Analysis	Function ID Analyzer	Library Function - Single Match,  __alloca_probe_16
0051ba86	Analysis	Function ID Analyzer	Library Function - Single Match,  __alloca_probe_8
0051baa0	Analysis	Function ID Analyzer	Library Function - Single Match,  __aulldiv
0051bb08	Analysis	Function ID Analyzer	Library Function - Single Match,  _write_string
0051c589	Analysis	Function ID Analyzer	Library Function - Single Match,  __VEC_memcpy
0051c66c	Analysis	Function ID Analyzer	Library Function - Single Match,  __read_nolock
0051cc0e	Analysis	Function ID Analyzer	Library Function - Single Match,  __read
0051ccea	Analysis	Function ID Analyzer	Library Function - Single Match,  _memcpy_s
0051cd65	Analysis	Function ID Analyzer	Library Function - Single Match,  __commit
0051ce46	Analysis	Function ID Analyzer	Library Function - Single Match,  __mbctoupper_l
0051ceea	Analysis	Function ID Analyzer	Library Function - Single Match,  __mbctoupper
0051cef8	Analysis	Function ID Analyzer	Library Function - Single Match,  __getdrive
0051cfbe	Analysis	Function ID Analyzer	Library Function - Single Match,  __spawnvp
0051cfd5	Analysis	Function ID Analyzer	Library Function - Single Match,  _wfindenv
0051d026	Analysis	Function ID Analyzer	Library Function - Single Match,  _copy_environ
0051d083	Analysis	Function ID Analyzer	Library Function - Single Match,  ___crtwsetenv
0051d3fa	Analysis	Function ID Analyzer	Library Function - Single Match,  _findenv
0051d447	Analysis	Function ID Analyzer	Library Function - Single Match,  _copy_environ
0051d4a4	Analysis	Function ID Analyzer	Library Function - Single Match,  ___crtsetenv
0051d6eb	Analysis	Function ID Analyzer	Library Function - Single Match,  _strnlen
0051d705	Analysis	Function ID Analyzer	Library Function - Single Match,  __mbschr_l
0051d7bf	Analysis	Function ID Analyzer	Library Function - Single Match,  __mbschr
0051d7d2	Analysis	Function ID Analyzer	Library Function - Single Match,  __wincmdln
0051d82f	Analysis	Function ID Analyzer	Library Function - Single Match,  __setenvp
0051d90a	Analysis	Function ID Analyzer	Library Function - Single Match,  _parse_cmdline
0051daa2	Analysis	Function ID Analyzer	Library Function - Single Match,  __setargv
0051db5b	Analysis	Function ID Analyzer	Library Function - Single Match,  ___crtGetEnvironmentStringsA
0051dc90	Analysis	Function ID Analyzer	Library Function - Single Match,  ___security_init_cookie
0051dd24	Analysis	Function ID Analyzer	Library Function - Single Match,  __forcdecpt_l
0051dd95	Analysis	Function ID Analyzer	Library Function - Single Match,  __cropzeros_l
0051de2b	Analysis	Function ID Analyzer	Library Function - Single Match,  __fassign_l
0051de82	Analysis	Function ID Analyzer	Library Function - Single Match,  __shift
0051debb	Analysis	Function ID Analyzer	Library Function - Single Match,  __cftoe2_l
0051e028	Analysis	Function ID Analyzer	Library Function - Single Match,  __cftoe_l
0051e0f6	Analysis	Function ID Analyzer	Library Function - Single Match,  __cftoe
0051e114	Analysis	Function ID Analyzer	Library Function - Single Match,  __cftoa_l
0051e485	Analysis	Function ID Analyzer	Library Function - Single Match,  __cftof2_l
0051e57a	Analysis	Function ID Analyzer	Library Function - Single Match,  __cftof_l
0051e633	Analysis	Function ID Analyzer	Library Function - Single Match,  __cftog_l
0051e72b	Analysis	Function ID Analyzer	Library Function - Single Match,  __cfltcvt_l
0051e7b1	Analysis	Function ID Analyzer	Library Function - Single Match,  __cfltcvt
0051e7d2	Analysis	Function ID Analyzer	Library Function - Single Match,  __setdefaultprecision
0051e7fb	Analysis	Function ID Analyzer	Library Function - Single Match,  __ms_p5_test_fdiv
0051e837	Analysis	Function ID Analyzer	Library Function - Single Match,  __ms_p5_mp_test_fdiv
0051e88d	Analysis	Function ID Analyzer	Library Function - Single Match,  ___TypeMatch
0051e92d	Analysis	Function ID Analyzer	Library Function - Single Match,  ___FrameUnwindToState
0051ea53	Analysis	Function ID Analyzer	Library Function - Single Match,  ___DestructExceptionObject
0051eaa7	Analysis	Function ID Analyzer	Library Function - Single Match,  ___AdjustPointer
0051eacc	Analysis	Function ID Analyzer	Library Function - Single Match,  ?IsInExceptionSpec@@YAEPAUEHExceptionRecord@@PBU_s_ESTypeList@@@Z
0051eb45	Analysis	Function ID Analyzer	Library Function - Single Match,  ?CallUnexpected@@YAXPBU_s_ESTypeList@@@Z
0051eb8e	Analysis	Function ID Analyzer	Library Function - Single Match,  ?CallCatchBlock@@YAPAXPAUEHExceptionRecord@@PAUEHRegistrationNode@@PAU_CONTEXT@@PBU_s_FuncInfo@@PAXHK@Z
0051ed2a	Analysis	Function ID Analyzer	Library Function - Single Match,  ___BuildCatchObjectHelper
0051eea9	Analysis	Function ID Analyzer	Library Function - Single Match,  ___BuildCatchObject
0051ef3a	Analysis	Function ID Analyzer	Library Function - Single Match,  ?CatchIt@@YAXPAUEHExceptionRecord@@PAUEHRegistrationNode@@PAU_CONTEXT@@PAXPBU_s_FuncInfo@@PBU_s_HandlerType@@PBU_s_CatchableType@@PBU_s_TryBlockMapEntry@@H1E@Z
0051efa6	Analysis	Function ID Analyzer	Library Function - Single Match,  ?FindHandlerForForeignException@@YAXPAUEHExceptionRecord@@PAUEHRegistrationNode@@PAU_CONTEXT@@PAXPBU_s_FuncInfo@@HH1@Z
0051f098	Analysis	Function ID Analyzer	Library Function - Single Match,  ?FindHandler@@YAXPAUEHExceptionRecord@@PAUEHRegistrationNode@@PAU_CONTEXT@@PAXPBU_s_FuncInfo@@EH1@Z
0051f406	Analysis	Function ID Analyzer	Library Function - Single Match,  ___InternalCxxFrameHandler
0051f4f0	Analysis	Function ID Analyzer	Library Function - Single Match,  __CallSettingFrame@12
0051f53c	Analysis	Function ID Analyzer	Library Function - Single Match,  _fastzero_I
0051f593	Analysis	Function ID Analyzer	Library Function - Single Match,  __VEC_memzero
0051f622	Analysis	Function ID Analyzer	Library Function - Single Match,  __mbsnbicoll_l
0051f70e	Analysis	Function ID Analyzer	Library Function - Single Match,  __mbsnbicoll
0051f725	Analysis	Function ID Analyzer	Library Function - Single Match,  ___wtomb_environ
0051f7ba	Analysis	Function ID Analyzer	Library Function - Single Match,  _strcat_s
0051f82b	Analysis	Function ID Analyzer	Library Function - Single Match,  _xtoa_s@20
0051f906	Analysis	Function ID Analyzer	Library Function - Single Match,  __ultoa_s
0051f91e	Analysis	Function ID Analyzer	Library Function - Single Match,  __mbsrchr_l
0051f9de	Analysis	Function ID Analyzer	Library Function - Single Match,  __mbsrchr
0051fa9a	Analysis	Function ID Analyzer	Library Function - Single Match,  __tsopen_nolock
005200d8	Analysis	Function ID Analyzer	Library Function - Multiple Matches, Different  __sopen_helper
005201a4	Analysis	Function ID Analyzer	Library Function - Single Match,  __sopen_s
005202a0	Analysis	Function ID Analyzer	Library Function - Single Match,  __trandisp1
00520307	Analysis	Function ID Analyzer	Library Function - Single Match,  __trandisp2
00520487	Analysis	Function ID Analyzer	Library Function - Single Match,  __startOneArgErrorHandling
00520515	Analysis	Function ID Analyzer	Library Function - Single Match,  __fload_withFB
0052057b	Analysis	Function ID Analyzer	Library Function - Single Match,  __math_exit
00521577	Analysis	Function ID Analyzer	Library Function - Single Match,  __d_inttype
005219e0	Analysis	Function ID Analyzer	Library Function - Single Match,  __cintrindisp2
00521a1e	Analysis	Function ID Analyzer	Library Function - Single Match,  __cintrindisp1
00521a5b	Analysis	Function ID Analyzer	Library Function - Single Match,  __ctrandisp2
00521bf1	Analysis	Function ID Analyzer	Library Function - Single Match,  __ctrandisp1
00521c24	Analysis	Function ID Analyzer	Library Function - Single Match,  __fload
00522e90	Analysis	Function ID Analyzer	Library Function - Single Match,  __set_osfhnd
00522f0d	Analysis	Function ID Analyzer	Library Function - Single Match,  __free_osfhnd
00522f8e	Analysis	Function ID Analyzer	Library Function - Single Match,  __get_osfhandle
00522fff	Analysis	Function ID Analyzer	Library Function - Single Match,  ___lock_fhandle
0052309f	Analysis	Function ID Analyzer	Library Function - Single Match,  __unlock_fhandle
005230c1	Analysis	Function ID Analyzer	Library Function - Single Match,  __alloc_osfhnd
00523260	Analysis	Function ID Analyzer	Library Function - Single Match,  ___loctotime64_t
005234ee	Analysis	Function ID Analyzer	Library Function - Single Match,  __fullpath
005235f6	Analysis	Function ID Analyzer	Library Function - Single Match,  ___dtoxmode
005236af	Analysis	Function ID Analyzer	Library Function - Single Match,  __mbctolower_l
00523753	Analysis	Function ID Analyzer	Library Function - Single Match,  __mbctolower
00523761	Analysis	Function ID Analyzer	Library Function - Single Match,  __mbspbrk_l
0052382b	Analysis	Function ID Analyzer	Library Function - Single Match,  __mbspbrk
0052384a	Analysis	Function ID Analyzer	Library Function - Single Match,  __set_exp
00523874	Analysis	Function ID Analyzer	Library Function - Single Match,  __sptype
0052397e	Analysis	Function ID Analyzer	Library Function - Single Match,  __raise_exc_ex
00523c58	Analysis	Function ID Analyzer	Library Function - Single Match,  __raise_exc
00523c79	Analysis	Function ID Analyzer	Library Function - Single Match,  __handle_exc
00523e5a	Analysis	Function ID Analyzer	Library Function - Single Match,  __set_errno_from_matherr
00523e82	Analysis	Function ID Analyzer	Library Function - Single Match,  __errcode
00523eaf	Analysis	Function ID Analyzer	Library Function - Single Match,  __umatherr
00523f4d	Analysis	Function ID Analyzer	Library Function - Single Match,  __handle_qnan1
00523fa0	Analysis	Function ID Analyzer	Library Function - Single Match,  __except1
0052405a	Analysis	Function ID Analyzer	Library Function - Single Match,  __statfp
00524065	Analysis	Function ID Analyzer	Library Function - Single Match,  __clrfp
00524071	Analysis	Function ID Analyzer	Library Function - Single Match,  __ctrlfp
005240ee	Analysis	Function ID Analyzer	Library Function - Single Match,  ___set_fpsr_sse2
005243f0	Analysis	Function ID Analyzer	Library Function - Single Match,  __controlfp_s
00524462	Analysis	Function ID Analyzer	Library Function - Single Match,  ?__CxxUnhandledExceptionFilter@@YGJPAU_EXCEPTION_POINTERS@@@Z
00524513	Analysis	Function ID Analyzer	Library Function - Single Match,  __lseeki64_nolock
00524596	Analysis	Function ID Analyzer	Library Function - Single Match,  __lseeki64
005246af	Analysis	Function ID Analyzer	Library Function - Single Match,  __getbuf
005246f3	Analysis	Function ID Analyzer	Library Function - Single Match,  __isatty
00524751	Analysis	Function ID Analyzer	Library Function - Single Match,  __wctomb_s_l
005248b0	Analysis	Function ID Analyzer	Library Function - Single Match,  _wctomb_s
005248d0	Analysis	Function ID Analyzer	Library Function - Single Match,  __aulldvrm
00524965	Analysis	Function ID Analyzer	Library Function - Single Match,  __ungetc_nolock
00524a83	Analysis	Function ID Analyzer	Library Function - Single Match,  _ungetc
00524af5	Analysis	Function ID Analyzer	Library Function - Single Match,  __mbtowc_l
00524c08	Analysis	Function ID Analyzer	Library Function - Single Match,  _mbtowc
00524c1f	Analysis	Function ID Analyzer	Library Function - Single Match,  ___crtMessageBoxA
00524dbd	Analysis	Function ID Analyzer	Library Function - Single Match,  _strncpy_s
00524e70	Analysis	Function ID Analyzer	Library Function - Single Match,  __set_error_mode
00524eb6	Analysis	Function ID Analyzer	Library Function - Single Match,  ?__crtGetStringTypeA_stat@@YAHPAUlocaleinfo_struct@@KPBDHPAGHHH@Z
0052506e	Analysis	Function ID Analyzer	Library Function - Single Match,  ___crtGetStringTypeA
005250ae	Analysis	Function ID Analyzer	Library Function - Single Match,  ___free_lc_time
0052523e	Analysis	Function ID Analyzer	Library Function - Single Match,  ___free_lconv_num
0052527e	Analysis	Function ID Analyzer	Library Function - Single Match,  ___free_lconv_mon
00525307	Analysis	Function ID Analyzer	Library Function - Single Match,  ____lc_codepage_func
00525330	Analysis	Function ID Analyzer	Library Function - Single Match,  _strcspn
00525380	Analysis	Function ID Analyzer	Library Function - Single Match,  _strpbrk
005253c0	Analysis	Function ID Analyzer	Library Function - Single Match,  ___ansicp
00525407	Analysis	Function ID Analyzer	Library Function - Single Match,  ___convertcp
005255b9	Analysis	Function ID Analyzer	Library Function - Single Match,  __mbsicmp_l
005257d3	Analysis	Function ID Analyzer	Library Function - Single Match,  __mbsicmp
005257e6	Analysis	Function ID Analyzer	Library Function - Single Match,  __mbsnbcmp_l
0052594f	Analysis	Function ID Analyzer	Library Function - Single Match,  __mbsnbcmp
00525966	Analysis	Function ID Analyzer	Library Function - Single Match,  __putwch_nolock
00525a84	Analysis	Function ID Analyzer	Library Function - Single Match,  __get_sse2_info
00525af1	Analysis	Function ID Analyzer	Library Function - Single Match,  __frnd
00525b02	Analysis	Function ID Analyzer	Library Function - Single Match,  __ld12tod
00526044	Analysis	Function ID Analyzer	Library Function - Multiple Matches, Different  __ld12tod
00526586	Analysis	Function ID Analyzer	Library Function - Single Match,  ___mtold12
00526760	Analysis	Function ID Analyzer	Library Function - Single Match,  __chkstk
0052678b	Analysis	Function ID Analyzer	Library Function - Single Match,  __spawnvpe
00526a01	Analysis	Function ID Analyzer	Library Function - Single Match,  __wcsnicoll_l
00526b42	Analysis	Function ID Analyzer	Library Function - Single Match,  __wcsnicoll
00526be4	Analysis	Function ID Analyzer	Library Function - Single Match,  __wcsdup
00526c37	Analysis	Function ID Analyzer	Library Function - Single Match,  _wcscpy_s
00526ca3	Analysis	Function ID Analyzer	Library Function - Single Match,  ___mbtow_environ
00526d28	Analysis	Function ID Analyzer	Library Function - Single Match,  __wsetenvp
00526e02	Analysis	Function ID Analyzer	Library Function - Single Match,  ___crtGetEnvironmentStringsW
00526f63	Analysis	Function ID Analyzer	Library Function - Single Match,  _wcschr
00526f85	Analysis	Function ID Analyzer	Library Function - Single Match,  ?x_ismbbtype_l@@YAHPAUlocaleinfo_struct@@IHH@Z
00526fd6	Analysis	Function ID Analyzer	Library Function - Single Match,  __ismbblead
00526fe9	Analysis	Function ID Conflict	Multiple likely matching functions
00526fe9	Analysis	Function ID Analyzer	Library Function - Multiple Matches, Different  __atodbl_l
0052708f	Analysis	Function ID Conflict	Multiple likely matching functions
0052708f	Analysis	Function ID Analyzer	Library Function - Multiple Matches, Different  __atodbl_l
00527135	Analysis	Function ID Analyzer	Library Function - Single Match,  __fptostr
005271f2	Analysis	Function ID Analyzer	Library Function - Single Match,  ___dtold
005272ad	Analysis	Function ID Analyzer	Library Function - Single Match,  __fltout2
00527340	Analysis	Function ID Analyzer	Library Function - Single Match,  __alldvrm
00527420	Analysis	Function ID Analyzer	Library Function - Single Match,  __aullshr
0052743f	Analysis	Function ID Analyzer	Library Function - Single Match,  __EH_prolog3
00527472	Analysis	Function ID Analyzer	Library Function - Single Match,  __EH_prolog3_catch
005274a8	Analysis	Function ID Analyzer	Library Function - Single Match,  __EH_epilog3
005274bc	Analysis	Function ID Analyzer	Library Function - Single Match,  ?_ValidateRead@@YAHPBXI@Z
005274c9	Analysis	Function ID Analyzer	Library Function - Single Match,  ?__crtCompareStringA_stat@@YAHPAUlocaleinfo_struct@@KKPBDH1HH@Z
00527852	Analysis	Function ID Analyzer	Library Function - Single Match,  ___crtCompareStringA
00527892	Analysis	Function ID Analyzer	Library Function - Single Match,  __strnicoll_l
0052798a	Analysis	Function ID Analyzer	Library Function - Single Match,  __chsize_nolock
00527b3e	Analysis	Function ID Analyzer	Library Function - Single Match,  __setmode_nolock
00527bfa	Analysis	Function ID Analyzer	Library Function - Single Match,  __get_fmode
00527c2e	Analysis	Function ID Analyzer	Library Function - Single Match,  __87except
00528abb	Analysis	Function ID Analyzer	Library Function - Single Match,  __strnicmp_l
00528bab	Analysis	Function ID Analyzer	Library Function - Single Match,  __strnicmp
00528c07	Analysis	Function ID Analyzer	Library Function - Single Match,  ___initconout
00528c53	Analysis	Function ID Analyzer	Library Function - Single Match,  __getpath
00528ce6	Analysis	Function ID Analyzer	Library Function - Single Match,  _comexecmd
00528d5e	Analysis	Function ID Analyzer	Library Function - Single Match,  __spawnve
00528f7d	Analysis	Function ID Analyzer	Library Function - Single Match,  ?wcsncnt@@YAHPB_WH@Z
00528f99	Analysis	Function ID Analyzer	Library Function - Single Match,  ?__crtCompareStringW_stat@@YAHPAUlocaleinfo_struct@@KKPB_WH1HH@Z
005291e9	Analysis	Function ID Analyzer	Library Function - Single Match,  ___crtCompareStringW
00529229	Analysis	Function ID Analyzer	Library Function - Single Match,  _$I10_OUTPUT
00529b00	Analysis	Function ID Analyzer	Library Function - Single Match,  ___ascii_strnicmp
00529b61	Analysis	Function ID Analyzer	Library Function - Single Match,  __dospawn
00529d6e	Analysis	Function ID Analyzer	Library Function - Single Match,  __cenvarg
0052a145	Analysis	Function ID Analyzer	Library Function - Single Match,  __mbsnicmp_l
0052a30e	Analysis	Function ID Analyzer	Library Function - Single Match,  __mbsnicmp
0052dc60	Analysis	Function ID Analyzer	Library Function - Single Match,  _strerror
005315cc	Analysis	Function ID Analyzer	Library Function - Single Match,  __setjmp3
004026f4	Analysis	Address Table	Address table[5] created
00403288	Analysis	Address Table	Address table[3] created
00404884	Analysis	Address Table	Address table[5] created
0040881c	Analysis	Address Table	Address table[13] created
00408a34	Analysis	Address Table	Address table[5] created
00408fa8	Analysis	Address Table	Address table[4] created
00408fd0	Analysis	Address Table	Address table[5] created
0040b808	Analysis	Address Table	Address table[4] created
0040b928	Analysis	Address Table	Address table[4] created
0040bf34	Analysis	Address Table	Address table[6] created
0040c23c	Analysis	Address Table	Address table[4] created
0040fb44	Analysis	Address Table	Address table[4] created
0040fc9c	Analysis	Address Table	Address table[3] created
0041112c	Analysis	Address Table	Address table[4] created
00412c98	Analysis	Address Table	Address table[4] created
00419058	Analysis	Address Table	Address table[3] created
004190d8	Analysis	Address Table	Address table[3] created
00419df4	Analysis	Address Table	Address table[5] created
0041da3c	Analysis	Address Table	Address table[3] created
0041de78	Analysis	Address Table	Address table[7] created
00426574	Analysis	Address Table	Address table[4] created
00427990	Analysis	Address Table	Address table[5] created
004290a4	Analysis	Address Table	Address table[5] created
00429604	Analysis	Address Table	Address table[10] created
00430a00	Analysis	Address Table	Address table[16] created
00433260	Analysis	Address Table	Address table[4] created
00433688	Analysis	Address Table	Address table[5] created
00434558	Analysis	Address Table	Address table[11] created
0043458c	Analysis	Address Table	Address table[3] created
00438440	Analysis	Address Table	Address table[19] created
00438490	Analysis	Address Table	Address table[7] created
004414e4	Analysis	Address Table	Address table[4] created
00447228	Analysis	Address Table	Address table[6] created
00448878	Analysis	Address Table	Address table[10] created
004492b0	Analysis	Address Table	Address table[11] created
0044984c	Analysis	Address Table	Address table[23] created
00449e10	Analysis	Address Table	Address table[4] created
0044dfa4	Analysis	Address Table	Address table[5] created
0044f82c	Analysis	Address Table	Address table[7] created
00459c84	Analysis	Address Table	Address table[12] created
0045bb28	Analysis	Address Table	Address table[3] created
0045bc58	Analysis	Address Table	Address table[5] created
0045e7b4	Analysis	Address Table	Address table[4] created
0045e93c	Analysis	Address Table	Address table[3] created
0045e94c	Analysis	Address Table	Address table[3] created
0045ecec	Analysis	Address Table	Address table[16] created
004619dc	Analysis	Address Table	Address table[8] created
00463ca0	Analysis	Address Table	Address table[3] created
00463d6c	Analysis	Address Table	Address table[6] created
00464188	Analysis	Address Table	Address table[5] created
00465a48	Analysis	Address Table	Address table[4] created
00468bb8	Analysis	Address Table	Address table[6] created
0046d1dc	Analysis	Address Table	Address table[4] created
0046e48c	Analysis	Address Table	Address table[17] created
0047385c	Analysis	Address Table	Address table[8] created
00477000	Analysis	Address Table	Address table[5] created
00477030	Analysis	Address Table	Address table[5] created
00478954	Analysis	Address Table	Address table[5] created
004791fc	Analysis	Address Table	Address table[6] created
00487290	Analysis	Address Table	Address table[5] created
00487958	Analysis	Address Table	Address table[15] created
004887d0	Analysis	Address Table	Address table[3] created
00488e6c	Analysis	Address Table	Address table[10] created
0048a798	Analysis	Address Table	Address table[4] created
0048a834	Analysis	Address Table	Address table[19] created
00491ab0	Analysis	Address Table	Address table[15] created
00493e94	Analysis	Address Table	Address table[7] created
00496914	Analysis	Address Table	Address table[3] created
00496924	Analysis	Address Table	Address table[3] created
0049f900	Analysis	Address Table	Address table[4] created
004a2850	Analysis	Address Table	Address table[4] created
004a74b0	Analysis	Address Table	Address table[3] created
004ad6cc	Analysis	Address Table	Address table[13] created
004b0ae8	Analysis	Address Table	Address table[27] created
004b0c50	Analysis	Address Table	Address table[26] created
004b0d98	Analysis	Address Table	Address table[59] created
004b0f5c	Analysis	Address Table	Address table[10] created
004b4848	Analysis	Address Table	Address table[27] created
004b49ac	Analysis	Address Table	Address table[29] created
004b4b14	Analysis	Address Table	Address table[45] created
004b4f14	Analysis	Address Table	Address table[9] created
004b4f38	Analysis	Address Table	Address table[6] created
004b7728	Analysis	Address Table	Address table[46] created
004b85a0	Analysis	Address Table	Address table[3] created
004b85f8	Analysis	Address Table	Address table[8] created
004bcbcc	Analysis	Address Table	Address table[6] created
004bcc54	Analysis	Address Table	Address table[6] created
004c3654	Analysis	Address Table	Address table[5] created
004c3668	Analysis	Address Table	Address table[5] created
004c8e04	Analysis	Address Table	Address table[18] created
004cc0a4	Analysis	Address Table	Address table[31] created
004cc4e0	Analysis	Address Table	Address table[20] created
004d0d74	Analysis	Address Table	Address table[31] created
004d10c0	Analysis	Address Table	Address table[18] created
004e2c90	Analysis	Address Table	Address table[5] created
004e4b60	Analysis	Address Table	Address table[12] created
004ea030	Analysis	Address Table	Address table[13] created
004ea11c	Analysis	Address Table	Address table[12] created
004ea224	Analysis	Address Table	Address table[38] created
004ea45c	Analysis	Address Table	Address table[17] created
004ea4a4	Analysis	Address Table	Address table[10] created
004ecf3c	Analysis	Address Table	Address table[4] created
004ecf8c	Analysis	Address Table	Address table[6] created
004ed0fc	Analysis	Address Table	Address table[5] created
004f0afc	Analysis	Address Table	Address table[3] created
004f5558	Analysis	Address Table	Address table[3] created
004f76c0	Analysis	Address Table	Address table[4] created
00505158	Analysis	Address Table	Address table[4] created
00506f38	Analysis	Address Table	Address table[3] created
0050bc10	Analysis	Address Table	Address table[48] created
0051016c	Analysis	Address Table	Address table[3] created
00510254	Analysis	Address Table	Address table[4] created
005102f8	Analysis	Address Table	Address table[3] created
005103f0	Analysis	Address Table	Address table[4] created
005116bc	Analysis	Address Table	Address table[3] created
005117a4	Analysis	Address Table	Address table[4] created
00511848	Analysis	Address Table	Address table[3] created
00511940	Analysis	Address Table	Address table[4] created
0052a480	Analysis	Address Table	Address table[14] created
0053c488	Analysis	Address Table	Address table[157] created
0053c704	Analysis	Address Table	Address table[6] created
0053c724	Analysis	Address Table	Address table[3] created
0053df50	Analysis	Address Table	Address table[108] created
0053e104	Analysis	Address Table	Address table[15] created
0053e4e0	Analysis	Address Table	Address table[4] created
0053e550	Analysis	Address Table	Address table[8] created
0053e5a8	Analysis	Address Table	Address table[8] created
0053e618	Analysis	Address Table	Address table[8] created
0053e670	Analysis	Address Table	Address table[8] created
0053e6c8	Analysis	Address Table	Address table[8] created
0053e720	Analysis	Address Table	Address table[8] created
0053e754	Analysis	Address Table	Address table[3] created
0053e768	Analysis	Address Table	Address table[8] created
004dc540	Analysis	Found Code	Found code from operand reference
0053e798	Analysis	Address Table	Address table[4] created
0053e7ac	Analysis	Address Table	Address table[3] created
0053e808	Analysis	Address Table	Address table[8] created
0053e8cc	Analysis	Address Table	Address table[3] created
0053e8e0	Analysis	Address Table	Address table[8] created
0053e924	Analysis	Address Table	Address table[3] created
0053e944	Analysis	Address Table	Address table[3] created
0053e958	Analysis	Address Table	Address table[8] created
0053e99c	Analysis	Address Table	Address table[3] created
0053e9bc	Analysis	Address Table	Address table[3] created
0053e9ec	Analysis	Address Table	Address table[3] created
0053ea3c	Analysis	Address Table	Address table[4] created
005447d0	Analysis	Address Table	Address table[3] created
00544838	Analysis	Address Table	Address table[3] created
005503c0	Analysis	Address Table	Address table[81] created
0055050c	Analysis	Address Table	Address table[13] created
00573060	Analysis	Address Table	Address table[6] created
00573674	Analysis	Address Table	Address table[110] created
00573e48	Analysis	Address Table	Address table[3] created
00574150	Analysis	Address Table	Address table[43] created
00574c30	Analysis	Address Table	Address table[4] created
00575040	Analysis	Address Table	Address table[16] created
00575080	Analysis	Address Table	Address table[44] created
00575798	Analysis	Address Table	Address table[16] created
00575c48	Analysis	Address Table	Address table[16] created
00576944	Analysis	Address Table	Address table[4] created
00576fcc	Analysis	Address Table	Address table[14] created
005771a4	Analysis	Address Table	Address table[4] created
005776b8	Analysis	Address Table	Address table[4] created
005776d0	Analysis	Address Table	Address table[4] created
005776e8	Analysis	Address Table	Address table[4] created
00577700	Analysis	Address Table	Address table[4] created
005778f0	Analysis	Address Table	Address table[7] created
00577b8c	Analysis	Address Table	Address table[8] created
00577d0c	Analysis	Address Table	Address table[3] created
00577d1c	Analysis	Address Table	Address table[3] created
00577e78	Analysis	Address Table	Address table[4] created
00577ed0	Analysis	Address Table	Address table[30] created
00577f58	Analysis	Address Table	Address table[5] created
00577f74	Analysis	Address Table	Address table[4] created
00578140	Analysis	Address Table	Address table[10] created
005b839c	Analysis	Address Table	Address table[11] created
005b8450	Analysis	Address Table	Address table[4] created
005b8480	Analysis	Address Table	Address table[24] created
0050d691	Analysis	Non-Returning Function	Non-Returning Function Identified
0050d8d4	Analysis	Non-Returning Function	Non-Returning Function Identified
00514441	Analysis	Non-Returning Function	Non-Returning Function Identified
00514fe4	Analysis	Non-Returning Function	Non-Returning Function Identified
005169f7	Analysis	Non-Returning Function	Non-Returning Function Identified
00519bde	Analysis	Non-Returning Function	Non-Returning Function Identified
0050fede	Analysis	Function ID Conflict	Multiple likely matching functions
0051088e	Analysis	Function ID Analyzer	Library Function - Single Match,  __flushall
00518b5f	Analysis	Function ID Analyzer	Library Function - Single Match,  __fcloseall
0051909e	Analysis	Function ID Analyzer	Library Function - Single Match,  __seh_longjmp_unwind4@4
0045ecfc	Analysis	Address Table	Address table[4] created
0045ed0c	Analysis	Address Table	Address table[4] created
0045ed1c	Analysis	Address Table	Address table[4] created
00550400	Analysis	Address Table	Address table[65] created
0057504c	Analysis	Address Table	Address table[3] created
0057505c	Analysis	Address Table	Address table[7] created
