address	type	comment
00400208	EOL	.text
00400230	EOL	.rdata
00400258	EOL	.data
00400280	EOL	.rsrc
00401000	PLATE	Searches the active texture list for an entry whose name matches param_1; sets the list's current index and returns 1 if found, 0 otherwise.
00401060	PLATE	Walks the active texture list comparing each entry's 16-bit id; sets the current index when a match is found.
004010a0	PLATE	Allocates a Tex_Entry for the given bitmap, appends it to the active texture list and updates the list's max width/height.
00401170	PLATE	Finds the texture-list entry whose object id matches and releases it, then frees the backing bitmap.
004011c0	PLATE	Draws this UI element's icon via the renderer vtable, then draws its centered caption text beneath it.
00401270	PLATE	Advances the active texture-list index cyclically to the next non-empty list slot.
004012a0	PLATE	Thin forwarder to FUN_004a5a90 that begins/resets iteration over the active texture list.
004012c0	PLATE	Thin forwarder to FUN_004a5af0 that advances the active texture-list iterator.
004012e0	PLATE	One-time initialization that allocates the five texture lists and populates each with Tex_Entry objects built from the global bitmap table.
004014c0	PLATE	If the animation subsystem is active, clears its flag and iterates the animator list calling the per-entry step/cleanup function FUN_00401e80.
00401510	PLATE	Precomputes a 256-entry lookup table of scaled/biased float values from several global tuning constants.
00401560	PLATE	Builds a 641-entry table of 1/i reciprocals as floats plus a parallel table of their converted (rounded) forms.
004015c0	PLATE	Fills a lookup table that maps scaled integer values to monotonically increasing bucket indices by comparing against a float threshold array.
004016a0	PLATE	Allocates nine power-of-two-sized integer arrays (sizes 1..256) each filled with multiples of its size, used as per-level row-stride/offset lookups.
004016f0	PLATE	Clamps a coordinate to the [param_1, param_3) range and advances a paired accumulator, clamping the result to valid bounds.
00401750	PLATE	Clips a 2D span's start and end coordinates against a clipping rectangle, returning whether any portion remains visible.
00401850	PLATE	Clips and then copies a source texture region into a destination surface with fixed-point UV interpolation per pixel.
004019f0	PLATE	Thin forwarder to FUN_00512000 that retrieves the current frame/time delta.
00401a30	PLATE	Sets an object's field at offset 0x2c to a supplied value or to the larger of it and a source field, used to track a running maximum.
00401a50	PLATE	Clamps a requested mip level for a bitmap against its min/max bounds, invokes a callback to load missing levels, and updates the entry's resident-level field.
00401ae0	PLATE	Initializes an animation-sequence struct, allocating its frame-id and per-frame-duration arrays and filling durations with a default value.
00401b60	PLATE	Iterates every frame of an animation sequence and clamps/loads each frame bitmap's mip level so all frames are resident.
00401c20	PLATE	Preloads the mip level of the first param_2 frames of an animation sequence by clamping and loading each frame bitmap.
00401c80	PLATE	Builds an animation sequence by resolving bitmap ids from a name prefix over a numeric range (trying %03d then %d suffixes), then registers and preloads it.
00401e80	PLATE	Advances an animator's current frame while accumulating per-frame durations until a time budget is met, updating animation statistics counters.
00401f00	PLATE	Computes an animation level-of-detail value from the current frame-time delta via a clamped lookup table, returning a default when animation is disabled.
00401f90	PLATE	Initializes an animator instance for a sequence, sets the initial frame and time budget, computes its LOD, and advances it once.
00402000	PLATE	Advances an animator's frame pointer until its accumulated duration reaches the supplied elapsed time, wrapping and setting a looped flag at sequence end.
00402060	PLATE	Resets an object's embedded animation playback state (sequence pointer, frame index, time budget, and current frame id) to the start of a sequence.
004020c0	PLATE	Advances every registered object animator by the time elapsed since last call, decrementing each frame's remaining budget and updating the object's displayed frame id on wrap.
00402140	PLATE	Builds an animation sequence from an explicit array of bitmap names, resolving each id and registering the resulting sequence.
00402230	PLATE	Clears the per-axis spin/angular-accumulator state array and resets the mode selector to its default value.
004022b0	PLATE	Accumulates an angular-velocity sample for one axis, skipping the update when the delta from the stored value falls within a dead-band window.
00402310	PLATE	Emits a spin/rotation event object for each axis that has a nonzero accumulated value, appends them to a list, and clears the accumulators.
004023c0	PLATE	Computes the z-axis angular acceleration between two orientation states, accumulates it, and flushes spin events when it falls in the active range.
00402480	PLATE	Computes two angular components between orientation states, accumulates both, and flushes spin events when both lie within the active range.
00402580	PLATE	Allocates a text-label widget for the given string and positions it horizontally centered near the top of the screen.
004025e0	PLATE	Per-frame spin-system update that lazily creates its UI labels and dispatches to the appropriate axis-processing routine based on the current mode.
00402710	PLATE	Iterates the chooser widget's item list and invokes the callback of each item flagged as activated, clearing the flag.
00402740	PLATE	Constructor for the chooser_widget class that initializes its fields, vtable, item list, and base widget geometry.
004027f0	PLATE	Recomputes a chooser widget's size from the longest item label width and total item count, then applies it via the renderer resize callback.
00402870	PLATE	Maps a screen x/y coordinate to a chooser item row index, returning -1 if the point lies outside the widget's bounds.
004028a0	PLATE	Draws a chooser widget: optionally tracks the mouse, fills and frames its rectangle, then renders each item label highlighting the row under the cursor.
00402ac0	PLATE	Handles input events for a chooser widget, beginning mouse drag on one event type and invoking the clicked item's callback on a click event.
00402b70	PLATE	Thin forwarder to FUN_004a16b0 that tears down/frees a chooser widget.
00402b80	PLATE	Appends an animator object (adjusted by a fixed offset) to the global animator list via FUN_004dc850.
00402ba0	PLATE	Parses a console/config value string into either the float or integer/bool target global depending on the DAT_005d8fce type flag, after bounds-copying the input via strncpy and sscanf.
00402c70	PLATE	Allocates a chooser item (label, callback, flag), appends it to the widget's item list, and grows the widget height by one row.
00402cb0	PLATE	Constructor for the param_widget class (a view_widget subclass) that initializes its fields, vtables, parameter list, and base geometry.
00402d80	PLATE	Maps a screen x/y coordinate to a param_widget row index, returning -1 when outside the widget bounds or row range.
00402dc0	PLATE	Draws a param_widget: fills/frames its rectangle and renders each parameter as a "name value" line (float or True/False), highlighting the row under the cursor.
00403080	PLATE	Auto-tune table widget event handler that processes input events (cases for selection, value-changed, focus/blur callbacks) and spawns a floating value label for the auto-pilot parameter table.
00403310	PLATE	Destructor helper that calls the slider/list cleanup routine FUN_004a16b0 five times to tear down a row of five auto-tune widgets.
00403360	PLATE	Registers five child widgets (at struct offsets 0xc..0x1c) with the global UI container via FUN_004dc850.
004033c0	PLATE	Frees four slider objects (offsets 0xc..0x18 of the current object) by cleaning each up and freeing its memory, nulling the pointers.
00403490	PLATE	Thunk that forwards its single argument to FeedbackProfile_SaveAtbl to save the feedback profile attribute table.
004034a0	PLATE	Thunk that loads the default feedback profile ATBL by calling FeedbackProfile_LoadAtbl with a zero flag argument.
004034b0	PLATE	Builds a row of four piecewiser sliders ("error", "prime", "use error", "use prime") plus a value-display widget with the "Max Error/Prime/Output/Smoothing" labels for one auto-pilot parameter.
004037d0	PLATE	Reads four (x,y) sample pairs from the bound parameter struct and appends them as colored points into the four slider graph lists.
00403920	PLATE	Thunk that calls PiecewiseCurve_Save on the given curve object with null filename and file-handle arguments to perform a default save.
00403930	PLATE	Thunk that loads the default piecewise curve by calling PiecewiseCurve_Load with null filename and null file handle.
00403940	PLATE	Thin destructor that forwards to the widget cleanup routine FUN_004a16b0 for a single auto-tune widget.
00403950	PLATE	Registers the single child widget at offset 0xc with the global UI container via FUN_004dc850.
00403970	PLATE	Reads one (x,y) sample from the bound parameter struct and appends it as a colored point into the single slider's graph list.
004039d0	PLATE	Builds a single piecewiser slider bound to one auto-pilot parameter, copying its label and installing the graph point/cleanup callbacks.
00403ad0	PLATE	When the auto-tune table is active, refreshes all slider graphs by pushing the current sample points (three four-point rows and five single points).
00403b30	PLATE	Tears down the auto-tune table UI, freeing all slider/viewer/piecewiser objects and clearing the active flags.
00403c00	PLATE	Destructor for a combined slider+viewer object that destroys the child list at offset 0x5c and frees the embedded widget.
00403c60	PLATE	Destructor for a viewer object that destroys the child list at offset 0x40 and frees the embedded widget.
00403cc0	PLATE	Guarded thunk that tail-calls the AutoTune viewer destructor at 0x004df000 only when the incoming this pointer in ECX is non-null.
00403cd0	PLATE	Null-checks the incoming pointer and, if non-null, tail-calls JetMisc_Save to persist the jet miscellaneous data.
00403ce0	PLATE	Lazily constructs and displays the auto-pilot tuning table (auto_table_viewer/piecewiser widgets bound to fields like max_xy_speed, tilt_max, roll_max via FUN_00402c70) and registers it with the UI container.
00404200	PLATE	Sets a slider's current value (offset 4), clamping it to the [min,max] range at offsets 8 and 0xc and marking the dirty flag.
00404250	PLATE	Advances a slider's value by an input delta scaled by elapsed time, optionally passing it through a mapping callback, then clamps to the slider range and sets the dirty flag.
00404330	PLATE	Stores three components into a 3-float vector struct.
00404350	PLATE	Normalizes a 3-float vector in place by dividing each component by its length (no-op if length is zero).
004043c0	PLATE	Computes a face normal as the cross product of two edge vectors (param2-param3) x (param4-param3) and stores it in param1.
00404470	PLATE	Computes a normalized axis parallel to the line between the two selected vertices, erroring if exactly two vertices are not selected.
00404520	PLATE	Computes a normalized axis perpendicular to the selected face, or the averaged face normal at the selected vertex, erroring if exactly one vertex or face is not selected.
004047b0	PLATE	Sets the editor lock axis to X/Y/Z or computes it parallel/perpendicular to the selection, then reports the resulting axis vector in the status line.
004048a0	PLATE	Allocates and initializes the three colored axis-line segments used to draw the axis-lock gizmo overlay.
004049e0	PLATE	Library Function - Single Match\n void __stdcall `vector constructor iterator'(void *,unsigned int,int,void * (__thiscall*)(void *))\n\nLibraries: Visual Studio 2005 Release, Visual Studio 2008 Release
00404a20	PLATE	Enables or disables axis-lock mode, lazily creating the gizmo and resetting its accumulator fields when an axis is set.
00404ab0	PLATE	Renders the axis-lock gizmo line segments projected to screen space and draws the "AXIS LOCK (x,y,z)" or "NO AXIS LOCK" status text.
00404dd0	PLATE	Returns the absolute value of a float.
00404df0	PLATE	Computes sine of the argument (via FUN_00512100) and returns it as a single-precision float.
00404e10	PLATE	Computes cosine of the argument (via FUN_005126d0) and returns it as a single-precision float.
00404e30	PLATE	Thin forwarder that calls Math_SinF and discards the float result.
00404e50	PLATE	Thin forwarder that calls Math_CosF and discards the float result.
00404e70	PLATE	Computes square root (via FUN_00512000) and returns it as a single-precision float.
00404e90	PLATE	Computes a two-argument arctangent, returning +/- pi/2 constants for the zero-denominator case and otherwise calling FUN_0051291a, as a single-precision float.
00404f00	PLATE	Returns the indexed entry from the global color/data table at DAT_005b9a68.
00404f10	PLATE	Maps an index pair to a linear offset, returning param2 for index 0 and param2+2*param1-2 otherwise.
00404f30	PLATE	Computes a step amount scaled by modifier-key state and integrates it into the currently selected slider(s).
00404fb0	PLATE	Linearly remaps an (x,y) coordinate from the source rectangle into a destination rectangle (with the y axis flipped) and returns whether the result lies within [0,1].
00405060	PLATE	Remaps an (x,y) point through two coordinate rectangles (computing normalized fractions then mapping into an output range) and reports in-bounds status.
00405120	PLATE	Inverse of the world-to-normalized remap: maps an (x,y) from the source rectangle into the destination rectangle (y axis flipped) and returns whether the result lies within [0,1].
004051d0	PLATE	Converts a screen pixel coordinate into the world/map coordinate space using the active viewport transform, then forwards to Map_NormalizedToWorld.
00405240	PLATE	Converts a world/map coordinate to integer tile (column,row) indices and returns whether they fall inside the tile grid bounds.
004052f0	PLATE	Tears down and re-shows the map panel for the current display mode, additionally probing the local player's team slot completeness when fewer than two players are present.
00405350	PLATE	Builds a four-vertex textured quad from the object's rectangle fields and submits it to the renderer to draw a highlighted map region.
004054c0	PLATE	Sets the selected waypoint/object id, resetting the editor state if it changed, then resolves the target and caches its mode field.
00405500	PLATE	Looks up the selected entity in the global object list, caches its world position, and refreshes the mode-label string when enabled.
004055c0	PLATE	Returns a human-readable string ("Autonomous", "Repeat Manual", "Manual", or error) for the selected waypoint's current mode value.
00405610	PLATE	Initializes a waypoint drag/pick state structure with the current cursor position and, unless suppressed, computes the hit tile via WpEdit_PickTile.
00405690	PLATE	Resolves the current cursor screen position to a map tile index via Map_WorldToTileIndex, marking the state invalid and returning false if out of bounds.
004056f0	PLATE	Resets the global waypoint-drag state block to defaults and records the current cursor position.
004057a0	PLATE	Tests a candidate point against the cursor within a pick radius and, if closer than the stored best, updates the nearest-point distance and index.
00405830	PLATE	Computes the perpendicular distance from the cursor to a line segment and, if within tolerance and closer than the stored best, records it as the nearest segment hit.
00405a20	PLATE	Stores the supplied map/minimap view parameters into the global view-state block at 0x678688..0x6786a4 and resets its dirty counters to zero.
00405a70	PLATE	Selects the appropriate map background texture index based on game-mode flags and, if it differs from the renderer's current background, calls the renderer vtable to set it.
00405ad0	PLATE	Computes four scaled corner coordinates and draws a small diamond/rhombus marker on the map via the renderer line vtable at offset 0x70.
00405c20	PLATE	Computes scaled coordinates and draws a hollow box/bracket marker on the map using the renderer line vtable at offset 0x70.
00405d70	PLATE	Computes scaled coordinates and draws a cross/plus-shaped marker on the map using the renderer line vtable at offset 0x70.
00405ef0	PLATE	Rounds the input float coordinates and scale to integers and draws the four line segments of a cross/diamond map marker via the renderer's vtable line-draw entry at offset 0x70.
00405fd0	PLATE	Returns the map icon/shape type code for a given game object based on whether it is the local player and on the object's subtype field at offset 0xf0.
00406020	PLATE	Returns the map color/palette index for a given game object, derived from team data and the object's subtype field at offset 0xf0.
004060a0	PLATE	Rebuilds the animated map color-pulse palette table at 0x5dbb5c using a time-based sine-like modulation of team base colors.
00406200	PLATE	Initializes a single textured-quad vertex/transform record (default identity UVs) optionally transformed by a matrix, used when building map link strips.
004062b0	PLATE	Iterates over a ring of 0x1c-byte vertex records calling Map_InitQuadVertex on each to build a closed textured quad strip for a map overlay.
00406320	PLATE	Builds two clamped point arrays describing a rotated cone/view-frustum wedge and submits them via Map_InitQuadStrip to draw a directional wedge on the map.
00406550	PLATE	Builds two clamped point arrays describing a rotated arc/sweep wedge from two angles and submits them via Map_InitQuadStrip to draw a sensor arc on the map.
00406790	PLATE	Recomputes time-animated map colors, sizes and state flags each frame from the global tick counter and rebuilds the pulse palette via Map_BuildPulsePalette.
004069d0	PLATE	Draws a vertical run of map pixels at a fixed x over an ordered y-range by repeatedly calling the renderer point vtable at offset 0x80.
00406a40	PLATE	Draws a horizontal run of map pixels at a fixed y over an ordered x-range by repeatedly calling the renderer point vtable at offset 0x80.
00406ab0	PLATE	Draws a plus/crosshair-shaped map icon for an object by setting its color then plotting several vertical spans plus a few extra points.
00406c60	PLATE	Draws a building/structure map icon as a filled block of horizontal spans and, if it is the local player's object, overlays a directional cone wedge.
00406da0	PLATE	Plots a single bitmap character/glyph onto the map from the glyph table at 0x5dbb5c by emitting individual points through the renderer point vtable at offset 0x80.
004075d0	PLATE	Draws a triangle-shaped map icon for an object (skipping certain hidden types) via vertical spans, and overlays a cone wedge if it is the local player.
004076c0	PLATE	Draws a small L-shaped corner map icon for an object using one vertical and one horizontal span.
00407740	PLATE	Draws the teleporter/launch-pad map icon as a pattern of points, conditionally adding an extra marker depending on the current animation phase.
004079d0	PLATE	Draws a landing-pad map icon as a fixed pattern of plotted points around the object's scaled position.
00407bb0	PLATE	Draws a turret map icon using several horizontal spans plus two color-coded points selected from the per-type color table at 0x5dbbd0.
00407d10	PLATE	Draws a small two-point home/base marker on the map using a color from the team data block referenced at offset 0x4c.
00407db0	PLATE	Draws a factory map icon as a cluster of points and, if it is the local player's object, overlays a directional arc wedge.
00407ff0	PLATE	Draws a missile-silo map icon as a cluster of points and, if it is the local player's object, overlays a directional cone wedge.
00408230	PLATE	Draws a radar/sensor map icon as a cluster of points and, if it is the local player's object, overlays a directional arc wedge.
00408480	PLATE	Draws a small two-span square map icon for an object after setting its color.
004084f0	PLATE	Draws a unit/player as a colored blob sprite on the map by looking up its icon type and invoking the renderer sprite vtable at offset 0xb0.
00408570	PLATE	Draws an X/cross-shaped map icon for an object using two horizontal and two vertical spans.
00408620	PLATE	Dispatches map-icon drawing for a game object by switching on its type code at offset 8 to the appropriate Map_Draw*Icon helper.
00408880	PLATE	Selects and triggers a HUD status sound based on an index in EAX; all branches currently forward to FUN_00427ef0.
004088c0	PLATE	Returns a cached HUD status/icon object for the current target, rebuilding and re-caching it (with exception-handler frame) when the cache key changes.
00408a50	PLATE	Returns a cached HUD team/build icon object for the given index, rebuilding and re-caching it (with exception-handler frame) when the cache key changes.
00408b60	PLATE	Renders the carrier-status HUD panel, drawing the commander name, carrier name/type, carrier state strings and an associated icon.
00408ff0	PLATE	Selects the next HUD scrolling-status message entry by clamping an index and loading its text/duration into the active-message globals.
00409040	PLATE	Advances the HUD status-message scroll/cycle timer each frame and steps to the next line of the current message when its duration elapses.
004090f0	PLATE	Appends a duplicated string as a new line to the HUD status-message line list (with exception-handler frame), allocating the list on first use.
00409180	PLATE	Builds the predefined set of HUD status messages (e.g. "All Systems Nominal", "Cannot Drop Cargo") by appending lines and pushing each message with its duration into the message table.
004092f0	PLATE	Renders the current-target info HUD lines (target name, shield percent, power/pumps) using sprintf and the renderer text vtable at offset 0x9c.
00409510	PLATE	Returns true if a target map cell is within one unit of a reference cell in both axes (used to test adjacency of supply-link endpoints).
00409560	PLATE	Walks the linked supply-path node list and returns true if the given clamped map cell coordinates match any node in the path.
00409620	PLATE	Decides whether a supply/power link between two map cells should be drawn by checking team ownership, link counts, path membership and adjacency.
00409680	PLATE	Builds the four transformed screen-space vertices of a textured quad connecting two map cells (a supply-link segment), rotating a unit template by the link's angle.
004098f0	PLATE	Draws a supply-link quad between two map cells using the default link texture by building its quad via Map_BuildSupplyLinkQuad and submitting it through FUN_0047ba4e.
004099a0	PLATE	Draws a supply-link quad between two map cells using a caller-supplied texture/color by building its quad via Map_BuildSupplyLinkQuad and submitting it through FUN_0047ba4e.
00409a50	PLATE	Iterates over the cells surrounding the selected map cell and draws a colored supply link to each neighbor that passes the link-visibility test.
00409b50	PLATE	Draws the supply link from the selected cell to the current cursor/target cell, using the colored link if the link test passes or the default link otherwise.
00409c30	PLATE	Renders the commander command-map HUD: draws target info, advances and draws the scrolling status message, then draws the adjacent and target supply links.
00409d20	PLATE	Renders the build-menu HUD: draws target info, then the selected buildable item's name and cost plus its icon via Hud_GetCachedTeamEntry.
00409ee0	PLATE	Draws a single map object marker via its per-type marker draw function and performs waypoint-editor closest-point hit-testing against the marker position.
00409ff0	PLATE	Iterates the waypoint list and draws a map marker for each, converting normalized coordinates to world space before drawing.
0040a0f0	PLATE	Returns whether a map object should be drawn based on its type, ownership/visibility flags, and editor state.
0040a160	PLATE	Walks the visible map object list and draws each object's icon at its mapped position, performing waypoint-editor hit-testing on selectable objects.
0040a390	PLATE	Sets the object's map color and emits one or more renderer draw calls to draw a map object's glow/point, skipping invisible types.
0040a500	PLATE	Iterates the visible map object list and calls the object-glow draw routine for each entry plus the local player.
0040a590	PLATE	Emits renderer line draw calls forming a downward/right grid bracket for a command-map terrain elevation cell.
0040a620	PLATE	Emits renderer line draw calls forming an upward/left grid bracket for a command-map terrain elevation cell.
0040a6b0	PLATE	Runs waypoint-editor closest-segment hit-testing on the four edges of a command-map grid cell rectangle.
0040a770	PLATE	Draws the command-map terrain elevation grid cell-by-cell, drawing slope brackets and optional contour glyphs and hit-testing cells for the waypoint editor.
0040ab80	PLATE	Returns the active command-map view surface pointer selected by the current map-mode global.
0040abb0	PLATE	Draws the selection quad over the command-map view surface selected by the current map-mode global.
0040ac00	PLATE	Draws the command-map grid lines and their alphabetic/numeric row and column labels across the map area.
0040afe0	PLATE	Builds the four border line segments of the command-map frame into the map state structure.
0040b0c0	PLATE	Renders the full command-map view: sets up viewport, draws background, terrain grid, labels, border, object icons, and performs editor hit-testing on the map origin.
0040b2d0	PLATE	Copies the saved map state into a local buffer and draws the minimap waypoint marker overlay.
0040b300	PLATE	Computes the square command-map view rectangle (offset and size) from the render surface dimensions and stores it in the map state.
0040b3a0	PLATE	Computes the clamped zoom/pan factors for the command map and writes the resulting world-to-screen transform bounds into the map state.
0040b5d0	PLATE	Renders the command map into a caller-specified screen rectangle, drawing background, objects, and border, then commits editor hit-test results.
0040b7a0	PLATE	Selects one of four map-layer object pointers based on the active mode global (DAT_005b8440) and, if non-null, invokes its virtual render method before clearing the active render slot.
0040b820	PLATE	Top-level command-screen draw dispatcher that renders the appropriate panel (minimap, carrier panel, command map, or build menu) based on the current screen mode.
0040b940	PLATE	Clears waypoint-editor selection and hover references to a destroyed object and resets the screen mode accordingly.
0040b9b0	PLATE	Frees every waypoint marker entry in the map waypoint list and clears the list.
0040ba00	PLATE	Frees and removes every waypoint marker whose mission/group id does not match the given value.
0040ba60	PLATE	Frees and removes every waypoint marker whose owner field matches the value passed in EBX.
0040bac0	PLATE	Frees and removes every waypoint marker of type 2 whose key field matches the value passed in EBX.
0040bb20	PLATE	Allocates and initializes a new waypoint marker object with the given owner, type, label strings, and coordinates, then inserts it into the map waypoint list.
0040bbe0	PLATE	Converts a screen click to map world coordinates and, if valid, places/sends a waypoint at that location.
0040bc60	PLATE	If the selected object's name matches the current player name, opens an in-place text-entry widget for editing the waypoint label.
0040bd00	PLATE	If a valid drag target cell is selected, sets it as the waypoint target and refreshes the command display.
0040bd40	PLATE	Formats a "move <id> <cell>" command for the selected unit and sends it as a COMM_MESSAGE_REQUEST packet to the server.
0040bdd0	PLATE	Handles mouse button up/down events in the waypoint editor, either confirming a drag-based move or triggering a target-cell assignment.
0040be50	PLATE	On a key-up event, clears the corresponding movement key's held flag and accumulates the time the key was held for each directional control.
0040bff0	PLATE	Clears all held movement-key flags and accumulates their held durations, as when input focus is lost.
0040c0a0	PLATE	Main command-map input event handler that dispatches mouse clicks and movement key-down events to waypoint placement, label editing, and key-hold tracking.
0040c2f0	PLATE	Draws one numbered build/order pad row, highlighting it if selected and formatting its label text from the slot's command type.
0040c4b0	PLATE	Constructor for a Pad_Widget UI element that initializes its fields, sets its vftable, and computes its scaled size.
0040c540	PLATE	Recomputes the Pad_Widget's scaled width and height via its virtual size method.
0040c570	PLATE	Stub virtual method that always returns 1 (true).
0040c580	PLATE	Constructor for a Bitmap_When_Lit_Item UI element that initializes its base, sets its vftable and bitmap index, and sizes it from the bitmap dimensions.
0040c620	PLATE	Draws a Bitmap_When_Lit_Item by blitting either its lit or unlit bitmap depending on the associated state flag.
0040c670	PLATE	Constructor for a Label_Item UI element that duplicates its text string, stores layout fields, and computes its size from the text length and font metrics.
0040c750	PLATE	Recomputes a Label_Item's size from its text length and font metrics via its virtual size method.
0040c790	PLATE	Draws a Label_Item by rendering its stored text string at the item's scaled position with its color and style.
0040c7e0	PLATE	Constructor for an Entry_Item text-input UI element that initializes its base, sets its vftable, allocates a backing edit-box object, and lays it out.
0040c8c0	PLATE	Computes an Entry_Item's outer size and positions/sizes its embedded edit-box control.
0040c940	PLATE	Draws an Entry_Item: positions its edit box, fills a background rectangle, draws its border, and renders the inner control.
0040ca30	PLATE	Initializes a button object, duplicates its label text, stores sizing parameters, and computes its initial bounds.
0040cb10	PLATE	Releases a button label string and then runs base cleanup.
0040cb30	PLATE	Recomputes button extents from text length, font metrics, and configured padding.
0040cb70	PLATE	Handles an activation event by invoking the stored callback and arguments.
0040cba0	PLATE	Draws a map-panel slider widget by issuing filled-box, frame, and thumb-image draw calls through the global UI render vtable.
0040cc80	PLATE	Copies the two default map-marker color bytes from the global palette (DAT_005dbb90/005dbb91) into the caller-supplied output byte pointers.
0040cca0	PLATE	Looks up a map marker's color index from the DAT_005dbc30 category table and writes the two adjacent palette bytes at DAT_005dbb90 into the caller-supplied output pointers.
0040ccd0	PLATE	Writes the two-byte marker color pair (foreground/background) for the given item index into the caller-supplied output bytes, selecting the active or inactive palette entry based on the item's flag at 0x5dbba0.
0040cd00	PLATE	Selects a two-byte marker color pair from a lookup table based on a global boolean flag and writes the two color bytes to the caller-supplied output pointers.
0040cd30	PLATE	Copies the two global marker color bytes at 0x005dbb98/0x005dbb99 into the two caller-supplied output byte pointers.
0040cd50	PLATE	Selects a two-byte foreground/background color pair from the table at 0x5dbb98 based on the global status flag at 0x677e6f and writes the two color bytes to the caller-supplied output pointers.
0040cd80	PLATE	Selects a two-byte status color pair from the table at 0x5dbb98 based on the global toggle flag DAT_00677e90 and writes the two bytes to the caller-supplied output pointers.
0040cdb0	PLATE	Selects one of two color-pair table entries based on whether the status byte indexed by param_1 is nonzero, writing the resulting foreground and background color bytes into the two output pointers.
0040cdf0	PLATE	Returns one of several per-item numeric metrics by index, computing a clamped countdown value for index 0 and a stored field otherwise.
0040ce20	PLATE	Converts a millisecond value into a clamped "MM:SS" string written to the caller-supplied buffer.
0040cef0	PLATE	Renders a map-menu button item including its background box, centered label text, optional disabled overlay, and optional icon.
0040d060	PLATE	Accessor that returns the user-data field at offset 0x30 of a map UI item.
0040d070	PLATE	Walks the global map-item list clearing each item's active flag at offset 0x29 and releasing it.
0040d0a0	PLATE	Walks the global map-item list clearing the active flag of every item except the one matching the selected category.
0040d0f0	PLATE	Toggles the selection flag at offset 0x29 of the addressed map item, either removing its widget when already selected or clearing other items, selecting it, and re-laying out the panel.
0040d160	PLATE	Toggles the visibility flag for a map-panel item category, either setting the global all-categories word when the index is 7 or walking the category's linked item list to apply the new flag, then refreshes category visibility.
0040d1d0	PLATE	Toggles the currently selected map item (index 0-4): clears the selection global at 0x5b85e4 if the index is already selected, otherwise selects it unless its category value equals 0x28.
0040d210	PLATE	Clears all map-panel item flags and global selection state, then sets the given item index as the single active and selected item before refreshing category visibility.
0040d240	PLATE	Toggles the boolean flag byte at the given index within the 0x005dbba0 category array and then refreshes all map category visibility.
0040d260	PLATE	Toggles the boolean visibility flag for the given category index in the array at 0x5b8460 and then refreshes all category visibility.
0040d280	PLATE	Advances the map display mode modulo 3 and updates the mode button label to "Visual Map", "Altitude Map", or "Slope Map".
0040d310	PLATE	Toggles a map-panel boolean flag while clearing two related global selection flags.
0040d340	PLATE	Clears the two flag bytes at 0x00677e6e/0x00677e6f and toggles the visibility byte at 0x00677e90 to its inverse.
0040d370	PLATE	Zooms the map view in by decreasing the zoom slider value at the cursor's world position and updating the three position sliders.
0040d430	PLATE	Zooms the map view out by increasing the zoom slider value at the cursor's world position and updating the three position sliders.
0040d4f0	PLATE	Clamps the map view's three zoom/scale globals to their configured min and max limits and marks each as dirty when changed.
0040d630	PLATE	Cycles the build mode 1-3 and sends a "set ... build_mode" COMM_MESSAGE_REQUEST packet to the server.
0040d6c0	PLATE	Sets every map item-category visibility flag in the 0x29-byte array at DAT_005dbba0 to the boolean derived from param_2 and refreshes the panel's category visibility.
0040d700	PLATE	Finds and optionally selects the next valid (non-empty) build slot on the currently selected uplink unit.
0040d780	PLATE	Returns true if the active map panel exists and any of its four build slots holds the buildable type code 0x28.
0040d7c0	PLATE	Advances the map panel build-slot selection by calling MapPanel_SelectBuildSlot with a delta of 1.
0040d7d0	PLATE	If the selected build slot holds a unit, sends a "delete" COMM_MESSAGE_REQUEST packet naming that unit to the server.
0040d880	PLATE	Returns true if the currently selected uplink build slot is occupied by a unit (not empty).
0040d8c0	PLATE	Returns true when the map panel is active and its current mode field is not equal to mode code 0xe.
0040d8e0	PLATE	Deletes the currently selected map panel entry by invoking MapPanel_SendDeleteRequest with a delete flag of 1.
0040d8f0	PLATE	Sends a "bomb" (orbital strike) COMM_MESSAGE_REQUEST packet for the selected uplink unit to the server.
0040d960	PLATE	Toggles the map panel visibility flag global by setting it to the logical negation of its current value.
0040d970	PLATE	Scans the global map-slot array (indices 0..0x28) forward or backward depending on the param's +0x4c flag and returns 1 if a slot whose byte at +0x29 is non-zero is found, 0 otherwise.
0040d9d0	PLATE	Scans the map slot table (&DAT_005b9a68, up to index 0x28) forward or backward from the current selection index DAT_005b85dc, depending on the direction argument, and advances the selection to the next occupied slot.
0040da20	PLATE	Sends a "build" COMM_MESSAGE_REQUEST packet naming the selected unit type and slot, then refreshes the panel.
0040dac0	PLATE	Refreshes the map panel for the current mode by tearing down the existing display and then re-showing it.
0040dad0	PLATE	Allocates and initializes a Unit_Item UI element with a label and size based on the given button-style code, adding it to the parent package.
0040dbd0	PLATE	Allocates and initializes a Unit_Item UI element like MapPanel_CreateUnitItem but also wires up a click-callback function pointer.
0040dcd0	PLATE	Allocates and initializes a Text_Item UI element and registers it with the current map document frame.
0040dd80	PLATE	Counts the visible entries in a marker category list and sets that category's tri-state visibility flag (none/some/all).
0040ddd0	PLATE	Recomputes the visibility tri-state of all eight marker categories plus the aggregate "all markers" flag.
0040de50	PLATE	Allocates a category separator/sub-list UI item, positions it below the previous item, and registers it with the package.
0040def0	PLATE	Builds the marker-placement submenu package containing Target, Warning, Waypoint, and Crashpoint items.
0040e020	PLATE	Builds a marker filter submenu package with Target, Warning, and Waypoint toggle items.
0040e120	PLATE	Builds a submenu package listing every unit type in the category indexed by the input, one toggle item per entry.
0040e1e0	PLATE	Initializes the eight unit-type categories and their entries, building the per-category submenus and the marker submenu.
0040e600	PLATE	Constructs the entire tactical-map panel: loads cursor/arrow textures, computes color palette indices, and builds all menus, buttons, sliders, and packages.
0040f7a0	PLATE	Detaches the base map frame from the view and resets the panel's active/hover state flags.
0040f820	PLATE	Detaches the full map panel and all its sub-packages from the view and clears every item's active flag.
0040f9a0	PLATE	Detaches the uplink-mode subset of map packages from the view and resets the panel state flags.
0040f9f0	PLATE	Releases the common map-item sublists and restores the previous cursor when hiding the panel.
0040fa50	PLATE	Detaches the three extra uplink-mode packages from the view.
0040fad0	PLATE	Tears down the map panel for the current mode, releasing the appropriate set of UI items and freeing dynamic marker lists.
0040fb60	PLATE	Returns the single selected uplink object (type 0x15) from the entity list, falling back to the current cursor target if exactly one is not found.
0040fbc0	PLATE	Attaches the appropriate map-panel packages to the view for the requested mode, selecting the uplink build UI when an uplink is targeted.
0040fcb0	PLATE	Lazily creates the map frame and uplink view, then tears down and re-shows the panel for the current/appropriate mode.
0040fde0	PLATE	Selects the slope-direction arrow glyph characters from a lookup table based on clamped X and Y slope indices.
0040fe50	PLATE	Computes the slope-arrow glyph characters for a world position by sampling terrain slope, or returns '?' when slope data is unavailable.
0040ff10	PLATE	Constructs a Docview_Frame for the map, setting its default 100x100 (or 200x200 hi-res) size and bounds.
0040ffe0	PLATE	Handles mouse button/move events for the map frame, starting or ending a title-bar drag and hit-testing the drag region.
004100e0	PLATE	Sets the map frame's stored size, doubling the dimensions in hi-res mode, and updates its bounds.
00410130	PLATE	Recursively positions and sizes the map frame's child content view inside its borders, guarding against re-entrancy.
004101e0	PLATE	Computes the rectangle of the map frame's resize grip in the corner, returning false when the frame is not resizable.
00410230	PLATE	Draws the map frame's title bar with its caption text and, if resizable, the corner resize grip.
004103a0	PLATE	Draws the full map frame: applies any in-progress drag offset, fills the background, draws the title bar and border, then draws the child content.
004104f0	PLATE	Replaces the map frame's child content view, releasing the old one and laying out the new view within the frame.
004105b0	PLATE	Creates the uplink content view, sizes it, and attaches it as the map frame's content.
004106f0	PLATE	Unconditionally resets the map-panel drag/selection state globals to their idle values.
00410720	PLATE	Resets the map-panel drag/selection state globals only if a drag or selection is currently active.
00410760	PLATE	Builds an HTML tooltip string for a unit showing its name and hit points, and submits it for display.
00410840	PLATE	Builds an HTML info tooltip string for a building/structure entity showing its name, contents, team, and hit points, then submits it for display.
004109a0	PLATE	Builds an HTML info tooltip for a vehicle/tank entity including its name, pilot, team, kill ratio, current kills, and hit points, then submits it for display.
00410c50	PLATE	Builds an HTML info tooltip for a carrier/cargo entity showing its name, team, the list of items it is currently carrying with quantities, and hit points.
00410e10	PLATE	Builds an HTML info tooltip for a supply ship, listing its shields, each cargo slot's contents and ETA plus delivery mode (Autonomous/Manual), or an enemy summary when it is not the player's ship.
004110c0	PLATE	Dispatches tooltip building based on the selected entity's type code, calling the appropriate vehicle/building/supply-ship/carrier builder and falling back to a default handler.
00411160	PLATE	Builds an HTML info tooltip for a map marker (Target/Warning/Waypoint) showing its label, author, and body text.
004112e0	PLATE	Builds an HTML info tooltip describing the warp cloud(s) over a given map square, indicating which team(s) are preparing to warp in supply ships.
00411460	PLATE	Builds an HTML info tooltip describing a map square's stability, listing how many red and blue skypumps are stabilizing it.
00411600	PLATE	Small thunk that forwards through a pair of object vtable methods, adjusting this/offset pointers before the second call.
00411660	PLATE	Performs a screen-bounds hit test for the hovered entity and, if inside the tooltip region, triggers building of the entity tooltip and its rendering.
00411730	PLATE	Hides/dismisses the active tooltip widget by clearing its visible flag and invoking its vtable reposition method with off-screen coordinates.
00411760	PLATE	Hit-tests the hovered map marker and, if the cursor is inside the tooltip region and the marker changed, builds and shows its marker tooltip, otherwise hides the tooltip.
00411860	PLATE	Hit-tests the hovered map square and, if the cursor is inside the tooltip region and the square changed, builds and shows the square stability tooltip.
00411960	PLATE	Hit-tests the hovered map square and, if the cursor is inside the tooltip region and the square changed, builds and shows the warp cloud tooltip.
00411a60	PLATE	Per-frame tooltip update that picks the correct hover handler based on what is currently under the cursor (entity, marker, stability square, warp cloud) or hides the tooltip.
00411ad0	PLATE	Walks the global marker list and removes every node whose owner field matches the value in EDI.
00411b00	PLATE	Deletes a beacon marker, optionally sending a beacon-modify network packet built from its two endpoint name strings before removing the marker and freeing its widget.
00411be0	PLATE	Builds the marker edit dialog UI with name and description text fields prefilled from the marker plus Okay/Cancel buttons, and returns the dialog object.
00412120	PLATE	Creates a wrapper object, builds the marker edit dialog, positions and displays it, and returns the wrapper.
004121e0	PLATE	Resets all the global hover/tooltip and selection state variables and records the current cursor position relative to the view origin.
004122c0	PLATE	Constructor for a Convex_Button widget that initializes its fields and installs the Convex_Button vftable.
00412320	PLATE	Tests whether a point lies inside the convex button's polygon by checking it against every stored edge half-plane, returning true only if inside all edges.
004123c0	PLATE	Handles a mouse event for the convex button, hit-testing the cursor against its polygon and toggling pressed state plus firing the click action on button-up.
00412450	PLATE	Draws the convex button by selecting the normal or pressed image based on its state and blitting it via the renderer vtable.
004124c0	PLATE	Computes the normalized edge line coefficients (a,b,c) for an edge between two 2D points used by the convex button hit test.
00412570	PLATE	Builds the convex button's edge half-plane list from an array of polygon vertices and stores the resulting edge count.
00412680	PLATE	Sets the button's checked/selected state, enforcing radio-group exclusivity across linked buttons and firing its callback when the state changes.
00412710	PLATE	Reads five header fields (mixed int/short) of an image file into the destination structure and returns the read-success flag.
00412770	PLATE	Reads the full BMP-style image info header (dimensions, bit depth, color counts) from a file and derives the palette color count from the bit depth when unset.
00412860	PLATE	Reads a single 4-byte BGRA palette entry from a file, storing three color bytes and discarding the reserved byte.
004128b0	PLATE	Reads one row of 24-bit BGR pixels from a file into an RGB buffer and skips the 4-byte row padding.
00412950	PLATE	Reads one row of 8-bit-per-pixel (palette index) image data from a file into a buffer and skips the 4-byte row padding.
004129d0	PLATE	Reads one row of 4-bit-per-pixel image data, unpacking each byte into two palette-index pixels and skipping the row padding.
00412a70	PLATE	Reads one row of 1-bit-per-pixel image data, unpacking each byte into eight monochrome pixels and skipping the row padding.
00412b10	PLATE	Allocates the pixel buffer and reads all image rows bottom-up using the appropriate per-row reader for the bit depth (1/4/8/24), freeing and returning null on failure.
00412cd0	PLATE	Returns true if the given bit-per-pixel count is a supported value (1, 2, 4, 8, or 24).
00412d10	PLATE	Converts a width*height buffer of 24-bit RGB bytes into normalized float RGB triples and forwards the result to a texture-creation routine.
00412ec0	PLATE	Loads a BMP image from an open file: reads and validates the headers and bit depth, enforces a 640x480 size limit, reads the palette and pixel data, and returns dimensions and pixel buffer.
004130b0	PLATE	Opens a BMP file by name, loads its pixel data, and creates a renderer texture from it, returning the texture handle.
00413140	PLATE	Closes the image file handle, first finalizing the BMP header if the file was opened for writing.
00413160	PLATE	Seeks to the start of the output file and writes the 14-byte BMP file header ('BM' magic, file size, and pixel-data offset).
004131c0	PLATE	Writes the 40-byte BMP info header (size, dimensions, bit depth, and related fields) to the output file, returning whether all writes succeeded.
00413280	PLATE	Writes a 256-entry BGRA palette to the output BMP file from the source color table, returning success.
004132f0	PLATE	Initializes the writer state, writes the BMP info header and 256-color palette, and records the file position where pixel data begins.
00413390	PLATE	Initializes the writer state, writes only the BMP info header (no palette, for truecolor output), and records the pixel-data start position.
00413410	PLATE	Writes one row of 8-bit palette-indexed pixels to the BMP file and pads the row to a 4-byte boundary.
00413470	PLATE	Writes one image row converting 16-bit RGB565 source pixels to 24-bit BGR output and pads the row to a 4-byte boundary.
00413530	PLATE	Opens a file for writing and saves an 8-bit palettized image as a BMP, writing the header, palette, and all pixel rows bottom-up.
004135c0	PLATE	Opens a file for writing and saves a 16-bit RGB565 image as a 24-bit BMP, writing the header and all pixel rows bottom-up.
00413640	PLATE	Top-level BMP save dispatcher that picks the 8-bit or 16-bit writer based on the source bit depth and finalizes/closes the file.
00413700	PLATE	Walks a global linked list of named resource entries and returns the entry whose name string matches the given name, or null.
00413760	PLATE	Activates a network-debug graph object by building its dataset, wiring up its nodes, and adding it to the on-screen debug overlay list.
00413880	PLATE	Tears down the currently active network-debug graph, removing it from the overlay list and freeing it.
004138d0	PLATE	Frees a debug-graph entry structure, releasing its two owned sub-objects before freeing the node itself.
00413910	PLATE	Initializes a debug-network message dispatcher and registers per-opcode packet handlers (PRIORITY, WEAPONS, ACKWPNS, RESENDS, GRAPH_RESPONSE, GRAPH_DATA, etc).
004139e0	PLATE	Initializes the debug-network subsystem, creating the local socket and message-handler object and binding the local TCP/UDP debug port.
00413ae0	PLATE	Per-frame debug-network update that services the connection, dispatches incoming packets, and refreshes the bandwidth/rate/weapon debug graphs.
00413be0	PLATE	Handler for the PRIORITY debug packet that parses per-object priority/bandwidth fields and stores them into the matching packet-stat record.
00413ce0	PLATE	Handler for the WEAPONS debug packet that parses 13 weapon timing/count arrays and forwards them to the weapon-stats store.
00413e10	PLATE	Handler for the ACKWPNS debug packet that parses acknowledged-weapon count arrays into global debug state.
00413f80	PLATE	Handler for a PRIORITY debug packet variant that parses two "%f %f %f" vector strings into global debug state.
00414080	PLATE	Handler for the RESENDS debug packet that parses resend counts and feeds the values into the resend-history graph series.
00414110	PLATE	Handler for the GRAPH_RESPONSE debug packet that creates a new graph descriptor when accepted or kills the active graph when rejected.
00414210	PLATE	Handler for the GRAPH_DATA debug packet that parses sample points and appends them to the active graph's dataset.
00414320	PLATE	Debug network handler that labels the packet "IGNORE_PACKET", reads one integer from the message buffer, and flushes the send buffer.
00414360	PLATE	Builds and sends the HELLO handshake packet carrying the client id and local UDP port to the debug-net peer.
004143b0	PLATE	Establishes the debug-network TCP/UDP connection to the configured host, registers the IGNORE_PACKET filter, sends HELLO, and marks the link connected.
00414570	PLATE	Connects if needed and sends a START packet to begin debug-net packet capture for the given channel.
004145d0	PLATE	Connects if needed and sends a STOP packet to end debug-net packet capture for the given channel.
00414630	PLATE	Toggles debug-net packet capture for a channel, calling the stop or start routine based on its current on/off flag.
00414650	PLATE	Calls a helper and narrows its 80-bit float result to a 32-bit float.
00414690	PLATE	Looks up a per-object packet-stat record in the linked list by key, allocating and inserting a zero-initialized one if not found.
004146f0	PLATE	Walks the packet-stat list and collects records belonging to the current object into a temporary list for display.
00414760	PLATE	Removes the packet-stat record matching a given object from the list and frees it.
004147b0	PLATE	Optionally clears all packet-stat records, then ages out entries whose last-update timestamp exceeds the configured window.
00414860	PLATE	Renders the per-object packet-stat table (oid, ref, type, priority, contents, bytes, freq, age, speed) into the debug text overlay.
00414ca0	PLATE	Returns the current debug-net timer/clock value via the timer singleton's virtual method, lazily creating it if needed.
00414cc0	PLATE	Resets all bandwidth-graph history slots to -1 and marks the bandwidth graph as initialized.
00414d70	PLATE	Lazily creates the bandwidth debug graph object and adds it to the overlay list if not already shown.
00414e10	PLATE	Per-frame update of the bandwidth debug graph that shows or hides it and samples the current clock.
00414e80	PLATE	Lazily creates the rate debug graph object, configures its two series, and adds it to the overlay list if not already shown.
00415110	PLATE	Per-frame update of the rate debug graph that shows/hides it and pushes new sample values into its series.
00416210	PLATE	Activates the currently selected navigation-UI mode by invoking NavUi_ActivateMode with the global mode handle at DAT_00678038 when that handle is non-null.
00416220	PLATE	Forwards the call to NavUi_ActivateMode with the current mode handle only when both the active-mode global (0x67803c) and the enable flag (0x677f30) are non-zero.
00416240	PLATE	If the navigation-mode handler global DAT_00678048 is non-null, forwards the call to NavUi_ActivateMode with that handler.
00416250	PLATE	Forwards the call to the currently registered nav-UI mode handler stored in global DAT_00678044, invoking NavUi_ActivateMode when one is set.
00416260	PLATE	Tail-calls NavUi_ActivateMode with the given argument when the global active-mode pointer DAT_0067804c is non-null, otherwise returns immediately.
00416270	PLATE	When a navigation context is active, walks the linked entry list looking for the node whose key matches DAT_005b83e4 and, on a match, sets it as the player target and activates the corresponding nav UI mode.
004162c0	PLATE	If the global navigation mode handle DAT_00678050 is non-null, forwards it to NavUi_ActivateMode to activate the current navigation mode.
00416e90	PLATE	Frees a texture's pixel data if it is loaded, purgeable, and currently unused.
00416eb0	PLATE	Resets a texture entry's mip/LOD state, optionally releasing its allocated pixel buffer back to the top-level image.
00416f50	PLATE	Reduces a texture to a coarser mip level by allocating and copying the next-smaller mipmap when memory pressure requires it.
00417010	PLATE	Allocates or recycles a texture load-request node and pushes it onto the pending texture work list.
00417060	PLATE	Raises or lowers a texture's resident mip level, dispatching to the appropriate load/unload path based on the texture's flags.
00417110	PLATE	Walks the texture hash buckets within a per-frame work budget, loading or reducing mip levels for textures whose last-use time is stale.
004171f0	PLATE	Per-frame texture-manager tick that computes the time budget, purges flagged textures, and drives the streaming work pass.
00417330	PLATE	Initializes the world/scene global state, zeroing the bucket arrays, allocating the main world object, and clearing the 32000-entry grid.
00417630	PLATE	Reallocates a texture to its full-resolution mip level, copying the source pixels into the new buffer and freeing the old one.
004176f0	PLATE	Frees the pointer held at the given slot and nulls it out.
00417710	PLATE	Constructs a network message dispatcher and registers the VOICE-channel packet handler callbacks.
00417790	PLATE	Allocates and wires together the voice-chat network socket and message dispatcher objects.
00417860	PLATE	Periodically sends a voice HELLO keepalive and drains received voice packets from the dispatcher.
00417970	PLATE	Handles an incoming network HELLO packet by reading its integer payload from the message buffer, flushing the send buffer in reply, and setting the connection-established flag at DAT_00677f1c.
004179b0	PLATE	Reads a string field from the given network buffer under a fixed debug packet name, flushes the buffer, and frees the temporary string allocation.
00417a00	PLATE	Handles an incoming VOICE network packet, decoding the audio sample and routing it to the matching player's voice stream.
00417ae0	PLATE	Lazily opens the voice-chat UDP connection and configures its timeout/retry parameters if not already connected.
00417bc0	PLATE	Builds and sends a VOICE network packet containing the local player's captured audio sample.
00417c30	PLATE	Thunk forwarding to the strstr/strchr substring-search routine at 0050e2b0.
00417c40	PLATE	Splits a packed integer into its ten-thousands, hundreds, and units components into the three output pointers.
00417c90	PLATE	Allocates and initializes the team/side descriptor structures, defaulting the side name to "Neutral".
00417d10	PLATE	Selects the player's starting side from the -side command argument ("red" or "blue"), showing an error dialog on invalid input.
00417d70	PLATE	Returns the id field of the currently selected side, or 0 if none is set.
00417d80	PLATE	Advances the network connection timeout timer and toggles between the two ping/keepalive interval values.
00417df0	PLATE	Searches the argument vector for a string matching the target and returns its index, used for command-line flag detection.
00417e50	PLATE	Parses the command-line argument vector and sets the various global client option flags (auto-updater, sound, -no3dfx, root/server names, side, etc.).
00418150	PLATE	Reads a response/config file, tokenizing each non-comment line into a newly built argument vector that replaces the program arguments.
004183a0	PLATE	Resolves the effective startup arguments, handling betawulf/betaserver presets, the _override_args file, and the -args file option.
004186d0	PLATE	Top-level client entry point that parses args, initializes every subsystem, then runs the main game loop forever.
00419010	PLATE	Inserts an entity into the appropriate per-object-type linked lists based on its object_type field.
00419090	PLATE	Removes an entity from the per-object-type linked lists based on its object_type field.
00419110	PLATE	Tears down the active in-world view when the local player leaves, resetting render state and freeing per-session buffers.
00419210	PLATE	Detaches an entity from all subsystems (lists, audio, render, attachments) prior to its destruction.
00419310	PLATE	Looks up an entity by id, unlinks and destroys it, and resets the player-view globals if it was the locally controlled object.
00419390	PLATE	Destroys all entities and resets per-session world state, optionally reloading client params for a full disconnect.
00419640	PLATE	Assigns the 3D mesh/shape to an entity based on its object type, logging an error for unknown types.
004196a0	PLATE	Sets up the mesh and scale for a decoration entity by name, applying special scaling for "easter" decorations.
004197c0	PLATE	Binds the local player's view to a newly spawned controllable entity and switches the client into the in-world state.
00419880	PLATE	Initializes a freshly spawned entity's position/orientation fields and registers it across the type lists, audio, and type-specific handlers.
00419a70	PLATE	Allocates and registers a new entity of a given type/id, assigning its vftable and decoration fields and applying its shape.
00419bd0	PLATE	Activates or deactivates an entity, either re-spawning it or unlinking it and clearing its transform fields.
00419d10	PLATE	Clears the HUD low-fuel/low-ammo warning flag block and restarts the associated 5-second timer.
00419d70	PLATE	Compares two game objects' team/faction value and, switching on the second object's type code, sets the appropriate per-relationship flag bytes in the output structure to classify how the objects relate.
00419e30	PLATE	Recomputes the HUD low-fuel/low-shield/damage warning flags for the local player each frame and triggers periodic warning sounds.
00419f70	PLATE	Starts or stops an attach/detach related looping sound when the local player's entity gains or loses its attachment.
00419ff0	PLATE	Processes a cargo attach-hold network request, recording the pending attach state globals and queueing the cargo-pending event when the requesting entity's team slot is eligible.
0041a050	PLATE	Resolves an uplink/cargo collision between two objects, either ignoring the collision for the uplink or marking the cargo attach as pending depending on team and entity state.
0041a0f0	PLATE	Creates an event-listener object and registers the attach/detach callbacks (events 0x13 and 0x14) on it.
0041a190	PLATE	Tears down and frees the attach/detach event-listener object created by Obj_RegisterAttachHandlers.
0041a1b0	PLATE	Flattens the named color-range list into an array and builds a per-palette-index lookup mapping each index to its color range.
0041a240	PLATE	Loads the numbered "palette%d" resource blobs into the contiguous global palette RGB table.
0041a2d0	PLATE	Loads the palettes and defines the named color ranges (black, white, yellow, red, blue, etc.) then builds the lookup tables.
0041a6d0	PLATE	Finds the palette index within a given color range whose RGB is closest (least squared distance) to the target color.
0041a9d0	PLATE	Builds one row of a shade/lighting remap table by mapping each base palette color scaled by an intensity to its nearest palette entry.
0041aa70	PLATE	Allocates and fills the full palette shade/intensity remap table and the associated intensity-to-row index lookup.
0041abf0	PLATE	Looks up a palette table entry by computing an index and returning the corresponding 4-byte color value, clamping at the last slot.
0041ac40	PLATE	Clamps a normalized float intensity to [0, max] and converts it to a fixed-point palette index capped at 0x7fffff.
0041acb0	PLATE	Linearly searches a 3-byte-per-entry RGB palette table for a matching triple and returns its index, or -1 if not found.
0041acf0	PLATE	Lazily creates the global config-directory path object, initializing it from the current working directory on first use.
0041ada0	PLATE	Console command handler that prints the literal string "Hello." to the command context's primary output and returns zero.
0041adc0	PLATE	Creates the "Enter command:" text-input child widget bound to the console command execution handler and marks it active.
0041adf0	PLATE	Console command handler that toggles the server network profiler capture on or off based on the DAT_005dbc6c flag and prints "server profiler toggled".
0041ae30	PLATE	Console command that toggles the client graph/timegraph profiler on or off and appends the status message "client graph prof toggled" to the command context.
0041ae80	PLATE	Default console command handler that appends the message "unsupported command" to the command context and returns 0.
0041aea0	PLATE	Console command that sends a GRAPH_REQUEST debug-net packet to add or kill a named profiler graph (or kill all graphs for the "KILL-ALL" argument) and reports the result to the command context.
0041b040	PLATE	Console "sky" command handler that optionally sets the sky_name option parameter and reports the current sky to the console.
0041b0a0	PLATE	Console "pal" command handler that biases the palette by three float RGB arguments and reports the new bias to the console.
0041b160	PLATE	Console "set" command handler that assigns a value to a named runtime/option/state variable and reports the result and parameter class.
0041b2f0	PLATE	Console "print" command handler that looks up a named variable across parameter tables and prints its value and parameter class.
0041b420	PLATE	Console command handler that saves the "client_params" config file and prints "Save successful." or "Save failed." to the command context based on the result.
0041b460	PLATE	Sets the global okay flag from the command's argument (or to 1 when no argument is given) and replies "Okay." to the command context.
0041b4a0	PLATE	Console command handler that toggles the on-screen performance graphs up or down by building or destroying the auto-tune table and updating the DAT_006821e4 state flag.
0041b520	PLATE	Console command handler that toggles the key/performance graph display and echoes "Toggle Key Graph" to the command context output.
0041b540	PLATE	Console command handler that toggles grid debug rendering and echoes "Toggle Grid Debug" to the command context output.
0041b560	PLATE	Console "hit" command handler that triggers a screen hit-fade effect at a given intensity and reports it.
0041b5c0	PLATE	Console command handler that triggers the locked "dead" screen-tint fade effect and writes the confirmation message "Initiated 'dead' fade." back to the command context.
0041b5e0	PLATE	Console command handler that resets the renderer color palette to white (1.0,1.0,1.0) when the palette mode is not already 2 and prints "Palette reset." to the command context.
0041b630	PLATE	Loads the saved player config file (betawulf or wulfram2), seeding mouse/sensitivity option defaults beforehand.
0041b6a0	PLATE	Loads the player config and applies saved mouse-axis sensitivity values and display-mode flags back into the live runtime variables.
0041b8d0	PLATE	Reloads the "client_params" configuration file through the config binding registry and reports either "Load successful." or "Load failed." to the command context.
0041b910	PLATE	Console command handler that reads the float argument, applies it as the renderer gamma via the device vtable, and echoes "Gamma set to %.3f" back to the command context.
0041b960	PLATE	Console command handler that appends the message "Mipmark begun." to the command context's primary output and returns 0.
0041b980	PLATE	Console "land_qual" command handler that sets the max_terrain_error float global and reports the new value.
0041b9d0	PLATE	Console "play" command handler that fuzzy-matches a sound name against the sample table and plays the best match.
0041ba80	PLATE	Stub console command handler that takes no action and simply returns 0 (success).
0041ba90	PLATE	Resets the engine's core performance timing counters and returns 0.
0041baa0	PLATE	Validates that every command argument is a string, then frees the previous global name buffer and stores a strdup copy of the first argument, rejecting non-string arguments with an error message.
0041bb10	PLATE	Console command handler that looks up the named zone in the zone-name table and sets the current marked-zone index, replying "Marked.", "Marked uncharted zone.", or "Unknown zone." as appropriate.
0041bbb0	PLATE	Implements the "spynet" console command, resolving a target player by name prefix (or the current target) and attaching the debug-network spy connection to that player while reporting status text.
0041bd10	PLATE	Console "peek" command handler that toggles various debug overlays (histo, net, netpri, weapons, viewpoint, keygraph, etc.) by subcommand.
0041bee0	PLATE	Reads three values from the command argument list and stores them into the global peek-target fields at 0x005778bc, 0x005778c0, and 0x005778c4.
0041bf10	PLATE	Console command handler that reads the float argument and stores it as the peek-target X coordinate in global 0x005778c8.
0041bf30	PLATE	Reads a double-precision field from the command argument object and stores it (narrowed to float) into the global peek/probe value at 0x5778cc, returning 0.
0041bf50	PLATE	Console command handler that invokes vtable method +0xd0 on the global object at DAT_00677e54 32000 times in a tight loop, then appends "Foosh." to the command context output.
0041bf90	PLATE	Console command handler that computes a random millisecond duration, sleeps for that long, and reports the elapsed time via a "SleepSome (%d ms)" message to both the command context and the console log.
0041c040	PLATE	Console "screenshot" command handler that reads the screen surface and saves it to a numbered shotNNN.bmp file, reporting success or failure.
0041c1f0	PLATE	Thin wrapper that invokes Cmd_Screenshot and returns true when the screenshot capture reported failure (return value zero).
0041c200	PLATE	Creates the global console command table and registers all built-in commands (sky, set, print, play, peek, screenshot, bind, etc.) with their handlers and arg counts.
0041c870	PLATE	Parses and dispatches a single console command line via the command table, returning a freshly allocated result/error string.
0041c8e0	PLATE	Reads a config/script file line by line, skipping comments and whitespace, executing each command and accumulating any per-line errors for display.
0041caa0	PLATE	Builds a "keymap_<device>" filename, opens it, and executes its command lines to load a device key binding map.
0041cb60	PLATE	Formats a printf-style message into a grown buffer, prints it to the in-game console and to the log file (periodically flushed), and returns the message length.
0041cc80	PLATE	Formats a printf-style message into a grown buffer and prints it to the in-game console (without logging to file).
0041cd40	PLATE	Reverses two parallel string lists by draining them onto temporary stacks and pushing the items back in reverse order.
0041ce20	PLATE	Walks the linked list of string-list nodes reversing each via List_ReverseTwoStringLists, then calls ObjEdit_RebuildCurrentShape to regenerate the edited shape.
0041ce50	PLATE	Returns the dot product of two 3-component float vectors.
0041ce80	PLATE	Computes the cross product of two 3-component float vectors into a destination vector.
0041cec0	PLATE	Transforms a vector by applying the three rows/axes of a matrix via repeated calls to the per-axis transform helper.
0041cf00	PLATE	Releases every segment node of a contrail back to its pooled free list, updating pool occupancy counters.
0041cf60	PLATE	Allocates a contrail segment node from the pool, fills in its position/time fields, and links it to the head of the contrail's segment list.
0041cff0	PLATE	Pushes a back-offset segment and then the current emitter position as two contrail segments to seed a new trail.
0041d0a0	PLATE	Computes a contrail point offset from the emitter by transforming a scaled direction vector through the emitter orientation.
0041d190	PLATE	Removes the oldest active contrail segment and returns it to the segment pool/free list.
0041d1f0	PLATE	Advances one contrail's segments over time, emitting new segments and aging/retiring old ones, returning whether any segments remain.
0041d270	PLATE	Computes the camera-facing perpendicular edge offset vector for a contrail segment, scaled by distance and width.
0041d470	PLATE	Walks a contrail's segment list and emits camera-facing textured quad strips for each segment into the render list.
0041d800	PLATE	Iterates the global contrail list, updating each and freeing/unlinking any contrail whose segments have all expired.
0041d850	PLATE	Allocates and initializes a new contrail object attached to an emitter entity, seeds its first segments, and adds it to the global contrail list.
0041d990	PLATE	Creates contrails appropriate to an entity's type code, selecting texture/length parameters per case and skipping types that have none.
0041da60	PLATE	Loads the named contrail/smoke textures, configures their mip ranges, and caches the resolved texture indices in a global table.
0041db40	PLATE	Performs full game shutdown: saves player name, tears down subsystems, frees global resources, and calls exit with the given code.
0041dd00	PLATE	Returns the current active screen/state-mode index.
0041dd10	PLATE	Switches the active screen/state mode by calling the outgoing mode's exit handler and the incoming mode's enter handler from the mode table.
0041dda0	PLATE	Processes a key-press event: marks the key down, handles reserved keys (screenshot, modifiers) and number-key screen-mode hotkeys.
0041ded0	PLATE	Clears the input subsystem state: zeroes the screen-mode handler table and the 256-entry key-down state array.
0041dfa0	PLATE	Drains the pending input-event queue, dispatching key-down/key-up/other events to their handlers, then ticks per-frame input bookkeeping.
0041e030	PLATE	Allocates and enqueues a key-down/key-up input event node carrying the key code and a timestamp.
0041e0c0	PLATE	Polls the input device and queues key events for any keys whose state changed since the previous snapshot.
0041e140	PLATE	Initializes an input-event node structure to its default empty state (zero/-1 fields).
0041e160	PLATE	Looks up the "credits" entry in the global string-hash table and caches its resolved index (or 0 if not found) in DAT_005de858.
0041e190	PLATE	Draws the full-screen credits-sequence backdrop image by invoking the renderer blit method (vtable +0x8c) with the credits texture and an opacity of 1.0, then advances the credits fade/timing state machine.
0041e200	PLATE	Packs an alpha byte (clamped to 0-255, or omitted if negative) with three color bytes into a 32-bit ARGB value.
0041e240	PLATE	Packs three color bytes into a 32-bit value with the alpha byte forced to 0xff (opaque).
0041e260	PLATE	Sets Direct3D fog texture-stage and fog-table render states then captures them into a reusable device state block.
0041e380	PLATE	Applies the previously captured Direct3D fog device state block to the rendering device.
0041e3b0	PLATE	Allocates the global render-state context and associates it with the renderer object.
0041e400	PLATE	Frees render-state context resources and deletes a captured device state block when present.
0041e450	PLATE	Destroys the global render-state context and clears its pointer.
0041e470	PLATE	Sets depth testing to always pass and disables depth writes.
0041e4b0	PLATE	Restores normal depth testing and depth writes unless a global override forces no-write mode.
0041e530	PLATE	Enables depth testing while leaving depth writes disabled.
0041e5b0	PLATE	Enables source-alpha blending with inverse-source-alpha as the destination factor.
0041e600	PLATE	Enables source-alpha additive blending.
0041e650	PLATE	Enables or disables fog and updates fog mode and color from current globals.
0041e700	PLATE	Calls the Direct3D device's SetRenderState (vtable +0x50) to set render state 0x1c to 0, disabling fog on the active device.
0041e720	PLATE	Applies the baseline render-state and texture-stage configuration.
0041e880	PLATE	Programs the Direct3D device render states and texture-stage states for additive-blended textured rendering, including a call to D3d_SetAdditiveAlphaBlend.
0041e990	PLATE	Programs the Direct3D device texture/sampler stage state (via device vtable +0x50 and +0x94) to a single-stage modulate configuration used for standard lit textured geometry.
0041ea20	PLATE	Programs the Direct3D device for an alpha-blended single-texture pass by setting fixed render states, applying the standard alpha blend, and configuring texture stage 0 to modulate the texture with diffuse color while disabling stage 1.
0041eb30	PLATE	Configures the Direct3D device's fog, depth, and multi-stage texture/render states for a lightmap-style modulation pass.
0041ecb0	PLATE	Configures two texture stages for a one-pass multitexture operation and validates the device.
0041efb0	PLATE	Programs the Direct3D device render states and a single texture stage for one-pass modulated textured rendering.
0041f080	PLATE	Programs the Direct3D device texture/sampler stage state (via device vtable +0x50 and +0x94) for a detail-texture pass, setting multiple render states and texture-stage color/alpha operations.
0041f200	PLATE	Programs the Direct3D device for an additive-blended modulated texture pass by enabling additive alpha blending and depth-read-only mode, then configuring texture stage 0 color and alpha operations and disabling stage 1.
0041f320	PLATE	Configures the Direct3D device's depth and texture-stage states for a modulate-then-add texture blending pass.
0041f430	PLATE	Configures the Direct3D device's texture-stage and sampler states for a single-pass blended texture render by issuing a fixed sequence of SetTextureStageState and SetSamplerState calls.
0041f570	PLATE	Enables additive alpha blending and then programs the Direct3D device's texture-stage and sampler states for an additive-blend texture render via a fixed sequence of SetTextureStageState and SetSamplerState calls.
0041f6e0	PLATE	Builds a candidate multitexture state setup and validates whether the device supports it.
0041f950	PLATE	Configures fog, depth and alpha-blend render states plus two texture stages for dual-pass multitexture rendering on the Direct3D device.
0041fa60	PLATE	Resets fog, depth, and alpha-blend state and then programs the Direct3D texture-stage state for a blended detail-texture pass via the device vtable (+0x50 and +0x94) setters.
0041fb90	PLATE	Programs the Direct3D device for an additive glow texture pass by enabling depth-read-only mode and additive alpha blending, then configuring texture stage 0 color, alpha, and texture-coordinate operations before disabling stage 1.
0041fcb0	PLATE	Configures the Direct3D device's depth-read-only and alpha-blend states plus seven texture-stage states for a dual-texture blending pass.
0041fe10	PLATE	Configures the renderer device for modulated textured rendering by enabling depth read-only and standard alpha blending, then issuing a sequence of render-state and texture-stage state setter calls through the device vtable.
0041ff60	PLATE	Configures the Direct3D device's render states (enabling standard alpha blending) and texture stage 0 color/alpha blend operations and arguments for additive glow rendering.
004200b0	PLATE	Configures the Direct3D device's render states and stage-0 texture states for an alpha-blended modulated single-texture pass.
00420220	PLATE	Sets up an alpha-blended texturing pass by calling D3d_SetStandardAlphaBlend and then programming the Direct3D device's render states (vtable +0x50) and texture-stage states (vtable +0x94) for a single textured stage.
004203b0	PLATE	Installs render-state callbacks, detects multitexture support, and creates the fog state block.
00420530	PLATE	Checks whether two 16-byte device identifiers are identical.
004205d0	PLATE	Orders enumerated device records by ranking fields used during device selection.
00420610	PLATE	Appends a DirectDraw display-mode record to the enumeration context, growing the mode array as needed.
00420690	PLATE	Registers one enumerated D3D device by copying capability records and filtering usable texture formats.
00420862	EOL	Mode bit depth and capability bits matched; copy this display/format record into the device record.
004209dd	EOL	Finalizes the selected mode/current driver fields and increments the registered-device count.
00420a00	PLATE	Enumerates DirectDraw devices, display modes, and D3D devices for a named driver into the renderer device table.
00420bb0	PLATE	Enumerates DirectDraw drivers with DirectDrawEnumerateExA and returns a D3D-style status for available hardware.
00420c00	PLATE	Selects the best enumerated D3D device record matching the requested GUID and fullscreen/windowed preference.
00420d20	PLATE	Clears the D3D device-context fields before or after DirectDraw/D3D object setup.
00420d60	PLATE	Releases DirectDraw, Direct3D, surface, clipper, viewport, and z-buffer COM objects, checking debug refcounts.
00420ec0	PLATE	Validates selected device data, opens the DirectDraw/D3D device context, and tears down on failure.
00420f40	PLATE	Checks the backbuffer COM reference count against expected fullscreen/windowed values for debug logging.
00420fa0	PLATE	Creates the DirectDraw object for the selected device and runs the fullscreen/windowed surface, D3D device, and z-buffer setup sequence.
00421016	EOL	After DirectDraw open and caps read, branches to fullscreen or windowed surface creation.
0042103e	EOL	Backbuffers exist; query/create the Direct3D device and initialize the viewport.
0042107d	EOL	Viewport/device setup succeeded; attach a z-buffer only when creation flags request one.
00421100	PLATE	Copies a matching surface/pixel format record when the candidate bit depth matches the requested format.
00421130	PLATE	Applies cooperative/display-mode state and reads DirectDraw caps, caching available video memory.
00421220	PLATE	Creates fullscreen primary and attached backbuffer surfaces for the DirectDraw/D3D device context.
00421360	PLATE	Creates windowed primary/backbuffer surfaces, attaches a DirectDraw clipper, and records client bounds.
004214d0	PLATE	Queries Direct3D from DirectDraw, creates the D3D device and viewport, and applies viewport dimensions.
00421570	PLATE	Finds a usable z-buffer format, creates the z-buffer surface, attaches it to the backbuffer, and binds it to the D3D device.
00421611	EOL	No compatible z format was found at the current depth; retry enumeration with 16-bit depth.
00421636	EOL	A matching z-buffer format was found; create the DirectDraw z-buffer surface.
0042166b	EOL	Attach the created z-buffer surface to the backbuffer before enabling it on the D3D device.
004216e0	PLATE	Restores lost primary, backbuffer, and z-buffer surfaces when DirectDraw reports them lost.
00421750	PLATE	Presents the backbuffer by flipping in fullscreen mode or blitting to the windowed primary surface.
00421790	PLATE	Computes a texture-cache byte offset from a mip/bucket index and a format-dependent scale table.
004217b0	PLATE	Returns the global D3D renderer/context pointer used by render-state, scene, and texture-binding helpers.
004217c0	PLATE	Returns an entry's resident renderer surface to a reuse list, unlinks it from its bucket, and resets mip/list fields.
00421820	PLATE	Constructs the texture surface cache object, initializing bucket entries and clearing cached surface state.
004218f0	PLATE	Initializes the renderer texture-device cache by constructing cache records and clearing cached surface pointer slots.
004219f0	PLATE	Destroys the texture surface cache bucket entries.
00421a00	PLATE	Retrieves or allocates a temporary DirectDraw mip surface chain and records each level's surface descriptor for upload.
00421ca0	PLATE	Removes a texture entry from its resident-surface bucket and repairs head, tail, count, previous, and next links.
00421d10	PLATE	Adds or moves a texture entry to the tail of its computed resident-surface bucket list.
00421db0	PLATE	Creates a renderer texture surface for a mip/format bucket using a DirectDraw-style surface descriptor.
00421ec0	PLATE	Copies RGBA channel masks from a pixel format and derives shift counts used by texture pixel packers.
00421f70	PLATE	Expands indexed texture pixels through the renderer palette into a 16-bit locked surface, with optional binary alpha.
00422090	PLATE	Expands indexed texture pixels through the renderer palette into 24-bit RGB locked-surface rows.
00422130	PLATE	Expands indexed texture pixels through the renderer palette into 32-bit output with a forced opaque alpha channel.
00422260	PLATE	Expands indexed texture pixels into 32-bit output and derives alpha from whether the palette RGB value is nonzero.
00422370	PLATE	Converts RGB565 source pixels into a 16-bit target pixel format and pads the last row and column.
004224a0	PLATE	Converts RGB565 source pixels into 24-bit RGB rows and pads the right and bottom edges.
00422570	PLATE	Converts RGB565 source pixels into 32-bit target pixels with opaque alpha and edge padding.
004226f0	PLATE	Packs 24-bit RGB source pixels into a 16-bit target surface, optionally producing alpha through flags or a helper.
00422830	PLATE	Copies 24-bit RGB source pixels into a 24-bit locked destination surface using source and destination strides.
004228b0	PLATE	Packs 24-bit RGB source pixels into 32-bit target pixels with a forced opaque alpha channel.
004229c0	PLATE	Packs 24-bit RGB source pixels into 32-bit target pixels with binary alpha based on nonzero color.
00422ab0	PLATE	Copies a square RGB source tile into a 32-bit locked surface while deriving the high channel from a weighted RGB sum.
00422ba0	PLATE	Converts a square 4-byte-per-pixel source tile into 16-bit destination pixels using destination channel masks and row pitch.
00422c80	PLATE	Copies the low three bytes of each 32-bit source pixel into a 24-bit locked surface with row pitch.
00422d00	PLATE	Packs four source bytes per pixel into a 32-bit locked surface according to destination channel shifts.
00422de0	PLATE	Locks a temporary DirectDraw surface, converts requested mip levels into it, unlocks it, then loads it into the target device texture.
004230b0	PLATE	Initializes a texture cache entry with invalid id/range fields, a null resource pointer, and zero counters.
004230d0	PLATE	Binds a cache entry to a texture id and resets mip/range state to invalid.
004230f0	PLATE	Evicts a requested count of entries from a selected texture cache bucket and records threshold hits in renderer stats.
00423170	PLATE	Walks texture cache buckets and repeatedly evicts entries until all bucket counts are empty.
00423220	PLATE	Removes a requested count of COM texture or surface objects from one cache bucket and releases their references.
004232b0	PLATE	Walks all cache buckets, pops each COM texture or surface object, and releases its references.
00423390	PLATE	Releases and nulls the 4-by-9 array of cached mipmap/root surfaces stored in the cache object.
004233f0	PLATE	Runs entry eviction, COM object release, and cached mip surface release for the global texture cache.
00423410	PLATE	Attempts to free cache capacity around neighboring mip buckets, widening eviction and falling back to a full flush.
00423640	PLATE	Gets or creates a D3D texture cache resource, evicts under pressure, uploads converted mip data, and records upload time.
00423750	PLATE	Allocates the global D3D texture cache object and runs its constructor.
004239a0	PLATE	Frees a stripmap/debug record and its owned buffer at offset 0x18.
00423a90	PLATE	Draws the cockpit heading/readout panel using the current target or scanner heading value.
00423af1	EOL	Dispatches the heading/readout draw through the renderer-mode jump table.
00423af8	PLATE	Renders one horizontal span of the cockpit target-acquisition reticle, selecting the source/destination glyph table entries via jump tables and emitting the textured quad through the renderer draw method (vtable +0x9c).
00423d60	PLATE	Runs a local-position world query and draws the cockpit proximity indicator when the callback reports a hit.
00423dd0	EOL	Dispatches the proximity indicator draw through the renderer-mode jump table.
00423dd7	PLATE	Selects one of four cockpit data slots and draws its value with a unit-scale float argument through the HUD renderer gauge method.
00423e30	PLATE	Draws a cockpit game-clock/status indicator when the GAME_CLOCK state flag requests it.
00423e49	EOL	Dispatches the game-clock indicator draw when the clock flag is active.
00423e50	PLATE	Selects one of four cockpit data slots, looks up a style entry in the global table by index, and draws a colored label through the HUD renderer text method.
00423eb0	PLATE	Draws a cockpit status text panel through the active renderer dispatch table.
00423eda	EOL	Dispatches the status text panel draw through the renderer-mode jump table.
00423ee1	PLATE	Selects one of four cockpit string slots, formats a value clamped to 0-99 via the sprintf helper, and draws it through the HUD renderer text method as a percentage indicator.
00424050	PLATE	Finds the local object in the contact list and draws its cockpit contact indicator.
004240b8	EOL	Dispatches drawing for the matching local contact entry.
004240bf	PLATE	Formats a cockpit value into a text buffer with the sprintf helper and draws it right-aligned through the HUD renderer text method as a numeric readout.
004241c0	PLATE	Computes slope arrow characters and draws the cockpit slope indicator.
004241ea	EOL	Dispatches slope-arrow characters to the active cockpit renderer.
004241f1	PLATE	Copies two source bytes into a 2-character field and draws them through the HUD renderer text method as a two-digit cockpit field.
00424260	PLATE	Draws a secondary cockpit text/status panel using the shared HUD font/surface state.
00424296	EOL	Dispatches the secondary cockpit text/status panel through the renderer-mode table.
0042429d	PLATE	Queries two cockpit data objects, formats their sub-field values with the sprintf helper, and draws several aligned text segments through the HUD renderer as a composite readout.
00424530	PLATE	Draws the fixed cockpit panel frame lines with a team/state-dependent color.
00424620	PLATE	Composes the cockpit frame overlay by drawing the frame, cockpit texture, lights, status panels, indicators, and final flush.
004246a0	PLATE	Removes and frees input binding records associated with the selected device id.
004246e0	PLATE	Appends an input device axis object to the growable global axis registry.
00424750	PLATE	Polls active device axes, normalizes samples, and applies axis bindings to clamped action values.
00424840	EOL	Walk queued axis/action bindings for the current device axis.
00424945	EOL	Apply scaled delta input for bindings configured as relative changes.
004249ab	EOL	Clamp and commit the updated action value, marking the target dirty.
00424a10	PLATE	Finds a registered device-axis object by its name string.
00424a70	PLATE	Converts an axis sample into a clamped signed unit range.
00424ae0	PLATE	Initializes the base device-axis object and its default action value state.
00424be0	PLATE	Throttles and sends a distress COMM message with location, hull, fuel, and carried-object status.
00424dad	EOL	Append friendly/uplink cargo status text to the distress call buffer.
00424dbb	EOL	Finalize and send the COMM_MESSAGE_REQUEST distress packet.
00424e40	PLATE	Returns the nearest palette index for a normalized float RGB vector and optionally writes residual error.
00425050	PLATE	Returns the nearest palette index for fixed-point RGB and optionally writes residual error.
00425440	PLATE	Adds one palette entry's normalized RGB color into an accumulator vector.
004254a0	PLATE	Averages available neighboring palette colors, or clears the vector if fewer than two are present.
00425550	PLATE	Builds a half-size indexed image using 2x2 samples, palette averaging, and error diffusion.
00425a50	PLATE	Downsamples paired source rows through pseudo-bilinear lookup tables.
00425b80	PLATE	Quantizes a float RGB image into palette indices with row-wise error diffusion.
00425dc0	PLATE	Expands the raw 256-color RGB palette into fixed-point and normalized float lookup tables.
00426110	PLATE	Emits a 65,536-entry pseudo_bilin_entry C initializer for a lookup table.
00426220	PLATE	Resolves refuel/load overlay sprite IDs for selector and green/yellow bars.
004262a0	PLATE	Returns the first loadout row enabled globally and for the local player's vehicle/team.
004262f0	PLATE	Builds a five-row visible loadout window centered around the current selection.
004263e0	PLATE	Moves the selected loadout row by a signed step until an enabled row is found.
00426470	PLATE	Handles loadout selection and demand commands, sending WEAPON_DEMAND packets when needed.
00426495	EOL	Command 1 moves the loadout selection upward.
004264a5	EOL	Command 2 moves the loadout selection downward.
004264b7	EOL	Command 4 sends an increase WEAPON_DEMAND packet.
00426522	EOL	Command 3 sends a decrease WEAPON_DEMAND packet.
00426569	EOL	Unknown loadout command; return false.
00426590	PLATE	Computes how many selected loadout units can be bought from available Mu and flags setup cost.
00426630	PLATE	Measures and draws a centered status string at the supplied pad-panel row.
004266b0	PLATE	Draws a centered pad banner with neutral, hostile, or cannot-dock status text.
0042670c	EOL	Use owner-specific/caller-supplied secondary pad status text.
004267d8	EOL	Build the HOSTILE pad warning status.
004267dd	EOL	Copy the cannot-dock warning prefix into the secondary line.
00426810	PLATE	Counts decimal digits in a nonnegative integer.
00426840	PLATE	Draws one weapon loadout row with icon, name, Mu cost, on-pad count, and selection coloring.
0042690c	EOL	Invalid row slot; advance the y coordinate without drawing a row.
00426a17	EOL	Render the On Pad count when current inventory is present.
00426b05	EOL	Render the weapon row label/name text.
00426ba0	PLATE	Draws the owned refuel-pad UI, including loadout rows, demand bars, and current/capacity Mu.
00426bdf	EOL	Local player owns the pad; draw full refuel/loadout UI.
00426c3b	EOL	Seed loadout selection when no selection is active.
00426e90	EOL	Draw the five visible loadout rows.
00426fd4	EOL	Draw the yellow setup-cost/initial-load bar.
00427087	EOL	Draw the green affordable-load bar.
004271f6	EOL	Pad cannot show owned refuel UI; draw generic status banner.
00427220	PLATE	Draws repair-pad status showing whether the local vehicle is repairing or fully repaired.
00427260	PLATE	Dispatches the active service-pad overlay for the targeted refuel or repair pad.
0042726a	EOL	Clear loadout selection when no service pad is active.
004272a1	EOL	Dispatch repair-pad overlay for object type 0x1b.
004272ac	EOL	Dispatch refuel-pad overlay for object type 0x1a.
004272c0	PLATE	Frees the fetch-state path string and destroys its accumulated text buffer.
004272e0	PLATE	Allocates a new path by appending the next relative component to a base path.
00427380	PLATE	Trims a mutable fetch path in place to its parent directory, or clears it if no parent exists.
00427398	EOL	Scan backward through the path to find the last directory separator.
004273bb	EOL	No usable parent directory remains; clear the path string.
004273bf	EOL	Terminate the mutable path after the retained parent prefix.
004273d0	PLATE	Duplicates the parent-directory prefix of the current fetch base path.
004273f8	EOL	No slash before the path start; duplicate an empty parent prefix.
004273fa	EOL	Allocate and copy the bytes before the final slash as the parent prefix.
00427420	PLATE	Resolves one fetch-path component against the current base, handling slashes, end, parent, and normal components.
00427433	EOL	Consume repeated leading slashes before resolving the next component.
00427445	EOL	Input path is exhausted; return the current resolved base path.
0042747a	EOL	Resolve a '..' component by trimming or duplicating the parent path.
00427492	EOL	Append the next normal path component to the resolved base.
004274c0	PLATE	Normalizes a fetch path against the caller-supplied base path, freeing intermediate path strings.
004274d0	EOL	Repeat path-step resolution until the source path is consumed.
004274f5	EOL	Free the previous intermediate path after a replacement path was produced.
00427502	EOL	Final normalized fetch path is ready to return.
00427510	PLATE	Resolves a fetch file path, reads its lines into the markup text buffer, updates the base directory, and sets status flags.
00427572	EOL	File open failed; mark fetch failure and append the error text.
00427583	EOL	Begin reading fetched file lines into the markup text buffer.
004275a0	EOL	Append the current fetched line into the accumulated markup text.
004275bf	EOL	Close the fetched file and update the fetch base directory after a successful read.
004275e1	EOL	Mark fetch processing complete before returning to the markup parser.
00427600	PLATE	Destroys a markup node-list container and optionally frees the wrapper object.
00427620	PLATE	Searches a tag node's attribute list for a named key and returns the associated value pointer.
00427658	EOL	Attribute key compare diverged; compute strcmp-style ordering before continuing the list scan.
00427680	PLATE	Uppercases a tag name and resolves it through the built-in markup tag table.
004276e4	EOL	Uppercased tag name does not match this table entry; compute compare result and advance.
004276e9	EOL	Tag-table compare result is ready; zero means return this tag descriptor.
00427720	PLATE	Consumes a single- or double-quoted markup string token and returns its copied text.
00427782	EOL	Closing quote was found; advance past it before returning the copied string.
004277c0	PLATE	Consumes an alphanumeric or underscore markup identifier and returns its copied text.
00427860	PLATE	Skips whitespace, tokenizes markup syntax/name/string tokens, and appends token records to a list.
004278a2	EOL	Dispatch token parsing based on the first non-whitespace markup character.
004278a9	EOL	Create a slash token, used to mark closing tags.
004278e0	EOL	Create an equals token between attribute name and value.
00427900	EOL	Parse a quoted string token and store the copied payload in the token record.
00427934	EOL	Consume '>' and return the tag-close status without appending a token record.
0042793e	EOL	Parse an identifier token when possible, otherwise consume one literal/unknown character.
004279d0	PLATE	Frees a markup token record and its optional text payload.
004279f0	PLATE	Parses a name=value attribute pair from the token list, transferring token strings into an attribute record.
00427ab0	PLATE	Parses one angle-bracket tag, resolves its tag descriptor, captures attributes, and appends a tag node.
00427ca0	PLATE	Parses a rich-text string into text and tag nodes, preserving word text between markup tags.
00427e30	PLATE	Wraps an existing plain-text string in a one-node markup document.
00427ef0	PLATE	Builds a markup document by parsing a rich-text string into a node-list wrapper.
00427f90	PLATE	Frees a markup document wrapper, its node list, and node payloads.
00427fd0	PLATE	Sorts and clamps a rectangle's x/y endpoints to the target surface bounds.
00428050	PLATE	Marks registered dirty-rectangle regions whose bounds overlap the supplied update area.
004280c0	PLATE	Initializes a dirty-rectangle surface-region record and links it into the global region list.
00428110	PLATE	Copies current device pitch/origin into registered surface contexts and resets their full clip bounds.
00428170	PLATE	Marks each active screen surface dirty when the graphics device requests a redraw.
004281a0	PLATE	Runs one render/present pass for the active client screen and optional overlays.
00428220	PLATE	Switches the pending screen to active, runs exit/enter handling, and rebuilds the active surface list.
00428280	PLATE	Recomputes cached viewport center, extents, and draw bounds from the current target dimensions.
004282d0	PLATE	Stores projection scale and recomputes viewport half-size and projection globals.
00428330	PLATE	Sets the current render target buffer pointer and reapplies the existing projection scale.
00428360	PLATE	Projects a 3D/view-space point to screen x/y and depth terms using cached viewport scale.
004283b0	PLATE	Converts screen x/y back to normalized view-plane coordinates.
004283e0	PLATE	Allocates the active-surface list and initializes the primary viewport target and scale.
00428470	PLATE	Returns the floor of a float input as a float value.
004284a0	PLATE	Allocates value, duration, and slope arrays and initializes float-keyframe playback data.
00428560	PLATE	Restarts a float track at a value and resets timing, segment, and active state.
004285b0	PLATE	Advances an active float track by global ticks, clamps progress, advances keys, and returns the current value.
00428647	EOL	Current key duration elapsed; advance to the next float-track key segment.
0042865a	EOL	Last key reached; store the final value and deactivate the track.
0042866f	EOL	Return the cached current float-track value after update or when inactive.
00428680	PLATE	Clamps normalized time to [0,1] and linearly samples the float-key value array.
00428750	PLATE	Initializes a DGW widget with vtable, defaults, scale, tile size, and base widget state.
00428810	PLATE	Sets DGW zoom, clamping values below 1.0 up to 1.0.
00428830	PLATE	Applies a size-step delta and updates DGW grid extent when the tile-scaled span remains large enough.
00428860	PLATE	Recursively projects and draws map node bounds and object markers into the DGW viewport.
00428909	EOL	Node has children; project bounds and draw subdivision lines before recursing.
00428aff	EOL	Leaf/no-child path; iterate objects attached to this map node.
00428b0a	EOL	Project each object position and draw a small marker rectangle in the DGW viewport.
00428b95	EOL	All child nodes or objects for this DGW node have been processed.
00428ba0	PLATE	Renders the DGW widget frame, updates drag offset, computes viewport mapping, and draws map bounds/object markers.
00428f70	PLATE	Handles DGW mouse drag, zoom, grid-size, and display-toggle input events.
00428fa5	EOL	Dispatch DGW input by event/key code after filtering disabled/system events.
00428fac	EOL	Begin dragging the DGW widget and capture the current pointer position.
00428fdc	EOL	Increase DGW zoom, using a larger step when the modifier flag is held.
00429021	EOL	Decrease DGW zoom, using a larger step when the modifier flag is held.
00429066	EOL	Expand the DGW grid extent using the current tile-size step.
0042907c	EOL	Shrink the DGW grid extent using the current tile-size step.
00429092	EOL	Toggle whether the DGW view follows the selected object or the default world center.
0042909c	EOL	Input event was handled or ignored; return handled status to the widget dispatcher.
00429150	PLATE	Toggles the grid-debug widget, constructing and registering it on enable or destroying it on disable.
00429210	PLATE	Decodes a packed grid vertex to XYZ, using center-coordinate overrides when byte fields equal 0x10.
00429238	EOL	Packed X coordinate is the center sentinel; use the cell center X value.
00429256	EOL	Packed Y coordinate is the center sentinel; use the cell center Y value.
004292a0	PLATE	Decodes a packed grid vertex to XYZ from byte grid coordinates and packed height bits.
00429310	PLATE	Returns a precomputed lookup-table entry indexed by clamped absolute scalar magnitude.
00429340	EOL	Saturate the absolute-value lookup index to the 0xff table limit.
00429350	PLATE	Transforms a 3D map vertex by the active matrix and writes projected screen-space coordinates.
004293f0	PLATE	Tests a vertex against active clip planes and returns the subset of clip bits where it is outside.
00429430	EOL	Classify up to four clip planes per loop using masked plane bits.
00429528	EOL	Classify remaining clip planes after the four-plane unrolled loop.
00429570	PLATE	Selects the base land-quality threshold constant for quality level 0 through 9.
00429580	EOL	Quality level 0: store the corresponding base threshold constant.
0042958d	EOL	Quality level 1: store the corresponding base threshold constant.
0042959a	EOL	Quality level 2: store the corresponding base threshold constant.
004295a7	EOL	Quality level 3: store the corresponding base threshold constant.
004295b4	EOL	Quality level 4: store the corresponding base threshold constant.
004295c1	EOL	Quality level 5: store the corresponding base threshold constant.
004295ce	EOL	Quality level 6: store the corresponding base threshold constant.
004295db	EOL	Quality level 7: store the corresponding base threshold constant.
004295e8	EOL	Quality level 8: store the corresponding base threshold constant.
004295f5	EOL	Quality level 9: store the corresponding base threshold constant.
00429601	EOL	Out-of-range land-quality level; leave the threshold unchanged.
00429630	PLATE	Unlinks a tile bucket, clears linked face/material references, and returns it to the pool/free list.
00429668	EOL	Clear linked face references owned by this tile bucket before recycling it.
004296ce	EOL	Push the recycled tile bucket back onto its pool/free list and update pool accounting.
00429710	PLATE	Allocates or reuses a tile bucket and links it into the map render-context bucket list.
0042971f	EOL	Free list is empty; allocate a new tile-bucket pool node.
00429739	EOL	Initialize bucket fields, magic marker, and context linked-list links.
00429780	PLATE	Scans the map render-context bucket list for a matching tile key and mask.
00429790	EOL	Scan the context bucket list for matching tile key and mask fields.
004297aa	EOL	No matching tile bucket was found in the render-context list.
004297ad	EOL	Matching tile bucket found; return its bucket record pointer.
004297c0	PLATE	Computes a tile-bucket key, creates the bucket if missing, and links a face reference into it.
00429837	EOL	No bucket existed for this key; allocate and initialize a new bucket.
00429853	EOL	Push the face-reference node onto the bucket's face-ref list.
00429880	PLATE	Computes a normalized face-normal versus view-vector dot used for face acceptance.
00429940	PLATE	Classifies a projected triangle into land-quality level 0 through 7 using area thresholds.
0042997d	EOL	Compute projected triangle area before comparing against land-quality thresholds.
004299e1	EOL	Scan land-quality thresholds and return the first matching triangle level.
004299fb	EOL	No threshold matched or depth was invalid; use the worst land-quality level.
00429a10	PLATE	Classifies a scalar projected area value into land-quality level 0 through 7.
00429a2b	EOL	Scan land-quality thresholds and return the first matching scalar-area level.
00429a43	EOL	No scalar-area threshold matched; return the worst land-quality level.
00429a4d	EOL	Return the matched scalar-area land-quality level.
00429a60	PLATE	Appends one 0x54-byte triangle draw record with material flags and three vertex payloads.
00429a6f	EOL	Triangle queue is full; grow the draw queue by another 2000 records.
00429a8e	EOL	Write the triangle draw record, including material flags and three projected vertices.
00429b60	PLATE	Emits a clipped polygon as triangle-fan draw records into the map draw queue.
00429b72	EOL	Skip clipped polygon emission when fewer than three vertices remain.
00429b88	EOL	Emit each triangle in the clipped polygon as a triangle fan.
00429b8f	EOL	Fan queue is full; grow the draw queue before writing the next record.
00429bb1	EOL	Write one triangle-fan draw record from the clipped vertex list.
00429ca0	PLATE	Appends a type-1 draw-queue command carrying an argument and callback pointer.
00429caf	EOL	Command queue is full; grow the draw queue before adding the callback command.
00429cce	EOL	Write a type-1 callback command into the map draw queue.
00429d00	PLATE	Culls, clips, selects material/quality, and queues a map face for drawing.
00429da1	EOL	Reject the face when all vertices share an outside clip-plane bit.
00429ddd	EOL	When clipped by the near plane, test face orientation before accepting it.
00429e17	EOL	Reject back-facing map faces before material selection and queue emission.
00429e28	EOL	Accepted face; choose the material/quality path based on render mode.
00429e31	EOL	Build special land-material parameters for the alternate land render mode.
00429ea2	EOL	Build normal material and land-quality parameters for the face.
00429f29	EOL	Clip the accepted face polygon against active clip planes before queue emission.
00429f76	EOL	Emit the clipped polygon as a triangle fan if enough vertices remain.
00429fc2	EOL	Face was not clipped; emit the original triangle directly to the draw queue.
0042a000	EOL	Face processing is complete, or the face was rejected before queue emission.
0042a010	PLATE	Propagates a tile's visibility dependency bits to its two encoded neighbor tiles.
0042a05b	EOL	Clear the propagated bit from the first neighbor when this tile no longer requires it.
0042a067	EOL	Process the second encoded neighbor for visibility-bit propagation.
0042a09d	EOL	Clear the propagated bit from the second neighbor when this tile no longer requires it.
0042a0b0	PLATE	Mirrors selected tile-state bits into an adjacent block cell and propagates when changed.
0042a0c3	EOL	Adjacent cell is out of bounds or unchanged; return the original state.
0042a100	EOL	Write mirrored visibility state into the adjacent block cell.
0042a137	EOL	Record the changed visibility mask after adjacent-cell synchronization.
0042a160	PLATE	Synchronizes a border tile's visibility mask into neighboring block cells.
0042a21c	EOL	Check whether this border tile needs synchronization to the west neighbor block.
0042a254	EOL	Check whether this border tile needs synchronization to the north neighbor block.
0042a281	EOL	All required neighboring block synchronizations are complete.
0042a290	PLATE	Sets a tile visible bit, propagates dependencies, and synchronizes border tiles.
0042a2c0	EOL	Visible bit changed; check whether border synchronization is needed.
0042a2eb	EOL	Synchronize this newly visible border tile into neighbor block state.
0042a300	PLATE	Clears a tile visible bit when no dependency bits remain, then synchronizes border tiles.
0042a330	EOL	Visible bit cleared; check whether border synchronization is needed.
0042a34d	EOL	Synchronize this cleared border tile into neighbor block state.
0042a370	PLATE	Tests a tile against the camera-distance threshold and updates its distance visibility bit.
0042a386	EOL	Decode the tile and test it against the camera distance threshold.
0042a425	EOL	Tile is inside the distance threshold; mark its near-visible bit.
0042a443	EOL	Tile is outside the distance threshold; clear its near-visible bit.
0042a460	PLATE	Removes matching face references from a render bucket list and marks affected faces dirty.
0042a480	EOL	Scan face references in the target render bucket.
0042a493	EOL	Matching face reference found; mark the owning face dirty before unlinking.
0042a4a8	EOL	Unlink the matching face reference from the bucket list.
0042a4c0	PLATE	Decodes, projects, and optionally clip-classifies one tile vertex into the frame cache.
0042a528	EOL	Clip mask is requested; classify the projected tile vertex against active clip planes.
0042a543	EOL	No clip mask was requested; cached projected vertex is ready.
0042a560	PLATE	Links or reuses a tile bucket record and culls/clips/queues the face at a subdivision leaf.
0042a575	EOL	Remove any stale bucket reference before relinking this leaf face.
0042a585	EOL	Create or link the current face reference into its render bucket.
0042a5c3	EOL	Cull, clip, and enqueue the leaf face for drawing.
0042a5d0	PLATE	Returns the sign of the camera-relative 2D cross product for two cached vertices.
0042a660	PLATE	Allocates and zeros a terrain subdivision node from the node pool.
0042a66f	EOL	Free node pool is empty; grow the terrain subdivision node pool.
0042a67b	EOL	Pop one terrain subdivision node from the free-node pool.
0042a689	EOL	Zero initialize the newly allocated subdivision node.
0042a6b0	PLATE	Returns a terrain subdivision node to its pool and recycles pool blocks when full.
0042a6d2	EOL	A pool block is full enough to release; recycle it back to the pool manager.
0042a6e9	EOL	Mark the pool as nonempty after returning this node.
0042a6f4	EOL	Decrement the active terrain subdivision node count.
0042a700	PLATE	Recursively clears child nodes, unlinks bucket refs, recycles buckets, and frees storage.
0042a711	EOL	Recursively clear the first child branch and its bucket references.
0042a74c	EOL	Recursively clear the second child branch and its bucket references.
0042a79d	EOL	Both child branches are cleared; release the child-pair node storage.
0042a7b0	PLATE	Recursively subdivides a terrain face through visible vertices and submits or prunes leaves.
0042a7e0	EOL	Process the split vertex used to decide subdivision and traversal order.
0042a84a	EOL	Allocate child nodes for a visible subdivision branch.
0042a8cd	EOL	Subdivision stops here; prune hidden children and submit the visible leaf face.
0042a8f0	PLATE	Stamps corner vertices, allocates the root node, and traverses both root terrain triangles.
0042a912	EOL	Reset vertex-stamp cache entries before projecting root terrain vertices.
0042a97c	EOL	Allocate and initialize the root terrain subdivision node.
0042a9c6	EOL	Traverse the first root triangle based on the camera's diagonal side.
0042a9ef	EOL	Traverse the second root triangle based on the camera's diagonal side.
0042aa20	PLATE	Allocates a face reference and inserts it into a bucket list sorted by camera distance.
0042aa3a	EOL	Face-ref pool is exhausted; grow the reference pool before insertion.
0042aac3	EOL	Scan bucket references until the camera-distance insertion point is found.
0042ab1f	EOL	Insert the face reference into the sorted bucket list.
0042ab30	PLATE	Decodes an edge, writes squared length, and returns signed side value for the face center.
0042abe0	PLATE	Recursively splits a face footprint edge and enqueues intersecting leaf bucket references.
0042ac00	EOL	Split the footprint edge at its midpoint for recursive visibility/ref tests.
0042ac6a	EOL	Recurse into the left half of the footprint edge.
0042acc0	EOL	Footprint edge reached a leaf; enqueue the intersecting leaf reference.
0042ace0	PLATE	Seeds recursive footprint enqueueing for the two root terrain triangles.
0042ad40	EOL	Start recursive footprint enqueueing for the first root terrain triangle.
0042ad6f	EOL	Start recursive footprint enqueueing for the second root terrain triangle.
0042ad90	PLATE	Walks the current block face list, enqueues unreferenced footprints, and bumps ref counts.
0042adc0	EOL	Scan face references in the current terrain block list.
0042adcb	EOL	Face has no active references; enqueue its visible footprint.
0042add4	EOL	Increment the face reference count after ensuring it is queued.
0042adf0	PLATE	Resets texture mip state for material refs whose tile extents overlap a local rectangle.
0042ae10	EOL	Scan tile/material references while checking overlap with the dirty rectangle.
0042ae5b	EOL	Invalidate the first material reference if its tile extent overlaps the dirty rect.
0042ae9d	EOL	Invalidate the second material reference if its tile extent overlaps the dirty rect.
0042aefc	EOL	Advance to the next tile/material reference in the block list.
0042af10	PLATE	Converts a world-space dirty object's extents into terrain-local integer bounds.
0042afc0	PLATE	Recursively walks terrain block children and invalidates texture refs overlapped by a world rectangle.
0042afe0	EOL	Dirty rect overlaps this block; invalidate material refs in the current block.
0042b02c	EOL	Recurse into child block 0 if its bounds overlap the dirty rectangle.
0042b04c	EOL	Recurse into child block 1 if its bounds overlap the dirty rectangle.
0042b06c	EOL	Recurse into child block 2 if its bounds overlap the dirty rectangle.
0042b082	EOL	Advance to the next sibling block during recursive dirty-rect invalidation.
0042b0a0	PLATE	Reinitializes root spatial buckets and syncs per-cell object flags for the current render mode.
0042b0a6	EOL	Reset root spatial bucket pointers before rebuilding cell/object flags.
0042b0f9	EOL	Begin syncing per-cell object flags for the selected render/spatial mode.
0042b104	EOL	Process five terrain-cell flag entries per loop iteration.
0042b1f0	PLATE	Frees the per-node work-link list at offset 0x778 and clears its head.
0042b200	EOL	Release each per-node work link before clearing the list head.
0042b21d	EOL	All work links freed; clear the node's work-link head pointer.
0042b230	PLATE	Rebuilds a node's active work links from source entries when spatial processing is enabled.
0042b260	EOL	Scan source entries and build active work links for entries that need processing.
0042b294	EOL	Skip this source entry and advance to the next link.
0042b29c	EOL	Spatial rebuild is disabled or the source list is exhausted.
0042b2a0	PLATE	Processes queued visible leaf nodes, refreshing per-leaf state and render/link bookkeeping.
0042b2f6	EOL	Walk queued visible leaves collected during quadtree traversal.
0042b31d	EOL	Refresh per-leaf runtime state, detail level, and active work links.
0042b39b	EOL	Visible-leaf pass is complete; clear guarded processing state.
0042b3c0	PLATE	Culls a leaf node, updates projected span membership, and queues it for the visibility pass.
0042b3ff	EOL	Leaf failed visibility/cull tests; unlink spans and mark the leaf inactive.
0042b438	EOL	Leaf is visible; compute projected span membership for queueing.
0042b625	EOL	Advance the near span and remove entries crossing the new near edge.
0042b6e6	EOL	Retreat the far span and restore entries as the far edge shrinks.
0042b797	EOL	Append this visible leaf to the bounded visible-leaf queue.
0042b7e0	PLATE	Recursively traverses the quadtree in camera-dependent order and queues visible leaves.
0042b80b	EOL	Current node is a leaf; dispatch it to visible-leaf queueing.
0042b81a	EOL	Choose child traversal order from the camera side of the split plane.
0042b872	EOL	Visit the four child nodes in selected near-to-far order.
0042b8be	EOL	Visibility-tree traversal is complete for this node.
0042b8d0	PLATE	Initializes visibility traversal state and starts quadtree traversal from the root child.
0042b920	PLATE	Allocates a bucket link and pushes an object onto a visible leaf's object list.
0042b93a	EOL	Use or reserve a pool slot for the leaf bucket link.
0042b990	PLATE	Tests an object against a leaf bucket and links the first overlapping contact pair.
0042b9c2	EOL	Scan objects already linked in this leaf bucket for an overlap pair.
0042ba42	EOL	Sphere overlap found; prepare a contact link between the two objects.
0042ba82	EOL	Check existing reverse contact links to avoid duplicating the same pair.
0042ba8d	EOL	No duplicate existed; push the new reverse contact link.
0042ba9c	EOL	Duplicate contact was found; compensate the count and skip linking.
0042bab0	PLATE	Inserts an object into a leaf, either as an overlap contact pair or as a bucket candidate.
0042bad4	EOL	Leaf has a visible bucket index; try object/object contact pairing first.
0042bae5	EOL	No overlap pair was created; add the object as a bucket-head candidate.
0042bb00	PLATE	Recursively visits quadtree children overlapped by an object's radius and inserts at leaves.
0042bb20	EOL	Test the object's radius against this branch split before recursing.
0042bb9c	EOL	Test remaining child side(s) after the first overlap branch.
0042bc04	EOL	Reached an overlapped leaf; insert this object into leaf contact bookkeeping.
0042bc11	EOL	Contact-tree query is complete for this branch or null child.
0042bc20	PLATE	Clears an object's contact counters and indexes it into the spatial contact tree.
0042bc50	EOL	For point-like objects, descend directly to the containing leaf.
0042bc8c	EOL	Containing leaf was selected; process bucket/contact insertion there.
0042bcaf	EOL	Try to create an overlap contact pair for the containing leaf.
0042bccf	EOL	For normal-radius objects, query all overlapped leaves recursively.
0042bce0	PLATE	Allocates an entity proxy, indexes it spatially or directly, and refreshes selected entity types.
0042bd19	EOL	Index the proxy normally after clearing its proxy contact list.
0042bd25	EOL	Check whether this entity type needs a special refresh after proxy creation.
0042bd3c	EOL	Refresh spatial/runtime state for selected entity types after proxy indexing.
0042bd41	EOL	Proxy creation finished, or no proxy was produced.
0042bd50	PLATE	Builds an unrolled projection/interpolation coefficient table from integer constants and a scale factor.
0042c0d0	PLATE	Fills a 128-entry render lookup table by mapping sample positions into a source table.
0042c112	EOL	Fill the next render sample lookup entry.
0042c172	EOL	Copy the selected source-table value into the sample lookup table.
0042c18c	EOL	All 128 render sample lookup entries have been generated.
0042c1a0	PLATE	Frees all stored terrain dirty-point payloads and clears the dirty-point list.
0042c1b0	EOL	Free each terrain dirty-point payload before clearing the list.
0042c1c5	EOL	All dirty-point payloads freed; clear the list container.
0042c1d0	PLATE	Removes the matching terrain dirty-point entry from the map-edit dirty list.
0042c1e3	EOL	Scan terrain dirty points for the matching coordinate pair.
0042c1f1	EOL	Matching dirty point found; unlink the list node and free its payload.
0042c207	EOL	Advance to the next dirty point when the current entry does not match.
0042c220	PLATE	Projects dirty terrain points and draws small screen-space box markers for visible points.
0042c25c	EOL	Iterate all terrain dirty points to draw visible editor markers.
0042c2c2	EOL	Project this terrain dirty point into screen space for marker drawing.
0042c310	EOL	Draw the dirty-point marker as a small four-line screen-space box.
0042c3b2	EOL	Skip marker drawing when projection fails the near-plane/camera test.
0042c3be	EOL	All terrain dirty-point markers have been processed.
0042c3d0	PLATE	Initializes or expands the accumulated map-edit dirty terrain bounding rectangle.
0042c3d9	EOL	Dirty bounds already exist; update active min/max coordinates.
0042c3e6	EOL	Check and update the dirty bounds maximum Y value.
0042c3f3	EOL	Check and update the dirty bounds minimum X value.
0042c410	EOL	First dirty point in this batch initializes all dirty-bound edges.
0042c430	PLATE	Expands pending terrain-edit dirty bounds around an edited map coordinate and updates the row/point marker.
0042c4a0	PLATE	Flushes pending terrain dirty bounds and deferred terrain-region updates back into the loaded map.
0042c520	PLATE	Frees all cached map template/tag records and clears the cache list.
0042c550	PLATE	Copies one decoded terrain template/tag record into the map template cache list.
0042c5b0	PLATE	Finds an existing terrain template/tag combination or creates and caches a new generated entry.
0042c6b0	PLATE	Decodes one packed terrain template entry into component ids and a cached material/tag id.
0042c710	PLATE	Rebuilds the map template cache by decoding all terrain template entries from the loaded map.
0042c7e0	PLATE	Creates a placed-object wrapper and initializes its runtime object instance from the selected object definition.
0042c880	PLATE	Toggles the boolean map-editor grid flag at DAT_00577f8a by setting it to true only when its current value is not 1.
0042c890	PLATE	Toggles the global byte flag at 0x00677ff5, setting it to 1 when it was not already 1 and to 0 otherwise.
0042c8a0	PLATE	Decrements the cyclic index at 0x00577f90 and wraps it forward by the buffer length at *DAT_005e733c when it underflows below zero, resetting the index to zero when the buffer pointer or length is null.
0042c8d0	PLATE	Advances the global ring index DAT_00577f90 by one, wrapping it back to zero when the ring length pointer is null/empty or the index reaches the ring length.
0042c900	PLATE	Places the currently selected map-edit object at the picked terrain location and reports status text.
0042ca15	EOL	Report the final placement status message to the editor console.
0042ca30	PLATE	Finds the index of a placed-object/start-state name in the current start-state name list.
0042ca70	EOL	Candidate start-state name differs from the requested name; compute compare result.
0042ca75	EOL	Name comparison result is ready; zero means return the current list index.
0042ca90	PLATE	Rebinds placed objects to current start-state type indices, removing entries whose names no longer resolve.
0042caf0	PLATE	Walks the placed-object linked list rooted at DAT_005e733c, frees each node's payload pointer, then clears the list.
0042cb30	PLATE	Submits placed map-edit objects into the runtime object/update path and refreshes affected UI views.
0042cbc0	PLATE	Builds a data/maps/<map>/<file> path string for map editor load/save files.
0042cc60	PLATE	Loads/replaces the active land map, initializes map dimensions, rebuilds derived caches, and resets editor view state.
0042cd50	PLATE	Looks up a map by name, loads its land data, and stores the active map name.
0042cdb0	PLATE	Writes the map tagmap2 file by translating cached template/tag records back to map material names.
0042cdf4	EOL	Advance through each tagmap entry while writing tagmap2 output.
0042ce6d	EOL	Write a generated template/tag line when a cached template combination resolves.
0042cef0	PLATE	Writes the active land file and associated tagmap data for the current map.
0042d07d	EOL	Land and tagmap writes succeeded; clean up the temporary unique-tag list.
0042d0f0	PLATE	Updates the map editor view transform/camera globals from current free/look mode state.
0042d350	PLATE	Updates the terrain dirty-point list by projecting grid vertices through the current screen selection rectangle.
0042d36d	EOL	Skip the grid scan if dirty selection is inactive.
0042d398	EOL	Normalize and extend the horizontal drag-selection bounds.
0042d4fb	EOL	Projected terrain vertex is inside the screen rectangle; add or remove it.
0042d50c	EOL	Allocate and append a selected terrain dirty point.
0042d570	PLATE	Handles terrain drag start/end events and finalizes the dirty-point selection pass.
0042d57b	EOL	Event 1 seeds drag bounds and marks terrain selection active.
0042d5a9	EOL	Event 2 clears dragging and finalizes the selected rectangle.
0042d5cc	EOL	A zero-area drag clears the active selection flag.
0042d5f0	PLATE	Picks the terrain texture under the cursor and moves the palette/list selection to the matching entry.
0042d5fe	EOL	Cursor ray hit succeeded; use the hit terrain cell for palette picking.
0042d608	EOL	Terrain ray hit succeeded; fetch the texture id under the cursor.
0042d628	EOL	Scan visible palette/list entries for the texture index under the cursor.
0042d646	EOL	Compare the picked texture id against the current palette/list entry.
0042d663	EOL	Store the matching texture palette/list selection index.
0042d670	PLATE	Dispatches map-edit terrain tool input events to drag selection or cursor texture picking.
0042d678	EOL	Event 5 dispatches to terrain drag handling.
0042d687	EOL	Events 6 and 0x10 dispatch to cursor palette picking.
0042d68c	EOL	Ignore input events not handled by the terrain tool.
0042d690	PLATE	When the editor-active flag DAT_00677ff6 is set, copies two view parameters from the input event structure into globals DAT_005e73ac and DAT_005e7340 and returns 1.
0042d6bb	EOL	Input event is not handled by the active terrain tool.
0042d6c0	PLATE	Computes radial brush falloff from full strength through the outer radius.
0042d70a	EOL	Distance beyond the outer radius returns zero brush strength.
0042d720	EOL	Distance inside the inner radius returns full brush strength.
0042d72c	EOL	Linearly ramp brush strength from one down to zero.
0042d750	PLATE	Applies the linear height brush to one terrain vertex using the active falloff and height scale.
0042d7c0	PLATE	Parses linear terrain brush parameters and installs the height-raise/lower brush callback.
0042d7d3	EOL	Parse linear brush strength, radius, and optional inner-radius/falloff parameter.
0042d7f7	EOL	Linear brush command could not parse its parameters.
0042d7fc	EOL	Command text could not be parsed as linear brush parameters.
0042d80a	EOL	Missing third linear brush argument defaults the inner radius to zero.
0042d80f	EOL	Store linear brush parameters and install the linear height callback.
0042d880	PLATE	Creates or reloads a flat land map with aligned dimensions, base height, and a default texture.
0042d8a7	EOL	Parse flat land base height and map size.
0042d8b6	EOL	Flat-map command could not parse base height and size.
0042d8d5	EOL	Round the requested land size up to a 16-cell boundary.
0042d8df	EOL	Round the requested land size up to the next 16-cell boundary.
0042d939	EOL	Texture lookup failed; fall back to a default texture id.
0042d97d	EOL	Fill the newly loaded flat land texture grid.
0042d990	PLATE	Creates a child UI prompt widget asking for terrain size and nsquares, binding MapEdit_CreateFlatLandMap as its submit callback.
0042d9b0	PLATE	Parses a floating-point height from the input text and, on success, writes it to every currently selected terrain vertex while marking each one dirty.
0042da40	PLATE	Creates the "height orad [irad]?" child UI/render item for the map editor and binds it to the linear terrain-height brush mode handler.
0042da60	PLATE	Creates a child render-item widget labeled "x y z?" with a no-op callback and sets its enabled flag byte to 1.
0042da80	PLATE	Parses a "%lf %d" argument string to set the pyramid brush height and radius, installs the height-stamp apply and preview callbacks, and reports "Pyramid mode." to the status panel.
0042db20	PLATE	Registers the "height nsquares?" map-editor UI widget bound to the MapEdit_EnterPyramidBrushMode callback and marks the created child render item as enabled.
0042db40	PLATE	Averages the valid 3x3 neighbor heights around a terrain grid cell (excluding the center) and nudges the center height toward that average scaled by the brush falloff weight.
0042db40	EOL	Smoothing/filter brush callback installed by Filter mode.
0042dd20	PLATE	Parses filter brush parameters and installs the smoothing/filter terrain callback.
0042dd33	EOL	Parse filter brush strength, radius, and optional inner-radius/falloff parameter.
0042dd58	EOL	Filter brush command could not parse its parameters.
0042dd6b	EOL	Missing third filter brush argument defaults the inner radius to zero.
0042dd71	EOL	Store filter brush parameters and install the smoothing callback.
0042dde0	PLATE	Registers a map-editor command widget that prompts for the filter-terrain factor/radius and dispatches input to MapEdit_SetFilterTerrainMode.
0042de00	PLATE	Re-resolves and reapplies the corner textures of the terrain cells bordering an edited brush region and expands the editor's dirty bounding box to cover the affected area.
0042de00	EOL	Texture paint postprocess hook that normalizes template aliases after brushing.
0042e330	PLATE	Resolves a random texture variant from the currently selected alias and writes its id into the terrain texture grid cell at the given row/column unless that cell is on the map's far edge.
0042e330	EOL	Texture paint brush callback installed by Texture mode.
0042e3a0	PLATE	Parses texture paint radius and installs the texture brush callback and postprocess hook.
0042e3b3	EOL	Parse texture paint radius before installing the texture brush callbacks.
0042e3c5	EOL	Texture mode command could not parse the paint radius.
0042e3d6	EOL	Store texture brush radius and install brush/postprocess callbacks.
0042e41b	EOL	Texture mode command is inactive or has completed setup.
0042e420	PLATE	Registers a map-editor command widget that prompts for the texture-paint radius and dispatches input to MapEdit_SetTexturePaintMode.
0042e440	PLATE	Switches the map editor into Precise Paint mode by resetting brush state and installing the texture-paint apply and brush-preview handlers.
0042e480	PLATE	Switches the map editor into "Flatten Low" terrain mode by installing the flatten-to-lowest-corner draw and apply handlers and showing a transient status message.
0042e4c0	PLATE	Raycasts the current mouse position into the terrain and returns the hit grid coordinates.
0042e4d8	EOL	Read current mouse coordinates from the active input/device layer.
0042e4eb	EOL	Use the primary camera/ray origin basis for cursor terrain hit testing.
0042e4f7	EOL	Use the alternate camera/ray origin basis for cursor terrain hit testing.
0042e57f	EOL	Terrain raycast succeeded; return the hit grid coordinates.
0042e60d	EOL	Terrain raycast failed; return false without hit coordinates.
0042e612	EOL	Terrain raycast succeeded; write the hit grid coordinates.
0042e630	PLATE	Applies the active terrain brush over the radius-clamped grid rectangle and refreshes dirty texture/map regions.
0042e657	EOL	Raycast the cursor to find the active terrain brush center.
0042e65b	EOL	Active terrain brush has a valid cursor hit and can compute its affected cell bounds.
0042e766	EOL	Invoke the active terrain brush callback for one grid cell.
0042e773	EOL	Invoke the active brush callback for each cell in the clamped brush rectangle.
0042e7c4	EOL	Run the optional brush postprocess callback over the touched rectangle.
0042e7d6	EOL	Run the optional affected-rectangle brush postprocess callback.
0042e7ed	EOL	Invalidate terrain texture references overlapped by the brush operation.
0042e80c	EOL	Flush texture references for the brush's dirty terrain rectangle.
0042e82f	EOL	Refresh the affected terrain render region after brushing.
0042e850	PLATE	Draws a closed preview polyline by sampling points from the supplied preview vertex ring.
0042e85b	EOL	Preview segment count is nonzero; enter the closed-loop draw pass.
0042e862	EOL	Convert and draw the next segment of the brush preview loop.
0042e8bb	EOL	Preview loop count is zero or all segments have been drawn.
0042e8c0	PLATE	Clamps terrain grid coordinates and writes the corresponding world-space terrain vertex.
0042e8d6	EOL	Clamp negative terrain X coordinate to zero.
0042e8e0	EOL	Clamp negative terrain Y coordinate to zero.
0042e8f0	EOL	Clamp terrain X coordinate to the last column.
0042e900	EOL	Clamp terrain Y coordinate to the last row.
0042e906	EOL	Write the terrain vertex world X/Y/Z from grid origin, step, and height.
0042e930	PLATE	Classifies the cursor hit into the horizontal and vertical half of the current terrain cell.
0042e97b	EOL	Cursor X fraction is below the midpoint threshold.
0042e983	EOL	Cursor X fraction is at or above the midpoint threshold.
0042e993	EOL	Cursor Y fraction is below the midpoint threshold.
0042e99d	EOL	Cursor Y fraction is at or above the midpoint threshold.
0042e9b0	PLATE	Rebuilds a terrain template entry after replacing one corner texture index.
0042e9d6	EOL	Walk the template cache looking for an expanded corner-id alias.
0042e9e4	EOL	No template alias matched; use the current id for all four corners.
0042e9f5	EOL	Template alias found; load its four corner texture ids.
0042ea0f	EOL	Replace the selected template corner and rebuild the terrain template id.
0042ea90	PLATE	Normalizes one terrain cell's template by collapsing cached texture-pair aliases.
0042eac0	EOL	Walk the template cache looking for the current two-texture alias.
0042eace	EOL	No pair alias matched; use the current id as both pair entries.
0042ead8	EOL	Pair alias found; extract its normalized two-texture pair.
0042eae3	EOL	Create or find the normalized pair template and store it in this cell.
0042eb10	PLATE	Returns the terrain texture index for the cursor's current cell quadrant.
0042eb5f	EOL	Walk the template cache for the current cell's texture alias.
0042eb6d	EOL	No texture alias matched; treat all quadrants as the same id.
0042eb7f	EOL	Texture alias found; expand it to four quadrant corner ids.
0042eb9a	EOL	Classify the cursor quadrant and select the matching template texture id.
0042ec10	PLATE	Normalizes every terrain cell template across the active land grid.
0042ec30	EOL	Advance to the next terrain column during full template normalization.
0042ec36	EOL	Normalize one interior terrain cell template.
0042ec4e	EOL	All interior terrain cell templates have been normalized.
0042ec60	PLATE	Applies the selected texture to the cursor quadrant and adjacent terrain cell corners.
0042ece4	EOL	Choose the previous X neighbor for texture-corner mirroring.
0042eced	EOL	Choose the next X neighbor for texture-corner mirroring.
0042ed00	EOL	Choose the previous Y neighbor for texture-corner mirroring.
0042ed09	EOL	Choose the next Y neighbor for texture-corner mirroring.
0042ed68	EOL	Mirror the selected texture into the diagonal neighbor corner when in range.
0042ed7e	EOL	Texture brush changed templates; mark texture invalidation pending.
0042ed90	PLATE	Builds and draws the projected terrain brush preview ring around the cursor hit point.
0042edba	EOL	Cursor ray hit succeeded; begin building the terrain brush preview.
0042edc6	EOL	Preview drawing has a valid cursor hit and can build its surrounding sample grid.
0042ee18	EOL	Sample the neighboring 3x3 terrain vertices for the brush preview surface.
0042ee28	EOL	Clamp and sample one row of the surrounding terrain patch.
0042efbc	EOL	Interpolate the sampled terrain patch into preview-ring vertices.
0042f2e1	EOL	Project the outer preview ring points into screen space.
0042f35e	EOL	Project interpolated preview vertices into screen space.
0042f417	EOL	Submit the eight projected brush-preview segments.
0042f41e	EOL	Draw the projected terrain brush preview ring.
0042f440	PLATE	Projects four terrain/world vertices to screen and submits a colored preview loop.
0042f46e	EOL	Transform one preview quad vertex and compute its screen position/depth.
0042f501	EOL	Submit the four projected vertices to the brush preview loop drawer.
0042f520	PLATE	Projects two world points and draws a colored preview line between them.
0042f5e3	EOL	Round projected endpoints and emit the renderer line primitive.
0042f630	PLATE	Sets the four height samples under the cursor cell to the lowest current corner height.
0042f647	EOL	Skip flattening when terrain hit testing fails.
0042f755	EOL	Store the chosen minimum corner height into all four cell samples.
0042f790	PLATE	Draws preview geometry for flattening the hovered terrain cell down to its lowest corner.
0042f7b1	EOL	Do not draw a level-cell preview without a terrain hit.
0042f8bb	EOL	Assemble the flattened preview quad using copied X/Y and the lowest Z.
0042f936	EOL	Draw the flattened quad overlay and its vertical guide lines.
0042f9d0	PLATE	Builds one preview vertex with Manhattan-distance height falloff from the stamp center.
0042f9f3	EOL	Keep the base height when the sample is outside the stamp radius.
0042f9fb	EOL	Compute peak height minus Manhattan distance times falloff slope.
0042fa09	EOL	Copy terrain X/Y and the computed height into the preview vertex.
0042fa30	PLATE	Builds and draws one height-stamp preview cell if any corner differs from the base height.
0042fa46	EOL	Skip preview cells that cannot address a full terrain quad.
0042fa76	EOL	Compute the four stamp-adjusted preview vertices for this cell.
0042fb97	EOL	Draw this stamp preview cell only when a corner height changes.
0042fbc0	PLATE	Writes one heightmap sample using the height-stamp radius falloff and edge clamp.
0042fbcd	EOL	Skip height-stamp samples outside the heightmap bounds.
0042fc41	EOL	Write the radius-edge clamped stamp height.
0042fc5f	EOL	Write the distance-scaled falloff height inside the stamp radius.
0042fc90	PLATE	Applies the height-stamp brush around the cursor and rebuilds the edited terrain.
0042fca7	EOL	Skip stamp application when the cursor hit test fails.
0042fd10	EOL	Iterate rows across the square brush footprint.
0042fd18	EOL	Apply the height-stamp writer to the next sample.
0042fd4a	EOL	Refresh terrain data after all height-stamp writes.
0042fd60	PLATE	Draws height-stamp brush preview cells around the cursor with checker-adjusted color.
0042fd81	EOL	Skip stamp preview when terrain hit testing fails.
0042fdba	EOL	Choose the alternate preview color from radius and cell parity.
0042fe37	EOL	Scan the brush square and draw changed preview cells.
0042feb0	PLATE	Nudges all selected terrain points vertically by signed input delta and marks them dirty.
0042fed0	EOL	Convert raise/lower key flags into a signed height delta.
0042ff24	EOL	Add the nudge delta to each selected point and mark it dirty.
0042ff60	PLATE	Adjusts the terrain-editor camera altitude accumulator from vertical nudge keys.
0042ff85	EOL	Convert up/down camera flags into a signed altitude delta.
0042ffce	EOL	Add the altitude delta to the editor camera altitude globals.
00430020	PLATE	Advances editor camera and object-manipulation state from key flags using frame delta.
00430035	EOL	Update the last tick and scale elapsed time to frame delta.
00430069	EOL	Terrain camera altitude mode only nudges the camera height.
00430182	EOL	Apply the transformed movement delta to the selected map object.
00430211	EOL	Update free editor camera position and yaw/pitch state.
004302d0	PLATE	Draws the active terrain selection rectangle outline using the selected texture color.
004302d8	EOL	Selection rectangle drawing requires both active rectangle flags.
004302eb	EOL	Issue four renderer line calls around the selection bounds.
004303b0	PLATE	Resets the pending-map global and, when the flag argument is set, triggers MapFile_LoadNamedMap to load the named map.
004303d0	PLATE	Clears editor UI drawing state and lazily creates the Map name input prompt.
004303fa	EOL	Allocate and show the Map name input prompt if it does not exist.
00430420	PLATE	Renders one map-editor frame, applying brush updates, scene visibility, overlays, and UI.
00430435	EOL	No terrain is loaded; show the map-name prompt and return.
00430441	EOL	Begin the editor frame by updating input/camera and the active brush.
00430508	EOL	Build the visible scene queue from the current spatial tree.
004305b4	EOL	Draw editor overlays including lists, debug UI, and selection rectangle.
004305f0	PLATE	Serializes placed-object start-state data for the current map and reports save failure.
00430640	EOL	Append the next placed object into the temporary start-state list.
00430657	EOL	Serialize the temporary start-state list with the object type table.
00430672	EOL	Report start-state save failure when serialization returns false.
004306b0	PLATE	Installs a loaded land map into the editor, caches its filename, and initializes land resources.
004306df	EOL	Release the previous cached land-map filename.
004306e8	EOL	Duplicate the new filename, clear editor lists, and initialize land resources.
00430720	PLATE	Toggles transition rendering/editing and prints the new state.
00430733	EOL	Transition rendering/editing is now enabled; print the on message.
00430741	EOL	Transition rendering/editing is now disabled; print the off message.
00430750	PLATE	Dispatches map-editor keyboard input through registered hotkeys and built-in editor commands.
00430783	EOL	Consult the registered key table before the built-in command switch.
004307ca	EOL	Dispatch a built-in map-editor command key.
004308bd	EOL	Save land data and then write the matching start-state file.
0043090a	EOL	Ctrl-L opens the map-name prompt; otherwise load the named map.
00430991	EOL	Toggle object manipulation mode and print the new state.
004309fa	EOL	Unknown built-in key; return false.
00430ac0	PLATE	Dispatches a map-editor input event by looking up a handler in the global event table and either invoking each registered callback in the handler's linked list or, when no entry exists, routing event codes 5/6/16 to the terrain drag and palette-selection handlers.
00430b50	PLATE	Switches the game into landscape-editor mode, lazily initializing the editor on first entry and showing the "LANDSCAPE EDITOR" status banner.
00430b90	PLATE	Zeroes the height value of every cell in the active terrain grid and then rebuilds the terrain tree.
00430be0	PLATE	Zeroes the height value of only the border (edge-row and edge-column) cells of the terrain grid and then rebuilds the terrain tree.
00430c50	PLATE	Parses xmountain fractal parameters and regenerates the selected terrain rectangle.
00430c5e	EOL	Parse xmountain fractal scale, decay, and optional seed.
00430c84	EOL	Use default fractal seed 0x989a69 when the seed is omitted.
00430c95	EOL	Seed the generator, fill the selected rectangle, and rebuild terrain.
00430d01	EOL	Report invalid xmountain arguments.
00430d20	PLATE	Parses a height offset and adds it to every height sample in the selected rectangle.
00430d4a	EOL	Offset-heights command failed to parse a float.
00430d68	EOL	Load selected rectangle bounds for the height-offset pass.
00430dd0	EOL	Unrolled loop adds the offset to four terrain samples.
00430e4b	EOL	Refresh terrain after offset edits.
00430e70	PLATE	Parses a height value and assigns it to every height sample in the selected rectangle.
00430e9a	EOL	Set-heights command failed to parse a float.
00430eb8	EOL	Load selected rectangle bounds for the height-set pass.
00430f22	EOL	Unrolled loop stores the parsed height to four terrain samples.
00430f90	EOL	Refresh terrain after height assignment edits.
00430fb0	PLATE	Creates a map-editor child widget labeled "scale decay [seed]?" bound to the X-mountain fractal apply callback and marks the resulting widget as enabled.
00430fd0	PLATE	Creates the "offset z value by?" numeric-entry widget whose callback offsets the selected cells' heights.
00430ff0	PLATE	Creates the "set z value to?" numeric-entry widget whose callback sets the selected cells' heights.
00431010	PLATE	Loads the working start-state object list, applies shapes, and populates editor object tables.
00431108	EOL	Load the working start-state records into a temporary list.
00431130	EOL	Apply object shape data and append the object to editor collections.
0043113b	EOL	Type 0x25 uses the decoration-shape application path.
00431175	EOL	Finish start-state load and restore the exception frame.
00431190	PLATE	Initializes map-editor UI, terrain tool buttons, hotkeys, camera state, and debug output.
0043127f	EOL	Register terrain and object tool callbacks into the button bar.
0043148e	EOL	Allocate and populate the map-editor key binding table.
00431774	EOL	Seed the default map-editor camera globals.
00431897	EOL	Allocate and configure the map-editor debug output panel.
00431910	PLATE	Caches the selected texture buffer/name into texture-editor globals and refreshes the editor UI.
00431940	EOL	Measure the selected texture name before bounded copy.
0043195a	EOL	Copy the selected texture name into the edit buffer and terminate it.
00431980	PLATE	Fills the currently selected texture's pixel buffer with the current fill color byte using memset over its width-times-height pixel count.
004319d0	PLATE	Sets the dirty bit on the selected texture and notifies the texture list UI.
00431a10	PLATE	Replaces every pixel matching the source color with the supplied color and marks the texture dirty.
00431a50	EOL	Scan all pixels in the selected texture buffer.
00431a58	EOL	Replace this pixel because it matches the sampled source color.
00431aa0	PLATE	Samples the clicked pixel color and replaces all matching pixels with the current palette color.
00431ad8	EOL	Read the clicked pixel color before full-texture replacement.
00431b20	PLATE	Captures the clicked source color for deferred palette-driven color replacement.
00431b4b	EOL	Read the clicked pixel into the pending source-color global.
00431b5a	EOL	Arm pending color replacement for the next palette selection.
00431ba0	PLATE	Selects normal color-replacement mode and lazily loads the dropper icon.
00431bc8	EOL	Dropper icon is already cached; skip resource lookup.
00431bf2	EOL	Dropper icon lookup failed; store the missing-icon sentinel.
00431c30	PLATE	Selects the extra color-replacement mode and lazily loads its dropper icon.
00431c5c	EOL	Extra color-replace icon is already cached; skip resource lookup.
00431c85	EOL	Extra dropper icon lookup failed; store the missing-icon sentinel.
00431cd0	PLATE	Writes the current palette color at a texture cell with axis-constrained drag handling.
00431ce3	EOL	Remember the first painted cell for constrained drag continuation.
00431d38	EOL	Reject diagonal drag movement for pixel painting.
00431d50	EOL	Write the current color to this texture cell and mark the texture dirty.
00431dd0	PLATE	Selects pixel-replace/pencil mode and lazily loads the pencil icon.
00431dfc	EOL	Pencil icon is already cached; skip first-time lookup.
00431e44	EOL	Pencil icon lookup failed; fall back to icon zero.
00431e80	PLATE	Flips the selected texture horizontally by reversing each row in place.
00431ec0	EOL	Start reversing the next texture row.
00431ed0	EOL	Swap left and right row pixels toward the center.
00431f50	PLATE	Flips the selected texture vertically by swapping top and bottom pixels in place.
00431f80	EOL	Select the base mip storage for vertical flipping.
00431fb4	EOL	Walk the next texture column for vertical swaps.
00431fd0	EOL	Swap top and bottom pixels toward the center of this column.
00432060	PLATE	Rotates each row of the selected texture one pixel to the left.
00432090	EOL	Select the base mip storage for rotating rows left.
004320c6	EOL	Rotate the next texture row left.
004320d5	EOL	Shift row bytes left before appending the saved first pixel.
00432150	PLATE	Rotates each row of the selected texture one pixel to the right.
00432180	EOL	Select the base mip storage for rotating rows right.
004321c0	EOL	Rotate the next texture row right.
004321d2	EOL	Shift row bytes right before restoring the saved last pixel.
00432320	PLATE	Rotates every column of the currently selected texture's bitmap upward by one row (cyclic row-shift-up), then marks the texture modified and dispatches through its object vtable.
00432420	PLATE	When enabled, copies the supplied filename into a local buffer and loads it as a texture bitmap, showing "LOAD FAILED." on error or otherwise registering the new texture and refreshing the editor's selected texture.
004324d0	PLATE	Removes the selected texture from the texture list and refreshes downstream texture state.
00432500	PLATE	Reloads the selected texture from a .bmp/.BMP file, replaces the record, and refreshes editor state.
004325b0	EOL	Retry texture reload with an uppercase .BMP extension.
004325fb	EOL	Texture reload failed; report failure and skip replacement.
00432607	EOL	Install the reloaded texture record and mark it dirty.
00432670	PLATE	When confirmed, allocates a copy of the supplied name string and stores it as the selected texture's name field, freeing any previous name buffer.
004326d0	PLATE	Allocates a child render widget, initializes default bounds, and inserts it into the parent list.
00432713	EOL	Widget allocation failed; return null.
0043274d	EOL	Initialize widget bounds from existing embedded bounds.
00432765	EOL	Initialize widget bounds to the default 100x100 rectangle.
004327b0	PLATE	Opens a "Enter new name for this texture:" dialog widget wired to TexEdit_SetTextureName and resizes the resulting dialog to 200x400.
00432830	PLATE	When the boolean flag argument is nonzero, looks up a texture entry by its name string via TexList_FindByName.
00432850	PLATE	Creates and positions a 200x400 child input widget prompting "Enter name of texture to find:" whose submit callback invokes TexEdit_FindTextureByName.
004328d0	PLATE	Callback that, when enabled, parses an integer from the input string via sscanf, stores it in the global filter value, and shows a "Filter set to %d." transient status message.
00432950	PLATE	Creates a "Set filter to sum:" child input widget bound to the TexEdit_ApplyFilterValue callback and positions/sizes it to a 200x400 region.
004329d0	PLATE	Returns true when the supplied path ends with .bmp or .BMP.
004329e6	EOL	Reject filenames too short to contain a BMP suffix.
004329ea	EOL	Compare the trailing extension against lowercase .bmp.
00432a06	EOL	Compare the trailing extension against uppercase .BMP.
00432a20	PLATE	Duplicates the filename component of a path and strips a trailing BMP extension.
00432a30	EOL	Scan the path and track the basename after the last backslash.
00432a55	EOL	Terminate the duplicate before a trailing .bmp/.BMP suffix.
00432a80	PLATE	Loads one BMP chain entry, derives its texture name, and adds it to the texture list.
00432acd	EOL	Ignore this chain record because it is not a BMP entry.
00432b1b	EOL	Build the texture-name path derived from the BMP chain entry.
00432b79	EOL	Register the loaded BMP texture entry in the texture list.
00432bb0	PLATE	Recursively loads BMP entries and nested texture-chain entries from a chain file.
00432c51	EOL	First pass loads BMP records from the chain file.
00432ca4	EOL	Process remaining chain entries, recursing into nested chains.
00432d47	EOL	Discard this non-chain/non-BMP chain record.
00432da0	PLATE	Logs a "do_chain_load" trace and, when the enable flag is set, loads the texture chain from the given directory and flushes the CRT output stream.
00432de0	PLATE	Creates a child text-input widget prompting "Enter root dir for chain load:" with FUN_00432da0 as its callback and flags it as active.
00432e00	PLATE	Sets the enabled flag and installs the LAB_00432420 callback pointer into the global texture-editor chain-load handler object.
00432e30	PLATE	Rebuilds mipmaps for a type-3 texture and marks the texture dirty.
00432e51	EOL	Skip mipmap rebuild because the selected record is not a texture.
00432e64	EOL	Derive the power-of-two width index for mipmap rebuilding.
00432e79	EOL	Rebuild mipmaps and set the selected texture dirty bit.
00432ea0	PLATE	Sets the currently selected texture-editor list entry's mode field to 3, marks its flags as dirty, and dispatches to the active tool handler through the global UI vtable.
00432f00	PLATE	Sets the currently selected texture-list entry's mode field to 2, ORs its dirty flag, and tail-calls the UI dispatch handler to refresh.
00432f60	PLATE	Recursively flood-fills a four-way contiguous region from a source color to the current color.
00432f78	EOL	Reject fill coordinates outside bounds or pixels not matching the source color.
00432f9c	EOL	Write the current color and recurse to neighboring fill pixels.
00432fcf	EOL	Continue the flood fill downward as a tail loop.
00432fe0	PLATE	Starts flood fill at the clicked texture cell unless the cell already has the current color.
00433016	EOL	Clicked cell already has the current color; skip flood fill.
00433018	EOL	Capture the source color and start recursive flood fill.
00433043	EOL	Mark the selected texture dirty after flood fill.
00433060	PLATE	Selects flood-fill mode and lazily loads the paintbucket icon.
0043308c	EOL	Paintbucket icon is already cached; skip repeated lookup.
004330b5	EOL	Paintbucket icon lookup failed; store the missing-icon sentinel.
00433100	PLATE	Converts the current cursor position to texture-cell coordinates when inside the editor grid.
00433126	EOL	Cursor is left of the texture editor grid.
00433156	EOL	Cursor is outside the texture editor grid bounds.
0043315a	EOL	Divide by cell size to produce texture X/Y coordinates.
00433180	PLATE	Handles clicks on the texture grid, dispatching to the active edit tool or sampling the current color.
004331de	EOL	Return after a handled pick or outside-grid path.
004331e6	EOL	Dispatch the click to the active texture edit tool.
00433255	EOL	Unsupported active texture edit tool id; fail the click.
00433270	PLATE	Converts a palette-grid hit into the current color and applies pending extra color replacement.
0043327d	EOL	Cursor is outside the palette grid; reject palette selection.
004332c2	EOL	Map the 16x16 palette cell to the current color byte.
004332ed	EOL	Apply the armed deferred color replacement using the newly selected color.
00433330	PLATE	Routes mouse button events to palette selection, texture-grid editing, or color sampling.
00433338	EOL	Left mouse button tries palette selection, then texture-cell editing.
0043335a	EOL	Sample the texture cell color for the alternate mouse button.
00433370	PLATE	When the texture editor is active, handles a mouse-click event by first trying palette-color selection at the cursor and otherwise routing the click to the texture cell at that position, returning whether the click was consumed.
00433480	PLATE	Draws selected texture name, size, type, transparency tag, and cursor-cell coordinates.
004334c4	EOL	Select the status label for the selected texture record type.
0043356a	EOL	Append and draw the transparent-texture tag.
00433603	EOL	Render cursor texture-cell coordinates when the cursor is over the grid.
004336a0	PLATE	Sets the selected texture hotspot from the cursor cell or reports failure outside the grid.
004336eb	EOL	Hotspot set failed because the cursor is not over the texture grid.
0043370d	EOL	Store the new hotspot bytes and report the updated position.
00433770	PLATE	Draws the texture editor palette swatches from the palette row table.
00433795	EOL	No palette rows are available; skip swatch drawing.
004337a0	EOL	Draw the next palette row.
004337c0	EOL	Draw the next palette swatch rectangle.
00433810	PLATE	Draws a square block of repeated mip-level texture tiles.
00433855	EOL	No mip tiles to draw for this block.
0043388e	EOL	Blit one repeated tile from the selected mip source.
004338ba	EOL	Advance across repeated tile-block columns.
004338d0	PLATE	Draws a vertical stack of mip previews starting at a mip level.
004338f2	EOL	Requested start level exceeds available mip levels.
004338fa	EOL	Draw the current mip preview level and advance.
00433928	EOL	Halve source width and double the displayed tile count for the next mip level.
00433940	PLATE	Draws two scrolling preview strips of the current texture across the editor surface.
004339b0	EOL	Blit the top preview strip forward across the available width.
00433a04	EOL	Blit the bottom preview strip backward below the texture height.
00433a50	PLATE	Draws the right-side mip preview panel for type-3 textures, limited to the top four mip levels.
00433a7d	EOL	Only type-3 texture records draw mip preview panels.
00433a9d	EOL	Clamp the requested mip start level to at most level four.
00433ab0	EOL	Draw the selected stack of mip preview levels.
00433ad0	PLATE	Renders the texture editor frame, including the texture grid, palette, overlays, mode icon, and selected name.
00433b0e	EOL	Resolve the selected texture record to the editable pixel buffer.
00433b33	EOL	Non-mip textures use the base pixel buffer directly.
00433b43	EOL	Begin drawing the selected texture into the editable grid.
00433b90	EOL	Draw one source texture cell into the editor grid.
00433be9	EOL	Begin palette swatch rendering and animated selection overlay setup.
00433c50	EOL	Advance to the next palette swatch row.
00433c7a	EOL	Advance to the next palette swatch column.
00433c92	EOL	Check whether this palette index is the current color.
00433d56	EOL	Check whether this swatch is the pending replacement source color.
00433d80	EOL	Draw the animated pending replacement-color overlay.
00433e2e	EOL	Draw the normal palette swatch rectangle.
00433ea0	PLATE	Renders one frame of the texture-editor view, drawing the scroll list and status text then either the full render frame or the palette grid, mip preview, and texture strips, and updating the per-frame scroll-timing accounting.
00433f80	PLATE	Filters dark selected-texture pixels to transparent based on the configured palette brightness threshold.
00433fbe	EOL	Type-3 textures use mip storage size for filtering.
00433fe0	EOL	Scan each selected-texture pixel and compute palette brightness.
00434014	EOL	Brightness is under threshold; write transparent color zero.
00434020	EOL	Mark the texture dirty after filter pass.
00434053	EOL	Print the filter threshold used for this pass.
00434090	PLATE	Rebuilds the selected texture as a sparse texture record using the current edited pixels.
004340f0	PLATE	Clones the selected texture into a new dirty texture record with a generated clone name.
004341c0	PLATE	Downsamples the selected texture by half, replaces the texture-list entry, and marks it dirty.
004342a0	PLATE	Restores the selected texture record from the texture editor undo stack.
004342f0	PLATE	Toggles whether imported textures load transparency and prints the new state.
00434330	PLATE	Handles texture-editor keyboard and mouse input, dispatching registered hotkeys and built-in commands.
004343b1	EOL	Mouse tool events dispatch through the texture grid/palette handlers.
004343e0	EOL	Hotspot key sets the selected texture hotspot from the cursor.
004343ee	EOL	Jump to the beginning of the texture list and refresh selection.
00434401	EOL	Advance to the next texture and refresh selection.
00434414	EOL	Toggle import transparency with Ctrl-T or toggle/rebuild mip state otherwise.
00434448	EOL	Rebuild mipmaps for the selected texture.
0043445b	EOL	Save the selected texture or texture set and report status.
004344af	EOL	Load command currently reports failure in this path.
004344c5	EOL	Clone the selected texture into a new dirty entry.
004344d3	EOL	Convert the selected texture to sparse texture storage.
004344e1	EOL	Advance to the next used texture unless shift is held.
004344f5	EOL	Downsample the selected texture and replace the current list entry.
00434503	EOL	Filter dark pixels in the selected texture to transparent.
00434511	EOL	Toggle the extra texture preview flag.
0043452a	EOL	Undo the last selected-texture edit if the undo stack is nonempty.
0043453e	EOL	Remove the selected texture from the texture list.
00434543	EOL	Handled command with no additional action in this path.
0043454c	EOL	Unsupported texture-editor command; return false.
00434630	PLATE	Looks up the handler-table entry for an event object's type byte and, unless its 0x20 flag is set, walks the registered handler linked list invoking each node's callback (or clearing its target byte) to dispatch the event.
004346a0	PLATE	Recomputes texture-editor grid, palette, preview, and swatch layout dimensions for the current screen.
00434724	EOL	Clamp computed texture cell size to the minimum grid size.
00434735	EOL	Clamp computed texture cell size to the maximum grid size.
00434744	EOL	Store texture grid cell and inner-rect dimensions.
0043477c	EOL	Compute palette grid spacing from screen and texture dimensions.
004347b8	EOL	Position the palette panel horizontally from the computed layout width.
004347c8	EOL	Position the palette panel vertically from the computed layout height.
004347e0	PLATE	Switches the application into texture-editor mode by activating the editor controller, showing the "TEXTURE EDITOR" status banner, and recomputing the editor layout.
00434820	PLATE	Forwards to the texture-editor mode handler by loading the global controller pointer at 0x677e54 and invoking its vtable method at offset 0x60 with the current mode byte from global 0x67801e.
00434840	PLATE	Initializes the texture editor screen, toolbar, key bindings, layout, undo stack, and preview widgets.
00434865	EOL	Allocate the texture-editor screen/widget controller.
004348a9	EOL	Install frame, input, and mouse callbacks on the texture-editor screen.
004348e9	EOL	Switch into texture-editor screen mode when already in editor mode.
00434947	EOL	Create the texture-editor toolbar/button bar.
0043499e	EOL	Add the pencil pixel-replace tool button.
004349e8	EOL	Add the paintbucket flood-fill tool button.
00434a32	EOL	Add the color-replace dropper tool button.
00434a7c	EOL	Add the extra color-replace dropper tool button.
00434ac2	EOL	Add the nuke-texture-with-current-color tool button.
00434b25	EOL	Add the command that makes the texture type sparse.
00434b6f	EOL	Add the command that makes the texture type TEX32.
00434bd2	EOL	Add the flip-X texture operation button.
00434c1c	EOL	Add the flip-Y texture operation button.
00434c4c	EOL	Register rotate-up/down/left/right toolbar commands.
00434cc5	EOL	Register rename, import, reload, chain-load, and mipmap commands.
00434d4e	EOL	Register texture-name search commands.
00434de6	EOL	Allocate and populate the texture-editor key binding table.
00434e54	EOL	Create the flashing selection overlay timer state.
00434e7d	EOL	Create and attach the texture preview child widget.
00434f45	EOL	Create the texture editor undo stack.
00434f90	PLATE	Rotates a vector through the editor view axes in Z/Y/X order.
00434fd0	PLATE	Builds plane coefficients from three 3D points.
00435060	PLATE	Normalizes a plane coefficient vector and its distance term.
004350c0	PLATE	Builds a 3x3 rotation matrix from Euler-angle sine and cosine terms.
004351b0	PLATE	Tests whether a point lies on the accepted side of all triangle edge planes.
004353c0	PLATE	Allocates and constructs the viewport tool widget used by the editor.
00435430	PLATE	Creates a gray button action, stores its callback metadata, and inserts it into the owning widget lists.
00435430	EOL	Entry point for creating and attaching a gray button action.
0043546a	EOL	Allocation succeeded; construct gray button with label/style.
00435494	EOL	Store payload fields, attach to owner lists, and relayout.
004354f0	PLATE	Draws queued Debug_Output text lines at the configured origin and optionally frees owned line strings after rendering.
00435508	EOL	Render one queued string and advance y by 12 px.
00435559	EOL	Check whether output owns the line list.
00435566	EOL	Free each queued duplicated string.
00435590	PLATE	Initializes object-editor view-control flags, zoom scalar, and 3x3 identity rotation matrix.
004355f0	PLATE	Advances view-control rotation and zoom from bound key flags using elapsed tick time.
004355f9	EOL	Initialize the view-control last tick.
00435610	EOL	Handle wrapped tick deltas before applying movement.
004356f9	EOL	Build and apply the view rotation matrix.
00435757	EOL	Adjust the view zoom scalar from zoom flags.
00435780	PLATE	Serializes one shape entry into a memory buffer and refreshes its resource metadata.
004357b1	EOL	Use the primary shape model when no alternate model is present.
004357fa	EOL	Destroy the temporary packed shape resource.
00435827	EOL	Lazily create cache data before finalizing the resource.
00435840	PLATE	Writes all loaded shape entries into a zip/archive at the requested output path and archive name.
004358c0	EOL	Serialize each shape entry into the archive writer.
00435931	EOL	Close and free the archive writer.
00435952	EOL	Return false after archive save failure.
00435968	EOL	Return true after archive save success.
00435980	PLATE	Appends a duplicated status string to the editor output ring and discards the oldest line at capacity.
004359a0	EOL	Drop and free the oldest output line when at capacity.
004359c0	PLATE	Factory-allocates and constructs an object-editor mode from the launcher/context pointer.
004359fe	EOL	Construct the object-editor mode after allocation succeeds.
00435a19	EOL	Return null when mode allocation fails.
00435a30	PLATE	Builds the selectable shape list from parsed shape records and marks the first entry selected.
00435ac0	EOL	Wrap one loaded shape record in a Shape_Entry.
00435b03	EOL	Track the widest shape-list item.
00435b14	EOL	Initialize the first shape-list entry as selected.
00435b40	PLATE	Loads the named shape archive through the shape parser and installs the selectable shape list.
00435ba9	EOL	The shape archive parser returned no records.
00435bba	EOL	Create and install the global shape list view.
00435bcc	EOL	Free temporary parsed shape records.
00435bf0	PLATE	Resolves the selected shape-list entry and ensures its editable/render model is available.
00435c10	PLATE	Serializes an edited shape entry, parses it back through the shape loader, and refreshes entry metadata.
00435c4a	EOL	Emit the current shape entry to a temporary buffer.
00435c7f	EOL	Parse the serialized shape through the shape context.
00435c8b	EOL	Rebuild the shape entry fields from the parsed record.
00435cc0	PLATE	Discards cached derived geometry for the selected shape, clears selections, and reparses it after edits.
00435cf2	EOL	Destroy the cached model for the selected shape.
00435d09	EOL	Destroy the secondary cached model for the selected shape.
00435d27	EOL	Clear face and vertex selections before rebuilding.
00435d3d	EOL	Reparse the edited shape entry after cache cleanup.
00435d50	PLATE	Toggles a vertex pointer in the current vertex-selection list.
00435d60	EOL	Compare the candidate vertex with existing selected vertices.
00435d6e	EOL	Allocate and add a selected-vertex payload.
00435d85	EOL	Unlink an existing selected-vertex payload.
00435da0	PLATE	Clones the active shape geometry into the global edit clipboard, replacing any previous snapshot.
00435dce	EOL	Destroy the previous copied shape snapshot.
00435de0	EOL	Publish the new copied shape snapshot.
00435df0	PLATE	Pastes the saved geometry clipboard into the active shape and rebuilds if a snapshot exists.
00435df8	EOL	Return when there is no copied shape snapshot.
00435dfa	EOL	Merge the copied shape geometry into the active shape.
00435e22	EOL	Refresh the active shape after paste.
00435e30	PLATE	Clones the active shape under a generated cloneNNNN name, inserts or appends it, and resets edit state.
00435ed8	EOL	Build a clone Shape_Entry from the active shape.
00435f02	EOL	Append the clone when there is no active insertion point.
00435f38	EOL	Insert the clone after the current shape-list entry.
00435f49	EOL	Clear selections and reset view state after cloning.
00435f80	PLATE	Toggles a face pointer/id in the current face-selection list.
00435f90	EOL	Compare the candidate face with existing selected faces.
00435f9d	EOL	Allocate and add a selected-face payload.
00435fb4	EOL	Unlink an existing selected-face payload.
00435fd0	PLATE	Frees all vertex-selection payloads and resets the vertex-selection list.
00435fe0	EOL	Free each selected-vertex payload.
00435ff5	EOL	Reset the vertex-selection list container.
00436000	PLATE	Frees all face-selection payloads and resets the face-selection list.
00436010	EOL	Free each selected-face payload.
00436025	EOL	Reset the face-selection list container.
00436030	PLATE	Clears vertex/face selections, restores view-control zoom, and clears the transient edit flag.
00436040	EOL	Clear selected vertices during full reset.
00436065	EOL	Clear selected faces during full reset.
00436081	EOL	Restore object-editor view zoom and transient edit flag.
004360a0	PLATE	Replaces the vertex selection with every vertex in the active shape.
004360b0	EOL	Clear previous vertex selection before selecting all.
004360f0	EOL	Iterate active-shape vertices.
0043610e	EOL	Add one vertex to the selection set.
0043612e	EOL	Remove a duplicate vertex-selection payload if encountered.
00436150	PLATE	Replaces the face selection with every face in the active shape.
00436161	EOL	Clear previous face selection before selecting all.
004361a0	EOL	Iterate active-shape faces.
004361bd	EOL	Add one face to the selection set.
004361dd	EOL	Remove a duplicate face-selection payload if encountered.
00436200	PLATE	Converts the current screen/mouse point through the editor view matrix into a world-space pick ray.
00436221	EOL	Use the current cursor point when no explicit point is supplied.
0043623b	EOL	Transform near and far points through the editor view.
004362c0	PLATE	Returns true when the candidate vertex pointer is already in the vertex-selection list.
004362d0	EOL	Compare candidate vertex against selected payloads.
004362de	EOL	Return false when no selected vertex matches.
004362e1	EOL	Return true after a selected vertex match.
004362f0	PLATE	Intersects the pick ray with one triangle, optionally records selected-vertex hit markers, and returns hit point/distance.
0043632f	EOL	Plane or triangle-side test failed; return no hit.
00436355	EOL	Gate marker recording on all triangle vertices being selected.
0043636c	EOL	Append a selected-vertex hit marker.
00436418	EOL	Store hit distance and hit point.
00436440	PLATE	Triangulates a polygon face as a fan and returns the first triangle hit by the pick ray.
00436458	EOL	Test triangle fan segments v0, vi, vi+1.
004364a4	EOL	Return no hit for this face.
004364ab	EOL	Return a triangle hit for this face.
004364c0	PLATE	Builds a mouse pick ray, scans active-shape faces, records face-hit markers, and returns the nearest hit face.
0043666a	EOL	Clear face and vertex hit-marker lists.
00436687	EOL	Test each active-shape face.
004366ad	EOL	Append a face-hit marker.
004366ff	EOL	Keep the closest face hit so far.
00436713	EOL	Return the nearest hit face or null.
00436720	PLATE	Projects active-shape vertices to screen and returns a vertex within the cursor pick radius.
00436800	EOL	Project one active-shape vertex to screen.
00436886	EOL	Compare projected distance against the pick radius.
00436897	EOL	Remember the vertex under the cursor.
004368a3	EOL	Restore view state and return the picked vertex.
004368c0	PLATE	Handles vertex, face, and texture picking input events, clearing selection unless additive modifier is set.
004368e1	EOL	Code 7 picks a face texture.
004368f6	EOL	Codes 5 and f pick a face.
00436917	EOL	Codes 6 and a pick a vertex.
00436934	EOL	Finish after unsupported input or no hit.
00436940	PLATE	Appends the global scratch status buffer to the editor output ring and trims at capacity.
00436964	EOL	Discard the oldest output line when the scratch output is full.
00436980	PLATE	Ticks view controls, applies active size/magstep changes, and rebuilds the shape when scale changes.
00436996	EOL	Apply a positive shape scale step.
004369ad	EOL	Apply a negative shape scale step.
004369d0	EOL	Refresh edited shape geometry after a scale change.
004369e0	PLATE	Draws screen-space dimension ruler lines and meter/kilometer labels for the active shape bounds.
00436a37	EOL	Scan four vertices per loop while computing shape bounds.
00436bb0	EOL	Scan remaining vertices while computing shape bounds.
00436c12	EOL	Skip ruler drawing when the active shape has no vertices.
00436c6e	EOL	Draw the horizontal dimension ruler and label.
00436d5f	EOL	Draw the vertical dimension ruler and label.
00436e30	PLATE	Toggles the boolean global flag at DAT_00577ebc between enabled and disabled.
00436e40	PLATE	Initializes the object's 4x4 transform (the sub-structure at +0x18) to an identity matrix with a constant float scale stored at offset 0x10, zeroing translation and off-diagonal entries while setting the diagonal to 1.0.
00436e80	PLATE	Writes a scalar float into the editor object's sub-object at +0x18 and fills that sub-object's transform row with zero and identity (1.0) double values.
00436ec0	PLATE	Initializes the transform matrix at offset 0x18 of the object by storing a constant scale float at 0x10 and writing zeros plus a 1.0 double into the matrix component slots (0x18-0x58).
00436f00	PLATE	Loads an identity transform matrix into the object's transform structure (at offset 0x18), setting the diagonal elements to 1.0, the remaining elements to 0.0, and storing a global scale float at offset 0x10.
00436f30	PLATE	Initializes the object's 4x4 transform matrix (at *(param_1+0x18)) to a diagonal scaled-identity form, writing a float scale factor and a constant to the diagonal entries, zeroing the off-diagonal entries, and setting the homogeneous w term to 1.0.
00436f70	PLATE	Resets the object's transform matrix (at offset 0x18 of the passed struct) to an identity matrix, writing 1.0 to the diagonal elements and 0.0 to the off-diagonal elements.
00436fa0	PLATE	Draws the active object-editor viewport after binding the active editor globals and render target.
00436fd9	EOL	Return when no render target/editor viewport is attached.
00436fe0	PLATE	Projects two object-space vertices and draws a colored screen-space edge between them.
004370d0	PLATE	Projects one object-space point and draws a small colored vertex marker if it is visible.
004371e3	EOL	Projection depth failed visibility check; do not draw marker.
004371f0	PLATE	Draws selected face outlines and selected vertex markers, with optional per-face debug text.
00437240	EOL	Walk face vertices and draw edges to the next vertex.
0043727d	EOL	If one face is selected, enqueue the face vertex-count debug line.
004372de	EOL	Walk selected vertices and draw markers.
00437330	PLATE	Renders the object editor viewport, shape preview, selections, loci, status text, axis overlay, and frame timers.
00437380	EOL	No alternate projection flag is set; use default scale.
00437516	EOL	Debug/status overlay flag is off.
00437530	EOL	Iterate vertices and draw marker crosses.
00437560	EOL	Project loci and draw their names.
00437a35	EOL	Update global and per-mode timers after overlays.
00437b90	PLATE	Load-All dialog callback that loads either shared shapes or map supplementals and posts load status.
00437be4	EOL	Build maps/<name>/supplementals path.
00437c54	EOL	Load the selected shape directory and refresh editor state.
00437c7b	EOL	Queue LOAD FAILED status.
00437c88	EOL	Restore SEH and return from load callback.
00437ca0	PLATE	Saves the active shapes or supplementals tree and posts save status.
00437ceb	EOL	Build maps/<current>/supplementals save path.
00437d4d	EOL	Call the shape-tree save routine with path and tree kind.
00437d6a	EOL	Queue SAVE FAILED status.
00437d77	EOL	Restore SEH and return from save callback.
00437d90	PLATE	Opens a text-input prompt asking for a directory name to load, wiring its confirmation to the ObjEdit_LoadAllCallback handler.
00437db0	PLATE	Dispatches object-editor hotkeys, menu bindings, text prompts, axis controls, and status updates.
00437e38	EOL	No bound menu action was found; enter editor hotkey switch.
00437f25	EOL	The v hotkey selects add, reposition, or select-vertex behavior from modifiers.
0043816d	EOL	Format and post the shared axis status line.
004383bd	EOL	Toggle texture-preserve flag and report it.
00438429	EOL	Key release or unknown command returns false.
00438550	PLATE	Releases bound editor actions by clearing toggles or invoking registered callbacks with state 0.
00438570	EOL	Iterate callbacks bound to this key.
00438582	EOL	Invoke non-toggle action on release.
00438598	EOL	Binding existed and was processed.
0043859c	EOL	No binding table entry exists for this key.
004385a0	PLATE	Virtual input entry point that forwards active events to the editor input dispatcher.
004385a6	EOL	No active viewport/editor pointer; ignore event.
004385ab	EOL	Load event/editor state registers and dispatch.
004385c0	PLATE	Dispatches editor events by type and records pointer delta relative to the active viewport.
004385de	EOL	Event type 3 is accepted only while drag flags are active.
004385eb	EOL	Event type 2 goes to the release handler.
004385f6	EOL	Event type 1 goes to the key/button press handler.
004385ff	EOL	Cache event x/y relative to the viewport origin.
00438620	PLATE	Caches the current object-editor document pointer (DAT_005e741c) into the global active-document slot DAT_00677fa0.
00438630	PLATE	Thunk that forwards directly to the routine at 0x0049c1b0 which tears down all frames and editor modes.
00438640	PLATE	Initializes a Shape_Entry from an existing shape pointer, creating its draw cache and display fields.
004386a5	EOL	Cache allocation returned null.
004386a7	EOL	Save cache pointer, display name/source, and extents.
004386f0	PLATE	Initializes a Shape_Entry from a loaded shape record and delegates common record-field setup.
0043873e	EOL	Finish construction through the shared record loader.
00438760	PLATE	Populates a Shape_Entry from a record, duplicating its name and creating the geometry cache.
004387bb	EOL	Allocation for geometry cache failed.
004387bd	EOL	Store cache, duplicated name, and computed size fields.
00438800	PLATE	Lazily creates and returns the editable shape copy for a Shape_Entry.
0043884b	EOL	Editable shape allocation failed.
00438864	EOL	Prefer override source, otherwise base shape.
0043886c	EOL	Return cached editable shape pointer.
00438880	PLATE	Replaces the editable shape pointer and drops stale cached/original geometry.
0043889c	EOL	Store replacement editable shape pointer.
004388a6	EOL	Destroy the old draw cache.
004388cd	EOL	Clear cache/source pointers after free.
004388db	EOL	Nothing else remains to free.
004388e0	PLATE	Lazily rebuilds and returns the draw cache from the editable shape.
00438939	EOL	Geometry cache allocation failed.
0043893e	EOL	Return the cached draw-cache pointer.
00438960	PLATE	Draws an animated 3D preview thumbnail and centered name label for a Shape_Entry.
0043897a	EOL	Initialize animation start tick once.
004389c6	EOL	Use alternate scale path for compact entries.
00438b11	EOL	Normalize elapsed ticks modulo the spin period.
00438b65	EOL	Count name bytes before drawing the label.
00438bd0	PLATE	When enabled, duplicates the given name buffer into a null-terminated heap string and replaces the name pointer at offset 0x18 of the currently selected shape list entry, freeing the previous name.
00438c20	PLATE	Opens a "New object name" text-entry child widget bound to callback FUN_00438bd0 and marks the created widget active.
00438c40	PLATE	Imports a shape file into the active entry, rebuilds geometry caches, and reports success or failure.
00438c5e	EOL	Import parser returned null.
00438c72	EOL	Replace active editable shape and rebuild.
00438ccc	EOL	Return after optional status reporting.
00438ce0	PLATE	Text-entry callback that creates a named locus at the currently selected vertex position.
00438d1b	EOL	Abort unless at least one vertex is selected.
00438d3b	EOL	Create a named locus at the first selected vertex.
00438da7	EOL	Add a null locus entry if allocation failed.
00438dbf	EOL	Restore SEH and return from locus callback.
00438de0	PLATE	When enabled, walks the editable shape's child locus list and removes plus frees every node whose name string matches the supplied name.
00438e80	PLATE	Opens a "Filename?" text-entry child widget bound to ObjEdit_ImportShapeCallback to prompt for a shape file to import and marks the widget active.
00438ea0	PLATE	Requires exactly one selected vertex, then opens a "Locus to add?" text-entry widget wired to the ObjEdit_AddLocusCallback handler.
00438ee0	PLATE	Opens a "Locus to delete?" confirmation prompt widget wired to the delete-locus callback at 0x00438de0.
00438f00	PLATE	Parses an XYZ text entry, appends a new vertex to the active shape, and refreshes geometry.
00438f3a	EOL	Input did not parse as three floats.
00438f78	EOL	Allocate and append the parsed XYZ vertex.
00438fd4	EOL	Return after update or error queue.
00438fe0	PLATE	Parses an XYZ entry and replaces the only selected vertex position.
00439020	EOL	Input did not parse as three floats.
0043905e	EOL	Exactly one selected vertex; overwrite XYZ.
00439065	EOL	Parsed input but selection count is not one.
0043909d	EOL	Return after update or error.
004390b0	PLATE	Parses an XYZ delta and adds it to every selected vertex.
004390f0	EOL	Input did not parse as three floats.
0043912e	EOL	Begin selected-vertex delta application.
00439137	EOL	Add the parsed XYZ delta to each selected vertex.
00439164	EOL	Return after update or error.
00439170	PLATE	Removes faces whose edge-cross-product magnitude is below the degenerate-polygon threshold.
00439186	EOL	Compute face edge cross-product length.
004391f1	EOL	Remove a face below the degenerate threshold.
004391fb	EOL	Continue to the next face.
00439201	EOL	End of face cleanup loop.
00439210	PLATE	Computes the per-axis min/max bounds of the editable shape's vertices and translates every vertex toward the bounding-box midpoint before rebuilding the shape.
00439390	PLATE	Builds an exclude list from the selected vertices, hardens the editable entity's geometry while isolating exception faces, reports how many were isolated, and swaps the freshly hardened geometry into the shape before rebuilding it.
00439500	PLATE	Command wrapper that forwards its editor-context argument to ObjEdit_AddVertexAtSelectionCentroid to add a vertex at the current selection's centroid.
00439510	PLATE	Menu thunk for the Geometry Kill selected faces command.
00439520	PLATE	Thin command wrapper that forwards its argument to ObjEdit_CreateFaceFromSelection to build a face from the current selection.
00439530	PLATE	Command wrapper that forwards its editor-context argument to ObjEdit_DeleteSelectedVertices to remove the currently selected vertices.
00439540	PLATE	Walks the selected-vertex linked list and copies the current list entry's 16-bit value into each vertex before rebuilding the current shape.
00439590	PLATE	Thunk that loads selector value 1 into EAX and tail-jumps to the shared axis-mode handler at 0x004047b0 with the caller's object pointer.
004395a0	PLATE	Thunk that loads axis-mode selector 2 and the editor object from the stack argument before tail-calling the shared axis-mode handler at 0x004047b0.
004395f0	PLATE	Lazily constructs and registers the Object Editor major mode under hotkey 0x6f.
0043961b	EOL	Singleton is null; allocate and register the major mode.
0043963e	EOL	Store null after allocation failure.
00439664	EOL	Return the existing or newly registered major mode.
00439680	PLATE	Initializes the object editor UI root, major mode, screen hook, and texture lists.
004396c6	EOL	Root widget allocation failed.
0043971d	EOL	Refresh mode 4 if the editor screen mode is already active.
00439727	EOL	Install the screen hook callback and initialize texture lists.
00439750	PLATE	Constructs an object-editor mode instance and builds its category/menu UI.
004397dd	EOL	Main menu widget allocation returned null.
00439819	EOL	Category stack allocation returned null.
0043982b	EOL	Create the Geometry menu and register it.
004398dc	EOL	Build the Add/Delete locus submenu.
00439953	EOL	Add Import, Save All, and Load All commands.
004399bd	EOL	Attach the titled Categories frame to the mode.
00439a00	PLATE	Allocates a scaled UI frame used as an object-editor menu/category panel.
00439a55	EOL	Menu frame allocation failed.
00439a57	EOL	Size the frame by the UI scale shift.
00439aa0	PLATE	Wraps a menu view in a titled MapFrame and marks it visible for editor category use.
00439af3	EOL	MapFrame allocation failed.
00439b26	EOL	Duplicate and assign the title string.
00439b38	EOL	Null title path.
00439b70	PLATE	Builds the Geometry menu frame and registers object, vertex, and face editing commands.
00439bc3	EOL	Add object scale and center commands.
00439c0e	EOL	Add vertex and face editing commands.
00439c59	EOL	Wrap the menu frame with the Geometry title.
00439c70	PLATE	Builds the object-editor Views menu and registers viewport-orientation commands.
00439d10	PLATE	Builds the object-editor Axes menu and registers axis-lock commands.
00439da0	PLATE	Builds the object-editor Textures menu and registers face texture and texture-coordinate commands.
00439e10	PLATE	Initializes object-editor runtime state, status outputs, view controls, key bindings, and the default shape library.
00439e3e	EOL	Allocate the object-editor selection list containers.
00439eae	EOL	Initialize runtime flags, scale fields, and visibility toggles.
00439ef6	EOL	Construct the owned debug-output list.
00439f54	EOL	Construct the status-message output list.
00439fb2	EOL	Construct the measurement/debug output list.
0043a009	EOL	Create the view-control state block.
0043a037	EOL	Allocate and begin populating the key-binding table.
0043a080	EOL	Bind the zoom-in view-control flag.
0043a0ce	EOL	Bind the zoom-out view-control flag.
0043a11c	EOL	Bind rotation control flags into the key table.
0043a240	EOL	Bind the extra-overlay toggle flag.
0043a282	EOL	Bind the import/texture-preserve toggle flag.
0043a2c3	EOL	Load the default shapes library.
0043a2cd	EOL	Initialize shape scale defaults and global import state.
0043a300	PLATE	Reads the next nonblank, noncomment line from a shape text file.
0043a330	PLATE	Parses one XYZ vertex line into an allocated three-float vertex record.
0043a3a0	PLATE	Parses one face index line and creates a face record pointing at existing vertices.
0043a4a0	PLATE	Pads imported faces with zero UV triplets until their texture-coordinate count matches the vertex count.
0043a4c0	EOL	Visit each face while padding missing UV entries.
0043a4e0	EOL	Append one zeroed UV triplet to the face.
0043a545	EOL	Advance to the next face after padding.
0043a570	PLATE	Appends one facetex UV triplet to the selected imported face when the face index is valid.
0043a5f0	PLATE	Parses a material header, extracts its texture name/count, and resolves it to a texture index.
0043a600	EOL	Measure the material header prefix before comparing.
0043a628	EOL	Copy the quoted material name into the scratch buffer.
0043a660	EOL	Trim double-space suffixes from imported material names.
0043a676	EOL	Parse the material face-count field.
0043a6a0	EOL	Resolve the imported material name to a texture index.
0043a6d0	PLATE	Loads a text shape file with vertices, faces, materials, and facetex UV blocks into an editable shape record.
0043a720	EOL	Clear queued import/status messages before loading.
0043a73c	EOL	Open the shape text file for reading.
0043a795	EOL	Read and validate the vertices-count header.
0043a7c6	EOL	Read, skip comments, parse, and append each vertex line.
0043a810	EOL	Read and validate the faces-count header.
0043a860	EOL	Read, parse, and append each face line.
0043a8b4	EOL	Read the next material or facetex header line.
0043a90a	EOL	Queue an import warning when a texture name cannot be resolved.
0043a980	EOL	Read material onface assignments and stamp the texture id onto faces.
0043aa0d	EOL	Start parsing facetex UV sections after materials.
0043aa20	EOL	Read the next facetex header line, skipping comments/blanks.
0043aa94	EOL	Read three UV coordinate lines for one facetex entry.
0043ab1f	EOL	Pad missing UVs, close the file, and return the imported shape.
0043ab39	EOL	Return null after an import parse/open failure.
0043ab70	PLATE	Fetches list entry param_2 from the manager at [param_1+0x30] and, if the entry is not yet activated (offset 0x20 is zero), invokes its owner's vtable activation method and marks the entry active by setting offset 0x28 to 1.
0043abb0	PLATE	Clamps normalized scrollbar position/page size to [0,1] and updates edge/overflow flags.
0043abcb	EOL	Position plus page size exceeds the normalized range.
0043abf4	EOL	Page size exceeds the full range; clamp position to zero.
0043ac00	EOL	Scrollbar range fits; clear the overflow flag.
0043ac06	EOL	Compare position against zero for at-start state.
0043ac19	EOL	Position is nonzero; clear at-start flag.
0043ac20	PLATE	Converts a cursor fraction into scrollbar position by subtracting half the page size, then clamps.
0043ac46	EOL	Computed thumb-center position is below zero.
0043ac50	EOL	Clamp the computed normalized scrollbar position.
0043ac60	PLATE	Constructs a Scrollbar widget with base item fields, normalized track state, and default palette colors.
0043ac6c	EOL	Set Scrollbar vtable and base widget fields.
0043ac91	EOL	Initialize normalized position, page size, and state flags.
0043acb4	EOL	Derive default scrollbar shade bytes from the palette.
0043ad00	PLATE	Stores the scrollbar palette index and derives thumb/track color bytes from that palette entry.
0043ad20	EOL	Correct negative palette intensity before scaling.
0043ad26	EOL	Compute the first scrollbar shade byte.
0043ad64	EOL	Correct negative palette intensity for the second shade.
0043ad6a	EOL	Compute the second scrollbar shade byte.
0043adb0	PLATE	Switches the scrollbar into its active/highlight draw-color state.
0043adc0	PLATE	Draws the scrollbar track and thumb, updating drag position first when dragging is active.
0043adcf	EOL	Refresh thumb position from the mouse while dragging.
0043adda	EOL	Use active/highlight scrollbar colors.
0043adea	EOL	Use idle scrollbar colors.
0043adf8	EOL	Draw the full scrollbar track rectangle.
0043aea0	EOL	Cap the thumb end at the track bottom.
0043aea8	EOL	Draw the scrollbar thumb rectangle.
0043af10	PLATE	If mouse capture is still active, converts current mouse Y into a normalized thumb position.
0043af1c	EOL	Mouse capture ended; clear dragging flag.
0043af24	EOL	Avoid division when the track has no height.
0043af2a	EOL	Read current mouse position for drag update.
0043af74	EOL	Leave scrollbar state unchanged.
0043af80	PLATE	Consumes a scrollbar input event and starts dragging on event type 1, action/button 5.
0043af89	EOL	Require scrollbar drag action/button code 5.
0043af8f	EOL	Set dragging flag for the scrollbar.
0043af93	EOL	Return event consumed.
0043afa0	PLATE	Lays out a left/right two-child package by assigning one fixed width and the other remaining width.
0043afaa	EOL	Require a second child before left/right layout.
0043afb1	EOL	Choose which side keeps the fixed width.
0043afb9	EOL	Left child keeps its fixed width.
0043afc7	EOL	Right child keeps its fixed width.
0043afd3	EOL	Apply computed bounds to both children.
0043b004	EOL	No child layout was needed.
0043b010	PLATE	Removes a child from a two-child package, clearing pair slots and unlinking from the child list.
0043b01d	EOL	Removed child was the first pair slot.
0043b029	EOL	Removed child was the second pair slot.
0043b030	EOL	Clear child parent/list membership before unlink.
0043b043	EOL	Remove the child node from the package list.
0043b050	PLATE	Reflows a two-child package when dirty, then draws each child.
0043b05a	EOL	Reflow children if the package dirty flag is set.
0043b061	EOL	Draw the first child widget.
0043b076	EOL	Draw the second child widget.
0043b087	EOL	Return after drawing available children.
0043b090	PLATE	Marks a left/right or top/bottom package for reflow before the next draw.
0043b0a0	PLATE	Sets base widget bounds and immediately reflows the package children.
0043b0b9	EOL	Set base package bounds.
0043b0be	EOL	Dispatch the package reflow slot.
0043b0d0	PLATE	Lays out a top/bottom two-child package by assigning one fixed height and the other remaining height.
0043b0da	EOL	Require a second child before top/bottom layout.
0043b0e1	EOL	Choose which side keeps the fixed height.
0043b0e9	EOL	Top child keeps its fixed height.
0043b0f7	EOL	Bottom child keeps its fixed height.
0043b103	EOL	Apply computed bounds to both top/bottom children.
0043b134	EOL	No top/bottom child layout was needed.
0043b140	PLATE	Removes a child from an unstructured package and marks the aggregate bounds dirty.
0043b15b	EOL	Unlink child from the unstructured package list.
0043b161	EOL	Mark aggregate bounds dirty after removal.
0043b170	PLATE	Adds a child to an unstructured package and marks its aggregate bounds dirty.
0043b178	EOL	Add child to the unstructured package child list.
0043b17d	EOL	Mark aggregate bounds dirty after add.
0043b190	PLATE	If enabled, refreshes dirty aggregate bounds and draws all children.
0043b199	EOL	Check whether aggregate bounds must be recomputed.
0043b19f	EOL	Refresh unstructured package bounds.
0043b1a5	EOL	Draw all child widgets.
0043b1b3	EOL	Skip drawing when the package is hidden.
0043b1c0	PLATE	Marks an unstructured package so its bounding rectangle is recomputed before drawing.
0043b1d0	PLATE	Recomputes the package rectangle as the union of child bounds and clears the dirty flag.
0043b1e3	EOL	Handle the empty child-list path.
0043b200	EOL	Read one child widget's bounds through its vtable.
0043b23e	EOL	Seed the union rectangle from the first child.
0043b24c	EOL	Expand the union rectangle with another child.
0043b270	EOL	Advance to the next child node.
0043b27d	EOL	Apply the final union bounds to the package.
0043b2a6	EOL	Set zero-size bounds for an empty package.
0043b2d0	PLATE	Moves a package to a new origin, offsets all children by the same delta, and notifies the parent on change.
0043b2e8	EOL	Compute new-origin minus old-origin delta.
0043b301	EOL	Offset the next child by the package move delta.
0043b34e	EOL	Store the package's new origin.
0043b367	EOL	Origin changed; mark for parent notification.
0043b374	EOL	Notify parent widget about the move/update.
0043b391	EOL	No change or notification complete.
0043b3a0	PLATE	Initializes an Empty_Mode widget with default bounds, renderer/context, vtable, and title string.
0043b3e0	PLATE	Clears the mode viewport and draws centered 3MACS EMPTY MODE placeholder text.
0043b410	EOL	Measure placeholder title length for centering.
0043b425	EOL	Measure placeholder title length for the draw call.
0043b480	PLATE	Allocates a new Empty_Mode using the source mode renderer/context.
0043b493	EOL	Allocation succeeded; initialize the cloned Empty_Mode.
0043b4cf	EOL	Return null when Empty_Mode clone allocation fails.
0043b4e0	PLATE	Allocates a 0x30-byte Empty Mode object, initializes its fields to defaults and installs the Empty_Mode vftable plus the "Empty Mode" name string, returning the new object or null on allocation failure.
0043b540	PLATE	Routes a keyboard key-down event to the active map handler, then to the chat input box for printable or special keys, and finally to the general input dispatcher, returning whether the event was consumed.
0043b5c0	PLATE	Routes a keyboard key-up event through the map key-up handler and the general input dispatcher, updating axis controls for the relevant key codes, and reports whether the event was consumed.
0043b600	PLATE	Finds a registered mode object, stores it as the pending/current target, and invokes its activation callback if present.
0043b610	EOL	Scan the registered navigation mode list.
0043b61e	EOL	Matched the requested navigation mode object.
0043b62f	EOL	Leaving team-select clears the team tab latch.
0043b642	EOL	Invoke the registered activation callback if present.
0043b650	PLATE	Chooses team-select or entry-select mode based on team state, updates nav tab state, refreshes text, and clears nav latches.
0043b65b	EOL	No team selected; switch to team-select mode.
0043b675	EOL	Team selected; switch to entry-select mode.
0043b68f	EOL	Flush/refresh after the mode switch and reset nav flags.
0043b6c0	PLATE	Allocates a nav mode screen, installs common callbacks, runs its builder, and appends it to the mode registry.
0043b6fb	EOL	Construct the nav mode object after allocation.
0043b703	EOL	Mode allocation failed; use null mode object.
0043b705	EOL	Install common draw/input callbacks on the mode screen.
0043b744	EOL	Run the per-screen builder callback.
0043b74f	EOL	Append the mode and activation callback to the registry.
0043b780	PLATE	Initializes the nav command filter list and builds/registers all client UI mode screens.
0043b7b1	EOL	Create the nav command filter list once.
0043b7d6	EOL	Add battlefield, message, menu, and cursor command filters.
0043b88f	EOL	Begin registering client UI mode screens.
0043b894	EOL	Register the team-select mode.
0043b8b0	EOL	Register the map/entry-select mode.
0043b8cc	EOL	Register the player-stats mode.
0043b91a	EOL	Register the unit-briefing mode.
0043b960	PLATE	Static-initializer helper that allocates a list object and stores it through ESI.
0043b99b	EOL	List allocation succeeded; construct/store it.
0043b9b6	EOL	List allocation failed; store null.
0043b9d0	PLATE	Static destructor for nav UI message lists; frees each message record/string and destroys the list slot.
0043b9e0	EOL	Walk each nav UI message record.
0043b9f0	EOL	Free the duplicated message text.
0043b9f9	EOL	Free the message record payload.
0043ba0f	EOL	Destroy and free the list object.
0043ba30	PLATE	Delayed Switch_Screen callback that advances the nav tab when still on team-select and the switch latch is set.
0043ba46	EOL	Advance the nav tab after the delay.
0043ba4b	EOL	No delayed switch is needed.
0043ba50	PLATE	Cancels any existing Switch_Screen and schedules a new 5000 ms delayed tab-switch callback.
0043ba7b	EOL	Cancel the previous Switch_Screen instance.
0043ba9b	EOL	Construct the Switch_Screen timer object.
0043baaa	EOL	Timer object allocation failed.
0043baac	EOL	Schedule the 5000 ms delayed switch callback.
0043bae0	PLATE	Frees queued peek/debug output line strings and clears the output list after a frame.
0043baf0	EOL	Free each queued debug/peek output line.
0043bb05	EOL	Reset the debug/peek output list.
0043bb10	PLATE	When peek debug output is enabled, draws queued lines at x=150 starting at y=60.
0043bb19	EOL	Load the first queued debug/peek line.
0043bb31	EOL	Draw one queued debug/peek output line.
0043bb40	EOL	Count characters for the debug/peek draw call.
0043bb7c	EOL	Return after drawing debug/peek output.
0043bb90	PLATE	Cyclically advances the global flip index DAT_00678060 (toggling between two slots) and updates global pointer DAT_0067808c from the table at DAT_00577f50 using the new index.
0043bbc0	PLATE	Allocates and initializes the shared scrolling text panel used by stats/resources/briefing screens.
0043bc02	EOL	Construct the allocated shared text panel.
0043bc1a	EOL	Store null when shared text panel allocation fails.
0043bc30	PLATE	Caches and renders player-stats status/result text into the scrolling text panel when text or timing changes.
0043bc47	EOL	Compare new status text with cached text.
0043bc70	EOL	Mark player-stats text dirty for rebuild.
0043bc72	EOL	Compare cached state and timing fields.
0043bcb0	EOL	Clear and rebuild wrapped text in the status panel.
0043bce0	PLATE	Looks up an entry-select message by code, rebuilds the rich-text document, and shows the message widget.
0043bcf0	EOL	Scan entry-select message records for the requested code.
0043bcfd	EOL	Use fallback text for an undefined message code.
0043bd16	EOL	Dispose the previous rich-text document.
0043bd24	EOL	Reset the widget and rebuild the rich-text document.
0043bd51	EOL	Use the matched message string.
0043bd60	PLATE	Advances or clears timed entry-select wait messages and refreshes the displayed message when state changes.
0043bd73	EOL	Current entry-select message is a wait message.
0043bd7d	EOL	Clear an expired wait message.
0043bd97	EOL	Start or maintain the wait message state.
0043bdb4	EOL	Skip refresh when displayed state is unchanged.
0043bdc0	EOL	Commit new message state and refresh the widget.
0043bde0	PLATE	Clamps a float x/y point so a marker with the given radius stays inside an integer map rectangle.
0043be0f	EOL	Clamp x to the left margin plus marker radius.
0043be3d	EOL	Clamp x to the right margin minus marker radius.
0043be6c	EOL	Clamp y to the top margin plus marker radius.
0043be9c	EOL	Clamp y to the bottom margin minus marker radius.
0043beb0	PLATE	Handles entry-select map input: updates nearest entry hover state and confirms selection on button event 5.
0043bec3	EOL	Update nearest entry hover state from cursor input.
0043bedf	EOL	Check for confirm button/action code 5.
0043bee5	EOL	Return false for unhandled map input.
0043beeb	EOL	Confirm the currently selected entry.
0043bf00	PLATE	Draws a textured rectangle for the entry-select map using four projected vertices.
0043bf00	EOL	Build and draw the four-vertex textured map rectangle.
0043c020	PLATE	Projects an object's world X/Z position into the current map widget screen rectangle.
0043c090	PLATE	Scans entry markers and returns the nearest entry id under the cursor threshold, or -1 when none match.
0043c090	EOL	Entry point for nearest entry-marker lookup.
0043c0a9	EOL	No entry marker list is available.
0043c0c1	EOL	Measure distance from cursor to one entry marker.
0043c10b	EOL	Accept this marker as the nearest entry so far.
0043c200	PLATE	Requests spawning at the current entry when the selected vehicle entry is valid and ready.
0043c200	EOL	Request spawn at the current selected entry.
0043c20f	EOL	Selected entry differs from vehicle entry; queue wait message.
0043c225	EOL	Play local feedback before sending the spawn request.
0043c260	PLATE	Switches side if needed, then requests spawning at that side's selected entry when valid and ready.
0043c260	EOL	Request spawn at an entry after switching side if needed.
0043c26a	EOL	Send side-change command before requesting entry.
0043c282	EOL	Side entry does not match selected entry; queue wait message.
0043c2d0	PLATE	Validates entry-select state, updates wait/error messages, and dispatches the selected entry spawn request.
0043c2d0	EOL	Validate and confirm the clicked entry selection.
0043c2dc	EOL	Construction timeout blocks entry selection.
0043c309	EOL	Already in vehicle/spectator path; use direct request handling.
0043c32c	EOL	No team is selected; queue team-required message.
0043c34a	EOL	Scan entry list for a matching selected vehicle entry.
0043c37e	EOL	Dispatch request using side-specific or current-entry path.
0043c3c1	EOL	Fallback to current-entry request from confirm flow.
0043c3c9	EOL	No matching entry was found; queue unavailable message.
0043c3d0	PLATE	Chooses the entry-map marker texture and marker size based on team, selected side, and highlight state.
0043c43a	EOL	Use larger highlighted marker size.
0043c462	EOL	Use neutral/grey marker texture path.
0043c490	PLATE	Draws the command-map region for the map widget fallback path.
0043c4e0	PLATE	Draws the entry-select map background plus entry markers and active command-map fallback when the full map is disabled.
0043c4e0	EOL	Entry point for drawing the entry-select map widget.
0043c51a	EOL	Register the map dirty region on first draw.
0043c5db	EOL	Choose the map background texture for the current map mode.
0043c62c	EOL	Loop over entry markers and draw visible/selected entries.
0043c6cf	EOL	Draw one entry icon at projected map coordinates.
0043c6fd	EOL	Loop over live unit/object markers for overlay drawing.
0043c7fb	EOL	Draw one unit marker after clamping it inside the map rect.
0043c84f	EOL	Full map disabled; draw command-map fallback region.
0043c860	PLATE	Formats and stores the player-stats table header line for the shared text panel.
0043c8b0	PLATE	Rebuilds formatted player-stat rows with team coloring and kill/kudos/ratio columns.
0043c8d0	EOL	Loop over player records while rebuilding stat rows.
0043c97f	EOL	Use red-team color table for this player row.
0043c9ca	EOL	Apply the selected team color to the row.
0043ca21	EOL	Use integer ratio formatting for low/zero ratio values.
0043caf0	EOL	Use floating ratio formatting for higher ratio values.
0043cb90	PLATE	Compares the cached player-list version DAT_006821fc against the current version at [DAT_00678390+0x1c] and, if they differ, rebuilds the player rows and updates the cached version.
0043cb90	EOL	Advance to the next player stat row.
0043cbc0	PLATE	Refreshes the entry-screen timed status message and then invokes the active UI manager's virtual render method to draw the current frame.
0043cbe0	PLATE	Draws the construction-timeout label and remaining countdown text for locked entry vehicles.
0043cdb0	PLATE	Draws the selected entry vehicle stats text block for the active vehicle class.
0043ce60	PLATE	Draws the selected entry vehicle preview, name, stats, and construction-timeout overlay inside its dirty region.
0043cf62	EOL	Dirty region was already initialized; continue drawing.
0043cf72	EOL	Selected vehicle is still under construction; draw timeout text and return.
0043cf8c	EOL	No active vehicle selection skips preview rendering.
0043cfb9	EOL	Cached preview model is stale; release it before reloading.
0043cfcf	EOL	Create the model cache for the selected vehicle/team table entry.
0043d038	EOL	Render the selected vehicle model in the preview region.
0043d0e2	EOL	Draw the selected vehicle name centered below the preview.
0043d198	EOL	Draw the vehicle stats text block after the preview name.
0043d19d	EOL	Restore SEH and return from the preview draw callback.
0043d1b0	PLATE	Draws the selected-vehicle preview icon by calling the renderer vtable method at [DAT_00677e54+0x74] with the four fields of param_1 and the constant icon/style code 0x13.
0043d1e0	PLATE	Draws left/right selection arrow strips beside the active entry UI panel.
0043d2b0	PLATE	Initializes static entry-screen layout rectangles, callbacks, and widget descriptor globals.
0043d550	PLATE	Loads entry-screen skeleton resources and texture ids, then builds the navigation menu.
0043d55d	EOL	Load entry, blank, switch-team, units, and squads skeleton resources.
0043d5bd	EOL	Resolve the entry grid texture id.
0043d5db	EOL	Resolve red and blue team crest texture ids.
0043d67f	EOL	Resolve team flag, glow, dim, and grey flag texture ids.
0043d819	EOL	Resolve left-button normal and pressed texture ids.
0043d8bd	EOL	Resolve right-button normal and pressed texture ids.
0043d8e6	EOL	Build the entry-screen navigation menu from loaded descriptors.
0043d910	PLATE	Builds the entry-select UI screen: map widget, prompt messages, message panel, stats list, and lit select button.
0043d994	EOL	Construct the hidden entry-select map widget.
0043da36	EOL	Add default prompt message code -1.
0043da68	EOL	Add wrong-base prompt message code 1.
0043da9e	EOL	Add no-pads prompt message code 2.
0043db7f	EOL	Create the prompt rich-text message panel.
0043dc99	EOL	Build the convex lit entry select button.
0043dd50	PLATE	Draws the shared entry/statistics backdrop sprite at the origin after setting the bottom draw line.
0043dd50	EOL	Compute backdrop y from DAT_005dda8c font metrics.
0043dd75	EOL	Draw DAT_0067807c backdrop sprite at 0,0.
0043dda0	PLATE	Renders one entry-screen frame: selects the main scene pane, clears the backdrop, walks the render-object list at DAT_00678e38 invoking each entry's draw method, then blits the result and draws the HUD talking lights and status overlay.
0043de90	PLATE	Shows or hides the entry-select map widget when the map panel mode toggles.
0043dea0	EOL	Attach map widget to entry mode if it is hidden.
0043dec4	EOL	Remove/deactivate the map widget when hiding.
0043dee6	EOL	Exit when requested visibility is already satisfied.
0043def0	PLATE	Wrapper that resets the entry-select screen message by invoking EntrySelect_SetMessageByCode with a code of -1.
0043df00	PLATE	Refreshes entry-select activation state, resets the default prompt, and ensures the map widget is visible.
0043df0a	EOL	Refresh the mode-2 timer/map countdown.
0043df23	EOL	Show the default entry prompt code -1.
0043df3a	EOL	Re-add the hidden map widget to the mode.
0043df60	PLATE	Samples the ratio between server snapshot time and local clock deltas and records it to metric channel 8.
0043df89	EOL	Restart the 10 second wait after state changes.
0043dfa8	EOL	Throttle clock-ratio sampling by the sample timer.
0043e01a	EOL	Save baseline server and local tick values.
0043e031	EOL	Compute server-snapshot versus local-clock delta ratio.
0043e082	EOL	Emit the computed ratio to metric channel 8.
0043e0b0	PLATE	Examines the code at offset 0x10 of the passed event structure and, if it is 12, 13, or 0x20, calls App_ExitGracefully(2,0) to begin shutdown, always returning 1.
0043e0e0	PLATE	Sets the global shutdown-request flag at 0x67805d to 1 and copies the global value at 0x5e78f0 into 0x677fa0.
0043e100	PLATE	Tiles the brown/20 border animation and draws the fatal screen's outer and inner outlines.
0043e132	EOL	Perform one-time brown/20 texture lookup.
0043e194	EOL	Advance the animated border sprite frame.
0043e1b0	EOL	Draw repeated border strips around the screen.
0043e248	EOL	Draw the full-screen outer outline.
0043e304	EOL	Draw the inset 8 pixel inner outline.
0043e3e0	PLATE	When fatal text mode is active, frees old markup state and rebuilds the fatal body rich-text document.
0043e3ec	EOL	Clear the widget's current rendered document.
0043e400	EOL	Free the panel-owned markup block.
0043e428	EOL	Free the global fatal document markup.
0043e438	EOL	Create the fatal body rich-text document.
0043e455	EOL	Skip rebuild when fatal text mode is inactive.
0043e460	PLATE	Draws the fatal/error screen body, animated border, and centered title.
0043e465	EOL	Rebuild fatal markup before drawing.
0043e4c4	EOL	Render the scrolling fatal body widget.
0043e4e0	EOL	Draw the animated fatal border frame.
0043e4ef	EOL	Fall back to the default fatal title string.
0043e509	EOL	Measure and draw the centered fatal title.
0043e550	PLATE	Lazily creates and sizes the fatal screen's rich-text body widget.
0043e581	EOL	Allocate the fatal body text widget.
0043e59e	EOL	Construct the fatal rich-text panel object.
0043e5c0	EOL	Set fatal body widget screen-relative bounds.
0043e5f1	EOL	Bind fatal font and line-height state.
0043e60d	EOL	Derive the fatal text vertical baseline metric.
0043e670	PLATE	Registers fatal screen mode 12, assigns its draw/input callbacks, and creates the body widget.
0043e694	EOL	Install the mode-12 fatal screen descriptor.
0043e6bc	EOL	Refresh the active fatal mode if already selected.
0043e6e7	EOL	Create the fatal screen root object.
0043e70c	EOL	Assign the fatal screen draw callback.
0043e732	EOL	Ensure the fatal body child widget exists.
0043e750	PLATE	Sets the fatal screen title/body to the UDP-blocked network condition message.
0043e759	EOL	Free the previous fatal title string.
0043e76b	EOL	Free the previous fatal body string.
0043e774	EOL	Duplicate UDP-blocked title/body strings and mark active.
0043e7a0	PLATE	Constructs a Frame named 3macs Frame, attaches it to the parent mode, and allocates its backing region record.
0043e7cb	EOL	Initialize common Frame state fields.
0043e806	EOL	Set Frame vtable pointer and 3macs Frame name.
0043e841	EOL	Attach this frame to the parent root list.
0043e866	EOL	Allocate the 0x3c backing region record.
0043e8ac	EOL	Register backing region in DAT_00678cf0.
0043e8e0	PLATE	Destroys a 3macs Frame pane and then runs the base Frame destructor.
0043e906	EOL	Restore base Frame vtable before teardown.
0043e91a	EOL	Run frame-specific owned cleanup.
0043e929	EOL	Run final base Frame cleanup.
0043e950	PLATE	Detaches the current child content, removes it from the UI list if needed, and attaches a new child.
0043e95b	EOL	Detach old child content through its vfunc.
0043e96e	EOL	Remove old content from the child list node.
0043e993	EOL	Attach and store the new child content.
0043e9b0	PLATE	Resizes the pane and recomputes the inner content viewport and scroll extents using frame margins.
0043e9ca	EOL	Forward resized bounds to the base Frame.
0043e9cf	EOL	Load margins and content viewport fields.
0043e9e8	EOL	Update inner viewport origin, size, extents, and cursor.
0043ea20	PLATE	Handles the key after Ctrl+X: maximize, split pane, or instantiate a registered content mode.
0043ea31	EOL	Ctrl-X 1 keeps only this pane.
0043ea48	EOL	Ctrl-X 2 splits pane horizontally.
0043ea60	EOL	Ctrl-X 3 splits pane vertically.
0043ea71	EOL	Lookup a registered content-mode factory by key.
0043eaa2	EOL	Create the selected content mode and attach it.
0043ead0	PLATE	Captures Ctrl+X command entry or forwards input to the current child content.
0043ead8	EOL	Dispatch key while Ctrl-X command mode is armed.
0043eae6	EOL	Check for Ctrl+X key press.
0043eafe	EOL	Arm waiting-for-command flag.
0043eb06	EOL	Forward input to current child content.
0043eb20	PLATE	Draws the pane chrome/title and the optional Ctrl+X prompt overlay.
0043eb38	EOL	Draw the pane border tiles.
0043ebda	EOL	Draw the pane caption centered in the frame.
0043ec2b	EOL	Only draw prompt while Ctrl-X command mode is armed.
0043ec40	EOL	Measure C-x prompt text.
0043ec5f	EOL	Draw C-x prompt near the pane caption.
0043ec90	PLATE	Resolves a help binding token to display text, or formats an unknown-token placeholder.
0043ecc0	EOL	Compare token against the help binding table.
0043eceb	EOL	Advance to the next key/display pair.
0043ecf9	EOL	Format an unknown binding token placeholder.
0043ed64	EOL	Return the mapped binding display string.
0043ed80	PLATE	Copies help text while replacing binding-token markup with resolved key text.
0043edd3	EOL	Scan the next source help-text character.
0043ede4	EOL	Close a binding token after seeing greater-than.
0043edf3	EOL	Resolve and copy a binding token expansion.
0043ee1f	EOL	Open a binding token after seeing less-than.
0043ee3a	EOL	Duplicate the expanded help text and clean up.
0043ee90	PLATE	Installs startup callbacks that parse -server/-port and perform the initial network connection.
0043ee9d	EOL	Install command-line arg parser callback.
0043eec0	EOL	Install initial connection callback.
0043eee0	PLATE	Parses the server hostname (defaulting to "localhost") and port (defaulting to 0xa43) from command-line arguments and builds the "user@host" connection identity string into the global server connection state.
0043eee0	EOL	Parse -server and -port startup arguments.
0043ef33	EOL	Use localhost as the default startup server.
0043eff0	PLATE	Sets the connecting-busy flag, attempts to connect to the configured startup server, and on success marks the connected state and switches the screen to mode 3.
0043eff0	EOL	Attempt initial startup connection and switch mode.
0043f030	PLATE	Converts a quaternion to Euler angles through a temporary rotation matrix.
0043f03c	EOL	Copy quaternion floats to temporary storage.
0043f055	EOL	Build a rotation matrix from the quaternion.
0043f061	EOL	Extract Euler angles from the temporary matrix.
0043f080	PLATE	Bubble-sorts profiler row pointers descending by the double metric at row offset +8.
0043f0a2	EOL	Start a profiler row sort pass.
0043f0c4	EOL	Compare and swap four adjacent profiler rows.
0043f13c	EOL	Compare and swap remaining profiler rows.
0043f172	EOL	Repeat sort while a swap occurred.
0043f1a0	PLATE	Starts a transient hit tint from an intensity-scaled color back to white.
0043f1a0	EOL	Skip transient flash when a locked tint is active.
0043f1c4	EOL	Set transient fade state and start tick.
0043f1dd	EOL	Compute intensity-scaled source RGB.
0043f20b	EOL	Target color is white.
0043f220	PLATE	Starts a persistent locked screen tint fade from white to configured RGB.
0043f220	EOL	Start locked tint from white source RGB.
0043f241	EOL	Set persistent locked tint state.
0043f24b	EOL	Load configured target RGB values.
0043f25c	EOL	Set locked tint end tick from duration.
0043f280	PLATE	Advances the active hit or locked tint and applies RGB through the renderer.
0043f28a	EOL	Return when tint state is idle.
0043f2b4	EOL	Compute elapsed fraction of the active fade.
0043f2e3	EOL	Interpolate source to target RGB.
0043f342	EOL	Apply RGB tint through renderer state.
0043f351	EOL	Restore white and mark transient fade idle.
0043f380	PLATE	Lazily allocates the pending action-update list used by action network synchronization.
0043f3a1	EOL	Skip allocation when pending list already exists.
0043f3aa	EOL	Allocate pending action list header.
0043f3c4	EOL	Construct the pending action list object.
0043f3e0	EOL	Store null after list allocation failure.
0043f400	PLATE	Sets an analog action value, with special throttle reset handling for guarded channels 2 and 4.
0043f404	EOL	Special guard applies only to channels 2 and 4.
0043f40e	EOL	Load prior queued/sent action value.
0043f439	EOL	Guarded reset only applies from zero prior value.
0043f460	EOL	Reset throttle slider to zero.
0043f480	EOL	Fall through to the normal action value setter.
0043f490	PLATE	Resets action slots, frees pending action updates, clears action queues, and notifies the controller.
0043f490	EOL	Reset each action slot.
0043f49f	EOL	Free pending action update nodes.
0043f4c2	EOL	Destroy the pending action list header.
0043f4c7	EOL	Clear queued action buckets.
0043f4cc	EOL	Notify controller about action subsystem reset.
0043f4e0	PLATE	Returns the current interpolated camera zoom scale between base and target zoom values.
0043f500	PLATE	Updates projection scale and target-lock zoom effects when the normalized zoom state changes.
0043f500	EOL	Refresh projection and target effect for the current zoom state.
0043f51d	EOL	Look for an existing zoom target effect to refresh/remove.
0043f59f	EOL	Spawn a new target zoom effect when zoom is active.
0043f5f0	PLATE	Plays camera zoom transition sounds when entering or leaving zoom states, then snapshots the zoom latch.
0043f5f0	EOL	Check zoom latch changes and play transition audio.
0043f61b	EOL	Play the zoom-enable or zoom-disable transition sound.
0043f64b	EOL	Snapshot current zoom latch and direction delta.
0043f670	PLATE	Clamps and stores normalized camera zoom, marks it dirty, and refreshes zoom effects.
0043f670	EOL	Store and clamp the requested normalized zoom value.
0043f68a	EOL	Clamp zoom to the configured minimum.
0043f6b0	EOL	Clamp zoom to the configured maximum.
0043f6f0	PLATE	Computes the displayed camera zoom ratio from current and reference projection scales.
0043f750	PLATE	Draws the HUD zoom overlay, including zoom ratio text and background box, when camera zoom is active.
0043f750	EOL	Entry point for drawing zoom HUD overlay.
0043f780	EOL	Apply a pending zoom-state change before drawing.
0043f7b5	EOL	Format the displayed Zoom: Nx text.
0043f84e	EOL	Draw the overlay background and border box.
0043f8b9	EOL	Draw the zoom ratio text over the box.
0043f930	PLATE	Clears per-frame renderer, simulation, and client performance counters before the next profiling interval.
0043f9f0	PLATE	Clears accumulated self and hierarchical timing fields for all registered core profiler rows.
0043fa60	PLATE	Updates frame timing/profiler metrics and queues formatted debug/performance lines into the overlay output.
0043fa60	EOL	Entry point for frame timing and debug overlay update.
0043fab8	EOL	Lazily create the debug output panel.
0043fb52	EOL	Skip overlay work until debug/perf display is enabled.
0043fc5b	EOL	Append frame counter, sine, FPS, and network-rate lines.
00440015	EOL	Append renderer polygon/abort counter line.
004401bc	EOL	Append core total rows over threshold.
0044024d	EOL	Append and reset mipmap comparison statistics.
0044032f	EOL	Sum profiler row totals before computing percentages.
004404ff	EOL	Sort profiler rows by self percentage.
00440517	EOL	Append visible profiler rows to the debug output.
00440601	EOL	Update the debug output timer object after queuing lines.
00440680	PLATE	Builds the desired chase-camera position and orientation target from the active object and camera mode.
00440680	EOL	Build desired chase camera target pose.
004406b7	EOL	Use direct object-provided camera pose mode.
004406d7	EOL	Use rotated chase offset behind the object.
004407af	EOL	Use simple chase offset for default camera mode.
00440850	PLATE	Smooths the chase camera toward the target pose, clamps terrain height, and outputs camera position and Euler angles.
00440850	EOL	Entry point for smoothed chase camera update.
0044088a	EOL	Compute frame blend factor from elapsed ticks.
004408af	EOL	Build the current target chase pose.
0044091a	EOL	Raise the camera above terrain collision height.
004409e3	EOL	Choose the shorter orientation interpolation path.
00440a74	EOL	Accept and store the smoothed camera pose.
00440ad2	EOL	Fallback to previous camera pose when the result is invalid.
00440b90	PLATE	Resolve current camera position/angles from fixed, chase, or entity-attached modes and mirror them into view globals.
00440ba7	EOL	Use mode 3 fixed pose copied from DAT_006785e8..fc.
00440bd4	EOL	For modes 1 and 2, update the smoothed chase pose.
00440c08	EOL	Derive camera pose from the active entity/model offset.
00440ca7	EOL	Write resolved pose to view globals and history copies.
00440d20	PLATE	Store supplied camera origin and angles into the current mirrored view-pose globals.
00440d3b	EOL	Store view angles into DAT_00678fb8/bc/c0 and mirrors.
00440d61	EOL	Store view origin into DAT_00678fa0/a4/a8 and mirrors.
00440d90	PLATE	Update local action controls, send queued ACTION_UPDATE or periodic/forced ACTION_DUMP, then free the action delta queue.
00440d98	EOL	Skip network action flush unless world and player exist.
00440dae	EOL	Run spin/controller update before network action send.
00440dd8	EOL	Send queued ACTION_UPDATE when the delta queue is nonempty.
00440e02	EOL	Send periodic or forced ACTION_DUMP when no deltas are queued.
00440e26	EOL	Free the action delta queue via 0046ade0.
00440e30	PLATE	Enable or disable the sixth viewport clip plane and set its scaled/clamped distance.
00440e49	EOL	Disable the extra plane when the ratio is 1.0.
00440e64	EOL	Enable the sixth clip plane for non-default ratio.
00440e92	EOL	Clamp the scaled extra-plane distance to DAT_00577ea8 minimum.
00440ea0	EOL	Accept the scaled extra-plane distance without clamping.
00440eb0	PLATE	Initialize a viewport/render-state object with default clip-plane counts, masks, custom-rect flag, and use counter.
00440eb0	EOL	Initialize active/default clip-plane counts to 5.
00440ec3	EOL	Initialize plane masks 1, 2, 4, 8, 16, and 32.
00440eff	EOL	Clear custom rectangle flag and use counter fields.
00440f10	PLATE	Increment viewport use count and rebuild clip planes for either custom bounds or the full target buffer.
00440f1a	EOL	Increment this viewport state's use counter.
00440f2d	EOL	Build clip planes from custom bounds at +0x174..188.
00440f5e	EOL	Build clip planes from full render target width and height.
00440f90	PLATE	Clamp a viewport rectangle to target dimensions, write frustum clip-plane equations, then normalize active planes.
00440faf	EOL	Clamp viewport left/right bounds against target width.
00441003	EOL	Clamp viewport top/bottom bounds against target height.
0044106a	EOL	Write side clip-plane equations for the rectangle.
00441166	EOL	Write base and extra depth clip-plane equations.
004411bd	EOL	Normalize active clip-plane equations in a loop.
00441230	PLATE	Load a camera pose into the global transform stack and cache the transformed forward/probe point.
00441248	EOL	Prepare the local forward/probe vector.
00441276	EOL	Load the first part of the camera pose into the transform stack.
004412c8	EOL	Load the second part of the camera pose into the transform stack.
004412d9	EOL	Transform the probe point through 004e1840.
004412de	EOL	Cache transformed probe point at DAT_00678fac/b0/b4.
00441300	PLATE	Re-apply the current global camera pose to the transform stack.
00441300	EOL	Read current view angles from DAT_00678fb8/bc/c0.
00441328	EOL	Read current view origin from DAT_00678fa0/a4/a8.
0044133e	EOL	Apply the current pose through Camera_ApplyViewPoseToTransform.
00441350	PLATE	Run the paired transform-stack cleanup/pop calls after a view render pass.
00441359	EOL	Pop/cleanup the first transform stack entry.
00441361	EOL	Tail-call cleanup for the second transform stack entry.
00441370	PLATE	Dispose the old spatial visibility root, allocate/build a new tree from current map data, and publish it globally.
0044137b	EOL	Free the previous spatial visibility tree if present.
00441399	EOL	Allocate a new world visibility tree from world+0x40.
004413b7	EOL	Publish the new spatial root globally.
004413bf	EOL	Build the tree cells from the new root.
004413d0	EOL	Finish attaching the spatial tree to world render state.
004413f0	PLATE	Walk active world entities and insert renderable proxies into the visibility tree, with type-specific prep/skips.
00441430	EOL	Traverse the active entity list.
00441451	EOL	Dispatch entity handling by entity type byte.
00441468	EOL	Spawn the type 0x11 effect and skip indexing.
00441471	EOL	Handle player-like entity types 0 through 4.
00441489	EOL	Hide the local player proxy by clearing +0x12c.
00441491	EOL	Build auxiliary geometry for type 0x0e before indexing.
004414a1	EOL	Increment render stats bucket for type 0x1b.
004414be	EOL	Create and insert the entity render proxy.
00441520	PLATE	Submit active type 0x15/0x16 entities directly to the render queue after spatial indexing skips them.
00441540	EOL	Traverse active entities for direct render submission.
00441557	EOL	Accept only bypass entity types 0x15 and 0x16.
00441562	EOL	Build the direct render item via 0047fb80.
00441581	EOL	Set mask 0x80 and submit the direct item.
004415a4	EOL	Advance to the next bypass entity.
004415b0	PLATE	Set projection/clip state, traverse map visibility, index entity/effect renderables, and submit visible leaves for the current view.
004415b8	EOL	Update local-player draw visibility flag.
004415e0	EOL	Configure target buffer and projection scale for the viewport.
0044163a	EOL	Publish active spatial root in the render context.
00441664	EOL	Traverse the main spatial visibility tree.
0044167b	EOL	Index world entities into visibility structures.
00441693	EOL	Process queued visible leaves after traversal.
0044169b	EOL	Submit spatial-bypass entities to the render queue.
004416b0	PLATE	Normal 3D world frame path: clear per-frame state, update camera, render visible world, present, and tick frame callbacks.
004416bb	EOL	Begin frame with autotune and frame counter updates.
004416c0	EOL	Clear per-frame render context arrays.
004416e7	EOL	Clear entity render-link field +0x120.
00441742	EOL	Choose camera target entity, falling back to local player.
00441756	EOL	Update current camera pose for the frame.
0044179e	EOL	Build the world visibility/render submission list.
004417a3	EOL	Present the world through renderer vtable +0xac.
004417d9	EOL	Tick the per-frame callback/timer object.
00441841	EOL	Shared exit when rendering is complete or player is missing.
00441850	PLATE	Render repeated offscreen overview/world snapshot passes for map preview generation while saving/restoring render globals.
00441893	EOL	Begin the next offscreen map overview pass.
0044189e	EOL	Set preview target globals and cached bounds.
0044193c	EOL	Save render flags, scale, and related globals.
0044198e	EOL	Force preview-specific render flags and overrides.
004419bb	EOL	Compute overview camera pose from map extents.
00441a22	EOL	Store overview camera pose in view globals and mirrors.
00441ac4	EOL	Apply overview camera transform before traversal.
00441b8e	EOL	Traverse spatial visibility for the overview pass.
00441bee	EOL	Present the offscreen overview pass through renderer +0xac.
00441bf2	EOL	Restore saved render globals after the pass.
00441c42	EOL	Advance loop while the overview blend remains <= 1.0.
00441c50	PLATE	Draws either the world frame or map screen, then emits perf/debug/HUD overlays and clears per-frame viewport counters.
00441c67	EOL	Draw the map screen when overview mode is active.
00441c6e	EOL	Draw the normal 3D world frame.
00441c81	EOL	Clear frame-local counters on the main viewport object.
00441ca9	EOL	Draw packet/debug/peek overlays after perf stats.
00441cc2	EOL	Draw service pad, cockpit, zoom HUD, and final frame helpers.
00441cf0	PLATE	Creates a VIEWPOINT_INFO UI entry and binds it to the current viewpoint id, or -1 when none exists.
00441cff	EOL	Use active viewpoint pointer and load id from offset 0xb4.
00441d20	EOL	Store current viewpoint id into the created entry.
00441d34	EOL	Create the same entry with the no-viewpoint sentinel.
00441d4c	EOL	Bind -1 before adding the entry to the UI container.
00441d60	PLATE	Toggles the mipmapping flag and posts a transient ON/OFF status message.
00441d71	EOL	New flag value is enabled; display ON message.
00441d81	EOL	New flag value is disabled; display OFF message.
00441d90	PLATE	Consumes key-down events for debug view hotkeys: '-' resets tracked vectors and '=' toggles a debug flag.
00441d95	EOL	Return false for non-key or unhandled key events.
00441d98	EOL	Read key code from event offset 0x10.
00441da5	EOL	Toggle DAT_00678101 when '=' is pressed.
00441db7	EOL	Clear vector fields in the debug object array when '-' is pressed.
00441dc0	PLATE	Returns whether a control slider update should be applied, accepting forced updates and rejecting tiny nonzero values below epsilon.
00441dc0	EOL	Positive global timer/value forces acceptance.
00441dda	EOL	Load slider current value from param + 4.
00441df4	EOL	Reject tiny nonzero values below epsilon.
00441e0d	EOL	Return false for sub-epsilon nonzero input.
00441e20	PLATE	Integrates analog slider state and applies dirty world-mode control values into action-state slots.
00441e31	EOL	Lazily initialize slider/input provider.
00441e45	EOL	Integrate all tracked sliders with unit scale.
00441ee7	EOL	Do not apply controls while map view is active or controller is absent.
00441eff	EOL	Commit pending base value and recompute dependent sliders.
00441f1e	EOL	Apply dirty slider at 005b876c to action slot 2.
00441ff0	EOL	Apply dirty slider at 005b87a0 to action slot 3.
0044205d	EOL	Apply dirty slider at 005b87d4 to action slot 1.
0044209a	EOL	Apply dirty slider at 005b8808 to action slot 6.
004420cf	EOL	Push primary float value through controller vtable slot 0x10.
00442130	PLATE	Toggles between world and map overview mode, updating movement input, map panel state, viewport visibility, and map widget visibility.
0044213b	EOL	Ignore recursive map toggle attempts.
00442156	EOL	Release movement input and return to world mode.
00442170	EOL	Restore cached panel state after teardown when needed.
00442199	EOL	Enter map mode and preserve current map panel pointer.
004421b2	EOL	Refresh panel contents when a map panel exists.
004421cb	EOL	Clear guard and update map widget visibility.
004421f0	PLATE	Sets main viewport enabled/visible state off in map mode, otherwise gates it by mode 3 and a configured world-view flag.
004421fa	EOL	Map mode always sends false to viewport vfunc +0x24.
00442211	EOL	Only allow configured world-view flag when mode equals 3.
0044222c	EOL	Call viewport vfunc +0x24 with computed flag.
00442240	PLATE	Cycles camera/chase view state 0 -> 1 -> 2 -> 0, building chase pose and timestamping on first entry.
00442249	EOL	Set state to 1, build chase target pose, and save current tick.
00442279	EOL	Move chase state from 1 to 2.
00442289	EOL	Move chase state from 2 back to default 0.
004422a0	PLATE	Routes an incoming input event through the dialog, map, chat, loadout, debug-view, and axis-control handlers in priority order, stopping at the first handler that consumes it.
00442350	PLATE	Processes an input event for the given entity by conditionally handling key-up state, dispatching the event, and applying axis controls when the entity's flag at +0x18 is clear and its type code at +0x10 matches the accepted values, always returning 1.
004423a0	PLATE	Replaces heap-owned status text, centers it, and arms style/timer fields for a transient on-screen message.
004423b0	EOL	Scan source text to compute byte length.
004423c3	EOL	Free existing heap buffer at panel offset 0x48.
004423d3	EOL	Allocate and copy the new message text.
004423f2	EOL	Center text using screen width and font character width.
00442408	EOL	Set y, style, duration, timeout, and visible flag fields.
00442430	PLATE	Builds the toggleable network diagnostics graph panel with traffic, ping, timing, update, and collision rows.
00442443	EOL	Add inbound TCP/UDP/total byte-rate graphs.
004426f0	EOL	Add bad-net, ignore-count, and blackout diagnostics.
0044292e	EOL	Add non-viewpoint transit, packet size, and object update rows.
00442af9	EOL	Add ping, linear error, clock skew, and receive delta rows.
00442f48	EOL	Add outbound byte-rate and packet-number diagnostics.
00443325	EOL	Add update action/frequency and ping array rows.
004435a6	EOL	Install row ordering and finalize graph panel layout.
004435f0	PLATE	Toggles the peek multigraph UI object on the active UI list.
00443612	EOL	If already visible, remove the overlay.
00443643	EOL	Lazily allocate the Multigraph backing object.
00443689	EOL	Add graph object to the active UI container.
004436c0	PLATE	Records one or more sampled values into the peek multigraph when it is enabled.
004436d1	EOL	Ignore samples until the graph exists.
004436e2	EOL	Fast path for one channel value.
00443725	EOL	Copy multiple double values into a temporary array.
00443790	EOL	Submit packed values to the multigraph.
004437d0	PLATE	Activates the in-game screen by marking the active views ready and branching to the login, team-select, or split-scene respawn setup according to the current connection state.
00443870	PLATE	Clears per-slot transient action values and refreshes/reset stale action slots.
00443885	EOL	Iterate action/player slots except slot 5.
0044388a	EOL	Reset guarded action value to zero for this tick.
004438ba	EOL	Clear type-5 slot flags and timers.
004438ea	EOL	Ask action subsystem whether slot remains valid.
00443900	EOL	Clear secondary per-slot weight when invalid or active.
00443930	PLATE	Resets transient input/HUD state, releases movement keys, and reinitializes the game-view renderer interface to its default color and mode.
00443990	PLATE	Switches into object/world control mode and installs screen-mode callbacks.
004439a9	EOL	Reset input/action and spin state before entering mode.
004439c3	EOL	Allocate and install the mode-3 callback pair.
004439f5	EOL	Refresh the screen if already in mode 3.
00443a10	PLATE	Enters mode-3 wait state and sends a BPS_REQUEST message with the current request id.
00443a13	EOL	Set pending state and switch screen mode.
00443a33	EOL	Create opcode 0x4e BPS_REQUEST packet.
00443a4b	EOL	Attach request id and enqueue packet if allocation succeeded.
00443a60	PLATE	Scales the input float by a modifier factor that is increased when Shift is held and divided when Control is held, returning the adjusted value.
00443aa0	PLATE	Scales a UI value by inverse camera zoom, with modifier-key zoom factor adjustments.
00443aa3	EOL	Start from 1 / current camera zoom ratio.
00443ab0	EOL	Multiply by configured modifier factor.
00443ac7	EOL	Divide by configured modifier factor.
00443ade	EOL	Return adjusted input value.
00443b00	PLATE	Initializes game-view UI descriptors, callbacks, text/debug widgets, and render resources.
00443b25	EOL	Clamp first UI float descriptor and mark dirty.
00443b8e	EOL	Build doubled timing value from runtime clock helper.
00443cd8	EOL	Clamp/reset four alpha-like descriptors.
00443e32	EOL	Store zoom-scale callbacks into descriptor globals.
00443e7d	EOL	Create main game-view UI/render object.
00443f3c	EOL	Register mode-3 screen callback pair.
00443f6a	EOL	Allocate fade text widget.
00443fba	EOL	Allocate debug output widget if missing.
0044401f	EOL	Initialize render, contrail, spatial, and related systems.
00444050	PLATE	Resolves dark-grey/03 once and draws it when the panel draw count is active.
00444051	EOL	Return unless panel draw count is positive.
00444064	EOL	Lazy lookup for dark-grey/03 texture id.
0044408b	EOL	Draw cached panel texture with alpha 1.0.
004440c0	PLATE	Executes the given console command-line string against the command registry and posts the resulting output text (or an "unrecognized" message) to the chat window.
00444150	PLATE	Opens <name>.jpg and initializes JPEG writer state for the requested dimensions.
00444164	EOL	Build the output .jpg filename.
00444193	EOL	Open destination JPEG file in binary write mode.
004441a9	EOL	Abort if the JPEG file cannot be created.
004441bf	EOL	Store dimensions and initialize JPEG compressor state.
00444204	EOL	Begin JPEG compression and configure color settings.
00444260	PLATE	Builds 128 row pointers from an RGB row band and writes them to the JPEG compressor.
00444273	EOL	Abort if row-pointer array allocation fails.
00444290	EOL	Convert packed RGB band into scanline pointers.
004442a9	EOL	Emit 128 scanlines to JPEG.
004442d0	PLATE	Finishes JPEG compression, frees filename memory, and closes the output file.
004442d0	EOL	Finish and destroy compressor only if active.
004442ee	EOL	Release duplicated filename string.
00444303	EOL	Close output FILE handle.
00444320	PLATE	Initializes offline editor/world subsystems, loads the selected map, and exports its terrain mosaic.
0044433a	EOL	Initialize palette, viewport, world, math, and render tables.
004443cd	EOL	Install editor/tool screen callbacks for mode 5.
00444406	EOL	Initialize object/texture editors and templates.
0044443d	EOL	Register command handlers before map load.
00444442	EOL	Load selected map name from the caller context.
00444449	EOL	Write the terrain source-art JPEG mosaic.
00444460	PLATE	Runs optional map start_script, loads the map file, installs it in map edit state, and rebuilds visibility.
00444485	EOL	Clear current map pointer and start path construction.
0044449f	EOL	Build ./data/maps/<map>/start_script path.
004444e8	EOL	Execute optional startup script file if present.
00444503	EOL	Allocate current map/load object.
0044452b	EOL	Load named map via map loader.
00444543	EOL	Abort with map-not-found message.
0044459a	EOL	Open loaded land map in editor state.
004445af	EOL	Rebuild spatial/world visibility tree.
004445e0	PLATE	Exports the loaded map as a JPEG mosaic of 128x128 RGB terrain source-art tiles.
004445e7	EOL	Allocate JPEG writer state object.
00444616	EOL	Use loaded map dimensions minus boundary row/column.
0044463b	EOL	Create output JPEG sized tiles * 128.
00444655	EOL	Allocate one output row band plus one tile buffer.
004446a0	EOL	Process each tile row.
004446b0	EOL	Process each tile in the current row.
004446e8	EOL	Load source art directly when no composite definition exists.
004446fc	EOL	Generate composite tile from transition definition.
00444709	EOL	Copy tile pixels into the current JPEG row band.
00444725	EOL	Write 128 scanlines for the completed tile row.
00444743	EOL	Close JPEG writer and free export buffers.
004447ba	EOL	Abort on export buffer allocation failure.
004447e0	PLATE	Loads /artwork/24bit/<name>.bmp, requires 128x128 geometry, and copies RGB pixels to destination.
004447f7	EOL	Format source-art BMP path.
00444821	EOL	Decode BMP into temporary pixel buffer.
00444843	EOL	Abort when the BMP cannot be opened or decoded.
00444858	EOL	Require exactly 128 by 128 pixels.
00444869	EOL	Copy 0xc000 RGB bytes into destination buffer.
00444898	EOL	Abort on wrong source-art dimensions.
004448b0	PLATE	Builds a terrain tile from base and transition source-art BMPs using nonzero mask pixels.
004448b0	EOL	Resolve base source-art entry from composite definition.
004448c8	EOL	Allocate two 128x128 RGB scratch buffers.
00444903	EOL	Load base BMP into caller destination.
00444920	EOL	Iterate transition parts in the composite definition.
00444935	EOL	Load source and mask/alternate BMPs for this part.
004449b0	EOL	Walk 128 rows of RGB tile data.
004449e4	EOL	Copy source pixels where mask neighborhood is nonzero.
00444b1a	EOL	Release temporary tile buffers.
00444b30	EOL	Abort if scratch buffers cannot be allocated.
00444b50	PLATE	Copies one 128x128 RGB tile block into a destination band with row order adjusted by the destination stride.
00444b50	EOL	Copy one RGB 128x128 tile into the destination band.
00444b5f	EOL	Walk destination rows using the caller-provided stride direction.
00444b65	EOL	Copy RGB triplets for one 128-pixel row.
00444bb6	PLATE	Resets runtime-only client option fields, clears latches, and recreates the small helper object at offset 0x54.
00444bf2	EOL	Allocate the runtime helper object stored at offset 0x54.
00444c13	EOL	Store helper and reset runtime latch fields.
00444c88	PLATE	Initializes base runtime client options and then resets session-only fields.
00444c88	EOL	Set base runtime client option defaults.
00444cf9	EOL	Reset per-session runtime option state.
00444d00	PLATE	Constructs base runtime client options and binds their config variables to the options registry.
00444d32	EOL	Initialize runtime option defaults before registry binding.
00444d56	EOL	Create the runtime options config registry if missing.
00444d8c	EOL	Bind looking-at, carrying, voice, and sleep config fields.
00444df0	PLATE	Initializes advanced client/render/network defaults, including sky, fades, volumes, mipmap, and debug flags.
00444df0	EOL	Seed render, timing, sky, and effect defaults.
00444e32	EOL	Duplicate the default sky name aurora.
00444f38	EOL	Set debug, mipmap, colored-light, and render-effect defaults.
00445097	PLATE	Constructs advanced client configuration defaults and binds web, render, audio, network, and debug options.
00445097	EOL	Duplicate default web launch and patch URLs.
0044511a	EOL	Apply advanced client/render defaults before binding.
0044515d	EOL	Create the advanced config registry if missing.
00445192	EOL	Bind web, refresh rate, windowed, and 3dfx flags.
00445248	EOL	Bind fade colors, fade timers, and sky name.
00445303	EOL	Bind cache limits, texture fetch, debug, and graph settings.
004453d4	EOL	Bind sound volume and sleep-error limit settings.
0044549b	EOL	Bind render effect, mipmap, and cursor/restriction settings.
004455bc	EOL	Bind ignore_shut_down with its mode-switch callback.
004455ff	PLATE	Handles display-system preference changes by refreshing the graphics/display subsystem.
00445609	PLATE	Binds user-facing preferences for input, audio, display, account defaults, bandwidth, and editor access.
0044562d	EOL	Create the user preference registry if missing.
00445660	EOL	Bind core input and route-ping preference fields.
00445709	EOL	Bind sound enable, voice, VAD, speakers, and driver fields.
004457bc	EOL	Bind display, gamma, visibility, terrain, and quality flags.
004458d6	EOL	Bind mouse and joystick axis, inversion, and sensitivity settings.
004459db	EOL	Bind display system, account defaults, password, and loader prefix.
00445b42	EOL	Initialize default user preferences after binding.
00445b62	PLATE	Initializes default user preferences for controls, sound, display quality, credentials, and loader prefix.
00445b62	EOL	Set default control, route, and sound fields.
00445c08	EOL	Set default display quality and editing/profanity flags.
00445c83	EOL	Duplicate default display/account/loader strings.
00445d7b	PLATE	Initializes a two-double client telemetry/default pair used by network registration/status packets.
00445d9b	PLATE	Constructs the client telemetry/default pair by applying the standard two-double defaults.
00445daf	PLATE	No-op callback used for client event dispatch cases that intentionally do nothing.
00445db4	PLATE	Dispatches client event type callbacks, forwarding type 3 events to the text/log handler.
00445dea	PLATE	Returns the status slot for team index 1 or 2, or null for out-of-range team indexes.
00445dea	EOL	Lookup a team status slot by one-based team index.
00445df5	EOL	Reject out-of-range team slot indexes.
00445e09	PLATE	Looks up the status slot for the team associated with the active object handle.
00445e26	PLATE	Returns the status slot for the local player's current team id.
00445e37	PLATE	Returns a team status slot only when it is bound to the requested object id.
00445e37	EOL	Lookup a team status slot and compare its object id.
00445e50	EOL	Reject the slot when its object id does not match.
00445e65	PLATE	Finds the team status slot matching the local player's current object across known team descriptors.
00445e65	EOL	Find local player's tracked object in known team slots.
00445e89	EOL	Try matching the first known team descriptor.
00445eb1	EOL	Try matching the second known team descriptor.
00445ec0	PLATE	Finds a matching object id in either known team status slot.
00445efe	PLATE	Replaces the team status slot's primary heap-owned name string.
00445efe	EOL	Free and replace the primary slot name string.
00445f2d	PLATE	Replaces the team status slot's resolved/display heap-owned name string.
00445f2d	EOL	Free and replace the resolved display name string.
00445f5c	PLATE	Resets a team status slot to default state, object id, type, and placeholder names.
00445f5c	EOL	Reset team slot id, status type, and placeholder names.
00445f9a	PLATE	Constructs a team status slot by clearing owned string pointers and applying default status.
00445fc1	PLATE	Returns whether a team status slot is in the completed/known state.
00445fd9	PLATE	Allocates and initializes the two default team status slots.
00445fd9	EOL	Allocate and initialize status slots for teams 1 and 2.
00446040	PLATE	Resets global client runtime defaults, telemetry pair, and team status slots.
00446040	EOL	Reset global runtime defaults and both team status slots.
0044608b	PLATE	Allows use of the current team slot when valid, otherwise falls back to the global permission flag.
0044608b	EOL	Check whether the current team slot can be used.
004460ad	EOL	Fallback to global permission flag when slot is missing/invalid.
004460c5	PLATE	Plays local feedback sounds when the local player's team slot completion state changes.
004460c5	EOL	Play local completion gained/lost feedback sound.
00446129	PLATE	Plays local feedback sounds when the local player's tracked team ownership/object id changes.
00446129	EOL	Play local ownership gained/lost feedback sound.
004461a3	PLATE	Updates a team status slot's object id/state, refreshes names, plays change feedback, and rebuilds dependent UI state.
004461a3	EOL	Update one team slot from object id and status value.
004461c3	EOL	Snapshot whether the slot was previously complete.
004461f6	EOL	Emit completion and ownership change feedback.
00446223	EOL	Restore primary name when leaving completed state.
0044623a	EOL	Resolve completed slot display name from object metadata.
00446269	EOL	Store the resolved display name in the slot.
0044627a	PLATE	Resets a map marker entry, frees its owned label string, and ensures its helper object exists.
0044627a	EOL	Reset a map marker entry and clear owned string state.
004462af	EOL	Allocate the marker helper object if missing.
004462e9	EOL	Reset the marker helper object state.
00446325	PLATE	Constructs a map marker entry by clearing owned pointers and applying reset defaults.
00446325	EOL	Construct a map marker entry from cleared pointers.
00446347	PLATE	Destroys a map marker entry's owned label and helper object allocations.
00446347	EOL	Free a map marker entry's owned allocations.
00446381	PLATE	Begins waiting for a network object acknowledgement by setting the pending flag and expected values.
00446381	EOL	Set pending object-ack wait flag and expected values.
004463a2	PLATE	Clears the pending network object acknowledgement wait and resumes normal state.
004463a2	EOL	Clear pending object-ack wait and resume normal state.
004463b3	PLATE	Handles ignore-shutdown config changes by switching between world mode and shutdown/hold mode as needed.
004463b3	EOL	Handle ignore-shutdown option changes.
004463cd	EOL	Switch from world mode into shutdown hold mode.
004463e7	EOL	Switch from shutdown hold mode back to world mode.
004463f5	PLATE	Returns the local object's maximum fuel value from its object-type descriptor.
0044640d	PLATE	Returns the local object's maximum hull value from its palette/object descriptor.
00446430	PLATE	Applies a byte ramp through a normalized float track and writes interpolated values to the target buffer.
00446430	EOL	Apply a byte ramp callback through a float track.
00446482	EOL	Blend each ramp byte through normalized track sampling.
004464ca	EOL	Write default full-strength values when outside ramp bounds.
00446580	PLATE	Initializes a glowy chunk generator, creates a 3-key FloatTrack, and seeds tick/range state.
00446609	EOL	Track allocation returned null; store null track pointer.
0044660b	EOL	Initialize timestamps, scroll range, flags, and tail offset.
00446650	PLATE	Frees three optional owned buffers at +0xc/+0x10/+0x14, clears them, then frees the chunk object.
004466b0	PLATE	Allocates and initializes a Glowy_Chunk, links it to the generator, and advances the generator tail offset.
004466d5	EOL	Allocation path leaves null chunk pointer.
004466d7	EOL	Link chunk to generator and advance tail offset.
00446700	PLATE	Resets glowy chunk generator scroll, tick, current-tail fields, and frozen flag.
00446730	PLATE	Advances generator scroll position from elapsed global ticks unless the generator is frozen.
00446752	EOL	Tick delta converted after wrap handling.
00446762	EOL	Frozen generators keep scroll position unchanged.
00446790	PLATE	Fires the generator vfunc when scroll passes tail and returns whether generation is still active.
004467c0	PLATE	Freezes generation and snaps scroll/range values to the accumulated tail offset.
004467e0	PLATE	Initializes a count plus parallel count*4 index array and count*0x10 record array.
00446820	PLATE	Clears self/hierarchy timing accumulators for every profiler node in DAT_005c4458.
00446836	EOL	Fast path clearing four profiler node timing pairs per loop.
00446871	EOL	Tail loop for remaining profiler nodes.
00446890	PLATE	One-time setup of profiler multigraph widgets and per-node Self Blue/Hier Green [ms] timegraph series.
004468d1	EOL	Skip setup after one-time profiler graph init flag is set.
00446951	EOL	Clear node timings and attach multigraph to UI container.
00446980	EOL	Build one graph entry per profiler node.
00446ac1	EOL	Walk child graph list and apply style/height setting.
00446b20	PLATE	Constructs a Timegraph_Widget with default X/Y axes, margins, fonts, and display flags.
00446bd0	EOL	Compute plot margins from font metrics.
00446bf2	EOL	Install default X Axis / Y Axis metadata.
00446c13	EOL	Set default zoom and display toggles.
00446c50	PLATE	Stores manual width/height when auto-height is off, then forwards to base widget bounds setter.
00446c80	PLATE	Toggles auto-height and resizes either to font-derived height or remembered manual dimensions.
00446cc0	PLATE	Releases axis title, series names, per-series point lists, queues, and current-value storage.
00446cd9	EOL	Begin releasing allocated axis/series structures.
00446cf6	EOL	Free per-series labels and queued sample payloads.
00446d40	EOL	Free copied series-name pointer array.
00446d74	EOL	Free current-value array after queue cleanup.
00446d90	PLATE	Replaces axis/series metadata, allocates per-series queues/current values, and copies labels/color bytes.
00446e43	EOL	No per-series queue array allocated.
00446e74	EOL	Duplicate each series label and copy color/index byte.
00446ec0	PLATE	Appends an (x,current_y) point to each series unless paused, then prunes old samples.
00446ec4	EOL	Paused graphs ignore incoming samples.
00446ed1	EOL	Allocate and enqueue one (x,y) point per series.
00446f01	EOL	Save latest X value and discard expired samples.
00446f20	PLATE	Chooses a nice graph tick step for a value range and target division density.
00446f5c	EOL	Normal tick selection path for nonzero range.
00446fc3	EOL	Test whether selected step creates too many divisions.
00446ff3	EOL	Reduce decade/index and revalidate tick step.
0044704b	EOL	Store selected index/exponent and return step.
00447060	PLATE	Rounds a value upward to the next tick-step multiple when needed.
004470c0	PLATE	Rounds a value downward to the previous tick-step multiple when needed.
00447120	PLATE	Handles graph hotkeys for auto-height/reference lines/zero line and zoom adjustment.
00447158	EOL	Hotkey toggles auto-height mode and resizes widget.
0044716b	EOL	Hotkey toggles +0x5a reference-line flag.
0044717c	EOL	Hotkey toggles +0x5b reference-line flag.
0044718d	EOL	Hotkey toggles zero-line drawing flag.
0044719e	EOL	Increase Y zoom and resize plotted height.
004471d6	EOL	Decrease Y zoom, clamped to 1.0.
00447280	PLATE	Maps a normalized graph value into a rounded screen Y coordinate.
004472c0	PLATE	Removes oldest points whose X value falls outside the retained time window.
004472e4	EOL	Iterate each series queue.
004472f2	EOL	Drop queued points older than current_x - window.
0044731c	EOL	Move to next per-series queue header.
00447340	PLATE	Draws the timegraph background, grid, reference lines, series polylines, axis labels, and mouse tooltip.
00447380	EOL	Fill and outline widget bounds.
004473df	EOL	Scan queues for min/max and series-0 average.
00447493	EOL	Use compact title path when auto-height or sparse data.
004474ba	EOL	Establish plot rectangle and tick spacing.
00447609	EOL	Optional reference line controlled by m hotkey flag.
00447687	EOL	Optional reference line controlled by a hotkey flag.
004476f3	EOL	Draw zero line when zero lies inside Y range.
00447772	EOL	Draw X/time gridlines.
00447850	EOL	Draw Y/value gridlines.
0044793c	EOL	Convert queued samples to screen coords and draw lines.
00447a6e	EOL	Format and draw X/Y axis labels and scale text.
00447dea	EOL	Show graph-space coordinates under mouse when enabled.
00447fa1	EOL	Compact series-vs-axis title-only rendering path.
00448089	EOL	Destroy temp string buffer before returning.
004480c0	PLATE	Constructs the multigraph input widget, initializes graph/order lists, and sets drag/freeze/visible-count state.
00448170	PLATE	Destroys multigraph graph descriptors, freeing duplicated axis/title strings and owned child widgets.
004481a5	EOL	Iterate descriptor list and free title/axis string allocations.
004481da	EOL	Tear down descriptor and priority/order lists before base widget cleanup.
00448220	PLATE	Allocates a Timegraph_Widget, sizes it to 200x90, wraps it with default X/Y axis labels, and appends it.
00448243	EOL	Create child Timegraph_Widget backing object.
0044826d	EOL	Initialize child graph bounds to 200x90.
00448288	EOL	Create descriptor containing widget pointer and axis label strings.
004482bb	EOL	Link descriptor into multigraph and increment visible graph count.
004482e0	PLATE	Applies drag movement, draws priority graphs first, then draws remaining graphs up to the visible graph limit.
004482f2	EOL	Clear drag state if global mouse/input flag is disabled.
004482fc	EOL	Move widget by current mouse delta while dragging.
00448332	EOL	Clear per-descriptor drawn/visited flag before layout pass.
00448352	EOL	Draw ordered graphs from priority list first.
00448379	EOL	Map ordered graph id back to descriptor list entry.
004483cb	EOL	Mark descriptor so second pass skips it.
004483d7	EOL	Render non-priority descriptors up to visible graph count.
0044844c	EOL	Write final accumulated height and width back to widget fields.
00448460	EOL	Early exit when visible graph limit is hit.
00448474	EOL	Handle empty child list result.
00448490	PLATE	Resizes every child graph to default 0,0,0x226,0x50 bounds and stores height 0x50.
00448497	EOL	Walk graph descriptors and apply default child bounds.
004484ae	EOL	Store fixed graph height before virtual resize call.
004484c0	PLATE	Replaces a graph descriptor title/labels, builds per-series metadata from varargs, and sets graph range.
004484f3	EOL	Free old strings and duplicate new title plus placeholder axis text.
00448530	EOL	Copy series label pointers and byte metadata from varargs.
0044854d	EOL	Call Timegraph configuration routine with rebuilt metadata arrays.
00448563	EOL	Write caller float to graph object range field.
00448590	PLATE	Converts selector ids into scaled byte-sized graph metadata from global game-state slots.
00448593	EOL	Dispatch selector id through table at 00448878.
0044859a	PLATE	Reads slot+4 of the global UI subsystem table, converts its integer field at offset 8 to a rounded scaled value, and returns the difference between the slot's offset-4 field and that scaled value.
0044859a	EOL	Compute byte from global slot +0x04 using scale constant A.
004485e4	PLATE	Returns the slot's base value (field +4) minus its integer count (field +8) scaled by a fixed multiplier, for the selector entry at offset +0x3c of the global UI state object.
004485e4	EOL	Compute byte from global slot +0x3c using scale constant B.
0044862d	PLATE	Reads the selector slot at offset 0x18 of the global UI object, converts its integer value at field +8 to a double, scales it by a fixed factor, rounds to the nearest integer, and returns the slot's field +4 minus that scaled offset.
0044862d	EOL	Compute byte from global slot +0x18 using scale constant A.
00448676	PLATE	Reads the selector slot at offset 0x28 of the global selector object, scales its integer count by a fixed-point double constant with rounding, and returns the slot's base field minus that rounded scaled value.
00448676	EOL	Compute byte from global slot +0x28 using scale constant A.
004486bf	PLATE	Reads the slot at offset 0x4c of the global selector object, scales its integer field (with sign correction) by a fixed factor and rounds it, then returns that slot's base field minus the rounded scaled value.
004486bf	EOL	Compute byte from global slot +0x4c using scale constant A.
00448708	PLATE	Reads the slot widget at offset 0xc of the global selector object and returns its base offset (+4) minus its integer count (+8) scaled by a fixed-point factor.
00448708	EOL	Compute byte from global slot +0x0c using scale constant C.
00448751	PLATE	Computes the slot-0x44 selector offset by reading the slot's unsigned count at +8, scaling it by a fixed double factor with controlled FPU rounding, and returning the slot's base value at +4 minus that rounded scaled amount.
00448751	EOL	Compute byte from global slot +0x44 using scale constant C.
0044879a	PLATE	Reads the slot-34 entry of the global selector table, scales its signed integer field at offset 8 by a fixed factor, rounds the result, and returns the entry's offset field (offset 4) minus that scaled value.
0044879a	EOL	Compute byte from global slot +0x34 using scale constant C.
004487e3	PLATE	Returns the slot-24 selector base value (field at offset 4) minus its element count (field at offset 8) scaled by a fixed double constant and rounded to an integer.
004487e3	EOL	Compute byte from global slot +0x24 using scale constant C.
0044882c	PLATE	Returns the selector slot's field-at-offset-4 value minus the rounded product of its integer field-at-offset-8 (converted to double with unsigned correction) and a fixed scale constant.
0044882c	EOL	Compute byte from global slot +0x04 using alternate scale D.
004488a0	PLATE	Configures a graph with selector-driven series metadata, default See Title labels, and generated display bytes.
004488df	EOL	Duplicate constant graph title string for selector graph.
00448917	EOL	Fill remaining label slots with See Title.
00448925	EOL	Compute per-series selector display byte.
0044895b	EOL	Apply selector labels/bytes to underlying graph.
004489a0	PLATE	If not frozen, writes one float sample into the selected graph and appends it to the timegraph.
004489a0	EOL	Freeze flag prevents sample write.
004489b0	EOL	Store one float into graph sample buffer.
004489c3	EOL	Append timestamp/value into timegraph history.
004489d0	PLATE	Copies a double array into the graph's float sample buffer, four-at-a-time then tail, and appends the sample.
004489e7	EOL	Optimized loop converts four doubles to floats per iteration.
00448a44	EOL	Copy remaining double samples one at a time.
00448a69	EOL	Append copied sample set to graph history.
00448a80	PLATE	If not frozen, copies count vararg doubles into the selected graph's float sample buffer and appends.
00448a89	EOL	Freeze flag prevents vararg sample write.
00448a9b	EOL	Convert vararg doubles into graph float buffer.
00448ab7	EOL	Append vararg sample set to graph history.
00448ad0	PLATE	Handles drag start, visible graph count keys, freeze toggle, and child graph event hit-testing.
00448ad8	EOL	Return handled when event has disabled/consumed flag.
00448b1f	EOL	Hit-test child graph bounds and forward event.
00448b7a	EOL	Toggle freeze flag and propagate to child graphs.
00448bab	EOL	Handle command 0xa0 and clamp minimum to one.
00448bbf	EOL	Handle command 0x9f and clamp to descriptor count.
00448bd7	EOL	Start dragging and record current mouse position.
00448c10	PLATE	Clears and rebuilds the priority render-order list from a sentinel-terminated list of graph ids.
00448cb0	PLATE	Returns a pointer after the first ': ' substring in an error string, or null if absent.
00448cb0	EOL	Return immediately for null input.
00448cd3	EOL	Search message text for ': ' delimiter.
00448ce8	EOL	Return pointer to text after delimiter.
00448cf0	PLATE	Logs connection error context, records pending loss state, optionally extracts server message, frees context, and longjmps.
00448d04	EOL	Write error handler details to log stream.
00448d49	EOL	Parse optional server-provided loss message.
00448d6f	EOL	Clear fallback UI state when no parsed message exists.
00448d80	EOL	Release error context pointer before longjmp.
00448d8e	EOL	Exit through saved jump buffer.
00448da0	PLATE	If a connection error is pending, logs loss messages, kills the connection, and returns true.
00448da7	EOL	Return false when no loss flag is set.
00448da9	EOL	Emit loss messages and kill the connection.
00448df0	PLATE	Multiplies a float vec3 in place by a 3x3 double matrix.
00448e50	PLATE	Rebuilds an object's cached orientation matrix when Euler fields changed, then returns the matrix pointer.
00448e50	EOL	Detect stale cached orientation matrix.
00448e74	EOL	Copy Euler values and rebuild matrix.
00448ead	EOL	Return matrix at object +0x58.
00448ec0	PLATE	Copies a model/frame hardpoint vector at 0x38 + index*0xc into an output vec3.
00448eca	EOL	Substitute frame index 1 when object frame is zero.
00448ee0	EOL	Index hardpoint vec3 array at model frame +0x38.
00448f00	PLATE	Copies the model/frame center vector at offsets 0x80..0x88 into an output vec3.
00448f40	PLATE	Subtracts current object position from world coordinates and transforms the vector into current object local space.
00448f4d	EOL	Return zero vector when current object pointer is null.
00448f51	EOL	Build world-minus-current-object displacement.
00448f7f	EOL	Apply cached object orientation matrix.
00448fa0	PLATE	Copies a primary model/frame offset value into X and zeroes Y/Z.
00448fe0	PLATE	Dispatches target-object commands/effects using action id, model hardpoints, or supplied world coordinates.
00448ff2	EOL	Dispatch action id 0..10 through jump table.
00449002	EOL	Use primary model offset and send command 2/0x67 when allowed.
00449081	EOL	Send command 0x0d then 0x0b at hardpoint 2.
004490f1	EOL	Send command 0x58 at hardpoint 1.
00449173	EOL	Send command 0x5a at hardpoint 2.
004491b4	EOL	Send command 0x59 at hardpoint 2.
004491f5	EOL	Send command 0x6c at hardpoint 4.
00449236	EOL	Transform supplied world coords and send generic command 0x0b.
004492e0	PLATE	Queues a decoded transient event, but de-duplicates/resolves entity-bound type-5 events for immediate dispatch when possible.
00449304	EOL	Non-special or inline event path copies the 0x24-byte record into the queue.
0044932d	EOL	Suppresses duplicate queued type-5 entity events for the same entity id.
00449362	EOL	If the target entity is present, dispatches immediately instead of queueing.
00449380	PLATE	Copies one transient event record into the 256-entry pending-event queue.
004493b0	PLATE	Dispatches all pending transient events and clears the queue count.
004493c2	EOL	Dispatch one queued event record and advance by 0x24 bytes.
004493f0	PLATE	Emits a positional sound/effect when audio context is active and the id is valid.
004493f7	EOL	Uses xyz supplied in EAX when no entity pointer is available.
00449449	EOL	Uses resolved entity/event arguments for the positional sound call.
00449490	PLATE	Resolves inline/entity positions and maps transient event codes to particles, sounds, beams, and one-shot effects.
0044949b	EOL	Handles special event code 0x27 with direct visual setup and reset call.
00449508	EOL	Looks up entity id and pulls world xyz from offsets 0xc/0x10/0x14.
00449533	EOL	Uses xyz stored directly in the queued event record.
00449556	EOL	Dispatches event code through the jump table.
00449820	EOL	Common path into 00488b10 with mapped effect id and xyz.
004498e0	PLATE	Builds and queues a type-5 entity transient event for the supplied entity id.
00449940	PLATE	Builds and queues an inline-position transient event from caller-provided coordinates.
004499b0	PLATE	Sets the active selector index, first detaching any previously active widget from all lists, then pushes the new widget pointer onto the front of the subsystem's widget list.
004499f0	PLATE	Creates a gray category button and wires it into the controls/help tab containers.
00449ab0	PLATE	Creates the category tab widget and adds the four controls/help categories.
00449b70	PLATE	Checks a control descriptor's type field against the help-page range and, if it qualifies and a flag bit is clear, switches the screen to mode 3, always returning 1.
00449ba0	PLATE	Stub predicate that unconditionally returns 1 (true).
00449bb0	PLATE	Activates a viewer screen by storing the active context pointer, invoking a viewer vtable method, removing any previously active widget from all lists, resetting the active-screen index, and pushing the new screen entry onto the viewer's list.
00449c10	PLATE	Renders the active screen's widgets by optionally drawing a background element, querying widget geometry through a vtable call, and issuing two renderer vtable draw calls using the computed screen coordinates and a unit scale factor.
00449ce0	PLATE	Empty callback used as a placeholder handler.
00449cf0	PLATE	Creates one rich-text help pane for a controls/help category.
00449d2c	EOL	Calls category-specific text builder from PTR_FUN_00577e78[index].
00449d6f	EOL	Category 0 help document string.
00449d76	EOL	Category 1 help document string.
00449d7d	EOL	Category 2 help document string.
00449d84	EOL	Category 3 help document string.
00449e20	PLATE	Initializes the controls/help screen, root panel, tabs, and four category panes.
00449e44	EOL	Allocates small mode/callback record and optionally switches to mode 8.
00449e76	EOL	Allocates and initializes the root controls/help panel.
00449ee8	EOL	Creates tab strip and attaches it to the root panel.
00449f20	EOL	Builds panes for the four category indices.
00449f40	PLATE	Initializes a histogram widget with default layout, colors, scale, and empty bucket list.
0044a020	PLATE	Adds a named bucket/key pair before the histogram widget is finalized.
0044a080	PLATE	Converts pending bucket definitions into runtime bucket records and stores the chart title/scale.
0044a0a6	EOL	Rejects adding/finalizing buckets after the finalized flag is set.
0044a0d0	EOL	Allocates runtime bucket array as bucket_count * 0x18.
0044a0f8	EOL	Copies key/name and creates an accumulator for each pending bucket.
0044a1c5	EOL	Stores title/scale and sets finalized flag.
0044a200	PLATE	Updates each bucket accumulator and recomputes the maximum displayed value.
0044a260	PLATE	Draws the histogram frame, title, grid, bars, scale label, and hover tooltip.
0044a27f	EOL	Draw is only valid after FinalizeBuckets.
0044a2bd	EOL	Applies mouse delta while dragging the widget.
0044a356	EOL	Renders title using compact/expanded color selection.
0044a3e8	EOL	Skips grid/bars/tooltip when compact mode is enabled.
0044a4fc	EOL	Draws horizontal scale grid lines from max value.
0044a5f0	EOL	Draws each bucket bar with alternating color ramp.
0044a76a	EOL	Formats and draws [x%.*f] scale text.
0044a845	EOL	Formats and renders name: value for hovered bucket.
0044a930	PLATE	Updates one bucket's accumulator value by bucket key when the widget is active.
0044a9b0	PLATE	Stores expanded-mode bounds and forwards to the base widget bounds setter.
0044a9e0	PLATE	Handles drag, compact/pause toggles, and scale zoom input for the histogram widget.
0044aa38	EOL	Key/event 0x8f decreases scale, clamped to 1.0.
0044aa88	EOL	Key/event 0x8e increases scale and resizes bounds.
0044aac1	EOL	Key/event 0x69 toggles compact histogram mode.
0044aad3	EOL	Key/event 0x70 toggles pause/update suppression.
0044aae9	EOL	Mouse/button event captures current cursor for dragging.
0044ab20	PLATE	Looks up a named fog theme and applies its five palette/parameter globals, falling back to default.
0044ab26	EOL	Compares requested fog theme name against 0x18-byte table entries.
0044ab64	EOL	Falls back to the first/default fog theme parameters.
0044aba0	EOL	Copies matched theme parameters into active fog globals.
0044abc0	PLATE	Builds a four-vertex textured quad render primitive and records its center/depth metadata.
0044abf6	EOL	Writes four xyz/attribute vertices from twelve float args.
0044ac8e	EOL	Writes quad index buffers for two triangles.
0044ace0	EOL	Stores midpoint of opposing corners and updates mesh bounds.
0044ad0a	EOL	Allocates render wrapper and stores render/material handles.
0044ad60	PLATE	Applies texture id and colored/alpha material state to a fog-shell quad.
0044adc0	PLATE	Applies alternate masked/zero-color material state to a fog-shell quad.
0044ae20	PLATE	Rotates a fog quad's texture coordinate set by quadrant index and marks its vertex/material buffers dirty.
0044ae63	EOL	Rotate the four UV pairs by one quadrant.
0044aed6	EOL	Mark quad buffers dirty and write the selected UV order.
0044af40	PLATE	Creates a small billboard quad, normalizes its corners, assigns default UVs, and marks it dirty.
0044afcc	EOL	Normalize the four billboard corner vectors before primitive creation.
0044b0fa	EOL	Create the billboard quad primitive from the normalized corners.
0044b0ff	EOL	Assign 0..1 default UVs and mark the billboard buffers dirty.
0044b160	PLATE	Builds four horizontal fog strip quads, resolves their textures, tracks usage, and applies UV rotation.
0044b1c0	EOL	Loop body for the next horizontal strip segment.
0044b259	EOL	Create one horizontal fog strip quad.
0044b27a	EOL	Format and resolve the texture name for this horizontal strip quad.
0044b2a4	EOL	Use texture index 0 when lookup fails or returns -1.
0044b2bc	EOL	Resolve the texture resource entry and clamp/load its mip state.
0044b339	EOL	Allocate a usage counter record for the texture resource if missing.
0044b385	EOL	Increment resource usage counters for the attached strip quad.
0044b392	EOL	Apply requested UV rotation to the horizontal strip quad.
0044b3a9	EOL	Advance the horizontal strip loop and store the updated quad count.
0044b3d0	PLATE	Builds four vertical fog strip quads, resolves their textures, tracks usage, and applies UV rotation.
0044b430	EOL	Loop body for the next vertical strip segment.
0044b4c7	EOL	Create one vertical fog strip quad.
0044b500	EOL	Format and resolve the texture name for this vertical strip quad.
0044b512	EOL	Use texture index 0 when vertical strip lookup fails.
0044b52a	EOL	Resolve and prepare the vertical strip texture resource.
0044b5a7	EOL	Allocate a usage counter record for the vertical texture resource if missing.
0044b5f3	EOL	Increment usage counters for the vertical strip texture resource.
0044b600	EOL	Apply requested UV rotation to the vertical strip quad.
0044b617	EOL	Advance the vertical strip loop and store the updated quad count.
0044b640	PLATE	Builds a 4x4 fog grid of textured quads and records each primitive in the visible grid list.
0044b690	EOL	Outer 4-column grid tile loop.
0044b700	EOL	Inner 4-row grid tile loop.
0044b7a1	EOL	Create one dynamic fog grid tile quad.
0044b7d7	EOL	Format and resolve the texture name for this grid tile.
0044b7e9	EOL	Use texture index 0 when grid tile lookup fails.
0044b7ef	EOL	Resolve and prepare the grid tile texture resource.
0044b86c	EOL	Allocate a usage counter record for the grid texture if missing.
0044b8b8	EOL	Increment usage counters for the grid tile texture resource.
0044b8c3	EOL	Apply default UV orientation to the grid tile quad.
0044b8df	EOL	Advance the inner grid row loop.
0044b8f0	EOL	Advance the outer grid column loop.
0044b920	PLATE	Initializes horizon, crest, moon texture ids and builds the initial sky/fog shell geometry.
0044b94d	EOL	Resolve the horizon texture id with fallback to zero.
0044b977	EOL	Resolve the blue_crest texture id with fallback to zero.
0044b9a1	EOL	Resolve the secondary sky texture id with fallback to zero.
0044b9cb	EOL	Resolve the tickmoon texture id with fallback to zero.
0044b9e5	EOL	Build all shell geometry after texture ids are cached.
0044ba00	PLATE	Rebuilds the dynamic visible fog grid from camera extents, strip textures, and the active fog theme.
0044ba19	EOL	Prefer the runtime override texture prefix when present.
0044ba24	EOL	Compute fog grid extents from active camera/map dimensions.
0044ba8c	EOL	Build the center 4x4 visible fog grid tiles.
0044bacf	EOL	Build the right edge vertical strip quads.
0044bb12	EOL	Build the left edge vertical strip quads.
0044bb55	EOL	Build the bottom horizontal edge strip quads.
0044bb98	EOL	Build the top horizontal edge strip quads.
0044bba0	EOL	Refresh active fog theme parameters after rebuilding quads.
0044bbb0	PLATE	Builds the full horizon shell: colored outer faces, masked inner faces, crest/moon billboards, and visible grid.
0044bbee	EOL	Clear static and dynamic shell quad pointer arrays.
0044bc5a	EOL	Create the first colored outer shell face.
0044bd78	EOL	Apply colored material state to the four outer shell faces.
0044bdec	EOL	Create the first masked inner shell face.
0044bf66	EOL	Apply masked material state to the inner shell faces.
0044bfc2	EOL	Create and store the blue_crest billboard quad.
0044bff7	EOL	Create and store the tickmoon billboard quad.
0044c009	EOL	Rebuild dynamic visible-grid quads after static shell setup.
0044c020	PLATE	Draws either the dynamic visible fog grid or full horizon shell, restoring render state afterward.
0044c048	EOL	Use the dynamic visible grid draw list when full shell flags are clear.
0044c058	EOL	Configure renderer state for drawing fog/shell quads.
0044c08e	EOL	Loop over the selected shell/grid quad list.
0044c0a2	EOL	Force material slot 5 while drawing full-shell quads after the first four.
0044c0c2	EOL	Zero render position offsets before submitting the quad.
0044c0fa	EOL	Restore the renderer material slot after a forced shell draw.
0044c115	EOL	Restore renderer state after the shell/grid draw loop.
0044c13a	EOL	Run the post-shell overlay/render pass when full shell mode was used.
0044c146	EOL	Use the full shell draw list and clear the render target/background.
0044c190	PLATE	Builds visibility trees for the eight neighboring terrain tiles and fills them with the dark-marble texture.
0044c1a5	EOL	Resolve dark-marble fill texture for neighbor visibility trees.
0044c1c9	EOL	Outer loop over neighboring tile rows.
0044c1cc	EOL	Inner loop over neighboring tile columns.
0044c1d4	EOL	Leave the center/current tile slot empty.
0044c1e4	EOL	Build a visibility tree for one neighboring terrain tile.
0044c24c	EOL	Fill generated tile material indices with the fallback texture.
0044c263	EOL	Store the generated neighbor tree in the global slot array.
0044c290	PLATE	Releases neighbor visibility tree texture handles and frees each cached tree slot.
0044c2a0	EOL	Loop over each cached neighbor visibility tree slot.
0044c2a6	EOL	Release neighbor tree texture/material handle at +0xc if valid.
0044c2b5	EOL	Release neighbor tree texture/material handle at +0x10 if valid.
0044c2c4	EOL	Release neighbor tree texture/material handle at +0x14 if valid.
0044c2d3	EOL	Release neighbor tree texture/material handle at +0x18 if valid.
0044c2e6	EOL	Destroy the visibility tree payload and free the allocation.
0044c2f5	EOL	Clear the neighbor tree slot before advancing.
0044c310	PLATE	Traverses each cached neighbor visibility tree with the current squared visibility radius.
0044c320	EOL	Loop over each cached neighbor tree for traversal.
0044c326	EOL	Compute and store the squared visibility radius for traversal.
0044c363	EOL	Traverse the neighbor tree geometry against the render visibility state.
0044c36b	EOL	Advance to the next neighbor tree slot.
0044c380	PLATE	Selects the active object-screen/team color ramp and returns its animated primary palette index.
0044c3d1	EOL	Side 1 did not match; test side 2 ramp.
0044c41f	EOL	Use the default object-screen ramp.
0044c470	PLATE	Selects the active object-screen/team color ramp and returns its animated alternate palette index.
0044c4c1	EOL	Side 1 did not match; test side 2 alternate ramp.
0044c50f	EOL	Use the default alternate ramp.
0044c560	PLATE	Returns distance from the current viewer or cached camera position to the supplied world point.
0044c589	EOL	No active viewer object; use cached camera vector.
0044c5a6	EOL	Subtract the target point and compute sqrt distance.
0044c5e0	PLATE	Returns carried cargo display text, using the locked enemy-cargo string for cargo type 0x0d.
0044c5e4	EOL	No valid carried cargo text.
0044c5f5	EOL	Return the special locked enemy-cargo string.
0044c5fb	EOL	Lookup the normal cargo type name.
0044c610	PLATE	Allocates helper widgets and loads reticle, incoming-fire, bad-connection, and cargo-deploy sprite ids.
0044c6a2	EOL	Resolve reticle_tank.
0044c6c2	EOL	Resolve reticle_scout1.
0044c6f1	EOL	Resolve the bad connection icon.
0044c824	EOL	Resolve cargo deploy good/iffy/bad sprites.
0044c8c0	PLATE	Raycasts from the active viewer to an object and accepts only a visible hit resolving to that object.
0044c8ca	EOL	Skip raycast if no active viewer.
0044c902	EOL	Accept visible hit only.
0044c91c	EOL	Blocked, wrong object, or no viewer.
0044c930	PLATE	Computes a distance-scaled and zoom-clamped marker size for a world point, optionally returning distance.
0044c995	EOL	Keep projected size above the minimum.
0044c9be	EOL	Keep projected size below the maximum.
0044c9c0	EOL	Write the measured distance if an output pointer is present.
0044c9e0	PLATE	Builds an object's model-center point and returns its distance-scaled on-screen marker size.
0044c9fd	EOL	Read the model origin through the object shape record.
0044ca2a	EOL	Call the point marker-size helper.
0044ca40	PLATE	Builds the eight oriented world-space bounding corners for the supplied object into a float buffer.
0044ca71	EOL	Fetch the cached object Euler matrix.
0044cacc	EOL	Write the first corner group.
0044cb71	EOL	Write the mixed-sign corner group.
0044cbef	EOL	Finish the oriented bounds buffer.
0044cc50	PLATE	Projects object bounds through the viewport and returns a screen-space min/max rect when all corners are visible.
0044cc97	EOL	Loop over all eight bounds corners.
0044cd06	EOL	Reject corners behind the camera.
0044cd17	EOL	Reject corners outside the horizontal viewport.
0044cd3d	EOL	Reject corners outside the vertical viewport.
0044cdf3	EOL	Round min/max and return success.
0044ce40	PLATE	Draws the carry/deploy cue icon with a single animated team-color fill behind it.
0044ce4a	EOL	No active HUD/provider.
0044ce5e	EOL	Ask the provider for cue visibility/fade.
0044cf00	EOL	Use the local side color ramp.
0044cf4e	EOL	Use the remote side color ramp.
0044cf9b	EOL	Draw the icon and fill.
0044d040	EOL	Choose the side-specific icon id.
0044d10f	EOL	Use the local side second color.
0044d148	EOL	Use the remote side second color.
0044d17f	EOL	Compute the split fill boundary.
0044d1f1	EOL	Choose the width scale from display mode.
0044d2bf	EOL	Warning is active; resolve and draw the icon.
0044d30c	EOL	No complete local slot; choose fallback placement.
0044d317	EOL	Indirect jump over fallback coordinate cases.
0044d31e	PLATE	Selects one of four static connection-status records (at 0x577bd4/0x577bdc/0x577be4/0x577bec) and loads its two dword fields from [EAX] and [EAX+4].
0044d33f	EOL	Submit the icon blit.
0044d360	EOL	Fallback coordinate-pair table.
0044d39a	EOL	Play the open cue on first activation.
0044d3c6	EOL	Mark active and split the locked cargo special case.
0044d40e	EOL	Locked enemy cargo text/icon path.
0044d445	EOL	Allocate the new icon widget.
0044d484	EOL	Free the previous carried widget.
0044d4f3	EOL	Clear stale carried widget state.
0044d521	EOL	Free the previous completed-uplink widget.
0044d541	EOL	Query the local team slot.
0044d5ad	EOL	Completed slot uses the secondary widget.
0044d5c7	EOL	Incomplete slot shows Uplink or Enemy Uplink.
0044d642	EOL	Free the primary carried or pending widget.
0044d654	EOL	Test the secondary uplink widget.
0044d668	EOL	Free the secondary widget and null it.
0044d697	EOL	Skip when carried screen is not active.
0044d699	EOL	Gate the close sound on audio/settings state.
0044d6c5	EOL	Clear the carry-active flag.
0044d6d4	EOL	Free the active carried widget.
0044d700	EOL	Return the carry-active byte at 00678152.
0044d710	PLATE	Temporarily sets a miniature camera and projection, then renders an object model into a HUD preview slot.
0044d735	EOL	Skip first-use preview timestamp init.
0044d921	EOL	Draw returned model proxy.
0044d92a	EOL	Restore render mode after preview.
0044d980	PLATE	Renders the selected vehicle model for entry UI preview using an isolated camera pass.
0044d99e	EOL	Preview scale is nonzero.
0044d9b3	EOL	Source model radius is valid.
0044d9f5	EOL	Keep preview camera distance nonnegative.
0044dbb6	EOL	Render returned proxy.
0044dc20	PLATE	Draws the carried overlay text, carried item label, and carried-object model preview.
0044dc2f	EOL	Optional primary carried preview finished.
0044dc67	EOL	strlen("Carrying:") for centering.
0044dd21	EOL	strlen carried item label.
0044de03	EOL	Render carried-object model and finalize overlay.
0044de10	PLATE	Stores the current selected object for HUD metadata and flags own-team uplinks.
0044de50	PLATE	Clears selected-object HUD context and resets selection-side flags.
0044de80	PLATE	Resolves a quoted custom or roster label for the selected object when available.
0044de98	EOL	Scan type-0x15 object-name records.
0044dec1	EOL	Return quoted name scratch string.
0044dee0	EOL	Scan known roster entries by object id.
0044def3	EOL	No custom selected-object label.
0044df10	PLATE	Builds own/enemy uplink ownership text from team-slot state.
0044df4f	EOL	Switch on team-slot state.
0044df56	EOL	Case 1: under construction.
0044df5d	EOL	Case 3: active.
0044df64	EOL	Case 4: stolen or enemy hands.
0044df90	EOL	Cases 2 and 5: idle.
0044dfa4	EOL	State jump table.
0044dfc0	PLATE	Formats selected-object distance text and appends HP when visible and relevant.
0044dfdd	EOL	Use meters below the km threshold.
0044dff7	EOL	Decide whether to append HP.
0044e015	EOL	Build HP scratch string.
0044e050	EOL	Locate the end of the range text.
0044e065	EOL	Append aligned suffix bytes.
0044e090	PLATE	Returns visible cargo or locked enemy cargo text for the selected object.
0044e09f	EOL	Scan cargo records for selected object id.
0044e0bf	EOL	Matching cargo record found.
0044e0d1	EOL	Locked enemy cargo marker.
0044e0f3	EOL	No cargo label.
0044e110	PLATE	Computes edge-offset values used to place offscreen selected-object labels.
0044e137	EOL	Clamp or fade X past the positive edge.
0044e14c	EOL	Compute X fade inside the edge band.
0044e173	EOL	Clamp or fade Y past the positive edge.
0044e18c	EOL	Compute Y fade inside the edge band.
0044e1c0	PLATE	Transforms selected-object position into view-space direction and trig values.
0044e240	PLATE	Draws offscreen selected-object leader lines and edge-anchored label rows.
0044e3f0	PLATE	Appends primary or secondary text to the selected-object label row buffer.
0044e3f8	EOL	Measure incoming row text.
0044e411	EOL	Store secondary row text.
0044e43c	EOL	Store primary row text.
0044e478	EOL	Update max width and row count.
0044e490	PLATE	Chooses animated label text color from team and relationship palette mode.
0044e498	EOL	Use the first relationship palette.
0044e4e1	EOL	Use the second relationship palette.
0044e52f	EOL	Fallback selected-label palette.
0044e580	PLATE	Builds selected-object label rows: name, team/uplink, contents, cargo, range, and HP.
0044e5c9	EOL	Missing type table uses UFO.
0044e5d8	EOL	Type 0x14 uses uplink state label.
0044e5f0	EOL	Type 0x19 standby text.
0044e641	EOL	Selected object contains item.
0044e685	EOL	Gather cargo and range strings.
0044e838	EOL	Store label pixel width and height.
0044e870	PLATE	Draws HUD text twice to produce shadowed foreground text.
0044e8e0	PLATE	Renders the buffered selected-object label rows and optional secondary text.
0044e911	EOL	Initialize row iteration.
0044e933	EOL	Draw the current primary row.
0044e9b6	EOL	Measure primary text for suffix placement.
0044e9f7	EOL	Measure secondary text.
0044ea6f	EOL	Advance to the next row.
0044eab0	PLATE	Draws one long-corner target bracket line pattern for object markers.
0044eb90	PLATE	Draws the alternate long-corner target bracket line pattern.
0044ec70	PLATE	Draws one short-corner target bracket line pattern.
0044ece0	PLATE	Draws the alternate short-corner target bracket line pattern.
0044ed50	PLATE	Selects marker sprite and UV metrics for supported tracked entity types.
0044ed5c	EOL	Check remaining supported marker types.
0044ed69	EOL	Load type 0x0c sprite metrics.
0044ed8f	EOL	Load type 0x0b sprite metrics.
0044edb5	EOL	No supported marker sprite.
0044ede0	PLATE	Tests a ray against one screen edge and stores the nearest forward hit.
0044edf8	EOL	Use alternate solve path when X coeff is zero.
0044ee29	EOL	No intersection for parallel lines.
0044eed2	EOL	Hit is behind ray direction.
0044ef0f	EOL	Compare against the nearest distance.
0044ef3e	EOL	Save the nearest edge hit.
0044ef60	PLATE	Finds where a HUD ray intersects the viewport bounds.
0044f170	PLATE	Projects a tracked entity and renders its textured HUD marker sprite.
0044f25d	EOL	Marker sprite metrics available.
0044f2fd	EOL	Projected marker orientation is unchanged.
0044f315	EOL	Emit the marker quad.
0044f4a7	EOL	Unsupported marker exits.
0044f4b0	PLATE	Projects queued threat targets and draws type-specific bracket markers.
0044f4fa	EOL	Target is in front of the camera.
0044f5c5	EOL	Compute marker radius from distance.
0044f67c	EOL	Dispatch by object type.
0044f733	EOL	Type 8 bracket pattern.
0044f739	EOL	Type 0x0b bracket pattern.
0044f765	EOL	Type 0x0c bracket pattern.
0044f7c1	EOL	Default short-pair pattern.
0044f82c	EOL	Object-type pattern table.
0044f850	PLATE	Adds enemy objects to the per-frame threat marker list when range and FOV tests pass.
0044f861	EOL	Max 0x40 queued threats.
0044f889	EOL	Distance from camera or player to object.
0044f8e1	EOL	Linked-list scan for forced tracked objects.
0044f8ff	EOL	Compute normalized view vectors.
0044f951	EOL	Reject outside the facing cone.
0044f9a7	EOL	Queue object for marker draw.
0044f9d0	PLATE	Draws corner tick marks around a projected target box.
0044fa40	EOL	Enforce at least one pixel horizontal tick.
0044fa6b	EOL	Enforce at least one pixel vertical tick.
0044fa6f	EOL	Draw the first-pass corner ticks.
0044fb71	EOL	Draw inset/secondary ticks when allowed.
0044fc87	EOL	All ticks emitted.
0044fc90	PLATE	Returns whether an entity projects inside the screen with a small margin.
0044fcc2	EOL	Convert view-space point to screen coords.
0044fd36	EOL	Reject beyond the right margin.
0044fd4b	EOL	Reject beyond the bottom margin.
0044fd74	EOL	Point is onscreen.
0044fd80	EOL	Point failed projection or bounds.
0044fd90	PLATE	Projects a target point, draws its corner box, and returns screen bounds.
0044fdd3	EOL	Convert target point to screen coords.
0044fe4e	EOL	Validate horizontal bounds.
0044fe69	EOL	Validate vertical bounds.
0044fe9a	EOL	Draw projected box ticks.
0044ff12	EOL	Write optional screen-bound outputs.
0044ff3d	EOL	Projection accepted.
0044ff47	EOL	Projection rejected.
0044ff50	PLATE	Draws selected-target health or charge bars with threshold colors.
004500f0	PLATE	Renders the on-screen marker for a tracked object: picks the friendly or enemy team color ramp by line-of-sight, draws the marker, and for matching local-team units adds health/range bars.
00450330	PLATE	Walks the active map-marker linked list, projects each marker's world position to screen space, clip-tests it against the viewport, and dispatches the per-type box-marker draw routine for local-team markers.
004504c0	PLATE	Frees all map-marker entries whose owner id matches the given entity, destroying and unlinking each from the marker list, then refreshes dependent state.
00450540	PLATE	Converts a compass tick index into a wrapped heading degree value, formats it as a string, and draws that text centered at the given screen position.
004505c0	PLATE	Draws one compass-strip tick mark (a long major tick line with a heading label, or a short minor tick) at the given screen center, then emits its heading text via Radar_DrawCompassLabel.
004506b0	PLATE	When the compass HUD is enabled, computes the view heading's sin/cos step, sets the clip bounds, and walks the 36 compass ticks outward in both directions drawing each via Radar_DrawCompassTick.
00450940	PLATE	Initializes a Meter object: sets its vftable and default fields, copies three 8-dword layout/geometry blocks into it, and stores the fill/background color bytes.
004509c0	PLATE	Selects a meter draw routine from a dispatch table based on whether the meter has a valid icon (offset 0x28) and the current render-mode flag, then tail-calls it to render the meter.
004509ea	PLATE	Selects a meter sub-record by a small index offset (0x8/0x10/0x18), loads its pointer/length pair, then invokes the rendering method at vtable offset +0x94 on the global renderer object at 0x677e54 to draw the meter.
00450b20	PLATE	Allocates and initializes the two on-screen HUD meters with positions and colors derived from current palette/ramp values, then assigns each its icon via FUN_00497820.
00450c40	PLATE	Selects a meter draw routine from a dispatch table based on the current render-mode flag and tail-calls it to render the meter.
00450d50	PLATE	Blits a HUD icon bitmap at the given position via the 2D renderer vtable, optionally drawing a formatted numeric value label and an index label beside it, and returns the placed icon's x/y.
00450ef0	PLATE	Lazily loads the pulse-cannon icon textures, draws the cannon icon plus a color-coded charge gauge bar, and returns the icon's width and height through the output pointers.
00451170	PLATE	Lazily loads the team-colored repair icon textures, draws the repair icon plus a gauge bar for the local team, and returns the icon's width and height through the output pointers.
004512f0	PLATE	Renders the vertical HUD status bar by conditionally drawing the pulse-cannon and repair gauges then iterating the carried-item list and drawing each item's icon with its count.
00451440	PLATE	Appends a sound-debug entry (a 3-float world position plus a copied name string) to the global debug-sound arrays if the entry count is below 0x7f, incrementing the count.
00451490	PLATE	If the object projects on-screen and is in the viewer's line of sight, draws its name string (plus an optional cargo-type label such as "ENEMY CARGO (LOCKED)") at its screen position.
00451740	PLATE	Walks the active object list and draws on-screen name labels for objects owned by other players, skipping the local and currently-spectated players.
004517a0	PLATE	Finds the locked-target object and, if valid, draws two right-aligned "%.1lf" distance values as the target's range readout text.
004519a0	PLATE	Finds the locked-target object and, when present, draws its parenthesized secondary "(%s)" name label right-aligned in the target info area.
00451b50	PLATE	Renders the full in-game HUD overlay for the frame: object/world markers, optional sound-debug list, player and target labels, inventory bar, crosshair reticle, and the uplink/carry status icons.
00451fe0	PLATE	Compares the local player's current hull value against the cached previous value and, when it has dropped, triggers a damage-flash or locked tint and plays a hit sound if the unit is critically damaged.
004520f0	PLATE	Finds an existing map-marker entry by id (or allocates and appends a new one), assigns its team-based color, stores the id, and duplicates the given label string into it.
004521c0	PLATE	Walks the candidate target list computing each entry's screen-space distance and returns through the out-params the nearest target's id and score, or false if none qualifies.
004522a0	PLATE	Computes an on-screen object marker position and draws a stacked column of short tick/line segments (one row per count) through the renderer's draw-line vtable slot.
004523e0	PLATE	Iterates the active entity list, filtering for visible friendly units owned by another player, and draws an object marker for each (batching the locally-owned ones into a single combined count).
004524a0	PLATE	Walks the hit-ping list and unlinks/frees every entry whose expiry timestamp (offset 0xc) is at or before the current game time.
004524e0	PLATE	Purges expired hit-pings then draws up to three target name labels for pings matching the locked target, applying an age-based color fade and a drop-shadow pass.
004526b0	PLATE	Walks the hit-ping list and unlinks/frees every entry whose first field matches the given key value.
004526f0	PLATE	Updates the local-target tracking list when a unit's target changes and, for a friendly unit now targeting an entity, allocates and appends a timed hit-ping entry for that target.
004527e0	PLATE	Walks a linked list of string entries and draws each one as a vertically-stepped HUD text row with a one-pixel drop-shadow pass.
004528a0	PLATE	Writes the candidate unit pointer to the output parameter when it shares field 0xf0 with the reference unit, has type 0x19, and a nonzero value at offset 0xd4.
004528e0	PLATE	Probes the deploy site for nearby objects at two radii and writes a deploy-status code (0/1/2) plus a descriptive message string indicating whether a power cell will deploy as primary, backup, or be blocked.
004529b0	PLATE	Checks for a nearby power source within the required radius and whether its available power exceeds the item's draw, writing a deploy-status code and the corresponding will/will-not-deploy message string.
00452a50	PLATE	Dispatches deploy-status evaluation for the currently selected cargo type, handling enemy cargo, invalid types, power cells, and power-requiring items, and writes a status code plus message string.
00452ac0	PLATE	When deploy-preview is active, evaluates the selected cargo, picks a color based on the returned status code, and draws the resulting deploy-status message via the UI renderer.
00452b40	PLATE	Sets the global availability flag at 0x00678161 when the given unit has type 0x19, its field 0xf0 equals the global at 0x00678184, and its float at offset 0xd4 is nonzero.
00452b70	PLATE	Walks the basic-help line list freeing each node's text buffer, then clears the list container itself.
00452ba0	PLATE	Opens the "help/basic" file and, for each line, trims leading whitespace and the trailing newline, expands key-binding markup, and appends the resulting text to the basic-help line list.
00452c80	PLATE	When the message ticker display is active, advances the ring-buffer index modulo its capacity and copies the next stored list entry into the display slot, returning that slot or null.
00452ce0	PLATE	Returns floating-point 1.0 when the global byte flag at 0x00678c6a is non-zero and 0.0 otherwise, acting as a boolean predicate accessor.
00452cf0	PLATE	Returns 1.0 if the global flag byte at 0x00678c69 is nonzero, otherwise returns 0.0 as a float.
00452d00	PLATE	Returns 1.0 if the HUD flag at 0x00678c78 is still set within the 5000ms window since timestamp 0x00678c74, otherwise clears the flag and returns 0.0.
00452d30	PLATE	Returns 1.0 if the flag at DAT_00678c80 is still set within the 0x1389-tick timeout window measured from DAT_005d5ee8 minus DAT_00678c7c, otherwise clears the flag and returns 0.0.
00452da0	PLATE	Destructs a context-help entry by freeing its name string, walking and freeing its line list, and destroying the embedded list container.
00452e30	PLATE	Reads file lines (skipping a leading blank) into the entry's line list until the "{end}" marker, then matches the entry name against the context-help keyword table and stores the matched callback, returning true if a keyword matched.
00452fa0	PLATE	Allocates and initializes a context-help entry with the duplicated name and two float fields, reads its text block, and either appends it to the global context-help list on a keyword match or destroys and frees it otherwise.
00453080	PLATE	Opens the "help/context" file and, for each line parsed as a name and two floats via sscanf, creates a context-help entry from the following block of lines.
004531b0	PLATE	Walks the global message-log entry list, destroys and frees each entry's payload object, then resets the list head.
004531f0	PLATE	Walks the message-ticker entry list and, subject to several global gating flags, selects the entry whose elapsed/scalar timing value crosses its threshold, stamps it with the current time at offset 0x20, and returns a pointer to it.
004532e0	PLATE	Allocates and zero-initializes the two global message-log list containers (DAT_0067bd68/DAT_0067bd6c) under SEH and returns a pointer to them.
00453380	PLATE	Frees every node string in both global message-log lists, then destroys and frees the two list containers themselves.
00453410	PLATE	When the required game-state flags are all set, swaps the structure's two list-head pointers, frees the linked cargo chain hanging off the old list, clears the remaining list, and returns the resulting list pointer (or zero when the gating flags do not match).
00453490	PLATE	Zero-initializes the two embedded list heads of the first message-log buffer pair (DAT_0067bd74/DAT_0067bd80) under SEH and returns the buffer base.
004534f0	PLATE	Frees all nodes of the two embedded lists in the first message-log buffer pair (DAT_0067bd80 then DAT_0067bd74) under SEH.
00453550	PLATE	Zero-initializes the two embedded list heads of the second message-log buffer pair (DAT_0067bd8c/DAT_0067bd98) under SEH and returns the buffer base.
004535b0	PLATE	Frees all nodes of the two embedded lists in the second message-log buffer pair (DAT_0067bd98 then DAT_0067bd8c) under SEH.
00453610	PLATE	Fetches the current message line string, computes its on-screen dwell time as length*0xAF clamped to a 3000-unit minimum, and starts the line's display timer.
00453650	PLATE	Renders the message log then decrements the current line's display timer by the frame delta, advancing to the next line when it expires and returning true once the last line is reached.
00453690	PLATE	Resets the global message-log line index/timer to the first line and starts that line's display timer using length*0xAF clamped to a 3000-unit minimum.
004536f0	PLATE	Allocates a 0x14-byte message-ticker display object, runs its constructor, and stores it in the global ticker pointer (or null on allocation failure).
00453760	PLATE	Allocates a 12-byte message node, then walks the ticker queue by priority key and inserts the node at the correct sorted position.
004537b0	PLATE	Walks the message queue, resolves each entry's text via its virtual getter, and starts displaying the first non-empty message with a duration scaled to its length (minimum 3000).
00453840	PLATE	When the game state permits HUD messages, fetches the next message if none is active, then draws/advances the current message and clears its slot when finished.
004538b0	PLATE	Word-wraps the input string to a column width derived from param_2/param_3, duplicating each resulting line and appending it to the output line list.
004539c0	PLATE	Word-wraps the current message text, draws a background rectangle, then renders each wrapped line with the HUD font renderer and frees the line buffers.
00453b60	PLATE	Returns true only when the game state flags indicate HUD ticker messages should be shown (in-game mode 3 with no blocking overlays active).
00453ba0	PLATE	Allocates the per-weapon icon table and resolves all bar and pad/tank icon textures (piercer, thumper, missile, caltrop, mine, flare, maser) by name for both teams into it.
00454960	PLATE	Selects the team's weapon-icon entry by weapon index and returns the pad/tank texture id matching the requested category and state, or 0 if none.
004549d0	PLATE	Scans the 3-int icon-slot array for the record whose id matches param_2 and resets that slot's fields to empty (-1/0).
00454a10	PLATE	Searches the global tracer-emitter slot table for an entry keyed by the source object's id (field 0xb4); returns the matching slot, or reuses a free/least-recently-used slot, initializing it with the new value and id.
00454ab0	PLATE	Clamps the input distance to a maximum, scales it through configured factors and rounds to an integer interval, then clamps the result to a minimum of 400.
00454b20	PLATE	Computes the normalized direction from the active camera object to the source object, scales it by a distance-derived factor, and spawns a type-0x22 tracer effect at that offset with a falloff-based intensity.
00454c50	PLATE	If a camera is active and a tracer source is available, finds or allocates its slot, computes the emission interval, and emits a new tracer once enough time has elapsed since the slot's last emission.
00454cd0	PLATE	Tears down any existing message dialog and builds a new modal dialog window holding a plain-text document body plus "Ok" and "Cancel" gray buttons laid out with pad widgets.
00455280	PLATE	Runs the base widget constructor and stores the left/top corner plus the computed right/bottom edges (left+width-1, top+height-1) into the widget's bounds fields at 0x28-0x34.
004552c0	PLATE	Invokes the optional pre-draw callback and base draw, then renders the widget's 3D beveled border as nested filled rectangles whose shading is derived from the current theme color.
004553b0	PLATE	Formats a "Not Yet Implemented %s" message (defaulting the component name to "unknown unimplemented component"), measures it, and draws it centered within the widget's bounds before freeing the temporary string.
004554f0	PLATE	Constructs a Not_Allowed_Document_Viewer: runs the base constructor, installs its vtable, duplicates the placeholder "now would be a good time to panic" title and body strings, and initializes its bounds fields.
00455640	PLATE	Updates the viewer's title and body strings if they changed, then rebuilds its UI by clearing children and the old document and constructing a new label, pad widget, child viewer, and rich-text document.
00455920	PLATE	Formats a three-column squadron roster row ("%-20.20s %-20.20s %18.18s") into the active list widget using the current font's scaled line height.
004559a0	PLATE	Sends a squad-create network message built from the four selected roster entries' name strings and sets the squad-pending flag at 0x0067be30.
004559e0	PLATE	Iterates the four child objects referenced at offsets 0, 4, 8, and 0xc of the structure in param_1, zeroing field +0x2c of each child's +0x40 object and clearing the byte pointed to by that object's +0x28 pointer when non-null.
00455a40	PLATE	Builds the "CREATE A NEW SQUADRON" dialog with Squad Name/Charter/Your Title/Description entry fields plus Okay! and Clear buttons, and stores it in the global squadron-create dialog pointer.
00456550	PLATE	Okay-button handler for the invite dialog: validates the entered name against the local player, sends the invitation request via FUN_0046bef0 and prints "Sending Invitation Request...", or pops an "INVITATION FAILURE" message box on mismatch.
00456660	PLATE	Clear-button handler for the invite dialog: empties the four invite entry-field text buffers and prints "Cleared invitation request".
004566d0	PLATE	Builds the "INVITE A PLAYER" dialog with Invite/Title/Permanent Description/Invitation Notes entry fields and Okay!/Clear buttons wired to the invite handlers, and stores it in the global invite-dialog pointer.
00457270	PLATE	Okay-button handler for the oust dialog: validates the entered name against the local player, builds and sends a "SQUAD_OUST" network packet and prints the ousting-request message, or pops an "OUSTING FAILURE" message box on mismatch.
00457390	PLATE	Clear-button handler for the oust dialog: empties the oust entry-field text buffer and prints "Cleared oust request".
004573c0	PLATE	Builds the "OUST A CURRENT SQUADRON MEMBER" dialog with an Oust entry field and Okay!/Clear buttons wired to the oust handlers, and stores it in the global oust-dialog pointer.
004579d0	PLATE	Appends a titled section to the parent container: a heading LabelItem with the given text, a spacer pad, and a plain-text markup document widget for the body.
00457ba0	PLATE	Appends a heading LabelItem with the given text plus a width-limited plain-text markup document widget (built from param_2) into the parent container as an indented titled text block.
00457d50	PLATE	Tears down the squad info widget and markup document, then if confirmed sends a SQUAD_COMMAND packet carrying command code 1 (resign confirm).
00457e10	PLATE	Caches the current player name, frees any prior squadron markup documents, and rebuilds the squadron-resignation panel with header labels, the charter pad, and a "RESIGN FROM SQUAD!" button.
004584a0	PLATE	Tears down the squad info widget and markup document, then if confirmed sends a SQUAD_COMMAND packet carrying command code 2 (resign cancel).
00458560	PLATE	Caches the current player name, frees any prior squadron markup documents, and rebuilds the squadron-disband panel with header labels, the charter pad, and a "DISBAND SQUAD!" button.
00458bf0	PLATE	Closes the squadron-invitation dialog and, based on the button action (0=accept, 1=reject), either sends a join/decline request or shows a "CANNOT JOIN ANOTHER SQUAD"/"SQUAD JOIN REQUEST IN PROGRESS" message box.
00458cf0	PLATE	Tears down any previous invitation widgets and, when given an invitation record, builds the "OFFICIAL SQUADRON INVITATION" dialog with description/notes pads and Accept/Reject/Cancel buttons wired to SquadUI_OnInvitationButton.
004594d0	PLATE	Constructs the "OUTSTANDING INVITATIONS" window, building its column header, scrollable list view, and a "Reject All Invitations!" button, and stores the resulting widget in the global window pointer.
00459a20	PLATE	Clears the relevant pending-transaction flag and pops up the matching status message box for each squadron operation result code (establish/invite/oust/join/resign/disband success or failure).
00459d10	PLATE	Returns whether the local player may form a new squadron, writing a "CANNOT FORM A SQUAD" title and a reason string (guest, transaction in progress, or already in a squad) into the output pointers.
00459d90	PLATE	Returns whether the local player (must be the squad originator) may invite others, writing a "CANNOT INVITE OTHER PLAYERS" title and a reason string (guest, not an owner, no squad, or transaction in progress) into the output pointers.
00459e10	PLATE	Returns whether the local player (must be the squad originator) may oust members, writing a "CANNOT OUST ANY MEMEBERS" title and a reason string (guest, not an owner, or no squad) into the output pointers.
00459e80	PLATE	Returns whether the local player may resign from their squadron, writing a "CANNOT RESIGN FROM SQUAD" title and a reason string (guest, not in a squad, is the owner, or data missing) into the output pointers.
00459f30	PLATE	Determines whether the local player may disband their squadron, rejecting guests, non-members, and non-owners, and returns an OK flag plus a title/body error message for display.
0045a050	PLATE	Handles the "Form A Squad" menu action: validates eligibility and on failure shows the error panel, then swaps the active selection widget to the form-squad target or the error panel.
0045a0f0	PLATE	Handles the "Invite Players" menu action: validates eligibility and on failure shows the error panel, then swaps the active selection widget to the invite-players target or the error panel.
0045a1d0	PLATE	Handles the "Resign From Squad" menu action: on failed validation shows the error panel, otherwise lazily creates the resign confirmation dialog widget, makes it the active selection widget, and runs the resign workflow.
0045a310	PLATE	Handles the "Disband Squad" menu action: on failed validation shows the error panel, otherwise lazily creates the disband confirmation dialog widget, makes it the active selection widget, and runs the disband workflow.
0045a4b0	PLATE	Allocates a squadron-menu button widget with the given label and click handler, stores it via the caller's ESI slot, and registers it in the menu's several widget lists (including the validation-callback list).
0045a590	PLATE	Builds the squadron menu panel widget at the given rectangle, creates its six labeled action buttons (Invitations, Form, Invite, Oust, Resign, Disband), and lays them out vertically.
0045a7b0	PLATE	Attaches the squadron menu panel and every registered squadron button widget to the root UI container's child list.
0045a7f0	PLATE	Initializes the squadron UI screen: sets the panel bounds, constructs the selection and not-yet-implemented widgets and the message panel, runs the sub-screen initializers, builds the menu panel, and attaches everything to the root container.
0045a9e0	PLATE	Walks every registered squadron menu button, invokes its validation callback, and sets the button's display state to enabled (6) or disabled (1) accordingly.
0045aaf0	PLATE	Info_Widget virtual event handler that, for event type 1 whose subcode is in the range 5..7, tears down the widget via InfoWidget_Destroy and always returns true.
0045ab20	PLATE	Computes scaled screen rectangles via the fixed-point helper and invokes the widget's and its rich-text child's vtable layout/position routines, then updates the child's stored x/y origin and size fields.
0045ac80	PLATE	Renders the Info_Widget by drawing its background fill, border, and title-bar text through the global renderer vtable using palette-derived shade colors, then calls the base class draw to render child content.
0045af40	PLATE	Thin thunk that forwards to InfoWidget_Destroy to release the current Info_Widget instance.
0045af50	PLATE	Tears down an Info_Widget by clearing the active-widget globals if it is current, freeing its text buffer and markup document (via Markup_FreeDocument), and unlinking it from its parent's child list.
0045afc0	PLATE	Constructs an Info_Widget, initializes its fields and vtable to defaults, and delegates to InfoWidget_Init to build its rich-text child using the current default parent context.
0045b060	PLATE	Constructs an Info_Widget bound to an explicit parent and existing child node, initializes its fields and vtable, and delegates to InfoWidget_Init for setup.
0045b0f0	PLATE	Initializes an Info_Widget by either allocating a new rich-text child and markup document or adopting an existing node, computing its layout, duplicating the title string, and linking it into the parent's child list.
0045b360	PLATE	Draws the loading-screen footer by filling a bottom bar and rendering the formatted "%d.%d.%d %s" version string right-aligned via the global renderer vtable.
0045b4c0	PLATE	Looks up the "loading_screen" config texture and, if the renderer is ready, runs five present passes that clear the frame, blit the background image, draw the version banner, and flip the buffer.
0045b5c0	PLATE	Expands the stored axis min/max range to include the current raw reading and returns the normalized signed deflection (-1..+1) of that reading within the calibrated range.
0045b690	PLATE	Reads the current joystick axes during calibration, updates the calibrated X/Y axis values and the min/max range, and sets the calibration-data-ready flag.
0045b720	PLATE	Stores the six joystick calibration parameters (min, center, max for each axis) into the global calibration state and records their rounded integer forms.
0045b800	PLATE	Returns the current float value of a device-axis object (negated if its invert flag is set), or zero if joystick calibration is not yet active.
0045b830	PLATE	Allocates and constructs the three Joystick_Device_Axis objects (X, Y, throttle), binds each to its calibrated value global, and registers them with the input system.
0045b9b0	PLATE	Constructs a Joymap_Widget, zeroing its state fields, storing the parent pointer, installing its vtable, and setting its width/height from the global display-scale factor.
0045b9f0	PLATE	Marks calibration complete and commits the captured axis extremes as final calibration parameters, computing each center as the midpoint of its recorded min and max.
0045ba50	PLATE	Advances the joystick calibration state machine at most every 500ms, transitioning through the center/circle/recenter/done/failed stages and rebuilding the calibration UI on each step.
0045bb90	PLATE	Builds and returns the rich-text/HTML instruction string for the joystick calibration dialog corresponding to the current calibration state.
0045bc70	PLATE	Rebuilds the joystick calibration map-frame UI by composing the rich-text instruction document, attaching the live joymap widget during active stages, and creating/laying out the calibration frame.
0045bef0	PLATE	Draws the centered joystick-calibration quad for the given rect, then if both registered input axes are active draws the cursor reticle at the position given by their current axis values.
0045c010	PLATE	Lazily loads the calibration background texture and draws it, and if both input axes are working extends the recorded min/max calibration bounds from the current axis values, otherwise renders the "No working joystick detected." message.
0045c200	PLATE	Allocates and initializes the joystick-calibration UI screen, switches video mode if needed, loads the green-brown and blue background textures, wires the panel draw callbacks, and rebuilds the calibration UI.
0045c340	PLATE	Constructs the action-debug multigraph titled "Action [%d] (WHT raw)(YEL filter)(GRN sig)", adds a default timegraph, and configures its three plotted series and child-graph bounds.
0045c510	PLATE	If the action-debug multigraph exists, pushes the current scaled raw/filter/signal sample triple into the peek graph for this frame.
0045c580	PLATE	Lazily creates the action-debug multigraph and toggles it attached to or detached from the current target widget based on the active/visible state flags.
0045c600	PLATE	Stores a new target value and active flags on the action object, and if it differs from the table baseline and at least 100 ms have elapsed records the change timestamp and sets the global dirty flag.
0045c640	PLATE	Advances the action's smoothing filters for this frame, detects sign changes and threshold crossings of the filtered value, and on a confirmed transition latches the new value and raises the global action-changed flag.
0045c800	PLATE	Initializes the three smoothing-filter sub-objects of the action object (at +0x18, +0x48, +0x78) to zero and returns the object pointer.
0045c870	PLATE	Destroys the three smoothing-filter sub-objects of the action object (at +0x78, +0x48, +0x18) in reverse order.
0045c8e0	PLATE	Lazily allocates the global table of 22 state channels and resets each channel's fields, filters, sample lists, and current/target value caches to defaults.
0045ca30	PLATE	Sets the target value for one channel and, if the channel is active, runs its update handler (type-5 vs default), caching the value when the handler declines to consume it.
0045ca90	PLATE	Per-tick pass over all channels that ages each filter, recomputes the smoothed value, and emits a change event whenever a channel's value differs from its last broadcast value.
0045cc30	PLATE	Allocates a channel-event record, fills it with the channel index and a remapped/ramped value, and appends it to the outbound event list.
0045ccd0	PLATE	Emits a channel-event for every channel index 1..21 using each channel's current cached value, forcing a full resync of the outbound event list.
0045cd00	PLATE	Walks the subscription bucket for the current type and unlinks/frees every node whose type byte and id match the given key.
0045cd60	PLATE	Replaces any existing subscription for the key, then allocates a type-0 (value) subscription node and inserts it into the table.
0045cdb0	PLATE	Replaces any existing subscription for the key, then allocates a type-1 (named/callback) subscription node, duplicating the supplied name string, and inserts it into the table.
0045ce20	PLATE	Lazily creates the per-type subscription bucket list indexed by the node's type byte and appends the given subscription node to it.
0045cea0	PLATE	Scans a subscription bucket for the entry whose capability mask is a subset of the query mask with the fewest extra bits, returning that best-matching subscription.
0045cef0	PLATE	Walks a key binding list and strncmp-compares the given command name against each entry's name, returning 1 only if no entry matches (name not already bound).
0045cf40	PLATE	Handles a key-down event by finding the best modifier-matching binding for the key code and either setting its pressed flag or invoking its press callback.
0045cfb0	PLATE	Handles a key-up event by iterating every binding in the key's list and clearing each pressed flag or invoking each release callback.
0045d020	PLATE	Routes an input event to the binding system, dispatching key-down for type 1 and key-up (by key code lookup in the keymap table) for type 2.
0045d060	PLATE	Compares two strings for case-insensitive equality, returning nonzero only when both reach their terminators together.
0045d0e0	PLATE	Scans the fixed command-descriptor table (0x58-byte stride) for an entry whose name matches the given string case-insensitively and returns its address.
0045d130	PLATE	Resolves a key name to its key-table entry, using a direct char-indexed lookup for single-character names and a case-insensitive named-key table search otherwise.
0045d1c0	PLATE	Matches a key-designation substring against the modifier-name table (e.g. Alt, Ctrl) and ORs the matched modifier's bit mask into the accumulated modifier flags.
0045d250	PLATE	Parses a key-designation string of dash-separated modifier tokens plus a key name into output key-entry and modifier-mask values.
0045d300	PLATE	Press/release callback for an axis binding that converts the button state into a 0.0/1.0 axis value and applies it (clamping a related slider when releasing).
0045d3f0	PLATE	Pushes a 0.0/1.0 press value for the key into the key-state dispatcher and, when the key (code 8) is pressed in a valid in-game context, fires gameplay event 14.
0045d4b0	PLATE	Walks the axis-binding list for bindings matching the given axis, applies each binding's response-curve function, and records the largest-magnitude positive and negative contributions.
0045d5b0	PLATE	For an enabled axis control, combines the positive/negative axis extremes (or default/return values) into a target and applies it to the bound slider via Slider_SetValueClamped.
0045d9b0	PLATE	Console command that parses a key designation, axis name, and relative/absolute mode, allocates and registers an axis-binding node, and replies "Okay." or an error string.
0045dbf0	PLATE	Console command that looks up the named input device and removes all of its registered bindings, replying with an error when the device is unknown.
0045ded0	PLATE	Searches the registered-axis list for an entry whose name string-matches the query and returns that axis's associated value pointer, or 0 if none matches.
0045df30	PLATE	Initializes the input subsystem: allocates the key-binding hash table, fills the keycode-to-name table, registers commands and the named control axes (zoom_level, forward_thrust, etc.), and executes the keymap config file.
0045e600	PLATE	Finds the axis-binding node matching the given axis and key identifiers, unlinks it from the binding list, and returns the freed node (or 0 if not found).
0045e640	PLATE	Iterates every enabled axis binding, recomputes each bound control's value from its positive/negative axis extremes, clamps it to the control's min/max, and marks the control dirty.
0045e720	PLATE	Routes the argument to one of the handlers in the jump table, selecting the offline variant when the network/session global is null.
0045e7d0	PLATE	Computes and stores the clip-rectangle (origin, size, stride offset, right/bottom bounds) for the requested multi-pane split index into the active viewport descriptor.
0045e8b0	PLATE	Builds a viewport clip-rect descriptor from a top-left and bottom-right corner pair (selected by mode index), filling origin, width/height, stride offset, and inclusive right/bottom bounds.
0045e960	PLATE	If not already active, switches the current viewport to clip-mode 1 (full-screen) by loading its origin/size from the global full-screen rect and recomputing the stride offset and bounds.
0045e9c0	PLATE	If not already active, switches the current viewport to clip-mode 4 by hard-coding the fixed HUD 3D-view pane rect (origin 33,357, size 574x101) and recomputing its stride offset and bounds.
0045ea20	PLATE	If not already active, switches the current viewport to clip-mode 2 by loading the main 3D scene pane rect from globals and recomputing its stride offset and bounds.
0045ea80	PLATE	If not already active, switches to clip-mode 3 by building the scene rect (full or half-width depending on the renderer's split flag) and sets the dirty/refresh flag on each related framebuffer descriptor.
0045eb00	PLATE	Records whether the high-resolution mode is active, then dispatches through a resolution-indexed handler table (640x480 vs other) to program the current viewport clip rect into the renderer.
0045ed30	PLATE	Selects the 640x480 or high-resolution viewport handler from a function-pointer table based on the passed resolution flag and invokes it.
0045eda0	PLATE	If the particle's expiry time has been reached, lazily creates its draw-list head node, allocates a 0x40-byte record from the arena, copies the 14-word particle payload into it, and links it onto the list.
0045ee60	PLATE	Iterates the fixed-count particle array and then the linked overflow list, emitting every particle whose lifetime has expired into the draw list and returning the resulting list head.
0045eee0	PLATE	Appends a transient light-flare record to the per-frame flare array, copying the source position from the given vec3, alpha and color parameters, and either a config-scaled RGB intensity or a default white tint.
0045ef80	PLATE	Computes the integer bounding rectangle enclosing the persistent flare list and invalidates that region of the map texture via MapTexture_InvalidateRectRecursive.
0045eff0	PLATE	Allocates a 0x38-byte persistent flare record for an entity, fills in its color, position from the entity transform, and back-pointer, links it into the persistent flare list, then invalidates the map bounds.
0045f050	PLATE	Writes the flare RGB color triple for an entity, choosing the friendly color when the entity team field matches the local player's team and the hostile color otherwise.
0045f090	PLATE	Unlinks and frees every persistent flare record whose back-pointer matches the given light entity (type 0x23), invalidating the map bounds after each removal.
0045f0f0	PLATE	Rebuilds the persistent flare list by first removing all existing flares for light entities (type 0x23) and then allocating a fresh team-colored flare record for each such entity in the world.
0045f1c0	PLATE	Transforms the vec3 in place by the 3x3 matrix supplied as nine consecutive elements, computing each output component as the dot of the original vector with a matrix row.
0045f220	PLATE	Builds a plane equation from three points, storing the normalized cross-product of the two edges as the normal and the negated dot of the normal with the first point as the plane distance.
0045f2e0	PLATE	Computes a polygon's face normal from its first three vertices via Plane_FromThreePoints and writes the normalized normal to the output vec3.
0045f340	PLATE	Computes the normalized vertex normal at the given vertex index of a polygon from the cross product of edges to its wrap-around neighboring vertices.
0045f3b0	PLATE	Returns true when the magnitude of the edge cross-product currently on the FPU stack is less than the given threshold, used to detect collinear/degenerate polygon vertices.
0045f480	PLATE	Walks the polygon's vertices, computes each vertex's edge normal, and removes any collinear vertex from both the position and UV lists, returning true if fewer than three vertices remain.
0045f550	PLATE	Constructs an edge-class (coplanar-polygon group) object from a seed polygon, initializing its member/leftover lists, copying the polygon plane equation and vertex count, registering it in the global edge-class list, and building its texture basis.
0045f600	PLATE	Iteratively grows an edge class by merging adjacent polygons that share an edge with its members, popping the work stack and selecting the resulting merged polygon for the class.
0045f7a0	PLATE	Cyclically rotates the polygon's vertex-position and UV lists by the given offset so a chosen vertex becomes the new starting vertex.
0045f8c0	PLATE	Removes collinear vertices, averages the per-vertex normals into a face normal, then finds the vertex whose local normal best aligns with the face normal and rotates the polygon so that vertex starts the list.
0045fbf0	PLATE	Destructor for an edge-class object that unregisters it from the global edge-class list and frees its member and leftover polygon lists.
0045fc70	PLATE	Pops a seed polygon from the stack to create a new edge class, then distributes the remaining polygons into the class when they share an edge or onto its leftover list otherwise.
0045fd60	PLATE	Computes the two texture-coordinate gradient (U and V) basis vectors for a polygon by solving the UV-versus-position deltas of its first three vertices in the face's local plane frame.
004600e0	PLATE	Stores a polygon's reference vertex position, reference UV, and computed U/V texture gradient vectors into the edge-class structure for later texture mapping.
00460160	PLATE	Transforms each of the polygon's 3D vertices by the edge-class affine basis matrix (rows at this+0x40/0x50, origin at this+0x2c) and writes the resulting 2D coordinates into the polygon's parallel point list.
00460230	PLATE	Scans the global edge-class list for an active class whose face normal is within the given angular tolerance of the polygon's normal and, if the polygon merges with one of that class's existing polygons, adds it to the class (otherwise returns true to signal a new class is needed).
00460340	PLATE	Destroys a polygon vertex-dedup-map object by freeing each entry payload in its linked list at +4 and then tearing down its two member containers at +0xc and +0.
004603c0	PLATE	Builds a copy of the source polygon, remapping each vertex index through the shared dedup map (param_2) so duplicate vertices are unified, and copies the parallel 2D point list into the new polygon.
00460520	PLATE	Computes the cross product of the two 2D edges formed by the polygon's first three points (points 0,1,2) and stores the signed Z component (twice the triangle area) into the output vector.
004605e0	PLATE	Searches the two polygons for a common edge (a vertex that appears in both with the next/previous neighbor matching in reverse winding), optionally requiring the two faces to be near-coplanar, and returns the two shared vertex indices via param_3/param_4.
00460850	PLATE	Builds a new polygon that merges this polygon with param_1 along their shared edge (vertices param_2..param_3) by walking both vertex rings and copying the non-shared boundary vertices and their 2D points in order.
00460a80	PLATE	Computes the polygon's face normal by testing consecutive vertex triplets and returning the first edge cross product whose length exceeds the epsilon threshold (or a zero vector if every triplet is degenerate).
00460b70	PLATE	Tests whether the vertex at index unaff_EBX is convex by taking the cross product of its two adjacent edges and checking that its dot with the reference face normal is not on the wrong side of the negative tolerance.
00460c10	PLATE	Computes the polygon's face normal and returns true only if every vertex passes the per-vertex convexity test, i.e. the polygon is convex within the given tolerance.
00460c90	PLATE	If two polygons share a common edge segment, builds and returns their merged polygon (validating convexity), otherwise frees it and returns null.
00460d10	PLATE	Walks every polygon in the entity-class polygon list and returns true if any polygon references the given vertex index.
00460d60	PLATE	Removes and frees collinear/degenerate polygons from the first list and polygons whose vertices are no longer referenced from the second list.
00460e00	PLATE	Tries to merge the current polygon into an existing one; if that fails (or it is forced), allocates a new 0x60-byte polygon node, builds it, and flags it as shared when requested.
00460e90	PLATE	Drains the pending polygon queue, prunes degenerate/unused polys, then builds and returns a new hardened-geometry container with edge references reconciled against the merged polygons.
00461000	PLATE	Allocates a mesh-hardening builder, feeds every polygon of the entity class through the insert-or-merge step, and returns the finalized hardened-geometry container.
00461110	PLATE	Constructs a 0x18-byte mesh-hardening builder by initializing its two internal polygon lists.
00461170	PLATE	Measures the length of the given login status message and stores its color byte and string pointer into the login-screen status-line globals.
004611c0	PLATE	Sets up the login "Choose a handle" prompt and creates a text-entry widget preloaded with the saved handle for the player to edit.
00461350	PLATE	Sets up the login "Enter your password" prompt and creates a text-entry widget preloaded with the saved password for the player to edit.
004614a0	PLATE	Builds the "new handle / supply a password" login text-entry widget, seeds its edit buffer with the pending handle string from DAT_00679150, and registers it as the active login screen.
004617f0	PLATE	Dispatches on the server's Protocol::login_status code, switching the login UI to the appropriate prompt (new account, password, retry, etc.) or logging an unhandled-code error.
00461a00	PLATE	Allocates and initializes the login screen object (stored in DAT_005f35ec), wires up its vtable handlers, reads the saved WULFRAM registry handle index, and clears the login message-line globals.
00461b30	PLATE	Duplicates the entered account name and password into the login globals and, when the network channel is ready, builds and sends a LOGIN protocol message to the server.
00461c90	PLATE	Marks the login screen as active and, if both auto-login flags are set, clears the one-shot flag and immediately submits the stored credentials.
00461cd0	PLATE	Draws a one-pixel-inset filled rectangle via the renderer's draw-quad and blit vtable entries (decompilation degraded; corners come in via registers).
00461d30	PLATE	Renders the login screen: draws the version banner and textured panels, then draws the login message lines plus optional Server/Account labels with their current values.
004623f0	PLATE	Tears down any prior dialog and builds the "ACCOUNT HANDLE REQUEST" InfoWidget with a Handle label, text-entry field, rich-text markup, and Okay/Exit Game buttons.
00462c10	PLATE	Removes each child id (listed at entry+0x10) from its hash bucket, bumps the global max-id watermark from entry+0xc, and unlinks the entry itself from the primary hash list.
00462c70	PLATE	Bumps the global max-id watermark from entry+0x10 and unlinks the entry from its secondary hash list.
00462c90	PLATE	Allocates and constructs the lost-OID hash bucket array of DAT_0067cd28 buckets (each 0xc bytes), or re-initializes the buckets in place if the array already exists.
00462d80	PLATE	Static initializer for the lost-OID subsystem: constructs the two node lists, sets the bucket count to 0x23, and builds the hash bucket table.
00462e00	PLATE	Static destructor for the lost-OID subsystem: destroys and frees the hash bucket array and tears down the two node lists.
00462e90	PLATE	Allocates an OID-set object {count, int* array} of the given size, aborting via lose_oid.cpp error and exit() if the requested size is negative.
00462ef0	PLATE	Given an OID set, if its first OID is not already lost, allocates a delete_node, links it into the pending list, and marks every OID in the set into the hash table.
00463020	PLATE	Searches the node list for an active hide_node matching the OID and, if none current covers the given threshold, allocates a new hide_node and links it into the pending list.
004630d0	PLATE	Returns whether the given OID is currently considered lost/hidden at the supplied threshold by checking the lost-OID hash table and the active hide_node list.
00463130	PLATE	Constructs a Menu object, installing its vftable, default geometry/state fields, item-list, and the caller-supplied parent/position/style parameters.
00463200	PLATE	Finds the message-list entry by id (or the current entry when id is -1), frees its old text, stores a strdup copy of the new string, and records the string length.
00463270	PLATE	Allocates a new message-list entry holding a strdup'd text string, its length, the assigned id and two attribute fields, then inserts it into the message list.
004632d0	PLATE	Toggles the selectable/enabled flag (item+0x14) on the voice-data and related sound menu items according to the voice-capable feature flag DAT_006782ed and active player count.
00463350	PLATE	Computes the column width, max item height and overall pixel bounds of a menu page, stores them in the menu struct, then clears the page surface and lays out each child item's sub-surface.
00463460	PLATE	Re-lays out the menu, deselects the currently highlighted item via its vtable, resets the selected-item index to 0, and selects item 0 via its vtable.
004634b0	PLATE	Renders a menu page: clears the page surface, then for each item draws its background bar, optional selection highlight and label-arrow, and invokes the item's own draw vtable method at the computed position.
00463710	PLATE	Closes the topmost open menu on the active menu stack, removing it from its parent surface and clearing its open flag, and returns true if a menu was popped.
00463790	PLATE	Pushes the given menu onto the active menu stack, records its parent surface, marks menus active, and opens the menu by attaching it to the parent surface and setting its open flag.
004637f0	PLATE	Detaches and closes every open menu, empties the active menu stack, clears the menus-active flag, and marks all top-level windows as needing redraw.
00463860	PLATE	Slider callback that computes the voice-playback volume ratio from the slider value, enables or disables the voice playback object accordingly, pushes the new gain into it, and refreshes the option label.
00463ae0	PLATE	Slider callback that computes the voice-capture volume ratio from the slider value, toggles voice recording on or off, refreshes the option label, and pushes the new capture gain into the voice object.
00463c10	PLATE	Option-formatter callback that clamps the sound-mode index to 0-3, formats the matching label ("Use Hardware" / "Use Software [good/full HRTF]") into the shared option-text buffer, and returns the buffer pointer and clamped value.
00463dc0	PLATE	Integer_Thermo callback that wraps the slider value to 0/1, formats the matching "Off"/"On" label into a static buffer, and returns the clamped index via the out-parameters.
00463e30	PLATE	Integer_Thermo callback that wraps the slider value to 0/1 and formats the matching label (donor-gated "Off - for donors only" / "On") into a static buffer, returning the clamped index via the out-parameters.
00463ed0	PLATE	Thermo slider callback that converts the slider position into a gamma factor (2*pos / slider-max), pushes it to the render device via vtable slot 0x40, and stores it in the global gamma value.
00463f10	PLATE	Thermo slider callback that converts the slider position to a HUD/view-text size index (slider-max minus position) and applies it via the HUD layout updater.
00463f30	PLATE	Thermo slider callback that computes a view clip-plane scale (slider position / slider-max), stores it globally, and forwards it to Viewport_SetExtraClipPlaneScale.
004641a0	PLATE	When the render-device selection changed, duplicates the new device name and attempts to switch the active 3D device, committing on success or freeing the duplicate and restoring the previous device on failure.
00464240	PLATE	Seeds the render-device Integer_Thermo with the current device index, invokes its format callback to produce the display label, and replaces the cached label string.
004642a0	PLATE	Seeds an Integer_Thermo with the current display-mode setting, invokes its format callback to produce the option label, and replaces the cached label string.
004644c0	PLATE	One-time builder that loads the menu bitmaps and constructs every options-menu widget (Thermo sliders, Word_Thermo toggles, Integer_Thermo selectors) for the sound, graphics, and gameplay settings pages, seeding each with its current config value.
004655b0	PLATE	If the effect manager exists, ticks all active emitters and, when the manager is enabled, spawns effect type 0x2d at the current ambient intensity.
00465600	PLATE	If a sound device is active and ready, plays the menu selection/activation UI sound (id 0x19 or 0x2c depending on a flag) at the configured volume.
00465650	PLATE	Activates the major mode: snapshots the current display config on first entry, runs the mode init/setup sequence, and stores the supplied flag byte.
004656c0	PLATE	When the mode is active, reloads player config and, if the display resolution/fullscreen settings changed, tears down and recreates the render device object and reapplies the windowed flag.
004657a0	PLATE	Renders one frame of the active major mode: integrates the menu sliders, invokes the current screen's draw method, and overlays the version banner.
00465890	PLATE	Advances the menu's selected item index by the given delta with wraparound, firing the leave callback on the old item and the enter callback on the new item, then plays the selection sound.
00465940	PLATE	Handles a UI input event by dispatching key-down codes to move the selection up/down, activate the current item, or back out of the mode, delegating unhandled events to the current selected item.
00465a70	PLATE	Destructor for a Major_Mode object: installs the Major_Mode vtable then runs the base-class destructor cleanup.
00465a80	PLATE	If a child screen is attached, draws the centered generic major-mode title string ("GENERIC 3MACS MAJOR MODE") via the renderer's text-draw vtable method.
00465ae0	PLATE	Swaps the active child screen: detaches and notifies the previous screen, attaches the new one, and repositions/resizes it from its border and rect fields.
00465b40	PLATE	Allocates and initializes a 0x30-byte Major_Mode instance, setting default position/size fields, an empty selection index of -1, the Major_Mode vtable, and the "Generic Major Mode" name.
00465ba0	PLATE	Skips leading whitespace then copies the next printable, non-whitespace token (up to 511 chars) from the input buffer into a local buffer, returns it as a strdup'd string, and reports the advanced cursor and remaining length via the output pointers.
00465c70	PLATE	Copies the tagmap rule's texture-id/mask arrays into temp buffers, sorts them via FUN_0049cc50, writes the sorted pairs back into the rule, and records the minimum texture priority byte and entry count into the rule header.
00465d40	PLATE	Scans the texture-id array for entries that duplicate the current id, OR-merges their bitmask into the kept entry, and compacts the array by swapping in the last element while shrinking the count.
00465da0	PLATE	Builds a tagmap substitution rule from up to four bitplane texture ids by deduplicating their masks, allocating a 0x1a-byte rule record, populating its texture-id/mask entries, and sorting it via TagMap_SortRuleEntries.
00465e90	PLATE	Parses a whitespace-separated tagmap rule line into up to four (texture-name, value) pairs, resolves each name to a texture index via FUN_004f5aa0, fills a 0x1a-byte rule record with the indices and XOR-masked values, and sorts it.
00466050	PLATE	Reads the open tagmap2 file line by line and, for each line beginning with '+', parses it into a rule via TagMap_ParseRuleLine and appends the rule to the global tagmap rule list.
004660d0	PLATE	Builds the "maps/<mapName>/tagmap2" path, opens that file, and if present parses all its rules via TagMap_ParseRuleFile and closes it, returning whether the file was successfully opened.
004661d0	PLATE	Re-reads the map's tagmap2 file to build an old-to-new texture-index remap table from the rule list, then rewrites every tile texture reference in the global tile array through that table.
004663e0	PLATE	Composites a tagged texture by blending each source texture layer over the destination texture using its per-layer bitmask (dst = src&mask | dst&~mask) across the tile's pixel span.
004664d0	PLATE	Flattens the linked global tagmap rule list into a contiguous index array, frees the list, finalizes the rule set, and applies the texture remap to the loaded map via TagMap_RemapTileTextures.
00466550	PLATE	Maps a scalar value through a color ramp, returning the clamped low/high endpoint color or the linked-list ramp entry at the normalized index.
00466610	PLATE	Rebuilds the global elevation color ramp, filling its entry list with palette color bytes scaled per band and setting the ramp's min, max, and step from the world height bounds.
00467090	PLATE	Rebuilds the global relief/shading color ramp, filling its entry list with scaled palette color bytes and setting its min, max, and step for the slope-shaded overview pass.
00467690	PLATE	Renders the slope-shaded relief layer into the overview texture by sampling terrain gradient at each grid cell and writing the relief-ramp color byte.
00467800	PLATE	Renders the base elevation layer into the overview texture by sampling terrain height at each grid cell and writing the elevation-ramp color byte.
00467900	PLATE	Constructs a Medic_Client object, setting its vtable, looking up its type entry, and allocating and initializing the backing Medic_Vehicle instance.
004679a0	PLATE	Stores the given value into the Medic_Client object field at offset 0x14 (unidentified field; named by observable write).
004679b0	PLATE	Initializes the 256-entry shifted-character lookup table, mapping a-z to uppercase and the digit/punctuation keys to their shift-modified symbols.
00467a70	PLATE	Computes the length of the given C string and posts it as a console/chat message line via the message-queue append routine.
00467aa0	PLATE	Posts a console message reporting whether a kudos request succeeded, or formats and posts a "Kudos request failed: %s" message on failure.
00467b80	PLATE	Lowercases the destination string and matches it against the message-destination name table, falling back to a player-name lookup, returning the resolved destination code or an error message.
00467c60	PLATE	Resolves the destination name and stores it as the active (and optionally default) chat message destination, or prints an error message if resolution fails.
00467db0	PLATE	Strips a leading slash, splits off the first whitespace-delimited destination token, sets it as the chat message destination, and returns a pointer to the remaining message text.
00467e30	PLATE	Compares two NUL-terminated strings two bytes at a time and returns true when they are exactly equal.
00467e60	PLATE	Skips leading spaces, NUL-terminates the next space-delimited word in place, and advances the caller's pointer past it.
00467ea0	PLATE	Builds and prints the contents of the text or voice ignore list (selected by the flag), or a message saying the list is empty.
00467fc0	PLATE	Resolves a player name, locates the player in the roster, adds them to the text or voice ignore list, and prints the result message.
00468130	PLATE	Removes the named player from the text or voice ignore list and prints the result, or prints the current ignore list when no name is given.
00468230	PLATE	Handles the "/filter {on|off}" command by toggling the profanity-filter flag, reloading the player config and filter file, and printing the filter status or usage text.
00468330	PLATE	Returns true only if the string contains none of the special characters &lt; &gt; ^ &amp; backslash slash or double-quote.
00468370	PLATE	Parses a kudos/ding/endorse chat command, validates the target player name and point amount, then builds and sends a points-transfer message or reports a usage/validation error.
00468710	PLATE	Tokenizes a slash-command string and dispatches it to the matching handler (ignore, ignorevoice, noignore, filter, kudos, ding, endorse) or reports an unknown-command error.
004689c0	PLATE	Inspects the first character of a typed chat line and routes it to the slash-command dispatcher, the '/' handler, or sends it as a normal channel message depending on the current channel mode.
00468a40	PLATE	Copies the current chat input-buffer text, routes it for processing, sends a COMM_MESSAGE_REQUEST packet with the channel and recipient, clears the input field, and frees the temporary copy.
00468b80	PLATE	Returns the destination label string ("SERVER", "TARGET", a player name, etc.) for the current chat channel mode selected in DAT_005f36b8.
00468bd0	PLATE	Handles a key event for the active chat input field: escape (0xd) cancels and clears the field, enter (0xc) submits the line, otherwise the event is forwarded to the underlying text-edit widget.
00468c20	PLATE	When the chat input field is active, consumes printable and control key events (0xc/0xd/0xe/0x91) by routing them to the key handler and returns true, otherwise returns false to let the event pass through.
00468c70	PLATE	Initializes the chat subsystem: allocates and constructs the chat-controller object into DAT_00678428 and sets the default channel mode (3) and recipient.
00468cf0	PLATE	Formats the "Message (to %s):" chat prompt into the global buffer and outputs its address, length, and the current input-buffer pointer and length through the caller-supplied output pointers.
00468d50	PLATE	Initializes the global table of network bandwidth/rate threshold and step values (0x15, 0x55, 0x155, ... 0x15555) and then calls the dependent setup routine.
00468e40	PLATE	Iterates the active index buffer backward, scaling each triangle's vertex coordinates by the mip-level scale factor and dithering each into the indexed (paletted) downsample target.
00468ea0	PLATE	Iterates the active index buffer backward, scaling each triangle's vertex coordinates by the mip-level scale factor and pseudo-bilinearly downsampling its rows into the destination image.
00468f40	PLATE	Lazily loads the "brown/20" border texture, blits four tiled border strips around the screen edges, then draws the inner and outer rectangle outlines that frame the HUD viewport.
00469220	PLATE	When the controls-help panel is dirty, frees its current markup document, invokes the widget's reset callback, creates a fresh rich-text document, and clears the dirty flag.
00469360	PLATE	Lazily allocates and constructs the controls-help panel widget if it does not yet exist, positions it within the screen bounds, and caches the current font reference into it.
00469430	PLATE	Builds the controls-help screen by allocating its callback object and main UI container, wiring their vtables and handler pointers, switching screen mode if needed, and ensuring the help panel exists.
00469510	PLATE	Compares the requested source string to the current help-document source and, if different, marks the panel dirty, frees the old string, and stores a strdup copy of the new one.
00469570	PLATE	Reads the axis's raw target value, stores it as the previous sample, and advances the smoothed axis position by the per-frame delta scaled by the configured smoothing factor (or 1.0 when smoothing is disabled).
004695c0	PLATE	Zeroes the accumulated value and sets the reset flag on each of the three mouse device axes (X, Y, Z).
004695f0	PLATE	Constructs the three Mouse_Device_Axis objects named "mousex", "mousey", and "mousez" and registers each with the input device-axis system.
00469760	PLATE	Snapshots an entity's physics state (control-block link, position, velocity, orientation, and matrix rows) into the given save buffer prior to a prediction step.
004697f0	PLATE	Restores an entity's previously-saved physics state (control-block link, position, velocity, orientation, and matrix rows) from the save buffer and re-derives dependent matrices.
00469890	PLATE	Returns true when a contact record's two flags and (when set) its two position vectors exactly match the saved prediction state block, used to confirm a predicted collision still holds.
00469910	PLATE	Captures the local player's predicted collision result (flags, position, orientation, and a 24-word matrix block) into the global prediction-state buffer at DAT_0067cde8.
00469980	PLATE	Writes a new XYZ position into the entity and re-derives its dependent transform/bounds via the two matrix-rebuild helpers.
004699b0	PLATE	When a fresh prediction is pending, saves the local player's physics state, applies the predicted position/orientation, re-simulates movement, and on success commits it (otherwise rolls the state back).
00469ae0	PLATE	Collision callback that, when a contact involves the local player and matches the saved prediction state, accumulates hit statistics and records a fresh predicted-contact result for replay next frame.
00469bd0	PLATE	Fires the entity's slot-0 weapon when its recharge timer expires, resolving the muzzle transform and target, queuing the firing transient FX, and emitting a hit event if a valid non-friendly target was found.
00469d30	PLATE	Walks every active entity and decrements each of its 13 component recharge timers by the frame delta, firing the slot-0 and slot-11 expiry handlers and reloading the timer to its component's recharge period when a timer reaches zero.
00469e00	PLATE	Splits the elapsed tick time (capped at 0x226) into up to five substeps and advances the world simulation by each substep, rendering/syncing the active scene object on each pass.
00469f00	PLATE	Per-frame entity interpolation tick: walks the active interp-record list, advances each entity toward its target via Interp_StepEntity, frees stale records, samples the local player's altitude to the peek graph, and runs the smoothing/finalization passes.
0046a130	PLATE	Exponential low-pass filter that updates the running average and deviation of a timing/latency sample, snapping to the raw value on a reset flag or when the active-network state toggles.
0046a1d0	PLATE	Stores the three components of an interpolation offset/position vector into globals and records each component as a peek-graph sample stamped with the current time.
0046a290	PLATE	Computes the delta between the current time and a packet timestamp, feeds it to the latency smoothing filter, and (when networked) records the bias-corrected offset via Interp_RecordPositionSamples.
0046a330	PLATE	Compares the entity's current and target orientation quaternions and, once their dot products both exceed the convergence threshold, clears the active orientation-interpolation flags and sets the converged-this-frame global.
0046a430	PLATE	Advances the orientation-error accumulator by the frame step and stores the smaller of the two current/target quaternion dot products as this frame's orientation error metric.
0046a520	PLATE	Records the scaled accumulated orientation-error metric as a peek-graph sample stamped with the current time, then resets the accumulator to zero.
0046a5e0	PLATE	Advances one entity's dead-reckoned state for the elapsed time: lazily allocates its interp record, extrapolates position and orientation toward the network target, and for the local player accumulates the error metrics and mirrors the result into the prediction globals, returning whether the record is still active.
0046aab0	PLATE	Walks the interp-record list and removes/frees every record whose owner id matches the given entity id.
0046aaf0	PLATE	Allocates and constructs the entity-interpolation manager singletons (a control object plus a 0x16-element array of interp slots) and stores them in the global pointers.
0046abb0	PLATE	Clears all queued lag events, then frees the per-id float accumulator struct and the per-id list-head array themselves.
0046ac00	PLATE	Zeroes the per-id float accumulator struct and frees every queued event node across all 21 per-id lag-event lists.
0046ac50	PLATE	Walks one event list, adds the given time offset to each event's release-time field, and re-inserts each event into its target per-id lag list.
0046aca0	PLATE	Iterates all 21 per-id lag lists, dequeues events whose release time has arrived, and integrates the weighted elapsed time into each id's float accumulators.
0046ade0	PLATE	Optionally reschedules pending lag events, then frees every node of the outgoing action-update queue and clears its head pointer.
0046ae60	PLATE	Allocates and constructs the local player's vehicle client object as a Tank or Medic depending on the session vehicle class id, storing it in the global player pointer.
0046af00	PLATE	Builds a transient impact/hit effect event from the local player's current state and queues a copy of it for rendering.
0046af90	PLATE	Per-tick local-player vehicle update that decrements the shake timer, runs bandwidth/connection and terrain-proximity checks, and links the entity into the active render list, returning whether it was added.
0046b0e0	PLATE	Tears down all client world state: clears the lag queues, frees entity lists and per-entity buffers, resets HUD/state flags, and destroys the local player vehicle object.
0046b1e0	PLATE	Resets the local player's effect timer to now+1000ms and triggers a 1000ms camera/screen shake on the active view.
0046b210	PLATE	Builds a unique client identifier string from the host name, current process ID, and UTC timestamp ("[host-pid-YYYY:jjj:HH:MM:SS]") and returns a strdup'd copy.
0046b2d0	PLATE	Ensures the global client name is at least 15 characters long, falling back to a generated client ID, and if it changed replaces the stored name and reloads the player config.
0046b390	PLATE	Allocates and constructs the global socket-manager and packet-dispatcher objects under SEH and configures the manager's worker thread count.
0046b440	PLATE	Opens a TCP connection to the given server host (defaulting to localhost), attaches the packet handler, sets connection timeout/keepalive parameters, marks the connection active, and updates the client name.
0046b560	PLATE	Opens the UDP connection on the given port, binds the packet handler, and sends the initial "Hello There" and HELLO handshake packets to the server.
0046b690	PLATE	Sends a HELLO handshake packet (subtype 1) carrying the local player name string to the server.
0046b6e0	PLATE	Sends the final HELLO handshake packet (subtype 2) over the TCP connection, marks the session as joined, and triggers post-connect setup.
0046b750	PLATE	Sends a final "Hello There" packet, closes the UDP connection, and records the disconnect timestamp.
0046b7c0	PLATE	Clears the connected flag, shuts down and destroys the active connection and socket manager, runs cleanup callbacks, and exits the app if flagged to do so.
0046b830	PLATE	Pumps the connection inside a setjmp error guard: drains pending received packets, dispatches them, and tears the connection down when the link reports it has closed.
0046b8e0	PLATE	Tears down the active network session: flushes pending packets, kills any in-progress connection, runs disconnect callbacks, and zeroes the session/client state globals.
0046ba70	PLATE	Marks the connection as established once data has arrived, otherwise after a 20-second timeout shows the fatal network message and switches to the error screen.
0046bac0	PLATE	Builds and sends a BEACON_MODIFY (opcode 0x3b) network message carrying the given beacon id plus a zeroed position vector.
0046bb50	PLATE	Builds and sends a BPS_REQUEST (opcode 0x4e) network message carrying the given integer argument.
0046bb90	PLATE	Forwards an incoming chat/text message to the chat handler unless it is a filtered channel type or an echo of the local player's own message.
0046bbd0	PLATE	Creates a LOGIN (opcode 0x21) network message and submits the username and password credentials for it.
0046bc10	PLATE	Builds and sends a REINCARNATE (opcode 0x25) spawn message with the requested vehicle type, current base id, and two computed spawn parameters, then sets the respawn-pending flag.
0046bc90	PLATE	Builds and sends a REINCARNATE (opcode 0x25) selection message in sub-mode 1 carrying the chosen item/slot byte.
0046bce0	PLATE	Builds and sends a RETARGET (opcode 0x26) network message carrying the current weapon/target mode flag and the given target id.
0046bd30	PLATE	Once the scheduled next-ping time is reached, builds and sends an opcode-8 keepalive message with the payload string "ping".
0046bd80	PLATE	Builds a ROUTING_PING network message (opcode 0x4c), appends the two byte arguments, and queues it on the active connection.
0046bdd0	PLATE	Adds the current frame time to the outbound-rate running average, sends a movement update packet while the rate counter is below 5, then finalizes the average for this frame.
0046be20	PLATE	Once at least 200ms have elapsed since the last send, builds an INPUT_FEEDBACK message (opcode 0x40) carrying the accumulated input counter, resets that counter, and queues it on the active connection.
0046be80	PLATE	Builds a SQUAD_CREATE network message (opcode 0x42) containing the local player id and four squad name/tag strings, and queues it on the active connection.
0046bef0	PLATE	Builds a SQUAD_INVITE network message (opcode 0x46) containing four string arguments and queues it on the active connection.
0046bf50	PLATE	Serializes the given kudos record into a KUDOS network message (opcode 0x4f) and queues it on the active connection.
0046bf90	PLATE	When voice chat is enabled, builds a GENERIC message (opcode 0x54) with key "want_voice_data" and the given on/off flag, and queues it on the active connection.
0046bff0	PLATE	Detects a change in the voice volume/level global and, when it changes, sends a want_voice_data on/off request reflecting whether the level is positive.
0046c080	PLATE	Initializes the network message dispatcher by registering each opcode's handler callback, channel/priority class, and group labels for the protocol's incoming message types.
0046c500	PLATE	Finds or lazily creates the per-id handler entry in the global list (capacity 6) keyed by the current id and dispatches the given message payload to it.
0046c5a0	PLATE	Walks the pending-ACK linked list, frees each node's payload buffer and returns every node to the ACK node pool, emptying the list.
0046c5f0	PLATE	Counts how many leading pending-ACK entries fit within the ~400-byte packet size budget, capping the result at 200.
0046c630	PLATE	Builds and sends an "ACK1" network packet containing the fitting pending-ACK entries and their item ids, dequeuing and freeing each entry as it is written.
0046c790	PLATE	Throttled by elapsed time (or forced by the flag), sends an "ACTION_DUMP" packet containing the full set of action/control axis values for the given entity.
0046c860	PLATE	Sends an "ACTION_UPDATE" packet carrying only the changed action axis values from the supplied dirty-list for the current entity.
0046c940	PLATE	When connection state permits and the ping interval has elapsed, sends a "PING_REQUEST" packet carrying the given timestamp/id.
0046c9d0	PLATE	When connection state permits and the ping interval has elapsed, sends a "PING" packet echoing the given timestamp/id back to the peer.
0046ca60	PLATE	Decodes a received "TRANSIENT_ARRAY" packet, reading each transient FX record (type, position, optional target) and queuing or dispatching the corresponding effect event.
0046cca0	PLATE	Handles a received "UPDATE_ARRAY" packet by delegating to the entity-update array decoder and then closing the message reader.
0046cd40	PLATE	Decodes a received "LAG_FIX" packet, reading the lag-compensation tick value and an accompanying flag byte.
0046cea0	PLATE	Builds an outgoing network message by writing a type byte plus two strings, and for types 2-4 also writes a freed array of extra strings followed by a trailing global string, then dispatches it.
0046cf50	PLATE	Parses an incoming WORLD_STATS packet, resets the game session and applies the new world parameters, then sends a WANT_UPDATES acknowledgement reply.
0046d020	PLATE	Parses an incoming HELLO handshake packet and, depending on its subtype byte, validates the protocol version, sets the local player id, stores a received buffer, or triggers the post-handshake step.
0046d1f0	PLATE	Parses an incoming PLAYER packet to set the local player id and a flag, then kicks off a bandwidth request and ensures the voice channel is connected.
0046d260	PLATE	Parses an incoming tank/unit spawn packet and creates the object with its position and orientation, falling back to a TANK_RESEND_REQUEST reply if creation fails or entering the world if the object already exists.
0046d4b0	PLATE	Parses an incoming DELETE_OBJECT packet, looks up each listed object and spawns its death/removal effects before destroying it, recording the deleted object ids into a lose-oid set for acknowledgement.
0046d5d0	PLATE	Parses an incoming ADD_TO_ROSTER packet describing a player (id, team, colors, name, score) and adds that entry to the scoreboard roster.
0046d730	PLATE	Parses an incoming UPDATE_STATS packet and updates an existing roster player's team, colors, score and other scoreboard statistics.
0046d880	PLATE	Parses an incoming BIRTH_NOTICE packet, finds the matching roster player node by id, and marks it as born/alive while storing the supplied value.
0046d900	PLATE	Looks up a named string value and, if found, builds and dispatches a STRING_VALUE network message carrying its key and string payload.
0046d970	PLATE	Builds and sends a BEACON_REQUEST (opcode 0x3a) packet carrying the entity id and a position vector with the default "new"/"No comment." labels.
0046d9f0	PLATE	Builds and sends a BEACON_MODIFY (opcode 0x3b) packet with the beacon entity id, an enable/visible flag, a position vector, and the (NULL-coalesced) label and comment strings.
0046da90	PLATE	Parses an incoming COMM_MESSAGE packet (sender/target ids and channels plus a text string) and dispatches it to the chat/comm display handler before freeing the string.
0046db40	PLATE	Parses an incoming LOGIN_STATUS packet, forwards the status code to the login handler, and on status 8 records the admin/privileged flag into the global login state.
0046dc00	PLATE	Parses an incoming BEHAVIOR packet, deserializing the full set of server-driven gameplay tuning globals (flags, float/int rates, and physics parameters) into their global variables.
0046df40	PLATE	Parses an incoming SHIP_STATUS packet (entity id, type/flags, and name) and adds or updates the corresponding map marker label.
0046dfb0	PLATE	Parses an incoming TEAM_INFO packet, building two heap team-descriptor structs (side 1 and side 2) from a flag byte plus five duplicated name strings each, then installs them via Team_InitSides.
0046e190	PLATE	Parses an incoming CARRYING_INFO packet (entity id and several status bytes) and updates the carried-cargo state for the indicated item.
0046e210	PLATE	Parses an incoming UPLINK_INFO packet (team-slot index plus two status values) and updates the corresponding team slot's status.
0046e280	PLATE	Parses an incoming REINCARNATE packet, maps the respawn reason code to a sound/event index, optionally plays the death-pitch-adjusted audio cue, and resets the local respawn state globals.
0046e680	PLATE	Parses a GAME_CLOCK network packet, starts or stops the clock's continuous tick sound depending on the running/paused flag, and updates the global game-clock state, timer object, and elapsed-time globals.
0046e7b0	PLATE	Parses a WARP_STATUS network packet and walks the full map cell grid, reading one status-flag byte per cell and applying it to update each map cell's warp/scan state.
0046e850	PLATE	Parses a CONTINUOUS_SOUND network packet and, when connected to a valid player object, stops the active continuous sound emitter identified by the given sound id.
0046e8c0	PLATE	Reads one translation-ramp record from the packet stream (mode, frame count, two scanf-parsed float bounds) and configures the target ramp entry's mode bitmask and value range with precomputed reciprocals.
0046e980	PLATE	Handles a TRANSLATION network packet by reallocating and initializing the 0x700-byte global translation-ramp table, parsing all ramp entries into it, and queuing the corresponding client event.
0046ead0	PLATE	Zero-initializes every ramp entry of a freshly allocated translation table (16 entries from the base plus 12 more starting at offset 0x400) and returns the table base.
0046eb70	PLATE	Parses a STRING_VALUE network packet (type id plus a length-prefixed string) and dispatches the string to the registered client-event callback for that type.
0046ebf0	PLATE	Parses a VERSION_ERROR network packet, stores the server's required/reported version numbers into globals, and raises the version-mismatch flag.
0046ed50	PLATE	Parses a RESET_GAME network packet and clears all map cell state, freeing per-cell scan objects across the entire grid.
0046ed80	PLATE	Parses a SHUTDOWN network packet (flag plus optional message string) and triggers the client disconnect/shutdown handler, switching screen mode and storing the shutdown message.
0046ee00	PLATE	Parses a SQUAD_RESULT packet (u16 result code plus a heap-allocated message string) and displays the squad transaction outcome via SquadUI_ShowTransactionResult.
0046eec0	PLATE	Parses a ROUTING_PING packet (u32 source index plus a byte destination index) and records the current ping/round-trip time into the routing latency table for that source/destination pair.
0046ef20	PLATE	Handles an IDENTIFIED_UDP packet by clearing the pending-UDP-identification flag and switching the screen to mode 0xB.
0046efb0	PLATE	Parses a BPS_RREQUEST reply (u32 bandwidth value plus a granted flag); on grant it stores the new bandwidth cap and reloads the player config, otherwise it restores the prior cap and shows a Restricted Bandwidth dialog.
0046f040	PLATE	Parses a SQUAD_DEFINITION member record into a newly allocated 0x28-byte entry and inserts or replaces it in the squad member list, then refreshes the squad roster UI.
0046f0e0	PLATE	Parses a SQUAD_DEFINITION record into a newly allocated 0x24-byte entry and inserts or replaces it in the squad definition list keyed by id.
0046f170	PLATE	Parses a SQUAD_DEFINITION invite record into a newly allocated 0x2C-byte entry and adds it to the squad-invite list, printing a "has invited you to join" console notice.
0046f260	PLATE	Parses a KUDOS packet and, by record type, either reports a kudos request result to the UI (type 2) or stores the received kudos count global (type 3).
0046f310	PLATE	Handles a MILTAB packet by reading the military/leaderboard table rows from the packet stream into the global MilTab array.
0046f430	PLATE	Parses a VIDEOMSG packet (two heap strings plus an acknowledged flag) and dispatches the ban/warn/announcement video message handler, freeing the temporary strings afterward.
0046f4e0	PLATE	Lazily allocates and constructs the global timed entity-hold list singleton on first use and returns a pointer to the global handle.
0046f540	PLATE	Walks the timed entity-hold list freeing each record and its saved-state buffer, frees the list itself, and clears the global handle.
0046f5b0	PLATE	Adds or refreshes a hold record for the given entity, snapshotting the entity+0xC0 link into a freshly allocated 6-byte buffer, redirecting that link to the buffer, and (re)arming a 3000-unit expiry timer.
0046f630	PLATE	Decrements every hold record's timer by the per-frame delta and, for any that expire, restores the entity+0xC0 link from the saved pointer before unlinking and freeing the record and its buffer.
0046f6a0	PLATE	Finds the hold record for the given entity pointer and, if present, unlinks it from the list and frees the record and its saved-state buffer.
0046f6f0	PLATE	Resets the outbound bandwidth/send-rate throttle state to defaults, setting the mode to 4, seeding the rate from the configured default, and zeroing all counters and flags.
0046f780	PLATE	Tests a proposed packet byte count against the current bandwidth budget, updating the send-tick marker and the over-budget flag, and returns whether the send is permitted this tick.
0046f7d0	PLATE	Caches the current process and thread handles and stores duplicated copies of the machine and user names (with fallback strings) into globals.
0046f890	PLATE	Tokenizes GetCommandLineA into whitespace- and quote-delimited arguments, then stores the argument count and a newly allocated argv pointer array into the global command-line state.
0046fa00	PLATE	Client startup sequence that loads the lock-screen video, wires up the global callback table, initializes subsystems and team status slots, parses client_params, brings up the Glide renderer, and enters Client_Main.
0046fa80	PLATE	Stores a flag byte into a global and writes it to offset +8 of the two named registered input-device axes (e.g. invert/enable state).
0046fab0	PLATE	Runs the SlurpySoft CSNUI auto-updater, skipping when a "do_not_update" marker exists and otherwise checking www.wulfram.com for the wulfram2_client or betawulf channel.
0046fbc0	PLATE	atexit handler that releases/cleans up the "videos/lock.xml" resource on shutdown.
0046fbd0	PLATE	Stores the application HINSTANCE in a global, registers the lock-video atexit cleanup, and runs the early startup init routines.
0046fc70	PLATE	Formats a printf-style message with wvsprintfA into a 2000-byte buffer and writes it to the open crash-report file handle via WriteFile.
0046fce0	PLATE	Converts a FILETIME to local time and formats it as a "M/D/YYYY HH:MM:SS" string, writing an empty string on failure.
0046fd60	PLATE	For a loaded module base, validates the MZ/PE headers and logs its filename, load address, file size, PE timestamp, and on-disk file date to the crash report.
0046ff00	PLATE	Walks the process virtual address space with VirtualQuery and logs every committed module's info to the crash report via CrashLog_DumpModuleInfo.
0046ffb0	PLATE	Writes the crash-report header recording the current time, executable path, user name, processor count/type, and physical memory size.
00470870	PLATE	Multiplies twelve double-precision transform fields of the object by a global scalar factor (scaling its position/orientation components).
004708f0	PLATE	Computes the mip level (0-8) for a textured polygon from its screen-space UV gradient area scaled by the texture's LOD bias, by repeatedly multiplying a ratio threshold until it exceeds the coverage.
00470a00	PLATE	Initializes the software rasterizer global state by copying configuration constants, building a 1.0/n reciprocal table for n=1..16, and filling a 256-entry table with 0xff.
00470a90	PLATE	Loads per-mip-level rasterizer globals (texture base, stride, shift counts and U/V wrap masks) from indexed lookup tables for the selected mip level.
00470b50	PLATE	Sorts the three triangle vertices by screen Y, builds the long and two short edge span interpolators, and rasterizes the upper and lower halves by calling the selected span-fill routine.
00470da0	PLATE	Chooses the LOD region from the polygon's three vertex coordinates, builds the texture-projection matrix, selects the mip level, clamps it, and loads the per-mip rasterizer state for the upcoming triangle.
00470e70	PLATE	Triangulates a vertex/UV polygon as a fan, setting up texture state and rasterizing each triangle while incrementing the rendered-primitive counter.
00470f80	PLATE	Walks a buffer of 0x54-byte render primitives back-to-front, either invoking each entry's callback or copying its vertices/UVs and setting up and drawing a textured triangle, then adds the batch count to the primitive counter.
00471170	PLATE	Advances a triangle edge's span interpolator by one scanline, accumulating the fixed-point X and texture-coordinate error terms and applying the extra step on overflow/carry.
004711f0	PLATE	Computes the vertical scanline range and per-scanline X step/error deltas for one triangle edge between two vertices, writing the results into the edge interpolator struct.
00471330	PLATE	Computes a triangle edge's scanline range and X deltas like Rast_SetupEdgeSpan and additionally derives the per-vertex texture/perspective gradient terms from the view matrix into the edge interpolator struct.
00471500	PLATE	Rasterizes each queued scanline span as an opaque perspective-correct textured run, dividing by the interpolated 1/z every 16 pixels and copying texels from the active texture into the framebuffer.
00471ba0	PLATE	Looks up a palette shade/translucency remap table for the given color and recolors every pixel of each queued scanline span by indexing the existing framebuffer value through that table.
00471cd0	PLATE	Rasterizes each queued scanline span as a color-keyed perspective-correct textured run, dividing by the interpolated 1/z every 16 pixels and writing only non-zero texels so index-0 pixels stay transparent.
004723a0	PLATE	Rasterizes each queued scanline span as an opaque affine (linearly interpolated, non-perspective) textured run, stepping fixed-point U/V across the span and copying texels from the active texture into the framebuffer.
004729c0	PLATE	Allocates and populates the span-rasterizer dispatch tables, filling each draw-mode slot with the affine, perspective-opaque, fill, perspective-masked, or palette-remap span routine and mirroring the table into the secondary and static copies.
00472a80	PLATE	Fills the DAT_005f3d30 lookup table so that each span-length bucket up to 2^bit maps to a decreasing mip/shift level from 8 down to 0.
00472ac0	PLATE	Converts the two floating-point U/V coordinates to fixed point, masks them to the texture dimensions, and returns the single texel sampled from the indexed surface using its row stride.
00472b50	PLATE	Constructs a Piecewise_Viewer instance, installing its vftable, zeroing its state fields, storing the supplied curve pointer, and initializing its two embedded sub-objects.
00472c20	PLATE	Destroys a Piecewise_Viewer instance, restoring its vftable, tearing down its two embedded sub-objects, and invoking the base-class destructor.
00472c90	PLATE	Renders the piecewise-curve editor widget: draws its background and frame, the value/time grid lines and axis labels, the plotted curve points and transient markers from two linked lists (decrementing each entry's lifetime and freeing expired ones), and handles click-to-edit hit testing against the curve.
00473630	PLATE	Dispatches a key/command event to the network-performance overlay, toggling display flags and adjusting the graph scale or invoking the bound callbacks based on the key code.
00473910	PLATE	Reads the network clock's current time in seconds, scales it to milliseconds, rounds to an integer, and wraps negative results back into range.
00473970	PLATE	Computes the round-trip delay from the send/receive timestamps and folds it into the smoothed RTT estimate using an averaging weight that depends on sample count and whether the new delay exceeds the current estimate.
00473a50	PLATE	Records the current frame's last round-trip delta into the network performance graph keyed by the scaled current game time.
00473ad0	PLATE	Computes an expected reply time (a fixed offset, or one derived from the tick rate when in live online play) and stores it into the network clock's pending-ping deadline field.
00473b60	PLATE	Advances the network clock for this frame, records the RTT graph sample, and when a ping is due sends either a plain ping or a timestamped ping request and primes the next ping deadline.
00473bf0	PLATE	Validates an incoming ping reply against the outstanding request window, and if its round-trip is within tolerance feeds the latency back into the network clock and records it on the latency graph.
00473d00	PLATE	Blends the network clock's current time with the smoothed RTT estimate using a queue-depth weighted factor, clamps it to be no earlier than the raw clock, and returns the result rounded to milliseconds.
00473da0	PLATE	Processes a server time update by refreshing the RTT estimate, validating the reply, recomputing the smoothed and tick-aligned client times, recording the per-channel clock offset, and logging it to the latency graph.
00473ea0	PLATE	Resets the network clock smoothing state and allocates or re-initializes the global clock object under SEH protection.
00473f60	PLATE	Walks the cached player-stats record list comparing each entry's name string (strcmp) and type byte against the query, returning the matching record or NULL.
00473fd0	PLATE	Finds the cached player-stats record matching the current name/type, unlinks it from the record list and frees its associated parsed object.
00474010	PLATE	Performs the cached player-stats record find/unlink/free sequence twice in a row to drop both the current and overall entries for the same name.
00474080	PLATE	Parses an incoming player-stats reply, classifies it as current-game vs overall, replaces any prior cached record for that key, and refreshes the status text.
004741b0	PLATE	Builds a "get player stats" query with the selected player name and current/overall $TYPE and sends it to the server, then marks the request pending and refreshes the status text.
004742b0	PLATE	Stores a duplicated copy of the target player name (defaulting to a placeholder), selects current-game stats, and issues the stats request.
004742f0	PLATE	Allocates and lays out the stats-screen "Reload", "Current" and "Overall" buttons with their click callbacks and registers them with the UI list.
004745d0	PLATE	Initializes the player-stats screen layout globals, creates the scrolling text panel with its geometry and colors, and builds the screen buttons.
004746b0	PLATE	Formats the stats-screen title string with the current/overall label and player name, measures its width, and draws it horizontally centered.
004747b0	PLATE	Per-frame tick that fires the press/release handler for each hovered stats button and applies the hover-timeout state change on the scroll panel.
00474850	PLATE	Parses a $-prefixed message-line directive token ($TYPE/$CTRL/$NAME/$TIME/$CATEGORY/$LABEL/$NEXT_COL), drawing control text or updating the chat-line render state globals accordingly.
004749f0	PLATE	Renders one chat message line, dispatching $-directives to the parser or drawing the sender name and message text into the proper column, then advances the vertical line cursor by the font height.
00474cc0	PLATE	Resets the chat-render state then walks the linked list of message records, calling Chat_DrawMessageLine for each to draw the whole message log.
00474d50	PLATE	Releases the two embedded string members of a chat message record (at +4 and +0x10) under SEH and zeroes its first field, returning the record pointer.
00474db0	PLATE	Destroys the chat message store, freeing every node in its entry list (each with its two buffers) and tearing down its two member containers under SEH.
00474e90	PLATE	Walks the message store's entry list and returns the first record whose id field (+0xc) equals the requested id, or 0 if none match.
00474eb0	PLATE	Counts message records whose category field (+8) matches the given value and returns true if that count has reached the per-category cap DAT_0067917c.
00474ef0	PLATE	Selects a font/color-table slot based on whether the team value matches own or enemy team and returns its computed baseline pixel coordinate.
00474f60	PLATE	Chooses a font/color-table slot from the message mode (1, 2, or default) and team membership and returns its computed baseline pixel coordinate.
00475060	PLATE	Computes the horizontal pixel position for a message by selecting a font slot from its team field and offsetting by full/half/quarter/three-quarter width per its category and alignment flag.
004750f0	PLATE	Renders one scoreboard player row (name, ping/tag, "%2d %4.2f" score column, and optional (dead)/uplink/cargo status lines via the font-draw vtable) and returns the row's pixel height.
00475560	PLATE	Draws a team's scoreboard heading then walks the player-entry list calling Scoreboard_DrawPlayerRow for every entry belonging to that team, and marks the scoreboard surface dirty.
00475650	PLATE	Binds the scoreboard font/surface globals, clears the overlay, and draws both team sections (DAT_005dd668 and DAT_005dd670) stacked vertically before marking the surface dirty.
00475710	PLATE	When the detailed scoreboard is enabled, selects the team to show (DAT_00677f30: 1, 2, or other), draws its header, and renders each member row in detail mode via Scoreboard_DrawPlayerRow.
004758d0	PLATE	Allocates and constructs the two scoreboard manager objects (a 0x20-byte entry-list at DAT_00678390 and a 0x10-byte helper at DAT_00678394), storing null on allocation failure.
00475960	PLATE	Ordering predicate for two scoreboard entries: ranks first by the per-type sort weight looked up in DAT_006783a4, then by the score fields at +0x30 and +0x28, returning nonzero when the first entry should sort ahead.
00475ab0	PLATE	Inserts an entry into the scoreboard's sorted linked list, scanning with Scoreboard_CompareEntries to find its rank and splicing it at the head, after a node, or at the tail.
00475b10	PLATE	Re-sorts the entries chained off a list node by swapping out-of-order adjacent neighbors (using Scoreboard_CompareEntries) until stable, returning whether any swap occurred.
00475b90	PLATE	Allocates and initializes a 0x50-byte scoreboard entry, strdup's its name and team-tag strings, fills in player/score fields, links it into the global entry list, inserts it sorted, and refreshes the cached scoreboard surface.
00475d40	PLATE	Removes every scoreboard entry whose player id matches param_1: unlinks and frees the entry (and its name/tag strings), refreshes the surface, and also purges the player's nodes from the two auxiliary team lists.
00475e40	PLATE	Walks the player-entry list and, for every entry whose id at +0x10 matches the requested id, frees its old secondary-name string at +0x4 and replaces it with a strdup'd copy of the supplied name.
00475e90	PLATE	Walks the player-entry list and returns the player record whose slot id at +0x40 equals the requested value, or 0 if no entry matches.
00475ec0	PLATE	Finds the player entry whose id at +0xc matches param_2 and writes the supplied stats fields into it (+0x10..+0x38) and its team at +0x8, announcing the local player's team name via chat when the team changes, then refreshes the scoreboard surface if dirty.
00476070	PLATE	Finds the player entry whose id at +0xc matches param_2 and resets its state fields (state=2 at +0x3c, slot=-1 at +0x40, and clears the carried-cargo fields at +0x44/+0x48/+0x4c).
004760b0	PLATE	Case-insensitive comparison of two NUL-terminated strings over at most param_1 characters, returning the signed difference of the first differing lowercased characters (0 if equal), used for player-name matching.
00476120	PLATE	Looks up a player by name prefix: returns the player id in *param_2 and true on an exact or single case-insensitive prefix match, and sets the ambiguous flag in *param_3 when more than one entry matches.
00476240	PLATE	Finds the player entry whose id at +0xc matches param_2 and, for each non-null out-pointer, returns its name string (+0x0), team (+0x8) and secondary-name string (+0x4), returning true on success and 0 if no entry matches.
00476280	PLATE	Walks the player-entry list tallying entries by their team id at +0x8 and returns the team-1 count in *param_1, the team-2 count in *param_2 and the neutral/team-0 count in *param_3.
004762e0	PLATE	Walks the player-entry list and returns the player record whose name string at +0x0 exactly matches the supplied name, or 0 if none matches.
00476330	PLATE	Finds the player entry whose id at +0xc matches the given id and stores its carried-cargo flag (+0x44), cargo pointer (+0x48) and cargo value (+0x4c), then updates the local player's object-screen cargo display when the entry is the local player.
00476380	PLATE	Allocates and zero-initializes the two name-string and two id linked-list heads of the name-completion table (loops i=0..1 building both the name list and id list for each category).
00476420	PLATE	Resolves the given name to a unique id and, if found, appends the strdup'd name string and the resolved id into the completion-history name list and id list (selected by the boolean category flag) when not already present.
004764e0	PLATE	Counts the name-list entries matching the given prefix (case-insensitive) for the selected category; on a single match it completes the name and resolves/promotes its id, on multiple matches it sets the ambiguity flag, otherwise returns false.
004765f0	PLATE	Searches the selected category's name list for an exact (case-sensitive) name match and, when found, appends the given id to the paired id list if it is not already present.
00476670	PLATE	Reads an effect-definition count then a stream of 0x18-byte records (id, double, two heap strings) into the freshly allocated DAT_006783a4 table, validating the count is in range 1..1999 and freeing strings on allocation failure.
004767c0	PLATE	Lazily initializes the default effect record then linearly scans the DAT_006783a4 effect table for the record whose id field matches the requested id, returning a pointer to its 6-dword entry (and setting the found flag) or the shared default record.
004768d0	PLATE	Sets the particle's RGB tint fields (+0xdc/+0xe0/+0xe4) to a default white, then overrides them to a red or blue team color when the owning entity is tintable and its base id matches the first or second team base.
00476950	PLATE	Spawns an animated-sprite particle, builds a randomized velocity vector rotated by the supplied orientation angles and scaled by the global speed factors, writes it into the particle's velocity fields [5..7] and type field [0x1c], then applies the owner's team tint.
00476a80	PLATE	Spawns an animated-sprite particle, sets its type field [0x1c]=1 and its velocity fields [5..7] to the supplied direction vector scaled by the global speed factor, then applies the owner's team tint.
00476af0	PLATE	Spawns an animated-sprite particle (same effect template as Fx_SpawnDirectedParticle), sets type field [0x1c]=1 and velocity fields [5..7] to the supplied direction vector scaled by the global speed factor, then applies the owner's team tint.
00476b60	PLATE	Spawns a default-lifetime animated particle, tags it with effect type 2, and then runs the unit-destroyed debris/explosion emitter for the given entity.
00476bc0	PLATE	Emits a type-specific burst of debris/secondary particles for a destroyed entity, then allocates and queues a fading explosion-light effect whose color, lifetime, and decay rate are chosen from the entity's type.
00477070	PLATE	Picks a randomized particle count (rand modulo the given divisor plus a base offset) and emits that many particles via the generic effect emitter.
00477100	PLATE	Spawns an animated particle with a type-dependent default lifetime and tags it with the effect type, skipping spawn for type 4 (smoke) when the source's measured value is below a culling threshold.
004771c0	PLATE	Allocates a 0x100-byte particle from a source position, scales its lifetime/size by the given factor, starts its sprite animation or sets a default texture, computes an animation LOD step from the frame delta, and links it into the active effect list.
004772a0	PLATE	Allocates a 0x100-byte quad effect particle whose center is the midpoint of two endpoints, stores the four corner offsets relative to that center, sets its random lifetime, and links it into the active effect list.
00477480	PLATE	Builds a screen-facing beam between two endpoints by widening it along the normalized cross product of its direction and a view vector, then spawns two textured quad particles forming the beam's two halves.
00477720	PLATE	Computes the start/end positions of one animated slice of a moving beam trail, clamps it against the beam's total length while deriving per-end texture-coordinate fractions, and spawns the corresponding beam segment.
00477920	PLATE	Builds a normalized direction between two points and a view vector to the camera, computes how many trail slices to emit from the frame timing, and loops calling Fx_SpawnBeamTrailSlice to lay down a textured beam trail.
00477a80	PLATE	Builds a ground-level beam from an entity's position toward the camera, widens it along the normalized cross product of its direction and the view vector, and spawns two textured quad particles using the entity's team/owner texture index.
00477de0	PLATE	Spawns a type-9 animated effect particle, stores the three given vector components and a per-frame update callback (LAB_004768a0) on it.
00477e50	PLATE	Builds two textured billboard beam-segment quads from two basis direction vectors, width/length scale factors, and computed UV coordinates.
00478260	PLATE	Computes a unit's engine-exhaust emitter point in world space, transforms its direction basis, and emits the beam quads forming the thrust/exhaust trail when above the speed threshold.
00478850	PLATE	Dispatches on the effect-kind code in EAX (0-4) to spawn the corresponding particle, random burst, or thrust-trail effect.
00478970	PLATE	Builds the entity's orientation matrix from its Euler angles, projects it into the spatial grid, and submits the resulting sprite/decal to the draw queue or contact index, then restores the original orientation.
00478a80	PLATE	Temporarily forces the active draw context's render mode to 5, builds the entity orientation matrix, projects and submits the sprite/decal, then restores the render mode and orientation.
00478ba0	PLATE	Projects the entity with its orientation angles zeroed (axis-aligned) into the spatial grid and submits the resulting sprite/decal to the draw queue or contact index.
00478c10	PLATE	Projects the entity position and its scaled velocity to screen space and stores the atan2 screen-space heading angle (plus a bias) into the entity's rotation field at +0x2c.
00478d90	PLATE	Advances all contrails and effect particles for the elapsed frame time: integrates position, applies gravity/drag, runs expiry callbacks, and frees dead particles.
00478fa0	PLATE	Picks a sprite index from one of two effect tables based on the entity's type and a frame-counter cycle, then spawns a type-0xc animated particle showing it.
00479050	PLATE	Builds the camera billboard basis, computes the frame delta-time, then walks the active projectile list and dispatches each entry by its type to set the render mode and call the matching per-type update/draw handler.
00479230	PLATE	Creates the active projectile list and resolves all weapon-effect texture handles by name (fire, gunblast, shot, and red/blue light sprites), forcing them to mip level zero and preloading the light textures.
004798a0	PLATE	Zeroes a projectile-effect object's position, velocity, and timer fields, sets its three scale components to 1.0, and assigns its default type code 0xc.
00479970	PLATE	Walks and frees the projectile list, the contrail list (releasing each contrail's segments), and the smoke-trail list, then clears all three list headers.
00479a10	PLATE	Iterates the projectile list and adds a fading lens-flare transient for each muzzle-flash entry, then iterates the world entity list adding contrail and glow draws for the matching entity types.
00479ba0	PLATE	Computes the start and end points of a projectile's motion beam, clips it against geometry, normalizes the direction, and emits a fixed number of stepped trail segments along it.
00479f00	PLATE	Allocates and constructs the global profanity-filter object, storing the result (or null on allocation failure) in the singleton pointer.
00479f60	PLATE	Initializes a profanity-filter object with the file-system base, duplicates the "profanity.txt" filename, creates its word list, and loads the word list from the file.
00479fe0	PLATE	Opens the profanity word file and reads it line by line, skipping blank and comment lines, then duplicates each leading token and appends it to the filter's word list.
0047a0f0	PLATE	Walks the filter's word list, freeing each node's duplicated string payload and unlinking the node from the list.
0047a130	PLATE	Duplicates both strings, upper-cases them, runs strstr to find the needle in the haystack case-insensitively, and returns a pointer into the original haystack at the match (or NULL).
0047a1d0	PLATE	Walks the banned-word list and overwrites every case-insensitive occurrence of each banned word in the given string with asterisks ('*'), returning the same string.
0047a246	PLATE	Tests whether the entity is a valid lockable target by checking its team/type/flags, that its bearing from the camera falls within the current zoom field-of-view (dot vs sin threshold), and that the viewer has line of sight to it.
0047a3df	PLATE	Looks up a palette color via the direction-index tables, marshals the line endpoints through the float-to-fixed helper, and issues the renderer's draw-line vtable call (+0x94) in that color.
0047a456	PLATE	Transforms the forward vector by the view matrix and scans the 8 compass-direction sin/cos table entries, returning the index of the direction whose dot product with the view forward is largest.
0047a4c7	PLATE	Computes sin/cos of the given angle and emits three draw-primitive vtable calls (+0x70) to render an arc/segment of the compass ring.
0047a635	PLATE	Computes sin/cos of the given angle, marshals the resulting endpoint coordinates through the float-to-fixed helper, and issues one draw-primitive vtable call (+0x70) to render a single compass spoke/segment.
0047a6c6	PLATE	Draws the full HUD compass ring by rendering the base arc once and then seven spokes/segments, all in the shared compass color.
0047a92f	PLATE	If the map panel is active, iterates every cell of the 2D grid clearing its first three state bytes and freeing each cell's allocated buffer back to the pool, then resets any active drag state.
0047a997	PLATE	Scans all world object slots and their three sub-entries to find the maximum object height/radius value (field +0x28), then stores that maximum plus a fixed margin into the global tallest-object cache.
0047aa1c	PLATE	Recomputes the cached max terrain height if dirty, then spawns a callback marker particle at the given grid cell's world position and stores its handle in the cell.
0047ab3e	PLATE	Spawns a fade-out effect at the given grid cell's world position and detaches the cell's existing marker particle by redirecting its callback and clearing the cell handle.
0047abc9	PLATE	Applies a bitmask of state flags to the grid cell at the given row/column, spawning or releasing marker particles to match, then resets any active map-panel drag.
0047ac76	PLATE	Allocates the rows-by-columns 2D grid of map-panel cell structs, zeroes each cell's marker handle, and resets the panel state.
0047ad2b	PLATE	Computes an animated pulse/oscillation scalar from the current millisecond timer modulo 500, used to animate map-panel markers.
0047ad71	PLATE	Computes the distance from a candidate's screen position to the pick point and, if closer than the current best, records it as the nearest picked object.
0047adf1	PLATE	Draws a unit's blip on the map panel via the renderer vtable, scaling its size by the panel zoom and selecting the blip color based on the unit's team flag.
0047ae93	PLATE	Transforms a unit's world position into the map panel's local frame and computes its on-panel x/y screen coordinates plus the rotated offset vector.
0047aefb	PLATE	Computes a unit's map-panel screen position, draws its blip, and, when picking is active, tests it as a nearest-pick candidate.
0047af74	PLATE	Initializes the nearest-object pick state for the map panel, storing the click position relative to the panel and resetting the best-distance and picked-object to defaults.
0047afb8	PLATE	Projects a world-space point through the map-view matrix, converts it to a map-screen X coordinate using the world-to-map scale and origin, and invokes the renderer's vtable+0xB0 point-draw entry.
0047b06b	PLATE	Stores the new map zoom scale and recomputes the map origin, extents, and per-cell step globals from the current view transform, then rebuilds the map cell grid.
0047b10d	PLATE	Converts the two input world coordinates to integer grid-cell indices, clamps each to the valid [0, gridDim-1] range, and writes the column index to the EDI out-pointer and the row index to the EBX out-pointer.
0047b16e	PLATE	Validates the (col,row) grid coordinate, and if in bounds reads the cell's two data bytes into globals and builds a two-character grid label ('a'+col, '1'+row), returning the label pointer or NULL when out of bounds.
0047b1cc	PLATE	Allocates the next sprite object from the token stream, forces its type field to 3, runs the sprite-setup helper, sets the load/keep flag bits 0x42, and returns the object's slot id.
0047b1f5	PLATE	Builds the 256x256 map-overview snapshot by allocating four sprite buffers, rendering the elevation/relief/object passes, then copying and palette-tinting the result and downsampling each sprite buffer for display.
0047b467	PLATE	Walks the linked list of active map pings, advances each by the elapsed time (updating its animated value and replotting it), and unlinks/frees any ping whose remaining lifetime has expired.
0047b595	PLATE	Returns the map blip color code for the entity's team, choosing 0x0F for the local/friendly team, 0x0B for the enemy team, and 1 for all other teams.
0047b5c0	PLATE	Draws one entity on the map: caches the local player's screen position as a special case, otherwise projects the entity to map space and renders it either as a movable-unit marker or as a static object icon.
0047b682	PLATE	Selects the map blip color index and scale for an entity based on its type and team, applies a dimming factor when the overview mode is active, and returns whether the entity should be drawn at all.
0047b80a	PLATE	Builds a world-space vertex from the given X/Z (with the shared Y from _DAT_00564f08), transforms it by the active overlay matrix and projects it to screen space, then stores the position and projected coordinates into the current quad vertex slot.
0047b863	PLATE	Builds a ground-relative vertex from the given X/Z by subtracting the world origin offsets (_DAT_005e65d0/d8/e0 and the level base height), projects it to screen space, and stores the position and projected coordinates into the current quad vertex slot.
0047b8bf	PLATE	Sets up the camera view pose and overlay transform, fills the four quad vertices (with per-corner texture coordinates and colors) by projecting the four ground corners, optionally clips the quad against a plane, draws it with the given texture mode, and restores the view transform.
0047ba4e	PLATE	Convenience wrapper that draws a ground overlay quad via MapOverlay_DrawGroundQuad using opaque white vertex colors and zero texture coordinates.
0047bacd	PLATE	Initializes the four quad vertices with default white colors, projects four transformed corners via MapOverlay_EmitTransformedVertex, optionally clips the quad against a plane, and draws it with the given texture handle and mode.
0047bbe7	PLATE	Builds an axis-aligned rectangle from two opposite corners and draws it as a transformed overlay quad, selecting blend mode 'e'/0x65 (additive) when the flag is set or 'a'/0x61 otherwise.
0047bc47	PLATE	Unprojects the given screen-space X/Y through the viewport to recover a world ground point and stores it as a homogeneous (x, 1.0, z) triple in the output vertex.
0047bc7a	PLATE	Unprojects two screen-space endpoints (offset by the viewport origin) to world points and builds a normalized plane through them via Plane_BuildFromThreePoints.
0047bd08	PLATE	Sets the render target and clip planes, configures the camera view pose, and tiles the active map view buffer across a 2x2 grid of overlay rectangles (clipping the center seam) before restoring the view transform.
0047be98	PLATE	Sets the render target and clip planes, configures the camera view pose, and draws the active map view buffer as a single full-extent overlay rectangle before restoring the view transform.
0047bfdc	PLATE	Per-object map/radar draw callback that picks the blip color and style for one entity, drawing it as a colored marker, icon, or scaled sprite based on its type and visibility/lock state.
0047c120	PLATE	Renders a full radar/map frame: computes the map scale, sets the target buffer and clip planes, builds the view frustum planes, enumerates all objects drawing each blip, then overlays the compass tick, target cone wedge, and selection highlight.
0047c484	PLATE	Draws the map's terrain grid: projects the X/Y grid line coordinates, renders the terrain elevation grid, plots clipped grid cross-marks, then draws the four border edges in the cached palette color.
0047c7dd	PLATE	Maps the current compass heading and pitch into normalized screen X/Y outputs by linearly interpolating them between the given source ranges and destination spans.
0047c880	PLATE	Clears the selection flag and renders the inset map terrain view using the view rectangle extents (offsets 0x14-0x20) scaled by the current map zoom factor.
0047c8dc	PLATE	Draws the glow pass for all map objects, restores the target selection if one was pending, and finalizes the inset map frame by mapping the compass value to screen coordinates and clearing the dirty flag.
0047c994	PLATE	Top-level inset-map renderer that, when a player view exists, computes the map scale and runs the terrain view, terrain-grid, and glow/finalize passes in sequence.
0047cb30	PLATE	Rounds a pair of floating-point projected coordinates to integer screen X and Y and stores them through the two output pointers.
0047cb73	PLATE	Draws a colored triangular heading marker for an object on the map by rotating three local offset vectors into the object's world position, projecting them to screen, and stroking the three edges in the given color.
0047cd79	PLATE	Initializes an input/event node and stores the given value into its first field while clearing the node's flag byte.
0047cd90	PLATE	Initializes the radar overlay: computes a scaled clock interval, allocates three radar list objects, loads each radar icon bitmap by name, and normalizes its per-icon direction vector pair.
0047ce86	PLATE	Lazily runs radar icon-table init once, evaluates each registered radar-blip callback into the output float array, computes a 20-step clock-based blink phase, and draws the radar with a temporary render mode.
0047cf0e	PLATE	Frees the network update-array's 2D cell grid, clearing each referenced entity's back-pointer/flag fields before releasing the row buffers and the grid itself.
0047cfa0	PLATE	Reads a bit-width-prefixed field set from the network bitstream for the indexed entry, optionally advances the running position/value accumulators, and decodes three dequantized RGB-style float components into the output pointers.
0047d070	PLATE	Reads one bit-width-prefixed field from the network bitstream and returns its dequantized float value for the current update-array entry.
0047d0b0	PLATE	Walks the unit's eligible weapon/turret slots and, per bit of the supplied mask, sets or clears the corresponding entry's active flag (clearing its timer when deactivated).
0047d110	PLATE	Decodes the four bitmask-gated turret/weapon sub-update sections (firing, active, deploy, and ammo) from the network bitstream into the target unit's per-slot state array.
0047d2f0	PLATE	Applies a decoded object update record to an entity, copying position/orientation, activating or spawning it, handling local-player ack-wait and parent-vehicle reassignment, then advances the tick and frees the record.
0047d4b0	PLATE	If the presence bit is set, decodes the local vehicle's chassis type, throttle and turn floats, terrain index, and optional altitude/secondary values from the network bitstream into the output state record.
0047d5c0	PLATE	If the update sequence is newer than the last applied, writes the decoded throttle/fuel-scaled drive values, optional altitude fields, and turret mask onto the local player's vehicle and HUD state.
0047d670	PLATE	Copies the source snapshot's position (+0x20..+0x28) and orientation (+0x38..+0x40) into the interpolation record when the corresponding valid flags (+0x50/+0x52) are set, otherwise zeroes the velocity/derivative slots.
0047d760	PLATE	Decodes an incoming world-state snapshot packet, looking up or creating each referenced unit, applying its position/orientation/health/fuel/target fields, advancing interpolation, and replying to server pings.
0047ded0	PLATE	Formats the given (or last) Win32 error code into a static text buffer via FormatMessageA, falling back to a sprintf placeholder string when formatting fails, and returns the buffer.
0047df20	PLATE	Writes a null-terminated string as a REG_SZ value under the object's open registry key, printing a detailed error message to stderr if RegSetValueExA fails.
0047df90	PLATE	Reads the "Location" REG_SZ value from the object's registry key, duplicates it via strdup into the caller's out-pointer, and returns true only when the read succeeds with a string type.
0047e020	PLATE	Flushes the object's open registry key to disk with RegFlushKey and then releases the associated key-path buffer.
0047e040	PLATE	Appends the named subkey to the object's registry path and opens it, creating it if absent, showing an error MessageBox and aborting if neither open nor create succeeds.
0047e160	PLATE	Reads the registry "Location" string and stores it in the out-pointer, but treats the placeholder "<NOT SET>" as no value by freeing it and storing null, also writing a default when the query fails.
0047e1d0	PLATE	Computes the vector from the first point to the second into the ESI result and applies successive Z/Y/X axis rotations to convert that direction into oriented angle components.
0047e240	PLATE	Reserves space in the frame command buffer for a render node and its per-vertex array, zero-fills the array, links the node into the global list, and returns success unless the source mesh has no data.
0047e360	PLATE	Walks the parent node's child-object linked list, computes each child's position relative to the node origin, builds its plane-test vector, and re-inserts it into the spatial tree leaf via MapBsp_InsertObjectIntoLeaf.
0047e410	PLATE	Reserves a 0x68-byte map render node from the frame arena pool (DAT_005ba078), advancing the bump pointer and zeroing the new node's link and state fields.
0047e450	PLATE	Transforms a terrain quad's four corners through the active view matrix, perspective-projects them to screen-space using the viewport scale and offset globals, stores the results in the clip-plane scratch state, and classifies the quad's screen area for LOD selection.
0047e7d0	PLATE	Dispatches rendering of a map node by its type field (+0x14): type 3 enqueues a callback command, type 2 projects/classifies a quad, otherwise it rebins child objects and recurses, then advances the per-frame node bucket pointer.
0047e870	PLATE	Descends the terrain BSP tree, testing the object position against each node's split plane to pick the front/back child, and links the object into the destination leaf's per-cell object bucket (merging if the same root already present).
0047e9c0	PLATE	Sutherland-Hodgman clip of a vertex fan against a single plane, emitting kept vertices and interpolating new edge-crossing vertices (position, texcoords, and re-projected screen coordinates) into the output buffer and writing the output count.
0047ec20	PLATE	Clips a polygon against every active view-frustum plane (selected by OR-ing the per-vertex outcodes), ping-ponging between two scratch vertex buffers and bailing out as soon as the polygon is fully culled.
0047ed30	PLATE	Clips a polygon successively against each plane in a map node's plane list, ping-ponging two scratch vertex buffers, or copies the four input vertices through unchanged when the node has no planes.
0047ee70	PLATE	Classifies up to 32 fan vertices against the clip volume, trivially rejecting or accepting via the AND/OR of their outcodes, clips when straddling, and appends the surviving fan to the map draw queue while reporting whether anything was emitted.
0047efe0	PLATE	Classifies up to 32 polygon vertices against the full clip volume, trivially rejecting or clipping as needed, and forwards the resulting polygon to the renderer through the device vtable draw method at offset 0xa8.
0047f0f0	PLATE	Gathers per-vertex texture/color attributes from a vertex array via a u16 index list (clamped to 32), builds the scratch pointer table, and emits the polygon as a textured/gouraud fan via Map_DrawQueueFan.
0047f180	PLATE	Gathers per-vertex position/color attributes from a vertex array via a u16 index list, builds the scratch pointer table, and emits the polygon as a flat-shaded fan via MapDrawQueue_AppendClippedFan.
0047f1f0	PLATE	Recursively walks the map BSP tree in back-to-front order relative to the eye, drawing each node's polygons via the fan emitters and releasing the node's deferred draw-record lists by decrementing their refcounts.
0047f5b0	PLATE	Iterates the model's flat face list, back-face/plane culls each face against the eye, and emits the visible ones through the textured or flat fan emitter.
0047f6b0	PLATE	Sets up the model transform, projects all of its vertices to screen space, then renders it either by BSP traversal or by linear face-list draw depending on the BSP-present flag.
0047f7c0	PLATE	Tests a point against the view frustum clip-plane set, returning 0 if it lies fully behind the near radius and otherwise outputting the bitmask of planes the point crosses.
0047f860	PLATE	Allocates and initializes a 0x68-byte sprite/billboard draw-command record (from the recycle pool when an attached emitter qualifies, otherwise from the frame arena) filling its position, color, and size fields.
0047f9c0	PLATE	Allocates a 0x68-byte type-2 draw-command record from the frame arena and initializes it with a position and size copied from a referenced source object.
0047fa30	PLATE	Transforms a world point into view space, clip-tests it, and on success allocates a sprite draw command and stores the point's view-space position into it.
0047fad0	PLATE	Transforms a world point into view space, clip-tests it, and on success allocates a sprite draw command and stores the point's position plus a color/extra vector and size into it.
0047fb80	PLATE	Transforms an entity's world position into view space, tests it against the shadow clip-plane set, and on success allocates and fills a shadow-projection record (position, orientation, radius, source entity/model) from the shadow pool.
0047fc80	PLATE	Transforms a light/volume position into view space, tests it against the shadow clip-plane set, allocates and fills a shadow record, and when the flag is set writes a signed orientation basis back into the source object.
0047fde0	PLATE	Allocates and constructs the global shadow manager (0xac0 bytes), seeds its head list node, and creates the 0x10000-byte block-allocator arena used to pool shadow records.
0047feb0	PLATE	Initializes the shadow manager object: sets up its clip-plane state, allocates a large (0x5bec) scratch buffer, and zeroes the record/count fields of the structure.
0047ff10	PLATE	Clamps a 1D interval (low/high in EBX/EDI) to the inclusive bounds [ESI,param_1], writing back the clamped endpoints and returning false if the interval lies fully outside.
0047ff50	PLATE	Clips a 2D rectangle (origin EAX/param_1, extents param_3/param_4) against a region's min/max bounds, returning the visible offsets, clipped origin and clipped extents through the optional out-pointers, or false if fully outside.
00480030	PLATE	Builds the per-triangle shadow projection/interpolation matrix from three vertices, computing the edge determinant (clearing the valid flag and bailing if degenerate) and the screen-space and depth gradient coefficients.
004801e0	PLATE	Allocates a 4-field shadow-caster list node initialized with the source object and its model handle, and attaches a freshly constructed sub-list helper.
00480260	PLATE	Computes a shadow caster's world-space origin and projection axis by transforming the model's offset vector through the object's cached Euler rotation matrix and adding the object position, storing the result into the output record.
00480320	PLATE	Extends the shadow caster's origin along its projection axis to a far endpoint and clips that ray against the terrain, replacing the endpoint with the intersection point when the ray hits.
00480410	PLATE	Advances the shock-beam node's two double phase accumulators by the per-frame time delta according to its mode field and wraps each back to 0 when it passes 1.0.
00480490	PLATE	Advances the beam phase, interpolates the segment endpoints, builds a normalized perpendicular offset scaled by beam width, and spawns two red/blue shock quad particles, returning true when the node should be removed.
00480840	PLATE	Frees a shock-effect node: releases its bolt buffer, walks its child-segment list freeing each payload, then tears down and frees the child list container.
004808b0	PLATE	Ensures a beam emitter exists for the given entity id: reuses the current one if it matches, otherwise destroys it and allocates a fresh 0x40 emitter initialized from the entity's transform/object lookup.
00480960	PLATE	Walks the global shock-effect list and deactivates every node owned by the given entity id, tearing down each node's emitter and clearing its active flag.
004809c0	PLATE	Initializes the shock-effect subsystem by resolving the shockred001/shockblue001 texture indices and allocating the global shock-node list.
00480a90	PLATE	Iterates the global shock-effect list each frame, validating the owning entity, refreshing emitter transforms, spawning beam quads, and pruning dead nodes and child segments.
00480c20	PLATE	Returns the scoreboard column X coordinate for the given message-type code by reading the matching field of the HUD layout table.
00480c60	PLATE	Computes the scoreboard text X position for a chat/score message by matching its kudos/endorses prefix or its type/subtype fields against the HUD layout table columns.
00480ed0	PLATE	Returns the low-byte scoreboard column position for a message based on its type field at offset 0x20, reading the matching column from the HUD layout table.
00480f10	PLATE	Renders one text segment of a chat message into the chat-log document viewer, prefixing the sender name(s) and choosing the text color by message type, then reflows the log and trims it to 100 lines.
00481050	PLATE	Splits a chat message node's text on newline and NUL boundaries and appends each resulting line to the chat log via Chat_AppendMessageLine.
00481090	PLATE	Frees a chat message node's text and sender-name strings (offsets 0, 6 and 7) and then the node itself.
004810d0	PLATE	Plays an alert sound for an incoming chat message when it is a same-team chat or a "Distress" message and the local message-sound entity is active.
00481160	PLATE	Builds a chat message node (handling the "16309 " remote-command prefix, banned-word censoring, and player-name lookup), plays its alert, appends it to the 100-entry message ring buffer, and renders it into the chat log.
004813b0	PLATE	Selects the chat-log font/palette resource according to the local team flag and applies it to the chat-log document viewer when the team has changed.
00481400	PLATE	Builds the chat-log UI: initializes the chat controller and palette, allocates the comm entry, document viewer, Package_LR/Package_TB containers and scrollbar, wires them together, replays any saved log line, and resolves the named team color indices.
004817b0	PLATE	Formats the "Message (to %s):" chat input prompt and draws it right-aligned above the input box using the chat controller's renderer.
00481850	PLATE	Constructs a Comm_Entry chat-controller widget, initializing its base fields and allocating its child Text_Entry input control.
00481910	PLATE	Computes the pixel height of the chat input box from the number of wrapped text lines, the line height and the border padding.
00481980	PLATE	Builds the current chat prompt/state and invokes the console widget's draw method to render the prompt line at its computed height.
004819e0	PLATE	When the console line at param_1 has content, measures the text, computes its screen position, and draws a highlighted/selected entry rectangle via the console's draw object.
00481ae0	PLATE	Draws the console prompt line then fills the team-colored background and input-area bars across the screen, updating the cursor-blink toggle flag.
00481c20	PLATE	Clears the console screen rectangle, frees the active markup document and its buffer, and walks the line list freeing each node before invoking the layout object's cleanup method.
00481cb0	PLATE	Reallocates the save buffer to fit two screen rows if needed, then copies the top two pixel rows from the framebuffer into the buffer so the area under the console can later be restored.
00481d20	PLATE	Copies the two saved pixel rows from the save buffer back into the top two rows of the framebuffer, restoring the screen area previously hidden by the console.
00481d60	PLATE	Per-frame console update that handles screen-resize re-save, restores or redraws the overlay, draws the background bars, and applies the team-shaded colors to the layout's color slots.
00481fe0	PLATE	Returns the default palette entry's base color reduced by its scaled shade value (rounded), producing a darkened console color index.
00482030	PLATE	Selects the palette entry for the team owning the given object (or the default), and returns its base color minus a scaled shade value OR'd with 0x0c00 as a console color word.
00482130	PLATE	Selects the palette entry for the team owning the given object (or the default) and returns its base color minus a differently-scaled shade value OR'd with 0x0c00, a brighter variant of the team console color word.
00482230	PLATE	Maps a team id to its scoreboard column index by comparing it against the two registered team objects' ids at +0x18, returning the matching team's id or the opposing one.
00482260	PLATE	Resolves the scoreboard team-column index for the entity in EAX by comparing its team id at +0xf0 against the two registered team objects' ids.
004822a0	PLATE	Adds one entity's resource value into the per-team resource totals and bumps the per-team unit counts, special-casing type 0xd to the opposing team's column.
00482320	PLATE	Walks the scoreboard row list and, per row type, animates each row's count and per-team value fields toward the freshly computed resource/count totals scaled by the row's interpolation rate.
00482490	PLATE	Zeroes every scoreboard row's count/value display fields and resets all per-team resource and unit-count accumulator globals to zero before a fresh recompute.
00482530	PLATE	Clears the accumulators then walks every live entity, tallying its resources and per-row unit counts into the team scoreboard rows and summing the grand totals.
00482650	PLATE	While in game mode 2, counts down a refresh timer and, when it expires or a forced refresh is requested, resets the timer and recomputes the team resource totals.
00482690	PLATE	Allocates fifteen zero-initialized scoreboard row nodes, each tagged with a resource/unit type id and label string, and appends them to the team-resources row list.
00482a30	PLATE	Initializes the team-resources HUD panel by building its row list, setting the panel rectangle and layout columns, creating the scroller, and loading the team_resources_skeleton model.
00482b70	PLATE	Draws the "Team" and "Resources" column header strings into the team-resources HUD panel via the renderer's text-draw vtable entry, right-aligning each by its measured width.
00482c80	PLATE	Draws the resource panel's right-aligned header by measuring and rendering the active team's name string and the "Resources" label.
00482db0	PLATE	Renders the resource table panel: prints a no-team message if none is selected, otherwise draws the Resource/Count/Percent column headers and one formatted row per resource from the active list.
00483420	PLATE	Measures the sprintf scratch buffer string and draws it right-aligned against column 0x41 at the given row and color.
00483480	PLATE	Draws one team's resource-summary column at the given x offset: the team name, a two-pixel underline bar, the numeric resource Value, and (if applicable) the Percent line.
004836e0	PLATE	Draws the "Resource Summary" title and divider bar, then renders the summary column for each of the three teams ordered by which team is the local player's.
00483930	PLATE	Frees the resource-graph buffer by releasing each row's two data arrays then the row array itself and nulls the global pointer.
00483980	PLATE	Allocates the resource-graph buffer as a row array of 32-byte entries, each holding two sample arrays initialized to a default value and zeroed counters.
00483a50	PLATE	Frees any existing resource-graph buffer and, if more than one resource is tracked, reallocates it and resets all graph state counters, returning success.
00483ac0	PLATE	Handles the resource panel's key/event type 0xd by resetting transient action-state slots and either applying display settings or entering the saved major mode.
00483b10	PLATE	No-op event/callback stub that always returns 0.
00483b20	PLATE	Switches to the in-game screen mode (3) and, if the HELLO handshake has not yet completed, sends the final HELLO-complete packet to join the session.
00483c20	PLATE	Allocates and initializes the route-test screen mode object, wiring its input/draw vtable handlers and registering its enter/exit callbacks in the screen-mode table.
00483d00	PLATE	Renders the route-latency test screen, drawing each route's label and per-sample timing values, highlighting the lowest-latency route, and printing the best route found so far.
00484390	PLATE	Stores the current high-resolution timestamp into the route-ping matrix cell for the given route index and sample slot, bounds-checked against the route and sample counts.
004843f0	PLATE	On each timer interval, sends a ROUTING_PING to every route for the current sample slot, advances the slot/round counters, and finishes the test once all sample slots are sent.
004845c0	PLATE	Optionally sets the login status-line text, switches to the login screen mode (2), and performs a full session reset/disconnect.
00484780	PLATE	Lazily creates the "enter the Internet address of a game server" text-entry dialog, sets its prompt strings, and copies the supplied initial address text into its input buffer.
00484910	PLATE	Input handler for the login screen mode: on an unmodified Enter key, resets transient action-slot state and either reapplies display settings or enters the major mode.
004849b0	PLATE	Allocates and initializes the login screen mode object, wiring its key-event/draw vtable handlers and registering its enter/exit callbacks in the screen-mode table.
00484b40	PLATE	Thin wrapper that builds the stripmap (route-overview map) texture geometry by delegating to the stripmap mesh-build routine.
00484b50	PLATE	Copies the current display/render configuration (driver pointer, palettes, gamma, fog, texture/allocator callbacks, and antialias settings) into the active renderer state globals at 0x5f55b0.
00484de0	PLATE	Queries the active display driver's name and posts a "Display system active: <name>." status line to the chat/console.
00484ec0	PLATE	Lazily allocates the three HUD font-descriptor blocks and, when running at low resolution, copies the lores font descriptors into the active small/options font slots.
00484f50	PLATE	Builds the HUD font glyph descriptors from named texture entries and loads/preloads all HUD animation sequences (arrows, flags, warp, trails, mouse pointer).
004859e0	PLATE	Recomputes the antialias/supersample enable flag from the gamma and driver capability settings, then re-syncs the renderer driver state.
00485a30	PLATE	When the requested resolution differs, logs the resolution switch, asks the driver to change mode, then re-derives the lores flag and reinitializes viewports, fonts, and HUD layout.
00485ad0	PLATE	Recomputes the antialias enable flag, re-syncs renderer state, then applies any pending resolution switch.
00485b20	PLATE	Installs the given display driver, initializes it, queries the screen dimensions, and allocates and registers the six render viewport/target descriptors scaled for the current resolution.
00485f30	PLATE	Disables the optional overlay device, re-syncs renderer state, calls the driver's shutdown vtable slot, and clears the active-context flag.
00485f70	PLATE	Tears down the current display driver and brings up the requested one (initializing viewports on first use or re-applying resolution, fonts, fog, and overlay state otherwise), returning whether the switch succeeded.
00486180	PLATE	Queries the current display mode from the render device, refreshes all surface contexts for the new resolution, and reapplies the viewport clip rectangle.
004861e0	PLATE	Lazily creates the two global file-search-path lists and populates both with the default data, docs, maps, sound, and client bitmap directories.
004863c0	PLATE	Registers a labeled bucket for every network packet-type id (ROOT, PING, PLAYER, TANK, etc.) into a histogram widget and finalizes it with the given title and scale.
004866e0	PLATE	Toggles the network packet-count and packet-size debug histogram overlay on or off, lazily constructing and positioning the two histogram widgets the first time it is shown.
004868e0	PLATE	Draws the console/dialogue panel background by tiling the lazily-loaded "brown/20" border texture around the edges and stroking the inner and outer bevel lines.
00486bc0	PLATE	Clears the console text widget, frees its current and backing markup documents, and replaces the backing buffer with a fresh empty rich-text document.
00486c40	PLATE	Renders the console overlay: scrolls the panel, draws the text document and background frame, and centers the "Server Shutdown!" banner across the screen.
00486d20	PLATE	Lazily constructs the console scrolling text widget, positions it within the screen margins, and seeds it with the current default font.
00486df0	PLATE	Builds the console/help screen: allocates its callback object and Viewer, wires its render and event vtable slots, creates its text widget, and registers the "main_menu" and "command_dialogue" search namespaces.
00486f20	PLATE	Opens or closes the console overlay: on open it stores a duplicated message string and switches to the console screen mode, on close it returns to the gameplay screen mode.
00486f90	PLATE	Computes the sky-dust billboard right/up axis vectors from the given rotation angle via sin/cos scaling and normalizes them into the global dust orientation vectors.
00487060	PLATE	On first call seeds 500 random dust-particle positions and colors, then projects each particle to screen space and plots its colored pixel if it lies within the viewport.
004872b0	PLATE	Constructs a scrolling-text panel object, initializing its two chunk linked lists and default size/speed/color fields, then resets it via TextScroller_Reset.
00487350	PLATE	Splits an input string into width-limited segments breaking at spaces and appends each segment to the scroller as a text chunk via TextScroller_AddChunk.
00487420	PLATE	Allocates a text-chunk node copying the given string, font, and color, links it into the scroller's chunk list, and advances the running character and pixel-width totals.
004874a0	PLATE	Frees all queued text chunks and glow-track nodes in the scroller's two lists, releases their buffers, and zeroes the scroller's counters and timer back to the default tick interval.
00487570	PLATE	Walks the scroller's pending chunk list and draws each chunk's text up to the current reveal-character count, computing a brightness-shaded color per chunk and stopping once the visible-character budget is exhausted.
00487650	PLATE	Iterates the active glow-character list, drawing each character at a FloatTrack-driven fading brightness and removing and freeing the node once its glow track has finished.
00487730	PLATE	Finds the chunk containing the next character to reveal, allocates a glow-character node with its screen position and a new FloatTrack fade animation, and appends it to the active glow list.
00487800	PLATE	Advances the scroller by the elapsed frame time, draws the visible and glowing characters, and spawns one new glow character per due tick until all queued text has been revealed.
00487880	PLATE	Scalar deleting destructor for a sound voice: runs the voice destructor and frees the object when the low bit of the flags argument is set.
004878a0	PLATE	Maps an entity's type code (field +8) to the sound-effect id to play, gated on the active listener, a global sound-enable flag, and per-entity audible flags, returning 1 when no special sound applies.
004879c0	PLATE	Returns 1.0 when there is no active listener, otherwise returns a float scale derived from the listener state.
00487a20	PLATE	Recomputes a voice's distance-based volume against its source's min/max range, enforces the per-sound concurrent-voice limit, and stops/frees the voice (or its quietest duplicate) when out of range or over the limit.
00487c50	PLATE	Constructs a Sound_Player: installs its vftable, initializes the sound-definition and voice list members, and sets the default channel count and active flag.
00487cc0	PLATE	Opens base_sound\\index.wgn, parses each non-comment line into a Sound_Def (name, file, gains, ranges, flags), assigns it an id, appends it to the player's definition list, and asks the audio backend to preload the referenced sample.
00488030	PLATE	Walks the sound-definition linked list looking for the entry whose name matches the given string and returns that Sound_Def, or null if none match.
00488070	PLATE	Walks the active voice list and returns the first voice whose sound-def id matches param_2 and whose owning entity matches the searched entity, or 0 if none.
004880a0	PLATE	Stops every active voice that references the given Sound_Def, unlinks the def from the player's definition list, and frees the def's name, file string, and the def itself.
00488120	PLATE	Stops and releases every active voice, then asks the audio backend to free and deletes each Sound_Def, and finally clears the player's definition list.
00488190	PLATE	Sound_Player destructor: installs the vftable then tears down the two embedded voice/bank linked-list members.
004881f0	PLATE	Searches the active-voice list for the voice whose handle (+0x3c) equals the requested id and invokes the vtable stop-voice method on it.
00488220	PLATE	Walks the active-voice list and stops every unattached voice whose sound-definition type matches the given type id.
00488260	PLATE	Plays a positional sound by allocating and initializing a voice node, filling its position/source/priority fields, assigning a new handle, and submitting it to the mixer, returning the handle or -1 on failure.
00488320	PLATE	Plays a sound attached to an emitter object by allocating a voice node, setting its source-object and attached flag, assigning a new handle, and submitting it, returning the handle or -1 on failure.
004883c0	PLATE	Per-frame sound tick: decays the global volume ramp, runs the listener update, then walks every active voice applying expiry, re-evaluation, and freeing finished or stopped voices.
004884c0	PLATE	Looks up the sound-definition's playback length for the type and, if enough time has elapsed since the last play, calls the update-or-spawn routine to (re)start the sound.
00488530	PLATE	Per-frame entity-sound sync: flags looping voices for refresh, then walks every world entity, computes its current sound type, and triggers the matching one-shot voice.
004885c0	PLATE	Updates the matching active voice's position/velocity if one already exists, otherwise allocates a new looping voice with a type-specific timeout and submits it when the priority threshold is met.
00488850	PLATE	Stops the active voice of the given type, or when the enable flag is set instead spawns a new looping voice of that type if none is already playing.
004888f0	PLATE	Walks the sound manager's active-voice list and invokes the stop/free vtable method on every voice whose source entity matches the given entity.
00488920	PLATE	Zero-initializes a 0x60-byte sound-voice structure, presetting the gain field (+0x34) to 1.0 and the two id fields (+0x3c/+0x40) to -1.
004889b0	PLATE	Returns the squared distance from a sound voice's world position to the listener, accounting for the voice's attached entity transform, or 0 if the voice is 2D or no listener exists.
00488ad0	PLATE	Enables the sound system by calling the manager's enable vtable method with 1 and setting the manager's audio-enabled flag (+8) to true.
00488af0	PLATE	Disables the sound system by calling the manager's enable vtable method with 0 and clearing the manager's audio-enabled flag (+8).
00488b10	PLATE	If audio is enabled and the sound id is valid, spawns a 3D positional voice for the given sound id at the supplied world coordinates.
00488b60	PLATE	If audio is enabled and the sound id is valid, spawns a 3D voice attached to the given entity (defaulting to the listener when null) with an entity-relative offset.
00488bb0	PLATE	If audio is enabled and the sound id is valid, spawns a non-positional (2D/UI) voice for the given sound id with the supplied gain and pitch.
00488be0	PLATE	If audio is enabled, plays the fixed UI sound id 0x19 as a 2D voice at the globally configured click gain.
00488c10	PLATE	If audio is enabled, plays the fixed UI sound id 0x1a as a 2D voice at full gain (1.0).
00488c40	PLATE	If the effects manager exists and is active, spawns effect type 0x64 at full intensity (1.0) as a one-shot transient effect.
00488c70	PLATE	When enabled, spawns a looping effect (type 0x47, or 0x66 in chase/external view) at intensity _DAT_00679278 unless one is already present, recording its id in DAT_005b9058; when disabled, despawns the recorded effect.
00488d10	PLATE	Per-frame tick that derives whether the engine glow should be on from the game/player state, toggles that looping effect accordingly, and then advances the whole effect emitter manager.
00488d80	PLATE	Walks every node in the effect manager's emitter list and invokes the manager's kill-emitter vtable method (offset 0x5c) on each, tearing down all active effect emitters.
00488dc0	PLATE	Maps an object/event type code (EAX) to a specific effect-type id via a switch and spawns that transient effect at the supplied position, when the effects manager and world are active and effects are not suppressed.
00488ec0	PLATE	Under SEH protection, zero-initializes a temporary 3-word effect record on the stack and passes it to FUN_0052a350 for processing before unwinding.
00488f10	PLATE	For an entity with a model definition, copies its primary offset vec3 and, if an emitter is active or the model's flag at +5 is set, fires the distance-attenuated sound/effect at that position.
00488f90	PLATE	Synchronizes an entity's looping effect with its model state: copies the primary offset, then spawns the looping effect (type 1, or 0x6a in alternate mode) when its flag at +0x15 is set and none exists, or despawns the existing one when the flag is clear.
00489030	PLATE	Rotates the vec3 in ESI sequentially about the X, Y, and Z axes by calling the single-axis rotation helper with axis codes 1, 2, and 3.
00489070	PLATE	Loads an FSOUND sample, reads its mode/length to size and allocate a PCM buffer, locks the sample to copy its decoded audio into that buffer, then unlocks and frees the FSOUND sample, returning true.
00489130	PLATE	Parses a time string in HH:MM:SS.f, MM:SS.f, or plain-seconds form via sscanf, converts it to a rounded sample/frame offset using the source's sample-rate and frame-size fields, and stores the result through the output pointer.
00489220	PLATE	Parses the start and end timecodes of a clip and returns true only when both parse successfully and the resulting sample offsets form a valid in-bounds range within the source length.
00489270	PLATE	Initializes a sound stream-reader cursor, clearing its position/flags and seeding the loop start and end sample offsets from the bound source object when one is provided.
004892a0	PLATE	Copies the requested number of bytes into the destination from the source sample buffer, wrapping the read cursor back to the loop start whenever it reaches the loop end so playback repeats seamlessly.
00489300	PLATE	Copies up to the requested bytes from the source buffer into the destination without looping, zero-fills any remainder past the end of the sample data, and returns true once the cursor has reached the end of the source.
00489360	PLATE	Fills the destination buffer from a stream reader, optionally rewinding the cursor first, dispatching to the looping or one-shot read path based on the reader's loop flag and returning whether more data remains.
004893c0	PLATE	Lazily creates the global Sound_fmod singleton by allocating a 0x50-byte object and constructing it on first use, then returns the cached instance.
00489430	PLATE	Constructs a Sound_fmod object by running the base Sound_Player constructor, installing the Sound_fmod vftable, and initializing its default volume, gain, and channel-count fields.
00489470	PLATE	Scalar deleting destructor for Sound_fmod that runs the destructor and then frees the object's memory when the low bit of the flag argument is set.
00489490	PLATE	Destructor for Sound_fmod that releases the object's FMOD samples and record buffers then chains to the base Sound_Player destructor.
004894f0	PLATE	Allocates a 0x1c sound-sample struct, runs the custom decode/load passes, and on success stores it at sample+0x44 with data-type tag 1 (custom) at sample+0x40, freeing everything and returning false on failure.
00489580	PLATE	Frees the inner PCM buffer pointed to by the custom sample struct and then frees the struct itself.
004895a0	PLATE	Searches a list of candidate sound directory/extension suffixes, builds the full path, and loads the sample via FSOUND_Sample_Load (with looping/hardware flags) or the custom loader, logging an error if no file could be loaded.
00489790	PLATE	Releases a loaded sample based on its data-type tag at +0x40 (FSOUND_Sample_Free for type 0, custom struct free for type 1, error log otherwise) and clears the sample pointer.
00489820	PLATE	Builds the FSOUND 3D position and velocity vectors for a sound source from its attached object's transform, subtracting the listener origin and rotating into the editor view frame, returning zero vectors when the source is muted.
00489a50	PLATE	Updates one playing sound source: distance-culls it, computes a time/distance volume rolloff, applies FSOUND volume and 3D attributes, emits a debug entry, and returns false (stopping the source) if any FSOUND call fails.
00489c60	PLATE	Once per frame-tick, walks the active sound-source list updating each audible in-range source via Snd_UpdateSourcePlayback (stopping failed ones), calls FSOUND_Update, then recomputes each source's audibility flag.
00489d20	PLATE	Stores the given parent/attach object pointer at source+0x28 (the transform source used for 3D attribute computation) and returns true.
00489d30	PLATE	Returns the source base volume at +0x28 scaled by the global master-attenuation factor (1 - masterVol*muteFactor).
00489d60	PLATE	Forwards the source and its parameters to the channel-start helper (FUN_0048ba10) to begin playback and returns true.
00489d80	PLATE	No-op stdcall stub (RET 8) installed in a sound-device vtable slot that takes one argument and does nothing.
00489d90	PLATE	Enumerates the FMOD sound drivers, building a driver-info record (name plus a capabilities suffix for hardware 3D and EAX2/EAX3 support) for each and appending it to the global driver list.
00489fb0	PLATE	Initializes the selected FMOD output/driver, logs and records its hardware-3D/EAX capabilities, applies buffer size and min-hardware-channel settings, calls FSOUND_Init, and configures the 3D rolloff, doppler, and listener attributes.
0048a220	PLATE	Tears down the sound device by walking the active sample and stream lists to stop and free each entry via vtable callbacks, then closes FMOD and clears the initialized flag.
0048a290	PLATE	Closes the FMOD stream owned by the given sound object, frees its stream record, and clears the object's stream pointer.
0048a2e0	PLATE	Returns true if the sound object's channel is valid and FSOUND_IsPlaying reports it is currently playing.
0048a300	PLATE	Returns true if the sound object's channel is invalid or FSOUND_IsPlaying reports it is not currently playing.
0048a320	PLATE	Copies the sound object's flag byte (offset 0x54) into the associated stream record (offset 0x18) when a stream is present.
0048a340	PLATE	Stores the given enable flag into the object (offset 0x24) and tail-calls the device vtable slot at 0x10 to apply the change.
0048a360	PLATE	Stores the requested record-enable flag into the object (offset 0x25) and starts FMOD recording only when both the enable (0x24) and record (0x25) flags are set, otherwise stops recording.
0048a3a0	PLATE	Returns the byte flag at offset 0x18 of the sound's sample/stream descriptor (pointer at this+0x48).
0048a3b0	PLATE	Returns the float field at offset 0x88 of the sound's sample/stream descriptor (pointer at this+0x48), or 0.0 if the descriptor is null.
0048a3d0	PLATE	Returns the sample/descriptor count stored at offset 0x44 of the sound object.
0048a3e0	PLATE	Bounds-checks the index against the sample count and, if valid, copies the indexed 0x98-byte sample descriptor from the sound's descriptor array (this+0x3c) into the output buffer.
0048a430	PLATE	Creates an FSOUND streamed or static sample for a sound instance, starts playback on a free channel, and applies its volume, frequency, and min/max 3D distance before marking the instance active.
0048a6d0	PLATE	Stops the FSOUND channel held at offset 0x40 of the sound instance, bumps the stop counter, sets the stopped flag, and resets the channel handle to -1.
0048a710	PLATE	If the sound instance owns a stream object (ptr at +8), flags it to stop; otherwise invokes the instance's stop and release virtual methods (vtable+0x5c then +0x58).
0048a740	PLATE	Maps the configured speaker-mode setting (DAT_006790d0) to the corresponding FSOUND speaker mode and applies it via FSOUND_SetSpeakerMode.
0048a7b0	PLATE	Returns a human-readable description string for the given FSOUND error code (passed in EAX), or "Unknown error" for unrecognized codes.
0048a880	PLATE	Copies up to the requested number of bytes from the source into the stream's circular buffer, wrapping around the end, advancing the write index, and returning the number of bytes actually written.
0048a8e0	PLATE	Copies up to the requested number of bytes out of a voice ring buffer, wrapping from the read offset past the end back to the start, and advances the read offset.
0048a950	PLATE	Zero-initializes all buffer pointers, offsets, codec handles, and counters of a voice stream object prior to allocation.
0048a9b0	PLATE	Allocates the PCM and packet buffers for a voice stream and, per the mode flags, sets up the encoder codec (bit 1) and/or decoder codec (bit 2) and the side scratch buffer.
0048abe0	PLATE	Frees all buffers held by a voice stream and tears down its encoder and decoder codec objects according to the mode flags.
0048ac80	PLATE	Feeds captured PCM samples into the encode frame buffer, and on each full frame computes the peak level, runs voice-activity detection, and either encodes/transmits the frame or discards it as silence.
0048af20	PLATE	Pulls length-prefixed encoded voice packets from the accumulator, decodes each one into PCM through the decoder codec, compacts any leftover bytes, and returns the decoded PCM buffer and size.
0048b080	PLATE	Fills the requested number of output bytes for playback by draining leftover ring-buffer data then decoded voice PCM, zero-padding any shortfall and discarding excess voice data beyond the buffer capacity.
0048b190	PLATE	Appends an encoded voice frame to the accumulator buffer (writing a 4-byte length prefix and running the encoder when called with a null payload), reporting and counting an overflow when the buffer is full.
0048b260	PLATE	Resets the encoder codec state of a voice stream when the encode mode flag is set, flushing it with an extra reset pass on the first invocation.
0048b300	PLATE	Initializes voice capture by selecting the FSOUND record driver and allocating a looping record sample, storing the sample handle and a status code in the result struct.
0048b3b0	PLATE	Stops FSOUND recording, resets the read cursor, and locks/unlocks the record sample to zero-fill its entire buffer, returning success when cleared.
0048b470	PLATE	Reads the current FSOUND record position and locks the newly captured sample region between the last and current cursor, feeding both wrapped halves into the voice encoder before unlocking and advancing the read cursor.
0048b530	PLATE	Zero-initializes the 16-byte stream-voice slot (playing flag, sample pointer, FSOUND stream handle, and channel id).
0048b540	PLATE	Destructor wrapper for a stream-voice slot that simply forwards to Voice_StreamStopAndClose.
0048b550	PLATE	Stops the stream-voice's FSOUND stream if playing (logging FSOUND errors on failure) and then closes the stream handle.
0048b5a0	PLATE	Starts the stream-voice playing via FSOUND_Stream_PlayEx, applies the computed volume and unpauses the channel, logging FSOUND errors and marking the voice active on success.
0048b650	PLATE	FSOUND stream callback that zeroes the requested output buffer and refills it from the stream-voice's playback voice ring buffer.
0048b680	PLATE	Allocates the playback voice array and stream-voice array, creates one FSOUND stream per voice using Voice_StreamReadCallback, and constructs the local RecordVoice, reporting an error if recording cannot be set up.
0048b930	PLATE	Tears down the voice system by destroying and freeing the stream-voice array, the playback voice, and the RecordVoice, stopping recording and freeing the FSOUND record sample.
0048b9b0	PLATE	Begins looping FSOUND capture into the RecordVoice's sample, logging the FSOUND error and storing error line 0x33a if recording fails to start.
0048ba10	PLATE	Iterates over every active voice-sound entry in the list and calls FSOUND_SetVolume on each channel, logging an FMOD error from sound_voice.cpp if a call fails.
0048baa0	PLATE	Drains the recorded mic sample, and once at least 160ms has elapsed since the last send, decodes the queued voice packets and transmits the resulting sample over the network.
0048bb10	PLATE	Builds a rotation matrix from the entity's stored Euler angles and integrates its position and velocity forward by the elapsed-time delta to produce a dead-reckoned predicted transform.
0048bba0	PLATE	Converts the entity's current and target Euler angles to quaternions and, if the angular gap exceeds the threshold, spherically interpolates between them and writes the smoothed orientation back as Euler angles, otherwise snaps to the target.
0048be00	PLATE	Computes the position-error vector between the entity's predicted point and the reference point, stores its length, normalizes the direction when the error exceeds the threshold, and snapshots the current orientation for blending.
0048beb0	PLATE	Advances the entity's interpolated position toward the reference along the error vector by a time-scaled fraction and invokes the orientation extrapolation and slerp steps, flagging whether any correction is still pending.
0048bff0	PLATE	Snaps the entity's interpolated position to the authoritative reference when within the distance threshold and likewise snaps its orientation when the quaternion angle is within the angular threshold, eliminating residual prediction error.
0048c140	PLATE	Sends a SQUAD_ANSWER_INVITE network message with the decline flag (0) carrying the inviter's id and squad id, then removes the matching pending-invite entry.
0048c1b0	PLATE	Sends a SQUAD_ANSWER_INVITE network message with the accept flag (1) carrying the inviter's id and squad id, then removes the matching pending-invite entry.
0048c220	PLATE	Iterates the pending squad-invite list, sending a SQUAD_ANSWER_INVITE decline message for each inviter/squad pair and removing every entry until the list is empty.
0048c2b0	PLATE	If no existing invite matches the inviter's player and squad id, allocates an {entry,id} node, appends it to the squad-invite list, and prints "%s has invited you to join %s!" to the console.
0048c340	PLATE	Removes every squad-invite node whose player id and squad id match the given pair, frees the node and its payload, and (unless suppressed) prints "%s is no longer asking you to join %s!".
0048c3c0	PLATE	Removes any existing squad-definition entry whose id matches the new record's id and frees it, then prepends the new entry to the squad-entry list.
0048c420	PLATE	Removes any existing squad-member record with the same id and frees it, prepends the new member record to the squad-member list, then refreshes the matching player's secondary name.
0048c490	PLATE	Scans the squad-entry list and returns the entry record whose id equals the local player's squad id, or null if none matches.
0048c4b0	PLATE	Finds the squad-entry record whose id equals the local player's squad id, unlinks it from the list, and frees the record and its payload.
0048c4f0	PLATE	Looks up the local player's entity record, reads its linked member id, and returns the squad-member record matching that id, or null if not found.
0048c540	PLATE	Iterates over a tiled/swizzled source bitmap region and, for each source pixel that differs from the surface's transparent color, writes the given fill byte into the destination buffer.
0048c5f0	PLATE	Clips a sprite's rectangle against the destination surface bounds and blits each visible row of the source bitmap via Rast_BlitGlyphRowsMasked using the given fill color.
0048c740	PLATE	Computes the byte offset into a surface for the given x/y, using the swizzle lookup tables for tiled (type-3) surfaces and a plain row-stride multiply otherwise.
0048c840	PLATE	Fills the given number of surface rows (or the full height when count is -1) with a single byte value by memsetting each row of the pixel buffer at the row stride.
0048c890	PLATE	Writes a single color byte to the surface at rounded float coordinates only if the point lies inside the surface clip rectangle (offsets 0x1c-0x28).
0048ca20	PLATE	Clips a sprite against the destination surface bounds and copies it row by row with memcpy as an opaque (non-transparent) blit.
0048caf0	PLATE	Clips a sprite against the destination surface and blits it row by row, translating each source pixel through a palette remap table from Palette_LookupEntry.
0048cc00	PLATE	Looks up the texture's per-mip width and source pointer from the global mip tables and forwards them to Raster_BlitTexturedRect to draw the scaled texture tile.
0048ccf0	PLATE	Clipped sprite blit that uses a fast memcpy path when the alpha factor is 1.0 and a per-pixel palette-remap path otherwise, falling back to Raster_BlitTextureScaled when the mip level does not match.
0048cea0	PLATE	Clips a sprite against the destination surface and blits it row by row as a transparent color-keyed copy, writing only source pixels that are non-zero.
0048cfd0	PLATE	Draws a single-color line between two endpoints directly into the surface pixel buffer using an integer Bresenham line algorithm.
0048d0d0	PLATE	Clips a line to the surface clip rectangle using the Cohen-Sutherland outcode algorithm and, if any part is visible, draws it via Raster_DrawLineUnclipped.
0048d3e0	PLATE	Draws a shaded/beveled rectangle by stroking its four edges with light and dark shades derived from a palette entry and plotting the two opposite corner pixels.
0048d700	PLATE	Copies a rectangular sprite region into the destination buffer row by row, skipping the transparent key color and remapping each remaining pixel through the given color-translation table.
0048d7d0	PLATE	Clips a sprite blit at (x,y) against the destination surface's clip rectangle, resolves the palette translation table, and dispatches each visible scanline to Sprite_BlitSpanRemap.
0048d940	PLATE	Iterates over the grid cells within the given bounds, computes a distance-based brightness falloff for each cell, and calls the surface's vtable plot method to shade the cell.
0048e060	PLATE	Queries the surface's bitmap dimensions and stride via vtable, allocates a tightly-packed buffer, and copies the pixels row by row (flipping when the stride is negative) returning the buffer and an 8-bpp tag.
0048e120	PLATE	Reads a little-endian 32-bit value from the stream cursor into the output, advances the cursor by 4 and decrements the remaining byte count, returning false if fewer than 4 bytes remain.
0048e170	PLATE	Reads a little-endian 16-bit value from the stream cursor into the output, advances the cursor by 2 and decrements the remaining byte count, returning false if fewer than 2 bytes remain.
0048e1a0	PLATE	Serializes every stripmap entry in the global list (counts, vertices, and pixel data) into a memory buffer and writes it out as the "stripmaps2" archive at c:\\ntank\\data.
0048e3c0	PLATE	Allocates a stripmap entry, duplicates its name, then parses the strip count, width, height, pixel data, and triple-short strip records out of the supplied byte buffer.
0048e5a0	PLATE	Opens the "stripmaps2" pack file, seeks and reads each catalogued blob, parses it with StripMap_ParseEntry, and inserts the resulting entry into the global stripmap list.
0048e6a0	PLATE	Walks the linked list of strip records, copying their triple-short headers into one contiguous array and their pixel spans into one concatenated buffer stored in the target struct.
0048e780	PLATE	Scans one bitmap pixel row for runs of non-zero pixels and allocates a 12-byte span record (start x, row index, run width, pixel pointer) for each run, appending it to the given span list.
0048e800	PLATE	Builds a named stripmap entry by duplicating the name, scanning every row of the source bitmap into a temporary span list, packing the spans into the entry, then freeing the temp list and appending the entry to the global stripmap list.
0048e930	PLATE	Looks up a texture by name in the texture hash table, computes its pixel base address (accounting for tiled-format stride when format==3), and builds a stripmap entry from that texture's pixels and dimensions.
0048e9a0	PLATE	Returns the stripmap for the given name: ensures stripmaps are loaded, searches the cached list by name, then falls back to building from a matching texture, and finally to loading "screen/NAME.BMP" from disk and registering it as a new texture and stripmap.
0048ec00	PLATE	Iterates the global stripmap list and writes a formatted line (index, name, glyph-span count, summed glyph width) for each entry to the given console/output sink, or reports that stripmaps are not loaded yet.
0048ee10	PLATE	Advances a span-packing cursor by the given amount, growing the current row height, and when the cursor reaches the row end it wraps to the next row, resets the position and height, and recomputes the remaining width.
0048ee60	PLATE	Tests a span against the packing cursor's leading region and, if the overlap fraction and resulting fill ratio both pass their thresholds, consumes that portion by advancing the cursor and shrinking the remaining length, returning whether the span was fully handled.
0048ef10	PLATE	Tests a span against the packing cursor's trailing region and, if the overlap fraction and resulting fill ratio both pass their thresholds, consumes that portion by extending the cursor length, returning whether the span was fully handled.
0048efb0	PLATE	Compares one span's row against the cursor row and, on a match, computes the horizontal overlap with the cursor window via the start/end split helpers and adds that overlap width to the run's accumulated coverage count.
0048f020	PLATE	Walks the span list for one row, sums each span's horizontal overlap with the candidate run, and if the total coverage ratio meets the threshold it commits the overlapping spans into the run, increments its span count, and returns the next list node.
0048f120	PLATE	Walks the free-rectangle list merging adjacent nodes while the accumulated span stays within the 126-pixel strip width limit.
0048f170	PLATE	Allocates a new free-rectangle node (x, y, width, atlas-offset) plus its list wrapper and splices it into the doubly-linked free list, incrementing the node count.
0048f1f0	PLATE	Copies a source glyph run into the strip atlas advancing the destination by the row stride each step, producing a 90-degree rotated (column-wise) blit.
0048f260	PLATE	Copies a source glyph run byte-for-byte into a horizontal row of the strip atlas at the computed pixel offset.
0048f2c0	PLATE	Scans the free-rectangle list for a node overlapping the requested band, splits off the unused left/right remainders, unlinks the consumed node, and blits the glyph into the atlas either rotated or straight.
0048f480	PLATE	Clamps the next glyph to the current texture page's remaining width and height, builds a 12-byte placement record, runs the allocator/blit, and appends the record to the output list, returning true on success.
0048f5b0	PLATE	Builds the initial free-rectangle list from the source glyph table, allocating a 12-byte node per 6-byte glyph entry and assigning each a running horizontal atlas offset.
0048f610	PLATE	Packs all source glyphs into 128x128 stripmap texture pages allocated via TexCache, blitting each glyph and finally copying the collected placement records into the owner's array.
0048f890	PLATE	Formats a printf-style message into a dynamically grown heap buffer and appends a new node carrying the type, id, and text to the message list at param_1+0x40.
0048f950	PLATE	Walks the global message list and unlinks then frees every node (and its text buffer) whose id field matches the given id.
0048f9b0	PLATE	Converts an (x, y, width, height) rectangle into edge coordinates and forwards them to Table_SetGeometryAndLayout to position and lay out the table widget.
0048fa00	PLATE	Stores the table widget's x/y/width/height and derived pixel rectangle and row-metric fields, then invokes the layout vtable callback and the row-region update to recompute the visible rows.
0048fbe0	PLATE	Tests whether a mouse-button input event falls inside the table's content rectangle, computes the clicked row index, and invokes the table's row-selection callback for that row, returning true if handled.
0048fcb0	PLATE	Renders the table widget by drawing its optional filled background, header label, bordering frame, scrollbar thumb position, and the text of each currently visible row via the render device vtable.
004900b0	PLATE	Walks the table's row linked list, unlinking each row node and freeing both its text payload buffer and the node itself.
00490100	PLATE	Constructs a Table widget: installs its vftable, initializes its default state and row container, and allocates and configures the child scrollbar with its palette and clamped track window.
004902b0	PLATE	Constructs a Tank_Client: installs the Vehicle_Client then Tank_Client vftables, allocates and initializes its model/animation subobject, binds it to the entity type, and runs the initial engine-zoom reset.
00490350	PLATE	Resets the vehicle client's zoom counter and reads the entity's base zoom value into its current/target fields, then updates the global engine-zoom level clamped to its min/max range and flags it changed.
004903e0	PLATE	Returns true when the vehicle is under engine load, i.e. its current zoom lags its target and any of its four motion-component magnitudes squared exceeds the threshold constant.
00490470	PLATE	Per-frame update that counts sustained engine load and, once held for several frames, drives the engine-zoom slider to twice the entity speed and syncs the new zoom target to the synchronized channel.
004904f0	PLATE	Reads the double target value from the event's action object, writes it to control-channel slot 5, pushes it to the sync channel via Sync_SetChannelTarget, and caches it in the event's current/target float fields.
00490540	PLATE	Sets the caller's "value present" output flag to 1 and returns the cached target float stored at offset 0x14 of the object.
00490550	PLATE	Frees each node's payload buffer in the singly linked list, clears the list head/tail, and frees the list object itself (with SEH frame teardown).
004905d0	PLATE	Returns true only if the passed list matches the global list (DAT_006784d4) in header fields and every node's first payload word compares equal element-by-element.
00490630	PLATE	If the global list (DAT_006784d4) exists, destroys its nodes, frees the list object, and nulls the global pointer.
00490660	PLATE	Looks up the entity at the given index in the target array, stores it as the current/selected target globals, sends a RETARGET network message, and sets a flag when the entity is a type-0x14 object matching the active context.
004906b0	PLATE	Computes each draw-list entry's scalar key (storing it at +8), finds the min/max across the list, then scales each entry's alpha/weight by a normalized 1.0-((key-min)/range)*factor falloff.
004908b0	PLATE	For each draw-list entry, builds the normalized direction from the camera to the entity, dots it against the rotated view axis, and zeroes the entry's weight (and scales its alpha) when the dot is on the wrong side of the given threshold.
00490a30	PLATE	Computes the cosine threshold from the object's angle and forwards it to DrawList_ApplyViewConeCullWeights to cull the draw list against the view cone.
00490ae0	PLATE	For each draw-list entry, reads the entity's damage value (clamping negatives to zero) and its type's max from the type table, then scales the entry's weight by 1.0 minus the damage ratio.
00490b50	PLATE	Scales each candidate's target score by its entity health/value (+0xd0) divided by the per-type weight from the type table, clamping negative results to zero.
00490bb0	PLATE	qsort comparator that orders two candidate records by their score field (+4) in descending order.
00490bf0	PLATE	Builds a temporary {entity,score} array from the candidate list, runs the registered scoring callbacks, sorts by descending score, drops the zero-score tail, and writes the surviving entity pointers and count back.
00490d00	PLATE	Scans the active input-command list to derive a target-cycle direction bitmask and stores its bits into the global cycle-direction flags, swapping next/previous according to the player's team/view side at entity+0xf0.
00490de0	PLATE	Returns true when the given candidate entity is on a different team than the player and is either a special override type or has been alive longer than the lock-eligibility delay.
00490e80	PLATE	Returns true only when both control command 5 and command 0x15 are present in the active input-command list.
00490ec0	PLATE	Allocates and fills an array of all entities that pass the targeting filters (cycle-direction flag, active, not self, eligible, alive, and not a hidden lock type), ranks them, and returns the candidate pointer array and count.
00491080	PLATE	Frees the previous global target-candidate array and rebuilds it, refreshing the global candidate pointer and count.
004910b0	PLATE	Returns the index of the currently locked target within the global candidate array, or -1 if it is not present.
004910f0	PLATE	Selects the next target in the global candidate array (wrapping to the first), or the first one if no target is currently locked.
00491130	PLATE	Allocates a 0x20-byte target-spec entry, copies the spec name (NEAREST or FURTHEST variant per DAT_006784bf) from the spec table at index param_1*6, and initializes its index, name pointer/length, direction flag, and 0xfa-byte work buffer.
00491200	PLATE	Installs the pending target-spec list as active: when disabled (DAT_00678108==0) it frees the current list, sends a retarget(-1) and resets selection state, otherwise it activates the new list and applies it via FUN_00491080.
00491290	PLATE	Clears the active target list, builds a default target-spec list (specs 0, 6 and 0x10 with their enable flags), commits it, then selects the initial cycle target and re-selects the local team-slot entity.
00491410	PLATE	Builds an alternate preset target-spec list (specs 0, 2 and 0x14 with their enable flags) and commits it as the active target list.
004914f0	PLATE	Frees the active target-spec list (DAT_006784d4), resets the target-cycle bookkeeping globals, and sends a retarget(-1) to clear the current network target.
00491540	PLATE	Case-insensitively compares two strings character by character, returning true once the first string is consumed (i.e. it matched as a prefix of the second).
004915c0	PLATE	Searches the target-spec name table (stride 6 from PTR_s_NEAREST_00577690) for a case-insensitive prefix match, returning the matched spec index and an exact-match flag.
00491680	PLATE	Parses a list of targeting-spec name arguments, looking each up and appending its spec entry with the right flags, reporting an "Unknown targeting spec" error on a bad name, then commits the list and updates the current cycle target and team-slot selection.
00491960	PLATE	When an active target list exists and its flags at +0x14 mark it as one-shot/transient (and selection occurred), rebuilds the default target list.
00491990	PLATE	Resets the 40-byte per-entity-type targetable flag table at DAT_005f60a8 by filling all ten dwords with 0x01010101 (every type enabled).
004919d0	PLATE	Dispatches on a menu-event code to set the corresponding per-item redraw/dirty flag bytes, resetting all of them for the reset codes 0x14/0x15.
00491af0	PLATE	Ticks the row's highlight-decay timer (marking it selected when it expires) and draws the row's two text strings via the renderer vtable at +0x9c.
00491c10	PLATE	Walks the active selection-menu's linked list of rows, drawing each via Select_DrawItemRow and advancing the vertical pixel offset by each row's height.
00491cc0	PLATE	Closes the given selection menu, clearing the active/open menu globals, cancelling any retarget via Net_SendRetarget(-1), and tearing down the row list for certain menu types.
00491d60	PLATE	Resolves the texture handle for a selection row, falling back to the named player's texture (via Player_FindByName) and caching that handle on the row when the primary lookup fails.
00491dc0	PLATE	Initializes a selection row from the current target, freeing any old label, storing the target id, and duplicating the matching player's name into the row when found in the player list.
00491f20	PLATE	Constructs a Team_Selection_Box, installing its vtable, allocating its three FloatTrack animators and a Scrollbar, and initializing its layout fields and clamped track window.
004921f0	PLATE	Replaces the box's label string with a duplicate of the source text, recording its length and copying the associated id and palette/color value onto the box.
00492240	PLATE	Word-wraps the box's label into up to three lines that fit the box width and draws each line (with a shadow/background pass) via the renderer vtable.
00492420	PLATE	Selects the open/close FloatTrack based on the box's current vs target category and advances it to produce the box's fade/expand fraction, clamped into [0,1].
00492500	PLATE	Draws a team-selection box: fills its background rectangle and draws the team icon scaled by the box's fill fraction, then renders the team title text.
004925c0	PLATE	Inserts a player record into the scoreboard's doubly-linked list keeping it ordered by the player's score field at +0x28 (descending), allocating a 0xC-byte list node.
00492630	PLATE	Builds the sorted player list for the selected team and renders the scoreboard rows (Rank/Tag/Kudos/Kills/Ratio) with a scrollbar, or "No players on this team." when empty.
00492bf0	PLATE	Draws a team panel: counts the team's players, renders the centered "%d players"/"1 player" label over a fill bar, then draws the player scoreboard.
00492d60	PLATE	Handles a left-button click on a team box: if team switching is allowed and not at capacity, plays the UI select sound and sends a team-join/reincarnate selection to the server.
00492e50	PLATE	Populates the team-selection screen layout globals with the hard-coded screen positions, sizes, and draw callbacks for the two team boxes and their labels.
00492fd0	PLATE	Builds the team-selection screen: constructs the two team-box widgets, registers the team-switch status/error message strings, and creates the info/list widget.
004935f0	PLATE	Looks up the status message by code, frees the previous markup document, and rebuilds the team-select info widget's rich-text document.
00493680	PLATE	Once per session (guarded by a flag), sends the server a reincarnate/team selection picking the local player's team based on the current team comparison.
004936f0	PLATE	If the access-denied reason string is non-empty, pops up a "Server Access Denied" message dialog containing that text.
00493730	PLATE	Looks up the tile IDs for the neutral and two team-colored bitmap names, logging a TEAM_TILEMAP warning for any missing tile, and appends the resulting {neutral, team1, team2} triplet to the team-tilemap remap list.
00493810	PLATE	Searches the team-tilemap remap list for an entry containing the given tile ID and returns the tile ID for the requested team color (slot 1 or 2, otherwise neutral), or the original ID if no entry matches.
00493850	PLATE	Iterates over every face of a shape, looks each face's tile ID up in the team-tilemap remap list, and writes back the team-colored tile ID (slot 1 or 2, otherwise neutral) into the shape's per-face tile array.
004938c0	PLATE	Populates the team-tilemap remap list by registering all known structure/vehicle texture names paired with their team-colored variants.
00493b20	PLATE	Initializes a packed terrain-vertex record, setting its two 9-bit index fields to 0x1ff and clearing the remaining fields.
00493b40	PLATE	Fills a 16-byte terrain edge/neighbor record with 0xffff sentinel values to mark it as empty.
00493b60	PLATE	qsort comparator that decodes the height of two packed terrain vertices (via the active patch node's height table and scale/bias) and returns -1/0/1 ordering them by decoded height.
00493bf0	PLATE	Builds the patch node's 0x121-entry vertex index array (packing each vertex height into the high bits), sorts it by height with TerrainVtx_CompareByHeight, and resets the node's index iteration cursor and count.
00493e50	PLATE	Maps a single-bit mask (1,2,4,...,0x40) to its 0-based bit index 0..6, returning -1 for any other value.
00493f00	PLATE	Returns the absolute height error of a packed terrain vertex versus the midpoint of its two edge neighbors (zero if both neighbor indices are the empty 0x1ff sentinel), used to drive patch LOD detail.
00493fe0	PLATE	Builds one terrain quadtree patch node: scans its 17x17 (0x121) vertex block for min/max height and brightness, packs height and lighting indices into each vertex word, and computes the node's bounding-box center, extents, and bounding-sphere radius.
00494600	PLATE	Recursively rebuilds every node of the terrain quadtree, calling Terrain_BuildPatchNode on the current node and descending into its three child subtrees plus its sibling chain until a leaf (node+0x754==1) is reached.
00494670	PLATE	Recursively rebuilds only the terrain quadtree nodes whose bounds (node+0x744/0x748/0x74c/0x750) overlap the given grid rectangle, calling Terrain_BuildPatchNode on each visited node and descending into its children and sibling chain.
00494740	PLATE	Allocates a grid of terrain quadtree patch nodes (0x790 bytes each) sized to the heightmap divided by the given patch stride, constructs each node, fills in its grid extents/stride fields, and returns the node array while writing the column count to *param_3.
004948d0	PLATE	Links each parent node of one quadtree level to its four child nodes in the finer level below and writes the parent back-pointer (+0x768) into all four children.
004949c0	PLATE	Computes the (unnormalized) face normal of the first-orientation triangle of a terrain grid cell via the cross product of its two edge vectors, writing the xyz result through the in_EAX output pointer.
00494af0	PLATE	Computes the (unnormalized) face normal of the second-orientation triangle of a terrain grid cell via the cross product of its two edge vectors, writing the xyz result through the in_EAX output pointer.
00494c20	PLATE	Computes a terrain vertex's shading by averaging its surrounding triangle normals and dotting with the sun direction plus a Laplacian curvature/ambient-occlusion term, maps the result to a palette index, and packs that index into the vertex word.
00494fc0	PLATE	Scans the heights over a rectangular block of terrain vertices to find their min and max, updates the active node's stored low/high bounds (node+0x1c/+0x28), and dispatches either a rect-limited or full quadtree rebuild depending on whether the bounds changed.
00495210	PLATE	Allocates and builds the full terrain LOD quadtree from a heightmap, generating successively coarser node-grid levels (doubling the patch stride each pass) via Terrain_AllocLevelGrid and linking each finer level to its parent with Terrain_LinkChildNodes until a single root remains.
004952d0	PLATE	Clamps the two input coordinates into the 0..0x10 (17x17) grid, computing the linear index row*0x11+col, and returns either the plain index or, if either axis overflowed the grid edge, a negated value packing the wrap-direction quadrant bits (0x800/0x200) with the index.
00495330	PLATE	Recursively subdivides the 17x17 terrain mesh, writing the subdivision level and four encoded neighbor/child edge indices into each node record (in the _DAT_005e6a00 and DAT_005e70c8 node arrays), setting child-present flag bits, and recursing into the four sub-triangles.
00495540	PLATE	Decodes a mesh node's two packed edge codes back into grid row/column coordinates (div/mod 0x11) and writes the two reconstructed vertex indices into the caller-supplied short[2] output buffer.
00495600	PLATE	Allocates and constructs the terrain LOD node arrays (DAT_005e70c8 and _DAT_005e6a00), builds the recursive subdivision tree and the two triangle binary trees, fills the per-node and coordinate-encoding lookup tables, and builds the renderer projection-step and sample lookup tables.
00495890	PLATE	Recursively builds one triangle of the ROAM-style triangle binary tree by computing the min/max grid coordinates of its three corners, classifying its orientation, storing corners/midpoint into a freshly allocated 0x28-byte node record (array DAT_005f61a0, index counter DAT_006784ec), and recursing into its two child triangles; returns the node index.
00495b10	PLATE	Initializes a map tile-bucket object by zeroing its bucket-list head and the associated counter/state fields at offsets 0x734 through 0x78c.
00495b50	PLATE	Drains a map tile object's bucket list by repeatedly calling MapTileBucket_Recycle until the list head at offset 0x738 is empty.
00495b80	PLATE	Iterates the map's array of tile-row pointers (at offset 0x1c, count at 0x6c) and, for each non-null row, runs the array destructor (0x790-byte elements, destructor MapTileBucket_RecycleAll) and frees the backing allocation.
00495bd0	PLATE	Destroys a map object by releasing its four texture/resource handles at offsets 0xc-0x18 (resetting each to -1), freeing all tile-row arrays via Map_FreeTileRowArrays, and freeing the object itself.
00495c23	PLATE	Runs the client's main game loop: plays the startup sound, then forever measures the per-frame time delta (clamped to 500ms), services networking, interpolates entities, updates particle/HUD/FX systems, and polls and processes input each tick.
00495db0	PLATE	Frees and tears down the widget's child, string, and attribute lists then allocates fresh empty list containers for the latter two.
00495f20	PLATE	Sets the widget's byte flag at offset 0x28 to 1 (enabled/true).
00495f30	PLATE	Clears the widget's byte flag at offset 0x28 to 0 (disabled/false).
00495f40	PLATE	Stores the widget's left/top and computed right/bottom screen-rect edges then forwards x/y/width/height to the layout-update helper.
00495f80	PLATE	Walks the widget's child-widget list, unlinking each node, destroying the child via its cleanup helper, and freeing it.
00495fc0	PLATE	Reads three string markup attributes and stores duplicated copies into the active widget struct fields 0x5c, 0x60, and 0x64, freeing any prior values.
00496070	PLATE	Reads a markup attribute, allocates a one-pointer node holding a duplicated copy (or null), and appends it to the widget's string list at offset 0x38.
004960d0	PLATE	Constructs a Pad_Chunk widget, copying the layout's tex handle, setting default fields and vtable, then applying its initial bounds rect.
00496160	PLATE	Initializes a Chunk widget, copying parent layout texture/flag/color fields, setting its vtable and default state, and linking it to its parent.
004961d0	PLATE	Replaces the chunk's stored text by duplicating the given string into a freshly allocated buffer, recording its length, and invoking the vtable layout callback sized by the per-character width.
00496230	PLATE	Draws one text run/glyph: looks up its palette color, optionally selects its font texture, then issues the device draw call either scaled (with the given scale factor) or unscaled.
00496330	PLATE	Virtual draw method for a text-run chunk that renders its run handle (this+0x30/0x34) at unit (1.0) scale via Markup_DrawGlyphRunScaled.
00496360	PLATE	Virtual draw method for a text-run chunk that renders its run at the caller-supplied scale factor via Markup_DrawGlyphRunScaled.
004963a0	PLATE	Virtual event handler for a link/hot chunk: on a left-click (event type 1, code 5) it resolves the chunk's link index into the document's chunk array and stores the found target as the document's active link.
004963f0	PLATE	Resets the current layout line by computing the remaining line width (content width divided by the font space advance) and allocating a fresh empty word list for the line.
00496470	PLATE	Finalizes the current word list into a laid-out line: measures each word's width/height, inserts left/right padding chunks for center/right alignment when needed, appends the line (with its max height) to the document line list, and resets line state.
004965c0	PLATE	Word-wraps the pending text against the line's remaining width by breaking at the last space that fits, appends each fitted word run to the current line, flushes the line when the width is exhausted, and repeats for the rest of the text.
004966a0	PLATE	Takes the accumulated text from the global working buffer, trims trailing spaces (unless inside a preformatted span), passes it to Markup_EmitWordsWithWrap for layout, and frees the buffer copy.
00496720	PLATE	Main markup layout driver: walks the parsed markup node list and dispatches each tag opcode (font/color, alignment, link, embedded element, paragraph/line breaks, list indent) to build the laid-out line list for the document.
00496940	PLATE	Hit-tests a point against the laid-out document: scrolls to the visible line for the given Y, walks each line's run chunks to find the one whose bounding box contains the point, and invokes that chunk's click/activate handler.
00496a70	PLATE	Walks the document's row list to sum total content height and find the widest row, then invokes the supplied callback with the computed maximum width and total height.
00496b10	PLATE	If the document is already built, measures each widget in every row and stores the tallest widget height as that row's height; otherwise rebuilds the widget lists from the markup first.
00496ba0	PLATE	Sums the heights of all rows in the document's row list, writing zero to the optional width output and the accumulated total to the optional height output.
00496bd0	PLATE	Computes the scrollbar position from total content height, clamps the track window, then draws each visible row's widgets left to right within the clip rectangle, advancing the x cursor by each widget's measured width.
00496d80	PLATE	Constructs a Document_Viewer object: installs its vftable, initializes scroll/layout fields and rectangle, allocates the Glowy chunk generator and the markup parser, and resets the widget lists to an empty document.
00496f50	PLATE	Destroys a Document_Viewer object: resets the widget lists, frees the parsed document and the row/column/widget list heads, destroys the embedded parser objects, and chains to the base destructor.
00497040	PLATE	Installs the Chunk_Generator vftable into the object, constructing the base chunk-generator instance.
00497050	PLATE	Allocates a new 0x44-byte chunk and, on success, builds it from the generator's source object, releasing the passed-in argument before returning the new chunk.
004970a0	PLATE	Lazily allocates a per-object stats node from the global free list, then increments its total count and the per-level bucket counter for the given level index.
00497110	PLATE	Decrements the per-level bucket counter and total count on the object's stats node, releasing the node back to the global free list when the total reaches zero.
00497150	PLATE	Walks the object's scheduled list, unlinking every node whose threshold is at or below the current counter, invoking each one's callback and returning its block back to the free pool while updating the pool's used count and lists.
004971d0	PLATE	Allocates the texture's pixel block from the texture cache, sets its width/height to 1<<level, initializes the mip-level count and edge/wrap bytes, and records the owner pointer plus the current cache generation.
00497240	PLATE	Fills one mip level of a radial glow texture with 8-bit alpha values, computing each pixel from its distance to the center with a falloff curve and writing 0 outside the radius.
004973c0	PLATE	Allocates a new texture slot and its pixel block, clears it, then fills every mip level (0..param_1) with the procedural 8-bit alpha glow pattern and returns the new texture id.
00497450	PLATE	Fills one mip level of a radial glow texture with 32-bit RGBA pixels, writing the same distance-based falloff intensity into all four channels of each texel.
004975f0	PLATE	Allocates a new texture slot and its pixel block in the 4-channel RGBA format, clears it, then fills every mip level (0..param_1) with the procedural glow pattern and returns the new texture id.
00497690	PLATE	Pops the next free texture-slot id, pulls a texture object from the block pool (allocating a new block if empty), zeroes all of its fields, sets the default state/flags, stores it in the slot table and returns the object.
00497730	PLATE	Allocates and initializes the global block allocator (40-byte items, 10 per block) used to hand out texture objects, storing it in the global pool pointer or null on out-of-memory.
004977b0	PLATE	Constructs a texture name-table entry by zeroing its first two bytes; used as the per-element constructor by the vector constructor iterator.
004977f0	PLATE	Looks up the given name in the texture name-to-id hash map and returns the stored id, or 0 if the name is absent or maps to the sentinel -1.
00497820	PLATE	Loads a named tile via the global tile loader, and on failure logs "Unable to load tile '%s'!", shows a fatal reinstall dialog, and returns -1.
00497880	PLATE	Grows the indexed texture-category's int array by one entry, copies the old contents, appends the given texture id, and updates the array pointer and count.
004978f0	PLATE	Rebuilds the indexed texture-category's int array omitting every entry equal to the given texture id, freeing the old array and updating the pointer and count.
00497960	PLATE	Loads the named model file (falling back to a "_skinny" variant) into the current texture category, populates its texture list, and warns "can't find normal or skinny for <%s>" if neither loads.
00497ab0	PLATE	Parses a "lock"/"unlock" command and a category name, then for the matching texture category either allocates and uploads each texture's chunk into the texture cache (lock) or decrements its reference counts and frees freelist blocks when they reach zero (unlock).
00497cd0	PLATE	Initializes the texture cache: allocates the loader and the 5-entry texture-category array, zeroes the 32000-slot chunk table and id free-list, and builds the reserved placeholder chunk.
00497e10	PLATE	Builds the "bitmaps\\<categoryName>" path for the given texture category and loads that model/bitmap group into the cache.
00497ed0	PLATE	Allocates a new texture chunk id, fills a chunk for the given indexed bitmap (uploading it into a cache block and building mipmaps when the dimensions match a power-of-two level, otherwise keeping a malloc'd copy), registers it, and returns the chunk id.
00498040	PLATE	Allocates a new texture chunk and initializes its width, height, format/type, duplicated name string, and flag byte.
00498080	PLATE	Seeks to the given file offset, reads a 3- or 9-byte texture header to determine format and dimensions, allocates a chunk, reads its pixel data from the file, registers it in the chunk table, and returns the chunk (or null on read failure).
004982c0	PLATE	Allocates a pointer array, loads every bitmap entry of the open pack via Tex_LoadBitmapFromFile, registers each loaded texture name in the global hash table, and returns the array and its count.
00498370	PLATE	Writes a texture entry's header byte and dimensions to the output stream and appends its pixel rows, handling the format-3 cutout case (re-reading from disk when the mip level differs).
004984a0	PLATE	Builds the "c:\\ntank\\data\\bitmaps\\new\\<name>" path, serializes every texture of that pack slot into a memory stream while recording per-entry offsets, and writes the resulting bitmap pack file to disk.
00498670	PLATE	Iterates over all bitmap pack descriptor slots and calls Tgen_BuildAndWriteBitmapPack for each named/eligible slot, returning false on the first failure or true when all slots are processed.
004986c0	PLATE	Releases a texture handle: invokes its destructor callback, unlinks it from the texture cache, frees its pixel memory, clears the slot in the handle table, and returns the texture id to the free-id stack.
004987a0	PLATE	Reserves an 8-byte-aligned chunk in the texture manager's scratch buffer, growing the buffer if the requested size exceeds the remaining room, and advances the buffer's used/free counters.
004987e0	PLATE	Returns the texture id of a cached "__cutout" sub-texture matching the source texture and rectangle, allocating a new power-of-two cutout entry and copying the sub-rectangle of pixels when no cached match exists.
00498a20	PLATE	Initializes the disk texture-generator module by installing the Tgen_Disk vtable and constructing its three bookkeeping list structures.
00498aa0	PLATE	Tears down the disk texture-generator module by destroying its three bookkeeping list structures in reverse order.
00498b10	PLATE	Searches the texture cache's block lists for a slot matching the given block, replacing or merging an existing block (freeing it and adjusting free-space totals) or appending the new block, and unlinks the old cache region.
00498c20	PLATE	Services one pending texture LOD request by reusing a cached block, reading the block from file and inserting it into the active list while charging the memory budget, or requeuing it when the budget is exhausted.
00498cf0	PLATE	Allocates a 0x18-byte texture-load request node, fills in its block handle, format, source descriptor and byte size, marks the source's pending-LOD field, and immediately tries to service it.
00498d60	PLATE	Per-frame texture-cache pump that completes finished async reads, uploads loaded texels into their block descriptors, frees the request nodes, then services queued load requests until the memory budget is reached and resets the budget.
00498f30	PLATE	Allocates a buffer sized for the block's LOD level, seeks to the block's file offset, reads its texel data via fread, and returns the buffer pointer and byte size.
00498fa0	PLATE	Discards all pending and in-flight texture-load requests, restoring each affected block's current-LOD field, unlinking its cache block, and clearing both request lists.
00499020	PLATE	Allocates and constructs the global texture-streaming/async-IO manager object and initializes the cache's per-frame memory budget.
004990a0	PLATE	Precomputes the 16 squared-radius escape thresholds and matching palette color indices used by the procedural escape-iteration texture generator.
00499180	PLATE	Fills a size x size pixel tile by running a Mandelbrot-style escape iteration per texel and mapping the final squared magnitude to a palette index via the precomputed band tables.
00499300	PLATE	Regenerates a texture block at the given LOD by unlinking the old cache block, allocating a new one, filling it with the procedural escape-iteration pattern, building its mip chain, and updating the block's LOD bookkeeping fields.
004993a0	PLATE	Computes a scaled palette color byte from a distance-based quadratic falloff, returning zero when the sample lies beyond the near threshold.
00499430	PLATE	Computes a single-channel light intensity for each vertex of a terrain tile grid by summing distance-attenuated particle-light contributions onto the base ambient value, clamps to 0..0x7f0000, and stores them in the mono lightmap scratch table at DAT_0062f040.
004995a0	PLATE	Allocates a new texture-block descriptor, configures it as a "pre_lightmap" RGB565 texture sized for the tile's detail level, and registers it in the tile-handle table (DAT_00630280) returning the new block handle.
00499640	PLATE	Computes per-vertex red/green/blue light intensities for a terrain tile grid by summing distance-attenuated particle-light contributions, applies gamma scaling, and stores the float RGB triplets in the color lightmap scratch table at DAT_0062f4d8.
004998a0	PLATE	Builds the colored RGB565 lightmap texels for a tile by computing per-vertex RGB intensities, clamping each channel, and packing the rounded values into the tile block's texel buffer.
00499b00	PLATE	Builds the grayscale RGB565 lightmap texels for a tile by computing per-vertex mono intensities, clamping, and packing the single value replicated across all three channels into the tile block's texel buffer.
00499ce0	PLATE	Additively blends a bilinearly-interpolated light gradient (from the lightmap scratch table corners) onto one block of texel rows, advancing the interpolants by fixed-point steps scaled by the mip shift.
00499fb0	PLATE	Composites the tile's source texture blocks into the lightmap texel buffer at the selected mip level, modulating each texel by the per-vertex light intensity (and at coarser mips upscaling via the gradient blend in Lightmap_AddInterpolatedGradientRow).
0049a200	PLATE	Composites the tile's source texture blocks into the lightmap texel buffer at the selected mip level by copying texels without per-vertex light modulation, calling the mip downsampler for coarser levels.
0049a3e0	PLATE	Selects the appropriate lightmap mip level from the camera-distance budget, unlinks any stale block, allocates texture-cache storage, and dispatches to the shaded or plain mip composer to (re)build the tile lightmap, returning whether it was built at full resolution.
0049a520	PLATE	Decrements the reference count of a lightmap block and, when it reaches zero, returns the block to the free pool (DAT_0067d8f0) and marks it as freed.
0049a710	PLATE	Raises an object's tile-grid texture detail to the requested mip level (clamped to 7), bumping per-tile mip reference counts and queuing load requests, then commits via Tex_CommitMipLevelChange; falls back to Tex_ReleaseToBaseMip when the level is zero.
0049aa30	PLATE	Returns the existing tile-grid texture id when high-detail streaming is enabled and the node is ready, otherwise allocates a fresh texture entry, initializes its mip-level fields and flags, registers it in the texture-object table, and returns its id.
0049aad0	PLATE	Invokes the object's stored completion callback (function pointer at +0x20 with argument at +0x24) if present, then re-runs Tex_SetObjectTileDetailLevel to reapply the texture detail level.
0049ab00	PLATE	Frees the texture's high-detail cache block back to the texture cache, reloads it at the base mip level, resets its mip-level fields and flag bits, fills it with the object's solid base color, and notifies the renderer via the device vtable.
0049abb0	PLATE	Walks the deferred texture-update list, restoring the active texture globals and calling Tex_CommitMipLevelChange for each queued node before freeing it, then publishes the new free-block watermark.
0049ac40	PLATE	Initializes the texture subsystem by pointing four dispatch slots at a default handler, zeroing the 32000-entry texture-object pointer table, and installing the five per-state mip dispatch function pointers.
0049aca0	PLATE	Rebuilds a texture's procedural mip palette, choosing the colored or the intensity-ramp generator based on a global mode flag, then copies the resulting max mip level into the current and base mip fields.
0049ace0	PLATE	Empty no-op texture mip handler used as a default/placeholder dispatch slot.
0049ae60	PLATE	Completes a queued texture mip-up load by allocating a larger cache block, copying the texel data into it, unlinking the old block, compositing any tagged overlay, downsampling, decrementing the pending-load counters, and firing the chained completion callback.
0049afb0	PLATE	Requests raising a texture to the given mip level by allocating a load-request node and queuing per-child-tile load requests, installing a completion callback and bumping the pending counters, or completing immediately when nothing needs loading; downsamples in place when the requested level is below the current minimum.
0049b130	PLATE	Stub virtual method that always returns 0 (false).
0049b140	PLATE	Zeroes the entire 32000-entry global texture-tag-to-slot lookup table at DAT_0064f718.
0049b160	PLATE	Allocates a texture entry sized to the source surface, initializes its header fields, reserves space in the upload buffer, registers it in the tag-to-slot map, and composites and downsamples it into the tagged atlas.
0049b230	PLATE	Walks the active tagged-texture list decrementing per-slot reference counts and freeing slots whose count reaches zero, then frees the pending deferred-free buffer.
0049b300	PLATE	Builds a per-tag usage histogram across the given entity list and greedily promotes the most-referenced textures to their full mip level until the budget of 0x24 slots is exhausted.
0049b440	PLATE	Sets the Thermo widget's wrap-around flag (this+0x35) to 1, enabling value wrapping at the ends of its range.
0049b450	PLATE	Clears the Thermo widget's wrap-around flag (this+0x35) to 0, disabling value wrapping at the ends of its range.
0049b460	PLATE	Stops any currently playing UI tick voices and, if the sound source is active, plays the up or down tick sound effect selected by the boolean direction argument.
0049b4b0	PLATE	On a key-down event, steps the Thermo value down or up by one, clamping or wrapping it to the [0,max] range, plays the tick sound on change, and invokes the value-changed callback.
0049b520	PLATE	Constructs a Thermo bar widget: initializes its fields and vtable, sets its base widget rect, and resolves the menubar, bluebar, and barnotch texture ids by name from the UI image atlas.
0049b6a0	PLATE	Draws the Word_Thermo widget by blitting the background bitmap, the state-selected indicator bitmap centered and clamped within it, and the state-selected overlay bitmap aligned to that indicator.
0049b810	PLATE	Initializes a Word_Thermo widget instance, sets its vftable and default geometry, allocates its string pair block, and stores duplicated copies of the two given label strings.
0049b8f0	PLATE	Selects the Word_Thermo label string by its boolean state, measures its length, and renders it via the renderer text-draw call at the widget origin with brightness based on the highlight flag.
0049b990	PLATE	Initializes an Axis_Thermo widget, sizes it to 0x82x0x1b, and resolves the menubar, bluebar_lo/hi, and barnotch_lo/hi texture indices into its fields.
0049bb00	PLATE	Draws the Axis_Thermo bar by blitting the bar background bitmap, the state-selected fill bitmap centered and clamped within it, and the state-selected notch bitmap aligned to that fill.
0049bc70	PLATE	Handles mouse press/release events on the Axis_Thermo bar, capturing the cursor X coordinate on button-down and applying the dragged delta to the bound axis value on button-up.
0049bd10	PLATE	Initializes an Integer_Thermo widget, stores its value and formatter callback, invokes the formatter to produce the initial display string, and stores a duplicated copy of it plus the formatted value.
0049bdd0	PLATE	Measures the Integer_Thermo display string and renders it via the renderer text-draw call at the widget origin, with brightness chosen by the widget highlight flag.
0049be50	PLATE	Handles step/scroll input on the Integer_Thermo (button 3 decrements, button 4 increments), re-runs the formatter callback, and replaces the stored display string and value.
0049bed0	PLATE	Initializes an Input_Catcher widget, sizes it to match the owning panel's bounds, and registers it with the panel's child/input list.
0049bf70	PLATE	Allocates a new MacsFrame, appends it to the view's frame list, then builds and cross-links its display Mode (cloned from the source frame, taken from a registered 'o' mode factory, or a default Empty_Mode), and returns the frame.
0049c060	PLATE	Constructs the editor's split-frame view manager: caches the global display, builds the root Input_Catcher/3macs Frame, initializes its frame and helper lists, creates the first frame, and registers the built-in 'Empty Mode' factory.
0049c1b0	PLATE	Tears down the view manager by calling the destroy virtual on every Mode in the frame list and every entry in the mode-registry list, then clears the active-frame flag.
0049c210	PLATE	Destroys and unlinks every MacsFrame in the view except the given keep-frame, then re-lays-out that surviving frame to fill the entire canvas (Emacs C-x 1).
0049c280	PLATE	Splits the current frame into a stacked top/bottom pair (Emacs C-x 2): shrinks this frame to the top half and creates a new frame bound to the same mode for the bottom half, if at least 0x40 rows are available.
0049c2e0	PLATE	Splits the current frame into a side-by-side left/right pair (Emacs C-x 3): shrinks this frame to the left half and creates a new frame for the right half if at least 0x80 columns are available, logging the new frame's bounds.
0049c370	PLATE	Default virtual stub used as a Frame/Mode vtable slot that always returns 0 (false).
0049c380	PLATE	Allocates a mode-registry entry holding a duplicated name string, a key character, and a constructor pointer, and appends it to the view manager's mode-factory list.
0049c3e0	PLATE	Searches the view manager's mode-registry list for an entry whose key character matches, optionally outputs its name string, and returns its constructor pointer (or 0 if none).
0049c410	PLATE	Frees every mode-registry entry's payload and its list nodes, then zeroes the manager's list head/tail/count and related fields.
0049c450	PLATE	Records a value at the given timestamp, either folding it into the existing exponentially-weighted running average or starting a fresh average and appending a new {value,timestamp} sample node to the list.
0049c4c0	PLATE	Walks the sample list and returns the sum of sample values divided by the age (in seconds) of the oldest sample within the given time window, or zero when none qualify.
0049c580	PLATE	Averages all sample values whose timestamps fall within the given time window, sets the caller's found-flag accordingly, and returns the mean (or zero if no samples qualify).
0049c630	PLATE	Iterates the sample linked list for a non-negative time window (an inlined-callback scan loop that walks each node), performing no other observable effect in this build.
0049c6a0	PLATE	Stamps the current frame time and pops/frees the oldest samples from the front of the list while they are older than the given max-age window.
0049c710	PLATE	Constructs a timed-sample averager object, initializing its sample list, storing the given window length, and clearing the accumulators.
0049c770	PLATE	Destructor for the timed-sample averager: frees every sample node in the list and releases the list's backing storage.
0049c7d0	PLATE	Brightens a loaded texture frame's palette indices by the global tint, downsamples it, then thresholds each pixel against the palette luminance to produce a binary (0/0xff) alpha/edge mask.
0049c890	PLATE	Allocates an animated-texture record for the named base, builds each "%03d"-suffixed frame name, looks up its texture index, promotes the bitmap to full detail, builds its alpha mask, and registers the record in the global texture list.
0049c9f0	PLATE	Formats a "%s%03d" frame name from a base string and frame number, looks it up in the global texture-name map, and returns its texture index or -1 if not found.
0049ca70	PLATE	Looks up all textures matching the given base name, allocates a 0x30-byte alias-group node holding the primary texture id plus its numbered variants, and appends the node to the global alias list (printing an error if no texture matches).
0049cba0	PLATE	Searches the global alias list for the group containing the given texture id (matching either the primary id or any variant), returning the group's primary id; if not found it lazily builds the group via TexAlias_LazyBuildFromName and retries once.
0049cc00	PLATE	Finds the alias group whose primary id matches the input texture id and returns a randomly chosen texture from that group's variant list (rand() % (count+1), index 0 returning the primary id).
0049cc50	PLATE	Resolves the alias group for each of param_1 input texture ids, picks the group with the highest terrain priority as the dominant tile, then fills the output arrays with a randomly chosen variant id and a per-tile lookup value for each input, returning the dominant tile's index.
0049ce20	PLATE	Marks the alias node (in EDI, the most recently built group) as a blend group and copies the null-terminated variadic list of member terrain ids into its members array at +0x10, storing the count at +0xc.
0049ce60	PLATE	Reads the texture's name (at +0x34) and, if it ends in three decimal digits, strips that numeric suffix and builds an alias group for the truncated base name (TexAlias_BuildGroupFromName) tagged as a single-member type-2 group.
0049cf20	PLATE	Initializes the global terrain texture-alias table: allocates the alias-list containers, builds an alias group for every built-in terrain texture name and tags each with its blend group, then looks up all structure/building texture names in the texture map and appends their indices to the structure-id list.
0049e6c0	PLATE	Serializes one polygon's texture coordinates to the output stream: writes the vertex count, computes the integer UV centroid, recenters each vertex UV around it while clamping wrap cases, then emits each vertex index and its offset UV pair.
0049e9b0	PLATE	Allocates a new collection object and inserts the vertex index of every face in the mesh (face array at +4, count at +0x18), then finalizes it via the given callback and returns the collection.
0049ea50	PLATE	Serializes a full mesh to the output stream: writes the vertex positions (count at [5]), then each polygon's texture name and UVs via Mesh_WritePolyUVs (count at [6]), then the named attachment-point list at [0xd] with their offset positions.
0049eb90	PLATE	Element constructor for the 0x18-byte flattened markup/layout node array, clearing the in-use flag byte at offset +0xc.
0049eba0	PLATE	Recursively walks a markup layout node tree, copying each node's value, glyph/style links, and child indices into the flat node array slot indexed by node[+8].
0049ec10	PLATE	Allocates and flattens the markup node tree into an array, then writes the node count, total child count, and each node's record (offset, indices, and child-list entries) to the output stream.
0049ed90	PLATE	Appends a value to the bounded history list at this+8 and, when the list exceeds the cap at this+4, pops the oldest entry and invokes the object's virtual destructor on it.
0049edd0	PLATE	Pops and returns the front value of the history list at this+8, returning 0 when the list is empty.
0049ede0	PLATE	Blits the two HUD reticle sprites and renders the target reticle camera views for both target viewports, scaling projection by the reciprocal of the measured value.
0049ef00	PLATE	Allocates and initializes a 0x3c-byte rich-text document/page object sized from the source rectangle, registers it in the global document list, and fills in its bounds, stride, and cursor fields.
0049f030	PLATE	Searches the global hyperlink anchor list for an entry whose name matches the given string and, on a match, stores its page/position globals and sets the link-found flag (clears the flag when not found or name is null).
0049f0d0	PLATE	Builds the markup help-viewer window for the given parent, allocating a DocumentViewer, a Package_LR container, and a positioned Scrollbar, wiring them together and returning the container.
0049f280	PLATE	Opens or refreshes the in-game markup help window: lazily creates the text buffer, optionally resets the URL history, tears down any previous viewer, then builds a new viewer, fetches and parses the document text, and publishes its layout globals.
0049f450	PLATE	Handles a briefing-screen key event: on a key-down event, maps navigation keys to the next/previous page-turn sound and plays it via Briefing_LoadPage.
0049f620	PLATE	When the 3D preview is active, formats and draws the "Type: %s" and "Value: %.0f" text labels for the currently shown briefing item.
0049f750	PLATE	Allocates a briefing preview entry for the given unit-type id and HTML path, builds two team-recolored preview shapes from the unit's tilemap, and appends the entry to the briefing preview list.
0049f880	PLATE	Sets the header string and loads the default briefing HTML page for the current category (base, utility, vehicle, or weapon).
0049f930	PLATE	Creates the briefing preview list container and registers every unit, vehicle, and weapon entry with its HTML path, then loads the default category page.
0049fac0	PLATE	Constructs the units-briefing screen UI: reads grid layout from config, fills the preview-region rectangles, creates the key-capture widget and the next/prev/category navigation buttons, and sets up the text scroller panel.
004a0220	PLATE	Renders one frame of the briefing screen: clears the canvas, draws the 3D unit previews and all rich-text regions, then draws the centered header title text.
004a0400	PLATE	Clears the byte flag at the given pointer and returns 0.0 (named by observable behavior; likely a stub reset accessor).
004a0410	PLATE	If the viewer object holds a shape pointer at offset 4, forwards the call (with its argument) to that shape's handler.
004a09f0	PLATE	Allocates and initializes the units-briefing screen object, wires its update callback, sets it as the active screen, and activates the pending screen.
004a0aa0	PLATE	Runs the main client game loop until the quit flag is set: services the active state object, updates texture streaming, polls and processes input, drives sound and engine-glow effects, ticks animations, and renders each frame.
004a0b70	PLATE	Splits two packed version/build integers into their major/minor/patch component globals, runs the main client loop, then exits the application gracefully.
004a0c20	PLATE	Begins an edit on the current editable shape and negates the first float coordinate of every vertex in the shape's vertex list, mirroring it across that axis.
004a0c60	PLATE	Begins an edit on the current shape, deletes every face that references any selected vertex, then removes the selected vertices themselves, frees both selection lists, and rebuilds the shape.
004a0d80	PLATE	Averages the positions of the selected vertices to compute their centroid (printing debug output), allocates a new vertex at that centroid, adds it to the shape, and rebuilds.
004a0ec0	PLATE	Creates a new polygon face from the selected vertices (erroring out if fewer than 3 are selected), assigns it the current material/texture, adds it to the shape's face list, and rebuilds.
004a1000	PLATE	Begins an edit on the current shape, removes every selected face from the shape's face list, frees the face-selection list entries, clears the selection, and rebuilds the shape.
004a1070	PLATE	Offsets every selected vertex's position by the object's stored direction vector scaled by the given amount, translating the selection along that axis.
004a1180	PLATE	Walks the shape's face list and appends to the output list every face that references the given vertex index.
004a11d0	PLATE	Generates a regular N-gon by placing param_2 vertices around a circle using sin/cos at the configured radius, builds a face from them with the current material, removes the previous selection, and rebuilds the shape.
004a138e	PLATE	Writes videos/lock.xml and a videos/message.xml info block (ban/warn/msg/donate variant chosen by the command string), spawns the wvp.exe video player, then exits the process.
004a1530	PLATE	Constructs a Viewer object, installing its vftable, zero-initializing its five intrusive child/handler lists and scalar fields, and registering it with the global viewer manager.
004a15f0	PLATE	Iterates the viewer's child widget list calling each child's destructor vtable slot, then frees the global list arena and clears the viewer's secondary list nodes.
004a1640	PLATE	For the global viewer, walks its draw-order child list calling each node's destroy vtable slot (+0x18), then its other child list calling the detach slot (+0x10), and finally frees the viewer's handler list arena.
004a16b0	PLATE	Unregisters a given widget from the viewer's three handler lists (+0x3c/+0x30/+0x24) and removes any draw-order nodes whose target widget matches it, returning whether any membership existed.
004a1730	PLATE	Recursively offers an event to each child widget in the subtree (depth-first via list at +0x1c) and, if none consumed it, calls the widget's own handler vtable slot (+8), returning true once a widget consumes the event.
004a1780	PLATE	Returns true if the point (x,y), offset by the parent viewer's scroll origin (+0x10/+0x14), lies inside the widget's rectangle defined by left/top (+4/+8) and width/height (+0xc/+0x10).
004a1810	PLATE	Walks a widget list comparing the new vs previous mouse position against each widget's rectangle, calling the on-enter vtable slot (+0x18) when the cursor newly enters and the on-leave slot (+0x14) when it leaves, recursing into child subtrees.
004a18e0	PLATE	Tests a point against a widget tree depth-first and returns whether any child hit succeeds.
004a18eb	EOL	Non-null widget tree root; begin child traversal.
004a1900	EOL	Hit-test the next child widget against the event point.
004a1928	EOL	Recurse into a child widget subtree before local dispatch.
004a1937	EOL	Invoke the widget hit/event handler.
004a1945	EOL	Advance to the sibling widget when no handler consumes the event.
004a194c	EOL	No child consumed the point/event.
004a1953	EOL	A child or handler consumed the event.
004a1960	PLATE	Dispatches an event through the widget tree depth-first, falling back to tree-level handlers.
004a1975	EOL	Dispatch queued/modal widgets before the main tree.
004a198e	EOL	Falls back to the root widget and global callbacks.
004a19a3	EOL	Switch on root-level event kind.
004a19b9	EOL	Returns success immediately after a consumer handles the event.
004a19be	EOL	Use event-kind 2 fallback callback.
004a19c3	EOL	Use event-kind 1 fallback callback.
004a19ca	EOL	Call the selected root-level event handler.
004a19d0	EOL	No handler accepted the event, so return false.
004a19e0	PLATE	Runs one render-driver frame: begins the driver, walks its object list invoking each object's draw vtable method and decrementing its lifetime timer, marks the dirty rect for each, then renders the active major mode and ends the frame.
004a1a80	PLATE	Handles mouse move state, hover enter/leave dispatch, and cached cursor position updates.
004a1a91	EOL	Drain queued mouse records before processing current position.
004a1ab2	EOL	Clear the mouse queue container.
004a1ab9	EOL	Query current mouse position from winsys.
004a1afa	EOL	Dispatch mouse enter/leave transitions.
004a1b10	EOL	Walk to the tail of the hover chain.
004a1b16	EOL	Store current cursor coordinates as cached mouse position.
004a1b30	PLATE	Prunes child links that still belong to the target owner.
004a1b90	PLATE	Draws a short status glyph run twice, offset once for shadow and once for foreground.
004a1c00	PLATE	Computes screen-space offsets for the status indicator text and icon columns.
004a2050	PLATE	Draws the status overlay, including the current bar, label, and scrolling status text.
004a2280	PLATE	Draws the transient status feed with per-entry fade, color, and message layout.
004a2650	PLATE	Resets a status-feed entry to empty owned-string pointers and default counters.
004a2670	PLATE	Updates an owned string field, reusing the existing allocation when it is large enough.
004a2679	EOL	Set the field to an owned empty string.
004a26a1	EOL	Handle a non-null replacement string.
004a26b0	EOL	Measure replacement string length.
004a26c2	EOL	Measure existing owned buffer length.
004a26d3	EOL	Copy into the existing buffer when it is large enough.
004a26e7	EOL	Free the existing buffer when it is too small.
004a26f0	EOL	Duplicate the new string and store ownership.
004a2710	PLATE	Frees all owned strings in a status-feed entry and clears its counters.
004a2760	PLATE	Fills a chat-display entry from a network message, looking up the sender player record by id and copying its name plus the message text and selecting the channel-color string by message type.
004a2860	PLATE	Validates an incoming chat slot index, lazily allocates the 0x18-byte chat-entry array on first use, and if the slot's entry id matches populates that entry from the message.
004a2980	PLATE	Initializes a 0x10-byte voxel grid cell, zeroing its packed RGB/data word and setting its three occupancy/validity flag bytes to 1 and the fourth to 0.
004a29a0	PLATE	Allocates and cell-initializes an X*Y*Z array of 0x10-byte voxel cells, stores the three dimensions and grid pointer on the volume object, and creates its two auxiliary 3-int list objects.
004a2ab0	PLATE	Frees a node's payload buffer at +0xc, recursively frees the child node linked at +0x34, then frees the node itself.
004a2ae0	PLATE	Scans a vertex list to find its axis-aligned bounding box, takes the largest of the X/Y/Z extents, and writes that extent scaled by two global factors into the two output floats.
004a2f30	PLATE	Rounds three floating-point coordinates to integers and clamps each to the [0, dimension-1] range of the voxel grid, writing the clamped X/Y/Z indices to the output pointers.
004a2fb0	PLATE	Steps along a 3D line in even increments, clamping each point to a grid cell and writing the texture-sampled RGB color and an occupied flag into that voxel cell.
004a3170	PLATE	Interpolates two endpoints (position, second-vertex data and UVs) over N steps, resolves the per-step texture-id triple from the texture list, and calls the line rasterizer to fill voxels along the span.
004a34b0	PLATE	Fan-triangulates a polygon's vertex indices about its first vertex and rasterizes each resulting edge span into the voxel grid using the team-remapped tile id.
004a3550	PLATE	Allocates a new voxel grid sized from the source model's bounding extent and rasterizes each of its faces into the grid cells.
004a3620	PLATE	Recursively builds a half-resolution LOD child grid, filling each coarse cell by majority vote of its eight source cells, until the grid reaches size 2.
004a3940	PLATE	Sets the six face-adjacency bits in a cell's flag word according to which of its neighbors along x, y, and z are occupied.
004a3a30	PLATE	Iterates every grid cell computing its neighbor-adjacency mask and derives each cell's per-face exposure/shading code from the unoccupied-neighbor bits.
004a3ae0	PLATE	Scans one voxel-grid column and emits packed runs for nonempty visible cells.
004a3b11	EOL	Scan cells in this column for visible nonzero mask data.
004a3b2e	EOL	No visible cells found in this column.
004a3b34	EOL	Allocate the packed column-run descriptor.
004a3b62	EOL	Emit packed runs for each visible cell.
004a3b88	EOL	Allocate one packed visible-cell run.
004a3bd2	EOL	Store the completed column run in the column-run list.
004a3bf0	PLATE	Builds a packed row run by collecting column runs that changed the run counter.
004a3c04	EOL	Build column runs for the next row position.
004a3c1d	EOL	No column runs were produced for this row.
004a3c24	EOL	Allocate the packed row-run descriptor.
004a3c60	PLATE	Builds a list of packed row runs from the current voxel-grid tree node.
004a3d00	PLATE	Packs voxel-grid tree-node run lists into compact arrays and recurses into child LOD nodes.
004a3db3	EOL	Copy generated row-run descriptors into the packed array.
004a3de0	EOL	Copy generated column-run descriptors into the packed array.
004a3e10	EOL	Copy generated cell-run descriptors into the packed array.
004a3e34	EOL	Recursively pack the child LOD node.
004a3e47	EOL	This packed node has no child LOD.
004a3e60	PLATE	Builds packed voxel-model run data from a source model and frees the temporary tree.
004a3eb0	PLATE	Selects an appropriate packed voxel-model LOD and submits it through the active renderer.
004a3f01	EOL	Evaluate the next child LOD for distance/coverage selection.
004a3f2d	EOL	Selected LOD node is ready for submission.
004a3f72	EOL	Push model transform state before drawing packed runs.
004a3fa5	EOL	Submit the selected packed voxel model through the renderer vtable.
004a3fc0	PLATE	Serializes one mesh object to the output byte stream: writes four bias-offset float coordinates and a fourth value as 32-bit, the three element counts and a tag as 16-bit, then the position array, two triangle-index arrays (three shorts each), and a third record array (two shorts plus three bytes each).
004a4130	PLATE	Writes the 0xababefef magic header to the stream, counts the mesh objects in the linked list (next pointer at +0x30), writes the count as a 32-bit value, then serializes each mesh in turn via Geom_SerializeMeshToStream.
004a4180	PLATE	Creates or updates Windows registry entries for Wulf-Forge file associations and launch verbs.
004a4db0	PLATE	Resolves and stores the install directory from the registry.
004a4ef0	PLATE	Advances the input widget, trims stale state, and releases it when done.
004a4f40	PLATE	Tears down the active widget tree and detaches live children.
004a4ff0	PLATE	Updates the frame rectangle and notifies the owner on changes.
004a5050	PLATE	Reads back the current frame rectangle.
004a5090	PLATE	Invokes the child callback on every attached subtree.
004a50c0	PLATE	Lazily creates the child list and links the node.
004a5150	PLATE	Resets the given text draw entry (clearing field +0x20) and releases the attached child object via its cleanup routine if one is present.
004a5180	PLATE	Looks up a glyph in the font table and returns its color byte interpolated along a brightness ramp by (1 - pos/range), OR'd with the 0xc00 blend flags.
004a51f0	PLATE	Constructs a Glow_Text object, installing its vftable, initializing the glow/animation fields, and storing a malloc'd copy of the supplied text buffer.
004a5250	PLATE	Draws a Glow_Text whose glow brightness pulses as a triangle wave of the elapsed time, computing the ramp color and blitting the glyph via the renderer vtable.
004a52c0	PLATE	Advances a Glow_Text's fade animation through its idle/start/hold/fade states (0-3) and draws the glyph at the resulting fade brightness via the renderer vtable.
004a5380	PLATE	Begins a text render pass, lazily creating the renderer singleton, invoking its setup method, and submitting the given draw target through the renderer vtable.
004a5460	PLATE	Constructs a Text_Entry object, installing its vftable, initializing layout/state fields, and allocating a (capacity+1)-byte editable character buffer.
004a54d0	PLATE	Clears the Text_Entry's redraw/dirty flag byte at offset +0x34.
004a54e0	PLATE	Handles a key event for a Text_Entry edit field, deleting the last character on backspace/delete or appending a printable character (with a HUD click effect) up to capacity.
004a5570	PLATE	Draws a Text_Entry's buffer word-wrapped across multiple lines, blitting each line run via the renderer vtable and updating the entry's dirty-rect bounds.
004a5700	PLATE	Initializes a Scrolling_List: allocates and constructs its empty item list, sets default scroll speed/timer/spacing fields, and marks the selection index as -1 (none).
004a57a0	PLATE	Inserts an item into the scrolling list at the given index (head, tail, or middle of the linked list), grows the list's max item width/height, and selects the item if none was selected yet.
004a5830	PLATE	Renders the visible scrolling-list items by walking outward from the selected item, advancing each by its measured size plus spacing while clipping to the list bounds, and applies the scroll-fade animation ramp over time.
004a5a90	PLATE	Advances the selection to the next item (wrapping at the end), clears the old item's highlight flag, sets the new one's, and starts a forward scroll animation by the outgoing item's size.
004a5af0	PLATE	Moves the selection to the previous item (wrapping at the start), clears the old item's highlight flag, sets the new one's, and starts a backward scroll animation by the new item's size.
004a5b50	PLATE	Walks the scrolling list and removes every item whose stored user-data value matches the given key, clamping the selection index back to 0 if it falls past the shrunken list.
004a5b90	PLATE	Constructs a Scrolling_List_Item by installing its vtable pointer.
004a5ba0	PLATE	Empty base Scrolling_List_Item destructor/no-op that immediately returns.
004a5bb0	PLATE	Constructs a Button_Bar_Item: installs its vtable, resolves the normal and pressed bitmap names to texture IDs via the texture name table, duplicates the label string, and caches the button width/height from the looked-up texture.
004a5c70	PLATE	Returns the item's stored X and Y position (fields at +0x28 and +0x2c) through the optional output pointers.
004a5c90	PLATE	Stores the bar primary action callbacks.
004a5cb0	PLATE	Toggles the alternate presentation flag.
004a5cc0	PLATE	Fetches the stored bar callbacks.
004a5ce0	PLATE	Draws the bar item in its normal or alternate state.
004a5d30	PLATE	Initializes the bar control, backing list, and metrics.
004a5e20	PLATE	Shifts the control and accumulates its scroll offsets.
004a5e60	PLATE	Builds the editor item around a duplicated text label.
004a5f60	PLATE	Measures the item and updates child-list extents.
004a6040	PLATE	Reflows nested items and clamps visible bounds.
004a6150	PLATE	Draws the item text and optional child label.
004a6200	PLATE	Walks the container's child-widget tree, finds the leaf button whose screen rectangle contains the given (x,y) point, and makes it the active/focused item (deactivating the previously focused one).
004a62e0	PLATE	Accessor that returns the widget's field at offset 0x10 (label-length / cached value).
004a62f0	PLATE	Invokes the button's click/action callback (the function pointer stored at this+0xc) with the given argument if one is registered.
004a6310	PLATE	If the widget is enabled, hit-tests the mouse position against its children and, on a left-button release (event type 1, code 5) over the focused item, fires that item's primary vtable action and reports the event as consumed.
004a6360	PLATE	Constructs a Single_Button: zero-initializes its fields, installs the Single_Button vftable, and delegates to the label-init routine to copy the label text and lay out the button.
004a6400	PLATE	Constructs a Single_Button variant: zero-initializes its fields, installs the Single_Button vftable, and delegates to the text-init routine that duplicates the caption and computes the button geometry.
004a6480	PLATE	Computes the button's pixel width and height from the active font's glyph dimensions and the label string length, storing the base and final size into the widget.
004a6500	PLATE	Builds a button backed by a text buffer and cursor state.
004a6630	PLATE	Builds a labeled button and duplicates the optional label text.
004a66d0	PLATE	Clears the pending interaction state.
004a66e0	PLATE	Commits the current toggle state and clears the latch.
004a66f0	PLATE	Propagates the active selection through the sibling list.
004a6760	EOL	Selection is active now; fire the change callback if required.
004a6790	PLATE	Clears sibling checks and keeps one button active.
004a6820	PLATE	Forces the button on and notifies listeners if needed.
004a68a0	PLATE	Draws the checked variant and any caption overlay.
004a6930	PLATE	Draws the unchecked variant and any caption overlay.
004a6be0	PLATE	Chooses the checked or unchecked renderer for the box.
004a6c10	PLATE	Processes clicks, hotkeys, and printable input for the box.
004a6c61	EOL	Clears the pressed and checked state before returning handled.
004a6ca0	PLATE	Initializes the base button-box control and its lists.
004a6d30	PLATE	Snapshots the current tick for repeat and hover timing.
004a6d40	PLATE	Arms the box for repeated activation.
004a6d50	PLATE	Clears repeat mode and leaves the box idle.
004a6d60	PLATE	Renders field contents, caret, and frame accents.
004a6f70	PLATE	Advances state, updates selection, and draws active boxes.
004a6ff0	PLATE	Runs the button-box tick only when the control is enabled.
004a7010	PLATE	Initializes the dialogue box backing buffer and geometry.
004a70a0	PLATE	Builds a dialogue box with explicit text and limits.
004a7130	PLATE	Builds the default 200x60 dialogue box variant.
004a71c0	PLATE	Measures the text and computes the inner editor bounds.
004a7280	PLATE	Draws the outer frame and selected cursor state.
004a72c0	PLATE	Resolves the dark-grey and brown theme colors.
004a7340	PLATE	Copies the incoming string into the owned buffer.
004a7370	PLATE	Clears edit state and detaches from the viewer list.
004a73a0	PLATE	Handles printable input, backspace, enter, and navigation keys.
004a7476	EOL	Falls through on unhandled keys and reports failure.
004a7550	PLATE	Tiles a texture over a clipped screen rectangle.
004a76a0	PLATE	Draws the dialogue contents, text field, and button chrome.
004a7900	PLATE	Tests whether the current mouse point lies inside the rectangle.
004a7950	PLATE	Draws the active timed status toast and background plate.
004a7a70	PLATE	Replaces the active toast with a copy of the new message.
004a7b00	PLATE	Ages the toast, then frees it once it expires.
004a7b50	PLATE	Marks the toast as aged after the idle delay elapses.
004a7b90	PLATE	Passes the argument straight through unchanged.
004a7ba0	PLATE	Flips the global input-mode toggle used by key handling.
004a7bc0	PLATE	Converts a clipped rectangle into tile-aligned spans and UVs.
004a7d60	PLATE	Appends a formatted message to the debug log file.
004a7dd0	PLATE	Appends a formatted Direct3D error line to the D3D error log.
004a7e50	PLATE	Converts float channels into an opaque packed RGB value.
004a7e90	PLATE	Reinstalls a slot callback when renderer state changes.
004a7f20	PLATE	Clears the renderer callback binding for a slot.
004a7f70	PLATE	Resolves a texture variant and binds it to the slot.
004a8080	PLATE	Zeroes the 8-dword renderer config block.
004a80e0	PLATE	Marks the object active, runs the mode callback, and returns success.
004a8110	PLATE	Returns the default width constant 0x400.
004a8120	PLATE	Stores the windowed or fullscreen size and updates the globals.
004a8190	PLATE	Iterates all texture slots and refreshes each cache entry.
004a81d0	PLATE	Enables or disables a mode bit based on active session state.
004a8280	PLATE	Initializes the D3D winsys device: selects a DirectDraw driver, creates D3D interfaces, records caps, and prepares render state.
004a8680	PLATE	Releases Direct3D device resources and clears renderer state.
004a8780	PLATE	Begins Direct3D device initialization and configures render state.
004a8880	PLATE	Initializes the Direct3D renderer object and startup resources.
004a8940	PLATE	Releases the current texture-cache category lock.
004a8960	PLATE	Displays the supporter-mode Direct3D warning dialog.
004a8980	PLATE	Checks whether the supporter gate allows Direct3D mode.
004a89c0	PLATE	Creates or resizes the renderer window.
004a8a90	PLATE	Returns active mode width, height, and display metrics.
004a8b00	PLATE	Stores the base surface pointer used by renderer calculations.
004a8b20	PLATE	Ensures the render window exists before mode activation.
004a8c30	PLATE	Shows and configures the renderer window for the selected mode.
004a8ca0	PLATE	Updates window visibility from active and fullscreen state.
004a8ce0	PLATE	Applies window style, placement, and client size for the current mode.
004a8e00	PLATE	Allocates temporary work state for texture operations.
004a8e90	PLATE	Draws the active overlay sprite when overlay rendering is enabled.
004a8f30	PLATE	Refreshes a texture slot in the Direct3D cache.
004a8f80	PLATE	Copies the current backbuffer state into renderer globals.
004a9000	PLATE	Stores the current view-distance value.
004a9040	PLATE	Activates the renderer window and associated Direct3D state.
004a9060	PLATE	Invokes the device BeginScene call through the vtable.
004a90c0	PLATE	Starts a Direct3D scene after ensuring device readiness.
004a92b0	PLATE	Begins a frame by preparing scene and render globals.
004a92d0	PLATE	Ends the scene and presents the backbuffer.
004a96f0	PLATE	Finishes the frame and updates presentation bookkeeping.
004a9710	PLATE	Stores the active renderer resource identifier.
004a9730	PLATE	Shuts down renderer state and releases Direct3D resources.
004a97b0	PLATE	Shuts down renderer state and unlocks texture-cache ownership.
004a97f0	PLATE	Writes an identity 4x4 matrix into the target buffer.
004a98a0	PLATE	Constructs the Direct3D renderer object and callback table.
004a9c10	PLATE	Stores the primary Direct3D device pointer.
004a9c30	PLATE	Clears the primary Direct3D device pointer.
004a9c50	PLATE	Converts packed RGB channels into normalized float components.
004a9c90	PLATE	Builds an opaque vertex color from RGB components.
004a9d00	PLATE	Builds a vertex color with alpha clamped into range.
004a9db0	PLATE	Submits four transformed vertices as a textured quad.
004a9df0	PLATE	Maps a screen rectangle into viewport-space quad coordinates.
004a9f60	PLATE	Draws a textured rectangle through the Direct3D quad path.
004aa050	PLATE	Draws a shadowed span by offsetting and tinting the quad.
004aa140	PLATE	Draws a solid colored quad.
004aa2c0	PLATE	Draws a colored quad using indexed palette or color data.
004aa350	PLATE	Draws the outline around a quad.
004aa460	PLATE	Draws a radial triangle fan.
004aa5f0	PLATE	Draws a bordered radial fan.
004aa870	PLATE	Clamps against the shadow region and draws a single textured point.
004aa990	PLATE	Resolves the palette color and draws the point.
004aaa10	PLATE	Draws a point at an offset from the source record.
004aaab0	PLATE	Zeroes a cache bucket and initializes slot metadata.
004aac60	PLATE	Clears the active cache-link pointer.
004aac80	PLATE	Records the max sample value for a tiled cache cell.
004aadf0	PLATE	Walks hierarchical tile data and bakes a lightmap-style page.
004ab5c0	PLATE	Detaches the active bucket from the resident cache chain.
004ab6b0	PLATE	Global wrapper around the active-bucket unlink.
004ab6c0	PLATE	Traverses the mesh tree and emits per-cell cache samples.
004abc00	PLATE	Computes the mip count needed for a texture size.
004abc70	PLATE	Selects a mip level and renders the clipped textured span set.
004ac340	PLATE	Chooses the tile path and draws the full region.
004ac530	PLATE	Wrapper that forces the default mip policy.
004ac570	PLATE	Wrapper that passes an explicit mip selection.
004ac5b0	PLATE	Stores the fullscreen-request flag.
004ac5d0	PLATE	Reads the fullscreen-request flag.
004ac5f0	PLATE	Stores the overlay visibility flag.
004ac610	PLATE	Reads the overlay visibility flag.
004ac630	PLATE	Writes the current view vector into renderer state.
004ac670	PLATE	Copies the color ramp table into the renderer.
004ac6b0	PLATE	Resolves the tile and renders it through the textured path.
004ac7e0	PLATE	Batches a textured quad group with color modulation.
004acad0	PLATE	Walks the node hierarchy and emits textured spans.
004ace00	PLATE	Draws a run of glyphs across a line.
004aced0	PLATE	Injects the palette color before drawing text.
004acf60	PLATE	Draws one glyph quad from the font sheet.
004ad340	PLATE	Draws a full text line with fixed spacing.
004ad3f0	PLATE	Reuses the line drawer with color selection.
004ad430	PLATE	Draws a glyph with a shadow and tint pass.
004ad550	PLATE	Submits the glyph quad to the renderer.
004ad590	PLATE	Selects draw mode and bookkeeping flags from material bits.
004ad5ee	EOL	Dispatches the draw-mode switch in Render_SetDrawStateFromMaterialFlags.
004ad5f5	EOL	Default solid/material path.
004ad627	EOL	Alpha-blended draw path.
004ad636	EOL	Additive or alternate blend path.
004ad645	EOL	Depth/priority-preserving draw path.
004ad651	EOL	Shared fallback blend path.
004ad65d	EOL	Shared fallback blend path.
004ad669	EOL	Shared fallback blend path.
004ad675	EOL	Shared fallback blend path.
004ad681	EOL	Shared fallback blend path.
004ad68d	EOL	Shared fallback blend path.
004ad699	EOL	Shared fallback blend path.
004ad6a5	EOL	Special high-emphasis draw path.
004ad6b1	EOL	Debug or strong highlight draw path.
004ad6bd	EOL	Fallback to the default draw state.
004ad700	PLATE	Chooses the best mip level from projected gradients and coverage.
004ad830	PLATE	Maps the render mode to the RGB tint triplet.
004ad8b0	PLATE	Builds the per-tile vertex batch and submits it.
004adc60	PLATE	Converts indexed material geometry into a textured fan draw.
004adfe0	PLATE	Emits the best strip for the current texture entry.
004ae130	PLATE	Iterates the node list and submits each drawable child.
004ae4a0	PLATE	Builds and draws a glowing quad overlay.
004aea70	PLATE	Thin wrapper around the glow-quad path.
004aeb60	PLATE	Empty placeholder routine.
004aeb70	PLATE	Allocates and initializes a mipmap surface descriptor.
004aec30	PLATE	Converts a source surface into 24-bit RGB bytes.
004aef50	PLATE	Expands a packed color into channel values for later use.
004aefa0	PLATE	Builds a quantized 16-bit representation from source pixels.
004af4a0	PLATE	Converts a bucket into the RGB cache format and uploads it.
004af570	PLATE	Wrapper that uses the global renderer bucket.
004af5b0	PLATE	Allocates a 24-bit buffer and reads the surface into it.
004af640	PLATE	Wrapper for the global surface reader.
004af660	PLATE	Records active state and restores lost surfaces on enable.
004af6d0	PLATE	Global wrapper for the active-state toggle.
004af6f0	PLATE	Returns the supporter-gate title and body strings.
004af710	PLATE	Wrapper around the slot refresh path.
004af730	PLATE	Initializes the detector object and its vtable.
004af790	PLATE	Allocates the dispatcher and installs renderer callbacks.
004afa60	PLATE	Releases a texture-cache entry if it exists.
004afab0	PLATE	Unlinks the active texture slot from the selected cache entry.
004afaf0	PLATE	Allocates resident bucket arrays for the current cache depth.
004afb80	PLATE	Walks the pending texture-cache flush path.
004afba0	PLATE	Commits the flush pass to active cache state.
004afbc0	PLATE	Flushes the D3D texture cache when the global gate is set.
004afbf0	PLATE	Recycles resident surfaces and clears the bound slot bit.
004afc80	PLATE	Recycles a resident surface if it is still referenced.
004afcc0	PLATE	Ensures the cache entry exists and links it to the resident surface.
004afea0	PLATE	Fills entry metadata and kicks the load path.
004affb0	PLATE	Wrapper that uses the global texture state.
004b0000	PLATE	Tests whether a cache entry is eligible for registration.
004b0040	PLATE	Copies a usable entry into the global registry table.
004b00c0	PLATE	Copies the entry into the target bucket slot.
004b00f0	PLATE	Counts set bits in a 32-bit mask.
004b0130	PLATE	Picks the entry with the highest total bit count.
004b0240	PLATE	Picks the entry with the best visible-channel bit count.
004b02f0	PLATE	Picks the best visible-channel entry with final-channel weighting.
004b03d0	PLATE	Returns the best bit-count texture entry through the wrapper path.
004b03f0	PLATE	Enumerates usable texture formats and fills preferred cache buckets.
004b04b0	PLATE	Maps DirectDraw and Direct3D HRESULT values to descriptive text.
004b0f90	PLATE	Constant-success callback used by the DirectX winsys.
004b0fa0	PLATE	Logs a DirectDraw or Direct3D report line for a nonzero HRESULT.
004b1020	PLATE	Logs a DirectInput report line for a nonzero HRESULT.
004b10a0	PLATE	Clears DirectX device, input, surface, and palette globals.
004b1170	PLATE	Clears or flips DirectDraw surfaces during reset.
004b1220	PLATE	Frees the enumerated display-mode list.
004b12c0	PLATE	Copies an enumerated DirectDraw display mode into the global list.
004b1380	PLATE	Enumerates DirectDraw display modes into the mode list.
004b13e0	PLATE	Finds a mode matching width, height, bit depth, and flags.
004b1500	PLATE	Returns whether a DirectX HRESULT indicates failure.
004b1520	PLATE	Creates the DirectInput object if it is not already available.
004b1570	PLATE	Releases joystick, mouse, and DirectInput interfaces.
004b15b0	PLATE	Creates and acquires the DirectInput mouse and reads capabilities.
004b1750	PLATE	Unacquires and releases the DirectInput mouse device.
004b1790	PLATE	Unacquires and releases the DirectInput joystick device.
004b17d0	PLATE	Acquires the joystick device and reports success.
004b1820	PLATE	Resets joystick cooperative level and reacquires it for the current window.
004b1890	PLATE	Creates and configures a joystick from an enumerated device.
004b1b50	PLATE	Enumerates and initializes joystick capabilities.
004b1c40	PLATE	Constant-failure callback used when joystick support is absent.
004b1c50	PLATE	Polls joystick axes and buttons into normalized output state.
004b1d60	PLATE	Polls buffered mouse deltas and updates pointer/button state.
004b1ea0	PLATE	Creates the system-memory surface and backing pixel buffer.
004b23a0	PLATE	Creates DirectDraw2 and enters exclusive cooperative mode.
004b2518	EOL	Retries cooperative level using current HWND and adjusted flags.
004b258f	EOL	Fatal SetCooperativeLevel failure path.
004b2670	PLATE	Builds DirectDraw palette entries from brightness and tint settings.
004b27b0	PLATE	Restores a surface if needed and attaches the global palette.
004b2a40	PLATE	Applies the palette to primary and system-memory surfaces.
004b2a90	PLATE	Verifies and applies the configured display mode.
004b2d70	PLATE	Restores lost surfaces, display mode, and palette state.
004b2f80	PLATE	Detaches palette state and releases a surface pointer until gone.
004b2fd0	PLATE	Releases the system-memory surface and backing buffer.
004b3020	PLATE	Releases primary and offscreen surface references.
004b3050	PLATE	Releases render surfaces and the global palette.
004b30d0	PLATE	Restores cooperative level and releases DirectDraw.
004b3130	PLATE	Returns the current system-memory surface pitch or width.
004b3140	PLATE	Stores the mode id and default dimensions.
004b3190	PLATE	Initializes the DirectX winsys, window, DirectDraw, and surfaces.
004b3260	PLATE	Applies a mode change and rebuilds DirectDraw surfaces.
004b32b0	PLATE	Returns active dimensions, pitch, and system-memory buffer.
004b3320	PLATE	Creates and shows the Wulfram window if needed.
004b33a0	PLATE	Shows and updates the cached render window.
004b33d0	PLATE	Enables or disables DirectDraw rendering and restores surfaces.
004b3420	PLATE	Restores DirectDraw surfaces and palette state.
004b3430	PLATE	Sets display mode and creates primary/offscreen surfaces.
004b346f	EOL	Queries cached mode list before forcing requested mode.
004b34a7	EOL	Tries the cached best-match display mode.
004b350d	EOL	Falls back to requested width, height, and bpp directly.
004b367d	EOL	First primary-surface create attempt with backbuffer and flip caps.
004b36b4	EOL	Retries primary surface with a reduced backbuffer count.
004b36f2	EOL	Final primary-surface retry after clearing complex and flip caps.
004b3a20	PLATE	Creates display and sysmem surfaces, palette, and clears the screen.
004b3a80	PLATE	Stores palette brightness and reapplies DirectDraw state.
004b3ab0	PLATE	Builds and attaches the DirectDraw palette.
004b3b20	PLATE	Draws the software cursor and marks dirty regions.
004b3be0	PLATE	Blits sysmem pixels to offscreen and flips the primary surface.
004b3c2d	EOL	Draws software cursor into sysmem buffer before blit and flip.
004b3c57	EOL	Copies software framebuffer surface to offscreen video surface.
004b3d08	EOL	Flips the primary surface with the wait flag.
004b3db2	EOL	Restores lost surfaces and retries presentation.
004b3dd0	PLATE	Returns the cached mouse coordinates.
004b3e00	PLATE	Destroys the window and releases DirectDraw/Input state.
004b3e60	PLATE	Constructs the DirectX winsys object and default palette state.
004b3f00	PLATE	Constant-success DirectX winsys callback.
004b3f10	PLATE	Toggles software cursor drawing and marks the old cursor dirty.
004b3f80	PLATE	Returns the display name and mode label for the built-in DirectDraw software blit winsys backend.
004b3fa0	PLATE	Constructs the DirectDraw software winsys detector and scores it based on the installed DirectX version.
004b4060	PLATE	Stores palette tint channels and reapplies DirectDraw state.
004b40a0	PLATE	Copies the 256-entry palette table and reapplies DirectDraw state.
004b40d0	PLATE	Returns joystick axis scale for the current input mode.
004b4150	PLATE	Maps DirectDraw HRESULT values to symbolic names.
004b4c70	PLATE	Maps DirectInput HRESULT values to diagnostic strings.
004b4f70	PLATE	Allocates the legacy DX software renderer dispatcher and installs raster callbacks.
004b5210	PLATE	Creates the GDI windowed mode and records the default 640-wide mode sentinel.
004b5260	PLATE	Returns the GDI default mode width sentinel.
004b5270	PLATE	Initializes the GDI renderer, window, buffers, cursor state, and active flags.
004b5380	PLATE	Applies a new GDI mode size and resizes the Win32 window frame.
004b53f0	PLATE	Reports current GDI width, height, mode sentinel, flags, and framebuffer pointer.
004b5460	PLATE	Creates and shows the main Wulfram GDI window if it does not exist.
004b5550	PLATE	Clamps a palette channel value to a min/max range.
004b5580	PLATE	Builds a 256-entry RGB palette after brightness and tint scaling.
004b56e0	PLATE	Returns a heap copy of the active 256-entry RGB palette.
004b5760	PLATE	Builds a Win32 LOGPALETTE from the scaled 256-color palette.
004b58b0	PLATE	Deletes the active logical palette if allocated.
004b58e0	PLATE	Deletes the 8-bit DIB section and associated bitmap info.
004b5940	PLATE	Rebuilds the GDI logical palette from current brightness and tint settings.
004b59b0	PLATE	Updates palette brightness and refreshes GDI surfaces and view state.
004b5a00	PLATE	Creates the 640x480 8-bit DIB backbuffer and palette table.
004b5c00	PLATE	Replaces the current 8-bit DIB backbuffer.
004b5c30	PLATE	Ensures the normal main GDI window exists.
004b5c50	PLATE	Formats the last Win32 or GDI error into a heap string.
004b5d60	PLATE	Logs a formatted GDI error when a BOOL-style API call fails.
004b5d90	PLATE	Reads a system color and splits it into RGB bytes.
004b5e10	PLATE	Builds a 16-entry system-color LOGPALETTE.
004b5ec0	PLATE	Creates one-time 4-bpp presentation resources and a 256-to-16 color lookup table.
004b5ecf	EOL	Skips one-time 4-bpp DIB and palette setup when fallback resources already exist.
004b5ed4	EOL	Allocates the 640x480 4-bpp DIB and 16-color system palette.
004b60ae	EOL	Iterates all 256 source palette entries to build the 4-bit lookup table.
004b6120	EOL	Maps a bright RGB-sum entry to packed nibble bucket 0xe.
004b6323	EOL	Continues after assigning a 256-to-16 color lookup value.
004b6330	PLATE	Packs the 8-bit backbuffer through the 16-color lookup table and BitBlts it.
004b64e0	PLATE	Presents the GDI frame, choosing normal 8-bit or packed 4-bpp fallback path.
004b64f3	EOL	Continues only when caller requested presentation.
004b64fe	EOL	Uses the packed 4-bpp fallback presentation path.
004b6508	EOL	Normal path: BitBlts the 8-bit DIB backbuffer.
004b6527	EOL	Draws software cursor into the backbuffer before presenting.
004b6640	PLATE	Tears down the GDI window, cursor state, DIB, palette, and active flags.
004b66a0	PLATE	Empty renderer or input callback stub.
004b66b0	PLATE	Constructs the GDI renderer object and initializes palette defaults.
004b6730	PLATE	Returns the global enable flag for the GDI renderer type.
004b6750	PLATE	Stores the GDI renderer active or focus flag.
004b6770	PLATE	Rebuilds palette and backbuffer resources after a palette change.
004b67a0	PLATE	Forwards fullscreen-request state to shared Win32 state.
004b67c0	PLATE	Enables or disables the software cursor overlay flag.
004b67e0	PLATE	Returns whether the GDI software cursor overlay is enabled.
004b6800	PLATE	Updates RGB tint scaling vector and refreshes palette resources.
004b6860	PLATE	Copies a full 256-entry RGB palette ramp and refreshes GDI resources.
004b68b0	PLATE	Returns the display name and mode label for the built-in GDI windowed software winsys backend.
004b68d0	PLATE	Constructs the GDI windowed software winsys detector and registers its backend description strings.
004b6930	PLATE	Checks whether the current renderer dispatcher matches the GDI instance.
004b6950	PLATE	Allocates the GDI renderer dispatcher and installs raster and palette callbacks.
004b6c00	PLATE	Unregisters, destructs, and frees a GDI renderer dispatcher.
004b6c60	PLATE	Probes OS, DirectDraw, and DirectInput support and reports legacy DirectX capability level.
004b6cd8	EOL	Reports no DirectX or platform support when GetVersionExA fails.
004b6cfc	EOL	Windows NT-family path classifies platform and selects DInput capability.
004b6d25	EOL	Probes DINPUT.DLL on NT4 to upgrade capability from DX2 to DX3.
004b6db2	EOL	Windows 9x path probes DirectDraw and DirectInput interfaces.
004b6ddd	EOL	Loads DDRAW.DLL and begins DirectDraw capability probing.
004b7150	PLATE	Normalizes the Win32 ShowCursor count, then applies requested visibility.
004b71c0	PLATE	Returns whether Shift is currently down in the saved keyboard state.
004b7210	PLATE	Returns whether Control is currently down in the saved keyboard state.
004b7260	PLATE	Pushes and clones the current 256-byte keyboard state snapshot.
004b7300	PLATE	Pops a keyboard snapshot and forces a key-state refresh.
004b7350	PLATE	Timer callback that marks the Win32 periodic tick flag.
004b7370	PLATE	Starts a 60 ms multimedia timer used by Win32 client glue.
004b7390	PLATE	Stops the multimedia timer if it is active.
004b73d0	PLATE	Runs one-time initialization for Win32 input state and periodic timer.
004b7400	PLATE	Registers the SlurpySoft window class and WndProc.
004b74a0	PLATE	Sets or clears bits in the current input modifier and event flag mask.
004b74d0	PLATE	Converts Win32 virtual-key codes into engine key codes.
004b7890	PLATE	Verifies an ASCII character has a generated key and shift mapping.
004b7920	PLATE	Uses VkKeyScanA to add one character to the key/shift lookup table.
004b79c0	PLATE	Builds the ASCII character lookup table for key event generation.
004b7ae0	PLATE	Clears saved key-down state and repeat timestamps.
004b7b20	PLATE	Clears accumulated Win32 mouse position and button state.
004b7b50	PLATE	Initializes keyboard snapshots, ASCII mapping, key states, mouse state, and DirectInput mouse.
004b7bc0	PLATE	Polls keyboard state and drains the Win32 message queue.
004b7bc6	EOL	Top of message pump loop; refreshes keyboard before each PeekMessageA.
004b7bf8	EOL	Exits when the Win32 message queue is empty.
004b7c45	EOL	Handles quit or close by releasing cursor capture and requesting app exit.
004b7c6a	EOL	Suppresses selected key messages before translation and dispatch.
004b7c84	EOL	Translates and dispatches ordinary Win32 messages.
004b7cc0	PLATE	Creates an engine key event from a virtual key and event type.
004b7d90	PLATE	Queues key-up events for every key currently marked down.
004b7e10	PLATE	Queues key-down events for every key currently marked down.
004b7e90	PLATE	Polls Win32 keyboard state and queues key down, up, and repeat events with modifier flags.
004b7ec0	EOL	Sets forced input flag when caller requested a synthetic refresh.
004b7f21	EOL	Records Shift modifier and selects shifted character table bit.
004b7f76	EOL	Records Control modifier and selects control character table bit.
004b7fc9	EOL	Records Alt modifier flag.
004b8002	EOL	Starts per-virtual-key transition and repeat processing.
004b8048	EOL	Detects key release and clears repeat timestamp.
004b8078	EOL	Stores initial down timestamp for a newly pressed key.
004b80ab	EOL	Marks a held key as repeat after the repeat threshold expires.
004b80bf	EOL	Creates and enqueues a key down, up, or repeat event node.
004b8130	PLATE	Stamps and appends a Win32 input event node to the pending input-event list.
004b8150	PLATE	Converts Win32 mouse wParam modifier bits into the game input modifier mask.
004b8190	PLATE	Pumps Windows messages, transfers queued input events, then clears the pending list.
004b81f0	PLATE	Main game window procedure for focus, mouse motion, buttons, cursor clipping, and shutdown messages.
004b845b	EOL	Common mouse-button path maps modifiers, updates cursor position, and builds a queued input event.
004b84f3	EOL	WM_MOUSEMOVE path clamps and stores coordinates and queues a motion event.
004b8620	PLATE	Library Function - Multiple Matches With Same Base Name\n public: __thiscall pairNode::pairNode(class DNameNode *,class DNameNode *)\n public: __thiscall pairNode::pairNode(class DNameNode const *,class DNameNode const *)\n\nLibrary: Visual Studio
004b8660	PLATE	Calls a detector factory, caches the constructed winsys instance, and returns it.
004b8690	PLATE	Empty winsys callback placeholder.
004b86a0	PLATE	Clears the Glide no-splash environment override before initializing Glide.
004b86c0	PLATE	Loads an external winsys renderer DLL, resolves detector/constructor/exit exports, and registers it if detection succeeds.
004b8800	PLATE	Empty Glide winsys callback placeholder.
004b8810	PLATE	Returns the current global renderer backend id.
004b8820	PLATE	Returns the globally tracked main game window handle.
004b8830	PLATE	Stores the main game window handle globally.
004b8840	PLATE	Clears the global main game window handle.
004b8850	PLATE	Initializes renderer discovery for the Glide backend by registering the win32_glide winsys module and related renderer setup.
004b8880	PLATE	Toggles captured relative mouse mode, saving or restoring cursor position and resetting axes.
004b8980	PLATE	Polls DirectInput mouse state only when active, grabbed, and ready.
004b89c0	PLATE	Clamps client mouse coordinates from lParam, warps if outside bounds, and updates globals.
004b8a80	PLATE	Applies or releases ClipCursor bounds based on focus and mouse-grab state.
004b8c20	PLATE	Recomputes cursor clipping by comparing the game window with the foreground window.
004b8c60	PLATE	Disables cursor clipping.
004b8c70	PLATE	Minimizes the tracked main game window if it exists.
004b8ca0	PLATE	Spawns an external process, optionally waiting for completion.
004b8ce0	PLATE	Beeps, minimizes the game, shows an informational message box, logs, and exits.
004b8d90	PLATE	Beeps, minimizes the game, shows an error message box, logs, and exits.
004b8e40	PLATE	Shows a simple modal error message box.
004b8e60	PLATE	Enum-window callback that closes windows whose title contains configured substrings.
004b8f40	PLATE	Closes existing Wulfram or play-now browser windows before launching another.
004b8f70	PLATE	Reads the HTTP shell command from the registry and launches a URL with the default browser.
004b90a0	PLATE	Returns a newly allocated lowercase MD5 hex digest string for the input string.
004b91e0	PLATE	Formats a six-byte MAC address as a newly allocated string.
004b9260	PLATE	Enumerates network adapters, hashes MAC strings, and returns adapter fingerprints with the active adapter first.
004b95d0	PLATE	Initializes the base winsys object, palette ramp, flags, and default render and input state fields.
004b9760	PLATE	Restores the base winsys vtable during destruction.
004b9780	PLATE	Validates that the winsys callback table has no missing entries.
004b97e0	PLATE	Packs two byte-sized status values into the winsys status word.
004b9810	PLATE	Returns the winsys instance or application handle field.
004b9830	PLATE	Initializes a renderer detector descriptor.
004b9870	PLATE	Tests detector priority, metadata, constructed winsys, and backend usability callback.
004b98d0	PLATE	Lazily creates the detector list and appends a renderer detector.
004b9960	PLATE	Returns the number of registered renderer detectors.
004b9970	PLATE	Returns the constructed winsys instance for a detector index.
004b9990	PLATE	Finds the detector index whose constructed winsys matches the active global winsys.
004b9a10	PLATE	Steps forward or backward through registered detectors until a usable renderer is found.
004b9aa0	PLATE	Selects the highest-priority usable renderer or fails with the DirectX display-mode error.
004b9b40	PLATE	Finds a named detector and returns its constructed usable winsys instance.
004b9c40	PLATE	Logs registered winsys detectors and forces construction for positive-priority backends.
004b9d90	PLATE	Shuts down constructed renderer instances and destroys all detector descriptors.
004b9e00	PLATE	Tears down current world, map, projectile, tagged-texture, and cargo resources.
004b9e60	PLATE	Leaves the world, switches to menu mode, and destroys remaining live objects.
004b9eb0	PLATE	Loads a map, executes its start script, rebuilds spatial and render support, and initializes world buffers.
004ba520	PLATE	Feeds arbitrary bytes into an MD5 context, buffering partial 64-byte blocks.
004ba7d0	PLATE	Finalizes an MD5 context with padding and length, then writes the 16-byte digest.
004ba910	PLATE	Initializes MD5 state words, bit count, and pending-byte count.
004ba940	PLATE	Processes one or more 64-byte MD5 compression blocks.
004bb090	PLATE	Clears updater UI GDI, window, font, and progress handle fields without freeing strings.
004bb0c0	PLATE	Initializes the CSNUI updater context and progress row state.
004bb1a0	PLATE	Frees updater title, row labels, units, argument strings, and argv storage.
004bb230	PLATE	Replaces a progress row label and unit pair and invalidates the updater window.
004bb2a0	PLATE	Computes aggregate progress across active file-update rows for the total-files bar.
004bb3a0	PLATE	Replaces the two-line updater status or error message and repaints.
004bb430	PLATE	Sets total download progress and size units for row zero.
004bb4b0	PLATE	Sets completed, current, and total file count progress for the file-count row.
004bb4e0	PLATE	Sets per-item package progress, label, and KB or MB units.
004bb590	PLATE	Stores updater window title and application instance, marking UI enabled.
004bb5c0	PLATE	Tokenizes the command line into duplicated argument strings for updater handoff.
004bb750	PLATE	Lazily creates the Times New Roman font used by the updater window.
004bb7e0	PLATE	Pumps one Windows message while the updater UI is active.
004bb820	PLATE	Deletes updater pens, brush, font, timer, and clears GDI handles.
004bb8c0	PLATE	Shows an updater error message and destroys the updater window.
004bb900	PLATE	Centers, creates, shows, and repaints the CSNUI updater window.
004bb9d0	PLATE	Draws the updater two-line status or error text.
004bba90	PLATE	Draws one updater progress row with label, percent or size text, and progress segments.
004bbd05	EOL	Uses compact percent or size format after choosing KB, MB, or generic units.
004bbe90	PLATE	Paints the updater window background, message text, and progress rows.
004bbf80	EOL	Package-manager callback updates file-count progress via UpdaterUi_SetFileCountProgress.
004bbfa0	EOL	Package-manager callback updates a named package item progress row.
004bbfd0	EOL	Package-manager callback updates total download size and progress.
004bbff0	EOL	Package-manager callback replaces the updater status or message text.
004bc010	EOL	CSNUI window procedure dispatches paint, timer, cleanup, and default Win32 handling.
004bc035	EOL	Handles paint messages by calling UpdaterUi_OnPaint on the active UI context.
004bc046	EOL	Handles window teardown by destroying updater GDI and timer resources.
004bc110	PLATE	Registers the CSN_UI_WINDOW window class and its window procedure.
004bc180	PLATE	Creates updater pens and brush, opens the progress window, starts timer, and seeds default rows.
004bc270	PLATE	Configures and runs the CSNUI package updater, pumping UI until completion or error.
004bc44e	EOL	Package-manager error path fetches the error string, shows it, frees manager state, and returns failure.
004bc570	PLATE	Builds a scaled 64-entry JPEG quantization table with quality and error validation.
004bc740	PLATE	Builds the standard luminance and chrominance quantization tables.
004bc780	PLATE	Converts a user JPEG quality value into IJG quantization scale.
004bc7c0	PLATE	Applies JPEG quality by scaling the default quantization tables.
004bc7f0	PLATE	Copies a JPEG Huffman table and validates symbol count.
004bc7fe	EOL	Allocates destination table when null.
004bc831	EOL	Sums 16 Huffman code-length counts.
004bc85e	EOL	Error path for invalid Huffman symbol count.
004bc873	EOL	Copies Huffman symbol bytes after validation.
004bc8a0	PLATE	Installs the four standard baseline Huffman tables.
004bc900	PLATE	Configures JPEG component sampling and table selectors for a color space.
004bcbf0	PLATE	Chooses a default JPEG color space from the input color mode.
004bcc70	PLATE	Initializes default JPEG compression parameters and standard tables.
004bcd70	PLATE	Initializes the JPEG compression object and memory manager.
004bce50	PLATE	Marks quantization and Huffman tables as not yet emitted.
004bcec0	PLATE	Finishes all queued JPEG scanline data, writes trailer, and returns to ready state.
004bcf1b	EOL	Drive remaining compression passes until the compressor reaches completion.
004bcfe0	PLATE	Prepares compressor modules and enters the scanline-writing state.
004bd060	PLATE	Writes caller scanlines through the active JPEG compressor pipeline.
004bd1b0	PLATE	Flushes buffered JPEG output to the FILE destination.
004bd220	PLATE	Initializes a stdio destination manager for compressed output.
004bd260	PLATE	Runs output cleanup and terminates after an unrecoverable JPEG error.
004bd3f0	PLATE	Initializes the JPEG error manager callback table and message defaults.
004bd440	PLATE	Aborts active compression state and releases temporary pools.
004bd480	PLATE	Destroys compressor state and clears the active memory manager pointer.
004bd4b0	PLATE	Allocates and clears a JPEG quantization table.
004bd4d0	PLATE	Allocates and clears a JPEG Huffman table.
004bd4f0	PLATE	Raises a JPEG memory-allocation error with a reason code.
004bd510	PLATE	Allocates a small object from the JPEG memory pool.
004bd61d	EOL	Existing pool chunk has enough free space for this allocation.
004bd640	PLATE	Allocates a large object from the JPEG memory pool.
004bd6e0	PLATE	Allocates a row-pointer array backed by pooled sample rows.
004bd790	PLATE	Allocates a row-pointer array backed by pooled coefficient blocks.
004bd840	PLATE	Registers a virtual sample array request with the JPEG memory manager.
004bd8b0	PLATE	Registers a virtual coefficient-block array request.
004bd920	PLATE	Allocates backing storage for requested virtual arrays, using spill files if needed.
004bdac0	PLATE	Returns rows from a virtual sample array and pages backing storage as needed.
004bdb60	PLATE	Returns rows from a virtual coefficient-block array and pages backing storage as needed.
004bde90	PLATE	Frees JPEG memory-pool allocations and closes pending virtual arrays.
004bdfe0	PLATE	Installs the JPEG memory manager and optional JPEGMEM limit.
004be110	PLATE	Writes one marker byte through the destination manager.
004be150	PLATE	Writes a JPEG marker prefix and marker code.
004be170	PLATE	Writes a big-endian 16-bit marker payload value.
004be1a0	PLATE	Emits one quantization table marker if it has not already been sent.
004be2a0	PLATE	Emits one Huffman table marker if it has not already been sent.
004be390	PLATE	Emits the restart-interval marker.
004be3c0	PLATE	Emits a start-of-frame marker with component sampling metadata.
004be470	PLATE	Emits a start-of-scan marker for the active scan.
004be4ea	EOL	Emit SOS Huffman selector after progressive scan table adjustments.
004be540	PLATE	Emits the JFIF APP0 marker.
004be5e0	PLATE	Emits the Adobe APP14 marker and color transform flag.
004be670	PLATE	Begins a variable-length marker segment after validating its size.
004be6d0	PLATE	Writes SOI and optional application markers at compression start.
004be820	PLATE	Writes tables, restart interval, and SOS for the active scan.
004be900	PLATE	Writes SOI, table definitions, and EOI for a table-only stream.
004be990	PLATE	Installs the JPEG marker writer callbacks.
004be9f0	PLATE	Initializes color conversion, downsampling, coefficient, entropy, and marker modules.
004beab0	PLATE	Allocates heap memory for JPEG memory-manager blocks.
004beac0	PLATE	Frees heap memory owned by the JPEG memory manager.
004bead0	PLATE	Reports remaining JPEG memory budget after current allocations.
004bebd0	PLATE	Creates a temporary backing store for virtual JPEG arrays.
004bec30	PLATE	Returns the default JPEG memory limit.
004bec40	PLATE	Divides and rounds the result upward.
004bec50	PLATE	Rounds a value up to the next multiple.
004bec70	PLATE	Copies rows between JPEG sample arrays.
004becc0	PLATE	Zeroes a JPEG-managed memory range.
004bede0	PLATE	Allocates preprocessor controller buffers for compressor input.
004bee70	PLATE	Initializes coefficient-controller counters for an input pass.
004beec0	PLATE	Feeds prepared data into coefficient buffers and entropy encoder.
004bf110	PLATE	Builds MCU coefficient block pointers and emits encoded MCU rows.
004bf2d0	PLATE	Processes virtual coefficient arrays for multi-pass output.
004bf4f0	PLATE	Selects coefficient-controller pass mode and encode callback.
004bf5a0	PLATE	Allocates the JPEG coefficient controller and MCU work buffers.
004bf6b0	PLATE	Builds canonical Huffman encode tables from a JPEG Huffman table.
004bf8d0	PLATE	Refills destination output state when the Huffman buffer fills.
004bf900	PLATE	Emits Huffman bits with JPEG byte stuffing.
004bf9a8	EOL	Destination refill failed while emitting entropy bytes.
004bf9b0	PLATE	Flushes pending Huffman bits at a byte boundary.
004bf9e0	PLATE	Encodes one quantized DCT block using DC and AC Huffman tables.
004bfa44	EOL	Entropy output suspended while encoding this block; propagate failure.
004bfb80	PLATE	Flushes entropy bits and emits a restart marker.
004bfc00	PLATE	Encodes one interleaved MCU through the active Huffman tables.
004bfd70	PLATE	Flushes the entropy encoder at the end of a Huffman pass.
004bfe30	PLATE	Counts Huffman symbol frequencies for one coefficient block.
004bfff0	PLATE	Generates an optimized Huffman table from collected symbol counts.
004c02d0	PLATE	Builds optimized Huffman tables after a statistics-gathering pass.
004c03c0	PLATE	Initializes baseline Huffman encoder state for emit or gather mode.
004c0550	PLATE	Allocates and initializes the baseline Huffman entropy encoder.
004c05b0	PLATE	Refills progressive Huffman destination output state.
004c05f0	PLATE	Emits progressive Huffman bits with byte stuffing.
004c06b0	PLATE	Flushes progressive Huffman bits at a byte boundary.
004c06d0	PLATE	Emits or counts a progressive Huffman symbol.
004c0700	PLATE	Emits a buffered run of progressive refinement bits.
004c0730	PLATE	Flushes a pending progressive EOB run.
004c07b0	PLATE	Flushes progressive state and emits a restart marker.
004c0840	PLATE	Encodes a progressive DC first-scan MCU.
004c0990	PLATE	Encodes a progressive AC first-scan block.
004c0e80	PLATE	Builds optimized progressive Huffman tables after gathering counts.
004c0ee2	EOL	Select or build the Huffman table required by this progressive scan.
004c0f50	PLATE	Initializes progressive Huffman encoder state for emit or gather mode.
004c1022	EOL	Validate or prepare the Huffman table required by the active progressive scan.
004c10e0	PLATE	Allocates and initializes the progressive Huffman entropy encoder.
004c1fb0	PLATE	Allocates the JPEG forward-DCT manager and selects the configured DCT implementation.
004c2026	EOL	Common exit after selecting the configured forward-DCT callback table.
004c20a0	PLATE	Replicates the final available sample row to pad the bottom edge.
004c20d0	PLATE	Feeds scanlines through the main controller using the simple row-buffer path.
004c2260	PLATE	Feeds scanlines through the context-row buffer path for edge-aware downsampling.
004c2430	PLATE	Allocates and links context row buffers used by the JPEG main controller.
004c2550	PLATE	Allocates the JPEG main controller and selects simple or context row processing.
004c2600	PLATE	Pads sample rows horizontally by repeating the rightmost source pixel.
004c2650	PLATE	Dispatches per-component downsampling routines for one input row group.
004c26e0	PLATE	Performs generic integer-ratio box downsampling for a component plane.
004c2860	PLATE	Downsamples a component horizontally by two while preserving vertical resolution.
004c2910	PLATE	Downsamples a component horizontally and vertically by two.
004c29e0	PLATE	Applies smoothed H2V2 downsampling with edge-aware filter weights.
004c2c60	PLATE	Applies smoothing when component sampling is already full size.
004c2df0	PLATE	Allocates the downsampler and selects per-component reduction callbacks.
004c2eef	EOL	Fallback to generic box downsampling when exact reducers do not fit.
004c2f70	PLATE	Builds fixed-point RGB to luma/chroma lookup tables.
004c3050	PLATE	Converts packed RGB scanlines into planar YCbCr component rows.
004c3170	PLATE	Converts packed RGB scanlines into a single grayscale component row.
004c3220	PLATE	Converts inverted CMYK scanlines into planar YCCK component rows.
004c3450	PLATE	Validates JPEG color spaces and installs the matching conversion callback.
004c34a7	EOL	Reject unsupported source component count for the requested color mode.
004c3539	EOL	Reject a source/destination color conversion pair without a fast callback.
004c3680	PLATE	Validates image dimensions/components and computes derived component geometry.
004c3860	PLATE	Validates progressive scan script ranges, ordering, and component coverage.
004c3c60	PLATE	Selects the active scan components from scan script data or defaults.
004c3d50	PLATE	Computes MCU layout and restart interval values for the current scan.
004c3f20	PLATE	Coordinates marker output and module start callbacks for the next compression pass.
004c409c	EOL	Shared pass-state epilogue updates completion flags and progress counters.
004c40d0	PLATE	Finishes marker output and advances master-control pass bookkeeping.
004c4170	PLATE	Allocates JPEG master control, validates setup, and computes pass counts.
004c4540	PLATE	Runs the fast integer forward DCT over 8x8 coefficient blocks.
004c5060	PLATE	Frees an owned voice packet bitstream buffer.
004c5080	PLATE	Resets bitstream cursor, bit offset, error flag, and first byte.
004c50a0	PLATE	Loads packet bytes into the bitstream, growing owned storage when needed.
004c5140	PLATE	Packs a fixed-width value into the voice packet bitstream.
004c5230	PLATE	Reads a fixed number of bits and sets overflow state on underrun.
004c52a0	PLATE	Peeks the next bit without advancing the bitstream cursor.
004c52e0	PLATE	Advances the bit cursor or marks the stream exhausted on overflow.
004c5320	PLATE	Returns unread bit count, or -1 after a bitstream error.
004c5340	PLATE	Rounds the current bit length up to whole bytes.
004c5350	PLATE	Allocates and initializes the default 2000-byte voice bitstream buffer.
004c5390	PLATE	Pads to a byte boundary and copies packed packet bytes to an output buffer.
004c5410	PLATE	Dispatches codec table slot 0x14 to create an encoder instance.
004c5420	PLATE	Dispatches codec table slot 0x20 to create a decoder instance.
004c5430	PLATE	Dispatches encoder object slot 0x18 for teardown.
004c5440	PLATE	Dispatches decoder object slot 0x24 for teardown.
004c5450	PLATE	Dispatches encoder object slot 0x1c to encode a captured frame.
004c5460	PLATE	Dispatches decoder object slot 0x28 to decode a packet frame.
004c5470	PLATE	Dispatches encoder object slot 0x2c for codec control queries and settings.
004c5480	PLATE	Dispatches decoder object slot 0x30 for codec control queries and settings.
004c5570	PLATE	Dispatches codec mode slot 0x04 for mode metadata queries.
004c5580	PLATE	Initializes the voice activity detector analysis/window weighting table.
004c5680	PLATE	Interpolates a voice noise/probability curve value for VAD scoring.
004c5720	PLATE	Allocates and initializes the voice activity detector and noise model.
004c5c80	PLATE	Frees all buffers owned by the voice activity detector and noise model.
004c5d90	PLATE	Updates running per-band noise estimates from a frame spectrum.
004c5e70	PLATE	Scores spectral bands, updates speech/noise statistics, and returns VAD state.
004c6b90	PLATE	Updates preprocessor AGC/noise gain arrays and clamps adaptive gain scaling.
004c7020	PLATE	Copies PCM into the analysis window, applies windowing, runs FFT, and builds spectrum power.
004c7300	PLATE	Maintains smoothed noise, echo, and speech probability estimates for one frame.
004c79d0	PLATE	Runs Speex denoise/VAD/AGC processing, FFT/IFFT, and output PCM for one frame.
004c8be0	PLATE	Dispatches Speex preprocessor controls for denoise, VAD, AGC, and related parameters.
004c8bf4	EOL	Speex preprocess ctl case 0: set denoise enabled.
004c8c04	EOL	Speex preprocess ctl case 1: get denoise enabled.
004c8c14	EOL	Speex preprocess ctl case 2: set AGC enabled.
004c8c24	EOL	Speex preprocess ctl case 3: get AGC enabled.
004c8c34	EOL	Speex preprocess ctl case 6: set clamped AGC level.
004c8c73	EOL	Speex preprocess ctl case 7: get AGC level.
004c8c83	EOL	Speex preprocess ctl case 4: set VAD enabled.
004c8c93	EOL	Speex preprocess ctl case 5: get VAD enabled.
004c8ca3	EOL	Speex preprocess ctl case 8: set dereverb enabled.
004c8d1c	EOL	Speex preprocess ctl case 0xe: set start probability percent.
004c8d86	EOL	Speex preprocess ctl case 0x10: set continue probability percent.
004c8df0	EOL	Default ctl case emits unknown request warning.
004c8e50	PLATE	Thin memset wrapper used by bundled Speex code.
004c8e60	PLATE	Thin zeroed allocation wrapper used by bundled Speex code.
004c8ea0	PLATE	Prints a fatal Speex error to stderr and exits the process.
004c8ed0	PLATE	Prints a Speex warning string to stderr.
004c8ef0	PLATE	Prints a Speex warning string plus integer detail to stderr.
004c8f20	PLATE	Advances the LCG seed and returns scaled pseudo-random float noise.
004c8f70	PLATE	Adds rand-based comfort noise into a float sample buffer.
004c8fd0	PLATE	Initializes VAD state, smoothing history, thresholds, and random seed.
004c9060	PLATE	Estimates voice activity from band energy, pitch, noise floor, and hangover state.
004c95c4	EOL	Common VAD exit path after low-energy and normal-energy probability updates.
004c97e0	PLATE	Converts and restricts residual deltas into bounded byte-like output values.
004c9870	PLATE	Allocates and initializes narrowband encoder state and scratch buffers.
004c9cf0	PLATE	Frees narrowband encoder state, bit buffers, LPC/LSP arrays, and scratch memory.
004c9e60	PLATE	Encodes one narrowband frame with VBR/VAD, pitch, innovation, and bit packing.
004caeb0	PLATE	Frees narrowband decoder state and all per-frame reconstruction buffers.
004caf60	PLATE	Synthesizes a lost narrowband frame using previous excitation, noise, and LPC filters.
004cb1e0	PLATE	Decodes one narrowband frame from bits, including invalid or lost-frame handling.
004cb980	PLATE	Dispatches narrowband encoder controls for mode, VBR, quality, reset, and lookahead.
004cc5a0	PLATE	Computes LSP quantization weights from adjacent LSP spacing.
004cc7b0	PLATE	Finds the best unweighted LSP codebook vector and subtracts it from residuals.
004cc9b0	PLATE	Finds the best weighted LSP codebook vector and subtracts it from residuals.
004ccfb0	PLATE	Reconstructs narrowband LSPs from staged codebook indexes.
004cd630	PLATE	Reconstructs low-bitrate narrowband LSPs from reduced staged codebooks.
004cd880	PLATE	Quantizes narrowband LSPs with staged codebooks and writes bit indexes.
004cdd50	PLATE	Allocates and initializes subband/wideband encoder state and high-band buffers.
004ce190	PLATE	Frees subband/wideband encoder state, VAD, and high-band scratch buffers.
004ce2d0	PLATE	Encodes one subband/wideband frame with low-band coupling and high-band innovation.
004cf4d0	PLATE	Allocates and initializes subband/wideband decoder state and PLC buffers.
004cf6c0	PLATE	Frees subband/wideband decoder state and reconstruction buffers.
004cf740	PLATE	Generates subband/wideband concealment using previous gain, noise, and filters.
004cf7b4	EOL	Chooses median recent PLC gain before synthesizing lost wideband audio.
004cfb40	PLATE	Decodes one subband/wideband frame, including layer parsing and corruption checks.
004d0752	EOL	Shared no-folding or high-band-disabled filterbank synthesis path.
004d0870	PLATE	Dispatches subband/wideband encoder controls for quality, VBR, reset, and lookahead.
004d1170	PLATE	Expands signed byte codebook entries through an impulse response and records energy.
004d1340	PLATE	Searches shape-sign innovation codebook and writes selected codebook bits.
004d2860	PLATE	Reads codebook index/sign bits and adds decoded innovation shape to excitation.
004d2b70	PLATE	Computes an unrolled float dot product over vectors in groups of four.
004d2bf0	PLATE	Evaluates weighted three-tap pitch prediction error.
004d2cb0	PLATE	Finds and ranks best open-loop pitch candidates by normalized correlation.
004d3195	EOL	Advances open-loop pitch lag scan after optional N-best insertion.
004d3320	PLATE	Searches three-tap pitch predictor gains over candidate pitch lags.
004d3db0	PLATE	Tests N-best pitch lags and emits selected lag/gain indexes to the bitstream.
004d41b0	PLATE	Reads three-tap pitch index/gain bits and reconstructs pitch contribution.
004d4820	PLATE	Factorizes FFT size and builds twiddle tables for KISS FFT state.
004d49d0	PLATE	Inverse radix-2 butterfly kernel for KISS FFT work buffers.
004d4d00	PLATE	Inverse radix-4 butterfly kernel for KISS FFT work buffers.
004d55f0	PLATE	Generic inverse mixed-radix butterfly kernel.
004d6ce0	PLATE	Recursive inverse KISS FFT worker over factored stages.
004d6ec0	PLATE	Forward radix-2 butterfly kernel.
004d72e0	PLATE	Forward radix-3 butterfly kernel.
004d77c0	PLATE	Forward radix-4 butterfly kernel.
004d82a0	PLATE	Generic forward mixed-radix butterfly kernel.
004d9950	PLATE	Recursive forward KISS FFT worker over factored stages.
004d9ac3	EOL	Flips active source and destination buffers after radix stage processing.
004d9b80	PLATE	Public inverse FFT wrapper; skips work for length-one transforms.
004d9bb0	PLATE	Public forward FFT wrapper; skips work for length-one transforms.
004d9be0	PLATE	Initializes a KISS FFT state object with twiddles and factorization storage.
004d9c30	PLATE	Frees twiddle and factor buffers owned by a KISS FFT state object.
004d9c60	PLATE	Applies progressively scaled bandwidth expansion to LPC coefficients.
004d9d30	PLATE	Copies a float vector to another buffer while multiplying by a constant gain.
004d9dc0	PLATE	Copies a float vector to another buffer while dividing by a constant gain.
004d9e60	PLATE	Computes a scalar energy measure for a float signal buffer.
004d9f20	PLATE	Runs the combined numerator/denominator memory filter used by Speex synthesis.
004da080	PLATE	Runs an IIR memory filter over a float signal buffer.
004da1a0	PLATE	Runs an FIR memory filter over a float signal buffer.
004da2b0	PLATE	Applies perceptual-zero synthesis filtering using temporary filter memory.
004da390	PLATE	Computes perceptual residual filtering with paired numerator and denominator memories.
004da680	PLATE	Splits a signal into quadrature mirror filter subbands while updating delay memory.
004da940	PLATE	Recombines quadrature mirror filter subbands into an output signal.
004daba0	PLATE	Clears perceptual enhancer history and restores unity gain state.
004dabc0	PLATE	Applies perceptual post-filter enhancement and adaptive gain smoothing to one frame.
004db0e0	PLATE	Evaluates an LSP polynomial with a Chebyshev recurrence.
004db210	PLATE	Finds LSP roots from LPC coefficients using bracketing and bisection.
004db5dd	EOL	Advance to the next LSP search interval after convergence or failure.
004db600	PLATE	Converts LSP frequencies back into LPC filter coefficients.
004db920	PLATE	Forces adjacent LSP frequencies to maintain a minimum spacing margin.
004dbad0	PLATE	Interpolates between old and new LSP vectors for a subframe.
004dbbd0	PLATE	Computes LPC coefficients from autocorrelation with Levinson-Durbin recursion.
004dbe20	PLATE	Computes autocorrelation coefficients for LPC analysis and biases lag zero.
004dbf20	PLATE	Finds the first ordered LSP entry greater than or equal to a value.
004dbfc0	PLATE	Finds the lowest-error codebook entries and inserts them into an N-best list.
004dc1c2	EOL	Insert this candidate into the sorted N-best VQ result arrays.
004dc200	PLATE	Finds signed lowest-error codebook entries and stores sign-adjusted indexes.
004dc429	EOL	Insert this signed candidate into the sorted N-best VQ result arrays.
004dc480	PLATE	Reads a Speex in-band request and dispatches or skips the encoded payload.
004dc540	PLATE	Skips a user in-band request payload from the voice bitstream.
004dc570	PLATE	Approximates cosine over the range used by Speex LSP conversion.
004dc600	PLATE	Rounds a floating-point value to an integer using the x87 magic constant path.
004dc620	PLATE	Converts an integer to a scaled float using the Speex math constant.
004dc630	PLATE	Initializes a linked chunk buffer with one writable chunk.
004dc670	PLATE	Frees all chunks owned by a linked chunk buffer.
004dc690	PLATE	Returns the total bytes currently stored across all buffer chunks.
004dc6b0	PLATE	Copies chunk payloads sequentially into the caller-provided output buffer.
004dc6f0	PLATE	Allocates a null-terminated copy of all chunk-buffer bytes.
004dc730	PLATE	Allocates a raw byte copy of the chunk buffer and returns its length.
004dc770	PLATE	Frees all chunks after the head and resets the chunk buffer for reuse.
004dc7c0	PLATE	Clears a small doubly linked list header.
004dc7d0	PLATE	Returns the value stored at a zero-based linked-list index.
004dc7f0	PLATE	Appends a value node to the tail of a doubly linked list.
004dc850	PLATE	Prepends a value node to the head of a doubly linked list.
004dc8b0	PLATE	Inserts a new value after an existing list value or at the front for key zero.
004dc940	PLATE	Finds an existing value node or appends it when absent.
004dc9c0	PLATE	Removes the first node matching a value from a doubly linked list.
004dca30	PLATE	Removes and returns the value at a zero-based linked-list index.
004dcab0	PLATE	Finds a value in the list and optionally returns its index.
004dcaf0	PLATE	Removes the head node and returns its stored value.
004dcb40	PLATE	Removes the tail node and returns its stored value.
004dcb90	PLATE	Frees all list nodes and resets the list header.
004dcbd0	PLATE	Returns the number of nodes currently stored in a list.
004dcbe0	PLATE	Appends one byte to the linked chunk buffer, growing with a new chunk if full.
004dcc40	PLATE	Appends a byte range to the linked chunk buffer across chunk boundaries.
004dccd0	PLATE	Appends a C string without its null terminator to the chunk buffer.
004dcd00	PLATE	Formats variadic text into a temporary buffer and appends it to the chunk buffer.
004dcda0	PLATE	Appends a C string including its null terminator to the chunk buffer.
004dcdd0	PLATE	Formats a signed integer as decimal text and appends it to the chunk buffer.
004dce40	PLATE	Formats an unsigned integer as decimal text and appends it to the chunk buffer.
004dceb0	PLATE	Formats a floating-point value as decimal text and appends it to the chunk buffer.
004dcf20	PLATE	Appends a 32-bit integer to the chunk buffer in little-endian byte order.
004dcfa0	PLATE	Appends a 16-bit integer to the chunk buffer in little-endian byte order.
004dcfc0	PLATE	Thunk for appending one byte to the linked chunk buffer.
004dcfd0	PLATE	Clamps input to curve bounds and returns a linearly interpolated float-table sample.
004dd009	EOL	Sample lies between curve min/max; compute table interpolation.
004dd070	PLATE	Clamps two feedback inputs, samples raw/correction/damper curves, and returns the scaled output.
004dd21a	EOL	Damper curve lookup disabled; use 1.0 weights.
004dd240	EOL	Combine correction and damper samples into the feedback output.
004dd2a0	PLATE	Returns the elevation-angle delta between two local vectors using atan2(z, hypot(x,y)).
004dd340	PLATE	Computes the secondary spin angular-acceleration component from two orientation states.
004dd450	PLATE	Allocates a two-point 0..1 identity feedback curve.
004dd500	PLATE	Loads feedback profile parameters and raw/cor/err/prm curves from a .atbl file.
004dd554	EOL	.atbl file opened; parse profile fields and curves.
004dd660	PLATE	Writes feedback profile parameters and curves to a .atbl file.
004dd780	PLATE	Initializes a profile with four unit curves and a data/tables .atbl path.
004dd890	PLATE	Constructor wrapper that initializes and returns a feedback profile object.
004dd8b0	PLATE	Creates the global default feedback profile if needed and loads it.
004dd8dc	EOL	Global default feedback profile is missing; allocate it.
004dd918	EOL	Default profile exists; load its table data.
004dd940	PLATE	Computes three spin angular-acceleration components between two object states.
004ddb90	PLATE	Returns the action-channel encoding class for low versus high channel indexes.
004ddba0	PLATE	Remaps a channel value through its quantizer table or binary encoding.
004ddbd9	EOL	Use the wide/high-channel quantizer curve.
004ddc0f	EOL	Use the narrow/special-channel quantizer curve.
004ddc60	PLATE	Encodes and writes an action channel value into a network packet.
004ddcc8	EOL	Encode channel as binary present/absent value.
004ddd00	PLATE	Fills a sync action event record with channel, value, and aux data.
004ddd30	PLATE	Zeroes a sync action event record.
004ddd50	PLATE	Resets transient FX decode fields to default type, flags, zeros, and unset targets.
004ddd80	PLATE	Constructor-style initializer for transient FX record defaults.
004dddb0	PLATE	Resets the map-marker helper object to default extents and zeroed state.
004ddde0	PLATE	Constructor-style initializer for map-marker helper defaults.
004dde10	PLATE	Allocates an identity feedback curve and loads named samples from table data.
004ddec0	PLATE	Returns a capped 0..1 motion magnitude fraction for the jet surface solver.
004ddf20	PLATE	Computes a normalized slope/angle between two cached jet surface sample points.
004ddff0	PLATE	Blends reaction, speed, and height curves to produce per-sample jet force.
004de19c	EOL	Copy current jet feedback state into debug globals.
004de203	EOL	Debug capture disabled or sample index does not match.
004de230	PLATE	Accumulates signed X-axis pair-slope contribution for two jet samples.
004de347	EOL	Positive X pair contribution is added to the source sample.
004de360	PLATE	Accumulates signed Y-axis pair-slope contribution for two jet samples.
004de487	EOL	Positive Y pair contribution is added to the source sample.
004de4a0	PLATE	Zeroes per-sample buffers and restores valid/default sample flags.
004de4ba	EOL	Loop body resetting the next jet surface sample slot.
004de550	PLATE	Frees and nulls all allocated jet surface sample buffers.
004de610	PLATE	Thunk entry that jumps to the jet surface buffer cleanup routine.
004de620	PLATE	Initializes jet misc tuning defaults and stores the source table basename.
004de690	PLATE	Returns or lazily allocates the three-slot jet reaction surface bank for selector 0 or 1.
004de69c	EOL	Return null for selectors other than 0 or 1.
004de6a0	EOL	Use or lazily allocate selector-1 jet bank.
004de6c2	EOL	Use or lazily allocate selector-0 jet bank.
004de6f0	PLATE	Writes the default or medic jet profile pointer into every surface in the selected bank.
004de714	EOL	Point each surface in the bank at the medic jet profile.
004de729	EOL	Point each surface in the bank at the default jet profile.
004de740	PLATE	Selects the active jet reaction surface from the object's bank selector at +0xec.
004de760	PLATE	Queries one transformed jet sample point, caching terrain clearance, hit position, and accumulated normal.
004de840	PLATE	Transforms all jet samples to world space, samples ground clearance, averages normals, and updates slope metrics.
004de88d	EOL	Transform and sample the next jet contact point.
004de985	EOL	Normalize accumulated normal and derive clearance/slope metrics.
004de9ba	EOL	Use zero/identity fallback when accumulated normal length is too small.
004de9c8	EOL	Scale the accumulated normal vector by inverse length.
004dea13	EOL	Clamp normalized average clearance to 1.0.
004dea60	PLATE	Computes vertical push and pitch/roll torque contributions from active jet reaction samples.
004dedc0	PLATE	Adds accumulated jet force and torque vectors into the object's physics accumulators.
004dee40	PLATE	Allocates per-sample arrays for local/world points, normals, flags, distances, and weights.
004def00	PLATE	Builds a jet .misc table path under data/tables and opens it through the search path.
004df000	PLATE	Loads jet misc tuning fields from a .misc table if present.
004df0f0	PLATE	Writes jet misc tuning fields back to a .misc table.
004df200	PLATE	Builds a named jet profile with fast/slow reaction tables, piecewise curves, and misc tuning.
004df3e0	PLATE	Allocates this surface's sample arrays and copies sample positions, normals, flags, and scale from another surface.
004df470	PLATE	Creates the default and medic global jet profiles used by the reaction surface banks.
004df500	PLATE	Decodes a packed jet reaction surface from a bitstream into sample points, normals, flags, and scale.
004df5c0	PLATE	Loads both packed surfaces for one jet type, replaces old clones, and relinks the profile pointer.
004df690	PLATE	Loads packed jet reaction banks for both profile selectors from one stream.
004df6b0	PLATE	Resamples the piecewise curve to a new uniform point count over its domain.
004df770	PLATE	Returns the stored sample value at a curve index.
004df780	PLATE	Sets the stored sample value at a curve index.
004df7a0	PLATE	Clamps a domain value and returns the nearest uniform sample index.
004df7b0	EOL	Clamp nearest-index search to the first sample.
004df7c7	EOL	Clamp nearest-index search to the last sample.
004df83d	EOL	Round up when the value passes the half-step.
004df850	PLATE	Initializes a uniform piecewise curve over a domain and allocates zeroed sample storage.
004df8f0	PLATE	Builds a curve .pcw table path, opens it through data/tables, and remembers the basename.
004dfa10	PLATE	Writes a curve header and all sample values to an open or newly opened .pcw file.
004dfaa0	PLATE	Reads a curve header/sample count and reloads all point values from a .pcw file.
004dfad4	EOL	No file supplied; open the named .pcw file for reading.
004dfb14	EOL	Read each float sample into the curve value array.
004dfb70	PLATE	Constructs the editable geometry-lists object with vertex, face, and locus/weapon-entity lists.
004dfc30	PLATE	Deep-copies named WeaponEntityInfo/locus records from one list into another.
004dfce0	PLATE	Initializes a face record with empty vertex-reference and 2D-coordinate lists.
004dfd80	PLATE	Destroys a face record's vertex-reference and 2D-coordinate lists.
004dfdc0	PLATE	Returns the number of vertex references held by a face.
004dfdd0	PLATE	Appends a vertex reference and a copied 2D coordinate pair to a face.
004dfe10	PLATE	Returns the vertex reference at a face-local index.
004dfe20	PLATE	Allocates and copies a 16-byte shape vertex record.
004dfe50	PLATE	Builds face-plane axes, projects each 3D vertex into 2D, and recenters the coordinates.
004e0030	PLATE	Allocates an empty face carrying the source face's material/flag header for polygon merge output.
004e00a0	PLATE	Allocates an empty face carrying a temporary polygon header for import/build conversion.
004e0110	PLATE	Appends geometry-list vertices and faces into an editable shape's destination lists.
004e0170	PLATE	Converts a packed shape's arrays into editable vertex, face, UV, and locus lists.
004e01b0	EOL	Copy packed vertices into editable vertex records.
004e0258	EOL	Append each packed face vertex reference and UV pair.
004e0320	PLATE	Packs editable geometry lists into contiguous shape arrays and rebuilds shape bounds/cache.
004e0380	EOL	Copy editable vertices into the packed vertex array.
004e0472	EOL	Write one editable face descriptor and its index/UV runs.
004e04b0	EOL	Map vertex pointers back to packed vertex indices.
004e04f0	EOL	Copy the face's 2D coordinate pairs into the packed UV array.
004e0560	PLATE	Fetches the first three vertex references from a face's vertex list.
004e05a0	PLATE	Frees editable geometry-list vertices, faces, locus list containers, and backing lists.
004e0660	PLATE	Builds a detached editable geometry-lists clone from an existing packed shape.
004e06e0	PLATE	Clears a 4x4 double matrix and sets the diagonal to identity.
004e0740	PLATE	Fills a 4x4 rotation matrix from three Euler angles passed on the stack.
004e0820	PLATE	Multiplies two 4x4 double matrices into the output matrix.
004e0880	PLATE	Rotates a 3D float vector in place around axis selector 1, 2, or 3 by the supplied angle.
004e08c3	EOL	Apply the axis-3 XY-plane vector rotation path.
004e08f5	EOL	Apply the axis-2 XZ-plane vector rotation path.
004e092b	EOL	Apply the axis-1 YZ-plane vector rotation path.
004e0962	EOL	Fallback path writes the cosine value into all vector components.
004e0990	PLATE	Formats and prints a vector as [x,y,z] using the requested decimal precision.
004e0a00	PLATE	Allocates a transform-node pool, initializes the first node to identity, and clears the parent link.
004e0ab0	PLATE	Returns the current transform node to the pool and restores the previous node.
004e0b00	PLATE	Builds a translated transform from a source matrix and pushes it on the stack.
004e0c40	PLATE	Builds and pushes a transform aligned to a 3D segment endpoint pair.
004e1030	PLATE	Builds and pushes an offset segment-aligned transform frame.
004e1550	PLATE	Builds and pushes a pure translation transform from a vector.
004e1800	PLATE	Pops the active transform node and recycles it through the node pool.
004e1840	PLATE	Transforms a 3D point by the current affine matrix including translation.
004e18a0	PLATE	Applies the inverse affine transform to a 3D point.
004e1930	PLATE	Transforms an input 3D point into the caller-provided output vector.
004e1990	PLATE	Transforms a 3D direction vector without applying translation.
004e19f0	PLATE	Returns rand() divided by 9000 for coarse pseudo-random scaling.
004e1a30	PLATE	Builds a 3x3 rotation matrix from quaternion components.
004e1b20	PLATE	Multiplies this 3x3 matrix by another matrix and stores the result in place.
004e1c00	PLATE	Generates a random normalized 3D direction vector.
004e1ca0	PLATE	Builds an orthonormal basis matrix from a forward vector and stores it globally.
004e1e10	PLATE	Computes a single-precision square root through the shared math wrapper.
004e1e80	PLATE	Negates all four components of a quaternion.
004e1eb0	PLATE	Interpolates between two quaternions with normalized spherical blending.
004e20e0	PLATE	Computes a plane equation from three triangle vertices.
004e2170	PLATE	Duplicates the entity name and stores three associated metadata fields.
004e21a0	PLATE	Frees the duplicated name string owned by a weapon entity info record.
004e21b0	PLATE	Frees geometry arrays stored on a model/mesh helper object.
004e21d0	PLATE	Initializes model/entity info storage, transform helper, and metadata list.
004e22c0	PLATE	Stores a model origin and computes the maximum vertex radius from it.
004e2390	PLATE	Builds normalized plane equations for all indexed model faces.
004e24b0	PLATE	Removes and frees a named vector metadata entry from the model info list.
004e24f0	EOL	String comparison found a mismatch while searching named vector metadata.
004e24f5	EOL	Named vector comparison result is ready for removal handling.
004e2530	PLATE	Looks up a named vector metadata entry and copies its 3D value.
004e2568	EOL	String comparison found a mismatch while looking up named vector metadata.
004e256d	EOL	Named vector lookup comparison result is ready for match handling.
004e25a0	PLATE	Replaces a named vector metadata entry with a duplicated name and value.
004e2620	PLATE	Loads default named vectors into fixed model info slots when present.
004e2680	PLATE	Builds cached face/index data from a model info geometry source.
004e26f0	PLATE	Frees model info geometry, metadata lists, transform helpers, and caches.
004e2790	PLATE	Recomputes the model bounding sphere around the origin.
004e27b0	PLATE	Rebuilds model collision planes using the origin as the reference point.
004e27d0	PLATE	Counts enabled mount flags across the per-entity weapon slot table.
004e2840	PLATE	Rebuilds weapon entity info lookup arrays and per-type mount counters.
004e28d0	PLATE	Initializes one weapon mount record with names, ids, timing, and default values.
004e2950	PLATE	Applies hard-coded weapon/entity defaults for a specific entity type.
004e2cd0	PLATE	Registers one entity type in the global weapon/entity info list.
004e2d50	PLATE	Initializes one weapon slot state entry to disabled/default values.
004e2d70	PLATE	Allocates and initializes the per-entity weapon slot table.
004e2e60	PLATE	Initializes global weapon/entity info tables and registers built-in entity types.
004e2f40	PLATE	Sums enabled weapon slot costs for an entity instance.
004e2f90	PLATE	Loads serialized weapon/entity slot state and recomputes mount counters.
004e3100	PLATE	Allocates an array of thirteen default weapon slot state records.
004e3170	PLATE	Returns the registered name for an entity type or a corruption placeholder.
004e31a0	PLATE	Returns the entity-type metadata flag stored at offset 0x22.
004e31c0	PLATE	Attaches model information to an entity and computes its interaction radius.
004e3300	PLATE	Selects model variant data and refreshes the attached model info.
004e3360	PLATE	Stores the entity active/enabled flag byte.
004e3370	PLATE	Trivial entity callback that always returns true.
004e3380	PLATE	Trivial entity callback that performs no work.
004e3390	PLATE	Copies current entity physics state into the interpolation history buffer.
004e33a0	PLATE	Updates spatial-link membership and broadphase bookkeeping for an entity.
004e3450	PLATE	Inserts an object id to value mapping into the hashed OID table.
004e3490	PLATE	Removes an object id mapping from the hashed OID table.
004e34f0	PLATE	Finds the value associated with an object id in the hashed OID table.
004e3530	PLATE	Allocates and initializes hash buckets for the OID table.
004e35e0	PLATE	Reports entries still present in the OID table during shutdown checks.
004e36c0	PLATE	Appends all object ids currently stored in the OID table to a list.
004e3720	PLATE	Initializes an entity object, interpolation state, model hooks, and helper lists.
004e3a30	PLATE	Releases owned entity model, collision, spatial, and helper allocations.
004e3ae0	PLATE	Destroys an entity and optionally frees the object memory.
004e3b00	PLATE	Initializes one entity info record with names, category, radius, and capability flags.
004e3bd0	PLATE	Constructs the global entity type table for units, weapons, structures, and placeholders.
004e4a40	PLATE	Returns true for the primary manned vehicle entity type range.
004e4a60	PLATE	Returns whether an entity pointer refers to a primary manned vehicle type.
004e4a80	PLATE	Loads serialized global scalar fields into every registered entity info record.
004e4ae0	PLATE	Checks whether an entity type is one of the guided weapon/projectile types.
004e4b00	PLATE	Maps a buildable structure index to its entity type id.
004e4b90	PLATE	Counts matching case-insensitive prefix characters between two strings.
004e4be0	PLATE	Returns the entity name for a buildable type index or Unknown.
004e4c10	PLATE	Constructs a named 3D position record with duplicated label text.
004e4c60	PLATE	Frees strings owned by a named position record.
004e4c90	PLATE	Replaces the primary auxiliary string on a named position record.
004e4cc0	PLATE	Replaces the secondary auxiliary string on a named position record.
004e4cf0	PLATE	Reads one byte from a file and updates an optional success flag.
004e4d20	PLATE	Reads a little-endian 16-bit value from a file.
004e4d70	PLATE	Reads a little-endian 32-bit value from a file.
004e4de0	PLATE	Writes one byte to a file and reports success.
004e4e00	PLATE	Writes a little-endian 16-bit value to a file.
004e4e40	PLATE	Writes a little-endian 32-bit value to a file.
004e4e90	PLATE	Initializes a named graph category with an empty graph list.
004e4eb0	PLATE	Loads graph entries and stream counts into a graph category list.
004e4f60	PLATE	Prints a diagnostic dump of graph category titles and stream counts.
004e4fd0	PLATE	Frees graph category name strings, graph entries, and list nodes.
004e5080	PLATE	Clears a compact stream cursor wrapper.
004e5090	PLATE	Stores the backing file/stream pointer for compact serialization.
004e50a0	PLATE	Writes a 3D vector as three quantized integer components.
004e5100	PLATE	Reads a 3D vector from three quantized integer components.
004e5170	PLATE	Reads one quantized integer and converts it to a float.
004e51a0	PLATE	Writes one double value as a quantized integer.
004e51d0	PLATE	Reads one quantized integer and converts it to a double.
004e5200	PLATE	Sets the debug log filter string used by filtered printf output.
004e5210	PLATE	Prints formatted debug text when the configured filter enables it.
004e5270	PLATE	Clears all cached per-source log file slots.
004e52b0	PLATE	Opens or replaces a cached /tmp log file slot for a source path.
004e53a0	PLATE	Returns a cached log file for a source path, evicting the oldest slot if needed.
004e5450	PLATE	Writes timestamped formatted text to a cached per-source debug log file.
004e54d0	PLATE	Recycles active blocks and changes the reusable buffer block size.
004e5520	PLATE	Resets the active block and returns stale blocks to free lists.
004e55d0	PLATE	Initializes a reusable byte-buffer pool with an active block.
004e5670	PLATE	Grows the reusable buffer block size until it can hold the requested capacity.
004e56e0	PLATE	Selects the smallest reusable pool block with enough free object slots.
004e5720	PLATE	Allocates or reuses a block and links its objects into the free list.
004e57b0	PLATE	Allocates one object from a block pool, refilling when necessary.
004e57e0	PLATE	Releases or parks a block depending on pool list state and occupancy.
004e5840	PLATE	Moves a non-current pool block to the reusable block list.
004e5870	PLATE	Constructs a fixed-size object block pool and allocates the first block.
004e5930	PLATE	Frees all blocks and list nodes owned by a fixed-size object block pool.
004e5a20	PLATE	Creates default vehicle physics/info settings for one entity type.
004e5ad0	PLATE	Registers vehicle info for an entity type into the global vehicle info list.
004e5b50	PLATE	Initializes global vehicle info defaults and registers built-in vehicle types.
004e5ce0	PLATE	Loads serialized vehicle info scalar fields for all registered vehicle types.
004e5d90	PLATE	Returns the vehicle info cost/timer field for an entity type.
004e5db0	PLATE	Clears transient model import state fields.
004e5dd0	PLATE	Computes minimum and maximum x/y/z bounds from model vertices.
004e5ec0	PLATE	Builds bounding-box vertices and inertia values from model bounds and mass.
004e6060	PLATE	Recenters model vertices and named vectors around the bounds center.
004e6160	PLATE	Removes a value from the list stored at the object pointer.
004e6170	PLATE	Reads a null-terminated string from a bounded binary blob and allocates a copy.
004e61e0	PLATE	Reads three quantized coordinates from a bounded model blob into a vector.
004e6290	PLATE	Reads face vertex indexes and normalized UV pairs into temporary model tables.
004e63fd	EOL	Abort face UV decoding after a short read or invalid vertex index.
004e6410	PLATE	Reads one model face record, optional material link, and UV metadata.
004e6490	PLATE	Reads a string table from a model blob and builds an optional adapter object.
004e65c0	PLATE	Returns one of nine cached subcell pointers from a map tile.
004e65e0	PLATE	Classifies a point against tile bounds using horizontal and vertical margins.
004e66a0	PLATE	Classifies a point into tile x/y regions without margin expansion.
004e6730	PLATE	Maps x/y cell coordinates into a 3x3 linear index.
004e6740	PLATE	Samples a height value from the tile subcell covering a 2D point.
004e67c0	PLATE	Initializes world map lists, global sentinel state, and cached tile pointers.
004e6880	PLATE	Frees world map lists, map data, tile caches, and temporary arrays.
004e6900	PLATE	Loads model vertices, faces, UV tables, and named vectors from a binary blob.
004e6bb5	EOL	Destroy partial model info after a malformed model blob.
004e6be0	PLATE	Builds the 3x3 tile collision/sample grid for a loaded map image.
004e6d10	PLATE	Loads a named map, initializes its tile grid, and computes map bounds.
004e6f20	PLATE	Clears a timed boolean flag and its active state.
004e6f30	PLATE	Starts a timed flag with a countdown value.
004e6f50	PLATE	Ticks down a timed flag and reports when it expires.
004e6f90	PLATE	Restarts a timed flag with a new countdown value.
004e6fb0	PLATE	Initializes global collision helpers and allocation state.
004e6fd0	PLATE	Builds nearby collision candidates from attached spatial lists and tests them.
004e7120	PLATE	Copies collision contact fields between two entities after a resolved pair test.
004e71b0	PLATE	Tests two active entities for collision and copies contact state on success.
004e7240	PLATE	Scans nearby entities and returns when any collision pair is found.
004e73a3	EOL	Shared fallback collision result path for spatial-neighbor scans.
004e73f0	PLATE	Runs entity collision checks, falling back to spatial-neighbor scans as needed.
004e7480	PLATE	Initializes a timed event object with callback enabled and sentinel time.
004e74a0	PLATE	Inserts a timed event into a queue ordered by due tick.
004e7520	PLATE	Initializes the timed event queue and list storage.
004e7540	PLATE	Removes a timed event from the queue.
004e7550	PLATE	Frees all timed events currently queued.
004e7580	PLATE	Runs and removes all timed events due at or before a given tick.
004e75d0	PLATE	Runs callbacks from the global timed-event callback list.
004e7610	PLATE	Reads one byte from a bounded binary blob.
004e7640	PLATE	Initializes world state lists, counters, map state, and collision helpers.
004e7700	PLATE	Allocates a world state object and initializes holder flags.
004e7770	PLATE	Stores pending map load parameters and duplicates the map name.
004e77c0	PLATE	Resets world-state holder flags to their default enabled state.
004e77d0	PLATE	Allocates and initializes the global world-state holder.
004e7840	PLATE	Ensures a pointer array has capacity for a source list and resets its count.
004e78b0	PLATE	Recomputes cached spatial bounds for entities marked for broadphase updates.
004e7bb0	PLATE	Initializes spatial list bookkeeping and child list storage.
004e7c20	PLATE	Appends or reuses a spatial list node for an entity/reference value.
004e7c80	PLATE	Unlinks a node from a spatial doubly linked list.
004e7cd0	PLATE	Recursively clears entity visit marks in a spatial tree.
004e7d30	PLATE	Advances the spatial-tree visit token, clearing marks when it wraps.
004e7d60	PLATE	Builds broadphase bounds for an entity from position, radius, and collision extents.
004e7e70	PLATE	Links an entity-owned spatial node into the index list and records it on the entity.
004e7e90	PLATE	Unlinks and frees the entity's spatial index node if one is attached.
004e7ed0	PLATE	Initializes a spatial tree node with empty membership lists and default bounds counters.
004e7f00	PLATE	Clears the spatial node membership list without destroying the node itself.
004e7f10	PLATE	Adds an entity to a spatial node list and records the node back-reference on the entity.
004e7ff0	PLATE	Recursively gathers active entities whose spatial bounds intersect a radius query.
004e8220	PLATE	Runs a callback for each entity collected by a radius query against the spatial index.
004e8310	PLATE	Recursively inserts an entity bounds record into the appropriate spatial tree nodes.
004e8500	PLATE	Recursively frees all child nodes hanging from a spatial tree node.
004e8570	PLATE	Moves each entity back-reference in a node list to a replacement value/list tail.
004e8630	PLATE	Prepends entity back-references to a destination list and queues nodes that may need splitting.
004e8750	PLATE	Stores the entity collision group or owner identifier used by spatial queries.
004e8760	PLATE	Initializes the global spatial root from the loaded map bounds.
004e8850	PLATE	Removes an entity from every spatial node membership list and clears its back-references.
004e8920	PLATE	Adds an entity to the spatial index when its type flags allow broadphase participation.
004e8970	PLATE	Reinserts entities from a collapsed child node back into the parent spatial tree.
004e8a00	PLATE	Collapses sparse spatial tree children and redistributes their entities upward.
004e8b40	PLATE	Splits a crowded spatial node into child quadrants and redistributes entity memberships.
004e8e90	PLATE	Destroys the global spatial index and frees all child tree nodes.
004e8f30	PLATE	Processes queued spatial splits, refreshes bounds, and periodically collapses sparse nodes.
004e9030	PLATE	Rebuilds the global spatial index root from the active map.
004e90c0	PLATE	Initializes the linked lists that make up one deferred callback queue lane.
004e9150	PLATE	Constructs the three-lane deferred callback queue and resets its processing state.
004e9220	PLATE	Runs cleanup callbacks for deferred entries and frees their queue nodes.
004e9270	PLATE	Runs pending-entry predicates and moves entries to active or deferred lanes based on result.
004e9330	PLATE	Runs active-entry update callbacks and moves entries to pending or deferred lanes based on result.
004e93c0	PLATE	Advances active, pending, and deferred callback queue lanes for one tick.
004e93e0	PLATE	Destroys all callback queue lanes, invoking cleanup callbacks before freeing nodes.
004e9590	PLATE	Constructs a default vehicle model record with the Vehicle_Model vtable and invalid id.
004e95b0	PLATE	Runs initialization hooks for every registered global vehicle model.
004e9600	PLATE	Finds a registered vehicle model by its numeric model id.
004e9630	PLATE	Runs the resource-loading virtual method for every registered vehicle model.
004e9660	PLATE	Looks up a loaded shape/model pair by its registry name.
004e96c0	PLATE	Loads one packed shape blob, including string data, model info records, and lookup metadata.
004e97a0	PLATE	Clones model-info arrays and rebuilds collision plane data for the duplicated shape.
004e9990	PLATE	Opens the shapes archive and loads each shape blob into the global registry list.
004e9b10	PLATE	Initializes the global shape registry, loads shapes, and builds name lookups.
004e9c30	PLATE	Constructs the global object-attachment handler registry.
004e9cb0	PLATE	Captures entity, vector, and current transform state for an object attachment operation.
004e9d20	PLATE	Clears cached attachment pointers and state flags on an object-attachment link.
004e9d40	PLATE	Captures two attachment contexts with a default up-vector offset and marks the link active.
004e9da0	PLATE	Captures two attachment contexts and stores an explicit offset vector for the link.
004e9e00	PLATE	Stores the source and target attachment slot identifiers for both link endpoints.
004e9e30	PLATE	Applies the primary object-attachment transform path to the linked target.
004e9e50	PLATE	Destroys and frees the global object-attachment handler registry.
004e9e80	PLATE	Writes one map-state entity record using the caller's current entity and output file context.
004e9f70	PLATE	Maps a cargo subtype save token to its numeric cargo kind.
004ea090	PLATE	Maps a numeric cargo kind back to its one-character save token.
004ea150	PLATE	Maps an entity type id to the one-character map-state save token.
004ea2c0	PLATE	Maps a one-character map-state save token to an entity type id.
004ea520	PLATE	Returns a decoration name from a list by index, or NOTFOUND if out of range.
004ea540	PLATE	Writes all active map-state entities to maps/<map>/mapstates/<state>.
004ea658	EOL	Advance to the next entity in the map-state save list.
004ea6ea	EOL	Save a cargo entity using its cargo subtype token.
004ea71c	EOL	Write the formatted map-state entity record.
004ea780	PLATE	Finds the index of a decoration name in the map-state decoration-name list.
004ea7e0	PLATE	Parses one map-state entity line and constructs the corresponding entity instance.
004ea8c9	EOL	Common path after a map-state entity line parsed successfully.
004eab70	PLATE	Reads the next non-comment map-state line and parses it into an entity.
004eac00	PLATE	Loads a named or random map-state file and appends parsed entities to the destination list.
004ead25	EOL	Return failure after no usable map-state file or entity was loaded.
004eae70	PLATE	Stores game-clock time, local timer value, and running state.
004eae90	PLATE	Returns whether the game-clock state is currently running.
004eaea0	PLATE	Clears game-clock counters and marks the clock state running by default.
004eaec0	PLATE	Initializes one quad face entry and its vertex/UV/collision bookkeeping in a model-info object.
004eaf60	PLATE	Initializes model physics/bounds storage with identity axes and zeroed vectors.
004eafd0	PLATE	Allocates a model-info object and backing arrays for vertices, faces, indices, and UVs.
004eb0c0	PLATE	Builds a simple box model-info fallback and computes collision planes for it.
004eb2c0	PLATE	Resolves entity-info shape names through the shape registry, creates fallback boxes, and builds physics bounds.
004eb46b	EOL	Shape has no extra model clone; clear the secondary model pointer.
004eb5d0	PLATE	Stores a pairwise object-attachment handler for two entity type ids.
004eb610	PLATE	Initializes the pairwise object-attachment dispatch table with a default handler.
004eb670	PLATE	Frees the object-attachment dispatch table backing array.
004eb680	PLATE	Swaps the two captured object-attachment contexts in a context pair.
004eb6d0	PLATE	Chooses and invokes the pairwise object-attachment handler for two captured contexts.
004eb7a0	PLATE	Clears pending attach-event flags, cooldowns, and cached position data.
004eb7e0	PLATE	Marks that an attachment-related event is pending.
004eb7f0	PLATE	Marks a pending attachment event that should use the cargo/strong effect path.
004eb800	PLATE	Applies probability and cooldown rules to choose a transient attachment effect id.
004eb920	PLATE	Reads a NUL-terminated string from a bounded buffer and returns an allocated copy.
004eb9a0	PLATE	Duplicates a path, strips leading ./, and converts forward slashes to backslashes.
004eb9b9	EOL	Duplicate the path after optional leading ./ or .\\ removal.
004eb9d0	EOL	Convert forward slashes to backslashes in the duplicated path.
004eb9f0	PLATE	Constructs a named resource archive descriptor with empty directory-entry lists.
004eba80	PLATE	Constructs a resource archive descriptor that already owns open data and directory files.
004ebb20	PLATE	Stores archive data and directory offsets on a resource archive descriptor.
004ebb40	PLATE	Closes archive data/directory files and destroys the directory-entry list.
004ebb70	PLATE	Appends one directory entry descriptor to a resource archive.
004ebba0	PLATE	Serializes archive directory entries into a contiguous table with adjusted offsets.
004ebc20	PLATE	Constructs an empty search-path directory list.
004ebca0	PLATE	No-op destructor placeholder for a search-path object.
004ebcb0	PLATE	Adds a duplicated directory string to the search-path list.
004ebcd0	PLATE	Rebuilds search-path entries by prefixing each relative directory with a base path.
004ebd2e	EOL	Prefix a path that already begins with dot or slash.
004ebdc0	PLATE	Prints the configured search-path hunt directories for diagnostics.
004ebe20	PLATE	Returns the first full path whose directory plus relative name exists.
004ebf20	PLATE	Reads an already open binary file into an allocated memory buffer.
004ebfc0	PLATE	Reads a binary file from a specific directory into an allocated memory buffer.
004ec06b	EOL	Common cleanup path after attempting to read a directory-relative file.
004ec0b0	PLATE	Opens the first matching relative file found in a search-path directory list.
004ec100	EOL	Iterate the next search directory candidate.
004ec1b3	EOL	Release the path buffer and return NULL after exhausting search paths.
004ec1da	EOL	Store matched directory if requested and return the opened FILE.
004ec210	PLATE	Logs a missing-search-path diagnostic for a requested relative file.
004ec240	PLATE	Opens matching .dat and .dir archive sidecar files through the search path.
004ec3b0	PLATE	Opens a .zip archive file through the search path.
004ec468	EOL	Mark .zip archive open failure after no search-path match.
004ec4a0	PLATE	Opens a relative file through the search path using the requested fopen mode.
004ec5f0	PLATE	Returns the normalized full path of the first readable search-path match.
004ec730	PLATE	Walks mounted resource/archive entries and returns the first path match.
004ec780	PLATE	Builds a list of non-dot directory entries with file/directory type flags from stat.
004ec920	PLATE	Replaces the archive entry list by parsing a NUL-terminated index buffer with two big-endian fields per entry.
004ec9b5	EOL	Shared malformed-index failure exit.
004eca6c	EOL	Successful parse exit after consuming entries.
004eca90	PLATE	Reads an archive index buffer, parses it into the archive object, frees the buffer, and returns success.
004ecae0	PLATE	Opens or reuses a named .dat resource archive, loads its index, and records its archive path.
004ecc50	PLATE	Returns the sound-name table entry for a valid sound id or invalid sound.
004ecc70	PLATE	Linear-searches the sound-name table and returns the matching sound id or -1.
004eccb0	PLATE	Initializes a config binding registry object with vtable, flags, and backing list.
004eccd0	PLATE	Skips leading slashes, extracts the next slash-delimited path segment, and advances the cursor.
004ecd40	PLATE	Adds an integer config binding record to the registry list.
004ecd80	PLATE	Adds a boolean config binding record to the registry list.
004ecdc0	PLATE	Adds a floating-point config binding record to the registry list.
004ece00	PLATE	Adds a string config binding record to the registry list.
004ece40	PLATE	Finds a registered config binding by exact name comparison.
004ece77	EOL	Bytewise name comparison found a mismatch.
004ece7c	EOL	Tests comparison result before returning or advancing.
004ece90	PLATE	Converts a parsed float value to an integer typed value only when the conversion is exact.
004ecee0	PLATE	Writes a parsed typed value into the target storage for a config binding.
004ecf3c	EOL	Dispatch table for applying config value types 0..3.
004ecf50	PLATE	Maps config parse/binding error codes to diagnostic strings.
004ecfb0	PLATE	Finds a config binding and formats its current value as an allocated string.
004ed09d	EOL	Converts the chunk buffer to the returned value string.
004ed0d2	EOL	Frees formatting buffer and returns an unknown-error code.
004ed0fc	EOL	Dispatch table for formatting config value types 0..4.
004ed110	PLATE	Constructs a command descriptor with duplicated name and zeroed argument-spec array.
004ed170	PLATE	Allocates a command descriptor, records callback/argument metadata, and appends it to the command list.
004ed1ab	EOL	Argument count normalized; allocate command descriptor.
004ed206	EOL	Descriptor initialized; append it to the registry list.
004ed230	PLATE	Initializes a command context with primary/secondary chunk buffers and cleared status fields.
004ed2a0	PLATE	Appends text to the command context primary output buffer.
004ed2b0	PLATE	Appends text to the command context secondary buffer and marks it present.
004ed2d0	PLATE	Formats a command/config argument type mask as a human-readable type list.
004ed430	PLATE	Appends a not-enough or too-many-arguments error to a command context.
004ed4a0	PLATE	Reads the next printable whitespace-delimited token into the shared command token buffer.
004ed515	EOL	Terminate the shared command token buffer and return parser state.
004ed540	PLATE	Finds a registered command descriptor by exact command name.
004ed577	EOL	Command-name comparison found a mismatch.
004ed590	PLATE	Duplicates a type name, lowercases it, and converts whitespace to underscores.
004ed5f0	PLATE	Duplicates a string while lowercasing ASCII uppercase characters.
004ed640	PLATE	Resolves a slash-delimited config binding path through nested config registries.
004ed720	PLATE	Parses a numeric config/command value into a real typed value.
004ed7c0	PLATE	Parses a quoted string value with backslash escaping.
004ed920	PLATE	Parses an unquoted token as true/false when possible or as a string otherwise.
004ed9ff	EOL	Create a boolean or string value for the parsed bare token.
004eda3d	EOL	Bare config token matched true/t.
004eda5d	EOL	Bare config token matched false/f.
004edab0	PLATE	Writes config bindings recursively, emitting section headers for nested registries.
004edb70	PLATE	Saves config bindings to a file under the first writable search-path directory.
004edc70	PLATE	Frees a command context, its parsed value array, and its output buffers.
004edd30	PLATE	Frees an array of parsed command/config values, including owned strings.
004edd70	PLATE	Checks one parsed command argument against its allowed type mask and builds a mismatch error.
004ede41	EOL	Parsed command argument type satisfies the descriptor mask.
004edf30	PLATE	Finds a config binding, coerces the parsed value if needed, writes it, and runs its callback.
004edfb0	PLATE	Parses the next command/config argument as a number, string, boolean, or bare token.
004ee0c0	PLATE	Parses a command line, validates arguments, calls the command handler, and returns its context.
004ee252	EOL	All command arguments have been parsed or parsing has ended.
004ee390	PLATE	Loads a config file through the search path and applies each binding assignment line.
004ee640	PLATE	Clears tracked debug vectors for every registered debug-view entry.
004ee720	PLATE	Dequeues one pending texture-stream request from the ring queue and marks it claimed.
004ee850	PLATE	Constructs the texture streaming manager lock, worker thread, and synchronization events.
004ee8c0	PLATE	Initializes texture-stream request queues and starts the streaming worker thread.
004ee970	PLATE	Signals the texture streaming worker to stop and waits for it to exit.
004ee9c0	PLATE	Destroys the texture streaming manager and its lock/event resources.
004eea20	PLATE	Allocates and queues one asynchronous texture-stream request.
004eeae0	PLATE	Stores completion data on a texture-stream request unless the worker already claimed it.
004eeb30	PLATE	Returns the stored request error code when the request is in the error state.
004eeb70	PLATE	Frees a texture-stream request under the stream manager lock.
004eeba0	PLATE	Stops and destroys the global texture streaming manager if it exists.
004eebe0	PLATE	Generates the next universal-RNG float in the range 0..1.
004eeca0	PLATE	Initializes the universal random-number generator state table from four seeds.
004ef030	PLATE	Seeds the universal random-number generator from a supplied or time-derived seed.
004ef110	PLATE	Generates a Gaussian-distributed random value from the universal RNG.
004ef160	PLATE	Updates heightfield origin, spacing, inverse spacing, and min/max height metrics.
004ef240	PLATE	Samples terrain height at world X/Y coordinates using bilinear interpolation.
004ef370	PLATE	Recursively fills terrain heightfield cells using diamond-square noise.
004ef590	PLATE	Generates fractal terrain heights, clears border cells, and refreshes heightfield metrics.
004ef6f0	PLATE	Allocates a zeroed terrain heightfield grid and initializes its dimensions and spacing.
004ef7e0	PLATE	Loads maps/<map>/land into a terrain heightfield and optional tile-id array.
004efa01	EOL	Land file parse failed; print diagnostic and clean up.
004efa36	EOL	Caller did not request terrain ids, so discard the temporary id array before success return.
004efaa0	PLATE	Finds the nearest entity hit along the active world trace segment.
004efca0	PLATE	Recursively traces the active segment through spatial tree nodes and entity bounds.
004efed0	PLATE	Descends to the spatial leaf for the trace start point and tests entities there.
004eff30	PLATE	Initializes global trace state and checks entities along a point or segment trace.
004f0010	PLATE	Converts world coordinates to clamped terrain cell indices.
004f0070	PLATE	Computes normals for the first diagonal orientation of a terrain grid cell.
004f0200	PLATE	Computes normals for the second diagonal orientation of a terrain grid cell.
004f0390	PLATE	Stores trace-hit position, normal, entity, and flags in a hit record.
004f03d0	PLATE	Tests whether a candidate hit point lies inside a terrain cell triangle.
004f0540	PLATE	Tests a segment against the two terrain triangles in one heightfield cell.
004f06e4	EOL	Normalize first-triangle plane normal and store the terrain hit.
004f08c0	PLATE	Walks terrain grid cells along a segment and returns the first terrain hit.
004f0a6d	EOL	Advance the grid walk along the Y axis.
004f0a90	EOL	Advance the grid walk along the X axis.
004f0afc	EOL	Four-entry switch table choosing X/Y advance comparison mode.
004f0b10	PLATE	Traces a segment through each crossed map tile heightfield and returns the first terrain hit.
004f0c20	PLATE	Traces against terrain and entities, returning whichever hit is nearest to the start point.
004f0d74	EOL	Terrain hit is nearer than the entity hit or is the only hit.
004f0da0	PLATE	Wraps an angle into the normal cycle range, falling back to zero for invalid extremes.
004f0e40	PLATE	Frees entity-owned physics/model buffers and clears their pointers.
004f0e80	PLATE	Initializes an entity physics-state record with zeroed vectors and invalid contact id.
004f0ee0	PLATE	Initializes the entity transform history/current snapshot fields.
004f0f40	PLATE	Applies a scaled negative pitch-rate adjustment to an entity physics state.
004f0f60	PLATE	Applies a scaled positive pitch-rate adjustment to an entity physics state.
004f0f80	PLATE	Clears a world trace hit/result record and all cached contact fields.
004f0fd0	PLATE	Returns a randomized inertia denominator using the entity's model physics values.
004f10c0	PLATE	Integrates position and velocity vectors over a time step with optional acceleration.
004f1150	PLATE	Builds a 3x3 rotation matrix from an axis-angle vector.
004f12c0	PLATE	Applies angular velocity to an orientation matrix and returns the wrapped Euler angles.
004f14a0	PLATE	Substeps entity angular motion, adding damping or control acceleration when enabled.
004f1600	PLATE	Returns a random model-radius-scaled displacement for entity sleep heuristics.
004f16c0	PLATE	Returns a collision response factor for contacts involving manned vehicles.
004f1716	EOL	No manned-vehicle override; return the default response factor.
004f1720	PLATE	Returns a randomized response factor when only one side of a contact has an entity.
004f17e0	PLATE	Stores a shared contact inertia factor on both participating entities.
004f1870	PLATE	Returns the damping factor for contacts involving piloted manned vehicles.
004f18f0	PLATE	Applies accumulated linear and angular impulses to an entity physics state and clears them.
004f1970	PLATE	Computes cross(cross(a,b),a), used for contact inertia calculations.
004f1a10	PLATE	Computes an entity's effective inverse mass at a contact point along a contact normal.
004f1b20	PLATE	Applies a collision impulse to one entity, accumulating linear and angular velocity deltas.
004f1d00	PLATE	Computes and applies a paired collision impulse between two entity physics records.
004f1ea0	PLATE	Returns the Manhattan distance between two 3D vectors.
004f1f40	PLATE	Builds forward axes from two Euler rotations and returns a rotation difference metric.
004f2040	PLATE	Zeros dynamic motion, moves the entity to the sleeping spatial list, and snapshots physics state.
004f2130	PLATE	Wakes a sleeping entity and copies current position/rotation into its interpolation snapshot.
004f21c0	PLATE	Computes the global interpolation/sleep factor used by entity sleep heuristics.
004f2210	PLATE	Checks movement thresholds to sleep an entity or refresh its awake interpolation snapshot.
004f235f	EOL	Refresh the entity snapshot after failing or skipping the sleep transition.
004f2380	PLATE	Interpolates a vector over the fixed-tick denominator used by prediction snapshots.
004f23d0	PLATE	Integrates Euler rotation over the fixed-tick denominator using a temporary rotation matrix.
004f2440	PLATE	Constructs entity physics, transform history, contact buffers, and model physics storage.
004f2570	PLATE	Accumulates world-space linear and angular impulse components into velocity deltas.
004f27a0	PLATE	Integrates linear position and velocity with optional damping/control acceleration.
004f2890	PLATE	Advances entity physics position and rotation over one time step.
004f2940	PLATE	Computes linear plus angular velocity at a world-space contact point.
004f2aa0	PLATE	Computes relative velocity and normal speed for a contact pair.
004f2b40	PLATE	Iteratively separates and dampens a collision contact between two entities.
004f2b6b	EOL	Contact entities reordered so owner/opponent impulse signs are consistent.
004f2bd5	EOL	Start normal-impulse separation loop for general contacts.
004f2d0e	EOL	Apply pilot damping and final pending impulses after separation.
004f2de0	PLATE	Wakes an entity if accumulated motion or impulse exceeds idle thresholds.
004f2ea0	PLATE	Cycles through cached contacts and resolves the first contact that applies to an entity pair.
004f2f20	PLATE	Resolves a special contact using the same impulse loop with alternate thresholds.
004f2f4b	EOL	Special-contact entity order selected.
004f2fa4	EOL	Start alternate-threshold impulse loop for special contacts.
004f31a0	PLATE	Scans all cached contacts for a special collision resolution between two entities.
004f31f0	PLATE	Processes one entity contact pair, tries cached contacts, and updates sleep/wake state.
004f32b8	EOL	Type 0x0d entity path resolves special contacts first.
004f330b	EOL	Update sleep/wake state for both entities after contact resolution.
004f3340	PLATE	Writes ZIP central-directory entries and the end-of-central-directory record.
004f3390	EOL	Build and write one central-directory file header.
004f34b2	EOL	Build and write ZIP end-of-central-directory record.
004f3570	PLATE	Writes ZIP local file headers and file data while building central-directory metadata.
004f35f7	EOL	Build and write one local file header plus payload.
004f3743	EOL	Free chunk buffer after resource list is exhausted.
004f3770	PLATE	Reads one ZIP central-directory entry and returns its name, local offset, and size.
004f3840	PLATE	Seeks to the ZIP central directory and builds a list of directory entries.
004f38e0	PLATE	Reads the ZIP end record and loads its central-directory entry list.
004f39a0	PLATE	Opens a .zip resource archive through the search path and loads its directory list.
004f39e8	EOL	Log missing archive and return null.
004f3a0e	EOL	Allocate archive object after SearchPath open succeeds.
004f3a36	EOL	Load central directory and attach the FILE handle.
004f3a53	EOL	Initialize temporary path/chunk state before writing the zip archive.
004f3a70	PLATE	Writes a resource archive as an uncompressed .zip file with local headers and central directory.
004f3afa	EOL	Failed to open the output zip file for writing.
004f3bd0	PLATE	Intersects an unbounded line segment direction with a plane and writes the hit point.
004f3c1a	EOL	Reject nearly parallel line/plane intersection.
004f3c70	PLATE	Intersects a finite segment with a plane when the hit parameter lies in 0..1.
004f3cd1	EOL	Segment-plane intersection parameter is in range.
004f3d20	PLATE	Tests whether a segment intersects a sphere by checking the closest plane-projected point.
004f3de0	EOL	Check squared distance from sphere center to projected segment point.
004f3e20	PLATE	Computes closest-approach parameters for two 3D lines or segments.
004f3fa0	PLATE	Thunk to the closest-approach parameter solver for two 3D lines.
004f3fb0	PLATE	Traces a vertical terrain ray and returns the hit height when both hit flags are set.
004f4040	PLATE	Recursively collects vertex indices referenced by BSP node face lists.
004f4100	PLATE	Builds a usable plane for a face by trying successive vertex triples.
004f41d0	PLATE	Classifies one face against another face plane for BSP partitioning.
004f442a	EOL	Face vertex lies on or in front of the classification plane.
004f442e	EOL	Face vertex lies on or behind the classification plane.
004f44a0	PLATE	Counts candidate faces that would split against the active BSP plane.
004f44e0	PLATE	Chooses a BSP split face, optionally sampling candidates to minimize splits.
004f4524	EOL	Candidate sample count has been clamped for split-face selection.
004f45a0	PLATE	Converts a temporary polygon buffer into a shape face when it is valid and non-degenerate.
004f4670	PLATE	Debug-checks for duplicate vertex pointers inside a face vertex list.
004f4720	PLATE	Runs duplicate-vertex diagnostics over all vertices in a face.
004f4770	PLATE	Queues vertex references that are shared between two classification lists.
004f47c0	PLATE	Returns the index of a value in a list.
004f47e0	PLATE	Remaps a face's vertex references through a vertex-index lookup list.
004f4820	PLATE	Recursively remaps BSP node face vertex references and tracks the highest node id.
004f4890	PLATE	Computes min and max 3D bounds for the vertices in one shape face.
004f4980	PLATE	Expands 3D min/max bounds by two points.
004f4a70	PLATE	Stores a BSP node center point from min/max bounds and records a random priority value.
004f4b00	PLATE	Expands aggregate bounds by the bounds of a referenced child face.
004f4bf0	PLATE	Recursively computes BSP node bounds from faces and child nodes, then stores the center.
004f4d90	PLATE	Builds face center/radius arrays for a shape BSP and computes root bounds.
004f4ec0	PLATE	Splits a face polygon by a plane, creating intersection vertices and UVs for each side.
004f5240	PLATE	Splits one shape face by a plane and returns optional front/back replacement faces.
004f5370	PLATE	Splits a face and queues resulting front/back faces for BSP construction.
004f54b0	PLATE	Partitions candidate faces into front, back, coplanar, and split lists for a BSP node.
004f54f0	EOL	Dispatch classification result into BSP partition lists.
004f5570	PLATE	Recursively builds a shape BSP node from face lists and split-plane choices.
004f56f0	PLATE	Builds a complete BSP tree, remaps vertex references, allocates bounds arrays, and computes centers.
004f5820	PLATE	Converts model geometry to editable lists, rebuilds its BSP/collision model, and repacks it.
004f58a7	EOL	Begin BSP rebuild after duplicate-face diagnostics.
004f59a0	PLATE	Allocates a bucketed string hash table with optional string ownership.
004f5a00	PLATE	Inserts a string key and payload into a hash bucket, ordered by entry priority.
004f5aa0	PLATE	Finds a string key in the hash table and returns its associated payload.
004f5afd	EOL	String hash table key comparison completed.
004f5b30	PLATE	Builds an index-to-payload map by resolving each list name through a string hash table.
004f5bd0	PLATE	Returns a mapped payload for a valid index when that index resolved successfully.
004f5c00	PLATE	Constructs an empty integer index list.
004f5c80	PLATE	Finds an integer in the index list or appends it and returns the assigned index.
004f5cb0	PLATE	Finds an integer in the index list and returns its index if present.
004f5ce0	PLATE	Serializes index-list entries as callback-provided NUL-terminated strings.
004f5d30	PLATE	Frees owned strings in a list, destroys the list, and frees the list object.
004f5d70	PLATE	Destroys and frees the backing list owned by an index-list wrapper.
004f5d90	PLATE	Formats a string into a heap buffer, growing the buffer until vsnprintf fits.
004f5e10	PLATE	Computes a normalized triangle normal and accumulates it into the active terrain-normal sum.
004f5e10	REPEATABLE	Computes a normalized triangle normal and accumulates it into the active terrain-normal sum.
004f5f40	PLATE	Walks heightfield cells in a tile range and accumulates normals for both triangles of each cell.
004f5f40	REPEATABLE	Walks heightfield cells in a tile range and accumulates normals for both triangles of each cell.
004f6142	PRE	Advance to the next terrain-normal heightfield cell.
004f61b0	PLATE	Classifies map tiles over a footprint, averages accumulated terrain normals, and returns a normalized result.
004f61b0	REPEATABLE	Classifies map tiles over a footprint, averages accumulated terrain normals, and returns a normalized result.
004f62cd	PRE	Normalize the accumulated terrain-normal average before returning.
004f6330	PLATE	Builds a square footprint around a point/radius and samples the averaged terrain normal for relief rendering and placement.
004f6330	REPEATABLE	Builds a square footprint around a point/radius and samples the averaged terrain normal for relief rendering and placement.
004f63a0	PLATE	Initializes the base vehicle instance object and installs the base vtable/default state.
004f63a0	REPEATABLE	Initializes the base vehicle instance object and installs the base vtable/default state.
004f63c0	PLATE	Links a vehicle instance to its entity/type info and resolves the model definition with a fallback model.
004f63c0	REPEATABLE	Links a vehicle instance to its entity/type info and resolves the model definition with a fallback model.
004f6400	PLATE	Stores the selected vehicle variant field and calls the associated vehicle model initializer.
004f6400	REPEATABLE	Stores the selected vehicle variant field and calls the associated vehicle model initializer.
004f6414	PRE	Dispatch to the model-specific vehicle initializer.
004f6420	PLATE	Divides a tuning slot scalar by a runtime divisor and clamps the result to the normalized control range.
004f6420	REPEATABLE	Divides a tuning slot scalar by a runtime divisor and clamps the result to the normalized control range.
004f6480	PLATE	Releases the allocated vehicle tuning slot table.
004f6480	REPEATABLE	Releases the allocated vehicle tuning slot table.
004f6490	PLATE	Fetches a tuning slot by index and returns its divisor-scaled clamped value.
004f6490	REPEATABLE	Fetches a tuning slot by index and returns its divisor-scaled clamped value.
004f64b0	PLATE	Returns the current floating-point value stored in a vehicle tuning slot.
004f64b0	REPEATABLE	Returns the current floating-point value stored in a vehicle tuning slot.
004f64c0	PLATE	Stores the current floating-point value for a vehicle tuning slot.
004f64c0	REPEATABLE	Stores the current floating-point value for a vehicle tuning slot.
004f64e0	PLATE	Stores the scale/limit field used when normalizing a vehicle tuning slot.
004f64e0	REPEATABLE	Stores the scale/limit field used when normalizing a vehicle tuning slot.
004f6500	PLATE	Clears the multi-channel vehicle control history buffer and resets its record counters.
004f6500	REPEATABLE	Clears the multi-channel vehicle control history buffer and resets its record counters.
004f65f0	PLATE	Zeros one vehicle control-history sample record.
004f65f0	REPEATABLE	Zeros one vehicle control-history sample record.
004f6610	PLATE	Allocates and initializes the fixed set of vehicle control-history sample records.
004f6610	REPEATABLE	Allocates and initializes the fixed set of vehicle control-history sample records.
004f6674	PRE	Vehicle control-history allocation and record construction completed.
004f6690	PLATE	Initializes the medic vehicle tuning profile with default movement, altitude, gravity, and fuel thresholds.
004f6690	REPEATABLE	Initializes the medic vehicle tuning profile with default movement, altitude, gravity, and fuel thresholds.
004f6710	PLATE	Registers the medic vehicle tuning fields with the configuration binding system.
004f6710	REPEATABLE	Registers the medic vehicle tuning fields with the configuration binding system.
004f67c0	PLATE	Writes the medic vehicle tuning profile to a stream using compact quantized floating-point fields.
004f67c0	REPEATABLE	Writes the medic vehicle tuning profile to a stream using compact quantized floating-point fields.
004f6860	PLATE	Reads the compact medic vehicle tuning profile fields from a stream.
004f6860	REPEATABLE	Reads the compact medic vehicle tuning profile fields from a stream.
004f6900	PLATE	Projects entity velocity into vehicle orientation space and caches the forward-speed component.
004f6900	REPEATABLE	Projects entity velocity into vehicle orientation space and caches the forward-speed component.
004f6950	PLATE	Refreshes medic vehicle movement/control scale factors from tuning slots and current runtime divisors.
004f6950	REPEATABLE	Refreshes medic vehicle movement/control scale factors from tuning slots and current runtime divisors.
004f6a35	PRE	Update each medic movement-control tuning slot scale.
004f6b30	PLATE	Updates the medic lift/hover threshold from tuning data and pushes related limits into the model physics state.
004f6b30	REPEATABLE	Updates the medic lift/hover threshold from tuning data and pushes related limits into the model physics state.
004f6bb3	PRE	Apply the computed lift threshold to cached medic vehicle fields.
004f6bc0	PLATE	Computes medic vehicle thrust/altitude limiter multipliers from speed, fuel, altitude, and tuning thresholds.
004f6bc0	REPEATABLE	Computes medic vehicle thrust/altitude limiter multipliers from speed, fuel, altitude, and tuning thresholds.
004f6d30	PLATE	Samples the medic control feedback curve and writes the scaled response into the entity physics control slot.
004f6d30	REPEATABLE	Samples the medic control feedback curve and writes the scaled response into the entity physics control slot.
004f6dca	PRE	Store the scaled curve response into the physics control array.
004f6e00	PLATE	Constructs a medic vehicle instance and installs the medic-specific vehicle vtable.
004f6e00	REPEATABLE	Constructs a medic vehicle instance and installs the medic-specific vehicle vtable.
004f6e20	PLATE	Caches medic attach/fx thresholds for the current vehicle type after the base cleanup placeholder.
004f6e20	REPEATABLE	Caches medic attach/fx thresholds for the current vehicle type after the base cleanup placeholder.
004f6e50	PLATE	Allocates, initializes, and registers the medic vehicle model definition.
004f6e50	REPEATABLE	Allocates, initializes, and registers the medic vehicle model definition.
004f6ed0	PLATE	Computes thrust and lift force vectors from the vehicle's control inputs and surface state, clamps them, and accumulates them into the controlled object's linear and angular velocity.
004f7200	PLATE	Runs one physics update step for the medic vehicle, refreshing control scales and thrust limiters, updating the jet reaction surface, and applying the resulting thrust and lift forces to the controlled object.
004f7360	PLATE	Zero-initializes all fields of a Kudos_Proto message structure.
004f7380	PLATE	Populates a Kudos_Proto request message by freeing any old string fields, copying the account ids, points, and endorsement flag, and duplicating the destination-account-name and source strings.
004f7420	PLATE	Reads a Kudos_Proto message from a byte stream, decoding the message type and the corresponding account ids, points, strings, and flags for that type.
004f7510	PLATE	Writes a Kudos_Proto message to a byte stream, encoding the message type and the corresponding account ids, points, strings, and flags for that type.
004f75d0	PLATE	Prints the fields of a Kudos_Proto message to stdout, formatted according to the message type.
004f76d0	PLATE	Frees and nulls the two heap-allocated string fields of a Kudos_Proto message.
004f7710	PLATE	Builds a Kudos_Proto request addressed by destination account id with no destination name string.
004f7740	PLATE	Builds a Kudos_Proto request addressed by destination account name with a zero destination account id.
004f7770	PLATE	Computes a point offset from a start position toward a target position by a fixed global distance along the normalized direction.
004f77f0	PLATE	Computes a projectile's muzzle origin and randomized aim direction from the firing entity's orientation toward a target, then traces the shot against terrain and entities.
004f7e00	PLATE	Aborts the process with an assertion-failure message if the passed value is zero.
004f7e40	PLATE	Prints a "kassert violation" message and flushes the standard output streams when the passed value is zero.
004f7e80	PLATE	Asserts that the entity is referenced as either the head or a specific slot of its owner's linked list.
004f7ed0	PLATE	Allocates and constructs a 1024-byte reusable buffer and stores its pointer at offset 0x7c of the given object.
004f7f40	PLATE	Resets the reusable buffer and allocates an array of 30 fixed-size sub-objects, then stores a rate factor derived from the given period.
004f7fe0	PLATE	Removes the entity from its owner's linked list by clearing the matching slot and the entity's back-reference.
004f8050	PLATE	Copies a segment record into a buffer block, re-links its two associated entities to that block by timestamp, and inserts it into the appropriate time-bucketed slot.
004f81d0	PLATE	Runs both the time-of-impact and nearby-list collision checks for the frame and returns true if either reports a collision.
004f8200	PLATE	Copies any pending position and orientation override values from the entity's linked source object into the entity and clears the override flags.
004f8250	PLATE	Advances one physics simulation step for an active entity by saving interpolation state, applying pending transforms, integrating motion, and updating its spatial link.
004f8300	PLATE	Returns whether the entity's summed squared linear and angular velocity components fall below a configured rest threshold.
004f8350	PLATE	Allocates and constructs an 0x88-byte manager object, storing the result (or zero on allocation failure) in a global pointer.
004f83d0	PLATE	Resolves a collision contact pair by waking both entities, dispatching contact processing, then advancing each entity's physics over the remaining timestep.
004f8510	PLATE	Iterates the 30 contact-priority buckets and resolves every queued collision contact pair for the current timestep.
004f8550	PLATE	Runs the world physics tick by integrating every entity over the frame timestep, resolving all collision contacts, and then clearing each entity's accumulated linear and angular velocity.
004f86c0	PLATE	Resets the state and flag fields of a physics contact-link record to their default zero values.
004f86e0	PLATE	Initializes a record from a string by duplicating it, parsing a numeric value via sscanf (falling back to a default), and storing the string, value, and its length.
004f8740	PLATE	Initializes a dynamic list object with an empty head and a default capacity of four.
004f8760	PLATE	Allocates a new entry node holding a duplicated key string and value, records the key length, accumulates the entry sizes into the table, and appends the node to the table's list.
004f87f0	PLATE	Walks the table's linked list comparing each node's key string against the search key, writing a found flag to the output pointer and returning the matching entry's value or zero.
004f8870	PLATE	Iterates the table's entries copying each key and value string into the destination buffer while tracking the remaining space, returning false if the buffer is exhausted.
004f88e0	PLATE	Allocates a buffer sized to the table's total length, serializes the table into it, and returns the buffer pointer and size through the output parameters.
004f8920	PLATE	Frees every entry node along with its key and value strings, clears the table's list, and resets the accumulated size to zero.
004f8980	PLATE	Destructor that frees all of the table's entries and then runs the underlying list cleanup under exception-frame protection.
004f89e0	PLATE	Clears the table and parses a buffer of consecutive null-terminated key/value string pairs, adding each pair as a new entry until the buffer is consumed.
004f89fa	PLATE	Parses consecutive null-terminated key/value string pairs from a buffer and adds each as an entry, freeing all entries if the buffer length is overrun.
004f8a80	PLATE	Initializes a string table object by zeroing its list pointers, count and size fields and storing the default vtable pointer.
004f8ab0	PLATE	Frees the four heap buffer pointers stored at the object's fixed offsets and resets each field to null.
004f8b10	PLATE	Frees and nulls the heap pointers stored at offsets 0x8, 0x18, and 0x1c of the given record.
004f8b60	PLATE	Frees and nulls the six heap pointers stored at offsets 0x14 through 0x28 of the given record.
004f8be0	PLATE	Deserializes a record by reading two strings and several integers from the stream and parsing one field as a double via sscanf.
004f8c60	PLATE	Deserializes a record by reading one string and three boolean bytes from the stream.
004f8cc0	PLATE	Initializes a record's fields to zero, sets the index field at offset 0x18 to -1, and copies a default value from DAT_005d5ee8 into offset 0x20.
004f8cf0	PLATE	Initializes a record's fields to zero and sets the index field at offset 0xc to -1.
004f8d20	PLATE	Deserializes a record by reading three strings, a nested string-and-bools subrecord, and six integers from the stream.
004f8da0	PLATE	Deserializes a record by reading two strings, four integers, and a nested string-and-bools subrecord from the stream.
004f8e00	PLATE	Zero-initializes all fifteen words of the given record structure.
004f8e20	PLATE	Stores a type index at offset 0 and computes its single-bit mask (1 << type) at offset 0x38.
004f8e40	PLATE	Initializes a range/scaling structure with the count, low/high bounds, and precomputed reciprocal scale factors from the given index and double endpoints.
004f8ec0	PLATE	Clamps a double value into the structure's bound range and converts it into a quantized level index scaled by the bit-depth and the precomputed reciprocal factor.
004f8f40	PLATE	Converts a quantized level index back into the corresponding double value within the structure's bounds, clamped to the high and low limits.
004f8fa0	PLATE	Resets the object's fields to defaults, walks its linked list freeing each node's payload, and clears the list.
004f8ff0	PLATE	Constructs the range object by initializing its embedded list, storing the passed parameter, and resetting its state under an SEH frame.
004f9050	PLATE	Adds a value sample to a sliding window capped at 20 entries, updating running sum and sum-of-squares and recomputing the mean and standard deviation.
004f9120	PLATE	Removes a value sample by subtracting it from the running sum and sum-of-squares, recomputes the mean and standard deviation, and frees the sample.
004f9190	PLATE	Normalizes an integer count (correcting unsigned wraparound) into a double and submits it to the stats window as a new sample.
004f91c0	PLATE	Walks the sample list and removes every entry whose timestamp is older than the current time minus the window span, updating the running statistics.
004f9240	PLATE	Returns the current mean value of the sample window stored at offset 0x20.
004f9250	PLATE	Returns the vehicle tuning low_fuel_level field stored at offset 0x30 as a floating-point value.
004f9260	PLATE	Returns the vehicle tuning move_adjust double field stored at offset 0x18 as a floating-point value.
004f9270	PLATE	Returns true when the given count is greater than or equal to the unsigned threshold stored at offset 0x3c.
004f9280	PLATE	Iterates a tick step from a clamped start time toward the current system tick, applying an incremental update per 100-unit step scaled by the given divisor.
004f9310	PLATE	Resets the structure's flags and four coordinate slots to the sentinel value 0xfffe7961 and clears its trailing fields to zero.
004f9340	PLATE	Initializes a vehicle tuning record with its vtable pointer and the default adjust, velocity, fuel, altitude, and gravity values copied from global constants.
004f93b0	PLATE	Registers float config bindings mapping the turn_adjust, move_adjust, strafe_adjust, max_velocity, low_fuel_level, max_altitude, and gravity_perc keys to the corresponding tuning struct fields.
004f9440	PLATE	Writes the seven vehicle tuning double fields to the given file via a stream cursor as quantized doubles.
004f94c0	PLATE	Reads the seven vehicle tuning double fields from the given file via a stream cursor as quantized doubles.
004f9540	PLATE	Fetches scaled axis and control values from the vehicle tuning table, negates two of them, and clamps each result between a global minimum and 1.0.
004f9700	PLATE	Clamps the vehicle's thrust intensity to a minimum threshold and updates the attached engine effect node's parameters based on whether thrust is active.
004f9790	PLATE	Computes engine glow/exhaust color scale factors from the vehicle's velocity along its facing axis, throttle, and damage, and writes the result into the attached effect node.
004f9980	PLATE	Samples the engine feedback curve at the given throttle and blends it with the vehicle's drive parameters to produce a clamped engine intensity value stored on the physics state.
004f9a40	PLATE	Constructs a Tank_Vehicle instance by running the base vehicle constructor and installing the Tank_Vehicle vtable.
004f9a60	PLATE	Initializes a vehicle thrust effect's threshold parameters by copying values from the global attach-event FX threshold table entry for the vehicle's type.
004f9a90	PLATE	Allocates and constructs a Tank_Model object with its vtable and appends it to the given model list.
004f9b10	PLATE	Computes the vehicle's thrust and torque vectors in world space from throttle and ground-proximity factors and accumulates them onto the physics body's force and torque accumulators.
004f9e20	PLATE	Runs the full per-frame vehicle thrust update, sampling thrust FX and jet-reaction surface state then applying engine glow, intensity, and thrust forces to the physics object.
004f9f20	PLATE	Computes the average 3D position (centroid) of all points in a linked list, writing a zero vector when the list is empty.
004f9fd0	PLATE	Computes the centroid of a point list and linearly interpolates every point's 3D position toward that centroid by the given scale factor.
004fa050	PLATE	Builds a plane from three terrain triangle vertices and returns the interpolated height at the query point.
004fa0b0	PLATE	Walks the entities in the map cell containing a world XY point and reports the closest entity whose collision sphere contains the point, writing the hit entity and surface data into the result record.
004fa340	PLATE	Locates the terrain grid cell and triangle under a world XY point and returns the interpolated ground height there.
004fa540	PLATE	Fills a ground-query record for a world XY point by first testing nearby entities and, when none is hit, falling back to the terrain height.
004fa610	PLATE	Frees every node payload in the object's linked list and then tears down the embedded subobject.
004fa680	PLATE	Sets the entity's active flag based on whether its squared displacement from the reference position exceeds the per-entity movement threshold.
004fa710	PLATE	Tests collision between two entities, or runs the single-entity world collision check when the first entity is null.
004fa750	PLATE	Restores and integrates the physics state of each non-null entity, updates their sleep state, then tests collision between the pair (or the single entity against the world).
004fa820	PLATE	Copies the active entity's 22-word physics state block into its backup slot when the entity is alive.
004fa850	PLATE	Copies the object's 22-word physics state block into the offset destination slot when the referenced entity is alive.
004fa880	PLATE	Copies the entity's state block into its linked physics object and restores its interpolated physics state when the target object is active.
004fa8e0	PLATE	Computes the overlapping value interval between two entity objects and returns a status code indicating whether the ranges intersect, are disjoint, or one side is inactive.
004fa9d0	PLATE	Integrates an active entity's physics forward to the requested time interval, restoring and saving its physics state around each integration step.
004faab0	PLATE	Snapshots the physics state of the entities owned by two container objects, saving both their object-linked and embedded state copies.
004fab30	PLATE	Performs continuous collision detection between two entities by bisecting their overlapping time interval to find the time of impact and writes the resulting contact data.
004fb050	PLATE	Tests an entity's position against the queried terrain ceiling height and reports whether it has penetrated the ceiling.
004fb0e0	PLATE	Checks two entities for any collision against each other, the terrain ceiling, and the world, returning true if any contact is found while toggling their collision-enable flags around the tests.
004fb220	PLATE	Offsets an entity's position by a blend of its current direction and an optionally random scatter direction, scaled by the given interpolation and magnitude factors, then refreshes its sleep state.
004fb3e0	PLATE	Resolves penetration between a contact pair's two entities by repeatedly applying scatter impulses along their separation directions until the collision test no longer reports overlap.
004fb7b0	PLATE	Transforms a 3-component vector in place by multiplying its x, y, and z components with a 3x3 matrix stored as nine doubles.
004fb820	PLATE	Rotates the input 3-component vector in place by multiplying it with a 3x3 matrix stored as doubles.
004fb890	PLATE	Returns true only if a point lies on the consistent side of all three triangle edges using signed cross-product tests.
004fbaa0	PLATE	Builds the relative orientation matrix between two 3D objects by multiplying their cached Euler matrices and optionally fills the relative position vector.
004fbc20	PLATE	Returns nonzero when the bounding spheres of two objects overlap by comparing their squared center distance against the sum of their radii.
004fbcc0	PLATE	Rotates a direction into local space and adds the sign-selected axis extents to a base point to produce the supporting corner of an oriented box.
004fbe40	PLATE	Returns true only if a point lies on the consistent side of all four quadrilateral edges using signed cross-product tests.
004fc100	PLATE	Tests whether two objects' bounding spheres are close enough and, if so, computes the contact point and normal and creates an attachment link between them.
004fc2e0	PLATE	Finds the closest points along two objects' swept motion segments, clamps the line parameters to the segment range, and generates a collision contact at those points.
004fc4c0	PLATE	Evaluates the given plane equation against the object's eight stored box vertices and writes the eight signed distances into the object's distance array.
004fc5c0	PLATE	Stores a sign-flipped axis vector as a plane normal and computes the plane offset so the plane passes through the selected reference point.
004fc650	PLATE	Writes a 3-component vector into an indexed slot by adding a base vector to three other vectors whose signs are flipped according to the sign bits of three selector values.
004fc790	PLATE	Lazily computes and caches the eight signed corner vertices and six face planes of an oriented bounding box from its center and three axis vectors.
004fc920	PLATE	Tests a line segment against the bitmask-selected faces of a box, computing each plane intersection point and returning true with the hit face index when the point lies within a face.
004fcaa0	PLATE	When two box corners lie on opposite sides of a clip plane, interpolates the crossing point between them and returns whether it falls inside the target triangle.
004fcb40	PLATE	Tests a point against each edge of the box in turn and reports the index of the first edge whose clip plane the point crosses.
004fcd90	PLATE	Lazily computes the object's relative transform and caches its 3x3 rotation matrix plus a copy of that matrix scaled by the per-axis extents.
004fcf00	PLATE	Recomputes and caches a six-bit clip outcode for a point by evaluating it against the six frustum planes and packing each plane's sign bit, refreshing only when the cached version differs.
004fd070	PLATE	Stores into the output a pointer past whichever of the three candidate nodes has a zero leading marker, selecting the leaf node.
004fd0e0	PLATE	Lazily evaluates a point against the six frustum clip planes, caching each signed plane distance and the packed six-bit outcode of their sign bits.
004fd260	PLATE	Builds a plane from the given points and returns whether an oriented box's extent lies on the same side as the plane's reference distance.
004fd320	PLATE	Builds the object's world-space orientation matrix from its cached Euler matrix and scales each axis by the model's per-axis scale factors.
004fd430	PLATE	Stub that always returns zero.
004fd440	PLATE	Transforms an attachment's local axis and offset vectors into world space and initializes an object attachment link at the resulting position.
004fd540	PLATE	Iterates over a mesh node's triangle list testing the swept segment against each triangle's edge face boxes and returns an attachment link at the first hit.
004fd730	PLATE	Recursively traverses the collision BVH node tree, testing the swept segment against each node's triangles and its child nodes, returning true on the first intersection.
004fd820	PLATE	Normalizes a surface normal, transforms a point into world space, and initializes an object attachment link from the negated normal and world position.
004fd8f0	PLATE	Tests collision between two objects, using swept-segment-versus-BVH traversal when meshes do not overlap as spheres and otherwise computing a sphere contact, producing an attachment link on a hit.
004fdc40	PLATE	Dispatches a collision test between two objects to the appropriate handler depending on whether each object is flagged as a sphere primitive.
004fdc90	PLATE	Initializes an object attachment link from a surface normal and a contact point offset by the target object's position.
004fdd20	PLATE	Tests a swept triangle against a collision box, computing the contact plane and testing each triangle edge for a face crossing, and returns an attachment link at the first intersection.
004fdff0	PLATE	Tests whether a ray intersects either of the two triangles forming a terrain quad and returns true on the first hit.
004fe070	PLATE	Walks the heightfield cells spanned by a line segment and returns true if the segment intersects any terrain quad in that cell range.
004fe2e0	PLATE	Iterates the map tiles a line segment crosses and returns true if the segment intersects terrain in any of those tiles.
004fe3c0	PLATE	Tests an object's bounding region and motion segment against the terrain and, on a hit, creates an attachment link at the computed collision offset.
004fe6b0	PLATE	Rotates a 3D point by the 3x3 matrix in EAX and adds the given translation vector, storing the result back in place.
004fe720	PLATE	Transforms the two objects' local contact points into world space and either appends collision contacts to the contact buffer or sets up an attachment link between them.
004fe8e0	PLATE	Computes where each triangle edge crosses a plane and, if any crossing point lies within the triangle, records the resulting object collision.
004feb40	PLATE	Iterates the triangles of a BSP leaf node, testing the swept point against each and recording an object collision on the first triangle that contains it.
004fecd0	PLATE	Recursively classifies a triangle against BSP split planes, descending into both child sides when the triangle straddles a plane and testing leaf nodes for collision.
004ff070	PLATE	Transforms a model face's vertices into world space (caching results) and drives the BSP traversal to detect collisions for each triangle in the face.
004ff3b0	PLATE	Recursively walks a BSP collision tree, transforming one object's sphere into the other's local space, to detect whether two spherical bounding volumes overlap.
004ff730	PLATE	Descends the BSP plane tree of two objects ordered by altitude and, if the leaf classifies them as touching, initializes a default attachment link between them.
004ff870	PLATE	Sets up the relative transform and collision context for two objects, runs the BSP sphere-overlap test, and reports whether they collide while optionally swapping the contact pair.
004ff960	PLATE	Computes the point where an edge crosses a plane by linearly interpolating between two endpoints using their signed plane distances.
004ff9b0	PLATE	Computes the face normal of a triangle as the cross product of two of its edge vectors.
004ffa40	PLATE	Computes the corner of an axis-aligned box farthest along a plane normal by adding sign-selected extents to the box center.
004ffae0	PLATE	Descends the BSP tree against a moving box, and when a triangle straddles a node plane it clips the triangle and tests the node for a contact.
004ffd60	PLATE	Transforms a found contact point into world space using the object's cached orientation matrix and records it into the global collision contact buffer or as an attachment link.
004ffee0	PLATE	Tests a triangle's three edges against a plane, computing intersection points for crossing edges and recording a contact when an intersection lies inside the target triangle.
005000e0	PLATE	Iterates over the triangles stored in a BSP leaf node, testing each against the query triangle's points and edges and recording the first contact found.
00500260	PLATE	Clips a triangle against a splitting plane using the per-vertex distance sign bits and recurses into the front/back child nodes to test the resulting fragments for collision.
00500430	PLATE	Walks the BSP tree comparing each node plane's squared distance against the swept-sphere radius and recurses into the front or back child to clip and test the triangle for collision.
00500710	PLATE	Builds a normalized separating plane from the two endpoint vectors and, if it lies within the world extent, launches the BSP sphere traversal to test the segment for collision.
005007f0	PLATE	Iterates over the rectangular block of terrain heightfield cells spanning two world points, transforms each cell-corner height through the object's matrix, and tests the resulting triangle edges against the BSP for collision.
00500da0	PLATE	Classifies the two endpoints into map-tile grid cells and iterates over the spanned range of tiles, testing each tile's terrain block against the BSP for collision along the segment.
00500e80	PLATE	Top-level object collision check that either delegates to the terrain tracer or builds an axis-aligned box around the object's position and sweeps the map tiles to detect a world collision.
00500f60	PLATE	Traces a vertical segment at the object's XY position across the terrain map tiles and reports whether the object's Z lies below the sampled terrain height.
00500ff0	PLATE	Zeroes the object's velocity/accumulator fields and contact/state flags at offsets 0x1c through 0x3c to reset its collision state.
00501010	PLATE	Appends a timestamp-prefixed, printf-formatted message to the "_errlog" file.
005010b0	PLATE	Fills the given structure with the "bomber" unit definition, setting its name, type id 3, stat parameter values from globals, and a unit scale of 1.0.
00501140	PLATE	Registers config bindings mapping named flight-dynamics tunables (ax_mag, forward_mag, turn limits, ceiling, low_fuel_level, etc.) to float fields in this object.
00501220	PLATE	Serializes the eleven flight-dynamics double fields of this object to the given file via a stream cursor.
005012d0	PLATE	Deserializes the eleven flight-dynamics double fields of this object from the given file via a stream cursor.
00501380	PLATE	Reads three scaling factors from the vehicle tuning table into the object and clamps each to lie between a minimum constant and 1.0.
00501490	PLATE	Derives a low-airspeed scaling factor and an altitude-ceiling interpolation factor and applies them to the vehicle's turn-rate field.
00501530	PLATE	Allocates and constructs a Bomber_Model vehicle model and appends it to the given model list.
005015b0	PLATE	Computes pitch authority, lift, thrust, and drag from the vehicle's orientation and tuning factors and accumulates the resulting impulses and forces onto the entity physics body.
00501a50	PLATE	Binds the vehicle and its physics entity then either applies a stalled-attitude correction or runs the tuning, scaling-factor, and aerodynamic-force steps for the frame.
00501ac0	PLATE	Stores a count and allocates two parallel heap buffers sized as count*2 and count*16 bytes into the object.
00501b10	PLATE	Reads one 4-byte integer from the cursor, advances it, converts the value to a scaled float sample, and returns true if at least four bytes remained.
00501b60	PLATE	Reads a 4-byte integer (scaled to float) plus two floats from the byte buffer into a three-component output vector, returning false if not enough bytes remain.
00501c00	PLATE	Reads two 16-bit values, three bytes, and a trailing byte from the byte buffer into a packed output structure, returning false if not enough bytes remain.
00501cd0	PLATE	Reads three consecutive 16-bit values from the byte buffer into the output array, returning false if not enough bytes remain.
00501d60	PLATE	Allocates a mesh container and parses a count-prefixed list of vertex records (each with a scaled float, three 16-bit fields, and a variable-length index run) from the byte buffer, returning the populated object or null on underflow.
00501fa0	PLATE	Allocates a model record and parses its bounding vector, scale, and three counted index arrays (two triangle lists and one packed-struct list) from the byte buffer, returning the populated record or null on underflow.
00502160	PLATE	Skips a header then parses a 16-bit count of model records from the byte buffer, linking each parsed record into a singly linked list and returning the head.
005021e0	PLATE	Expands a run of polygon face definitions into a triangle-fan index list, writing three vertex indices per triangle to the output cursor and tracking the triangle count.
00502300	PLATE	Computes the normalized face normal from the cross product of two edges of a face's first three vertices and stores it in the face record.
005023f0	PLATE	Updates the per-axis min and max extents of an axis-aligned bounding box to include the given point.
00502480	PLATE	Computes the per-axis min/max bounding box spanning all vertices referenced by a face's index list.
00502540	PLATE	Expands the three min/max axis ranges to enclose a child node's center-plus-extent box.
00502650	PLATE	Computes a node's center and half-extents by merging the bounds of its valid left and right children.
00502780	PLATE	Recursively builds one BVH tree node and its two subtrees from the source mesh, then computes its bounds.
005028b0	PLATE	Increments the frame counter, and once it wraps past 200 resets it to 1 and clears every element's per-frame flag byte.
005028e0	PLATE	Allocates a new BVH structure, copies the mesh vertices, initializes node slots, and recursively builds the tree, warning if more memory was used than reserved.
00502aa0	PLATE	Initializes a worker-thread object by storing its callback, clearing its argument, and allocating its handle block.
00502ad0	PLATE	Thread entry trampoline that calls the stored callback function with its stored argument.
00502af0	PLATE	Stores the thread argument and launches the worker via CreateThread, saving the returned handle.
00502b20	PLATE	Checks whether the worker thread is still running, either returning immediately or sleeping in a loop until it finishes.
00502b80	PLATE	Allocates the thread handle block and clears its in-progress flag byte.
00502ba0	PLATE	Creates a Win32 mutex (optionally initially owned) and stores its handle plus a flag in the object.
00502bd0	PLATE	Releases the Win32 mutex referenced by the object's stored handle.
00502be0	PLATE	Allocates a 4-byte slot to hold a synchronization-object handle and stores its pointer in the object.
00502c00	PLATE	Creates an auto-reset Win32 event and stores its handle in the object's handle slot.
00502c20	PLATE	Pulses the Win32 event referenced by the object's stored handle.
00502c30	PLATE	Waits indefinitely on the Win32 synchronization object referenced by the object's stored handle.
00502c40	PLATE	Releases the stored mutex twice when its owned flag is set, fully relinquishing an initially-owned mutex.
00502c70	PLATE	Recursively walks a BSP node tree to find where a line segment crosses a partition plane and reports the first triangle it intersects.
00502f00	PLATE	Transforms a world-space line segment into an object's local frame, traces it against the object's BSP collision tree, and writes the world-space hit point and surface info on success.
005030e0	PLATE	Removes the component of a vector along a plane normal, projecting it onto the plane defined by that normal.
00503170	PLATE	Reallocates the contact array to roughly double its capacity (in 0x30-byte records), zeroing new space and copying existing entries.
005031e0	PLATE	Reserves the next 0x30-byte slot in the contact array, growing the buffer first if full, and returns a pointer to the new slot.
00503210	PLATE	Saves a collision body's current position and rotation vectors into the output struct and overwrites them with new values from the contact source.
00503280	PLATE	Initializes a contact record by storing the two body handles, two position vectors, and an extra 8-byte field into the record struct.
005032d0	PLATE	Appends two mirrored contact entries (one for each body) describing the same collision into the global contact buffer.
005033e0	PLATE	Resets the contact buffer then tests the two referenced bodies for intersection, pushing collision contacts and writing back updated body transforms when they overlap.
005034f0	PLATE	Copies the 256-entry CRC32 lookup table from the global table into the destination buffer.
00503520	PLATE	Computes the CRC32 checksum of a byte buffer using the object's 256-entry lookup table.
00503560	PLATE	Initializes an empty linked-list header, zeroing the count and head/tail pointers and storing the backing allocator pointer.
00503580	PLATE	Allocates a 16-byte node from the backing reusable buffer, stores the given value, and links it onto the tail of the list while incrementing the node count.
005035e0	PLATE	Allocates a node from the reusable buffer and links it onto the tail of the queue with the given payload value.
00503640	PLATE	Unlinks the front node of the queue, decrements the count, and returns its stored payload value.
00503680	PLATE	Records the current high-resolution performance counter as the timer's baseline and zeroes the accumulated time.
005036a0	PLATE	Computes milliseconds elapsed since the last sample using QueryPerformanceCounter/Frequency, adds it to the accumulated time, and stores the rounded total in a global tick counter.
00503730	PLATE	Refreshes the accumulated timer and returns the rounded elapsed time in milliseconds as an integer.
00503740	PLATE	Refreshes the accumulated timer and returns the total elapsed time in milliseconds as a floating-point value.
00503750	PLATE	Allocates the global high-resolution timer object, verifies QueryPerformanceFrequency support, and shows a "Timer problems" error dialog if the CPU cannot keep time.
005037d0	PLATE	Frees the heap-allocated string pointed to by the object's first field.
005037e0	PLATE	Walks the linked list comparing each node's name string to the target and returns the first matching entry or null.
00503840	PLATE	Constructs the named-list object by duplicating the supplied name string, initializing the embedded list, and zeroing its remaining fields.
005038b0	PLATE	Searches the scheduler's event list for an entry whose tag field (+0x10) matches param_2, then removes it from the timed event queue and frees the list node.
00503900	PLATE	Searches the scheduler's event list for an entry whose id field (+0xc) matches param_2, then removes it from the timed event queue and frees the list node.
00503950	PLATE	Scans the scheduler's event list and returns the smallest time value (+0xc) among all events, setting the optional output flag to indicate whether any events were present.
005039b0	PLATE	Advances the cyclic counter for an event, marking the trigger flag and incrementing the index modulo the period, then writes the current counter and index back into the event record at +0x20 and +0x24.
00503a10	PLATE	Returns whether an event is currently due by checking its enable flag, state value, and elapsed-time threshold against the scheduler's base time.
00503a70	PLATE	Destroys a scheduler channel by clearing its embedded list at +0x18 and freeing the duplicated name string stored at offset 0.
00503ad0	PLATE	Initializes a scheduler channel by duplicating the given name string, initializing its embedded list, and setting its default enabled, count, and flag fields.
00503b40	PLATE	Inserts or updates an entry keyed by param_2 in the scheduler's key-ordered list, allocating a new payload (copying param_3/param_4 when provided) and linking it at the position that keeps the list sorted by key.
00503c10	PLATE	Destroys a scheduler table object by clearing its embedded list at +0x10 and freeing the duplicated name string stored at offset 0.
00503c70	PLATE	Removes the event from its owner's list and, if a callback pointer is set, invokes that callback with the event's owner and user-data arguments.
00503ca0	PLATE	Pushes a new frame time into a 10-entry rolling buffer and stores the windowed average converted to a clamped 200-1000 rate value.
00503d50	PLATE	Removes an Out_History entry by updating the running byte total and frame-rate average, invoking its callback, then freeing its buffer and the entry itself.
00503df0	PLATE	Looks up a named entry in the list at this+0x28 and, if absent, allocates and constructs a new 0x24-byte entry from the name and appends it before returning it.
00503e80	PLATE	Looks up a named entry in the list at this+0x34 and, if absent, allocates and constructs a new 0x1c-byte entry from the name and appends it before returning it.
00503f10	PLATE	Constructs the object by initializing its three named-entry lists, storing the supplied references, allocating the per-slot arrays and registering their named entries, and seeding the 10-sample frame-time buffer with a default rate of 500.
00504110	PLATE	Constructs the session wrapper by creating its CString, storing the string manager and parameters, allocating and building the 0xb8-byte NetState, and creating a list seeded with the string.
00504220	PLATE	Returns the private-channel object at the bounds-checked index, lazily allocating and initializing a new "Private Sequence %d" channel into the slot if none exists yet.
00504300	PLATE	Returns the send-channel object at the bounds-checked index in the this+0x20 array, lazily allocating and initializing a new "Private Sequence %d" named-list channel into the slot if none exists yet.
005043e0	PLATE	Tests a sequence number against the modular sliding window, writing its mapped buffer offset to the output and returning a code for whether it is inside, ahead of, or behind the window.
00504500	PLATE	Drains the connection's inbound queue by repeatedly processing available packets until empty or rejected, then flushes any remaining data.
00504560	PLATE	Frees the message's payload buffer if its byte length is non-zero.
00504590	PLATE	Looks up the channel for a message id and routes the message to it, falling back to a default handler when no channel is found.
005045d0	PLATE	Dispatches the message if it is active and its pending flag is set, then clears the pending flag.
00504620	PLATE	Builds and queues a "D_ACK" type-0 ping packet carrying the current timestamp.
00504680	PLATE	Builds and queues a "D_ACK" type-1 reply packet carrying a sequence byte and a 16-bit value.
005046d0	PLATE	Builds and queues a "D_ACK" type-2 packet carrying the current timestamp, a sequence byte, and a 16-bit value.
005047d0	PLATE	Allocates an Out_History entry populated with the message fields, appends it to the outgoing-history list, and schedules a timed retransmit event for it.
005048a0	PLATE	Serializes an outgoing message's header and (for type 1 or 3) its position fields into the packet buffer, marking the entry when the body writer fails.
00504920	PLATE	Walks the outgoing-history list, cancelling each entry's timed event, freeing its buffer, invoking its completion callback, and freeing the entry.
005049b0	PLATE	Drains the in-order receive queue, dispatching each message whose sequence number matches the expected counter and advancing that counter.
00504a90	PLATE	Looks up the channel for an incoming packet and dispatches it by channel mode (1/2/3), updating the channel's received-sequence number after sequence validation.
00504b60	PLATE	Allocates and constructs a Service_Layer_Event, links it into the channel's timed-event list, and schedules it on the timed-event queue to fire after the given delay.
00504c00	PLATE	Finds the timed event matching the given id in the channel's event list, removes it from the timed-event queue, unlinks it, and frees it.
00504c50	PLATE	Tears down the channel by freeing all per-channel send/receive buffers and every queued fragment, pending, and timed-event entry, then destroys the associated lists.
00504e30	PLATE	Delivers an unreliable datagram up to the application layer and then sends a D_ACK packet back to acknowledge receipt of the sequence number.
00504eb0	PLATE	Validates a sequenced packet against the channel's expected sequence and, if it is the next in order, advances the receive sequence, delivers it, and queues an acknowledgement.
00504f50	PLATE	Handles a reliable in-order packet by either delivering it and advancing the receive window when it is the expected sequence or buffering it out of order, always returning an acknowledgement.
00505050	PLATE	Processes an acknowledgement for a mode-3 reliable channel, advancing the acked sequence and flushing the send window when the ack matches the expected sequence.
005050d0	PLATE	Looks up the channel for a received packet and dispatches it to the unreliable, sequenced, datagram, or reliable handler based on the channel's mode, releasing the packet if no channel exists.
00505170	PLATE	Locks the underlying socket and dispatches every pending received packet through the per-mode packet dispatcher until the receive queue is empty, then unlocks the socket.
005051f0	PLATE	Decompresses and dispatches an incoming data packet for a network stream to its registered handler, updating the connection's received-byte counter.
005052b0	PLATE	Builds and transmits a D_HANDSHAKE message enumerating all registered streams and their sequence numbers to the peer.
005053f0	PLATE	Parses a received D_HANDSHAKE message to register the peer's streams and sequence numbers, then replies with a D_ACK message.
005056b0	PLATE	Looks up the stream for a requested sequence number and dispatches a retransmission of its buffered packet to the peer.
005056f0	PLATE	Delivers a packet to the stream handler and transmits a D_IGNORE message telling the peer to skip the given sequence number.
00505790	PLATE	Parses a received D_IGNORE message to mark a stream sequence number as skipped and replies with a D_ACK message.
00505840	PLATE	Transmits a D_SET_START message setting a stream's starting sequence number and schedules its retransmission timer.
005058c0	PLATE	Queues the accumulated outgoing packet into the channel's history and resets the pending-packet accumulator fields.
00505920	PLATE	Fires on the stream resend timer to either retransmit the buffered packet, advance the scheduler, or invoke the stream's send callback depending on event timing.
00505ad0	PLATE	Marks a pending reliable send packet as acknowledged when the fragment index matches and cancels its retransmit timer.
00505b30	PLATE	Tears down and frees the three network channel/buffer objects held by a connection state structure.
00505b80	PLATE	Parses an incoming D_ACK control packet and dispatches it to update sequence state, process window acks, or acknowledge a fragment based on its subtype byte.
00505ce0	PLATE	Allocates four 0x404-byte channel buffers into the structure and zero-initializes each buffer's length header.
00505d40	PLATE	Adds a socket to an fd_set if it is valid and not already present and there is room for it.
00505d90	PLATE	Removes a socket from an fd_set by finding its slot and shifting the remaining entries down.
00505e00	PLATE	Closes a socket and logs the result, retrying up to ten times on transient WSAEWOULDBLOCK/WSAEINTR errors.
00505ea0	PLATE	Sets a socket's blocking mode with retries on soft errors, closing the socket and returning failure if it cannot be configured.
00505f30	PLATE	Reads from a TCP socket with soft-error retries, updates the connection's byte counter, and returns the bytes read or an error code.
00505fe0	PLATE	Returns the 32-bit value stored at offset 0x64 of the given connection structure.
00505ff0	PLATE	Validates the given index against the connection's queue capacity and, if in range, stores it as the current queue position returning success.
00506010	PLATE	Adds a timestamped round-trip sample to the running average and expires samples older than the configured window.
00506080	PLATE	Frees any existing connection packet queue and allocates a zeroed buffer of the requested entry count, resetting the queue size and position.
005060f0	PLATE	Builds a unique connection identifier string from a global counter and the current local timestamp and pads the remainder with random lowercase letters.
005061f0	PLATE	Stores the peer address fields into the connection record based on the net type, reporting an error for unsupported types.
00506250	PLATE	Releases the connection's underlying socket object if present and marks the connection as closed.
00506270	PLATE	Returns the connection's closed/dead flag byte.
00506280	PLATE	Sends a buffer on the connection's socket, retrying up to four times on transient WSA errors and reporting fatal errors before returning the byte count or failure.
00506330	PLATE	Pulls pending packets from the outgoing buffer and transmits them on the socket, updating the last-activity timestamp and stopping on error or when the buffer drains.
005063e0	PLATE	Copies a 16-byte packet record into the connection's queue slot and updates the current sequence and tag fields when the connection is open.
00506420	PLATE	Decays the meter's current value toward zero based on elapsed time since the last update, clamping at zero and applying an optional hold/peak limit.
005064f0	PLATE	Stores the meter's decay-rate scale factor at offset 0x78.
00506500	PLATE	Adds a type-specific score amount to the running totals and bumps the meter's accumulated fade value.
00506570	PLATE	Copies the meter's three stored color/component values from offsets 0xa4-0xac into the caller-provided output pointers.
005065a0	PLATE	Stores a value at meter offset 0x8c used as the upper clamp limit.
005065b0	PLATE	Stores a value at meter offset 0x88 used as the lower clamp limit.
005065c0	PLATE	Computes a meter reading via a helper, floors it at zero, then clamps it between the stored min (0x88) and max (0x8c) limits.
00506600	PLATE	Returns the meter's stored value at offset 0x90.
00506610	PLATE	Returns the meter's stored value at offset 0x94.
00506620	PLATE	Returns the meter's stored float value at offset 0x98 promoted to extended precision.
00506630	PLATE	Returns the float stored at offset 0x9c of the given object.
00506640	PLATE	Returns the float stored at offset 0xa0 of the given object.
00506650	PLATE	Validates a dotted-decimal IP string and appends it to the local address list unless it is already present.
00506700	PLATE	Builds the local IP address list from the _extra_ips file and the host's resolved addresses.
005068b0	PLATE	Removes the given connection value from each of the object's per-address connection lists.
00506990	PLATE	Services each active connection and then runs any due timed events for the given time value.
005069d0	PLATE	Adds an active connection's socket to the primary read fd_set when its socket is valid and not flagged closed.
00506a00	PLATE	Removes an active connection's socket from the primary read fd_set when its socket is valid and not flagged closed.
00506a30	PLATE	Adds an active connection's socket to the secondary read fd_set when its socket is valid and not flagged closed.
00506a60	PLATE	Removes an active connection's socket from the secondary read fd_set when its socket is valid and not flagged closed.
00506a90	PLATE	Toggles a connection's active flag, adding or removing it from its channel list and enabling or disabling its socket in the select set accordingly.
00506b30	PLATE	Stores the given pointer into the object's field at offset 0x48.
00506b40	PLATE	Sets a TCP socket to non-blocking and enables keepalive and nodelay, printing warnings on failure and incrementing the active connection count.
00506ba0	PLATE	Removes a connection from the active list, disables and closes its socket in the select sets, and marks the socket handle invalid.
00506c20	PLATE	Moves a connection to a new channel index, unsubscribing it from the old channel's list and re-subscribing it on the new one.
00506ca0	PLATE	Returns the host-order local port number bound to the first socket via getsockname, or zero on failure.
00506d10	PLATE	Scans channels for a writable socket and returns the next queued connection in round-robin order, disabling the write set when a channel's list is empty.
00506dc0	PLATE	Sends a datagram on a connection's UDP socket to its peer address, retrying on soft errors and logging fatal connection-state or send failures.
00506f80	PLATE	Adds each valid listening socket that is not already present into the read fd_set for the next select call.
00506ff0	PLATE	Removes every listening socket from the read and write fd_sets, closes each one, and marks its handle invalid.
00507050	PLATE	Adds an open connection's socket handle to the manager's select() fd_set when the connection is valid and not flagged closed.
00507080	PLATE	Searches the connection list for an open connection whose address and TCP or UDP port match the given endpoint and returns it.
005070f0	PLATE	Writes a socket address's port and IP (converted from network byte order) to the network debug log and flushes it.
00507140	PLATE	Resolves the local machine's hostname to its IPv4 address and returns the dotted-decimal string.
005071e0	PLATE	Enables or disables a connection's two running-average ping trackers, allocating or destroying the Avg objects accordingly.
00507310	PLATE	Clears a connection's bandwidth, timing, and flag fields back to their default idle values.
00507380	PLATE	Constructs a connection object by zeroing its state, allocating its packet buffer, starting its timestamp from the global timer, and configuring its net type and ports.
005074d0	PLATE	Closes the connection's socket, frees its allocated buffers, and tears down its ping-averaging objects.
00507530	PLATE	Constructs the network connection manager, allocating its timed-event queue, server connection, per-client lists, and connection table.
00507770	PLATE	Obtains a connection object by reusing one from the free list or allocating a new one, then initializes it for the given net type and ports.
00507810	PLATE	Creates a TCP socket, binds it to the given port, registers it for listening, and stores the listening socket in the connection object.
00507940	PLATE	Looks up an existing peer connection by address or creates a new one, registers it in the connection lists, and binds its socket and endpoint address.
00507a30	PLATE	Receives a UDP datagram from the next ready socket, matches or creates the originating peer connection, and delivers the received bytes to it.
00507cc0	PLATE	Drains and dispatches each buffered packet for a peer connection, marking the connection inactive when its buffer is emptied.
00507d40	PLATE	Initializes the given sockaddr with the supplied family, address, and port, then creates a socket retrying up to four times on transient errors.
00507e20	PLATE	Removes a connection from all tracking lists and frees its buffers, channels, and the connection object itself.
00507ee0	PLATE	Creates and binds one non-blocking UDP listening socket for each configured IP address, falling back to a single accept socket when none are configured.
00507ff0	PLATE	Sets up the server listening endpoint for the requested protocol type, building a TCP listen socket or UDP accept sockets and collecting their local addresses, then returns the bound port.
005082d0	PLATE	Establishes an outbound TCP or UDP connection to a remote endpoint by creating, binding, and connecting a socket, then returns the resulting peer connection object.
00508690	PLATE	Resolves a host string as either a dotted-IP or DNS name and opens an outbound connection to it on the given port.
00508710	PLATE	Initiates a connection to the given endpoint address using the supplied port (network byte order) if the connection object is valid and idle.
00508760	PLATE	Resolves an array of IP address strings via inet_addr and registers them as connection targets on the port, returning the connection object.
00508890	PLATE	Replaces every non-printable and non-whitespace character in the string with a space and returns whether any replacement was made.
005088e0	PLATE	Initializes a buffer chunk, either adopting an existing backing pointer or allocating and zeroing one of the given size, and resets its read/write cursors.
00508940	PLATE	Allocates and initializes a new buffer chunk sized from the bit capacity, pushes it onto the chunk list, and records it as the current chunk.
005089a0	PLATE	Constructs a bit buffer object, storing its backing pointer, byte capacity expressed in bits, and an allocated empty chunk list.
00508a30	PLATE	Library Function - Single Match\n public: __thiscall ATL::CStringT<wchar_t,class StrTraitMFC<wchar_t,class ATL::ChTraitsOS<wchar_t> > >::CStringT<wchar_t,class StrTraitMFC<wchar_t,class ATL::ChTraitsOS<wchar_t> > >(wchar_t const *,int,struct ATL::IAtlStringMgr *)\n\nLibraries: Visual Studio 2005 Release, Visual Studio 2008 Release
00508a50	PLATE	Constructs a bit buffer and immediately appends an initial chunk, aligning the chunk's byte/bit cursors to the buffer's bit capacity.
00508ab0	PLATE	Rewinds the buffer's read position to the start, allocating a chunk first if the list is empty and seeding the cursor from the first chunk when in read mode.
00508af0	PLATE	Commits the current chunk by writing back its byte length and clearing the partial-bit count, adjusting the buffer's total bit count accordingly.
00508b20	PLATE	Returns the byte length of the buffer by converting its stored bit count, rounding up to include any partial trailing byte.
00508b40	PLATE	Returns the number of whole bytes needed to hold the bit-stream object's current bit count stored at offset 0x1c.
00508b60	PLATE	Returns the number of buffer nodes currently in the bit-stream object's linked list at offset 0x18.
00508b70	PLATE	Returns the front buffer node's data pointer and writes its remaining unread length in bytes to the output parameter.
00508ba0	PLATE	Advances the read position of the given buffer node by the specified bit count and frees the node and pops it from the list once fully consumed.
00508c20	PLATE	Advances the tail buffer node's write position by the given byte count, resets its bit fraction, and increases the total bit count.
00508c50	PLATE	Consumes the given number of bytes from the front buffer node of the bit-stream object.
00508c80	PLATE	Returns the current tail write buffer pointer and its remaining free byte count, optionally allocating a new buffer when the tail is full.
00508cf0	PLATE	Pops the front buffer node off the bit-stream list, frees its data and the node, and clears the head pointers.
00508d30	PLATE	Copies the specified number of bits from a source byte stream into a destination byte stream, honoring the bit offset within each side's current byte.
00508df0	PLATE	Writes the low bits of an integer value into a destination byte stream at its current bit offset, packing the value most-significant-bit first.
00508e70	PLATE	Accumulates the requested number of bits from a byte stream into a single integer, masking the result to the requested bit width.
00508ee0	PLATE	Ensures the Mem_buff has enough room for the requested byte/bit count by growing or migrating the current hunk and returns the writable buffer pointer and length.
00509050	PLATE	Reads the requested number of bits from the Mem_buff hunk list, consuming and freeing exhausted hunks, and returns the assembled integer value.
00509160	PLATE	Copies a block of bit-aligned data out of the Mem_buff hunk list into a caller buffer, advancing and freeing hunks as they are consumed.
005092e0	PLATE	Reads 8 bits from the Mem_buff and stores them as a byte at the caller-supplied pointer.
005092f0	PLATE	Reads 16 bits from the Mem_buff and stores them as a short at the caller-supplied pointer.
00509310	PLATE	Reads 32 bits from the Mem_buff and stores them as an unsigned integer at the caller-supplied pointer.
00509320	PLATE	Reads the specified number of bits from the Mem_buff into the caller-supplied integer, writing zero when the requested width is zero.
00509340	PLATE	Reads a 16-bit-length-prefixed string from the Mem_buff into a freshly allocated, null-terminated buffer returned to the caller.
005093c0	PLATE	Allocates a buffer of the requested size and reads that many bytes of raw data from the Mem_buff into it, returning the buffer to the caller.
00509410	PLATE	Pads the first block of the buffer's block list with zero bits so its bit count reaches a full 8-bit boundary.
00509440	PLATE	Writes an 8-bit byte value into the buffer's bitstream and advances the write position by 8 bits.
005094b0	PLATE	Writes a 16-bit value into the buffer's bitstream and advances the write position by 16 bits.
00509520	PLATE	Writes a 32-bit value into the buffer's bitstream and advances the write position by 32 bits.
005095a0	PLATE	Writes the given number of low-order bits of a value into the buffer's bitstream and advances the write position by that many bits.
00509600	PLATE	Writes a null-terminated string to the bitstream as a 16-bit length followed by the string bytes, substituting an empty string for a null pointer.
005096e0	PLATE	Writes a raw block of the given byte length from a source pointer into the bitstream, writing nothing when the source pointer is null.
00509770	PLATE	Advances the bitstream write position by the padding bits needed to align it to the next byte boundary.
005097b0	PLATE	Reserves space for the given number of bytes and bits in the bitstream, advancing the write position and returning the relative bit position where the reserved region begins.
00509840	PLATE	Converts a stored relative bitstream position into an absolute position by adding the buffer's base offset.
00509860	PLATE	Stores the given pointer into the object's field at offset 4.
00509870	PLATE	Zeroes the object's field at offset 4.
00509880	PLATE	Allocates a buffer and copies the current hunk's pending bytes into it, returning the buffer and its size via the out parameter.
005098e0	PLATE	Advances the read position past the given number of bytes across queued hunks, freeing each hunk as it is fully consumed, and logs a protocol-mismatch error if it runs out of data.
005099b0	PLATE	Consumes and frees every queued hunk in the buffer, draining all remaining bytes.
00509a30	PLATE	Walks the buffer's hunk list freeing every hunk and its backing data, then destroys and frees the list itself.
00509a90	PLATE	Sets the setup-finalized flag, aborting the process with an error message if it was already finalized.
00509ac0	PLATE	Stores a value at the given index in the table at offset 0x54, aborting the process if setup has already been finalized.
00509b00	PLATE	Stores a pair of values at the given index in the tables at offsets 0x4c and 0x50, aborting the process if setup has already been finalized.
00509b40	PLATE	Stores a value at the byte-keyed index in the table at offset 0x48.
00509b60	PLATE	Begins composing an unreliable outgoing packet by resetting the connection's send buffer, recording the packet sequence/header words, and marking the packet type.
00509bc0	PLATE	Finalizes the current outgoing packet by writing the network-byte-order sequence number into the message and dispatching it through the connection's send routine.
00509c50	PLATE	Resends a previously buffered packet over the connection's stream and then frees the associated message buffer.
00509c90	PLATE	Begins composing a reliable (stream) outgoing packet, records its type and per-type state, and queues it for reliable resend.
00509cf0	PLATE	Starts sending a packet by validating the target connection and dispatching to the reliable or unreliable send path based on the requested service flags.
00509db0	PLATE	Stores the current packet's debug name string into a global used by protocol error logging.
00509dc0	PLATE	Flushes the connection's pending outgoing send buffer by forwarding to the underlying send routine.
00509dd0	PLATE	Sets the default connection pointer used when send_start is called without an explicit target.
00509de0	PLATE	Sets the message-handler object pointer stored on the protocol sender.
00509df0	PLATE	Allocates and constructs a new NetSession object, returning null if the allocation fails.
00509e70	PLATE	Allocates a 0x20-byte protocol handler object and constructs it via the Proto constructor.
00509ef0	PLATE	Formats and reports a "packet type is not in range" protocol error message.
00509f30	PLATE	Formats a protocol error message with source location and reports it as a Proto::protocol_error.
00509f70	PLATE	Validates a received packet's type and dispatches it to the registered handler, timing the call and reporting elapsed cost.
0050a030	PLATE	Initializes a protocol object's fields and allocates and populates its per-packet-type handler dispatch tables.
0050a130	PLATE	Registers a handler object for a list of packet types and records it in the protocol's handler list.
0050a210	PLATE	Finalizes the current outgoing packet by appending timing data, then flushes or frees the message buffer based on packet flags and cost.
0050a340	PLATE	Routes packet completion to send-stop or receive handling based on direction flags, aborting if the service request is unresolved.
0050a390	PLATE	Frees the protocol object's handler dispatch tables and its registered handler list.
0050a470	PLATE	Reads and discards a pending stream packet for the STREAM_CHECK probe, logging when a null packet is received.
0050a4e0	PLATE	Flushes the send queue then reads packet length and type headers from the stream's receive buffer and dispatches each complete packet to the protocol handler.
0050a670	PLATE	Writes all queued outgoing buffers to the socket and removes the connection from the write-ready set once everything has been sent.
0050a6d0	PLATE	Adds the connection to the master fd set and removes it from both the primary and secondary read sets.
0050a700	PLATE	Initializes a stream object by allocating its two send/receive buffers, storing the connection handle and mode, and registering the socket on the primary read set.
0050a7f0	PLATE	Frees the stream's send and receive buffers and closes the underlying network connection.
0050a840	PLATE	Pushes an error-handler callback onto the front of the global stream error-handler list.
0050a850	PLATE	Removes the most recently pushed error-handler callback from the front of the global stream error-handler list.
0050a860	PLATE	Packages an error severity, location, message, and connection into a record and invokes the current handler at the front of the global error-handler list.
0050a8b0	PLATE	Packages a warning message and connection into a record with severity level 1 and invokes the current handler at the front of the global error-handler list.
0050a900	PLATE	Prints per-interface network throughput statistics (packets/sec, bytes/sec, bytes/packet, total bits) for a connection over the elapsed time interval.
0050a9e0	PLATE	Frees the two triple-pointer sub-buffers referenced at offsets 4 and 8 of the given object and clears those slots to null.
0050aa80	PLATE	Finds the connection traffic profile matching the given connection ID, prints its STP and DGP traffic totals and duration, then unlinks and frees it.
0050ab70	PLATE	Opens the file /tmp/NAME.not for binary writing and allocates a write buffer, initializing the object's file handle, buffer start/current/end pointers, and tag field.
0050ac00	PLATE	Writes all buffered bytes between the buffer start and current pointers to the writer's file, resets the current pointer to the start, and flushes the file.
0050ac50	PLATE	Appends the given bytes to the buffered writer, flushing to file first if they would overflow the buffer and aborting if they exceed total buffer size, then advances the current pointer and flushes again after a time interval.
0050ace0	PLATE	Copies the 48-byte source record into this object and deep-copies its two heap buffers via fresh allocations, also storing the source's incremented index field.
0050ad40	PLATE	Populates a meter sample record from the source meter, storing a tag, a rounded combined value, three float fields, an RGB color, and a flag marking whether all values are zero.
0050ae80	PLATE	Clamps the head node payload's end offset against the requested length and, if the threshold position has been reached, advances past the node and returns its payload pointer, else returns zero.
0050aee0	PLATE	Constructs the object by initializing its three embedded lists and resetting its count, index, and flag fields to their defaults.
0050af60	PLATE	Destroys the container by walking its two node lists to free each node's payload and inner buffers, then tearing down its three embedded lists.
0050b060	PLATE	Looks up the throttle entry for the given socket in the global list, creating and appending a new one if none exists.
0050b0f0	PLATE	Computes a randomized delayed delivery timestamp from the meter's latency and jitter fields added to the current global timer value.
0050b210	PLATE	Transmits a queued packet's buffered bytes via send or sendto, looping until fully sent and retrying on transient WSA errors.
0050b280	PLATE	Raises a base to an integer exponent using exponentiation by squaring, inverting the result for negative exponents.
0050b2d0	PLATE	Records a packet's bytes into a per-connection logging entry, creating a named entry for the connection if one does not already exist.
0050b3b0	PLATE	Selects and returns the next queued packet from a throttle entry that is due for delivery, applying simulated packet loss, duplication, and reordering.
0050b6b0	PLATE	Sends data immediately when the meter has no loss or lag, otherwise queues a copy of the packet on the socket's throttle entry for delayed delivery.
0050b7f0	PLATE	Sends datagram data to a destination address immediately when the meter is clear, otherwise queues a copy of the payload and destination on the socket's throttle entry for delayed delivery.
0050b930	PLATE	Finds the throttle entry for the given socket in the global list and unlinks and frees it.
0050b970	PLATE	Iterates every throttle entry and flushes all queued packets whose scheduled delivery time has been reached against the current timer.
0050bab0	PLATE	Forwards its two arguments to FUN_00511580 and returns that function's 64-bit result.
0050bac0	PLATE	Suspends the current thread for the given number of milliseconds via the Win32 Sleep API.
0050bad0	PLATE	Maps a Winsock (WSA) error code to a human-readable descriptive string.
0050bd50	PLATE	Enables or disables non-blocking mode on the given socket using the FIONBIO ioctlsocket command.
0050bd80	PLATE	Initializes Winsock once via WSAStartup and logs the resulting version and capability fields to the log stream.
0050be90	PLATE	Tears down Winsock via WSACleanup if it was previously initialized, logging an error if cleanup fails.
0050bed0	PLATE	Closes the given socket handle via the Winsock closesocket API.
0050bee0	PLATE	Enables the SO_KEEPALIVE socket option on the given socket and returns whether the call succeeded.
0050bf10	PLATE	Sets the TCP_NODELAY option on the given socket to disable Nagle's algorithm and returns whether the call succeeded.
0050bf40	PLATE	Tests whether the given double-precision value is a NaN via the CRT __isnan helper.
0050bf70	PLATE	Configures the x87 FPU control word, selecting one of two precision/rounding masks based on the flag argument.
0050bfa0	PLATE	Writes two global double-precision constants into the two output pointers and returns 1.
0050bfc0	PLATE	Compares two strings case-insensitively and returns the lowercased character difference at the first mismatch or 0 if equal.
0050c010	PLATE	Beeps, displays a "Wulfram" error message box, logs the title and message to stderr, then terminates the process.
0050c090	PLATE	Allocates a directory-search object for an existing path, duplicating the path and appending a wildcard pattern, or returns null if the path does not exist.
0050c120	PLATE	Advances a directory-search object via FindFirstFile/FindNextFile, copies the found filename into the object, and returns the object or null when enumeration ends.
0050c190	PLATE	Frees a directory-search object's path buffer and the object itself, returning 1 if the pointer was null.
0050c1c5	PLATE	Library Function - Single Match\n @__security_check_cookie@4\n\nLibraries: Visual Studio 2005 Release, Visual Studio 2008 Release, Visual Studio 2010 Release
0050c1d4	PLATE	Library Function - Single Match\n _strncmp\n\nLibrary: Visual Studio 2005 Release
0050c297	PLATE	Library Function - Single Match\n public: virtual __thiscall type_info::~type_info(void)\n\nLibrary: Visual Studio 2005 Release
0050c2a5	PLATE	Library Function - Single Match\n public: virtual void * __thiscall type_info::`scalar deleting destructor'(unsigned int)\n\nLibrary: Visual Studio 2005 Release
0050c2c1	PLATE	Library Function - Single Match\n public: bool __thiscall type_info::operator==(class type_info const &)const \n\nLibrary: Visual Studio 2005 Release
0050c2dc	PLATE	Library Function - Single Match\n public: __thiscall std::bad_alloc::bad_alloc(void)\n\nLibraries: Visual Studio 2005 Release, Visual Studio 2008 Release
0050c300	PLATE	Scalar deleting destructor for a std::bad_alloc object that runs the base exception destructor and optionally frees the memory.
0050c33a	PLATE	Library Function - Single Match\n void * __cdecl operator new(unsigned int)\n\nLibrary: Visual Studio 2005 Release
0050c3a4	PLATE	Library Function - Single Match\n _sprintf\n\nLibrary: Visual Studio 2005 Release
0050c41f	PLATE	Library Function - Single Match\n __snprintf_s\n\nLibrary: Visual Studio 2005 Release
0050c43e	PLATE	Library Function - Single Match\n __onexit_nolock\n\nLibrary: Visual Studio 2005 Release
0050c51a	PLATE	Library Function - Single Match\n __onexit\n\nLibrary: Visual Studio 2005 Release
0050c550	PLATE	Releases the CRT exit-table lock by delegating to Crt_UnlockExitTable.
0050c556	PLATE	Library Function - Single Match\n _atexit\n\nLibrary: Visual Studio 2005 Release
0050c568	PLATE	Library Function - Single Match\n _printf\n\nLibrary: Visual Studio 2005 Release
0050c604	PLATE	Releases the file lock stored in the CRT exception-info structure.
0050c617	PLATE	Library Function - Single Match\n __get_printf_count_output\n\nLibrary: Visual Studio 2005 Release
0050c62d	PLATE	Library Function - Single Match\n _vscan_fn\n\nLibrary: Visual Studio 2005 Release
0050c695	PLATE	Library Function - Multiple Matches With Different Base Names\n _sscanf\n _sscanf_s\n\nLibrary: Visual Studio 2005 Release
0050c6c0	PLATE	Library Function - Single Match\n _strncpy\n\nLibrary: Visual Studio
0050c7e4	PLATE	Library Function - Single Match\n __purecall\n\nLibrary: Visual Studio 2005 Release
0050c80e	PLATE	Library Function - Single Match\n _free\n\nLibrary: Visual Studio 2005 Release
0050c864	PLATE	Leaves the CRT multithread lock critical section at table index 4.
0050c89c	PLATE	Library Function - Single Match\n _V6_HeapAlloc\n\nLibrary: Visual Studio 2005 Release
0050c8e2	PLATE	Leaves the CRT multithread lock critical section at table index 4.
0050c8eb	PLATE	Library Function - Single Match\n _malloc\n\nLibrary: Visual Studio 2005 Release
0050c9ae	PLATE	Library Function - Single Match\n __strdup\n\nLibrary: Visual Studio 2005 Release
0050c9fe	PLATE	Library Function - Single Match\n public: __thiscall _LocaleUpdate::_LocaleUpdate(struct localeinfo_struct *)\n\nLibrary: Visual Studio 2005 Release
0050ca80	PLATE	Library Function - Single Match\n __toupper_l\n\nLibrary: Visual Studio 2005 Release
0050cb98	PLATE	Library Function - Single Match\n _toupper\n\nLibrary: Visual Studio 2005 Release
0050cbbf	PLATE	Returns the address of the global pointer object PTR_DAT_00573ec0.
0050cc96	PLATE	Library Function - Single Match\n __lock_file\n\nLibrary: Visual Studio 2005 Release
0050ccc5	PLATE	Library Function - Single Match\n __lock_file2\n\nLibrary: Visual Studio 2005 Release
0050cce8	PLATE	Library Function - Single Match\n __unlock_file\n\nLibrary: Visual Studio 2005 Release
0050cd17	PLATE	Library Function - Single Match\n __unlock_file2\n\nLibrary: Visual Studio 2005 Release
0050cd3a	PLATE	Library Function - Single Match\n __fsopen\n\nLibrary: Visual Studio 2005 Release
0050cdf4	PLATE	Unwind helper that unlocks the FILE stream stored at frame offset +8.
0050cdfe	PLATE	Library Function - Single Match\n _fopen\n\nLibrary: Visual Studio 2005 Release
0050ce11	PLATE	Library Function - Single Match\n _fprintf\n\nLibrary: Visual Studio 2005 Release
0050cf56	PLATE	Unwind helper that unlocks the FILE stream stored at frame offset +8.
0050cf60	PLATE	Library Function - Single Match\n __fseek_nolock\n\nLibrary: Visual Studio 2005 Release
0050cfe7	PLATE	Library Function - Single Match\n _fseek\n\nLibrary: Visual Studio 2005 Release
0050d062	PLATE	Unwind helper that unlocks the FILE stream stored at frame offset +8.
0050d06c	PLATE	Library Function - Single Match\n __fclose_nolock\n\nLibrary: Visual Studio 2005 Release
0050d0df	PLATE	Library Function - Single Match\n _fclose\n\nLibrary: Visual Studio 2005 Release
0050d153	PLATE	Unwind helper that unlocks the FILE stream held in the ESI register.
0050d15b	PLATE	Library Function - Multiple Matches With Different Base Names\n _fputc\n _putc\n\nLibrary: Visual Studio 2005 Release
0050d292	PLATE	Unwind helper that unlocks the FILE stream held in the ESI register.
0050d29a	PLATE	Library Function - Single Match\n __fwrite_nolock\n\nLibrary: Visual Studio 2005 Release
0050d3b4	PLATE	Library Function - Single Match\n _fwrite\n\nLibrary: Visual Studio 2005 Release
0050d437	PLATE	Unwind helper that unlocks the FILE stream stored at frame offset +0x14.
0050d441	PLATE	Library Function - Single Match\n __ftell_nolock\n\nLibrary: Visual Studio 2005 Release
0050d5d9	PLATE	Library Function - Single Match\n _ftell\n\nLibrary: Visual Studio 2005 Release
0050d63d	PLATE	Unwind helper that unlocks the FILE stream stored at frame offset +8.
0050d647	PLATE	Library Function - Single Match\n __amsg_exit\n\nLibrary: Visual Studio 2005 Release
0050d66b	PLATE	Calls CorExitProcess in mscoree.dll if the managed runtime is loaded, passing the given exit code.
0050d691	PLATE	Library Function - Single Match\n ___crtExitProcess\n\nLibrary: Visual Studio 2005 Release
0050d6a6	PLATE	Acquires CRT lock number 8 used to guard the atexit/exit handler table.
0050d6af	PLATE	Releases CRT lock number 8 that guards the atexit/exit handler table.
0050d6b8	PLATE	Library Function - Single Match\n __initterm\n\nLibrary: Visual Studio 2005 Release
0050d6d0	PLATE	Library Function - Single Match\n __initterm_e\n\nLibrary: Visual Studio 2005 Release
0050d6f0	PLATE	Library Function - Single Match\n __get_osplatform\n\nLibrary: Visual Studio 2005 Release
0050d727	PLATE	Library Function - Single Match\n __get_winmajor\n\nLibrary: Visual Studio 2005 Release
0050d763	PLATE	Library Function - Single Match\n __cinit\n\nLibrary: Visual Studio 2005 Release
0050d7f5	PLATE	Library Function - Single Match\n _doexit\n\nLibrary: Visual Studio 2005 Release
0050d8ae	PLATE	Releases CRT lock number 8 during unwind only when the frame's lock-held flag at EBP+0x10 is nonzero.
0050d8c3	PLATE	Library Function - Single Match\n _exit\n\nLibrary: Visual Studio 2005 Release
0050d8d4	PLATE	Library Function - Single Match\n __exit\n\nLibrary: Visual Studio 2005 Release
0050d8e5	PLATE	Library Function - Single Match\n __cexit\n\nLibrary: Visual Studio 2005 Release
0050d903	PLATE	Library Function - Single Match\n __init_pointers\n\nLibrary: Visual Studio 2005 Release
0050d950	PLATE	Computes the ceiling of a double, rounding toward positive infinity and handling NaN, infinity, and floating-point exception cases.
0050da6d	PLATE	Library Function - Single Match\n _realloc\n\nLibrary: Visual Studio 2005 Release
0050dbb1	PLATE	Releases CRT lock number 4.
0050dc88	PLATE	Library Function - Single Match\n __recalloc\n\nLibrary: Visual Studio 2005 Release
0050dccf	PLATE	Library Function - Single Match\n _feof\n\nLibrary: Visual Studio 2005 Release
0050dcfe	PLATE	Library Function - Single Match\n _ferror\n\nLibrary: Visual Studio 2005 Release
0050dd2d	PLATE	Library Function - Single Match\n __isupper_l\n\nLibrary: Visual Studio 2005 Release
0050dd7c	PLATE	Library Function - Single Match\n _isupper\n\nLibrary: Visual Studio 2005 Release
0050dda5	PLATE	Library Function - Single Match\n __islower_l\n\nLibrary: Visual Studio 2005 Release
0050ddf4	PLATE	Library Function - Single Match\n _islower\n\nLibrary: Visual Studio 2005 Release
0050de1d	PLATE	Library Function - Single Match\n __isdigit_l\n\nLibrary: Visual Studio 2005 Release
0050de6c	PLATE	Library Function - Single Match\n _isdigit\n\nLibrary: Visual Studio 2005 Release
0050de95	PLATE	Library Function - Single Match\n __isxdigit_l\n\nLibrary: Visual Studio 2005 Release
0050df14	PLATE	Library Function - Single Match\n __isspace_l\n\nLibrary: Visual Studio 2005 Release
0050df63	PLATE	Library Function - Single Match\n _isspace\n\nLibrary: Visual Studio 2005 Release
0050df8c	PLATE	Library Function - Single Match\n __isalnum_l\n\nLibrary: Visual Studio 2005 Release
0050dfe0	PLATE	Library Function - Single Match\n _isalnum\n\nLibrary: Visual Studio 2005 Release
0050e00b	PLATE	Library Function - Single Match\n __isprint_l\n\nLibrary: Visual Studio 2005 Release
0050e05f	PLATE	Library Function - Single Match\n _isprint\n\nLibrary: Visual Studio 2005 Release
0050e08a	PLATE	Library Function - Single Match\n __calloc_impl\n\nLibrary: Visual Studio 2005 Release
0050e186	PLATE	Releases CRT lock number 4 as part of an exception-unwind cleanup handler.
0050e1a8	PLATE	Library Function - Single Match\n _calloc\n\nLibrary: Visual Studio 2005 Release
0050e1e7	PLATE	Library Function - Single Match\n _rewind\n\nLibrary: Visual Studio 2005 Release
0050e2a2	PLATE	Unlocks the FILE stream taken from the frame argument at EBP+8 during exception unwind.
0050e2b0	PLATE	Returns a pointer to the first occurrence of the substring param_2 within the string param_1, or null if not found.
0050e336	PLATE	Library Function - Multiple Matches With Different Base Names\n __access_s\n __waccess_s\n\nLibrary: Visual Studio 2005 Release
0050e3bd	PLATE	Library Function - Multiple Matches With Different Base Names\n __access\n __waccess\n\nLibrary: Visual Studio 2005 Release
0050e3d1	PLATE	Library Function - Single Match\n _fgets\n\nLibrary: Visual Studio 2005 Release
0050e550	PLATE	Unlocks the FILE stream held in the EDI register during exception unwind.
0050e558	PLATE	Library Function - Single Match\n __vsnprintf_l\n\nLibrary: Visual Studio 2005 Release
0050e609	PLATE	Library Function - Single Match\n __vsnprintf\n\nLibrary: Visual Studio 2005 Release
0050e624	PLATE	Deletes the named file via DeleteFileA and maps any Win32 error to errno, returning 0 on success or -1 on failure.
0050e660	PLATE	Library Function - Single Match\n _swap\n\nLibrary: Visual Studio 2005 Release
0050e690	PLATE	Library Function - Single Match\n _shortsort\n\nLibrary: Visual Studio 2005 Release
0050e720	PLATE	Library Function - Single Match\n _qsort\n\nLibrary: Visual Studio 2005 Release
0050e9c7	PLATE	Library Function - Single Match\n void __stdcall __ArrayUnwind(void *,unsigned int,int,void (__thiscall*)(void *))\n\nLibraries: Visual Studio 2005 Release, Visual Studio 2008 Release, Visual Studio 2010 Release
0050ea25	PLATE	Library Function - Single Match\n void __stdcall `eh vector destructor iterator'(void *,unsigned int,int,void (__thiscall*)(void *))\n\nLibraries: Visual Studio 2005 Release, Visual Studio 2008 Release, Visual Studio 2010 Release
0050ea70	PLATE	Exception-unwind funclet that calls __ArrayUnwind to run destructors on a partially-constructed array when the local unwind flag is clear.
0050ea88	PLATE	Library Function - Single Match\n void __stdcall `eh vector constructor iterator'(void *,unsigned int,int,void (__thiscall*)(void *),void (__thiscall*)(void *))\n\nLibraries: Visual Studio 2005 Release, Visual Studio 2008 Release, Visual Studio 2010 Release
0050ead5	PLATE	Exception-unwind funclet that calls __ArrayUnwind to destruct a partially-constructed array when its local unwind flag is clear.
0050eaed	PLATE	Library Function - Single Match\n __snprintf\n\nLibrary: Visual Studio 2005 Release
0050eb9c	PLATE	Library Function - Multiple Matches With Different Base Names\n ___longjmp_internal\n _longjmp\n\nLibrary: Visual Studio 2019 Release
0050ec4d	PLATE	Library Function - Single Match\n __tolower_l\n\nLibrary: Visual Studio 2005 Release
0050ed64	PLATE	Library Function - Single Match\n _tolower\n\nLibrary: Visual Studio 2005 Release
0050ed8b	PLATE	Library Function - Single Match\n _atol\n\nLibrary: Visual Studio 2005 Release
0050eda1	PLATE	Library Function - Single Match\n __atof_l\n\nLibrary: Visual Studio 2005 Release
0050ee4a	PLATE	Library Function - Single Match\n _atof\n\nLibrary: Visual Studio 2005 Release
0050ee58	PLATE	Library Function - Single Match\n __gmtime64_s\n\nLibrary: Visual Studio 2005 Release
0050f094	PLATE	Library Function - Single Match\n __gmtime64\n\nLibrary: Visual Studio 2005 Release
0050f0be	PLATE	Library Function - Single Match\n __freea\n\nLibrary: Visual Studio 2005 Release
0050f0d9	PLATE	Library Function - Single Match\n void __cdecl _store_str(char *,char * *,unsigned int *)\n\nLibrary: Visual Studio 2005 Release
0050f0f9	PLATE	Library Function - Single Match\n void __cdecl _store_num(int,int,char * *,unsigned int *,unsigned int)\n\nLibrary: Visual Studio 2005 Release
0050f172	PLATE	Library Function - Single Match\n int __cdecl _expandtime(struct localeinfo_struct *,char,struct tm const *,char * *,unsigned int *,struct __lc_time_data *,unsigned int)\n\nLibrary: Visual Studio 2005 Release
0050f54d	PLATE	Library Function - Single Match\n int __cdecl _store_winword(struct localeinfo_struct *,int,struct tm const *,char * *,unsigned int *,struct __lc_time_data *)\n\nLibrary: Visual Studio 2005 Release
0050fa6a	PLATE	Library Function - Single Match\n __Strftime_l\n\nLibrary: Visual Studio 2005 Release
0050fc19	PLATE	Library Function - Single Match\n _strftime\n\nLibrary: Visual Studio 2005 Release
0050fc36	PLATE	Library Function - Single Match\n __localtime64_s\n\nLibrary: Visual Studio 2005 Release
0050fede	PLATE	Library Function - Multiple Matches With Different Base Names\n __gmtime32\n __gmtime64\n __localtime32\n __localtime64\n\nLibrary: Visual Studio 2005 Release
0050ff02	PLATE	Library Function - Single Match\n __time64\n\nLibraries: Visual Studio 2003 Release, Visual Studio 2005 Release
0050ff40	PLATE	Library Function - Single Match\n _strrchr\n\nLibrary: Visual Studio 2005 Release
0050ff6d	PLATE	Library Function - Single Match\n _vfprintf_helper\n\nLibrary: Visual Studio 2005 Release
005100b1	PLATE	Unwind funclet that releases the lock on a FILE stream by calling __unlock_file.
005100bb	PLATE	Library Function - Multiple Matches With Different Base Names\n __vfprintf_p\n _vfprintf\n _vfprintf_s\n\nLibrary: Visual Studio 2005 Release
005100e0	PLATE	Library Function - Single Match\n _memmove\n\nLibraries: Visual Studio 2005 Debug, Visual Studio 2005 Release, Visual Studio 2008 Debug, Visual Studio 2008 Release
00510445	PLATE	Library Function - Single Match\n __fread_nolock_s\n\nLibrary: Visual Studio 2005 Release
005105db	PLATE	Library Function - Single Match\n _fread_s\n\nLibrary: Visual Studio 2005 Release
00510698	PLATE	Unwind funclet that releases the lock on a FILE stream by calling __unlock_file.
005106a2	PLATE	Library Function - Single Match\n _fread\n\nLibrary: Visual Studio 2005 Release
005106bd	PLATE	Library Function - Single Match\n __flush\n\nLibrary: Visual Studio 2005 Release
0051071f	PLATE	Library Function - Single Match\n __fflush_nolock\n\nLibrary: Visual Studio 2005 Release
00510761	PLATE	Library Function - Single Match\n _flsall\n\nLibrary: Visual Studio 2005 Release
00510803	PLATE	Unwind funclet that unlocks the indexed FILE stream from the global stream table via __unlock_file2.
00510832	PLATE	Unwind funclet that leaves CRT critical-section lock index 1.
0051083b	PLATE	Library Function - Single Match\n _fflush\n\nLibrary: Visual Studio 2005 Release
00510884	PLATE	Unwind funclet that releases the lock on a FILE stream by calling __unlock_file.
0051088e	PLATE	Library Function - Single Match\n __flushall\n\nLibraries: Visual Studio 2005 Release, Visual Studio 2008 Release, Visual Studio 2010 Release
00510897	PLATE	Library Function - Single Match\n __chdir\n\nLibrary: Visual Studio 2005 Release
005109ba	PLATE	Library Function - Single Match\n __validdrive\n\nLibrary: Visual Studio 2005 Release
005109f1	PLATE	Library Function - Single Match\n __getdcwd_nolock\n\nLibrary: Visual Studio 2005 Release
00510b26	PLATE	Library Function - Single Match\n __getcwd\n\nLibrary: Visual Studio 2005 Release
00510b66	PLATE	Unwind funclet that leaves CRT critical-section lock index 7.
00510b80	PLATE	Scans the C string for the first occurrence of the given byte using a word-at-a-time search and returns a pointer to it or null (strchr).
00510c3e	PLATE	Library Function - Single Match\n __spawnlp\n\nLibrary: Visual Studio 2005 Release
00510c8a	PLATE	Library Function - Single Match\n __putenv_helper\n\nLibrary: Visual Studio 2005 Release
00510e99	PLATE	Library Function - Single Match\n __putenv\n\nLibrary: Visual Studio 2005 Release
00510ed5	PLATE	Exception-unwind cleanup stub that leaves global critical section index 7.
00510ede	PLATE	Library Function - Single Match\n _fast_error_exit\n\nLibrary: Visual Studio 2005 Release
00510f02	PLATE	Library Function - Single Match\n _check_managed_app\n\nLibrary: Visual Studio 2005 Release
00510f43	PLATE	Library Function - Single Match\n ___tmainCRTStartup\n\nLibrary: Visual Studio 2005 Release
0051112d	PLATE	Library Function - Single Match\n __cfltcvt_init\n\nLibrary: Visual Studio 2005 Release
0051118d	PLATE	Library Function - Single Match\n __fpmath\n\nLibrary: Visual Studio 2005 Release
005111ab	PLATE	Library Function - Single Match\n void __stdcall _JumpToContinuation(void *,struct EHRegistrationNode *)\n\nLibraries: Visual Studio 2005 Release, Visual Studio 2008 Release, Visual Studio 2010 Release
005111db	PLATE	Library Function - Multiple Matches With Different Base Names\n void __stdcall _CallMemberFunction1(void *,void *,void *)\n void __stdcall _CallMemberFunction2(void *,void *,void *,int)\n\nLibraries: Visual Studio 2005 Release, Visual Studio 2008 Release, Visual Studio 2010 Release
005111e2	PLATE	Library Function - Single Match\n void __stdcall _UnwindNestedFrames(struct EHRegistrationNode *,struct EHExceptionRecord *)\n\nLibrary: Visual Studio 2005 Release
00511234	PLATE	Library Function - Multiple Matches With Different Base Names\n ___CxxFrameHandler\n ___CxxFrameHandler2\n ___CxxFrameHandler3\n\nLibraries: Visual Studio 2005 Release, Visual Studio 2008 Release, Visual Studio 2010 Release
0051129a	PLATE	Library Function - Single Match\n int __cdecl _CallSETranslator(struct EHExceptionRecord *,struct EHRegistrationNode *,void *,void *,struct _s_FuncInfo const *,int,struct EHRegistrationNode *)\n\nLibraries: Visual Studio 2005 Release, Visual Studio 2008 Release
0051136f	PLATE	Library Function - Single Match\n enum _EXCEPTION_DISPOSITION __cdecl TranslatorGuardHandler(struct EHExceptionRecord *,struct TranslatorGuardRN *,void *,void *)\n\nLibraries: Visual Studio 2005 Release, Visual Studio 2008 Release, Visual Studio 2010 Release
0051140c	PLATE	Library Function - Single Match\n struct _s_TryBlockMapEntry const * __cdecl _GetRangeOfTrysToCheck(struct _s_FuncInfo const *,int,int,unsigned int *,unsigned int *)\n\nLibrary: Visual Studio 2005 Release
0051147f	PLATE	Library Function - Single Match\n __CreateFrameInfo\n\nLibrary: Visual Studio 2005 Release
005114a7	PLATE	Library Function - Single Match\n __IsExceptionObjectToBeDestroyed\n\nLibrary: Visual Studio 2005 Release
005114c8	PLATE	Library Function - Single Match\n __FindAndUnlinkFrame\n\nLibrary: Visual Studio 2005 Release
00511514	PLATE	Library Function - Single Match\n void * __cdecl _CallCatchBlock2(struct EHRegistrationNode *,struct _s_FuncInfo const *,void *,int,unsigned long)\n\nLibraries: Visual Studio 2005 Release, Visual Studio 2008 Release, Visual Studio 2010 Release
00511580	PLATE	Rounds the ST0 floating-point value to a 64-bit integer using round-half-up with sign correction.
005115b6	PLATE	Rounds the ST0 floating-point value to a 64-bit integer using round-half-up with sign correction.
00511630	PLATE	Library Function - Single Match\n _memcpy\n\nLibraries: Visual Studio 2005 Debug, Visual Studio 2005 Release, Visual Studio 2008 Debug, Visual Studio 2008 Release
005119a0	PLATE	Library Function - Single Match\n _memset\n\nLibraries: Visual Studio 2005 Debug, Visual Studio 2005 Release, Visual Studio 2008 Debug, Visual Studio 2008 Release
00511a1a	PLATE	Library Function - Single Match\n __getenv_helper_nolock\n\nLibrary: Visual Studio 2005 Release
00511a9b	PLATE	Library Function - Single Match\n _getenv\n\nLibrary: Visual Studio 2005 Release
00511b15	PLATE	Exception-unwind cleanup stub that leaves global critical section index 7.
00511b1e	PLATE	Library Function - Single Match\n __dupenv_s\n\nLibrary: Visual Studio 2005 Release
00511bfb	PLATE	Exception-unwind cleanup stub that leaves global critical section index 7.
00511c04	PLATE	Library Function - Single Match\n _genfname\n\nLibrary: Visual Studio 2005 Release
00511c94	PLATE	Library Function - Single Match\n __tmpfile_helper\n\nLibrary: Visual Studio 2005 Release
00511e9f	PLATE	Exception-unwind cleanup that unlocks the active FILE stream and leaves global critical section index 2.
00511eb4	PLATE	Library Function - Single Match\n _tmpfile\n\nLibrary: Visual Studio
00511ed0	PLATE	Computes the floor of a double by truncating mantissa bits toward negative infinity with NaN/infinity exception handling.
00512000	PLATE	Classifies the ST0 result for special exponent bits and dispatches it through the one-argument math error handler.
0051201d	PLATE	Reports a domain or range error (error code 5) for a one-argument math routine based on the FPU status and operand bits.
00512100	PLATE	Computes the cosine of the ST0 value, using a fast SSE path or the FPU range-reduction path depending on the rounding mode.
0051214f	PLATE	Thunk into the CRT __fload_withFB helper to load a float value from the stack with error fallback.
00512158	PLATE	Computes the cosine of the FPU ST0 value, reducing the argument modulo a period when the FPU partial-result flag is set and routing through the CRT math error handler on edge cases.
00512230	PLATE	Dispatches the floating-point remainder of ST1 by ST0 to an SSE fast path when supported or otherwise to the x87 software implementation.
0051228d	PLATE	Computes the x87 floating-point remainder, validating the FPU control word and handling NaN, infinity, and zero operands through the CRT float-load error fallback.
005124bc	PLATE	Dispatches a power/exponent CRT intrinsic to an SSE fast path when supported or otherwise to the x87 software routine via __cintrindisp1.
00512550	PLATE	Dispatches the logarithm of the ST0 value to an SSE fast path when supported or otherwise to the x87 software log routines.
005125a8	PLATE	Classifies the logarithm input for zero, negative, and denormal cases and reports the appropriate domain or range error through the CRT math error handlers.
00512660	PLATE	Library Function - Single Match\n _rand\n\nLibraries: Visual Studio 2003 Release, Visual Studio 2005 Release, Visual Studio 2008 Release
005126d0	PLATE	Dispatches the base-10 logarithm of the ST0 value to an SSE fast path when supported or otherwise to the x87 software log10 routines.
0051271f	PLATE	Thunk into the CRT __fload_withFB helper to load a float value from the stack with error fallback.
00512728	PLATE	Computes the sine of the FPU ST0 value, reducing the argument modulo a period when the FPU partial-result flag is set and routing through the CRT math error handler on edge cases.
00512800	PLATE	Computes arccosine of the ST0 argument, dispatching to an SSE path when available or otherwise to the x87 acos core helper.
00512858	PLATE	Evaluates arccosine using fpatan over sqrt(1-x^2) and x, with domain-error handling for out-of-range inputs.
0051291a	PLATE	Forwards its argument to the CRT two-argument intrinsic dispatcher using the descriptor at 0x575030.
00512924	PLATE	Library Function - Single Match\n _vfscanf\n\nLibrary: Visual Studio 2005 Release
00512a59	PLATE	Releases the stdio lock on the FILE stream held in EDI by calling the CRT _unlock_file helper.
00512a61	PLATE	Library Function - Multiple Matches With Different Base Names\n _fscanf\n _fscanf_s\n\nLibrary: Visual Studio 2005 Release
00512ac0	PLATE	Computes the tangent of the ST0 argument, dispatching to an SSE path when available or otherwise to the x87 tan core helper.
00512b0f	PLATE	Tail-calls the CRT _fload_withFB helper to load a floating-point argument from the stack frame.
00512b18	PLATE	Evaluates tangent using fptan with iterative range reduction when the argument exceeds the partial-tangent range, including domain-error handling.
00512bf0	PLATE	Computes arcsine of the ST0 argument, dispatching to an SSE path when available or otherwise to the x87 asin core helper.
00512c48	PLATE	Evaluates arcsine using fpatan over x and sqrt(1-x^2), with domain-error handling for out-of-range inputs.
00512cf6	PLATE	Library Function - Multiple Matches With Different Base Names\n _fgetc\n _getc\n\nLibrary: Visual Studio 2005 Release
00512e25	PLATE	Releases the stdio lock on the FILE stream held in ESI by calling the CRT _unlock_file helper.
00512e2d	PLATE	Library Function - Single Match\n _fputs\n\nLibrary: Visual Studio 2005 Release
00512f67	PLATE	Releases the CRT lock on the FILE stream held in ESI.
00512f6f	PLATE	Library Function - Single Match\n __fstat64i32\n\nLibrary: Visual Studio 2005 Release
005132b6	PLATE	Releases the CRT lock on the file handle passed at frame offset +8.
005132c0	PLATE	Library Function - Single Match\n _IsRootUNCName\n\nLibrary: Visual Studio 2005 Release
00513338	PLATE	Library Function - Single Match\n __stat64i32\n\nLibrary: Visual Studio 2005 Release
00513686	PLATE	Library Function - Single Match\n __get_sys_err_msg\n\nLibrary: Visual Studio 2005 Release
005136a9	PLATE	Library Function - Single Match\n _perror\n\nLibrary: Visual Studio 2005 Release
0051372d	PLATE	Releases the CRT lock on the file handle stored in the caller's local at frame offset -0x1c.
00513737	PLATE	Library Function - Single Match\n __fileno\n\nLibrary: Visual Studio 2005 Release
00513764	PLATE	Library Function - Single Match\n __freopen_helper\n\nLibrary: Visual Studio 2005 Release
00513833	PLATE	Releases the CRT lock on the FILE stream stored in the caller's local at frame offset -0x1c.
0051383d	PLATE	Library Function - Single Match\n _freopen\n\nLibraries: Visual Studio 2005 Release, Visual Studio 2008 Release
00513861	PLATE	Library Function - Single Match\n __isnan\n\nLibraries: Visual Studio 2003 Release, Visual Studio 2005 Release
0051388f	PLATE	Library Function - Single Match\n __fpclass\n\nLibrary: Visual Studio 2005 Release
00513930	PLATE	Library Function - Single Match\n __allmul\n\nLibrary: Visual Studio 2005 Release
00513964	PLATE	Library Function - Single Match\n __get_errno_from_oserr\n\nLibrary: Visual Studio 2005 Release
0051399f	PLATE	Library Function - Single Match\n __errno\n\nLibrary: Visual Studio 2005 Release
005139b2	PLATE	Library Function - Single Match\n ___doserrno\n\nLibrary: Visual Studio 2005 Release
005139c5	PLATE	Library Function - Single Match\n __dosmaperr\n\nLibrary: Visual Studio 2005 Release
005139f0	PLATE	Library Function - Single Match\n __allrem\n\nLibrary: Visual Studio
00513ab0	PLATE	Library Function - Single Match\n __alldiv\n\nLibrary: Visual Studio 2005 Release
00513ba0	PLATE	Validates the log10 result on the FPU stack and dispatches to fast-return or error-handling paths depending on FPU/SSE control state.
00513bf8	PLATE	Classifies a log10 domain/range error from the input double and raises the appropriate CRT math error handler.
00513cb0	PLATE	Library Function - Single Match\n __hw_cw\n\nLibrary: Visual Studio 2005 Release
00513d3e	PLATE	Library Function - Single Match\n ___hw_cw_sse2\n\nLibrary: Visual Studio 2005 Release
00513dde	PLATE	Library Function - Single Match\n __control87\n\nLibrary: Visual Studio 2005 Release
005140e1	PLATE	Creates the named directory via CreateDirectoryA and maps any Win32 error to errno, returning 0 on success or -1 on failure.
0051410d	PLATE	Library Function - Single Match\n ___report_gsfailure\n\nLibraries: Visual Studio 2005 Release, Visual Studio 2008 Release, Visual Studio 2010 Release
00514211	PLATE	Library Function - Single Match\n private: static void __cdecl type_info::_Type_info_dtor(class type_info *)\n\nLibraries: Visual Studio 2005 Release, Visual Studio 2008 Release, Visual Studio 2010 Release
00514278	PLATE	Reports CRT runtime error code 14 by forwarding to the runtime error message/abort routine.
00514290	PLATE	Library Function - Single Match\n _strcmp\n\nLibrary: Visual Studio 2005 Release
00514318	PLATE	Library Function - Single Match\n public: __thiscall std::exception::exception(char const * const &)\n\nLibrary: Visual Studio 2005 Release
00514366	PLATE	Library Function - Single Match\n public: __thiscall std::exception::exception(char const * const &,int)\n\nLibraries: Visual Studio 2005 Release, Visual Studio 2008 Release
0051437e	PLATE	Library Function - Single Match\n public: __thiscall std::exception::exception(class std::exception const &)\n\nLibrary: Visual Studio 2005 Release
005143d6	PLATE	Library Function - Single Match\n public: virtual __thiscall exception::~exception(void)\n\nLibraries: Visual Studio 2003 Release, Visual Studio 2005 Release
005143ec	PLATE	Returns the exception object's stored message string, or "Unknown exception" if none is set.
005143f9	PLATE	Destroys the exception object and frees its memory when the low bit of the flag argument is set.
00514415	PLATE	Stores the argument into the global variable at DAT_005d8664.
0051441f	PLATE	Library Function - Single Match\n __callnewh\n\nLibrary: Visual Studio 2005 Release
00514441	PLATE	Library Function - Single Match\n __CxxThrowException@8\n\nLibrary: Visual Studio 2005 Release
0051448b	PLATE	Library Function - Single Match\n __flsbuf\n\nLibrary: Visual Studio 2005 Release
005145eb	PLATE	Library Function - Single Match\n _write_char\n\nLibrary: Visual Studio 2005 Release
0051461e	PLATE	Library Function - Single Match\n _write_multi_char\n\nLibrary: Visual Studio 2005 Release
00514642	PLATE	Library Function - Single Match\n __output_l\n\nLibrary: Visual Studio 2005 Release
00514fda	PLATE	Stores the argument into the global variable at DAT_005d8668.
00514fe4	PLATE	Library Function - Single Match\n __invoke_watson\n\nLibrary: Visual Studio 2005 Release
005150e0	PLATE	Library Function - Single Match\n __invalid_parameter\n\nLibrary: Visual Studio 2005 Release
00515104	PLATE	Library Function - Single Match\n __vsnprintf_helper\n\nLibrary: Visual Studio 2005 Release
005151ce	PLATE	Library Function - Single Match\n __vsnprintf_s_l\n\nLibrary: Visual Studio 2005 Release
005152d3	PLATE	Library Function - Single Match\n __encode_pointer\n\nLibrary: Visual Studio 2005 Release
00515336	PLATE	Library Function - Single Match\n __encoded_null\n\nLibrary: Visual Studio 2005 Release
0051533f	PLATE	Library Function - Single Match\n __decode_pointer\n\nLibrary: Visual Studio 2005 Release
005153ab	PLATE	Library Function - Single Match\n ___set_flsgetvalue\n\nLibrary: Visual Studio 2005 Release
005153d5	PLATE	Library Function - Single Match\n __mtterm\n\nLibrary: Visual Studio 2005 Release
00515412	PLATE	Library Function - Single Match\n __initptd\n\nLibrary: Visual Studio 2005 Release
005154bd	PLATE	Leaves the critical section at lock table index 12.
005154c6	PLATE	Library Function - Single Match\n __getptd_noexit\n\nLibrary: Visual Studio 2005 Release
00515549	PLATE	Library Function - Single Match\n __getptd\n\nLibrary: Visual Studio 2005 Release
0051566d	PLATE	Leaves the critical section at lock table index 13.
00515679	PLATE	Leaves the critical section at lock table index 12.
00515682	PLATE	Library Function - Single Match\n __mtinit\n\nLibrary: Visual Studio 2005 Release
00515806	PLATE	Library Function - Single Match\n __malloc_crt\n\nLibrary: Visual Studio 2005 Release
00515846	PLATE	Library Function - Single Match\n __calloc_crt\n\nLibrary: Visual Studio 2005 Release
0051588e	PLATE	Library Function - Single Match\n __realloc_crt\n\nLibrary: Visual Studio 2005 Release
005158d9	PLATE	Library Function - Single Match\n __recalloc_crt\n\nLibrary: Visual Studio 2005 Release
00515929	PLATE	Library Function - Single Match\n __msize\n\nLibrary: Visual Studio 2005 Release
005159c3	PLATE	Leaves the critical section at lock table index 4.
005159cc	PLATE	Library Function - Single Match\n __SEH_prolog4\n\nLibrary: Visual Studio
00515a11	PLATE	Library Function - Single Match\n __SEH_epilog4\n\nLibrary: Visual Studio
00515a30	PLATE	Library Function - Single Match\n __except_handler4\n\nLibrary: Visual Studio 2005 Release
00515bc6	PLATE	Library Function - Single Match\n __stbuf\n\nLibrary: Visual Studio 2005 Release
00515c5c	PLATE	Library Function - Single Match\n __ftbuf\n\nLibrary: Visual Studio 2005 Release
00515c90	PLATE	Library Function - Single Match\n _strlen\n\nLibrary: Visual Studio
005169f7	PLATE	Library Function - Single Match\n _abort\n\nLibrary: Visual Studio 2005 Release
00516aea	PLATE	Library Function - Single Match\n __set_abort_behavior\n\nLibrary: Visual Studio 2005 Release
00516b08	PLATE	Library Function - Single Match\n __NMSG_WRITE\n\nLibrary: Visual Studio 2005 Release
00516ca8	PLATE	Library Function - Single Match\n __FF_MSGBANNER\n\nLibrary: Visual Studio 2005 Release
00516ce1	PLATE	Stores the argument into the global variable at DAT_005d89a4.
00516ceb	PLATE	Library Function - Single Match\n ___heap_select\n\nLibrary: Visual Studio 2005 Release
00516d46	PLATE	Library Function - Single Match\n __heap_init\n\nLibrary: Visual Studio 2005 Release
00516da0	PLATE	Library Function - Single Match\n __mtinitlocks\n\nLibrary: Visual Studio 2005 Release
00516de9	PLATE	Library Function - Single Match\n __mtdeletelocks\n\nLibraries: Visual Studio 2005 Release, Visual Studio 2008 Release
00516e3e	PLATE	Leaves the critical section stored at the given index in the global lock table.
00516e53	PLATE	Library Function - Single Match\n __mtinitlocknum\n\nLibrary: Visual Studio 2005 Release
00516f0d	PLATE	Leaves the critical section at lock table index 10.
00516f16	PLATE	Library Function - Single Match\n __lock\n\nLibrary: Visual Studio 2005 Release
00516f47	PLATE	Library Function - Single Match\n ___sbh_heap_init\n\nLibrary: Visual Studio 2005 Release
00516fb3	PLATE	Advances a pointer through an array of 0x14-byte timestamped records, skipping entries whose age relative to param_1 exceeds about one second.
00516fba	PLATE	Library Function - Single Match\n ___sbh_free_block\n\nLibrary: Visual Studio 2005 Release
005172ce	PLATE	Library Function - Single Match\n ___sbh_alloc_new_region\n\nLibrary: Visual Studio 2005 Release
0051737e	PLATE	Library Function - Single Match\n ___sbh_alloc_new_group\n\nLibrary: Visual Studio 2005 Release
00517484	PLATE	Library Function - Single Match\n ___sbh_resize_block\n\nLibrary: Visual Studio 2005 Release
00517763	PLATE	Library Function - Single Match\n ___sbh_alloc_block\n\nLibrary: Visual Studio 2005 Release
00517a46	PLATE	Library Function - Single Match\n _strcpy_s\n\nLibrary: Visual Studio 2005 Release
00517aab	PLATE	Library Function - Single Match\n int __cdecl CPtoLCID(int)\n\nLibrary: Visual Studio 2005 Release
00517ada	PLATE	Library Function - Single Match\n void __cdecl setSBCS(struct threadmbcinfostruct *)\n\nLibrary: Visual Studio 2005 Release
00517b2f	PLATE	Library Function - Single Match\n void __cdecl setSBUpLow(struct threadmbcinfostruct *)\n\nLibrary: Visual Studio 2005 Release
00517cb9	PLATE	Library Function - Single Match\n ___updatetmbcinfo\n\nLibrary: Visual Studio 2005 Release
00517d54	PLATE	Releases the critical section at global lock array index 0xd.
00517d5d	PLATE	Library Function - Single Match\n int __cdecl getSystemCP(int)\n\nLibrary: Visual Studio 2005 Release
00517dd7	PLATE	Library Function - Single Match\n __setmbcp_nolock\n\nLibrary: Visual Studio 2005 Release
00517f82	PLATE	Library Function - Single Match\n __setmbcp\n\nLibrary: Visual Studio 2005 Release
005180e3	PLATE	Releases the critical section at global lock array index 0xd.
0051811c	PLATE	Library Function - Single Match\n ___initmbctable\n\nLibrary: Visual Studio 2005 Release
0051813a	PLATE	Library Function - Single Match\n ___freetlocinfo\n\nLibrary: Visual Studio 2005 Release
0051827a	PLATE	Library Function - Single Match\n ___addlocaleref\n\nLibrary: Visual Studio 2005 Release
00518300	PLATE	Library Function - Single Match\n ___removelocaleref\n\nLibrary: Visual Studio 2005 Release
0051838c	PLATE	Library Function - Single Match\n __updatetlocinfoEx_nolock\n\nLibrary: Visual Studio 2005 Release
005183ca	PLATE	Library Function - Single Match\n ___updatetlocinfo\n\nLibrary: Visual Studio 2005 Release
00518434	PLATE	Releases the critical section at global lock array index 0xc.
00518440	PLATE	Library Function - Single Match\n int __cdecl __crtLCMapStringA_stat(struct localeinfo_struct *,unsigned long,unsigned long,char const *,int,char *,int,int,int)\n\nLibrary: Visual Studio 2005 Release
005187e2	PLATE	Library Function - Single Match\n ___crtLCMapStringA\n\nLibrary: Visual Studio 2005 Release
00518825	PLATE	Library Function - Single Match\n __isleadbyte_l\n\nLibrary: Visual Studio 2005 Release
0051885b	PLATE	Library Function - Single Match\n _isleadbyte\n\nLibrary: Visual Studio 2005 Release
00518869	PLATE	Library Function - Single Match\n __isctype_l\n\nLibrary: Visual Studio 2005 Release
0051891f	PLATE	Library Function - Single Match\n __ioinit\n\nLibrary: Visual Studio 2005 Release
00518b5f	PLATE	Library Function - Single Match\n __fcloseall\n\nLibraries: Visual Studio 2005 Release, Visual Studio 2008 Release
00518bf5	PLATE	Releases the critical section at global lock array index 1.
00518bfe	PLATE	Library Function - Single Match\n __openfile\n\nLibrary: Visual Studio 2005 Release
00518ea0	PLATE	Library Function - Single Match\n __getstream\n\nLibrary: Visual Studio 2005 Release
00518fbd	PLATE	Releases the critical section at global lock array index 1.
00518fc8	PLATE	Library Function - Single Match\n __local_unwind4\n\nLibraries: Visual Studio 2005 Release, Visual Studio 2008 Release
0051909e	PLATE	Library Function - Single Match\n __seh_longjmp_unwind4@4\n\nLibrary: Visual Studio
005190ba	PLATE	Library Function - Single Match\n @_EH4_CallFilterFunc@8\n\nLibrary: Visual Studio 2005 Release
005190d1	PLATE	Library Function - Single Match\n @_EH4_TransferToHandler@8\n\nLibrary: Visual Studio 2005 Release
005190ea	PLATE	Library Function - Single Match\n @_EH4_GlobalUnwind@4\n\nLibrary: Visual Studio 2005 Release
00519104	PLATE	Library Function - Single Match\n @_EH4_LocalUnwind@16\n\nLibrary: Visual Studio 2005 Release
0051911b	PLATE	Library Function - Single Match\n __lseek_nolock\n\nLibrary: Visual Studio 2005 Release
0051918d	PLATE	Library Function - Single Match\n __lseek\n\nLibrary: Visual Studio 2005 Release
0051925f	PLATE	Unlock funclet that releases the CRT file-handle lock for the handle passed on the frame.
00519269	PLATE	Library Function - Single Match\n __close_nolock\n\nLibrary: Visual Studio 2005 Release
005192fd	PLATE	Library Function - Single Match\n __close\n\nLibrary: Visual Studio 2005 Release
005193c0	PLATE	Unlock funclet that releases the CRT file-handle lock for the handle passed on the frame.
005193ca	PLATE	Library Function - Single Match\n __freebuf\n\nLibrary: Visual Studio 2005 Release
005193f6	PLATE	Library Function - Single Match\n __write_nolock\n\nLibrary: Visual Studio 2005 Release
005199bc	PLATE	Library Function - Single Match\n __write\n\nLibrary: Visual Studio 2005 Release
00519a8e	PLATE	Unlock funclet that releases the CRT file-handle lock for the handle passed on the frame.
00519a98	PLATE	Library Function - Single Match\n __RTC_Initialize\n\nLibrary: Visual Studio 2005 Release
00519abc	PLATE	Empty stub that returns immediately with no effect.
00519ae0	PLATE	Library Function - Single Match\n __initp_misc_cfltcvt_tab\n\nLibrary: Visual Studio 2005 Release
00519b00	PLATE	Library Function - Single Match\n __ValidateImageBase\n\nLibrary: Visual Studio 2005 Release
00519b30	PLATE	Library Function - Single Match\n __FindPESection\n\nLibrary: Visual Studio 2005 Release
00519b72	PLATE	Library Function - Single Match\n __IsNonwritableInCurrentImage\n\nLibrary: Visual Studio 2005 Release
00519bde	PLATE	Library Function - Single Match\n void __cdecl terminate(void)\n\nLibrary: Visual Studio 2005 Release
00519c17	PLATE	Library Function - Single Match\n void __cdecl unexpected(void)\n\nLibrary: Visual Studio 2005 Release
00519c2a	PLATE	Library Function - Single Match\n void __cdecl _inconsistency(void)\n\nLibrary: Visual Studio 2005 Release
00519c61	PLATE	Library Function - Single Match\n __initp_eh_hooks\n\nLibrary: Visual Studio 2005 Release
00519c72	PLATE	Empty no-operation function that returns immediately without doing anything.
00519c73	PLATE	Library Function - Single Match\n __XcptFilter\n\nLibrary: Visual Studio 2005 Release
00519de2	PLATE	Library Function - Single Match\n __initp_misc_winsig\n\nLibrary: Visual Studio 2005 Release
00519dfb	PLATE	Library Function - Single Match\n _siglookup\n\nLibrary: Visual Studio 2005 Release
00519e2f	PLATE	Library Function - Single Match\n ___get_sigabrt\n\nLibrary: Visual Studio 2005 Release
00519e3c	PLATE	Library Function - Single Match\n _raise\n\nLibrary: Visual Studio 2005 Release
00519fb0	PLATE	Leaves critical section index 0 only if a local flag indicates the lock was acquired.
00519fec	PLATE	Stores the supplied value into global variable DAT_005d8b64.
00519ff6	PLATE	Stores the supplied value into global variable DAT_005d8b68.
0051a000	PLATE	Library Function - Single Match\n ___crtInitCritSecNoSpinCount@8\n\nLibrary: Visual Studio 2005 Release
0051a010	PLATE	Library Function - Single Match\n ___crtInitCritSecAndSpinCount\n\nLibrary: Visual Studio 2005 Release
0051a0d5	PLATE	Library Function - Single Match\n ___libm_error_support\n\nLibrary: Visual Studio 2005 Release
0051a46a	PLATE	Library Function - Single Match\n __filbuf\n\nLibrary: Visual Studio 2005 Release
0051a58c	PLATE	Library Function - Single Match\n __global_unwind2\n\nLibrary: Visual Studio
0051a5f1	PLATE	Library Function - Single Match\n __local_unwind2\n\nLibraries: Visual Studio 2017 Debug, Visual Studio 2017 Release, Visual Studio 2019 Debug, Visual Studio 2019 Release
0051a698	PLATE	Library Function - Single Match\n __NLG_Notify1\n\nLibraries: Visual Studio 2017 Debug, Visual Studio 2017 Release, Visual Studio 2019 Debug, Visual Studio 2019 Release
0051a6a1	PLATE	Library Function - Single Match\n __NLG_Notify\n\nLibraries: Visual Studio 2017 Debug, Visual Studio 2017 Release, Visual Studio 2019 Debug, Visual Studio 2019 Release
0051a6c0	PLATE	Invokes the function pointer passed in the EAX register as a thunk.
0051a6c3	PLATE	Library Function - Single Match\n __rt_probe_read4@4\n\nLibraries: Visual Studio 2005 Release, Visual Studio 2008 Release, Visual Studio 2010 Release, Visual Studio 2019 Release
0051a70e	PLATE	Library Function - Single Match\n unsigned long __cdecl strtoxl(struct localeinfo_struct *,char const *,char const * *,int,int)\n\nLibrary: Visual Studio 2005 Release
0051a939	PLATE	Library Function - Single Match\n _strtol\n\nLibrary: Visual Studio 2005 Release
0051a962	PLATE	Library Function - Single Match\n _strtoul\n\nLibrary: Visual Studio 2005 Release
0051a98c	PLATE	Library Function - Single Match\n __fltin2\n\nLibrary: Visual Studio 2005 Release
0051aa31	PLATE	Library Function - Single Match\n ___strgtold12_l\n\nLibrary: Visual Studio 2005 Release
0051b0f5	PLATE	Library Function - Single Match\n ___getgmtimebuf\n\nLibrary: Visual Studio 2005 Release
0051b13d	PLATE	Library Function - Single Match\n __get_daylight\n\nLibrary: Visual Studio 2005 Release
0051b171	PLATE	Library Function - Single Match\n __get_dstbias\n\nLibrary: Visual Studio 2005 Release
0051b1a5	PLATE	Library Function - Multiple Matches With Different Base Names\n __get_daylight\n __get_dstbias\n __get_timezone\n\nLibrary: Visual Studio 2005 Release
0051b1d9	PLATE	Returns the address of global variable DAT_00574dac.
0051b1df	PLATE	Returns the address of global variable DAT_00574db0.
0051b1e5	PLATE	Returns the address of global variable DAT_00574da8.
0051b1eb	PLATE	Returns the address of the global pointer table PTR_PTR_00574e38.
0051b1f1	PLATE	Library Function - Single Match\n __tzset_nolock\n\nLibrary: Visual Studio 2005 Release
0051b4a0	PLATE	Leaves the critical section at index 7 in the global lock array.
0051b530	PLATE	Library Function - Single Match\n _cvtdate\n\nLibrary: Visual Studio 2005 Release
0051b725	PLATE	Library Function - Single Match\n __isindst_nolock\n\nLibrary: Visual Studio 2005 Release
0051b8d3	PLATE	Library Function - Single Match\n ___tzset\n\nLibrary: Visual Studio 2005 Release
0051b919	PLATE	Releases the global critical section at lock index 6.
0051b922	PLATE	Library Function - Single Match\n __isindst\n\nLibraries: Visual Studio 2005 Release, Visual Studio 2008 Release, Visual Studio 2010 Release
0051b95a	PLATE	Releases the global critical section at lock index 6.
0051b963	PLATE	Library Function - Single Match\n ___ascii_stricmp\n\nLibrary: Visual Studio 2005 Release
0051b998	PLATE	Library Function - Single Match\n __stricmp_l\n\nLibrary: Visual Studio 2005 Release
0051ba70	PLATE	Library Function - Single Match\n __alloca_probe_16\n\nLibrary: Visual Studio 2005 Release
0051ba86	PLATE	Library Function - Single Match\n __alloca_probe_8\n\nLibrary: Visual Studio
0051baa0	PLATE	Library Function - Single Match\n __aulldiv\n\nLibraries: Visual Studio 2003 Release, Visual Studio 2005 Release
0051bb08	PLATE	Library Function - Single Match\n _write_string\n\nLibrary: Visual Studio 2005 Release
0051c502	PLATE	Copies memory from source to destination in unrolled units of 128 dwords (512 bytes) repeated for param_3 divided by 128 iterations.
0051c589	PLATE	Library Function - Single Match\n __VEC_memcpy\n\nLibraries: Visual Studio 2005 Debug, Visual Studio 2005 Release, Visual Studio 2008 Debug, Visual Studio 2008 Release
0051c66c	PLATE	Library Function - Single Match\n __read_nolock\n\nLibrary: Visual Studio 2005 Release
0051cc0e	PLATE	Library Function - Single Match\n __read\n\nLibrary: Visual Studio 2005 Release
0051cce0	PLATE	Releases the CRT lock guarding the file handle passed on the stack via __unlock_fhandle.
0051ccea	PLATE	Library Function - Single Match\n _memcpy_s\n\nLibraries: Visual Studio 2005 Release, Visual Studio 2008 Release
0051cd65	PLATE	Library Function - Single Match\n __commit\n\nLibrary: Visual Studio 2005 Release
0051ce3c	PLATE	Releases the CRT lock guarding the file handle passed on the stack via __unlock_fhandle.
0051ce46	PLATE	Library Function - Single Match\n __mbctoupper_l\n\nLibrary: Visual Studio 2005 Release
0051ceea	PLATE	Library Function - Single Match\n __mbctoupper\n\nLibrary: Visual Studio 2005 Release
0051cef8	PLATE	Library Function - Single Match\n __getdrive\n\nLibrary: Visual Studio 2005 Release
0051cfbe	PLATE	Library Function - Single Match\n __spawnvp\n\nLibrary: Visual Studio 2005 Release
0051cfd5	PLATE	Library Function - Single Match\n _wfindenv\n\nLibrary: Visual Studio 2005 Release
0051d026	PLATE	Library Function - Single Match\n _copy_environ\n\nLibrary: Visual Studio 2005 Release
0051d083	PLATE	Library Function - Single Match\n ___crtwsetenv\n\nLibrary: Visual Studio 2005 Release
0051d3e4	PLATE	Returns the number of wide characters in the null-terminated UTF-16 string at param_1.
0051d3fa	PLATE	Library Function - Single Match\n _findenv\n\nLibrary: Visual Studio 2005 Release
0051d447	PLATE	Library Function - Single Match\n _copy_environ\n\nLibrary: Visual Studio 2005 Release
0051d4a4	PLATE	Library Function - Single Match\n ___crtsetenv\n\nLibrary: Visual Studio 2005 Release
0051d6eb	PLATE	Library Function - Single Match\n _strnlen\n\nLibrary: Visual Studio 2005 Release
0051d705	PLATE	Library Function - Single Match\n __mbschr_l\n\nLibrary: Visual Studio 2005 Release
0051d7bf	PLATE	Library Function - Single Match\n __mbschr\n\nLibrary: Visual Studio 2005 Release
0051d7d2	PLATE	Library Function - Single Match\n __wincmdln\n\nLibrary: Visual Studio 2005 Release
0051d82f	PLATE	Library Function - Single Match\n __setenvp\n\nLibrary: Visual Studio 2005 Release
0051d90a	PLATE	Library Function - Single Match\n _parse_cmdline\n\nLibrary: Visual Studio 2005 Release
0051daa2	PLATE	Library Function - Single Match\n __setargv\n\nLibrary: Visual Studio 2005 Release
0051db5b	PLATE	Library Function - Single Match\n ___crtGetEnvironmentStringsA\n\nLibrary: Visual Studio 2005 Release
0051dc90	PLATE	Library Function - Single Match\n ___security_init_cookie\n\nLibrary: Visual Studio 2005 Release
0051dd24	PLATE	Library Function - Single Match\n __forcdecpt_l\n\nLibrary: Visual Studio 2005 Release
0051dd95	PLATE	Library Function - Single Match\n __cropzeros_l\n\nLibrary: Visual Studio 2005 Release
0051de2b	PLATE	Library Function - Single Match\n __fassign_l\n\nLibraries: Visual Studio 2005 Release, Visual Studio 2008 Release, Visual Studio 2010 Release
0051de82	PLATE	Library Function - Single Match\n __shift\n\nLibrary: Visual Studio 2005 Release
0051debb	PLATE	Library Function - Single Match\n __cftoe2_l\n\nLibrary: Visual Studio 2005 Release
0051e028	PLATE	Library Function - Single Match\n __cftoe_l\n\nLibrary: Visual Studio 2005 Release
0051e0f6	PLATE	Library Function - Single Match\n __cftoe\n\nLibrary: Visual Studio 2005 Release
0051e114	PLATE	Library Function - Single Match\n __cftoa_l\n\nLibrary: Visual Studio 2005 Release
0051e485	PLATE	Library Function - Single Match\n __cftof2_l\n\nLibrary: Visual Studio 2005 Release
0051e57a	PLATE	Library Function - Single Match\n __cftof_l\n\nLibrary: Visual Studio 2005 Release
0051e633	PLATE	Library Function - Single Match\n __cftog_l\n\nLibrary: Visual Studio 2005 Release
0051e72b	PLATE	Library Function - Single Match\n __cfltcvt_l\n\nLibrary: Visual Studio 2005 Release
0051e7b1	PLATE	Library Function - Single Match\n __cfltcvt\n\nLibraries: Visual Studio 2005 Release, Visual Studio 2008 Release, Visual Studio 2010 Release, Visual Studio 2012 Release
0051e7d2	PLATE	Library Function - Single Match\n __setdefaultprecision\n\nLibrary: Visual Studio 2010 Release
0051e7fb	PLATE	Library Function - Single Match\n __ms_p5_test_fdiv\n\nLibraries: Visual Studio 2005 Release, Visual Studio 2008 Release
0051e837	PLATE	Library Function - Single Match\n __ms_p5_mp_test_fdiv\n\nLibrary: Visual Studio 2005 Release
0051e86b	PLATE	Destroys a std::bad_exception object and frees its memory when the low bit of the flag argument is set.
0051e88d	PLATE	Library Function - Single Match\n ___TypeMatch\n\nLibrary: Visual Studio 2005 Release
0051e92d	PLATE	Library Function - Single Match\n ___FrameUnwindToState\n\nLibrary: Visual Studio 2005 Release
0051e9f3	PLATE	Decrements the current thread's _ProcessingThrow counter if it is positive.
0051ea53	PLATE	Library Function - Single Match\n ___DestructExceptionObject\n\nLibrary: Visual Studio 2005 Release
0051eaa7	PLATE	Library Function - Single Match\n ___AdjustPointer\n\nLibrary: Visual Studio 2005 Release
0051eacc	PLATE	Library Function - Single Match\n unsigned char __cdecl IsInExceptionSpec(struct EHExceptionRecord *,struct _s_ESTypeList const *)\n\nLibrary: Visual Studio 2005 Release
0051eb45	PLATE	Library Function - Single Match\n void __cdecl CallUnexpected(struct _s_ESTypeList const *)\n\nLibrary: Visual Studio 2005 Release
0051eb8e	PLATE	Library Function - Single Match\n void * __cdecl CallCatchBlock(struct EHExceptionRecord *,struct EHRegistrationNode *,struct _CONTEXT *,struct _s_FuncInfo const *,void *,int,unsigned long)\n\nLibrary: Visual Studio 2005 Release
0051ecb4	PLATE	Restores the thread's exception/context state and unlinks the exception frame, then destructs the C++ exception object when its throw record is current and eligible for destruction.
0051ed2a	PLATE	Library Function - Single Match\n ___BuildCatchObjectHelper\n\nLibrary: Visual Studio 2005 Release
0051eea9	PLATE	Library Function - Single Match\n ___BuildCatchObject\n\nLibrary: Visual Studio 2005 Release
0051ef3a	PLATE	Library Function - Single Match\n void __cdecl CatchIt(struct EHExceptionRecord *,struct EHRegistrationNode *,struct _CONTEXT *,void *,struct _s_FuncInfo const *,struct _s_HandlerType const *,struct _s_CatchableType const *,struct _s_TryBlockMapEntry const *,int,struct EHRegistrationNode *,unsigned char)\n\nLibrary: Visual Studio 2005 Release
0051efa6	PLATE	Library Function - Single Match\n void __cdecl FindHandlerForForeignException(struct EHExceptionRecord *,struct EHRegistrationNode *,struct _CONTEXT *,void *,struct _s_FuncInfo const *,int,int,struct EHRegistrationNode *)\n\nLibrary: Visual Studio 2005 Release
0051f098	PLATE	Library Function - Single Match\n void __cdecl FindHandler(struct EHExceptionRecord *,struct EHRegistrationNode *,struct _CONTEXT *,void *,struct _s_FuncInfo const *,unsigned char,int,struct EHRegistrationNode *)\n\nLibrary: Visual Studio 2005 Release
0051f406	PLATE	Library Function - Single Match\n ___InternalCxxFrameHandler\n\nLibrary: Visual Studio 2005 Release
0051f4f0	PLATE	Library Function - Single Match\n __CallSettingFrame@12\n\nLibraries: Visual Studio 2005 Release, Visual Studio 2008 Release
0051f53c	PLATE	Library Function - Single Match\n _fastzero_I\n\nLibraries: Visual Studio 2005, Visual Studio 2008, Visual Studio 2019
0051f593	PLATE	Library Function - Single Match\n __VEC_memzero\n\nLibraries: Visual Studio 2005 Debug, Visual Studio 2005 Release, Visual Studio 2008 Debug, Visual Studio 2008 Release
0051f622	PLATE	Library Function - Single Match\n __mbsnbicoll_l\n\nLibrary: Visual Studio 2005 Release
0051f70e	PLATE	Library Function - Single Match\n __mbsnbicoll\n\nLibrary: Visual Studio 2005 Release
0051f725	PLATE	Library Function - Single Match\n ___wtomb_environ\n\nLibrary: Visual Studio 2005 Release
0051f7ba	PLATE	Library Function - Single Match\n _strcat_s\n\nLibrary: Visual Studio 2005 Release
0051f82b	PLATE	Library Function - Single Match\n _xtoa_s@20\n\nLibrary: Visual Studio 2005 Release
0051f906	PLATE	Library Function - Single Match\n __ultoa_s\n\nLibrary: Visual Studio 2005 Release
0051f91e	PLATE	Library Function - Single Match\n __mbsrchr_l\n\nLibrary: Visual Studio 2005 Release
0051f9de	PLATE	Library Function - Single Match\n __mbsrchr\n\nLibrary: Visual Studio 2005 Release
0051fa6b	PLATE	Releases the CRT stdio stream lock for the stream selected by the index in ESI, looking the stream up in the __piob table.
0051fa91	PLATE	Leaves critical section index 1 by delegating to the indexed critical-section release helper.
0051fa9a	PLATE	Library Function - Single Match\n __tsopen_nolock\n\nLibrary: Visual Studio 2005 Release
005200d8	PLATE	Library Function - Multiple Matches With Different Base Names\n __sopen_helper\n __wsopen_helper\n\nLibrary: Visual Studio 2005 Release
00520176	PLATE	Clears the in-use flag bit in the file-handle table entry and releases the per-handle lock during file stream cleanup.
005201a4	PLATE	Library Function - Single Match\n __sopen_s\n\nLibrary: Visual Studio 2005 Release
005202a0	PLATE	Library Function - Single Match\n __trandisp1\n\nLibrary: Visual Studio
00520307	PLATE	Library Function - Single Match\n __trandisp2\n\nLibraries: Visual Studio 1998, Visual Studio 2003, Visual Studio 2005, Visual Studio 2008
00520463	PLATE	Empty no-op stub that immediately returns without performing any action.
00520470	PLATE	Packages the floating-point register state and dispatches an x87 floating-point exception to the CRT __87except handler.
00520487	PLATE	Library Function - Single Match\n __startOneArgErrorHandling\n\nLibrary: Visual Studio 2005 Release
005204e5	PLATE	Empty no-op stub that immediately returns without performing any action.
005204fc	PLATE	Returns 7 when bit 0x80000 is set in the input value and 1 otherwise, mapping a flag bit to a status code.
00520515	PLATE	Library Function - Single Match\n __fload_withFB\n\nLibrary: Visual Studio
00520558	PLATE	Returns the IEEE-754 double exponent bits from the high word unless they are all set (NaN/Infinity), in which case it returns the full high word.
0052057b	PLATE	Library Function - Single Match\n __math_exit\n\nLibrary: Visual Studio
00520660	PLATE	Thin wrapper that forwards its argument to the sine core routine and returns the result.
0052067e	PLATE	Computes the sine of a double using Payne-Hanek-style argument reduction, a quadrant sin/cos lookup table, and polynomial approximation.
00520810	PLATE	Forwards the two FPU-stack double operands to the power routine to compute base raised to an exponent.
00520829	PLATE	Computes the floating-point power x raised to the y (pow), handling all special-value cases and reporting domain/range errors via the libm error handler.
00521577	PLATE	Library Function - Single Match\n __d_inttype\n\nLibrary: Visual Studio 2005 Release
005215db	PLATE	Resolves the result of pow when the base or exponent is infinite, writing the limiting value to the output pointer and returning whether the case was fully handled.
00521720	PLATE	Long-double entry point for the exponential function that converts the x87 ST0 argument to double and forwards it to the double-precision exp implementation.
0052173e	PLATE	Computes the base-e exponential (exp) of a double argument using a table-driven polynomial approximation, handling overflow and underflow through the libm error handler.
005219e0	PLATE	Library Function - Single Match\n __cintrindisp2\n\nLibrary: Visual Studio
00521a1e	PLATE	Library Function - Single Match\n __cintrindisp1\n\nLibrary: Visual Studio
00521a5b	PLATE	Library Function - Single Match\n __ctrandisp2\n\nLibraries: Visual Studio 1998, Visual Studio 2003, Visual Studio 2005, Visual Studio 2008
00521aa3	PLATE	Classifies an x87 floating-point result as overflow, underflow, or other special case, rescales it with fscale, and dispatches the matching exception record through the CRT 87except handler.
00521aaa	PLATE	Classifies an x87 floating-point result as overflow, underflow, or other special case, rescales it with fscale, and dispatches the matching exception record through the CRT 87except handler.
00521bf1	PLATE	Library Function - Single Match\n __ctrandisp1\n\nLibrary: Visual Studio
00521c24	PLATE	Library Function - Single Match\n __fload\n\nLibraries: Visual Studio 1998, Visual Studio 2003, Visual Studio 2005, Visual Studio 2008
00521c60	PLATE	Long-double entry point for the natural logarithm that converts the x87 ST0 argument to double and forwards it to the double-precision log implementation.
00521c7e	PLATE	Computes the natural logarithm (log) of a double argument via exponent extraction and a table-driven polynomial, returning a domain error for negative inputs and a pole error for zero through the libm error handler.
00521ed0	PLATE	Fastcall entry thunk for the sine function that forwards its argument to the core sin implementation.
00521eee	PLATE	Computes the sine of an x87 floating-point argument using 2/pi quadrant reduction with table-driven polynomial coefficients, falling back to a helper for out-of-range arguments.
005220a0	PLATE	Forwards the x87 ST0 long-double argument to the double-precision arcsine implementation.
005220be	PLATE	Computes the arcsine of a double-precision argument using range-reduced polynomial approximations and reports domain errors for inputs outside [-1,1].
0052266c	PLATE	Returns the 80-bit long-double value held in the global at 0x00574faa.
005226b0	PLATE	Forwards its argument to the double-precision tangent implementation.
005226ce	PLATE	Computes the tangent of a double-precision argument using range reduction and table-driven polynomial approximation, with a small-angle shortcut and a fallback for out-of-range inputs.
00522910	PLATE	Forwards the x87 ST0 long-double argument to the double-precision arccosine implementation.
0052292e	PLATE	Computes the arccosine of a double-precision argument using range-reduced polynomial approximations and reports domain errors for inputs outside [-1,1].
00522e90	PLATE	Library Function - Single Match\n __set_osfhnd\n\nLibrary: Visual Studio 2005 Release
00522f0d	PLATE	Library Function - Single Match\n __free_osfhnd\n\nLibrary: Visual Studio 2005 Release
00522f8e	PLATE	Library Function - Single Match\n __get_osfhandle\n\nLibrary: Visual Studio 2005 Release
00522fff	PLATE	Library Function - Single Match\n ___lock_fhandle\n\nLibrary: Visual Studio 2005 Release
00523096	PLATE	Releases the critical section at lock-table index 10.
0052309f	PLATE	Library Function - Single Match\n __unlock_fhandle\n\nLibrary: Visual Studio 2005 Release
005230c1	PLATE	Library Function - Single Match\n __alloc_osfhnd\n\nLibrary: Visual Studio 2005 Release
00523194	PLATE	Releases the critical section at lock-table index 10.
00523257	PLATE	Releases the critical section at lock-table index 11.
00523260	PLATE	Library Function - Single Match\n ___loctotime64_t\n\nLibrary: Visual Studio 2005 Release
005234ee	PLATE	Library Function - Single Match\n __fullpath\n\nLibrary: Visual Studio 2005 Release
005235f6	PLATE	Library Function - Single Match\n ___dtoxmode\n\nLibrary: Visual Studio 2005 Release
005236af	PLATE	Library Function - Single Match\n __mbctolower_l\n\nLibrary: Visual Studio 2005 Release
00523753	PLATE	Library Function - Single Match\n __mbctolower\n\nLibrary: Visual Studio 2005 Release
00523761	PLATE	Library Function - Single Match\n __mbspbrk_l\n\nLibrary: Visual Studio 2005 Release
0052382b	PLATE	Library Function - Single Match\n __mbspbrk\n\nLibrary: Visual Studio 2005 Release
0052383e	PLATE	Returns a pointer to the global data object at DAT_00575130.
00523844	PLATE	Returns a pointer to the error-message string table beginning with the "No error" entry.
0052384a	PLATE	Library Function - Single Match\n __set_exp\n\nLibraries: Visual Studio 2003 Release, Visual Studio 2005 Release
00523874	PLATE	Library Function - Single Match\n __sptype\n\nLibrary: Visual Studio 2005 Release
005238cf	PLATE	Decomposes a double into a normalized mantissa and writes its base-2 exponent to *param_3 (frexp-style).
0052397e	PLATE	Library Function - Single Match\n __raise_exc_ex\n\nLibrary: Visual Studio 2005 Release
00523c58	PLATE	Library Function - Single Match\n __raise_exc\n\nLibrary: Visual Studio 2005 Release
00523c79	PLATE	Library Function - Single Match\n __handle_exc\n\nLibrary: Visual Studio 2005 Release
00523e5a	PLATE	Library Function - Single Match\n __set_errno_from_matherr\n\nLibrary: Visual Studio 2005 Release
00523e82	PLATE	Library Function - Single Match\n __errcode\n\nLibrary: Visual Studio 2005 Release
00523eaf	PLATE	Library Function - Single Match\n __umatherr\n\nLibrary: Visual Studio 2005 Release
00523f4d	PLATE	Library Function - Single Match\n __handle_qnan1\n\nLibrary: Visual Studio 2005 Release
00523fa0	PLATE	Library Function - Single Match\n __except1\n\nLibrary: Visual Studio 2005 Release
0052405a	PLATE	Library Function - Single Match\n __statfp\n\nLibrary: Visual Studio 2005 Release
00524065	PLATE	Library Function - Single Match\n __clrfp\n\nLibrary: Visual Studio 2005 Release
00524071	PLATE	Library Function - Single Match\n __ctrlfp\n\nLibrary: Visual Studio 2005 Release
00524098	PLATE	Empty stub function that immediately returns.
005240ee	PLATE	Library Function - Single Match\n ___set_fpsr_sse2\n\nLibrary: Visual Studio 2005 Release
00524160	PLATE	Pops the top FPU stack value and forwards it to the natural-logarithm routine.
0052417e	PLATE	Computes the natural logarithm of a double using table lookups and polynomial approximation, reporting domain/range errors via __libm_error_support.
005243f0	PLATE	Library Function - Single Match\n __controlfp_s\n\nLibrary: Visual Studio 2005 Release
0052445a	PLATE	Resets the global flag at _DAT_00684224 to zero.
00524462	PLATE	Library Function - Single Match\n long __stdcall __CxxUnhandledExceptionFilter(struct _EXCEPTION_POINTERS *)\n\nLibrary: Visual Studio 2005 Release
00524513	PLATE	Library Function - Single Match\n __lseeki64_nolock\n\nLibrary: Visual Studio 2005 Release
00524596	PLATE	Library Function - Single Match\n __lseeki64\n\nLibrary: Visual Studio 2005 Release
005246a5	PLATE	Releases the lock on the file handle passed as the caller's first stack argument via __unlock_fhandle.
005246af	PLATE	Library Function - Single Match\n __getbuf\n\nLibrary: Visual Studio 2005 Release
005246f3	PLATE	Library Function - Single Match\n __isatty\n\nLibrary: Visual Studio 2005 Release
00524751	PLATE	Library Function - Single Match\n __wctomb_s_l\n\nLibrary: Visual Studio 2005 Release
005248b0	PLATE	Library Function - Single Match\n _wctomb_s\n\nLibrary: Visual Studio 2005 Release
005248d0	PLATE	Library Function - Single Match\n __aulldvrm\n\nLibrary: Visual Studio 2005 Release
00524965	PLATE	Library Function - Single Match\n __ungetc_nolock\n\nLibrary: Visual Studio 2005 Release
00524a83	PLATE	Library Function - Single Match\n _ungetc\n\nLibrary: Visual Studio 2005 Release
00524aeb	PLATE	Releases the lock on the FILE stream passed at the caller's stack offset via __unlock_file.
00524af5	PLATE	Library Function - Single Match\n __mbtowc_l\n\nLibrary: Visual Studio 2005 Release
00524c08	PLATE	Library Function - Single Match\n _mbtowc\n\nLibrary: Visual Studio 2005 Release
00524c1f	PLATE	Library Function - Single Match\n ___crtMessageBoxA\n\nLibrary: Visual Studio 2005 Release
00524dbd	PLATE	Library Function - Single Match\n _strncpy_s\n\nLibrary: Visual Studio 2005 Release
00524e70	PLATE	Library Function - Single Match\n __set_error_mode\n\nLibrary: Visual Studio 2005 Release
00524eb6	PLATE	Library Function - Single Match\n int __cdecl __crtGetStringTypeA_stat(struct localeinfo_struct *,unsigned long,char const *,int,unsigned short *,int,int,int)\n\nLibrary: Visual Studio 2005 Release
0052506e	PLATE	Library Function - Single Match\n ___crtGetStringTypeA\n\nLibrary: Visual Studio 2005 Release
005250ae	PLATE	Library Function - Single Match\n ___free_lc_time\n\nLibrary: Visual Studio 2005 Release
0052523e	PLATE	Library Function - Single Match\n ___free_lconv_num\n\nLibrary: Visual Studio 2005 Release
0052527e	PLATE	Library Function - Single Match\n ___free_lconv_mon\n\nLibrary: Visual Studio 2005 Release
00525307	PLATE	Library Function - Single Match\n ____lc_codepage_func\n\nLibraries: Visual Studio 2005 Release, Visual Studio 2008 Release
00525330	PLATE	Library Function - Single Match\n _strcspn\n\nLibrary: Visual Studio
00525380	PLATE	Library Function - Single Match\n _strpbrk\n\nLibrary: Visual Studio 2005 Release
005253c0	PLATE	Library Function - Single Match\n ___ansicp\n\nLibrary: Visual Studio 2005 Release
00525407	PLATE	Library Function - Single Match\n ___convertcp\n\nLibrary: Visual Studio 2005 Release
005255b9	PLATE	Library Function - Single Match\n __mbsicmp_l\n\nLibrary: Visual Studio 2005 Release
005257d3	PLATE	Library Function - Single Match\n __mbsicmp\n\nLibrary: Visual Studio 2005 Release
005257e6	PLATE	Library Function - Single Match\n __mbsnbcmp_l\n\nLibrary: Visual Studio 2005 Release
0052594f	PLATE	Library Function - Single Match\n __mbsnbcmp\n\nLibrary: Visual Studio 2005 Release
00525966	PLATE	Library Function - Single Match\n __putwch_nolock\n\nLibrary: Visual Studio 2005 Release
00525a31	PLATE	Always returns the constant value zero.
00525a34	PLATE	Stub function that unconditionally returns 1 (true).
00525a84	PLATE	Library Function - Single Match\n __get_sse2_info\n\nLibraries: Visual Studio 2005 Release, Visual Studio 2008 Release
00525af1	PLATE	Library Function - Single Match\n __frnd\n\nLibrary: Visual Studio 2005 Release
00525b02	PLATE	Library Function - Single Match\n __ld12tod\n\nLibrary: Visual Studio 2005 Release
00526044	PLATE	Library Function - Multiple Matches With Different Base Names\n __ld12tod\n __ld12tof\n\nLibrary: Visual Studio 2005 Release
00526586	PLATE	Library Function - Single Match\n ___mtold12\n\nLibrary: Visual Studio 2005 Release
00526760	PLATE	Library Function - Single Match\n __chkstk\n\nLibrary: Visual Studio
0052678b	PLATE	Library Function - Single Match\n __spawnvpe\n\nLibrary: Visual Studio 2005 Release
00526a01	PLATE	Library Function - Single Match\n __wcsnicoll_l\n\nLibrary: Visual Studio 2005 Release
00526b42	PLATE	Library Function - Single Match\n __wcsnicoll\n\nLibrary: Visual Studio 2005 Release
00526be4	PLATE	Library Function - Single Match\n __wcsdup\n\nLibrary: Visual Studio 2005 Release
00526c37	PLATE	Library Function - Single Match\n _wcscpy_s\n\nLibrary: Visual Studio 2005 Release
00526ca3	PLATE	Library Function - Single Match\n ___mbtow_environ\n\nLibrary: Visual Studio 2005 Release
00526d28	PLATE	Library Function - Single Match\n __wsetenvp\n\nLibrary: Visual Studio 2005 Release
00526e02	PLATE	Library Function - Single Match\n ___crtGetEnvironmentStringsW\n\nLibrary: Visual Studio 2005 Release
00526f63	PLATE	Library Function - Single Match\n _wcschr\n\nLibrary: Visual Studio 2005 Release
00526f85	PLATE	Library Function - Single Match\n int __cdecl x_ismbbtype_l(struct localeinfo_struct *,unsigned int,int,int)\n\nLibrary: Visual Studio 2005 Release
00526fd6	PLATE	Library Function - Single Match\n __ismbblead\n\nLibrary: Visual Studio 2005 Release
00526fe9	PLATE	Library Function - Multiple Matches With Different Base Names\n __atodbl_l\n __atoflt_l\n\nLibrary: Visual Studio 2005 Release
0052708f	PLATE	Library Function - Multiple Matches With Different Base Names\n __atodbl_l\n __atoflt_l\n\nLibrary: Visual Studio 2005 Release
00527135	PLATE	Library Function - Single Match\n __fptostr\n\nLibrary: Visual Studio 2005 Release
005271f2	PLATE	Library Function - Single Match\n ___dtold\n\nLibrary: Visual Studio 2005 Release
005272ad	PLATE	Library Function - Single Match\n __fltout2\n\nLibrary: Visual Studio 2005 Release
00527340	PLATE	Library Function - Single Match\n __alldvrm\n\nLibrary: Visual Studio 2005 Release
00527420	PLATE	Library Function - Single Match\n __aullshr\n\nLibrary: Visual Studio 2005 Release
0052743f	PLATE	Library Function - Single Match\n __EH_prolog3\n\nLibraries: Visual Studio 2005, Visual Studio 2008, Visual Studio 2010, Visual Studio 2012
00527472	PLATE	Library Function - Single Match\n __EH_prolog3_catch\n\nLibraries: Visual Studio 2005, Visual Studio 2008, Visual Studio 2010, Visual Studio 2012
005274a8	PLATE	Library Function - Single Match\n __EH_epilog3\n\nLibraries: Visual Studio 2005, Visual Studio 2008, Visual Studio 2010, Visual Studio 2012
005274bc	PLATE	Library Function - Single Match\n int __cdecl _ValidateRead(void const *,unsigned int)\n\nLibrary: Visual Studio 2005 Release
005274c9	PLATE	Library Function - Single Match\n int __cdecl __crtCompareStringA_stat(struct localeinfo_struct *,unsigned long,unsigned long,char const *,int,char const *,int,int)\n\nLibrary: Visual Studio 2005 Release
00527852	PLATE	Library Function - Single Match\n ___crtCompareStringA\n\nLibrary: Visual Studio 2005 Release
00527892	PLATE	Library Function - Single Match\n __strnicoll_l\n\nLibrary: Visual Studio 2005 Release
0052798a	PLATE	Library Function - Single Match\n __chsize_nolock\n\nLibrary: Visual Studio 2005 Release
00527b3e	PLATE	Library Function - Single Match\n __setmode_nolock\n\nLibrary: Visual Studio 2005 Release
00527bfa	PLATE	Library Function - Single Match\n __get_fmode\n\nLibrary: Visual Studio 2005 Release
00527c2e	PLATE	Library Function - Single Match\n __87except\n\nLibrary: Visual Studio 2005 Release
00528abb	PLATE	Library Function - Single Match\n __strnicmp_l\n\nLibrary: Visual Studio 2005 Release
00528bab	PLATE	Library Function - Single Match\n __strnicmp\n\nLibrary: Visual Studio 2005 Release
00528c07	PLATE	Library Function - Single Match\n ___initconout\n\nLibrary: Visual Studio 2005 Release
00528c53	PLATE	Library Function - Single Match\n __getpath\n\nLibrary: Visual Studio 2005 Release
00528ce6	PLATE	Library Function - Single Match\n _comexecmd\n\nLibrary: Visual Studio 2005 Release
00528d5e	PLATE	Library Function - Single Match\n __spawnve\n\nLibrary: Visual Studio 2005 Release
00528f7d	PLATE	Library Function - Single Match\n int __cdecl wcsncnt(wchar_t const *,int)\n\nLibrary: Visual Studio 2005 Release
00528f99	PLATE	Library Function - Single Match\n int __cdecl __crtCompareStringW_stat(struct localeinfo_struct *,unsigned long,unsigned long,wchar_t const *,int,wchar_t const *,int,int)\n\nLibrary: Visual Studio 2005 Release
005291e9	PLATE	Library Function - Single Match\n ___crtCompareStringW\n\nLibrary: Visual Studio 2005 Release
00529229	PLATE	Library Function - Single Match\n _$I10_OUTPUT\n\nLibrary: Visual Studio 2005 Release
00529b00	PLATE	Library Function - Single Match\n ___ascii_strnicmp\n\nLibrary: Visual Studio 2005 Release
00529b61	PLATE	Library Function - Single Match\n __dospawn\n\nLibrary: Visual Studio 2005 Release
00529d6e	PLATE	Library Function - Single Match\n __cenvarg\n\nLibrary: Visual Studio 2005 Release
0052a145	PLATE	Library Function - Single Match\n __mbsnicmp_l\n\nLibrary: Visual Studio 2005 Release
0052a30e	PLATE	Library Function - Single Match\n __mbsnicmp\n\nLibrary: Visual Studio 2005 Release
0052a350	PLATE	Walks the singly-linked node chain starting at offset 4 of the given list and frees every node.
0052a370	PLATE	Removes the head node of the list, frees it, decrements the element count, and returns the node's stored value.
0052a3c0	PLATE	Unlinks the given node from a doubly-linked list, fixing neighbor pointers and head/tail, decrements the count, and frees the node.
0052a410	PLATE	Maps a bzip2 result code to its human-readable status string such as "BZ_OK" or "BZ_DATA_ERROR".
0052a4c0	PLATE	Initializes a socket context structure by zeroing its pointer fields and storing the supplied port/handle and flag values.
0052a4e0	PLATE	Creates a socket, retrying up to four times on WSAEWOULDBLOCK/WSAEINPROGRESS errors and returning the socket handle or INVALID_SOCKET.
0052a560	PLATE	Resolves a host string to an IPv4 address, trying inet_addr first and falling back to gethostbyname.
0052a590	PLATE	Stores the "CSN_HTTP::connect_to_server" context string into the object's error-context field and returns true.
0052a5a0	PLATE	Stores the given context-string pointer into the object's error-context field at offset 0x44.
0052a5b0	PLATE	Initializes a structure to its default state, zeroing most fields and setting two index fields to -1.
0052a600	PLATE	Closes the connection's socket if open and resets the socket handle field to -1.
0052a620	PLATE	Creates a non-blocking TCP socket and binds and connects it to the resolved server address with keepalive and Nagle disabled.
0052a790	PLATE	Sends the pending outgoing buffer over the socket, advancing the pointer and freeing the buffer once all bytes are sent.
0052a7e0	PLATE	Tears down the connection by closing its socket, freeing all associated buffers, closing its file handle, and clearing state fields.
0052a880	PLATE	Decompresses the connection's bzip2 compressed temp file into its output file and then deletes the compressed source.
0052aa70	PLATE	Finalizes a completed HTTP download by decompressing it, deleting any existing target, and renaming the temp file to its final destination.
0052ac20	PLATE	Receives data from a socket, retrying on would-block errors up to five times and accumulating a global received-byte counter.
0052ac90	PLATE	Scans the received HTTP header lines for the Content-Length field and stores the parsed body size in the connection state.
0052ad90	PLATE	Writes a chunk of the downloaded HTTP body to the output file, lazily opening the file and updating received-byte totals.
0052ae00	PLATE	Reads HTTP response bytes into a 0x2000 buffer until the "\\r\\n\\r\\n" header terminator is found, then hands the remaining body bytes to the body handler.
0052aeb0	PLATE	Receives up to 0x40000 bytes of HTTP response body from the socket into a stack buffer and forwards them to the body-consumer handler.
0052af60	PLATE	Scans the three 0x48-byte download slots and returns the index of the first one marked free, or -1 if all are in use.
0052af80	PLATE	Frees each download slot's response buffer and reinitializes all three slots to their default idle state.
0052aff0	PLATE	When the completed-request count equals the issued-request count, invokes the queue-completion handler and reports the download batch as finished.
0052b010	PLATE	Returns the number of the three download slots whose active flag is currently set.
0052b040	PLATE	Marks the given download slot index as free and frees and clears its associated response buffer.
0052b0a0	PLATE	Initializes a download slot for a URL by opening the local csn cache file, applying any resume byte offset, and building the "GET ... .bz2 HTTP/1.0" request (with a Range header when resuming).
0052b2d0	PLATE	Advances one download slot by sending pending request bytes or receiving response headers/body, invoking the progress callback and finalizing the transfer when all expected bytes have arrived.
0052b330	PLATE	Constructs a CSN_HTTP downloader object, setting its vftable, initializing the three download slots, and seeding default fields such as the "not known" host string.
0052b400	PLATE	Destructor for a CSN_HTTP client object that frees its three connection slots, runs the embedded array destructors, and releases the base members.
0052b4b0	PLATE	Validates that the HTTP client's server address string is non-null and longer than the minimum length, reporting an error and returning false otherwise.
0052b4f0	PLATE	Tallies the total file and byte counts for a pending HTTP download update, logs them, and fires the progress and status callbacks.
0052b5c0	PLATE	Services the three download connection slots by assigning pending files, retrying failed downloads up to four times before marking them as fatal errors, and updating progress callbacks.
0052b790	PLATE	Starts a download on a connection and blocks by polling and sleeping until the transfer completes or fails.
0052b7f0	PLATE	Validates the server address and then blocks downloading a single named file through the first connection slot, recording it as a one-file update.
0052b840	PLATE	Formats a printf-style string into a heap buffer that is repeatedly grown and reallocated until the output fits.
0052b8d0	PLATE	Variadic wrapper that formats a printf-style string into a freshly allocated heap buffer.
0052b8f0	PLATE	Lazily opens C:\\tmp\\csn.log on first call and appends a formatted CSN log message to it.
0052b940	PLATE	Zero-initializes the five state fields of an HTTP connection structure.
0052b960	PLATE	Frees the source and destination string buffers held by a CSN_Request object.
0052b990	PLATE	Initializes a CSN_Request by duplicating the source and destination filename strings and storing the size and myself flag, freeing and failing if either duplication is empty.
0052ba20	PLATE	Returns the destination string pointer stored at offset 8 of a CSN_Request object.
0052ba30	PLATE	Constructs a CSN object by installing its vtable, initializing its lists and sub-objects, zeroing its fields, and starting up networking.
0052bae0	PLATE	Destructs a CSN object by shutting down networking, freeing its allocated string buffers, and tearing down its lists and sub-objects.
0052bbe0	PLATE	Stores the argument count and vector on the CSN object and saves a duplicated copy of the argument string with the matching directory prefix stripped off.
0052bc70	PLATE	Stores the progress and completion callback function pointers and their user-data context values into the CSN object.
0052bca0	PLATE	Reports whether a CSN install is complete by checking for the skip-fingerprint flag file or the presence of the csn/done_flag.csn marker file.
0052bd00	PLATE	Grows the global restart-argument vector and appends a duplicated copy of the given string followed by a null terminator entry.
0052bd70	PLATE	Writes the restart argument list to csn/csn_rmd, raises process and thread priority, and spawns helper.exe to relaunch the game unless the no-restart flag file is present.
0052bee0	PLATE	Initializes an object by storing duplicated copies of two string arguments into its first two pointer fields.
0052bf10	PLATE	Frees the two heap string pointers stored in the object's first two fields.
0052bf40	PLATE	Returns the second string pointer (the value) stored at offset 4 of the pair object.
0052bf50	PLATE	Appends a non-null entry pointer to the object's list stored at offset 0x48.
0052bf70	PLATE	Reads one line from the file and parses it into a name string, a long value, and a value string, returning true only when all three fields are scanned.
0052c010	PLATE	Returns true if the object's error-message string at offset 0x5c is present and non-empty.
0052c040	PLATE	Records the current function name for diagnostics and returns the accumulated error-message string at offset 0x5c.
0052c050	PLATE	Frees and nulls the object's accumulated error-message string at offset 0x5c.
0052c080	PLATE	Formats a printf-style error message from the variadic arguments and appends it to the object's accumulated error-message string at offset 0x5c.
0052c140	PLATE	Compares two path strings for equality treating forward slash and backslash as equivalent separators.
0052c190	PLATE	Allocates and initializes an HTTP connection then enqueues a CSN request to download or update the given file, pushing the connection onto the active request list.
0052c2c0	PLATE	Computes the MD5 hash of a file's contents and returns a newly allocated 32-character lowercase hex fingerprint string, or all zeros if the file cannot be opened.
0052c410	PLATE	Forwards a non-null printf-style error message and its variadic arguments to the CSN error-message accumulator.
0052c430	PLATE	Builds a package-relative file path and verifies the file exists, reporting an error if the package path is unset, allocation fails, or the file is missing.
0052c4c0	PLATE	Reads each file entry from csn/tmp/update.csn and writes csn/update.csn with each file's MD5 fingerprint, size, and name, reporting progress via the object's callback.
0052c640	PLATE	Walks the CSN active request list, removing each node and freeing its associated request object and its string fields.
0052c680	PLATE	Downloads the named CSN component file into the tmp directory and, for non-master components, verifies its MD5 fingerprint matches the entry recorded in the master file.
0052c840	PLATE	Duplicates a string after validating it is non-null and (unless allowed) non-empty, reporting a CSN error and returning null on any failure.
0052c8c0	PLATE	Stores a duplicated copy of the given server address string into the CSN object, returning whether the duplication succeeded.
0052c8f0	PLATE	Stores a duplicated copy of the given server path string into the CSN object, returning whether the duplication succeeded.
0052c920	PLATE	Stores the package path string on the CSN object and returns whether the copy succeeded.
0052c950	PLATE	Stores the package name string on the CSN object and returns whether the copy succeeded.
0052c980	PLATE	Records completion of a CSN content install by writing a timestamped done-flag file or, when self-updating, queuing file-move and re-exec restart arguments and relaunching the program.
0052cda0	PLATE	Connects to the server, downloads the master control file, and returns true if its fingerprint differs from the local master fingerprint indicating updates are needed.
0052cfb0	PLATE	Walks two sorted CSN manifest files in lockstep, queuing files for download or deletion whenever a fingerprint differs or an entry is present in only one manifest.
0052d260	PLATE	Downloads the update and exist manifests, diffs them against local files to schedule downloads, verifies required files exist, and prepares the package update optionally waiting for it to finish.
0052d550	PLATE	Creates any missing parent directories along the given path and then opens the file with the requested mode.
0052d5d0	PLATE	Splits a path at its last slash into freshly allocated directory and filename strings returned through the output pointers.
0052d690	PLATE	Opens the named file in binary mode and writes its byte size from fstat into the output pointer, returning success.
0052d710	PLATE	Formats the current system time into the provided buffer as a year/month/day and hour:minute:second:millisecond timestamp string.
0052d780	PLATE	Returns true if the string is empty, all whitespace, or begins with a '#' comment marker.
0052d7c0	PLATE	Splits a config line into whitespace-separated key/value tokens (with an optional third token), stripping surrounding whitespace and quotes, and returns duplicated strings via the output pointers.
0052d9e0	PLATE	Zero-initializes the key, value, and next-link fields of a name-value list node.
0052d9f0	PLATE	Allocates a new node holding the given key and value and appends it to the tail of the name-value linked list.
0052da40	PLATE	Walks the name-value list and returns the value of the first node whose key matches the given string case-insensitively, or zero if none.
0052da80	PLATE	Thin wrapper that zero-initializes a name-value list node via Csn_NodeInit.
0052daa0	PLATE	Frees every node and its strings in the name-value list and resets the list head fields to zero.
0052db00	PLATE	Thin wrapper that clears all entries of the name-value list via Csn_ListClear.
0052db10	PLATE	Destructor that clears all name-value list entries and then frees the list object's own strings under exception-handler protection.
0052db60	PLATE	Opens the named text file and parses each non-blank, non-comment line into a key/value pair appended to the name-value list, returning nonzero on success.
0052dc32	PLATE	Renames/moves a file via MoveFileA, mapping any Win32 failure to a C errno and returning -1.
0052dc60	PLATE	Library Function - Single Match\n _strerror\n\nLibrary: Visual Studio 2005 Release
0052dcd0	PLATE	Returns a constant 1 to indicate the compression codec is available/licensed.
0052dce0	PLATE	Default codec allocation callback that allocates count*size bytes via malloc.
0052dd10	PLATE	Allocates and initializes a compression stream's internal state object, wiring up default alloc/free callbacks and validating the level and mode parameters.
0052ddf0	PLATE	Runs the run-length codec core over the stream buffers, emitting matched run lengths and updating the rolling CRC checksum of the output.
0052e2b0	PLATE	Binary-searches a 256-entry sorted code table to find the slot whose threshold value brackets the given key.
0052e2e0	PLATE	Decodes the run-length compressed stream by looking up code-table symbols and reconstructing output bytes while maintaining the rolling CRC.
0052e8e0	PLATE	Releases the compression stream's internal tables and state object through the stream's free callback.
0052e970	PLATE	Peeks the next byte of a FILE stream with getc/ungetc to detect end-of-file without consuming input.
0052e990	PLATE	Allocates and initializes a file-backed decompression reader object bound to a FILE stream, seeding it with any provided header bytes and the codec stream state.
0052eaf0	PLATE	Closes a bzip2 read stream, releasing the decompress state and reporting any pending sequencing error through the output error code.
0052eb70	PLATE	Returns the bzip2/libbzip2 version string "1.0.2, 30-Dec-2001".
0052eb80	PLATE	Prints a libbzip2 internal-error bug-report message for the given error number and terminates the process with exit code 3.
0052ebd0	PLATE	Drives the bzip2 decompression state machine, pumping the block decoder and verifying the stored versus computed CRCs to detect data errors and stream end.
0052ed40	PLATE	Reads compressed bytes from the backing FILE into the input buffer and decompresses them into the caller's output buffer, returning the number of bytes produced.
0052ef20	PLATE	Builds the seqToUnseq mapping table by collecting every byte value flagged as in-use into a compact array and recording the count.
0052ef60	PLATE	Implements the resumable bzip2 block decompressor state machine that reads the block header, Huffman tables, and MTF/RLE symbols to reconstruct the decompressed data and CRC.
00531330	PLATE	Builds the Huffman limit, base, and permutation decode tables from an array of code lengths for the bzip2 canonical Huffman decoder.
005314f0	PLATE	Computes the tangent of the value in ST0, dispatching to an SSE fast path when supported or falling back to the x87 implementation with exponent extraction.
00531548	PLATE	Computes the arctangent of the x87 ST0 value via fpatan, routing special-case and denormal inputs through the math error-handling path.
005315cc	PLATE	Library Function - Single Match\n __setjmp3\n\nLibrary: Visual Studio
00531650	PLATE	Forwards the x87 ST0 register value as a double argument to the tangent computation routine.
0053166e	PLATE	Computes the tangent of the input angle using range reduction and polynomial approximation, raising a libm error for out-of-range inputs.
00539080	PLATE	Initializes the global entry list, frees and clears any existing nodes, resets associated counters, and registers an atexit cleanup handler.
005391e0	PLATE	Allocates a 12-byte game clock state object, resets it, and stores the pointer in a global (or null on allocation failure).
00539631	PLATE	Constructs and binds the global client runtime options object during static initialization.
00539640	PLATE	Constructs and binds the global advanced client configuration object during static initialization.
0053964f	PLATE	Constructs and binds the global client user-settings preferences object during static initialization.
0053965e	PLATE	Constructs the default global client telemetry object pair during static initialization.
005398c0	PLATE	Constructs a float track object with two slots and registers an atexit cleanup handler.
00539af0	PLATE	Initializes a second global entry list, frees and clears any existing nodes, resets associated counters, and registers an atexit cleanup handler.
00539b90	PLATE	Reinitializes the 0067cfa0 list registry by freeing each node's payload, clearing the list, zeroing its counters, and registering an atexit cleanup handler.
00539c30	PLATE	Reinitializes the 0067cfd0 list registry by freeing each node's payload, clearing the list, zeroing its counters, and registering an atexit cleanup handler.
00539cd0	PLATE	Reinitializes the 0067d030 list registry by freeing each node's payload, clearing the list, zeroing its counters, and registering an atexit cleanup handler.
00539d70	PLATE	Reinitializes the 0067cf10 list registry by freeing each node's payload, clearing the list, zeroing its counters, and registering an atexit cleanup handler.
00539e10	PLATE	Reinitializes the 0067d000 list registry by freeing each node's payload, clearing the list, zeroing its counters, and registering an atexit cleanup handler.
00539eb0	PLATE	Reinitializes the 0067d090 list registry by freeing each node's payload, clearing the list, zeroing its counters, and registering an atexit cleanup handler.
00539f50	PLATE	Reinitializes the 0067cee0 list registry by freeing each node's payload, clearing the list, zeroing its counters, and registering an atexit cleanup handler.
00539ff0	PLATE	Reinitializes the 0067cf40 list registry by freeing each node's payload, clearing the list, zeroing its counters, and registering an atexit cleanup handler.
0053a090	PLATE	Reinitializes the 0067d060 list registry by freeing each node's payload, clearing the list, zeroing its counters, and registering an atexit cleanup handler.
0053a130	PLATE	Reinitializes the 0067cf70 list registry by freeing each node's payload, clearing the list, zeroing its counters, and registering an atexit cleanup handler.
0053a5c0	PLATE	Stores the product of two global floats into a global result variable.
0053a5e0	PLATE	Initializes a global list and registers an atexit cleanup handler for it.
0053a600	PLATE	Clears the active texture-cache bucket link for the global cache structure.
0053a610	PLATE	Copies a source global variable into a destination global variable.
0053a630	PLATE	Constructs an array of 32 elements of 0x20 bytes each at a global address using the per-element initializer.
0053a650	PLATE	Constructs an array of 300 elements of 0x20 bytes each at a global address using the per-element initializer.
0053a670	PLATE	Constructs the global Direct3D detector object.
0053a680	PLATE	Constructs the global DirectX detector object.
0053a690	PLATE	Constructs the global GDI detector object.
0053a6a0	PLATE	Initializes a global detector list and registers an atexit cleanup handler for it.
0053a6c0	PLATE	Initializes the global list at DAT_00682198 and registers FUN_0053b100 as an atexit cleanup handler.
0053a6e0	PLATE	Initializes the global list at DAT_006821a4 and registers FUN_0053b110 as an atexit cleanup handler.
0053a700	PLATE	Initializes the global list at DAT_005c4148, zeroes its three associated counter globals, and registers FUN_0053b150 as an atexit cleanup handler.
0053a8d0	PLATE	Frees the linked list chain rooted at global 0x678640 during shutdown.
0053a8e0	PLATE	Frees the linked list chain rooted at global 0x67864c during shutdown.
0053a8f0	PLATE	Frees the linked list chain rooted at global 0x678634 during shutdown.
0053a900	PLATE	Empty placeholder function that returns immediately without doing anything.
0053a910	PLATE	Empty placeholder function that returns immediately without doing anything.
0053a920	PLATE	Empty placeholder function that returns immediately without doing anything.
0053a930	PLATE	Frees the linked list chain rooted at global 0x678b30 during shutdown.
0053a940	PLATE	Frees the linked list chain rooted at global list head 0x678658.
0053a950	PLATE	Frees the linked list chain rooted at global list head 0x678b3c.
0053a960	PLATE	Frees the linked list chain rooted at global list head 0x678664.
0053a970	PLATE	Frees the linked list chain rooted at global list head 0x678b48.
0053a980	PLATE	Destroys the running-average tracker object stored at global 0x678b58.
0053a990	PLATE	Frees the linked list chain rooted at global list head 0x678b88.
0053a9a0	PLATE	Frees the linked list chain rooted at global list head 0x678bdc.
0053a9b0	PLATE	Frees the linked list chain rooted at global list head 0x678be8.
0053a9c0	PLATE	Frees the heap buffer referenced by global pointer DAT_005b8618.
0053a9d0	PLATE	Destroys the block-pool allocator structure located at global 0x678bf4.
0053a9e0	PLATE	Frees two global heap buffers and resets their associated counters to zero.
0053aa30	PLATE	Frees the linked-list chain rooted at global 0x678c48.
0053aa40	PLATE	Frees the linked-list chain rooted at global 0x678c24.
0053aa50	PLATE	Frees the linked-list chain rooted at global 0x678c30.
0053aa60	PLATE	Frees the linked-list chain rooted at global 0x678c3c.
0053aa70	PLATE	Frees the linked-list chain rooted at global 0x678c94.
0053aa80	PLATE	Destroys the global block-allocator pool at 0x678cac.
0053aa90	PLATE	Frees the linked-list chain rooted at global 0x678ca0.
0053aaa0	PLATE	Frees the linked-list chain rooted at global 0x678cd8.
0053aab0	PLATE	Frees the linked-list chain rooted at global 0x678ce4.
0053aac0	PLATE	Frees the linked-list chain rooted at global 0x678cf0.
0053aad0	PLATE	Destroys the block-pool allocator at global DAT_00678d28.
0053aae0	PLATE	Frees the linked-list chain rooted at global 0x678d54.
0053aaf0	PLATE	Destroys the block-pool allocator at global DAT_00678cfc.
0053ab00	PLATE	Frees the linked-list chain rooted at global 0x678d78.
0053ab10	PLATE	Frees the linked-list chain rooted at global 0x678dc0.
0053ab20	PLATE	Frees all chunk buffers held by the chunk-buffer allocator at global 0x678dcc.
0053ab30	PLATE	Frees the linked-list chain rooted at global 0x678e0c.
0053ab40	PLATE	Frees the linked-list chain rooted at global 0x678e00.
0053ab50	PLATE	Frees the linked-list chain rooted at global 0x678ddc.
0053ab60	PLATE	Frees the linked-list chain rooted at the global list head 0x678e18.
0053ab70	PLATE	Frees the linked-list chain rooted at the global list head 0x678e24.
0053ab80	PLATE	Invokes NavUiMsg_DestroyListSlot to tear down the nav-UI message list slot.
0053ab90	PLATE	Frees the linked-list chain rooted at the global list head 0x678e34.
0053aba0	PLATE	No-op cleanup stub that returns immediately without performing any work.
0053abb0	PLATE	No-op cleanup stub that returns immediately without performing any work.
0053abc0	PLATE	No-op cleanup stub that returns immediately without performing any work.
0053abd0	PLATE	No-op cleanup stub that returns immediately without performing any work.
0053abe0	PLATE	No-op cleanup stub that returns immediately without performing any work.
0053abf0	PLATE	No-op cleanup stub that returns immediately without performing any work.
0053ac00	PLATE	Empty static-teardown stub that performs no operation and returns immediately.
0053ac10	PLATE	Empty static-teardown stub that performs no operation and returns immediately.
0053ac20	PLATE	Tears down the joystick action-filter channel table and frees its backing array of 0xb0-byte entries.
0053ac60	PLATE	Destroys the running-average accumulator object stored at global 0x683b70.
0053ac70	PLATE	Destroys the running-average accumulator object stored at global 0x683ba0.
0053ac80	PLATE	Frees the linked-list chain anchored at global 0x67b75c during static teardown.
0053ac90	PLATE	Frees the linked-list chain anchored at global 0x67b750 during static teardown.
0053acd0	PLATE	Frees the linked-list chain anchored at global 0x67bda8 during static teardown.
0053ace0	PLATE	Frees the linked-list chain anchored at global 0x67be4c during static teardown.
0053acf0	PLATE	Frees the linked-list chain anchored at global 0x67be40 during static teardown.
0053ad00	PLATE	Frees the linked-list chain whose head pointer is stored at global 0x67be34.
0053ad10	PLATE	Frees the three heap buffers pointed to by globals 0x67beb4, 0x67beb8, and 0x67bebc and resets those pointers to null.
0053ad70	PLATE	Frees the three heap buffers pointed to by globals 0x67be7c, 0x67be80, and 0x67be84 and resets those pointers to null.
0053add0	PLATE	Frees the linked-list chain whose head pointer is stored at global 0x67bedc.
0053ade0	PLATE	Frees the linked-list chain whose head pointer is stored at global 0x67bed0.
0053adf0	PLATE	Frees the linked-list chain whose head pointer is stored at global 0x67cce8.
0053ae00	PLATE	Frees the linked-list chain whose head pointer is stored at global 0x67ccf4.
0053ae20	PLATE	Frees the linked-list chain whose head pointer is stored at global 0x67cd30.
0053ae30	PLATE	Frees the linked-list chain whose head pointer is stored at global 0x67cd48.
0053ae40	PLATE	Frees the linked-list chain whose head pointer is stored at global 0x67cd3c.
0053ae50	PLATE	Frees the linked-list chain rooted at global 0x67cdc8.
0053ae60	PLATE	Frees the linked-list chain rooted at global 0x67cd5c.
0053ae80	PLATE	Destroys the running-average tracker stored at global 0x67ce90.
0053ae90	PLATE	Destroys the running-average tracker stored at global 0x67cef0.
0053aea0	PLATE	Destroys the running-average tracker stored at global 0x67d010.
0053aeb0	PLATE	Destroys the running-average tracker stored at global 0x67cfb0.
0053aec0	PLATE	Destroys the running-average tracker stored at global 0x67cf80.
0053aed0	PLATE	Destroys the running-average tracker stored at global 0x67cf50.
0053aee0	PLATE	Destroys the running-average tracker stored at global 0x67d040.
0053aef0	PLATE	Destroys the running-average tracker stored at global 0x67cf20.
0053af00	PLATE	Destroys the static averaging accumulator object at 0x67cec0.
0053af10	PLATE	Destroys the static averaging accumulator object at 0x67d070.
0053af20	PLATE	Destroys the static averaging accumulator object at 0x67cfe0.
0053af30	PLATE	Frees the static linked-list chain rooted at 0x67d0a0.
0053af50	PLATE	Frees the static linked-list chain rooted at 0x67d10c.
0053af60	PLATE	Frees the static linked-list chain rooted at 0x67d100.
0053af6a	PLATE	Frees the static linked-list chain rooted at 0x67d1a0.
0053af74	PLATE	Frees the static linked-list chain rooted at 0x67d124.
0053af80	PLATE	Destroys the member objects of the static entity record at 0x67d1b8.
0053af90	PLATE	Frees the static linked-list chain rooted at 0x67d718.
0053afa0	PLATE	Frees the linked-list chain rooted at global list head 0x67d728.
0053afb0	PLATE	Frees the linked-list chain rooted at global list head 0x67d758.
0053afc0	PLATE	Frees the linked-list chain rooted at global list head 0x67d764.
0053afd0	PLATE	Frees the linked-list chain rooted at global list head 0x67d770.
0053afe0	PLATE	Frees the linked-list chain rooted at global list head 0x67d77c.
0053aff0	PLATE	Frees the linked-list chain rooted at global list head 0x67d788.
0053b000	PLATE	Destroys the navigation-UI message list slot by delegating to NavUiMsg_DestroyListSlot.
0053b010	PLATE	Frees the linked-list chain rooted at global list head 0x67d864.
0053b020	PLATE	Frees the linked-list chain rooted at global list head 0x67d870.
0053b030	PLATE	Frees the chunk-buffer chunks tracked by the global allocator state at 0x67d87c.
0053b040	PLATE	Destroys the block-allocation pool stored at global DAT_0067d88c.
0053b050	PLATE	Frees the linked-list chain rooted at global 0x67d8b8.
0053b070	PLATE	Frees the linked-list chain rooted at global 0x67d8f0.
0053b080	PLATE	Destroys the block-allocation pool stored at global DAT_0067d8fc.
0053b090	PLATE	Destroys the block-allocation pool stored at global DAT_0067d928.
0053b0a0	PLATE	Frees the linked-list chain rooted at global 0x67d954.
0053b0b0	PLATE	Frees the linked-list chain rooted at global 0x67d960.
0053b0c0	PLATE	Frees the linked-list chain rooted at global 0x67d96c.
0053b0d0	PLATE	Frees the linked-list chain rooted at global 0x67d978.
0053b0e0	PLATE	Frees the linked-list chain rooted at global 0x67d984.
0053b0f0	PLATE	Frees the linked-list chain whose head is the global structure at 0x682178.
0053b100	PLATE	Frees the linked-list chain whose head is the global structure at 0x682198.
0053b110	PLATE	Frees the linked-list chain whose head is the global structure at 0x6821a4.
0053b120	PLATE	Closes every non-null FILE handle in the global table spanning 0x5b9b40 to 0x5b9b68.
0053b150	PLATE	Frees the linked-list chain whose head is the global structure at 0x5c4148.
0053b160	PLATE	Frees the linked-list chain whose head is the global structure at 0x5c4158.
0053b170	PLATE	Frees the linked-list chain whose head is the global structure at 0x5c41c4.
0053b180	PLATE	Frees the linked-list chain whose head is the global structure at 0x5d5e6c.
0053b190	PLATE	Frees the linked-list chain whose head is the global structure at 0x5d5e78.
0053b1a0	PLATE	Frees the linked-list chain whose head is the global structure at 0x5d5eb8.
0053b1b0	PLATE	Frees the linked-list chain anchored at global 0x5d5ec4 by calling List_FreeChain.
0053b1c0	PLATE	Frees the stream-error handler linked-list chain anchored at global 0x5d60a8 by calling List_FreeChain.
0053b1d0	PLATE	Frees the linked-list chain anchored at global 0x5d60b4 by calling List_FreeChain.
0053b1e0	PLATE	Frees the linked-list chain anchored at global 0x5d60d8 by calling List_FreeChain.
0053b1f0	PLATE	Frees the linked-list chain anchored at global 0x5d60c4 by calling List_FreeChain.
0053b1fa	PLATE	Destructs the global std::bad_alloc exception object at 0x5d828c by setting its vftable and invoking the base exception destructor.
0053c000	PRE	362  RegEnumValueA  <<not bound>>
0053c004	PRE	364  RegFlushKey  <<not bound>>
0053c008	PRE	351  RegCreateKeyExA  <<not bound>>
0053c00c	PRE	390  RegSetValueExA  <<not bound>>
0053c010	PRE	215  GetUserNameA  <<not bound>>
0053c014	PRE	370  RegOpenKeyExA  <<not bound>>
0053c018	PRE	379  RegQueryValueExA  <<not bound>>
0053c01c	PRE	347  RegCloseKey  <<not bound>>
0053c024	PRE	10  DirectDrawCreateEx  <<not bound>>
0053c028	PRE	12  DirectDrawEnumerateExA  <<not bound>>
0053c02c	PRE	8  DirectDrawCreate  <<not bound>>
0053c034	PRE	0  DirectInputCreateA  <<not bound>>
0053c03c	PRE	590  TextOutA  <<not bound>>
0053c040	PRE	533  SetBkColor  <<not bound>>
0053c044	PRE	465  MoveToEx  <<not bound>>
0053c048	PRE	80  CreateSolidBrush  <<not bound>>
0053c04c	PRE	461  LineTo  <<not bound>>
0053c050	PRE	572  SetTextColor  <<not bound>>
0053c054	PRE	58  CreateFontIndirectA  <<not bound>>
0053c058	PRE	421  GetStockObject  <<not bound>>
0053c05c	PRE	18  BitBlt  <<not bound>>
0053c060	PRE	140  DeleteDC  <<not bound>>
0053c064	PRE	50  CreateDIBSection  <<not bound>>
0053c068	PRE	363  GetDeviceCaps  <<not bound>>
0053c06c	PRE	69  CreatePalette  <<not bound>>
0053c070	PRE	143  DeleteObject  <<not bound>>
0053c074	PRE	526  SelectObject  <<not bound>>
0053c078	PRE	45  CreateCompatibleDC  <<not bound>>
0053c07c	PRE	499  RealizePalette  <<not bound>>
0053c080	PRE	527  SelectPalette  <<not bound>>
0053c084	PRE	560  SetPaletteEntries  <<not bound>>
0053c088	PRE	569  SetSystemPaletteUse  <<not bound>>
0053c08c	PRE	71  CreatePen  <<not bound>>
0053c094	PRE	247  FreeEnvironmentStringsW  <<not bound>>
0053c098	PRE	341  GetEnvironmentStrings  <<not bound>>
0053c09c	PRE	246  FreeEnvironmentStringsA  <<not bound>>
0053c0a0	PRE	788  SetEnvironmentVariableW  <<not bound>>
0053c0a4	PRE	238  FlushFileBuffers  <<not bound>>
0053c0a8	PRE	693  ReadFile  <<not bound>>
0053c0ac	PRE	482  GetTimeZoneInformation  <<not bound>>
0053c0b0	PRE	547  InitializeCriticalSection  <<not bound>>
0053c0b4	PRE	307  GetConsoleMode  <<not bound>>
0053c0b8	PRE	290  GetConsoleCP  <<not bound>>
0053c0bc	PRE	804  SetHandleCount  <<not bound>>
0053c0c0	PRE	581  LCMapStringW  <<not bound>>
0053c0c4	PRE	916  WideCharToMultiByte  <<not bound>>
0053c0c8	PRE	580  LCMapStringA  <<not bound>>
0053c0cc	PRE	403  GetOEMCP  <<not bound>>
0053c0d0	PRE	253  GetACP  <<not bound>>
0053c0d4	PRE	260  GetCPInfo  <<not bound>>
0053c0d8	PRE	897  VirtualAlloc  <<not bound>>
0053c0dc	PRE	129  DeleteCriticalSection  <<not bound>>
0053c0e0	PRE	899  VirtualFree  <<not bound>>
0053c0e4	PRE	530  HeapCreate  <<not bound>>
0053c0e8	PRE	532  HeapDestroy  <<not bound>>
0053c0ec	PRE	441  GetStdHandle  <<not bound>>
0053c0f0	PRE	552  InterlockedDecrement  <<not bound>>
0053c0f4	PRE	808  SetLastError  <<not bound>>
0053c0f8	PRE	556  InterlockedIncrement  <<not bound>>
0053c0fc	PRE	868  TlsFree  <<not bound>>
0053c100	PRE	870  TlsSetValue  <<not bound>>
0053c104	PRE	867  TlsAlloc  <<not bound>>
0053c108	PRE	869  TlsGetValue  <<not bound>>
0053c10c	PRE	679  RaiseException  <<not bound>>
0053c110	PRE	343  GetEnvironmentStringsW  <<not bound>>
0053c114	PRE	842  SetUnhandledExceptionFilter  <<not bound>>
0053c118	PRE	878  UnhandledExceptionFilter  <<not bound>>
0053c11c	PRE	862  TerminateProcess  <<not bound>>
0053c120	PRE	75  CreateDirectoryA  <<not bound>>
0053c124	PRE	206  FindClose  <<not bound>>
0053c128	PRE	358  GetFileType  <<not bound>>
0053c12c	PRE	657  PeekNamedPipe  <<not bound>>
0053c130	PRE	354  GetFileInformationByHandle  <<not bound>>
0053c134	PRE	197  FileTimeToSystemTime  <<not bound>>
0053c138	PRE	439  GetStartupInfoA  <<not bound>>
0053c13c	PRE	629  MultiByteToWideChar  <<not bound>>
0053c140	PRE	361  GetFullPathNameA  <<not bound>>
0053c144	PRE	339  GetDriveTypeA  <<not bound>>
0053c148	PRE	778  SetCurrentDirectoryA  <<not bound>>
0053c14c	PRE	320  GetCurrentDirectoryA  <<not bound>>
0053c150	PRE	787  SetEnvironmentVariableA  <<not bound>>
0053c154	PRE	327  GetDateFormatA  <<not bound>>
0053c158	PRE	480  GetTimeFormatA  <<not bound>>
0053c15c	PRE	727  RtlUnwind  <<not bound>>
0053c160	PRE	131  DeleteFileA  <<not bound>>
0053c164	PRE	538  HeapReAlloc  <<not bound>>
0053c168	PRE	185  ExitProcess  <<not bound>>
0053c16c	PRE	593  LeaveCriticalSection  <<not bound>>
0053c170	PRE	152  EnterCriticalSection  <<not bound>>
0053c174	PRE	210  FindFirstFileA  <<not bound>>
0053c178	PRE	220  FindNextFileA  <<not bound>>
0053c17c	PRE	350  GetFileAttributesA  <<not bound>>
0053c180	PRE	534  HeapFree  <<not bound>>
0053c184	PRE	419  GetProcessHeap  <<not bound>>
0053c188	PRE	528  HeapAlloc  <<not bound>>
0053c18c	PRE	540  HeapSize  <<not bound>>
0053c190	PRE	675  QueryPerformanceCounter  <<not bound>>
0053c194	PRE	676  QueryPerformanceFrequency  <<not bound>>
0053c198	PRE	667  PulseEvent  <<not bound>>
0053c19c	PRE	79  CreateEventA  <<not bound>>
0053c1a0	PRE	706  ReleaseMutex  <<not bound>>
0053c1a4	PRE	912  WaitForSingleObject  <<not bound>>
0053c1a8	PRE	96  CreateMutexA  <<not bound>>
0053c1ac	PRE	347  GetExitCodeThread  <<not bound>>
0053c1b0	PRE	111  CreateThread  <<not bound>>
0053c1b4	PRE	854  Sleep  <<not bound>>
0053c1b8	PRE	628  MulDiv  <<not bound>>
0053c1bc	PRE	917  WinExec  <<not bound>>
0053c1c0	PRE	31  Beep  <<not bound>>
0053c1c4	PRE	489  GetVersionExA  <<not bound>>
0053c1c8	PRE	594  LoadLibraryA  <<not bound>>
0053c1cc	PRE	416  GetProcAddress  <<not bound>>
0053c1d0	PRE	248  FreeLibrary  <<not bound>>
0053c1d4	PRE	369  GetLastError  <<not bound>>
0053c1d8	PRE	243  FormatMessageA  <<not bound>>
0053c1dc	PRE	479  GetTickCount  <<not bound>>
0053c1e0	PRE	823  SetStdHandle  <<not bound>>
0053c1e4	PRE	372  GetLocaleInfoA  <<not bound>>
0053c1e8	PRE	442  GetStringTypeA  <<not bound>>
0053c1ec	PRE	445  GetStringTypeW  <<not bound>>
0053c1f0	PRE	921  WriteConsoleA  <<not bound>>
0053c1f4	PRE	309  GetConsoleOutputCP  <<not bound>>
0053c1f8	PRE	931  WriteConsoleW  <<not bound>>
0053c1fc	PRE	58  CompareStringA  <<not bound>>
0053c200	PRE	59  CompareStringW  <<not bound>>
0053c204	PRE	784  SetEndOfFile  <<not bound>>
0053c208	PRE	346  GetExitCodeProcess  <<not bound>>
0053c20c	PRE	102  CreateProcessA  <<not bound>>
0053c210	PRE	836  SetThreadPriority  <<not bound>>
0053c214	PRE	456  GetSystemTime  <<not bound>>
0053c218	PRE	569  IsDebuggerPresent  <<not bound>>
0053c21c	PRE	83  CreateFileA  <<not bound>>
0053c220	PRE	966  lstrcpyA  <<not bound>>
0053c224	PRE	323  GetCurrentProcessId  <<not bound>>
0053c228	PRE	969  lstrcpynA  <<not bound>>
0053c22c	PRE	383  GetModuleHandleA  <<not bound>>
0053c230	PRE	653  OutputDebugStringA  <<not bound>>
0053c234	PRE	276  GetComputerNameA  <<not bound>>
0053c238	PRE	195  FileTimeToDosDateTime  <<not bound>>
0053c23c	PRE	622  MoveFileA  <<not bound>>
0053c240	PRE	355  GetFileSize  <<not bound>>
0053c244	PRE	516  GlobalMemoryStatus  <<not bound>>
0053c248	PRE	817  SetPriorityClass  <<not bound>>
0053c24c	PRE	795  SetFilePointer  <<not bound>>
0053c250	PRE	972  lstrlenA  <<not bound>>
0053c254	PRE	904  VirtualQuery  <<not bound>>
0053c258	PRE	322  GetCurrentProcess  <<not bound>>
0053c25c	PRE	325  GetCurrentThread  <<not bound>>
0053c260	PRE	458  GetSystemTimeAsFileTime  <<not bound>>
0053c264	PRE	932  WriteFile  <<not bound>>
0053c268	PRE	272  GetCommandLineA  <<not bound>>
0053c26c	PRE	453  GetSystemInfo  <<not bound>>
0053c270	PRE	381  GetModuleFileNameA  <<not bound>>
0053c274	PRE	357  GetFileTime  <<not bound>>
0053c278	PRE	326  GetCurrentThreadId  <<not bound>>
0053c27c	PRE	52  CloseHandle  <<not bound>>
0053c280	PRE	196  FileTimeToLocalFileTime  <<not bound>>
0053c288	PRE	492  MoveWindow  <<not bound>>
0053c28c	PRE	691  UnregisterClassA  <<not bound>>
0053c290	PRE	634  SetTimer  <<not bound>>
0053c294	PRE	535  RegisterClassExA  <<not bound>>
0053c298	PRE	13  BeginPaint  <<not bound>>
0053c29c	PRE	226  FillRect  <<not bound>>
0053c2a0	PRE	200  EndPaint  <<not bound>>
0053c2a4	PRE	188  DrawTextA  <<not bound>>
0053c2a8	PRE	665  SystemParametersInfoA  <<not bound>>
0053c2ac	PRE	437  KillTimer  <<not bound>>
0053c2b0	PRE	403  InvalidateRect  <<not bound>>
0053c2b4	PRE	279  GetForegroundWindow  <<not bound>>
0053c2b8	PRE	727  wsprintfA  <<not bound>>
0053c2bc	PRE	620  SetRect  <<not bound>>
0053c2c0	PRE	255  GetClientRect  <<not bound>>
0053c2c4	PRE	64  ClientToScreen  <<not bound>>
0053c2c8	PRE	729  wvsprintfA  <<not bound>>
0053c2cc	PRE	479  MessageBoxA  <<not bound>>
0053c2d0	PRE	2  AdjustWindowRectEx  <<not bound>>
0053c2d4	PRE	658  ShowWindow  <<not bound>>
0053c2d8	PRE	643  SetWindowPos  <<not bound>>
0053c2dc	PRE	96  CreateWindowExA  <<not bound>>
0053c2e0	PRE	591  SetCursorPos  <<not bound>>
0053c2e4	PRE	640  SetWindowLongA  <<not bound>>
0053c2e8	PRE	153  DestroyWindow  <<not bound>>
0053c2ec	PRE	700  UpdateWindow  <<not bound>>
0053c2f0	PRE	346  GetSysColor  <<not bound>>
0053c2f4	PRE	554  ReleaseDC  <<not bound>>
0053c2f8	PRE	268  GetDC  <<not bound>>
0053c2fc	PRE	534  RegisterClassA  <<not bound>>
0053c300	PRE	710  VkKeyScanA  <<not bound>>
0053c304	PRE	442  LoadCursorA  <<not bound>>
0053c308	PRE	314  GetMessageA  <<not bound>>
0053c30c	PRE	516  PostQuitMessage  <<not bound>>
0053c310	PRE	446  LoadIconA  <<not bound>>
0053c314	PRE	222  EnumWindows  <<not bound>>
0053c318	PRE	682  TranslateMessage  <<not bound>>
0053c31c	PRE	654  ShowCursor  <<not bound>>
0053c320	PRE	294  GetKeyboardState  <<not bound>>
0053c324	PRE	375  GetWindowTextA  <<not bound>>
0053c328	PRE	512  PeekMessageA  <<not bound>>
0053c32c	PRE	142  DefWindowProcA  <<not bound>>
0053c330	PRE	203  EnumChildWindows  <<not bound>>
0053c334	PRE	514  PostMessageA  <<not bound>>
0053c338	PRE	65  ClipCursor  <<not bound>>
0053c33c	PRE	161  DispatchMessageA  <<not bound>>
0053c344	PRE	164  timeKillEvent  <<not bound>>
0053c348	PRE	165  timeSetEvent  <<not bound>>
0053c350	PRE	12  Ordinal_12  <<not bound>>
0053c354	PRE	111  Ordinal_111  <<not bound>>
0053c358	PRE	20  Ordinal_20  <<not bound>>
0053c35c	PRE	19  Ordinal_19  <<not bound>>
0053c360	PRE	4  Ordinal_4  <<not bound>>
0053c364	PRE	21  Ordinal_21  <<not bound>>
0053c368	PRE	13  Ordinal_13  <<not bound>>
0053c36c	PRE	17  Ordinal_17  <<not bound>>
0053c370	PRE	9  Ordinal_9  <<not bound>>
0053c374	PRE	115  Ordinal_115  <<not bound>>
0053c378	PRE	116  Ordinal_116  <<not bound>>
0053c37c	PRE	2  Ordinal_2  <<not bound>>
0053c380	PRE	10  Ordinal_10  <<not bound>>
0053c384	PRE	14  Ordinal_14  <<not bound>>
0053c388	PRE	6  Ordinal_6  <<not bound>>
0053c38c	PRE	57  Ordinal_57  <<not bound>>
0053c390	PRE	52  Ordinal_52  <<not bound>>
0053c394	PRE	11  Ordinal_11  <<not bound>>
0053c398	PRE	15  Ordinal_15  <<not bound>>
0053c39c	PRE	16  Ordinal_16  <<not bound>>
0053c3a0	PRE	151  Ordinal_151  <<not bound>>
0053c3a4	PRE	8  Ordinal_8  <<not bound>>
0053c3a8	PRE	3  Ordinal_3  <<not bound>>
0053c3ac	PRE	23  Ordinal_23  <<not bound>>
0053c3b4	PRE	23  MiniDumpWriteDump  <<not bound>>
0053c3bc	PRE	162  _FSOUND_Sample_SetMode@8  <<not bound>>
0053c3c0	PRE	139  _FSOUND_Record_StartSample@8  <<not bound>>
0053c3c4	PRE	230  _FSOUND_Stream_Stop@4  <<not bound>>
0053c3c8	PRE	137  _FSOUND_Record_GetPosition@0  <<not bound>>
0053c3cc	PRE	105  _FSOUND_GetError@0  <<not bound>>
0053c3d0	PRE	106  _FSOUND_GetFrequency@4  <<not bound>>
0053c3d4	PRE	188  _FSOUND_StopSound@4  <<not bound>>
0053c3d8	PRE	131  _FSOUND_IsPlaying@4  <<not bound>>
0053c3dc	PRE	157  _FSOUND_Sample_SetDefaults@20  <<not bound>>
0053c3e0	PRE	52  _FSOUND_3D_SetRolloffFactor@4  <<not bound>>
0053c3e4	PRE	165  _FSOUND_SetBufferSize@4  <<not bound>>
0053c3e8	PRE	50  _FSOUND_3D_SetDopplerFactor@4  <<not bound>>
0053c3ec	PRE	163  _FSOUND_Sample_Unlock@20  <<not bound>>
0053c3f0	PRE	150  _FSOUND_Sample_GetLength@4  <<not bound>>
0053c3f4	PRE	191  _FSOUND_Stream_Create@20  <<not bound>>
0053c3f8	PRE	67  _FSOUND_Close@0  <<not bound>>
0053c3fc	PRE	103  _FSOUND_GetDriverCaps@8  <<not bound>>
0053c400	PRE	153  _FSOUND_Sample_GetMode@4  <<not bound>>
0053c404	PRE	133  _FSOUND_PlaySoundEx@16  <<not bound>>
0053c408	PRE	218  _FSOUND_Stream_PlayEx@16  <<not bound>>
0053c40c	PRE	155  _FSOUND_Sample_Load@20  <<not bound>>
0053c410	PRE	168  _FSOUND_SetFrequency@8  <<not bound>>
0053c414	PRE	180  _FSOUND_SetPaused@8  <<not bound>>
0053c418	PRE	190  _FSOUND_Stream_Close@4  <<not bound>>
0053c41c	PRE	177  _FSOUND_SetOutput@4  <<not bound>>
0053c420	PRE	170  _FSOUND_SetHWND@4  <<not bound>>
0053c424	PRE	130  _FSOUND_Init@12  <<not bound>>
0053c428	PRE	146  _FSOUND_Sample_Free@4  <<not bound>>
0053c42c	PRE	186  _FSOUND_SetVolume@8  <<not bound>>
0053c430	PRE	161  _FSOUND_Sample_SetMinMaxDistance@12  <<not bound>>
0053c434	PRE	43  _FSOUND_3D_GetAttributes@12  <<not bound>>
0053c438	PRE	184  _FSOUND_SetSpeakerMode@4  <<not bound>>
0053c43c	PRE	174  _FSOUND_SetMinHardwareChannels@4  <<not bound>>
0053c440	PRE	48  _FSOUND_3D_SetAttributes@12  <<not bound>>
0053c444	PRE	203  _FSOUND_Stream_GetSample@4  <<not bound>>
0053c448	PRE	104  _FSOUND_GetDriverName@4  <<not bound>>
0053c44c	PRE	231  _FSOUND_Update@0  <<not bound>>
0053c450	PRE	183  _FSOUND_SetSFXMasterVolume@4  <<not bound>>
0053c454	PRE	148  _FSOUND_Sample_GetDefaults@20  <<not bound>>
0053c458	PRE	114  _FSOUND_GetNumHWChannels@12  <<not bound>>
0053c45c	PRE	156  _FSOUND_Sample_Lock@28  <<not bound>>
0053c460	PRE	102  _FSOUND_GetDriver@0  <<not bound>>
0053c464	PRE	113  _FSOUND_GetNumDrivers@0  <<not bound>>
0053c468	PRE	46  _FSOUND_3D_Listener_SetAttributes@32  <<not bound>>
0053c46c	PRE	138  _FSOUND_Record_SetDriver@4  <<not bound>>
0053c470	PRE	145  _FSOUND_Sample_Alloc@28  <<not bound>>
0053c474	PRE	140  _FSOUND_Record_Stop@0  <<not bound>>
0053c47c	PRE	28  GetAdaptersInfo  <<not bound>>
0053c908	PRE	Standard JPEG luminance 8x8 quantization values.
0053ca08	PRE	Standard JPEG chrominance 8x8 quantization values.
0053cb08	PRE	JPEG luminance DC Huffman code-length counts.
0053cb1c	PRE	JPEG luminance DC Huffman symbols.
0053cb28	PRE	JPEG chrominance DC Huffman code-length counts.
0053cb3c	PRE	JPEG chrominance DC Huffman symbols.
0053cb48	PRE	JPEG luminance AC Huffman code-length counts.
0053cb60	PRE	JPEG luminance AC Huffman symbols.
0053cc04	PRE	JPEG chrominance AC Huffman code-length counts.
0053cc18	PRE	JPEG chrominance AC Huffman symbols.
0053eb68	PRE	ultra-wideband sub-band CELP mode description string.
0053eb6c	PRE	wideband sub-band CELP mode description string.
0053eb8c	PRE	narrowband mode description string.
0053ebb8	PRE	21-entry Speex hypergeometric gain interpolation table.
0053ec28	PRE	Tail coefficient for the hypergeometric gain approximation.
0053ec30	PRE	Hypergeometric gain cutoff threshold.
0053ec38	PRE	Base frequency used in preprocess loudness weighting.
0053ec40	PRE	Minimum loudness weighting value.
0053ec48	PRE	Normalization sample rate for loudness weighting.
0053ec50	PRE	Linear coefficient used in loudness weighting.
0053ec58	PRE	Gain for the loudness weighting Gaussian bump.
0053ec60	PRE	Denominator for the loudness weighting Gaussian term.
0053ec68	PRE	Center frequency for the loudness weighting Gaussian term.
0053ec70	PRE	Default Speex continue probability and reused dereverb level default.
0053ec74	PRE	Default Speex dereverb decay value.
0053ec78	PRE	Default Speex AGC level.
0053ecb4	PRE	VAD training split threshold.
0053ecb8	PRE	Minimum VAD adaptation rate.
0053ece3	PRE	Unknown speex_preprocess_ctl warning prefix.
0053ed0c	PRE	Maximum AGC level clamp.
0053ed0f	PRE	Speex fatal error printf format string.
0053ed24	PRE	Speex warning printf format string.
0053ed34	PRE	Speex warning-with-integer printf format string.
0053f060	PRE	64-tap Speex QMF analysis/synthesis coefficient table.
0053f160	PRE	Sign-alternated companion QMF coefficient table.
0053f2e5	PRE	Narrowband corrupt/invalid mode diagnostic string.
0053f314	PRE	Unknown narrowband ctl request warning prefix.
0053f907	PRE	Sub-band fatal string for missing fixed codebook.
0053f91c	PRE	Sub-band fatal string for missing pitch prediction.
0053f978	PRE	Sub-band corrupt stream string for too many wideband layers.
0053f9b0	PRE	Sub-band invalid wideband mode corrupt-stream string.
00540ae0	PRE	Narrowband LSP stage-0 signed-byte codebook, 64x10.
00540d60	PRE	Narrowband LSP low-half residual codebook, 64x5.
00540fe0	PRE	Narrowband LSP high-half residual codebook, 64x5.
00541ebc	PLATE	meta pointer for Entity::vftable
00541ec0	PLATE	const Entity::vftable
0054214c	PLATE	meta pointer for Timed_Event::vftable
00542150	PLATE	const Timed_Event::vftable
0054216c	PLATE	meta pointer for Vehicle_Model::vftable
00542170	PLATE	const Vehicle_Model::vftable
00542594	EOL	%s%c%s format for joining base path, separator, and relative path.
0054259c	EOL	%s%s format for base path plus dotted/rooted suffix.
005425a4	EOL	Format for printing indexed search path entries.
005425b0	EOL	Warning printed when hunt/search directories are not set.
005425dc	EOL	binload prefix passed to perror after binary load failure.
005425e8	EOL	Diagnostic printed when fread sets ferror.
00542600	EOL	Warning format for lookup with an empty search path list.
00542624	EOL	.dir archive directory extension.
0054262c	EOL	.dat archive data extension.
00542634	EOL	.zip archive extension.
00542ae4	EOL	Vtable installed by config binding registry constructor.
00542e78	PLATE	meta pointer for Vehicle_Instance::vftable
00542e7c	PLATE	const Vehicle_Instance::vftable
00542e84	PLATE	meta pointer for Medic_Model::vftable
00542e88	PLATE	const Medic_Model::vftable
00542e9c	EOL	terminator for class Medic_Model::vftable
00542f68	PLATE	meta pointer for Medic_Vehicle::vftable
00542f6c	PLATE	const Medic_Vehicle::vftable
005430e4	PLATE	meta pointer for Tank_Model::vftable
005430e8	PLATE	const Tank_Model::vftable
005430fc	EOL	terminator for class Tank_Model::vftable
00543124	PLATE	meta pointer for Tank_Vehicle::vftable
00543128	PLATE	const Tank_Vehicle::vftable
0054312c	EOL	terminator for class Tank_Vehicle::vftable
00543184	PLATE	meta pointer for Bomber_Model::vftable
00543188	PLATE	const Bomber_Model::vftable
0054319c	EOL	terminator for class Bomber_Model::vftable
005432e8	PLATE	meta pointer for WULF_Time::vftable
005432ec	PLATE	const WULF_Time::vftable
00543338	PLATE	meta pointer for Out_History::vftable
0054333c	PLATE	const Out_History::vftable
00543340	PLATE	meta pointer for Service_Layer_Event::vftable
00543344	PLATE	const Service_Layer_Event::vftable
00544620	PLATE	meta pointer for type_info::vftable
00544628	PLATE	meta pointer for std::bad_alloc::vftable
0054462c	PLATE	const std::bad_alloc::vftable
00544840	PLATE	meta pointer for std::exception::vftable
00544844	PLATE	const std::exception::vftable
0054518c	PLATE	meta pointer for std::bad_exception::vftable
00545190	PLATE	const std::bad_exception::vftable
0055151c	PLATE	meta pointer for CSN_HTTP::vftable
00551520	PLATE	const CSN_HTTP::vftable
005516e8	PLATE	meta pointer for CSN::vftable
005516ec	PLATE	const CSN::vftable
005527cc	PLATE	meta pointer for Tex_Entry::vftable
005527d0	PLATE	const Tex_Entry::vftable
005527d4	EOL	terminator for class Tex_Entry::vftable
005582a8	PLATE	meta pointer for view_widget::vftable
005582ac	PLATE	const view_widget::vftable
005582b4	PLATE	meta pointer for chooser_widget::vftable
005582b8	PLATE	const chooser_widget::vftable
005582ec	PLATE	meta pointer for param_widget::vftable
005582f0	PLATE	const param_widget::vftable
00558324	PLATE	meta pointer for param_widget::vftable
00558328	PLATE	const param_widget::vftable
00558330	PLATE	meta pointer for auto_table_viewer::vftable
00558334	PLATE	const auto_table_viewer::vftable
0055833c	PLATE	meta pointer for piecewiser::vftable
00558340	PLATE	const piecewiser::vftable
00558d44	PLATE	meta pointer for Convex_Button::vftable
00558d48	PLATE	const Convex_Button::vftable
00558d7c	PLATE	meta pointer for Docview_Frame::vftable
00558d80	PLATE	const Docview_Frame::vftable
00558db4	PLATE	meta pointer for Label_Item::vftable
00558db8	PLATE	const Label_Item::vftable
00558dec	PLATE	meta pointer for Entry_Item::vftable
00558df0	PLATE	const Entry_Item::vftable
00558e24	PLATE	meta pointer for Gray_Button::vftable
00558e28	PLATE	const Gray_Button::vftable
00558e5c	PLATE	meta pointer for Pad_Widget::vftable
00558e60	PLATE	const Pad_Widget::vftable
00558e94	PLATE	meta pointer for Text_Item::vftable
00558e98	PLATE	const Text_Item::vftable
00558ecc	PLATE	meta pointer for Unit_Item::vftable
00558ed0	PLATE	const Unit_Item::vftable
00558f08	PLATE	meta pointer for Inviso_Item::vftable
00558f0c	PLATE	const Inviso_Item::vftable
00558f40	PLATE	meta pointer for Bitmap_When_Lit_Item::vftable
00558f44	PLATE	const Bitmap_When_Lit_Item::vftable
00559538	PLATE	meta pointer for Texture_Cache::vftable
0055953c	PLATE	const Texture_Cache::vftable
0055aa50	PLATE	meta pointer for Device_Axis::vftable
0055aa54	PLATE	const Device_Axis::vftable
0055acc0	PLATE	meta pointer for DGW::vftable
0055acc4	PLATE	const DGW::vftable
0055bc84	PLATE	meta pointer for Package_LR::vftable
0055bc88	PLATE	const Package_LR::vftable
0055bcc0	PLATE	meta pointer for Package_TB::vftable
0055bcc4	PLATE	const Package_TB::vftable
0055bcfc	PLATE	meta pointer for Package_Unstructured::vftable
0055bd00	PLATE	const Package_Unstructured::vftable
0055bd34	PLATE	meta pointer for Scrollbar::vftable
0055bd38	PLATE	const Scrollbar::vftable
0055bd6c	PLATE	meta pointer for Debug_Output::vftable
0055bd70	PLATE	const Debug_Output::vftable
0055bd74	EOL	terminator for class Debug_Output::vftable
0055bd78	PLATE	meta pointer for Objedit_Mode::vftable
0055bd7c	PLATE	const Objedit_Mode::vftable
0055bdbc	PLATE	meta pointer for Shape_Entry::vftable
0055bdc0	PLATE	const Shape_Entry::vftable
0055bde8	PLATE	meta pointer for Empty_Mode::vftable
0055bdec	PLATE	const Empty_Mode::vftable
0055be94	PLATE	meta pointer for Switch_Screen::vftable
0055be98	PLATE	const Switch_Screen::vftable
0055c37c	PLATE	meta pointer for Map_Widget::vftable
0055c380	PLATE	const Map_Widget::vftable
0055c3e0	PLATE	meta pointer for Frame::vftable
0055c3e4	PLATE	const Frame::vftable
0055cd5c	PLATE	meta pointer for Glowy_Chunk_Generator::vftable
0055cd60	PLATE	const Glowy_Chunk_Generator::vftable
0055cd74	PLATE	meta pointer for Glowy_Chunk::vftable
0055cd78	PLATE	const Glowy_Chunk::vftable
0055ce18	PLATE	meta pointer for Timegraph_Widget::vftable
0055ce1c	PLATE	const Timegraph_Widget::vftable
0055ce50	PLATE	meta pointer for Multigraph::vftable
0055ce54	PLATE	const Multigraph::vftable
0055cfc8	PLATE	meta pointer for Histogram_Widget::vftable
0055cfcc	PLATE	const Histogram_Widget::vftable
0055d53c	PLATE	meta pointer for Meter::vftable
0055d540	PLATE	const Meter::vftable
0055f0e8	PLATE	meta pointer for Sel_Widget::vftable
0055f0ec	PLATE	const Sel_Widget::vftable
0055f120	PLATE	meta pointer for Not_Yet_Implemented_Widget::vftable
0055f124	PLATE	const Not_Yet_Implemented_Widget::vftable
0055f158	PLATE	meta pointer for Not_Allowed_Document_Viewer::vftable
0055f15c	PLATE	const Not_Allowed_Document_Viewer::vftable
0055f198	PLATE	meta pointer for Info_Widget::vftable
0055f19c	PLATE	const Info_Widget::vftable
0055f1f4	PLATE	meta pointer for Joystick_Device_Axis::vftable
0055f1f8	PLATE	const Joystick_Device_Axis::vftable
0055f1fc	EOL	terminator for class Joystick_Device_Axis::vftable
0055f3e8	PLATE	meta pointer for Joymap_Widget::vftable
0055f3ec	PLATE	const Joymap_Widget::vftable
0055fb14	PLATE	meta pointer for hide_node::vftable
0055fb18	PLATE	const hide_node::vftable
0055fb1c	PLATE	meta pointer for delete_node::vftable
0055fb20	PLATE	const delete_node::vftable
0055ff8c	PLATE	meta pointer for Menu::vftable
0055ff90	PLATE	const Menu::vftable
0055fff8	PLATE	meta pointer for Major_Mode::vftable
0055fffc	PLATE	const Major_Mode::vftable
00560078	PLATE	meta pointer for Medic_Client::vftable
0056007c	PLATE	const Medic_Client::vftable
00560660	PLATE	meta pointer for Mouse_Device_Axis::vftable
00560664	PLATE	const Mouse_Device_Axis::vftable
005616c8	PLATE	meta pointer for Piecewise_Viewer::vftable
005616cc	PLATE	const Piecewise_Viewer::vftable
00561c44	PLATE	meta pointer for Comm_Entry::vftable
00561c48	PLATE	const Comm_Entry::vftable
00562248	PLATE	meta pointer for Sound_Player::vftable
0056224c	PLATE	const Sound_Player::vftable
00562508	PLATE	meta pointer for Sound_fmod::vftable
0056250c	PLATE	const Sound_fmod::vftable
00562b68	PLATE	meta pointer for Table_Widget::vftable
00562b6c	PLATE	const Table_Widget::vftable
00562ba0	PLATE	meta pointer for Tank_Client::vftable
00562ba4	PLATE	const Tank_Client::vftable
00563064	PLATE	meta pointer for Team_Selection_Box::vftable
00563068	PLATE	const Team_Selection_Box::vftable
00563448	PLATE	meta pointer for Chunk::vftable
0056344c	PLATE	const Chunk::vftable
00563484	PLATE	meta pointer for Chunk_Generator::vftable
00563488	PLATE	const Chunk_Generator::vftable
0056349c	PLATE	meta pointer for Document_Viewer::vftable
005634a0	PLATE	const Document_Viewer::vftable
005634d4	PLATE	meta pointer for Pad_Chunk::vftable
005634d8	PLATE	const Pad_Chunk::vftable
00563648	PLATE	meta pointer for Tgen_Disk::vftable
0056364c	PLATE	const Tgen_Disk::vftable
0056366c	PLATE	meta pointer for Tgen_Mandelbrot::vftable
00563670	PLATE	const Tgen_Mandelbrot::vftable
005636bc	PLATE	meta pointer for Tgen_Scape_Region::vftable
005636c0	PLATE	const Tgen_Scape_Region::vftable
005636d8	PLATE	meta pointer for Tgen_Lightmap::vftable
005636dc	PLATE	const Tgen_Lightmap::vftable
005636fc	PLATE	meta pointer for Tgen_Unit_Tile::vftable
00563700	PLATE	const Tgen_Unit_Tile::vftable
00563750	PLATE	meta pointer for Thermo::vftable
00563754	PLATE	const Thermo::vftable
00563788	PLATE	meta pointer for Word_Thermo::vftable
0056378c	PLATE	const Word_Thermo::vftable
005637c0	PLATE	meta pointer for Integer_Thermo::vftable
005637c4	PLATE	const Integer_Thermo::vftable
005637f8	PLATE	meta pointer for Axis_Thermo::vftable
005637fc	PLATE	const Axis_Thermo::vftable
00563860	PLATE	meta pointer for Input_Catcher::vftable
00563864	PLATE	const Input_Catcher::vftable
005642ec	PLATE	meta pointer for Undo_Stack::vftable
005642f0	PLATE	const Undo_Stack::vftable
005645b8	PLATE	meta pointer for UI_Capture_Keys::vftable
005645bc	PLATE	const UI_Capture_Keys::vftable
005645f0	PLATE	meta pointer for Vehicle_Client::vftable
005645f4	PLATE	const Vehicle_Client::vftable
00564744	PLATE	meta pointer for Viewer::vftable
00564748	PLATE	const Viewer::vftable
00564a4c	PLATE	meta pointer for Glow_Text::vftable
00564a50	PLATE	const Glow_Text::vftable
00564a54	PLATE	meta pointer for Fade_Text::vftable
00564a58	PLATE	const Fade_Text::vftable
00564a5c	PLATE	meta pointer for Scrolling_List_Item::vftable
00564a60	PLATE	const Scrolling_List_Item::vftable
00564a64	PLATE	meta pointer for Input_Widget::vftable
00564a68	PLATE	const Input_Widget::vftable
00564a9c	PLATE	meta pointer for BBar::vftable
00564aa0	PLATE	const BBar::vftable
00564ad4	PLATE	meta pointer for Button_Bar::vftable
00564ad8	PLATE	const Button_Bar::vftable
00564b0c	PLATE	meta pointer for Button_Bar_Item::vftable
00564b10	PLATE	const Button_Bar_Item::vftable
00564b2c	PLATE	meta pointer for Single_Button::vftable
00564b30	PLATE	const Single_Button::vftable
00564b64	PLATE	meta pointer for Button_Box::vftable
00564b68	PLATE	const Button_Box::vftable
00564b9c	PLATE	meta pointer for Convex_Button_Box::vftable
00564ba0	PLATE	const Convex_Button_Box::vftable
00564bd4	PLATE	meta pointer for Dialogue_Box::vftable
00564bd8	PLATE	const Dialogue_Box::vftable
00564c0c	PLATE	meta pointer for Text_Entry::vftable
00564c10	PLATE	const Text_Entry::vftable
00564c44	PLATE	meta pointer for Winsys_D3D::vftable
00564c48	PLATE	const Winsys_D3D::vftable
00564c50	PLATE	meta pointer for Winsys_D3D_Detector::vftable
00564c54	PLATE	const Winsys_D3D_Detector::vftable
00564d70	PLATE	meta pointer for Winsys_DX::vftable
00564d74	PLATE	const Winsys_DX::vftable
00564d7c	PLATE	meta pointer for Winsys_DX_Detector::vftable
00564d80	PLATE	const Winsys_DX_Detector::vftable
00564d8c	PLATE	meta pointer for Winsys_GDI::vftable
00564d90	PLATE	const Winsys_GDI::vftable
00564d98	PLATE	meta pointer for Winsys_GDI_Detector::vftable
00564d9c	PLATE	const Winsys_GDI_Detector::vftable
00564da8	PLATE	meta pointer for Winsys_DLL_Detector::vftable
00564dac	PLATE	const Winsys_DLL_Detector::vftable
00564db8	PLATE	meta pointer for Winsys::vftable
00564dbc	PLATE	const Winsys::vftable
00564dc4	PLATE	meta pointer for Winsys_Detector::vftable
00564dc8	PLATE	const Winsys_Detector::vftable
00564e40	PRE	LSP baseline offset before narrowband codebook search.
00564ee8	PRE	Step for reconstructed narrowband LSP baseline.
00564ee8	EOL	Double constant 0.25 for four-corner diamond-square averaging.
00564f00	PRE	Double-precision pi used by LSP and trig paths.
00564f50	EOL	Double constant 3.0 divisor for three-point edge midpoint averaging.
00565030	PRE	Exponent for preprocess loudness initialization.
00565270	PRE	Divisor for preprocess probability ctl percentages.
00565580	PRE	Default Speex start probability.
00565670	PRE	Float loudness default stored in preprocess state.
00567194	PLATE	.NET PDB Info
005671dc	PLATE	const Entity::RTTI Complete Object Locator
005671f0	PLATE	Entity::RTTI Class Hierarchy Descriptor
00567200	PLATE	Entity::RTTI Base Class Array
00567208	PLATE	Entity::RTTI Base Class Descriptor at (0,-1,0,64)
00567224	PLATE	const Timed_Event::RTTI Complete Object Locator
00567238	PLATE	const Vehicle_Model::RTTI Complete Object Locator
0056724c	PLATE	Vehicle_Model::RTTI Class Hierarchy Descriptor
0056725c	PLATE	Vehicle_Model::RTTI Base Class Array
00567264	PLATE	Vehicle_Model::RTTI Base Class Descriptor at (0,-1,0,64)
00567280	PLATE	const Vehicle_Instance::RTTI Complete Object Locator
00567294	PLATE	Vehicle_Instance::RTTI Class Hierarchy Descriptor
005672a4	PLATE	Vehicle_Instance::RTTI Base Class Array
005672ac	PLATE	Vehicle_Instance::RTTI Base Class Descriptor at (0,-1,0,64)
005672c8	PLATE	const Medic_Model::RTTI Complete Object Locator
005672dc	PLATE	Medic_Model::RTTI Class Hierarchy Descriptor
005672ec	PLATE	Medic_Model::RTTI Base Class Array
005672f8	PLATE	Medic_Model::RTTI Base Class Descriptor at (0,-1,0,64)
00567314	PLATE	const Medic_Vehicle::RTTI Complete Object Locator
00567328	PLATE	Medic_Vehicle::RTTI Class Hierarchy Descriptor
00567338	PLATE	Medic_Vehicle::RTTI Base Class Array
00567344	PLATE	Medic_Vehicle::RTTI Base Class Descriptor at (0,-1,0,64)
00567360	PLATE	const Tank_Model::RTTI Complete Object Locator
00567374	PLATE	Tank_Model::RTTI Class Hierarchy Descriptor
00567384	PLATE	Tank_Model::RTTI Base Class Array
00567390	PLATE	Tank_Model::RTTI Base Class Descriptor at (0,-1,0,64)
005673ac	PLATE	const Tank_Vehicle::RTTI Complete Object Locator
005673c0	PLATE	Tank_Vehicle::RTTI Class Hierarchy Descriptor
005673d0	PLATE	Tank_Vehicle::RTTI Base Class Array
005673dc	PLATE	Tank_Vehicle::RTTI Base Class Descriptor at (0,-1,0,64)
005673f8	PLATE	const Bomber_Model::RTTI Complete Object Locator
0056740c	PLATE	Bomber_Model::RTTI Class Hierarchy Descriptor
0056741c	PLATE	Bomber_Model::RTTI Base Class Array
00567428	PLATE	Bomber_Model::RTTI Base Class Descriptor at (0,-1,0,64)
00567444	PLATE	Core_Time::RTTI Class Hierarchy Descriptor
00567454	PLATE	Core_Time::RTTI Base Class Array
0056745c	PLATE	Core_Time::RTTI Base Class Descriptor at (0,-1,0,64)
00567478	PLATE	const WULF_Time::RTTI Complete Object Locator
0056748c	PLATE	WULF_Time::RTTI Class Hierarchy Descriptor
0056749c	PLATE	WULF_Time::RTTI Base Class Array
005674a8	PLATE	WULF_Time::RTTI Base Class Descriptor at (0,-1,0,64)
005674c4	PLATE	const Out_History::RTTI Complete Object Locator
005674d8	PLATE	Out_History::RTTI Class Hierarchy Descriptor
005674e8	PLATE	Out_History::RTTI Base Class Array
005674f4	PLATE	Out_History::RTTI Base Class Descriptor at (0,-1,0,64)
00567510	PLATE	const Service_Layer_Event::RTTI Complete Object Locator
00567524	PLATE	Service_Layer_Event::RTTI Class Hierarchy Descriptor
00567534	PLATE	Service_Layer_Event::RTTI Base Class Array
00567540	PLATE	Service_Layer_Event::RTTI Base Class Descriptor at (0,-1,0,64)
0056755c	PLATE	const type_info::RTTI Complete Object Locator
00567570	PLATE	type_info::RTTI Class Hierarchy Descriptor
00567580	PLATE	type_info::RTTI Base Class Array
00567588	PLATE	type_info::RTTI Base Class Descriptor at (0,-1,0,64)
005675a4	PLATE	const std::bad_alloc::RTTI Complete Object Locator
005675b8	PLATE	std::bad_alloc::RTTI Class Hierarchy Descriptor
005675c8	PLATE	std::bad_alloc::RTTI Base Class Array
005675d4	PLATE	std::bad_alloc::RTTI Base Class Descriptor at (0,-1,0,64)
005675f0	PLATE	std::exception::RTTI Base Class Descriptor at (0,-1,0,64)
0056760c	PLATE	std::exception::RTTI Class Hierarchy Descriptor
0056761c	PLATE	std::exception::RTTI Base Class Array
00567624	PLATE	const std::exception::RTTI Complete Object Locator
00567638	PLATE	const std::bad_exception::RTTI Complete Object Locator
0056764c	PLATE	std::bad_exception::RTTI Class Hierarchy Descriptor
0056765c	PLATE	std::bad_exception::RTTI Base Class Array
00567668	PLATE	std::bad_exception::RTTI Base Class Descriptor at (0,-1,0,64)
00567684	PLATE	const CSN_HTTP::RTTI Complete Object Locator
00567698	PLATE	CSN_HTTP::RTTI Class Hierarchy Descriptor
005676a8	PLATE	CSN_HTTP::RTTI Base Class Array
005676b4	PLATE	CSN_HTTP::RTTI Base Class Descriptor at (0,-1,0,64)
005676d0	PLATE	CSN::RTTI Base Class Descriptor at (0,-1,0,64)
005676ec	PLATE	CSN::RTTI Class Hierarchy Descriptor
005676fc	PLATE	CSN::RTTI Base Class Array
00567704	PLATE	const CSN::RTTI Complete Object Locator
00567718	PLATE	const Tex_Entry::RTTI Complete Object Locator
0056772c	PLATE	Tex_Entry::RTTI Class Hierarchy Descriptor
0056773c	PLATE	Tex_Entry::RTTI Base Class Array
00567748	PLATE	Scrolling_List_Item::RTTI Base Class Descriptor at (0,-1,0,64)
00567764	PLATE	Scrolling_List_Item::RTTI Class Hierarchy Descriptor
00567774	PLATE	Scrolling_List_Item::RTTI Base Class Array
0056777c	PLATE	Tex_Entry::RTTI Base Class Descriptor at (0,-1,0,64)
00567798	PLATE	const piecewiser::RTTI Complete Object Locator
005677ac	PLATE	piecewiser::RTTI Class Hierarchy Descriptor
005677bc	PLATE	piecewiser::RTTI Base Class Array
005677c8	PLATE	piecewiser::RTTI Base Class Descriptor at (0,-1,0,64)
005677e4	PLATE	const auto_table_viewer::RTTI Complete Object Locator
005677f8	PLATE	auto_table_viewer::RTTI Class Hierarchy Descriptor
00567808	PLATE	auto_table_viewer::RTTI Base Class Array
00567814	PLATE	auto_table_viewer::RTTI Base Class Descriptor at (0,-1,0,64)
00567830	PLATE	const param_widget::RTTI Complete Object Locator
00567844	PLATE	const param_widget::RTTI Complete Object Locator
00567858	PLATE	param_widget::RTTI Class Hierarchy Descriptor
00567868	PLATE	param_widget::RTTI Base Class Array
00567878	PLATE	view_widget::RTTI Base Class Descriptor at (40,-1,0,64)
00567894	PLATE	param_widget::RTTI Base Class Descriptor at (0,-1,0,64)
005678b0	PLATE	const chooser_widget::RTTI Complete Object Locator
005678c4	PLATE	chooser_widget::RTTI Class Hierarchy Descriptor
005678d4	PLATE	chooser_widget::RTTI Base Class Array
005678e0	PLATE	Input_Widget::RTTI Base Class Descriptor at (0,-1,0,64)
005678fc	PLATE	Input_Widget::RTTI Class Hierarchy Descriptor
0056790c	PLATE	Input_Widget::RTTI Base Class Array
00567914	PLATE	chooser_widget::RTTI Base Class Descriptor at (0,-1,0,64)
00567930	PLATE	const view_widget::RTTI Complete Object Locator
00567944	PLATE	view_widget::RTTI Class Hierarchy Descriptor
00567954	PLATE	view_widget::RTTI Base Class Array
0056795c	PLATE	view_widget::RTTI Base Class Descriptor at (0,-1,0,64)
00567978	PLATE	const Bitmap_When_Lit_Item::RTTI Complete Object Locator
0056798c	PLATE	Bitmap_When_Lit_Item::RTTI Class Hierarchy Descriptor
0056799c	PLATE	Bitmap_When_Lit_Item::RTTI Base Class Array
005679ac	PLATE	Bitmap_When_Lit_Item::RTTI Base Class Descriptor at (0,-1,0,64)
005679c8	PLATE	const Inviso_Item::RTTI Complete Object Locator
005679dc	PLATE	Inviso_Item::RTTI Class Hierarchy Descriptor
005679ec	PLATE	Inviso_Item::RTTI Base Class Array
005679fc	PLATE	Inviso_Item::RTTI Base Class Descriptor at (0,-1,0,64)
00567a18	PLATE	const Unit_Item::RTTI Complete Object Locator
00567a2c	PLATE	Unit_Item::RTTI Class Hierarchy Descriptor
00567a3c	PLATE	Unit_Item::RTTI Base Class Array
00567a4c	PLATE	Unit_Item::RTTI Base Class Descriptor at (0,-1,0,64)
00567a68	PLATE	const Text_Item::RTTI Complete Object Locator
00567a7c	PLATE	Text_Item::RTTI Class Hierarchy Descriptor
00567a8c	PLATE	Text_Item::RTTI Base Class Array
00567a9c	PLATE	Text_Item::RTTI Base Class Descriptor at (0,-1,0,64)
00567ab8	PLATE	const Pad_Widget::RTTI Complete Object Locator
00567acc	PLATE	Pad_Widget::RTTI Class Hierarchy Descriptor
00567adc	PLATE	Pad_Widget::RTTI Base Class Array
00567ae8	PLATE	Pad_Widget::RTTI Base Class Descriptor at (0,-1,0,64)
00567b04	PLATE	const Gray_Button::RTTI Complete Object Locator
00567b18	PLATE	Gray_Button::RTTI Class Hierarchy Descriptor
00567b28	PLATE	Gray_Button::RTTI Base Class Array
00567b34	PLATE	Gray_Button::RTTI Base Class Descriptor at (0,-1,0,64)
00567b50	PLATE	const Entry_Item::RTTI Complete Object Locator
00567b64	PLATE	Entry_Item::RTTI Class Hierarchy Descriptor
00567b74	PLATE	Entry_Item::RTTI Base Class Array
00567b80	PLATE	Entry_Item::RTTI Base Class Descriptor at (0,-1,0,64)
00567b9c	PLATE	const Label_Item::RTTI Complete Object Locator
00567bb0	PLATE	Label_Item::RTTI Class Hierarchy Descriptor
00567bc0	PLATE	Label_Item::RTTI Base Class Array
00567bcc	PLATE	Label_Item::RTTI Base Class Descriptor at (0,-1,0,64)
00567be8	PLATE	const Docview_Frame::RTTI Complete Object Locator
00567bfc	PLATE	Docview_Frame::RTTI Class Hierarchy Descriptor
00567c0c	PLATE	Docview_Frame::RTTI Base Class Array
00567c18	PLATE	Docview_Frame::RTTI Base Class Descriptor at (0,-1,0,64)
00567c34	PLATE	const Convex_Button::RTTI Complete Object Locator
00567c48	PLATE	Convex_Button::RTTI Class Hierarchy Descriptor
00567c58	PLATE	Convex_Button::RTTI Base Class Array
00567c64	PLATE	Convex_Button::RTTI Base Class Descriptor at (0,-1,0,64)
00567c80	PLATE	const Texture_Cache::RTTI Complete Object Locator
00567c94	PLATE	Texture_Cache::RTTI Class Hierarchy Descriptor
00567ca4	PLATE	Texture_Cache::RTTI Base Class Array
00567cac	PLATE	Texture_Cache::RTTI Base Class Descriptor at (0,-1,0,64)
00567cc8	PLATE	const Device_Axis::RTTI Complete Object Locator
00567cdc	PLATE	Device_Axis::RTTI Class Hierarchy Descriptor
00567cec	PLATE	Device_Axis::RTTI Base Class Array
00567cf4	PLATE	Device_Axis::RTTI Base Class Descriptor at (0,-1,0,64)
00567d10	PLATE	const DGW::RTTI Complete Object Locator
00567d24	PLATE	DGW::RTTI Class Hierarchy Descriptor
00567d34	PLATE	DGW::RTTI Base Class Array
00567d40	PLATE	DGW::RTTI Base Class Descriptor at (0,-1,0,64)
00567d5c	PLATE	const Shape_Entry::RTTI Complete Object Locator
00567d70	PLATE	Shape_Entry::RTTI Class Hierarchy Descriptor
00567d80	PLATE	Shape_Entry::RTTI Base Class Array
00567d8c	PLATE	Shape_Entry::RTTI Base Class Descriptor at (0,-1,0,64)
00567da8	PLATE	const Objedit_Mode::RTTI Complete Object Locator
00567dbc	PLATE	Objedit_Mode::RTTI Class Hierarchy Descriptor
00567dcc	PLATE	Objedit_Mode::RTTI Base Class Array
00567ddc	PLATE	Major_Mode::RTTI Base Class Descriptor at (0,-1,0,64)
00567df8	PLATE	Major_Mode::RTTI Class Hierarchy Descriptor
00567e08	PLATE	Major_Mode::RTTI Base Class Array
00567e14	PLATE	Objedit_Mode::RTTI Base Class Descriptor at (0,-1,0,64)
00567e30	PLATE	const Debug_Output::RTTI Complete Object Locator
00567e44	PLATE	Debug_Output::RTTI Class Hierarchy Descriptor
00567e54	PLATE	Debug_Output::RTTI Base Class Array
00567e60	PLATE	Overlay::RTTI Base Class Descriptor at (0,-1,0,64)
00567e7c	PLATE	Overlay::RTTI Class Hierarchy Descriptor
00567e8c	PLATE	Overlay::RTTI Base Class Array
00567e94	PLATE	Debug_Output::RTTI Base Class Descriptor at (0,-1,0,64)
00567eb0	PLATE	const Scrollbar::RTTI Complete Object Locator
00567ec4	PLATE	Scrollbar::RTTI Class Hierarchy Descriptor
00567ed4	PLATE	Scrollbar::RTTI Base Class Array
00567ee0	PLATE	Scrollbar::RTTI Base Class Descriptor at (0,-1,0,64)
00567efc	PLATE	const Package_Unstructured::RTTI Complete Object Locator
00567f10	PLATE	Package_Unstructured::RTTI Class Hierarchy Descriptor
00567f20	PLATE	Package_Unstructured::RTTI Base Class Array
00567f2c	PLATE	Package_Unstructured::RTTI Base Class Descriptor at (0,-1,0,64)
00567f48	PLATE	const Package_TB::RTTI Complete Object Locator
00567f5c	PLATE	Package_TB::RTTI Class Hierarchy Descriptor
00567f6c	PLATE	Package_TB::RTTI Base Class Array
00567f7c	PLATE	Package_TB::RTTI Base Class Descriptor at (0,-1,0,64)
00567f98	PLATE	const Package_LR::RTTI Complete Object Locator
00567fac	PLATE	Package_LR::RTTI Class Hierarchy Descriptor
00567fbc	PLATE	Package_LR::RTTI Base Class Array
00567fc8	PLATE	Package_LR::RTTI Base Class Descriptor at (0,-1,0,64)
00567fe4	PLATE	const Empty_Mode::RTTI Complete Object Locator
00567ff8	PLATE	Empty_Mode::RTTI Class Hierarchy Descriptor
00568008	PLATE	Empty_Mode::RTTI Base Class Array
00568018	PLATE	Empty_Mode::RTTI Base Class Descriptor at (0,-1,0,64)
00568034	PLATE	const Switch_Screen::RTTI Complete Object Locator
00568048	PLATE	Switch_Screen::RTTI Class Hierarchy Descriptor
00568058	PLATE	Switch_Screen::RTTI Base Class Array
00568064	PLATE	Timed_Event::RTTI Base Class Descriptor at (0,-1,0,64)
00568080	PLATE	Timed_Event::RTTI Class Hierarchy Descriptor
00568090	PLATE	Timed_Event::RTTI Base Class Array
00568098	PLATE	Switch_Screen::RTTI Base Class Descriptor at (0,-1,0,64)
005680b4	PLATE	const Map_Widget::RTTI Complete Object Locator
005680c8	PLATE	Map_Widget::RTTI Class Hierarchy Descriptor
005680d8	PLATE	Map_Widget::RTTI Base Class Array
005680e4	PLATE	Map_Widget::RTTI Base Class Descriptor at (0,-1,0,64)
00568100	PLATE	const Frame::RTTI Complete Object Locator
00568114	PLATE	Frame::RTTI Class Hierarchy Descriptor
00568124	PLATE	Frame::RTTI Base Class Array
00568130	PLATE	Frame::RTTI Base Class Descriptor at (0,-1,0,64)
0056814c	PLATE	const Glowy_Chunk::RTTI Complete Object Locator
00568160	PLATE	Glowy_Chunk::RTTI Class Hierarchy Descriptor
00568170	PLATE	Glowy_Chunk::RTTI Base Class Array
00568180	PLATE	Chunk::RTTI Base Class Descriptor at (0,-1,0,64)
0056819c	PLATE	Chunk::RTTI Class Hierarchy Descriptor
005681ac	PLATE	Chunk::RTTI Base Class Array
005681b8	PLATE	Glowy_Chunk::RTTI Base Class Descriptor at (0,-1,0,64)
005681d4	PLATE	const Glowy_Chunk_Generator::RTTI Complete Object Locator
005681e8	PLATE	Glowy_Chunk_Generator::RTTI Class Hierarchy Descriptor
005681f8	PLATE	Glowy_Chunk_Generator::RTTI Base Class Array
00568204	PLATE	Chunk_Generator::RTTI Base Class Descriptor at (0,-1,0,64)
00568220	PLATE	Chunk_Generator::RTTI Class Hierarchy Descriptor
00568230	PLATE	Chunk_Generator::RTTI Base Class Array
00568238	PLATE	Glowy_Chunk_Generator::RTTI Base Class Descriptor at (0,-1,0,64)
00568254	PLATE	const Multigraph::RTTI Complete Object Locator
00568268	PLATE	Multigraph::RTTI Class Hierarchy Descriptor
00568278	PLATE	Multigraph::RTTI Base Class Array
00568284	PLATE	Multigraph::RTTI Base Class Descriptor at (0,-1,0,64)
005682a0	PLATE	const Timegraph_Widget::RTTI Complete Object Locator
005682b4	PLATE	Timegraph_Widget::RTTI Class Hierarchy Descriptor
005682c4	PLATE	Timegraph_Widget::RTTI Base Class Array
005682d0	PLATE	Timegraph_Widget::RTTI Base Class Descriptor at (0,-1,0,64)
005682ec	PLATE	const Histogram_Widget::RTTI Complete Object Locator
00568300	PLATE	Histogram_Widget::RTTI Class Hierarchy Descriptor
00568310	PLATE	Histogram_Widget::RTTI Base Class Array
0056831c	PLATE	Histogram_Widget::RTTI Base Class Descriptor at (0,-1,0,64)
00568338	PLATE	const Meter::RTTI Complete Object Locator
0056834c	PLATE	Meter::RTTI Class Hierarchy Descriptor
0056835c	PLATE	Meter::RTTI Base Class Array
00568368	PLATE	Meter::RTTI Base Class Descriptor at (0,-1,0,64)
00568384	PLATE	const Not_Allowed_Document_Viewer::RTTI Complete Object Locator
00568398	PLATE	Not_Allowed_Document_Viewer::RTTI Class Hierarchy Descriptor
005683a8	PLATE	Not_Allowed_Document_Viewer::RTTI Base Class Array
005683b8	PLATE	Document_Viewer::RTTI Base Class Descriptor at (0,-1,0,64)
005683d4	PLATE	Document_Viewer::RTTI Class Hierarchy Descriptor
005683e4	PLATE	Document_Viewer::RTTI Base Class Array
005683f0	PLATE	Not_Allowed_Document_Viewer::RTTI Base Class Descriptor at (0,-1,0,64)
0056840c	PLATE	const Not_Yet_Implemented_Widget::RTTI Complete Object Locator
00568420	PLATE	Not_Yet_Implemented_Widget::RTTI Class Hierarchy Descriptor
00568430	PLATE	Not_Yet_Implemented_Widget::RTTI Base Class Array
00568440	PLATE	Not_Yet_Implemented_Widget::RTTI Base Class Descriptor at (0,-1,0,64)
0056845c	PLATE	const Sel_Widget::RTTI Complete Object Locator
00568470	PLATE	Sel_Widget::RTTI Class Hierarchy Descriptor
00568480	PLATE	Sel_Widget::RTTI Base Class Array
00568490	PLATE	Sel_Widget::RTTI Base Class Descriptor at (0,-1,0,64)
005684ac	PLATE	Base_Widget::RTTI Class Hierarchy Descriptor
005684bc	PLATE	Base_Widget::RTTI Base Class Array
005684c8	PLATE	Base_Widget::RTTI Base Class Descriptor at (0,-1,0,64)
005684e4	PLATE	const Info_Widget::RTTI Complete Object Locator
005684f8	PLATE	Info_Widget::RTTI Class Hierarchy Descriptor
00568508	PLATE	Info_Widget::RTTI Base Class Array
00568514	PLATE	Info_Widget::RTTI Base Class Descriptor at (0,-1,0,64)
00568530	PLATE	const Joystick_Device_Axis::RTTI Complete Object Locator
00568544	PLATE	Joystick_Device_Axis::RTTI Class Hierarchy Descriptor
00568554	PLATE	Joystick_Device_Axis::RTTI Base Class Array
00568560	PLATE	Joystick_Device_Axis::RTTI Base Class Descriptor at (0,-1,0,64)
0056857c	PLATE	const Joymap_Widget::RTTI Complete Object Locator
00568590	PLATE	Joymap_Widget::RTTI Class Hierarchy Descriptor
005685a0	PLATE	Joymap_Widget::RTTI Base Class Array
005685ac	PLATE	Joymap_Widget::RTTI Base Class Descriptor at (0,-1,0,64)
005685c8	PLATE	const delete_node::RTTI Complete Object Locator
005685dc	PLATE	delete_node::RTTI Class Hierarchy Descriptor
005685ec	PLATE	delete_node::RTTI Base Class Array
005685f8	PLATE	delete_node::RTTI Base Class Descriptor at (0,-1,0,64)
00568614	PLATE	const hide_node::RTTI Complete Object Locator
00568628	PLATE	hide_node::RTTI Class Hierarchy Descriptor
00568638	PLATE	hide_node::RTTI Base Class Array
00568644	PLATE	hide_node::RTTI Base Class Descriptor at (0,-1,0,64)
00568660	PLATE	const Menu::RTTI Complete Object Locator
00568674	PLATE	Menu::RTTI Class Hierarchy Descriptor
00568684	PLATE	Menu::RTTI Base Class Array
00568690	PLATE	Menu::RTTI Base Class Descriptor at (0,-1,0,64)
005686ac	PLATE	const Major_Mode::RTTI Complete Object Locator
005686c0	PLATE	const Medic_Client::RTTI Complete Object Locator
005686d4	PLATE	Medic_Client::RTTI Class Hierarchy Descriptor
005686e4	PLATE	Medic_Client::RTTI Base Class Array
005686f0	PLATE	Vehicle_Client::RTTI Base Class Descriptor at (0,-1,0,64)
0056870c	PLATE	Vehicle_Client::RTTI Class Hierarchy Descriptor
0056871c	PLATE	Vehicle_Client::RTTI Base Class Array
00568724	PLATE	Medic_Client::RTTI Base Class Descriptor at (0,-1,0,64)
00568740	PLATE	const Mouse_Device_Axis::RTTI Complete Object Locator
00568754	PLATE	Mouse_Device_Axis::RTTI Class Hierarchy Descriptor
00568764	PLATE	Mouse_Device_Axis::RTTI Base Class Array
00568770	PLATE	Mouse_Device_Axis::RTTI Base Class Descriptor at (0,-1,0,64)
0056878c	PLATE	const Piecewise_Viewer::RTTI Complete Object Locator
005687a0	PLATE	Piecewise_Viewer::RTTI Class Hierarchy Descriptor
005687b0	PLATE	Piecewise_Viewer::RTTI Base Class Array
005687bc	PLATE	Piecewise_Viewer::RTTI Base Class Descriptor at (0,-1,0,64)
005687d8	PLATE	const Comm_Entry::RTTI Complete Object Locator
005687ec	PLATE	Comm_Entry::RTTI Class Hierarchy Descriptor
005687fc	PLATE	Comm_Entry::RTTI Base Class Array
00568808	PLATE	Comm_Entry::RTTI Base Class Descriptor at (0,-1,0,64)
00568824	PLATE	const Sound_Player::RTTI Complete Object Locator
00568838	PLATE	Sound_Player::RTTI Class Hierarchy Descriptor
00568848	PLATE	Sound_Player::RTTI Base Class Array
00568850	PLATE	Sound_Player::RTTI Base Class Descriptor at (0,-1,0,64)
0056886c	PLATE	const Sound_fmod::RTTI Complete Object Locator
00568880	PLATE	Sound_fmod::RTTI Class Hierarchy Descriptor
00568890	PLATE	Sound_fmod::RTTI Base Class Array
0056889c	PLATE	Sound_fmod::RTTI Base Class Descriptor at (0,-1,0,64)
005688b8	PLATE	const Table_Widget::RTTI Complete Object Locator
005688cc	PLATE	Table_Widget::RTTI Class Hierarchy Descriptor
005688dc	PLATE	Table_Widget::RTTI Base Class Array
005688e8	PLATE	Table_Widget::RTTI Base Class Descriptor at (0,-1,0,64)
00568904	PLATE	const Tank_Client::RTTI Complete Object Locator
00568918	PLATE	Tank_Client::RTTI Class Hierarchy Descriptor
00568928	PLATE	Tank_Client::RTTI Base Class Array
00568934	PLATE	Tank_Client::RTTI Base Class Descriptor at (0,-1,0,64)
00568950	PLATE	const Team_Selection_Box::RTTI Complete Object Locator
00568964	PLATE	Team_Selection_Box::RTTI Class Hierarchy Descriptor
00568974	PLATE	Team_Selection_Box::RTTI Base Class Array
00568980	PLATE	Team_Selection_Box::RTTI Base Class Descriptor at (0,-1,0,64)
0056899c	PLATE	const Pad_Chunk::RTTI Complete Object Locator
005689b0	PLATE	Pad_Chunk::RTTI Class Hierarchy Descriptor
005689c0	PLATE	Pad_Chunk::RTTI Base Class Array
005689cc	PLATE	Pad_Chunk::RTTI Base Class Descriptor at (0,-1,0,64)
005689e8	PLATE	const Document_Viewer::RTTI Complete Object Locator
005689fc	PLATE	const Chunk_Generator::RTTI Complete Object Locator
00568a10	PLATE	const Chunk::RTTI Complete Object Locator
00568a24	PLATE	const Tgen_Disk::RTTI Complete Object Locator
00568a38	PLATE	Tgen_Disk::RTTI Class Hierarchy Descriptor
00568a48	PLATE	Tgen_Disk::RTTI Base Class Array
00568a54	PLATE	Tgen_Disk::RTTI Base Class Descriptor at (0,-1,0,64)
00568a70	PLATE	Texture_Generator::RTTI Class Hierarchy Descriptor
00568a80	PLATE	Texture_Generator::RTTI Base Class Array
00568a88	PLATE	Texture_Generator::RTTI Base Class Descriptor at (0,-1,0,64)
00568aa4	PLATE	const Tgen_Mandelbrot::RTTI Complete Object Locator
00568ab8	PLATE	Tgen_Mandelbrot::RTTI Class Hierarchy Descriptor
00568ac8	PLATE	Tgen_Mandelbrot::RTTI Base Class Array
00568ad4	PLATE	Tgen_Mandelbrot::RTTI Base Class Descriptor at (0,-1,0,64)
00568af0	PLATE	const Tgen_Lightmap::RTTI Complete Object Locator
00568b04	PLATE	Tgen_Lightmap::RTTI Class Hierarchy Descriptor
00568b14	PLATE	Tgen_Lightmap::RTTI Base Class Array
00568b20	PLATE	Tgen_Lightmap::RTTI Base Class Descriptor at (0,-1,0,64)
00568b3c	PLATE	const Tgen_Scape_Region::RTTI Complete Object Locator
00568b50	PLATE	Tgen_Scape_Region::RTTI Class Hierarchy Descriptor
00568b60	PLATE	Tgen_Scape_Region::RTTI Base Class Array
00568b6c	PLATE	Tgen_Scape_Region::RTTI Base Class Descriptor at (0,-1,0,64)
00568b88	PLATE	const Tgen_Unit_Tile::RTTI Complete Object Locator
00568b9c	PLATE	Tgen_Unit_Tile::RTTI Class Hierarchy Descriptor
00568bac	PLATE	Tgen_Unit_Tile::RTTI Base Class Array
00568bb8	PLATE	Tgen_Unit_Tile::RTTI Base Class Descriptor at (0,-1,0,64)
00568bd4	PLATE	const Axis_Thermo::RTTI Complete Object Locator
00568be8	PLATE	Axis_Thermo::RTTI Class Hierarchy Descriptor
00568bf8	PLATE	Axis_Thermo::RTTI Base Class Array
00568c08	PLATE	Axis_Thermo::RTTI Base Class Descriptor at (0,-1,0,64)
00568c24	PLATE	const Integer_Thermo::RTTI Complete Object Locator
00568c38	PLATE	Integer_Thermo::RTTI Class Hierarchy Descriptor
00568c48	PLATE	Integer_Thermo::RTTI Base Class Array
00568c58	PLATE	Integer_Thermo::RTTI Base Class Descriptor at (0,-1,0,64)
00568c74	PLATE	const Word_Thermo::RTTI Complete Object Locator
00568c88	PLATE	Word_Thermo::RTTI Class Hierarchy Descriptor
00568c98	PLATE	Word_Thermo::RTTI Base Class Array
00568ca8	PLATE	Word_Thermo::RTTI Base Class Descriptor at (0,-1,0,64)
00568cc4	PLATE	const Thermo::RTTI Complete Object Locator
00568cd8	PLATE	Thermo::RTTI Class Hierarchy Descriptor
00568ce8	PLATE	Thermo::RTTI Base Class Array
00568cf8	PLATE	Thermo::RTTI Base Class Descriptor at (0,-1,0,64)
00568d14	PLATE	Base_Thermo::RTTI Class Hierarchy Descriptor
00568d24	PLATE	Base_Thermo::RTTI Base Class Array
00568d30	PLATE	Base_Thermo::RTTI Base Class Descriptor at (0,-1,0,64)
00568d4c	PLATE	const Input_Catcher::RTTI Complete Object Locator
00568d60	PLATE	Input_Catcher::RTTI Class Hierarchy Descriptor
00568d70	PLATE	Input_Catcher::RTTI Base Class Array
00568d7c	PLATE	Input_Catcher::RTTI Base Class Descriptor at (0,-1,0,64)
00568d98	PLATE	const Undo_Stack::RTTI Complete Object Locator
00568dac	PLATE	Undo_Stack::RTTI Class Hierarchy Descriptor
00568dbc	PLATE	Undo_Stack::RTTI Base Class Array
00568dc4	PLATE	Undo_Stack::RTTI Base Class Descriptor at (0,-1,0,64)
00568de0	PLATE	const UI_Capture_Keys::RTTI Complete Object Locator
00568df4	PLATE	UI_Capture_Keys::RTTI Class Hierarchy Descriptor
00568e04	PLATE	UI_Capture_Keys::RTTI Base Class Array
00568e10	PLATE	UI_Capture_Keys::RTTI Base Class Descriptor at (0,-1,0,64)
00568e2c	PLATE	const Vehicle_Client::RTTI Complete Object Locator
00568e40	PLATE	const Viewer::RTTI Complete Object Locator
00568e54	PLATE	Viewer::RTTI Class Hierarchy Descriptor
00568e64	PLATE	Viewer::RTTI Base Class Array
00568e6c	PLATE	Viewer::RTTI Base Class Descriptor at (0,-1,0,64)
00568e88	PLATE	const Text_Entry::RTTI Complete Object Locator
00568e9c	PLATE	Text_Entry::RTTI Class Hierarchy Descriptor
00568eac	PLATE	Text_Entry::RTTI Base Class Array
00568eb8	PLATE	Text_Entry::RTTI Base Class Descriptor at (0,-1,0,64)
00568ed4	PLATE	const Dialogue_Box::RTTI Complete Object Locator
00568ee8	PLATE	Dialogue_Box::RTTI Class Hierarchy Descriptor
00568ef8	PLATE	Dialogue_Box::RTTI Base Class Array
00568f04	PLATE	Dialogue_Box::RTTI Base Class Descriptor at (0,-1,0,64)
00568f20	PLATE	const Convex_Button_Box::RTTI Complete Object Locator
00568f34	PLATE	Convex_Button_Box::RTTI Class Hierarchy Descriptor
00568f44	PLATE	Convex_Button_Box::RTTI Base Class Array
00568f54	PLATE	Convex_Button_Box::RTTI Base Class Descriptor at (0,-1,0,64)
00568f70	PLATE	const Button_Box::RTTI Complete Object Locator
00568f84	PLATE	Button_Box::RTTI Class Hierarchy Descriptor
00568f94	PLATE	Button_Box::RTTI Base Class Array
00568fa0	PLATE	Button_Box::RTTI Base Class Descriptor at (0,-1,0,64)
00568fbc	PLATE	const Single_Button::RTTI Complete Object Locator
00568fd0	PLATE	Single_Button::RTTI Class Hierarchy Descriptor
00568fe0	PLATE	Single_Button::RTTI Base Class Array
00568fec	PLATE	Single_Button::RTTI Base Class Descriptor at (0,-1,0,64)
00569008	PLATE	const Button_Bar_Item::RTTI Complete Object Locator
0056901c	PLATE	Button_Bar_Item::RTTI Class Hierarchy Descriptor
0056902c	PLATE	Button_Bar_Item::RTTI Base Class Array
00569038	PLATE	Button_Bar_Item::RTTI Base Class Descriptor at (0,-1,0,64)
00569054	PLATE	const Button_Bar::RTTI Complete Object Locator
00569068	PLATE	Button_Bar::RTTI Class Hierarchy Descriptor
00569078	PLATE	Button_Bar::RTTI Base Class Array
00569088	PLATE	Button_Bar::RTTI Base Class Descriptor at (0,-1,0,64)
005690a4	PLATE	const BBar::RTTI Complete Object Locator
005690b8	PLATE	BBar::RTTI Class Hierarchy Descriptor
005690c8	PLATE	BBar::RTTI Base Class Array
005690d4	PLATE	BBar::RTTI Base Class Descriptor at (0,-1,0,64)
005690f0	PLATE	Bar_Item::RTTI Class Hierarchy Descriptor
00569100	PLATE	Bar_Item::RTTI Base Class Array
00569108	PLATE	Bar_Item::RTTI Base Class Descriptor at (0,-1,0,64)
00569124	PLATE	const Input_Widget::RTTI Complete Object Locator
00569138	PLATE	const Scrolling_List_Item::RTTI Complete Object Locator
0056914c	PLATE	const Fade_Text::RTTI Complete Object Locator
00569160	PLATE	Fade_Text::RTTI Class Hierarchy Descriptor
00569170	PLATE	Fade_Text::RTTI Base Class Array
0056917c	PLATE	Fade_Text::RTTI Base Class Descriptor at (0,-1,0,64)
00569198	PLATE	const Glow_Text::RTTI Complete Object Locator
005691ac	PLATE	Glow_Text::RTTI Class Hierarchy Descriptor
005691bc	PLATE	Glow_Text::RTTI Base Class Array
005691c8	PLATE	Glow_Text::RTTI Base Class Descriptor at (0,-1,0,64)
005691e4	PLATE	const Winsys_D3D_Detector::RTTI Complete Object Locator
005691f8	PLATE	Winsys_D3D_Detector::RTTI Class Hierarchy Descriptor
00569208	PLATE	Winsys_D3D_Detector::RTTI Base Class Array
00569214	PLATE	Winsys_Detector::RTTI Base Class Descriptor at (0,-1,0,64)
00569230	PLATE	Winsys_Detector::RTTI Class Hierarchy Descriptor
00569240	PLATE	Winsys_Detector::RTTI Base Class Array
00569248	PLATE	Winsys_D3D_Detector::RTTI Base Class Descriptor at (0,-1,0,64)
00569264	PLATE	const Winsys_D3D::RTTI Complete Object Locator
00569278	PLATE	Winsys_D3D::RTTI Class Hierarchy Descriptor
00569288	PLATE	Winsys_D3D::RTTI Base Class Array
00569294	PLATE	Winsys::RTTI Base Class Descriptor at (0,-1,0,64)
005692b0	PLATE	Winsys::RTTI Class Hierarchy Descriptor
005692c0	PLATE	Winsys::RTTI Base Class Array
005692c8	PLATE	Winsys_D3D::RTTI Base Class Descriptor at (0,-1,0,64)
005692e4	PLATE	const Winsys_DX_Detector::RTTI Complete Object Locator
005692f8	PLATE	Winsys_DX_Detector::RTTI Class Hierarchy Descriptor
00569308	PLATE	Winsys_DX_Detector::RTTI Base Class Array
00569314	PLATE	Winsys_DX_Detector::RTTI Base Class Descriptor at (0,-1,0,64)
00569330	PLATE	const Winsys_DX::RTTI Complete Object Locator
00569344	PLATE	Winsys_DX::RTTI Class Hierarchy Descriptor
00569354	PLATE	Winsys_DX::RTTI Base Class Array
00569360	PLATE	Winsys_DX::RTTI Base Class Descriptor at (0,-1,0,64)
0056937c	PLATE	const Winsys_GDI_Detector::RTTI Complete Object Locator
00569390	PLATE	Winsys_GDI_Detector::RTTI Class Hierarchy Descriptor
005693a0	PLATE	Winsys_GDI_Detector::RTTI Base Class Array
005693ac	PLATE	Winsys_GDI_Detector::RTTI Base Class Descriptor at (0,-1,0,64)
005693c8	PLATE	const Winsys_GDI::RTTI Complete Object Locator
005693dc	PLATE	Winsys_GDI::RTTI Class Hierarchy Descriptor
005693ec	PLATE	Winsys_GDI::RTTI Base Class Array
005693f8	PLATE	Winsys_GDI::RTTI Base Class Descriptor at (0,-1,0,64)
00569414	PLATE	const Winsys_DLL_Detector::RTTI Complete Object Locator
00569428	PLATE	Winsys_DLL_Detector::RTTI Class Hierarchy Descriptor
00569438	PLATE	Winsys_DLL_Detector::RTTI Base Class Array
00569444	PLATE	Winsys_DLL_Detector::RTTI Base Class Descriptor at (0,-1,0,64)
00569460	PLATE	const Winsys::RTTI Complete Object Locator
00569474	PLATE	const Winsys_Detector::RTTI Complete Object Locator
00570794	PLATE	IMAGE_IMPORT_DESCRIPTOR
005707a8	PLATE	IMAGE_IMPORT_DESCRIPTOR
005707bc	PLATE	IMAGE_IMPORT_DESCRIPTOR
005707d0	PLATE	IMAGE_IMPORT_DESCRIPTOR
005707e4	PLATE	IMAGE_IMPORT_DESCRIPTOR
005707f8	PLATE	IMAGE_IMPORT_DESCRIPTOR
0057080c	PLATE	IMAGE_IMPORT_DESCRIPTOR
00570820	PLATE	IMAGE_IMPORT_DESCRIPTOR
00570834	PLATE	IMAGE_IMPORT_DESCRIPTOR
00570848	PLATE	IMAGE_IMPORT_DESCRIPTOR
0057085c	PLATE	IMAGE_IMPORT_DESCRIPTOR
00570884	EOL	IMAGE_THUNK_DATA32
00570888	EOL	IMAGE_THUNK_DATA32
0057088c	EOL	IMAGE_THUNK_DATA32
00570890	EOL	IMAGE_THUNK_DATA32
00570894	EOL	IMAGE_THUNK_DATA32
00570898	EOL	IMAGE_THUNK_DATA32
0057089c	EOL	IMAGE_THUNK_DATA32
005708a0	EOL	IMAGE_THUNK_DATA32
005708a8	EOL	IMAGE_THUNK_DATA32
005708ac	EOL	IMAGE_THUNK_DATA32
005708b0	EOL	IMAGE_THUNK_DATA32
005708b8	EOL	IMAGE_THUNK_DATA32
005708c0	EOL	IMAGE_THUNK_DATA32
005708c4	EOL	IMAGE_THUNK_DATA32
005708c8	EOL	IMAGE_THUNK_DATA32
005708cc	EOL	IMAGE_THUNK_DATA32
005708d0	EOL	IMAGE_THUNK_DATA32
005708d4	EOL	IMAGE_THUNK_DATA32
005708d8	EOL	IMAGE_THUNK_DATA32
005708dc	EOL	IMAGE_THUNK_DATA32
005708e0	EOL	IMAGE_THUNK_DATA32
005708e4	EOL	IMAGE_THUNK_DATA32
005708e8	EOL	IMAGE_THUNK_DATA32
005708ec	EOL	IMAGE_THUNK_DATA32
005708f0	EOL	IMAGE_THUNK_DATA32
005708f4	EOL	IMAGE_THUNK_DATA32
005708f8	EOL	IMAGE_THUNK_DATA32
005708fc	EOL	IMAGE_THUNK_DATA32
00570900	EOL	IMAGE_THUNK_DATA32
00570904	EOL	IMAGE_THUNK_DATA32
00570908	EOL	IMAGE_THUNK_DATA32
0057090c	EOL	IMAGE_THUNK_DATA32
00570910	EOL	IMAGE_THUNK_DATA32
00570918	EOL	IMAGE_THUNK_DATA32
0057091c	EOL	IMAGE_THUNK_DATA32
00570920	EOL	IMAGE_THUNK_DATA32
00570924	EOL	IMAGE_THUNK_DATA32
00570928	EOL	IMAGE_THUNK_DATA32
0057092c	EOL	IMAGE_THUNK_DATA32
00570930	EOL	IMAGE_THUNK_DATA32
00570934	EOL	IMAGE_THUNK_DATA32
00570938	EOL	IMAGE_THUNK_DATA32
0057093c	EOL	IMAGE_THUNK_DATA32
00570940	EOL	IMAGE_THUNK_DATA32
00570944	EOL	IMAGE_THUNK_DATA32
00570948	EOL	IMAGE_THUNK_DATA32
0057094c	EOL	IMAGE_THUNK_DATA32
00570950	EOL	IMAGE_THUNK_DATA32
00570954	EOL	IMAGE_THUNK_DATA32
00570958	EOL	IMAGE_THUNK_DATA32
0057095c	EOL	IMAGE_THUNK_DATA32
00570960	EOL	IMAGE_THUNK_DATA32
00570964	EOL	IMAGE_THUNK_DATA32
00570968	EOL	IMAGE_THUNK_DATA32
0057096c	EOL	IMAGE_THUNK_DATA32
00570970	EOL	IMAGE_THUNK_DATA32
00570974	EOL	IMAGE_THUNK_DATA32
00570978	EOL	IMAGE_THUNK_DATA32
0057097c	EOL	IMAGE_THUNK_DATA32
00570980	EOL	IMAGE_THUNK_DATA32
00570984	EOL	IMAGE_THUNK_DATA32
00570988	EOL	IMAGE_THUNK_DATA32
0057098c	EOL	IMAGE_THUNK_DATA32
00570990	EOL	IMAGE_THUNK_DATA32
00570994	EOL	IMAGE_THUNK_DATA32
00570998	EOL	IMAGE_THUNK_DATA32
0057099c	EOL	IMAGE_THUNK_DATA32
005709a0	EOL	IMAGE_THUNK_DATA32
005709a4	EOL	IMAGE_THUNK_DATA32
005709a8	EOL	IMAGE_THUNK_DATA32
005709ac	EOL	IMAGE_THUNK_DATA32
005709b0	EOL	IMAGE_THUNK_DATA32
005709b4	EOL	IMAGE_THUNK_DATA32
005709b8	EOL	IMAGE_THUNK_DATA32
005709bc	EOL	IMAGE_THUNK_DATA32
005709c0	EOL	IMAGE_THUNK_DATA32
005709c4	EOL	IMAGE_THUNK_DATA32
005709c8	EOL	IMAGE_THUNK_DATA32
005709cc	EOL	IMAGE_THUNK_DATA32
005709d0	EOL	IMAGE_THUNK_DATA32
005709d4	EOL	IMAGE_THUNK_DATA32
005709d8	EOL	IMAGE_THUNK_DATA32
005709dc	EOL	IMAGE_THUNK_DATA32
005709e0	EOL	IMAGE_THUNK_DATA32
005709e4	EOL	IMAGE_THUNK_DATA32
005709e8	EOL	IMAGE_THUNK_DATA32
005709ec	EOL	IMAGE_THUNK_DATA32
005709f0	EOL	IMAGE_THUNK_DATA32
005709f4	EOL	IMAGE_THUNK_DATA32
005709f8	EOL	IMAGE_THUNK_DATA32
005709fc	EOL	IMAGE_THUNK_DATA32
00570a00	EOL	IMAGE_THUNK_DATA32
00570a04	EOL	IMAGE_THUNK_DATA32
00570a08	EOL	IMAGE_THUNK_DATA32
00570a0c	EOL	IMAGE_THUNK_DATA32
00570a10	EOL	IMAGE_THUNK_DATA32
00570a14	EOL	IMAGE_THUNK_DATA32
00570a18	EOL	IMAGE_THUNK_DATA32
00570a1c	EOL	IMAGE_THUNK_DATA32
00570a20	EOL	IMAGE_THUNK_DATA32
00570a24	EOL	IMAGE_THUNK_DATA32
00570a28	EOL	IMAGE_THUNK_DATA32
00570a2c	EOL	IMAGE_THUNK_DATA32
00570a30	EOL	IMAGE_THUNK_DATA32
00570a34	EOL	IMAGE_THUNK_DATA32
00570a38	EOL	IMAGE_THUNK_DATA32
00570a3c	EOL	IMAGE_THUNK_DATA32
00570a40	EOL	IMAGE_THUNK_DATA32
00570a44	EOL	IMAGE_THUNK_DATA32
00570a48	EOL	IMAGE_THUNK_DATA32
00570a4c	EOL	IMAGE_THUNK_DATA32
00570a50	EOL	IMAGE_THUNK_DATA32
00570a54	EOL	IMAGE_THUNK_DATA32
00570a58	EOL	IMAGE_THUNK_DATA32
00570a5c	EOL	IMAGE_THUNK_DATA32
00570a60	EOL	IMAGE_THUNK_DATA32
00570a64	EOL	IMAGE_THUNK_DATA32
00570a68	EOL	IMAGE_THUNK_DATA32
00570a6c	EOL	IMAGE_THUNK_DATA32
00570a70	EOL	IMAGE_THUNK_DATA32
00570a74	EOL	IMAGE_THUNK_DATA32
00570a78	EOL	IMAGE_THUNK_DATA32
00570a7c	EOL	IMAGE_THUNK_DATA32
00570a80	EOL	IMAGE_THUNK_DATA32
00570a84	EOL	IMAGE_THUNK_DATA32
00570a88	EOL	IMAGE_THUNK_DATA32
00570a8c	EOL	IMAGE_THUNK_DATA32
00570a90	EOL	IMAGE_THUNK_DATA32
00570a94	EOL	IMAGE_THUNK_DATA32
00570a98	EOL	IMAGE_THUNK_DATA32
00570a9c	EOL	IMAGE_THUNK_DATA32
00570aa0	EOL	IMAGE_THUNK_DATA32
00570aa4	EOL	IMAGE_THUNK_DATA32
00570aa8	EOL	IMAGE_THUNK_DATA32
00570aac	EOL	IMAGE_THUNK_DATA32
00570ab0	EOL	IMAGE_THUNK_DATA32
00570ab4	EOL	IMAGE_THUNK_DATA32
00570ab8	EOL	IMAGE_THUNK_DATA32
00570abc	EOL	IMAGE_THUNK_DATA32
00570ac0	EOL	IMAGE_THUNK_DATA32
00570ac4	EOL	IMAGE_THUNK_DATA32
00570ac8	EOL	IMAGE_THUNK_DATA32
00570acc	EOL	IMAGE_THUNK_DATA32
00570ad0	EOL	IMAGE_THUNK_DATA32
00570ad4	EOL	IMAGE_THUNK_DATA32
00570ad8	EOL	IMAGE_THUNK_DATA32
00570adc	EOL	IMAGE_THUNK_DATA32
00570ae0	EOL	IMAGE_THUNK_DATA32
00570ae4	EOL	IMAGE_THUNK_DATA32
00570ae8	EOL	IMAGE_THUNK_DATA32
00570aec	EOL	IMAGE_THUNK_DATA32
00570af0	EOL	IMAGE_THUNK_DATA32
00570af4	EOL	IMAGE_THUNK_DATA32
00570af8	EOL	IMAGE_THUNK_DATA32
00570afc	EOL	IMAGE_THUNK_DATA32
00570b00	EOL	IMAGE_THUNK_DATA32
00570b04	EOL	IMAGE_THUNK_DATA32
00570b0c	EOL	IMAGE_THUNK_DATA32
00570b10	EOL	IMAGE_THUNK_DATA32
00570b14	EOL	IMAGE_THUNK_DATA32
00570b18	EOL	IMAGE_THUNK_DATA32
00570b1c	EOL	IMAGE_THUNK_DATA32
00570b20	EOL	IMAGE_THUNK_DATA32
00570b24	EOL	IMAGE_THUNK_DATA32
00570b28	EOL	IMAGE_THUNK_DATA32
00570b2c	EOL	IMAGE_THUNK_DATA32
00570b30	EOL	IMAGE_THUNK_DATA32
00570b34	EOL	IMAGE_THUNK_DATA32
00570b38	EOL	IMAGE_THUNK_DATA32
00570b3c	EOL	IMAGE_THUNK_DATA32
00570b40	EOL	IMAGE_THUNK_DATA32
00570b44	EOL	IMAGE_THUNK_DATA32
00570b48	EOL	IMAGE_THUNK_DATA32
00570b4c	EOL	IMAGE_THUNK_DATA32
00570b50	EOL	IMAGE_THUNK_DATA32
00570b54	EOL	IMAGE_THUNK_DATA32
00570b58	EOL	IMAGE_THUNK_DATA32
00570b5c	EOL	IMAGE_THUNK_DATA32
00570b60	EOL	IMAGE_THUNK_DATA32
00570b64	EOL	IMAGE_THUNK_DATA32
00570b68	EOL	IMAGE_THUNK_DATA32
00570b6c	EOL	IMAGE_THUNK_DATA32
00570b70	EOL	IMAGE_THUNK_DATA32
00570b74	EOL	IMAGE_THUNK_DATA32
00570b78	EOL	IMAGE_THUNK_DATA32
00570b7c	EOL	IMAGE_THUNK_DATA32
00570b80	EOL	IMAGE_THUNK_DATA32
00570b84	EOL	IMAGE_THUNK_DATA32
00570b88	EOL	IMAGE_THUNK_DATA32
00570b8c	EOL	IMAGE_THUNK_DATA32
00570b90	EOL	IMAGE_THUNK_DATA32
00570b94	EOL	IMAGE_THUNK_DATA32
00570b98	EOL	IMAGE_THUNK_DATA32
00570b9c	EOL	IMAGE_THUNK_DATA32
00570ba0	EOL	IMAGE_THUNK_DATA32
00570ba4	EOL	IMAGE_THUNK_DATA32
00570ba8	EOL	IMAGE_THUNK_DATA32
00570bac	EOL	IMAGE_THUNK_DATA32
00570bb0	EOL	IMAGE_THUNK_DATA32
00570bb4	EOL	IMAGE_THUNK_DATA32
00570bb8	EOL	IMAGE_THUNK_DATA32
00570bbc	EOL	IMAGE_THUNK_DATA32
00570bc0	EOL	IMAGE_THUNK_DATA32
00570bc8	EOL	IMAGE_THUNK_DATA32
00570bcc	EOL	IMAGE_THUNK_DATA32
00570bd4	EOL	IMAGE_THUNK_DATA32
00570bd8	EOL	IMAGE_THUNK_DATA32
00570bdc	EOL	IMAGE_THUNK_DATA32
00570be0	EOL	IMAGE_THUNK_DATA32
00570be4	EOL	IMAGE_THUNK_DATA32
00570be8	EOL	IMAGE_THUNK_DATA32
00570bec	EOL	IMAGE_THUNK_DATA32
00570bf0	EOL	IMAGE_THUNK_DATA32
00570bf4	EOL	IMAGE_THUNK_DATA32
00570bf8	EOL	IMAGE_THUNK_DATA32
00570bfc	EOL	IMAGE_THUNK_DATA32
00570c00	EOL	IMAGE_THUNK_DATA32
00570c04	EOL	IMAGE_THUNK_DATA32
00570c08	EOL	IMAGE_THUNK_DATA32
00570c0c	EOL	IMAGE_THUNK_DATA32
00570c10	EOL	IMAGE_THUNK_DATA32
00570c14	EOL	IMAGE_THUNK_DATA32
00570c18	EOL	IMAGE_THUNK_DATA32
00570c1c	EOL	IMAGE_THUNK_DATA32
00570c20	EOL	IMAGE_THUNK_DATA32
00570c24	EOL	IMAGE_THUNK_DATA32
00570c28	EOL	IMAGE_THUNK_DATA32
00570c2c	EOL	IMAGE_THUNK_DATA32
00570c30	EOL	IMAGE_THUNK_DATA32
00570c38	EOL	IMAGE_THUNK_DATA32
00570c40	EOL	IMAGE_THUNK_DATA32
00570c44	EOL	IMAGE_THUNK_DATA32
00570c48	EOL	IMAGE_THUNK_DATA32
00570c4c	EOL	IMAGE_THUNK_DATA32
00570c50	EOL	IMAGE_THUNK_DATA32
00570c54	EOL	IMAGE_THUNK_DATA32
00570c58	EOL	IMAGE_THUNK_DATA32
00570c5c	EOL	IMAGE_THUNK_DATA32
00570c60	EOL	IMAGE_THUNK_DATA32
00570c64	EOL	IMAGE_THUNK_DATA32
00570c68	EOL	IMAGE_THUNK_DATA32
00570c6c	EOL	IMAGE_THUNK_DATA32
00570c70	EOL	IMAGE_THUNK_DATA32
00570c74	EOL	IMAGE_THUNK_DATA32
00570c78	EOL	IMAGE_THUNK_DATA32
00570c7c	EOL	IMAGE_THUNK_DATA32
00570c80	EOL	IMAGE_THUNK_DATA32
00570c84	EOL	IMAGE_THUNK_DATA32
00570c88	EOL	IMAGE_THUNK_DATA32
00570c8c	EOL	IMAGE_THUNK_DATA32
00570c90	EOL	IMAGE_THUNK_DATA32
00570c94	EOL	IMAGE_THUNK_DATA32
00570c98	EOL	IMAGE_THUNK_DATA32
00570c9c	EOL	IMAGE_THUNK_DATA32
00570ca0	EOL	IMAGE_THUNK_DATA32
00570ca4	EOL	IMAGE_THUNK_DATA32
00570ca8	EOL	IMAGE_THUNK_DATA32
00570cac	EOL	IMAGE_THUNK_DATA32
00570cb0	EOL	IMAGE_THUNK_DATA32
00570cb4	EOL	IMAGE_THUNK_DATA32
00570cb8	EOL	IMAGE_THUNK_DATA32
00570cbc	EOL	IMAGE_THUNK_DATA32
00570cc0	EOL	IMAGE_THUNK_DATA32
00570cc4	EOL	IMAGE_THUNK_DATA32
00570cc8	EOL	IMAGE_THUNK_DATA32
00570ccc	EOL	IMAGE_THUNK_DATA32
00570cd0	EOL	IMAGE_THUNK_DATA32
00570cd4	EOL	IMAGE_THUNK_DATA32
00570cd8	EOL	IMAGE_THUNK_DATA32
00570cdc	EOL	IMAGE_THUNK_DATA32
00570ce0	EOL	IMAGE_THUNK_DATA32
00570ce4	EOL	IMAGE_THUNK_DATA32
00570ce8	EOL	IMAGE_THUNK_DATA32
00570cec	EOL	IMAGE_THUNK_DATA32
00570cf0	EOL	IMAGE_THUNK_DATA32
00570cf4	EOL	IMAGE_THUNK_DATA32
00570cf8	EOL	IMAGE_THUNK_DATA32
00570d00	EOL	IMAGE_THUNK_DATA32
00570d08	PLATE	IMAGE_IMPORT_BY_NAME
00570d1a	PLATE	IMAGE_IMPORT_DESCRIPTOR - DLL NAME
00570d28	PLATE	IMAGE_IMPORT_BY_NAME
00570d3e	PLATE	IMAGE_IMPORT_DESCRIPTOR - DLL NAME
00570d4a	PLATE	IMAGE_IMPORT_BY_NAME
00570d5a	PLATE	IMAGE_IMPORT_BY_NAME
00570d6a	PLATE	IMAGE_IMPORT_DESCRIPTOR - DLL NAME
00570d74	PLATE	IMAGE_IMPORT_BY_NAME
00570d8e	PLATE	IMAGE_IMPORT_BY_NAME
00570da4	PLATE	IMAGE_IMPORT_BY_NAME
00570db8	PLATE	IMAGE_IMPORT_DESCRIPTOR - DLL NAME
00570dc2	PLATE	IMAGE_IMPORT_BY_NAME
00570dd6	PLATE	IMAGE_IMPORT_BY_NAME
00570de6	PLATE	IMAGE_IMPORT_BY_NAME
00570df4	PLATE	IMAGE_IMPORT_BY_NAME
00570e04	PLATE	IMAGE_IMPORT_BY_NAME
00570e16	PLATE	IMAGE_IMPORT_BY_NAME
00570e28	PLATE	IMAGE_IMPORT_BY_NAME
00570e36	PLATE	IMAGE_IMPORT_BY_NAME
00570e46	PLATE	IMAGE_IMPORT_DESCRIPTOR - DLL NAME
00570e54	PLATE	IMAGE_IMPORT_BY_NAME
00570e7c	PLATE	IMAGE_IMPORT_BY_NAME
00570e96	PLATE	IMAGE_IMPORT_BY_NAME
00570eac	PLATE	IMAGE_IMPORT_BY_NAME
00570ec6	PLATE	IMAGE_IMPORT_BY_NAME
00570ee4	PLATE	IMAGE_IMPORT_BY_NAME
00570f04	PLATE	IMAGE_IMPORT_BY_NAME
00570f24	PLATE	IMAGE_IMPORT_BY_NAME
00570f38	PLATE	IMAGE_IMPORT_BY_NAME
00570f52	PLATE	IMAGE_IMPORT_BY_NAME
00570f70	PLATE	IMAGE_IMPORT_BY_NAME
00570f8e	PLATE	IMAGE_IMPORT_BY_NAME
00570fb2	PLATE	IMAGE_IMPORT_BY_NAME
00570fce	PLATE	IMAGE_IMPORT_BY_NAME
00570fec	PLATE	IMAGE_IMPORT_BY_NAME
00571012	PLATE	IMAGE_IMPORT_BY_NAME
00571028	PLATE	IMAGE_IMPORT_BY_NAME
00571040	PLATE	IMAGE_IMPORT_BY_NAME
00571052	PLATE	IMAGE_IMPORT_BY_NAME
00571066	PLATE	IMAGE_IMPORT_BY_NAME
0057107c	PLATE	IMAGE_IMPORT_BY_NAME
00571096	PLATE	IMAGE_IMPORT_BY_NAME
005710ac	PLATE	IMAGE_IMPORT_BY_NAME
005710c6	PLATE	IMAGE_IMPORT_BY_NAME
005710e0	PLATE	IMAGE_IMPORT_BY_NAME
005710fc	PLATE	IMAGE_IMPORT_BY_NAME
00571116	PLATE	IMAGE_IMPORT_BY_NAME
00571132	PLATE	IMAGE_IMPORT_BY_NAME
0057114c	PLATE	IMAGE_IMPORT_BY_NAME
0057115e	PLATE	IMAGE_IMPORT_BY_NAME
0057117a	PLATE	IMAGE_IMPORT_BY_NAME
00571198	PLATE	IMAGE_IMPORT_BY_NAME
005711b4	PLATE	IMAGE_IMPORT_BY_NAME
005711d4	PLATE	IMAGE_IMPORT_BY_NAME
005711ee	PLATE	IMAGE_IMPORT_BY_NAME
0057120e	PLATE	IMAGE_IMPORT_BY_NAME
0057122e	PLATE	IMAGE_IMPORT_BY_NAME
00571244	PLATE	IMAGE_IMPORT_BY_NAME
0057125a	PLATE	IMAGE_IMPORT_BY_NAME
00571274	PLATE	IMAGE_IMPORT_BY_NAME
0057128a	PLATE	IMAGE_IMPORT_BY_NAME
005712aa	PLATE	IMAGE_IMPORT_BY_NAME
005712c2	PLATE	IMAGE_IMPORT_BY_NAME
005712e2	PLATE	IMAGE_IMPORT_BY_NAME
005712fe	PLATE	IMAGE_IMPORT_BY_NAME
0057131c	PLATE	IMAGE_IMPORT_BY_NAME
00571336	PLATE	IMAGE_IMPORT_BY_NAME
0057134e	PLATE	IMAGE_IMPORT_DESCRIPTOR - DLL NAME
00571358	PLATE	IMAGE_IMPORT_BY_NAME
0057136e	PLATE	IMAGE_IMPORT_BY_NAME
0057137a	PLATE	IMAGE_IMPORT_BY_NAME
00571384	PLATE	IMAGE_IMPORT_BY_NAME
00571394	PLATE	IMAGE_IMPORT_BY_NAME
005713a6	PLATE	IMAGE_IMPORT_BY_NAME
005713b4	PLATE	IMAGE_IMPORT_BY_NAME
005713c2	PLATE	IMAGE_IMPORT_BY_NAME
005713d0	PLATE	IMAGE_IMPORT_BY_NAME
005713e6	PLATE	IMAGE_IMPORT_BY_NAME
005713f4	PLATE	IMAGE_IMPORT_BY_NAME
00571404	PLATE	IMAGE_IMPORT_BY_NAME
00571416	PLATE	IMAGE_IMPORT_BY_NAME
00571426	PLATE	IMAGE_IMPORT_BY_NAME
00571438	PLATE	IMAGE_IMPORT_BY_NAME
00571448	PLATE	IMAGE_IMPORT_BY_NAME
00571458	PLATE	IMAGE_IMPORT_BY_NAME
00571466	PLATE	IMAGE_IMPORT_BY_NAME
00571472	PLATE	IMAGE_IMPORT_BY_NAME
0057147a	PLATE	IMAGE_IMPORT_BY_NAME
0057148c	PLATE	IMAGE_IMPORT_BY_NAME
0057149a	PLATE	IMAGE_IMPORT_BY_NAME
005714a8	PLATE	IMAGE_IMPORT_BY_NAME
005714bc	PLATE	IMAGE_IMPORT_BY_NAME
005714ca	PLATE	IMAGE_IMPORT_BY_NAME
005714da	PLATE	IMAGE_IMPORT_BY_NAME
005714ee	PLATE	IMAGE_IMPORT_BY_NAME
00571500	PLATE	IMAGE_IMPORT_BY_NAME
00571510	PLATE	IMAGE_IMPORT_BY_NAME
00571522	PLATE	IMAGE_IMPORT_BY_NAME
00571536	PLATE	IMAGE_IMPORT_BY_NAME
00571544	PLATE	IMAGE_IMPORT_BY_NAME
00571558	PLATE	IMAGE_IMPORT_BY_NAME
00571566	PLATE	IMAGE_IMPORT_BY_NAME
00571572	PLATE	IMAGE_IMPORT_BY_NAME
00571584	PLATE	IMAGE_IMPORT_BY_NAME
00571592	PLATE	IMAGE_IMPORT_BY_NAME
005715a4	PLATE	IMAGE_IMPORT_BY_NAME
005715b0	PLATE	IMAGE_IMPORT_BY_NAME
005715c8	PLATE	IMAGE_IMPORT_BY_NAME
005715d4	PLATE	IMAGE_IMPORT_BY_NAME
005715e0	PLATE	IMAGE_IMPORT_BY_NAME
005715ec	PLATE	IMAGE_IMPORT_BY_NAME
005715fa	PLATE	IMAGE_IMPORT_BY_NAME
0057160e	PLATE	IMAGE_IMPORT_BY_NAME
0057161a	PLATE	IMAGE_IMPORT_BY_NAME
0057162e	PLATE	IMAGE_IMPORT_DESCRIPTOR - DLL NAME
0057163a	PLATE	IMAGE_IMPORT_BY_NAME
00571650	PLATE	IMAGE_IMPORT_BY_NAME
00571664	PLATE	IMAGE_IMPORT_BY_NAME
00571674	PLATE	IMAGE_IMPORT_BY_NAME
00571686	PLATE	IMAGE_IMPORT_BY_NAME
0057169c	PLATE	IMAGE_IMPORT_BY_NAME
005716ac	PLATE	IMAGE_IMPORT_BY_NAME
005716bc	PLATE	IMAGE_IMPORT_BY_NAME
005716cc	PLATE	IMAGE_IMPORT_BY_NAME
005716dc	PLATE	IMAGE_IMPORT_BY_NAME
005716f0	PLATE	IMAGE_IMPORT_BY_NAME
005716fc	PLATE	IMAGE_IMPORT_BY_NAME
00571706	PLATE	IMAGE_IMPORT_BY_NAME
00571718	PLATE	IMAGE_IMPORT_BY_NAME
0057172e	PLATE	IMAGE_IMPORT_BY_NAME
0057173e	PLATE	IMAGE_IMPORT_BY_NAME
00571748	PLATE	IMAGE_IMPORT_BY_NAME
00571754	PLATE	IMAGE_IMPORT_BY_NAME
00571762	PLATE	IMAGE_IMPORT_BY_NAME
0057176e	PLATE	IMAGE_IMPORT_BY_NAME
00571782	PLATE	IMAGE_IMPORT_BY_NAME
0057178e	PLATE	IMAGE_IMPORT_DESCRIPTOR - DLL NAME
00571798	PLATE	IMAGE_IMPORT_BY_NAME
005717ac	PLATE	IMAGE_IMPORT_DESCRIPTOR - DLL NAME
005717b8	PLATE	IMAGE_IMPORT_BY_NAME
005717c4	PLATE	IMAGE_IMPORT_BY_NAME
005717d8	PLATE	IMAGE_IMPORT_BY_NAME
005717ee	PLATE	IMAGE_IMPORT_BY_NAME
00571802	PLATE	IMAGE_IMPORT_BY_NAME
0057181a	PLATE	IMAGE_IMPORT_BY_NAME
00571828	PLATE	IMAGE_IMPORT_BY_NAME
00571836	PLATE	IMAGE_IMPORT_BY_NAME
0057184c	PLATE	IMAGE_IMPORT_BY_NAME
00571860	PLATE	IMAGE_IMPORT_BY_NAME
00571872	PLATE	IMAGE_IMPORT_BY_NAME
0057187e	PLATE	IMAGE_IMPORT_BY_NAME
0057188e	PLATE	IMAGE_IMPORT_BY_NAME
005718a2	PLATE	IMAGE_IMPORT_BY_NAME
005718b6	PLATE	IMAGE_IMPORT_BY_NAME
005718d0	PLATE	IMAGE_IMPORT_BY_NAME
005718dc	PLATE	IMAGE_IMPORT_BY_NAME
005718ee	PLATE	IMAGE_IMPORT_BY_NAME
005718fe	PLATE	IMAGE_IMPORT_BY_NAME
00571914	PLATE	IMAGE_IMPORT_BY_NAME
00571922	PLATE	IMAGE_IMPORT_BY_NAME
00571938	PLATE	IMAGE_IMPORT_BY_NAME
00571946	PLATE	IMAGE_IMPORT_BY_NAME
00571960	PLATE	IMAGE_IMPORT_BY_NAME
00571976	PLATE	IMAGE_IMPORT_BY_NAME
00571982	PLATE	IMAGE_IMPORT_BY_NAME
00571994	PLATE	IMAGE_IMPORT_BY_NAME
005719a4	PLATE	IMAGE_IMPORT_BY_NAME
005719b2	PLATE	IMAGE_IMPORT_BY_NAME
005719c4	PLATE	IMAGE_IMPORT_BY_NAME
005719d4	PLATE	IMAGE_IMPORT_BY_NAME
005719e4	PLATE	IMAGE_IMPORT_BY_NAME
005719ec	PLATE	IMAGE_IMPORT_BY_NAME
005719f6	PLATE	IMAGE_IMPORT_BY_NAME
00571a00	PLATE	IMAGE_IMPORT_BY_NAME
00571a08	PLATE	IMAGE_IMPORT_DESCRIPTOR - DLL NAME
00571a16	PLATE	IMAGE_IMPORT_DESCRIPTOR - DLL NAME
00571a22	PLATE	IMAGE_IMPORT_BY_NAME
00571a32	PLATE	IMAGE_IMPORT_BY_NAME
00571a46	PLATE	IMAGE_IMPORT_BY_NAME
00571a56	PLATE	IMAGE_IMPORT_BY_NAME
00571a6c	PLATE	IMAGE_IMPORT_BY_NAME
00571a7c	PLATE	IMAGE_IMPORT_BY_NAME
00571a8c	PLATE	IMAGE_IMPORT_BY_NAME
00571a9a	PLATE	IMAGE_IMPORT_BY_NAME
00571ab6	PLATE	IMAGE_IMPORT_BY_NAME
00571ad0	PLATE	IMAGE_IMPORT_BY_NAME
00571adc	PLATE	IMAGE_IMPORT_BY_NAME
00571ae8	PLATE	IMAGE_IMPORT_BY_NAME
00571afa	PLATE	IMAGE_IMPORT_BY_NAME
00571b06	PLATE	IMAGE_IMPORT_BY_NAME
00571b1c	PLATE	IMAGE_IMPORT_BY_NAME
00571b2c	PLATE	IMAGE_IMPORT_BY_NAME
00571b3e	PLATE	IMAGE_IMPORT_BY_NAME
00571b56	PLATE	IMAGE_IMPORT_BY_NAME
00571b6e	PLATE	IMAGE_IMPORT_BY_NAME
00571b7c	PLATE	IMAGE_IMPORT_BY_NAME
00571b8a	PLATE	IMAGE_IMPORT_BY_NAME
00571b98	PLATE	IMAGE_IMPORT_BY_NAME
00571ba4	PLATE	IMAGE_IMPORT_BY_NAME
00571bb6	PLATE	IMAGE_IMPORT_BY_NAME
00571bc8	PLATE	IMAGE_IMPORT_BY_NAME
00571be2	PLATE	IMAGE_IMPORT_BY_NAME
00571bfa	PLATE	IMAGE_IMPORT_BY_NAME
00571c12	PLATE	IMAGE_IMPORT_BY_NAME
00571c22	PLATE	IMAGE_IMPORT_BY_NAME
00571c36	PLATE	IMAGE_IMPORT_BY_NAME
00571c4c	PLATE	IMAGE_IMPORT_BY_NAME
00571c5e	PLATE	IMAGE_IMPORT_BY_NAME
00571c76	PLATE	IMAGE_IMPORT_BY_NAME
00571c94	PLATE	IMAGE_IMPORT_BY_NAME
00571ca4	PLATE	IMAGE_IMPORT_BY_NAME
00571cb2	PLATE	IMAGE_IMPORT_BY_NAME
00571cbe	PLATE	IMAGE_IMPORT_BY_NAME
00571cd2	PLATE	IMAGE_IMPORT_BY_NAME
00571ce6	PLATE	IMAGE_IMPORT_BY_NAME
00571d02	PLATE	IMAGE_IMPORT_BY_NAME
00571d20	PLATE	IMAGE_IMPORT_BY_NAME
00571d34	PLATE	IMAGE_IMPORT_BY_NAME
00571d46	PLATE	IMAGE_IMPORT_BY_NAME
00571d54	PLATE	IMAGE_IMPORT_BY_NAME
00571d60	PLATE	IMAGE_IMPORT_BY_NAME
00571d6e	PLATE	IMAGE_IMPORT_BY_NAME
00571d78	PLATE	IMAGE_IMPORT_BY_NAME
00571d90	PLATE	IMAGE_IMPORT_BY_NAME
00571da0	PLATE	IMAGE_IMPORT_BY_NAME
00571db8	PLATE	IMAGE_IMPORT_BY_NAME
00571dc8	PLATE	IMAGE_IMPORT_BY_NAME
00571dd6	PLATE	IMAGE_IMPORT_BY_NAME
00571de4	PLATE	IMAGE_IMPORT_BY_NAME
00571df2	PLATE	IMAGE_IMPORT_BY_NAME
00571e0a	PLATE	IMAGE_IMPORT_BY_NAME
00571e1a	PLATE	IMAGE_IMPORT_BY_NAME
00571e26	PLATE	IMAGE_IMPORT_BY_NAME
00571e30	PLATE	IMAGE_IMPORT_BY_NAME
00571e3c	PLATE	IMAGE_IMPORT_BY_NAME
00571e4c	PLATE	IMAGE_IMPORT_BY_NAME
00571e62	PLATE	IMAGE_IMPORT_BY_NAME
00571e72	PLATE	IMAGE_IMPORT_BY_NAME
00571e84	PLATE	IMAGE_IMPORT_BY_NAME
00571e94	PLATE	IMAGE_IMPORT_BY_NAME
00571ea6	PLATE	IMAGE_IMPORT_BY_NAME
00571ec2	PLATE	IMAGE_IMPORT_BY_NAME
00571edc	PLATE	IMAGE_IMPORT_BY_NAME
00571ee8	PLATE	IMAGE_IMPORT_BY_NAME
00571efc	PLATE	IMAGE_IMPORT_BY_NAME
00571f16	PLATE	IMAGE_IMPORT_BY_NAME
00571f30	PLATE	IMAGE_IMPORT_BY_NAME
00571f48	PLATE	IMAGE_IMPORT_BY_NAME
00571f62	PLATE	IMAGE_IMPORT_BY_NAME
00571f7c	PLATE	IMAGE_IMPORT_BY_NAME
00571f8c	PLATE	IMAGE_IMPORT_BY_NAME
00571f9c	PLATE	IMAGE_IMPORT_BY_NAME
00571fae	PLATE	IMAGE_IMPORT_BY_NAME
00571fc0	PLATE	IMAGE_IMPORT_BY_NAME
00571fd2	PLATE	IMAGE_IMPORT_BY_NAME
00571fe2	PLATE	IMAGE_IMPORT_BY_NAME
00571ff8	PLATE	IMAGE_IMPORT_BY_NAME
00572008	PLATE	IMAGE_IMPORT_BY_NAME
0057201a	PLATE	IMAGE_IMPORT_BY_NAME
0057202c	PLATE	IMAGE_IMPORT_BY_NAME
0057203c	PLATE	IMAGE_IMPORT_BY_NAME
00572052	PLATE	IMAGE_IMPORT_BY_NAME
00572064	PLATE	IMAGE_IMPORT_BY_NAME
00572078	PLATE	IMAGE_IMPORT_BY_NAME
00572088	PLATE	IMAGE_IMPORT_BY_NAME
00573008	PRE	KISS FFT preferred radix sequence.
00573078	PLATE	class Entity RTTI Type Descriptor
00573080	EOL	TypeDescriptor.name
005730a8	PLATE	class Vehicle_Model RTTI Type Descriptor
005730b0	EOL	TypeDescriptor.name
00573670	EOL	Pointer table of sound names used by id/name conversion.
00573878	EOL	4x4 child-order permutation table for near-first spatial traversal.
005738c4	PLATE	class Vehicle_Instance RTTI Type Descriptor
005738cc	EOL	TypeDescriptor.name
005738e4	PLATE	class Medic_Model RTTI Type Descriptor
005738ec	EOL	TypeDescriptor.name
00573900	PLATE	class Medic_Vehicle RTTI Type Descriptor
00573908	EOL	TypeDescriptor.name
0057391c	PLATE	class Tank_Model RTTI Type Descriptor
00573924	EOL	TypeDescriptor.name
00573938	PLATE	class Tank_Vehicle RTTI Type Descriptor
00573940	EOL	TypeDescriptor.name
005739b8	PLATE	class Bomber_Model RTTI Type Descriptor
005739c0	EOL	TypeDescriptor.name
00573dd8	PLATE	class Core_Time RTTI Type Descriptor
00573de0	EOL	TypeDescriptor.name
00573df0	PLATE	class WULF_Time RTTI Type Descriptor
00573df8	EOL	TypeDescriptor.name
00573e08	PLATE	struct Out_History RTTI Type Descriptor
00573e10	EOL	TypeDescriptor.name
00573e24	PLATE	struct Service_Layer_Event RTTI Type Descriptor
00573e2c	EOL	TypeDescriptor.name
00573e60	PLATE	class type_info RTTI Type Descriptor
00573e68	EOL	TypeDescriptor.name
00573e7c	PLATE	class std::bad_alloc RTTI Type Descriptor
00573e84	EOL	TypeDescriptor.name
00573e98	PLATE	class std::exception RTTI Type Descriptor
00573ea0	EOL	TypeDescriptor.name
00574f6c	PLATE	class std::bad_exception RTTI Type Descriptor
00574f74	EOL	TypeDescriptor.name
00575c18	PLATE	class CSN_HTTP RTTI Type Descriptor
00575c20	EOL	TypeDescriptor.name
00575c30	PLATE	class CSN RTTI Type Descriptor
00575c38	EOL	TypeDescriptor.name
005768c0	PLATE	class Scrolling_List_Item RTTI Type Descriptor
005768c8	EOL	TypeDescriptor.name
005768e4	PLATE	class Tex_Entry RTTI Type Descriptor
005768ec	EOL	TypeDescriptor.name
005b83f5	EOL	Nonzero suppresses sleep/wake checks.
005b8408	EOL	Current simulation frame/tick stored in sleep snapshots.
005b89a8	PLATE	struct piecewiser RTTI Type Descriptor
005b89b0	EOL	TypeDescriptor.name
005b89c4	PLATE	struct auto_table_viewer RTTI Type Descriptor
005b89cc	EOL	TypeDescriptor.name
005b89e4	PLATE	struct param_widget RTTI Type Descriptor
005b89ec	EOL	TypeDescriptor.name
005b8a00	PLATE	class Input_Widget RTTI Type Descriptor
005b8a08	EOL	TypeDescriptor.name
005b8a1c	PLATE	struct chooser_widget RTTI Type Descriptor
005b8a24	EOL	TypeDescriptor.name
005b8a3c	PLATE	struct view_widget RTTI Type Descriptor
005b8a44	EOL	TypeDescriptor.name
005b8a58	PLATE	class Bitmap_When_Lit_Item RTTI Type Descriptor
005b8a60	EOL	TypeDescriptor.name
005b8a7c	PLATE	class Inviso_Item RTTI Type Descriptor
005b8a84	EOL	TypeDescriptor.name
005b8a98	PLATE	class Unit_Item RTTI Type Descriptor
005b8aa0	EOL	TypeDescriptor.name
005b8ab0	PLATE	class Text_Item RTTI Type Descriptor
005b8ab8	EOL	TypeDescriptor.name
005b8ac8	PLATE	class Pad_Widget RTTI Type Descriptor
005b8ad0	EOL	TypeDescriptor.name
005b8ae4	PLATE	class Gray_Button RTTI Type Descriptor
005b8aec	EOL	TypeDescriptor.name
005b8b00	PLATE	class Entry_Item RTTI Type Descriptor
005b8b08	EOL	TypeDescriptor.name
005b8b1c	PLATE	class Label_Item RTTI Type Descriptor
005b8b24	EOL	TypeDescriptor.name
005b8b38	PLATE	class Docview_Frame RTTI Type Descriptor
005b8b40	EOL	TypeDescriptor.name
005b8b54	PLATE	class Convex_Button RTTI Type Descriptor
005b8b5c	EOL	TypeDescriptor.name
005b8b90	PLATE	class Texture_Cache RTTI Type Descriptor
005b8b98	EOL	TypeDescriptor.name
005b8bb0	PLATE	class Device_Axis RTTI Type Descriptor
005b8bb8	EOL	TypeDescriptor.name
005b8bcc	PLATE	struct DGW RTTI Type Descriptor
005b8bd4	EOL	TypeDescriptor.name
005b8be0	PLATE	class Shape_Entry RTTI Type Descriptor
005b8be8	EOL	TypeDescriptor.name
005b8bfc	PLATE	class Major_Mode RTTI Type Descriptor
005b8c04	EOL	TypeDescriptor.name
005b8c18	PLATE	class Objedit_Mode RTTI Type Descriptor
005b8c20	EOL	TypeDescriptor.name
005b8c34	PLATE	class Overlay RTTI Type Descriptor
005b8c3c	EOL	TypeDescriptor.name
005b8c4c	PLATE	class Debug_Output RTTI Type Descriptor
005b8c54	EOL	TypeDescriptor.name
005b8c68	PLATE	class Scrollbar RTTI Type Descriptor
005b8c70	EOL	TypeDescriptor.name
005b8c80	PLATE	class Package_Unstructured RTTI Type Descriptor
005b8c88	EOL	TypeDescriptor.name
005b8ca4	PLATE	class Package_TB RTTI Type Descriptor
005b8cac	EOL	TypeDescriptor.name
005b8cc0	PLATE	class Package_LR RTTI Type Descriptor
005b8cc8	EOL	TypeDescriptor.name
005b8cdc	PLATE	class Empty_Mode RTTI Type Descriptor
005b8ce4	EOL	TypeDescriptor.name
005b8cf8	PLATE	struct Timed_Event RTTI Type Descriptor
005b8d00	EOL	TypeDescriptor.name
005b8d14	PLATE	struct Switch_Screen RTTI Type Descriptor
005b8d1c	EOL	TypeDescriptor.name
005b8d30	PLATE	class Map_Widget RTTI Type Descriptor
005b8d38	EOL	TypeDescriptor.name
005b8d4c	PLATE	class Frame RTTI Type Descriptor
005b8d54	EOL	TypeDescriptor.name
005b8d60	PLATE	class Chunk RTTI Type Descriptor
005b8d68	EOL	TypeDescriptor.name
005b8d74	PLATE	class Glowy_Chunk RTTI Type Descriptor
005b8d7c	EOL	TypeDescriptor.name
005b8d90	PLATE	class Chunk_Generator RTTI Type Descriptor
005b8d98	EOL	TypeDescriptor.name
005b8db0	PLATE	class Glowy_Chunk_Generator RTTI Type Descriptor
005b8db8	EOL	TypeDescriptor.name
005b8dd4	PLATE	class Multigraph RTTI Type Descriptor
005b8ddc	EOL	TypeDescriptor.name
005b8df0	PLATE	class Timegraph_Widget RTTI Type Descriptor
005b8df8	EOL	TypeDescriptor.name
005b8e10	PLATE	class Histogram_Widget RTTI Type Descriptor
005b8e18	EOL	TypeDescriptor.name
005b8e30	PLATE	class Meter RTTI Type Descriptor
005b8e38	EOL	TypeDescriptor.name
005b8e44	PLATE	class Document_Viewer RTTI Type Descriptor
005b8e4c	EOL	TypeDescriptor.name
005b8e64	PLATE	class Not_Allowed_Document_Viewer RTTI Type Descriptor
005b8e6c	EOL	TypeDescriptor.name
005b8e90	PLATE	class Not_Yet_Implemented_Widget RTTI Type Descriptor
005b8e98	EOL	TypeDescriptor.name
005b8ebc	PLATE	class Sel_Widget RTTI Type Descriptor
005b8ec4	EOL	TypeDescriptor.name
005b8ed8	PLATE	class Base_Widget RTTI Type Descriptor
005b8ee0	EOL	TypeDescriptor.name
005b8ef4	PLATE	class Info_Widget RTTI Type Descriptor
005b8efc	EOL	TypeDescriptor.name
005b8f10	PLATE	class Joystick_Device_Axis RTTI Type Descriptor
005b8f18	EOL	TypeDescriptor.name
005b8f34	PLATE	class Joymap_Widget RTTI Type Descriptor
005b8f3c	EOL	TypeDescriptor.name
005b8f50	PLATE	struct delete_node RTTI Type Descriptor
005b8f58	EOL	TypeDescriptor.name
005b8f6c	PLATE	struct hide_node RTTI Type Descriptor
005b8f74	EOL	TypeDescriptor.name
005b8f84	PLATE	class Menu RTTI Type Descriptor
005b8f8c	EOL	TypeDescriptor.name
005b8f98	PLATE	class Vehicle_Client RTTI Type Descriptor
005b8fa0	EOL	TypeDescriptor.name
005b8fb8	PLATE	class Medic_Client RTTI Type Descriptor
005b8fc0	EOL	TypeDescriptor.name
005b8fd4	PLATE	class Mouse_Device_Axis RTTI Type Descriptor
005b8fdc	EOL	TypeDescriptor.name
005b9000	PLATE	class Piecewise_Viewer RTTI Type Descriptor
005b9008	EOL	TypeDescriptor.name
005b9020	PLATE	class Comm_Entry RTTI Type Descriptor
005b9028	EOL	TypeDescriptor.name
005b903c	PLATE	class Sound_Player RTTI Type Descriptor
005b9044	EOL	TypeDescriptor.name
005b905c	PLATE	class Sound_fmod RTTI Type Descriptor
005b9064	EOL	TypeDescriptor.name
005b9078	PLATE	class Table_Widget RTTI Type Descriptor
005b9080	EOL	TypeDescriptor.name
005b9094	PLATE	class Tank_Client RTTI Type Descriptor
005b909c	EOL	TypeDescriptor.name
005b90b0	PLATE	class Team_Selection_Box RTTI Type Descriptor
005b90b8	EOL	TypeDescriptor.name
005b90d4	PLATE	class Pad_Chunk RTTI Type Descriptor
005b90dc	EOL	TypeDescriptor.name
005b90ec	PLATE	class Tgen_Disk RTTI Type Descriptor
005b90f4	EOL	TypeDescriptor.name
005b9104	PLATE	class Texture_Generator RTTI Type Descriptor
005b910c	EOL	TypeDescriptor.name
005b9124	PLATE	class Tgen_Mandelbrot RTTI Type Descriptor
005b912c	EOL	TypeDescriptor.name
005b9144	PLATE	class Tgen_Lightmap RTTI Type Descriptor
005b914c	EOL	TypeDescriptor.name
005b9160	PLATE	class Tgen_Scape_Region RTTI Type Descriptor
005b9168	EOL	TypeDescriptor.name
005b9180	PLATE	class Tgen_Unit_Tile RTTI Type Descriptor
005b9188	EOL	TypeDescriptor.name
005b91a0	PLATE	class Axis_Thermo RTTI Type Descriptor
005b91a8	EOL	TypeDescriptor.name
005b91bc	PLATE	class Integer_Thermo RTTI Type Descriptor
005b91c4	EOL	TypeDescriptor.name
005b91dc	PLATE	class Word_Thermo RTTI Type Descriptor
005b91e4	EOL	TypeDescriptor.name
005b91f8	PLATE	class Thermo RTTI Type Descriptor
005b9200	EOL	TypeDescriptor.name
005b9210	PLATE	class Base_Thermo RTTI Type Descriptor
005b9218	EOL	TypeDescriptor.name
005b922c	PLATE	class Input_Catcher RTTI Type Descriptor
005b9234	EOL	TypeDescriptor.name
005b9248	PLATE	class Undo_Stack RTTI Type Descriptor
005b9250	EOL	TypeDescriptor.name
005b9264	PLATE	class UI_Capture_Keys RTTI Type Descriptor
005b926c	EOL	TypeDescriptor.name
005b9284	PLATE	class Viewer RTTI Type Descriptor
005b928c	EOL	TypeDescriptor.name
005b929c	PLATE	class Text_Entry RTTI Type Descriptor
005b92a4	EOL	TypeDescriptor.name
005b92b8	PLATE	class Dialogue_Box RTTI Type Descriptor
005b92c0	EOL	TypeDescriptor.name
005b92d4	PLATE	class Convex_Button_Box RTTI Type Descriptor
005b92dc	EOL	TypeDescriptor.name
005b92f4	PLATE	class Button_Box RTTI Type Descriptor
005b92fc	EOL	TypeDescriptor.name
005b9310	PLATE	class Single_Button RTTI Type Descriptor
005b9318	EOL	TypeDescriptor.name
005b932c	PLATE	class Button_Bar_Item RTTI Type Descriptor
005b9334	EOL	TypeDescriptor.name
005b934c	PLATE	class Button_Bar RTTI Type Descriptor
005b9354	EOL	TypeDescriptor.name
005b9368	PLATE	class BBar RTTI Type Descriptor
005b9370	EOL	TypeDescriptor.name
005b937c	PLATE	class Bar_Item RTTI Type Descriptor
005b9384	EOL	TypeDescriptor.name
005b9394	PLATE	class Fade_Text RTTI Type Descriptor
005b939c	EOL	TypeDescriptor.name
005b93ac	PLATE	class Glow_Text RTTI Type Descriptor
005b93b4	EOL	TypeDescriptor.name
005b93c4	PLATE	class Winsys_Detector RTTI Type Descriptor
005b93cc	EOL	TypeDescriptor.name
005b93e4	PLATE	class Winsys_D3D_Detector RTTI Type Descriptor
005b93ec	EOL	TypeDescriptor.name
005b9408	PLATE	class Winsys RTTI Type Descriptor
005b9410	EOL	TypeDescriptor.name
005b9420	PLATE	class Winsys_D3D RTTI Type Descriptor
005b9428	EOL	TypeDescriptor.name
005b9440	PLATE	class Winsys_DX_Detector RTTI Type Descriptor
005b9448	EOL	TypeDescriptor.name
005b9464	PLATE	class Winsys_DX RTTI Type Descriptor
005b946c	EOL	TypeDescriptor.name
005b947c	PLATE	class Winsys_GDI_Detector RTTI Type Descriptor
005b9484	EOL	TypeDescriptor.name
005b94a0	PLATE	class Winsys_GDI RTTI Type Descriptor
005b94a8	EOL	TypeDescriptor.name
005b94bc	PLATE	class Winsys_DLL_Detector RTTI Type Descriptor
005b94c4	EOL	TypeDescriptor.name
005ba088	EOL	Attach-type timing/threshold table used before choosing an FX id.
005c4198	EOL	Root spatial node pointer used by entity world tracing.
005c4258	EOL	Shared scratch buffer for command/config token parsing.
005d4e04	EOL	Entity pointer/id skipped during active world trace.
005d4e08	EOL	Pointer to active trace start vector.
005d4e0c	EOL	Pointer to active trace end vector.
005d4e10	EOL	Cached 2D segment line coefficient A.
005d4e14	EOL	Cached 2D segment line coefficient B.
005d4e18	EOL	Cached 2D segment line constant C.
005d4e1c	EOL	Output hit-record pointer for the active world trace.
005d5238	EOL	Rotating cursor used to vary contact resolution order.
005d5ed4	EOL	Base of cached 0x30-byte collision contact records.
005d5ed8	EOL	Number of cached contacts to scan or resolve.
00686164	PLATE	Rsrc_Icon_1_409 Size of resource: 0x2e8 bytes
0068644c	PLATE	Rsrc_Icon_2_409 Size of resource: 0x128 bytes
00686574	PLATE	Rsrc_Icon_3_409 Size of resource: 0xea8 bytes
0068741c	PLATE	Rsrc_GroupIcon_IDR_MAINFRAME_409 Size of resource: 0x30 bytes
0068744c	PLATE	Rsrc_Manifest_1_409 Size of resource: 0x56 bytes
